Date,Ticker,Open,High,Low,Close,Adj Close,Volume
2019-05-24,CTVA,29.75,32.0,28.5,29.0,26.740297317504883,44000
2019-05-24,CTVA,29.75,32.0,28.5,29.0,26.740297317504883,44000
2019-05-28,CTVA,29.25,30.5,28.51000022888184,28.76499938964844,26.52360343933105,61500
2019-05-28,CTVA,29.25,30.5,28.51000022888184,28.76499938964844,26.52360343933105,61500
2019-05-29,CTVA,29.899999618530277,29.899999618530277,27.65999984741211,28.5,26.279258728027344,207800
2019-05-29,CTVA,29.899999618530277,29.899999618530277,27.65999984741211,28.5,26.279258728027344,207800
2019-05-30,CTVA,28.989999771118164,29.15999984741211,28.21999931335449,28.799999237060547,26.55587577819824,666000
2019-05-30,CTVA,28.989999771118164,29.15999984741211,28.21999931335449,28.799999237060547,26.55587577819824,666000
2019-05-31,CTVA,28.5,28.59000015258789,26.96999931335449,26.96999931335449,24.86847496032715,853800
2019-05-31,CTVA,28.5,28.59000015258789,26.96999931335449,26.96999931335449,24.86847496032715,853800
2019-06-03,CTVA,26.540000915527344,27.0,24.3700008392334,24.809999465942383,22.87677764892578,19259600
2019-06-03,CTVA,26.540000915527344,27.0,24.3700008392334,24.809999465942383,22.87677764892578,19259600
2019-06-04,CTVA,24.350000381469727,27.940000534057617,24.350000381469727,27.75,25.587696075439453,20135100
2019-06-04,CTVA,24.350000381469727,27.940000534057617,24.350000381469727,27.75,25.587696075439453,20135100
2019-06-05,CTVA,27.540000915527344,28.21999931335449,26.459999084472656,28.01000022888184,25.827436447143555,10740200
2019-06-05,CTVA,27.540000915527344,28.21999931335449,26.459999084472656,28.01000022888184,25.827436447143555,10740200
2019-06-06,CTVA,27.690000534057617,27.690000534057617,26.229999542236328,26.899999618530277,24.803924560546875,13986100
2019-06-06,CTVA,27.690000534057617,27.690000534057617,26.229999542236328,26.899999618530277,24.803924560546875,13986100
2019-06-07,CTVA,26.170000076293945,26.93000030517578,25.71500015258789,26.309999465942383,24.25989532470703,10049100
2019-06-07,CTVA,26.170000076293945,26.93000030517578,25.71500015258789,26.309999465942383,24.25989532470703,10049100
2019-06-10,CTVA,26.06999969482422,26.739999771118164,25.1200008392334,25.309999465942383,23.33782196044922,10247200
2019-06-10,CTVA,26.06999969482422,26.739999771118164,25.1200008392334,25.309999465942383,23.33782196044922,10247200
2019-06-11,CTVA,25.01000022888184,25.36000061035156,24.530000686645508,24.950000762939453,23.005874633789062,11641200
2019-06-11,CTVA,25.01000022888184,25.36000061035156,24.530000686645508,24.950000762939453,23.005874633789062,11641200
2019-06-12,CTVA,25.11000061035156,25.450000762939453,24.479999542236328,25.06999969482422,23.11651992797852,13392000
2019-06-12,CTVA,25.11000061035156,25.450000762939453,24.479999542236328,25.06999969482422,23.11651992797852,13392000
2019-06-13,CTVA,25.059999465942383,25.190000534057617,24.700000762939453,24.96999931335449,23.024316787719727,9710800
2019-06-13,CTVA,25.059999465942383,25.190000534057617,24.700000762939453,24.96999931335449,23.024316787719727,9710800
2019-06-14,CTVA,24.76000022888184,25.239999771118164,24.549999237060547,25.190000534057617,23.227174758911133,7036800
2019-06-14,CTVA,24.76000022888184,25.239999771118164,24.549999237060547,25.190000534057617,23.227174758911133,7036800
2019-06-17,CTVA,25.530000686645508,26.899999618530277,25.450000762939453,25.950000762939453,23.927955627441406,13710100
2019-06-17,CTVA,25.530000686645508,26.899999618530277,25.450000762939453,25.950000762939453,23.927955627441406,13710100
2019-06-18,CTVA,26.030000686645508,27.56999969482422,25.75,27.299999237060547,25.172760009765625,14485400
2019-06-18,CTVA,26.030000686645508,27.56999969482422,25.75,27.299999237060547,25.172760009765625,14485400
2019-06-19,CTVA,27.479999542236328,27.479999542236328,26.8700008392334,27.149999618530277,25.034446716308597,10228800
2019-06-19,CTVA,27.479999542236328,27.479999542236328,26.8700008392334,27.149999618530277,25.034446716308597,10228800
2019-06-20,CTVA,27.3700008392334,27.600000381469727,26.420000076293945,27.15999984741211,25.043664932250977,7728000
2019-06-20,CTVA,27.3700008392334,27.600000381469727,26.420000076293945,27.15999984741211,25.043664932250977,7728000
2019-06-21,CTVA,26.8700008392334,27.709999084472656,26.8700008392334,27.209999084472656,25.089771270751957,12548900
2019-06-21,CTVA,26.8700008392334,27.709999084472656,26.8700008392334,27.209999084472656,25.089771270751957,12548900
2019-06-24,CTVA,27.13999938964844,28.450000762939453,27.05299949645996,28.01000022888184,25.827436447143555,6494900
2019-06-24,CTVA,27.13999938964844,28.450000762939453,27.05299949645996,28.01000022888184,25.827436447143555,6494900
2019-06-25,CTVA,28.020000457763672,28.09000015258789,27.479999542236328,27.670000076293945,25.51392936706543,6698600
2019-06-25,CTVA,28.020000457763672,28.09000015258789,27.479999542236328,27.670000076293945,25.51392936706543,6698600
2019-06-26,CTVA,27.93000030517578,29.375,27.850000381469727,29.26000022888184,26.980037689208984,6735100
2019-06-26,CTVA,27.93000030517578,29.375,27.850000381469727,29.26000022888184,26.980037689208984,6735100
2019-06-27,CTVA,29.3799991607666,30.32999992370605,29.26000022888184,29.56999969482422,27.26587677001953,5879600
2019-06-27,CTVA,29.3799991607666,30.32999992370605,29.26000022888184,29.56999969482422,27.26587677001953,5879600
2019-06-28,CTVA,29.600000381469727,29.75,29.26000022888184,29.56999969482422,27.26587677001953,15517800
2019-06-28,CTVA,29.600000381469727,29.75,29.26000022888184,29.56999969482422,27.26587677001953,15517800
2019-07-01,CTVA,29.57999992370605,30.75,28.950000762939453,29.68000030517578,27.367307662963867,5272900
2019-07-01,CTVA,29.57999992370605,30.75,28.950000762939453,29.68000030517578,27.367307662963867,5272900
2019-07-02,CTVA,29.5,29.600000381469727,28.13999938964844,28.989999771118164,26.7310733795166,5438300
2019-07-02,CTVA,29.5,29.600000381469727,28.13999938964844,28.989999771118164,26.7310733795166,5438300
2019-07-03,CTVA,28.780000686645508,28.899999618530277,28.200000762939453,28.799999237060547,26.55587577819824,2234900
2019-07-03,CTVA,28.780000686645508,28.899999618530277,28.200000762939453,28.799999237060547,26.55587577819824,2234900
2019-07-05,CTVA,28.450000762939453,29.31999969482422,28.26000022888184,28.63999938964844,26.408344268798828,2888200
2019-07-05,CTVA,28.450000762939453,29.31999969482422,28.26000022888184,28.63999938964844,26.408344268798828,2888200
2019-07-08,CTVA,28.38999938964844,28.38999938964844,27.63999938964844,27.770000457763672,25.606136322021484,3478600
2019-07-08,CTVA,28.38999938964844,28.38999938964844,27.63999938964844,27.770000457763672,25.606136322021484,3478600
2019-07-09,CTVA,27.46999931335449,27.770000457763672,26.82999992370605,26.989999771118164,24.886919021606445,5285700
2019-07-09,CTVA,27.46999931335449,27.770000457763672,26.82999992370605,26.989999771118164,24.886919021606445,5285700
2019-07-10,CTVA,26.809999465942383,27.0,26.440000534057617,26.5,24.435094833374023,5133700
2019-07-10,CTVA,26.809999465942383,27.0,26.440000534057617,26.5,24.435094833374023,5133700
2019-07-11,CTVA,26.549999237060547,26.799999237060547,25.959999084472656,26.43000030517578,24.370546340942383,6066200
2019-07-11,CTVA,26.549999237060547,26.799999237060547,25.959999084472656,26.43000030517578,24.370546340942383,6066200
2019-07-12,CTVA,26.420000076293945,27.729999542236328,26.26000022888184,27.600000381469727,25.449382781982425,5154500
2019-07-12,CTVA,26.420000076293945,27.729999542236328,26.26000022888184,27.600000381469727,25.449382781982425,5154500
2019-07-15,CTVA,27.40999984741211,28.270000457763672,27.399999618530277,28.07999992370605,25.89198303222656,3443100
2019-07-15,CTVA,27.40999984741211,28.270000457763672,27.399999618530277,28.07999992370605,25.89198303222656,3443100
2019-07-16,CTVA,27.93000030517578,28.5,27.71500015258789,27.86000061035156,25.68912506103516,3735900
2019-07-16,CTVA,27.93000030517578,28.5,27.71500015258789,27.86000061035156,25.68912506103516,3735900
2019-07-17,CTVA,27.600000381469727,27.709999084472656,26.850000381469727,26.8799991607666,24.78548812866211,3999300
2019-07-17,CTVA,27.600000381469727,27.709999084472656,26.850000381469727,26.8799991607666,24.78548812866211,3999300
2019-07-18,CTVA,26.57999992370605,26.979999542236328,26.413000106811523,26.649999618530277,24.573406219482425,3009800
2019-07-18,CTVA,26.57999992370605,26.979999542236328,26.413000106811523,26.649999618530277,24.573406219482425,3009800
2019-07-19,CTVA,26.790000915527344,27.479999542236328,26.63999938964844,27.38999938964844,25.25574493408203,4694800
2019-07-19,CTVA,26.790000915527344,27.479999542236328,26.63999938964844,27.38999938964844,25.25574493408203,4694800
2019-07-22,CTVA,27.34000015258789,27.850000381469727,27.209999084472656,27.76000022888184,25.59691619873047,2546100
2019-07-22,CTVA,27.34000015258789,27.850000381469727,27.209999084472656,27.76000022888184,25.59691619873047,2546100
2019-07-23,CTVA,27.649999618530277,28.479999542236328,27.450000762939453,28.1200008392334,25.928865432739254,2921400
2019-07-23,CTVA,27.649999618530277,28.479999542236328,27.450000762939453,28.1200008392334,25.928865432739254,2921400
2019-07-24,CTVA,27.770000457763672,28.520000457763672,27.6299991607666,28.31999969482422,26.113283157348636,2311800
2019-07-24,CTVA,27.770000457763672,28.520000457763672,27.6299991607666,28.31999969482422,26.113283157348636,2311800
2019-07-25,CTVA,28.100000381469727,28.399999618530277,27.75,28.020000457763672,25.836658477783203,3532200
2019-07-25,CTVA,28.100000381469727,28.399999618530277,27.75,28.020000457763672,25.836658477783203,3532200
2019-07-26,CTVA,27.71999931335449,28.524999618530277,27.649999618530277,28.479999542236328,26.260814666748047,3052700
2019-07-26,CTVA,27.71999931335449,28.524999618530277,27.649999618530277,28.479999542236328,26.260814666748047,3052700
2019-07-29,CTVA,28.36000061035156,28.950000762939453,28.31999969482422,28.780000686645508,26.53743553161621,6245200
2019-07-29,CTVA,28.36000061035156,28.950000762939453,28.31999969482422,28.780000686645508,26.53743553161621,6245200
2019-07-30,CTVA,28.0,29.290000915527344,27.799999237060547,29.1299991607666,26.982044219970703,7142300
2019-07-30,CTVA,28.0,29.290000915527344,27.799999237060547,29.1299991607666,26.982044219970703,7142300
2019-07-31,CTVA,29.100000381469727,30.149999618530277,28.709999084472656,29.5,27.32476234436035,7662000
2019-07-31,CTVA,29.100000381469727,30.149999618530277,28.709999084472656,29.5,27.32476234436035,7662000
2019-08-01,CTVA,29.5,32.779998779296875,29.309999465942383,31.25,28.94572257995605,11564200
2019-08-01,CTVA,29.5,32.779998779296875,29.309999465942383,31.25,28.94572257995605,11564200
2019-08-02,CTVA,30.940000534057617,31.540000915527344,30.850000381469727,31.459999084472656,29.14023208618164,7305800
2019-08-02,CTVA,30.940000534057617,31.540000915527344,30.850000381469727,31.459999084472656,29.14023208618164,7305800
2019-08-05,CTVA,30.6299991607666,30.96999931335449,29.63999938964844,29.899999618530277,27.695262908935547,5552500
2019-08-05,CTVA,30.6299991607666,30.96999931335449,29.63999938964844,29.899999618530277,27.695262908935547,5552500
2019-08-06,CTVA,30.059999465942383,30.21999931335449,29.46999931335449,30.049999237060547,27.83420181274414,5355900
2019-08-06,CTVA,30.059999465942383,30.21999931335449,29.46999931335449,30.049999237060547,27.83420181274414,5355900
2019-08-07,CTVA,29.57999992370605,30.82999992370605,29.43000030517578,30.63999938964844,28.38069725036621,4925200
2019-08-07,CTVA,29.57999992370605,30.82999992370605,29.43000030517578,30.63999938964844,28.38069725036621,4925200
2019-08-08,CTVA,30.709999084472656,31.790000915527344,30.670000076293945,31.61000061035156,29.27917861938477,3962600
2019-08-08,CTVA,30.709999084472656,31.790000915527344,30.670000076293945,31.61000061035156,29.27917861938477,3962600
2019-08-09,CTVA,31.940000534057617,32.0,31.21999931335449,31.6299991607666,29.29769515991211,4753200
2019-08-09,CTVA,31.940000534057617,32.0,31.21999931335449,31.6299991607666,29.29769515991211,4753200
2019-08-12,CTVA,31.489999771118164,31.82999992370605,29.51000022888184,29.6299991607666,27.445173263549805,7112500
2019-08-12,CTVA,31.489999771118164,31.82999992370605,29.51000022888184,29.6299991607666,27.445173263549805,7112500
2019-08-13,CTVA,29.32999992370605,30.149999618530277,29.190000534057617,29.600000381469727,27.41738510131836,6855400
2019-08-13,CTVA,29.32999992370605,30.149999618530277,29.190000534057617,29.600000381469727,27.41738510131836,6855400
2019-08-14,CTVA,29.1200008392334,29.36000061035156,28.280000686645508,28.34000015258789,26.25029754638672,4580100
2019-08-14,CTVA,29.1200008392334,29.36000061035156,28.280000686645508,28.34000015258789,26.25029754638672,4580100
2019-08-15,CTVA,28.93000030517578,29.229999542236328,27.93000030517578,28.420000076293945,26.32439422607422,3561600
2019-08-15,CTVA,28.93000030517578,29.229999542236328,27.93000030517578,28.420000076293945,26.32439422607422,3561600
2019-08-16,CTVA,28.690000534057617,30.309999465942383,28.559999465942383,30.239999771118164,28.01019096374512,4285100
2019-08-16,CTVA,28.690000534057617,30.309999465942383,28.559999465942383,30.239999771118164,28.01019096374512,4285100
2019-08-19,CTVA,30.75,30.84000015258789,30.25,30.56999969482422,28.315860748291016,4207300
2019-08-19,CTVA,30.75,30.84000015258789,30.25,30.56999969482422,28.315860748291016,4207300
2019-08-20,CTVA,30.6200008392334,30.68000030517578,30.09000015258789,30.26000022888184,28.02872085571289,3073700
2019-08-20,CTVA,30.6200008392334,30.68000030517578,30.09000015258789,30.26000022888184,28.02872085571289,3073700
2019-08-21,CTVA,30.299999237060547,30.979999542236328,30.280000686645508,30.57999992370605,28.32512092590332,2815400
2019-08-21,CTVA,30.299999237060547,30.979999542236328,30.280000686645508,30.57999992370605,28.32512092590332,2815400
2019-08-22,CTVA,30.780000686645508,30.950000762939453,30.209999084472656,30.290000915527344,28.05651092529297,3351400
2019-08-22,CTVA,30.780000686645508,30.950000762939453,30.209999084472656,30.290000915527344,28.05651092529297,3351400
2019-08-23,CTVA,29.799999237060547,30.15999984741211,28.809999465942383,29.049999237060547,26.907941818237305,3911600
2019-08-23,CTVA,29.799999237060547,30.15999984741211,28.809999465942383,29.049999237060547,26.907941818237305,3911600
2019-08-26,CTVA,29.350000381469727,29.475000381469727,28.670000076293945,29.020000457763672,26.88015365600586,3479800
2019-08-26,CTVA,29.350000381469727,29.475000381469727,28.670000076293945,29.020000457763672,26.88015365600586,3479800
2019-08-27,CTVA,29.149999618530277,29.43000030517578,28.53499984741211,28.729999542236328,26.61153793334961,3528400
2019-08-27,CTVA,29.149999618530277,29.43000030517578,28.53499984741211,28.729999542236328,26.61153793334961,3528400
2019-08-28,CTVA,28.479999542236328,29.530000686645508,28.309999465942383,29.170000076293945,27.01909446716309,5091800
2019-08-28,CTVA,28.479999542236328,29.530000686645508,28.309999465942383,29.170000076293945,27.01909446716309,5091800
2019-08-29,CTVA,29.549999237060547,30.22800064086914,29.520000457763672,29.709999084472656,27.51927375793457,3135600
2019-08-29,CTVA,29.549999237060547,30.22800064086914,29.520000457763672,29.709999084472656,27.51927375793457,3135600
2019-08-30,CTVA,30.0,30.030000686645508,29.26000022888184,29.31999969482422,27.15802955627441,5220200
2019-08-30,CTVA,30.0,30.030000686645508,29.26000022888184,29.31999969482422,27.15802955627441,5220200
2019-09-03,CTVA,28.989999771118164,29.100000381469727,28.0,28.229999542236328,26.14840507507324,3279100
2019-09-03,CTVA,28.989999771118164,29.100000381469727,28.0,28.229999542236328,26.14840507507324,3279100
2019-09-04,CTVA,28.6200008392334,28.84000015258789,28.170000076293945,28.43000030517578,26.333660125732425,2962100
2019-09-04,CTVA,28.6200008392334,28.84000015258789,28.170000076293945,28.43000030517578,26.333660125732425,2962100
2019-09-05,CTVA,28.739999771118164,28.989999771118164,27.950000762939453,28.459999084472656,26.361446380615234,4972700
2019-09-05,CTVA,28.739999771118164,28.989999771118164,27.950000762939453,28.459999084472656,26.361446380615234,4972700
2019-09-06,CTVA,28.450000762939453,28.809999465942383,27.88999938964844,28.38999938964844,26.29660987854004,5140000
2019-09-06,CTVA,28.450000762939453,28.809999465942383,27.88999938964844,28.38999938964844,26.29660987854004,5140000
2019-09-09,CTVA,28.350000381469727,28.81999969482422,28.020000457763672,28.75,26.63006591796875,4661000
2019-09-09,CTVA,28.350000381469727,28.81999969482422,28.020000457763672,28.75,26.63006591796875,4661000
2019-09-10,CTVA,28.700000762939453,29.1299991607666,28.13999938964844,28.559999465942383,26.45406913757324,3682900
2019-09-10,CTVA,28.700000762939453,29.1299991607666,28.13999938964844,28.559999465942383,26.45406913757324,3682900
2019-09-11,CTVA,28.5,29.299999237060547,28.11000061035156,29.270000457763672,27.11172103881836,3033600
2019-09-11,CTVA,28.5,29.299999237060547,28.11000061035156,29.270000457763672,27.11172103881836,3033600
2019-09-12,CTVA,29.5,30.09000015258789,28.899999618530277,29.899999618530277,27.695262908935547,7967600
2019-09-12,CTVA,29.5,30.09000015258789,28.899999618530277,29.899999618530277,27.695262908935547,7967600
2019-09-13,CTVA,30.040000915527344,30.350000381469727,29.899999618530277,30.1200008392334,27.899044036865234,4919600
2019-09-13,CTVA,30.040000915527344,30.350000381469727,29.899999618530277,30.1200008392334,27.899044036865234,4919600
2019-09-16,CTVA,30.049999237060547,30.059999465942383,28.84000015258789,29.399999618530277,27.23213195800781,3300700
2019-09-16,CTVA,30.049999237060547,30.059999465942383,28.84000015258789,29.399999618530277,27.23213195800781,3300700
2019-09-17,CTVA,29.31999969482422,29.46999931335449,28.959999084472656,28.979999542236328,26.84310340881348,4118200
2019-09-17,CTVA,29.31999969482422,29.46999931335449,28.959999084472656,28.979999542236328,26.84310340881348,4118200
2019-09-18,CTVA,28.75,29.459999084472656,28.75,29.149999618530277,27.000568389892575,3606000
2019-09-18,CTVA,28.75,29.459999084472656,28.75,29.149999618530277,27.000568389892575,3606000
2019-09-19,CTVA,29.26000022888184,29.709999084472656,29.059999465942383,29.13999938964844,26.991304397583008,3222400
2019-09-19,CTVA,29.26000022888184,29.709999084472656,29.059999465942383,29.13999938964844,26.991304397583008,3222400
2019-09-20,CTVA,29.350000381469727,29.56999969482422,28.850000381469727,28.920000076293945,26.787525177001957,6865000
2019-09-20,CTVA,29.350000381469727,29.56999969482422,28.850000381469727,28.920000076293945,26.787525177001957,6865000
2019-09-23,CTVA,28.63999938964844,29.0,28.44499969482422,28.8799991607666,26.750476837158203,3314300
2019-09-23,CTVA,28.63999938964844,29.0,28.44499969482422,28.8799991607666,26.750476837158203,3314300
2019-09-24,CTVA,28.709999084472656,28.989999771118164,27.961000442504883,28.239999771118164,26.15766716003418,2840500
2019-09-24,CTVA,28.709999084472656,28.989999771118164,27.961000442504883,28.239999771118164,26.15766716003418,2840500
2019-09-25,CTVA,28.21999931335449,28.5,27.770000457763672,28.200000762939453,26.120620727539062,3154200
2019-09-25,CTVA,28.21999931335449,28.5,27.770000457763672,28.200000762939453,26.120620727539062,3154200
2019-09-26,CTVA,28.11000061035156,28.200000762939453,27.489999771118164,27.63999938964844,25.60191535949707,3532100
2019-09-26,CTVA,28.11000061035156,28.200000762939453,27.489999771118164,27.63999938964844,25.60191535949707,3532100
2019-09-27,CTVA,27.549999237060547,28.229999542236328,27.309999465942383,27.799999237060547,25.75010871887207,4534900
2019-09-27,CTVA,27.549999237060547,28.229999542236328,27.309999465942383,27.799999237060547,25.75010871887207,4534900
2019-09-30,CTVA,27.899999618530277,28.350000381469727,27.76000022888184,28.0,25.935365676879883,6245000
2019-09-30,CTVA,27.899999618530277,28.350000381469727,27.76000022888184,28.0,25.935365676879883,6245000
2019-10-01,CTVA,28.030000686645508,28.3799991607666,27.229999542236328,27.549999237060547,25.5185489654541,5843200
2019-10-01,CTVA,28.030000686645508,28.3799991607666,27.229999542236328,27.549999237060547,25.5185489654541,5843200
2019-10-02,CTVA,27.149999618530277,27.670000076293945,26.6200008392334,26.940000534057617,24.953527450561523,5181600
2019-10-02,CTVA,27.149999618530277,27.670000076293945,26.6200008392334,26.940000534057617,24.953527450561523,5181600
2019-10-03,CTVA,26.90999984741211,27.15999984741211,26.51000022888184,26.8799991607666,24.897951126098636,3622400
2019-10-03,CTVA,26.90999984741211,27.15999984741211,26.51000022888184,26.8799991607666,24.897951126098636,3622400
2019-10-04,CTVA,27.0,27.038000106811523,25.801000595092773,25.88999938964844,23.98094940185547,4851400
2019-10-04,CTVA,27.0,27.038000106811523,25.801000595092773,25.88999938964844,23.98094940185547,4851400
2019-10-07,CTVA,26.0,26.46999931335449,25.729999542236328,26.0,24.08283424377441,5474100
2019-10-07,CTVA,26.0,26.46999931335449,25.729999542236328,26.0,24.08283424377441,5474100
2019-10-08,CTVA,25.63999938964844,26.43000030517578,25.59000015258789,26.21999931335449,24.2866153717041,6214200
2019-10-08,CTVA,25.63999938964844,26.43000030517578,25.59000015258789,26.21999931335449,24.2866153717041,6214200
2019-10-09,CTVA,26.790000915527344,26.82999992370605,25.739999771118164,26.170000076293945,24.24030494689941,3916700
2019-10-09,CTVA,26.790000915527344,26.82999992370605,25.739999771118164,26.170000076293945,24.24030494689941,3916700
2019-10-10,CTVA,26.170000076293945,26.71999931335449,25.709999084472656,25.729999542236328,23.832744598388672,3003300
2019-10-10,CTVA,26.170000076293945,26.71999931335449,25.709999084472656,25.729999542236328,23.832744598388672,3003300
2019-10-11,CTVA,26.100000381469727,27.1200008392334,25.989999771118164,26.65999984741211,24.694171905517575,4555600
2019-10-11,CTVA,26.100000381469727,27.1200008392334,25.989999771118164,26.65999984741211,24.694171905517575,4555600
2019-10-14,CTVA,26.399999618530277,26.770000457763672,26.200000762939453,26.32999992370605,24.38850212097168,3064900
2019-10-14,CTVA,26.399999618530277,26.770000457763672,26.200000762939453,26.32999992370605,24.38850212097168,3064900
2019-10-15,CTVA,26.21999931335449,27.09000015258789,26.065000534057617,26.700000762939453,24.731224060058597,3826500
2019-10-15,CTVA,26.21999931335449,27.09000015258789,26.065000534057617,26.700000762939453,24.731224060058597,3826500
2019-10-16,CTVA,26.350000381469727,27.229999542236328,26.290000915527344,26.8700008392334,24.888687133789062,3023500
2019-10-16,CTVA,26.350000381469727,27.229999542236328,26.290000915527344,26.8700008392334,24.888687133789062,3023500
2019-10-17,CTVA,27.049999237060547,27.209999084472656,26.65999984741211,26.770000457763672,24.796062469482425,2196500
2019-10-17,CTVA,27.049999237060547,27.209999084472656,26.65999984741211,26.770000457763672,24.796062469482425,2196500
2019-10-18,CTVA,26.600000381469727,26.63999938964844,25.63999938964844,26.040000915527344,24.119892120361328,4332300
2019-10-18,CTVA,26.600000381469727,26.63999938964844,25.63999938964844,26.040000915527344,24.119892120361328,4332300
2019-10-21,CTVA,26.290000915527344,26.57999992370605,25.43000030517578,25.5,23.619709014892575,3318300
2019-10-21,CTVA,26.290000915527344,26.57999992370605,25.43000030517578,25.5,23.619709014892575,3318300
2019-10-22,CTVA,25.51000022888184,26.049999237060547,25.229999542236328,25.979999542236328,24.06431007385254,4166600
2019-10-22,CTVA,25.51000022888184,26.049999237060547,25.229999542236328,25.979999542236328,24.06431007385254,4166600
2019-10-23,CTVA,25.88999938964844,26.020000457763672,25.21500015258789,25.61000061035156,23.72159576416016,4140000
2019-10-23,CTVA,25.88999938964844,26.020000457763672,25.21500015258789,25.61000061035156,23.72159576416016,4140000
2019-10-24,CTVA,25.6299991607666,26.549999237060547,25.5,26.3700008392334,24.42555809020996,5359700
2019-10-24,CTVA,25.6299991607666,26.549999237060547,25.5,26.3700008392334,24.42555809020996,5359700
2019-10-25,CTVA,26.3700008392334,26.959999084472656,26.239999771118164,26.729999542236328,24.759008407592773,2676900
2019-10-25,CTVA,26.3700008392334,26.959999084472656,26.239999771118164,26.729999542236328,24.759008407592773,2676900
2019-10-28,CTVA,26.790000915527344,27.13999938964844,26.600000381469727,26.770000457763672,24.796062469482425,2943500
2019-10-28,CTVA,26.790000915527344,27.13999938964844,26.600000381469727,26.770000457763672,24.796062469482425,2943500
2019-10-29,CTVA,26.51000022888184,27.239999771118164,26.420000076293945,26.780000686645508,24.805322647094727,2837000
2019-10-29,CTVA,26.51000022888184,27.239999771118164,26.420000076293945,26.780000686645508,24.805322647094727,2837000
2019-10-30,CTVA,27.049999237060547,27.59000015258789,26.90999984741211,27.479999542236328,25.45370864868164,5993500
2019-10-30,CTVA,27.049999237060547,27.59000015258789,26.90999984741211,27.479999542236328,25.45370864868164,5993500
2019-10-31,CTVA,26.5,27.479999542236328,25.25,26.3799991607666,24.43482208251953,7084400
2019-10-31,CTVA,26.5,27.479999542236328,25.25,26.3799991607666,24.43482208251953,7084400
2019-11-01,CTVA,26.18000030517578,26.600000381469727,25.51000022888184,26.18000030517578,24.24956321716309,10081500
2019-11-01,CTVA,26.18000030517578,26.600000381469727,25.51000022888184,26.18000030517578,24.24956321716309,10081500
2019-11-04,CTVA,26.170000076293945,26.420000076293945,25.649999618530277,25.739999771118164,23.84200668334961,8316200
2019-11-04,CTVA,26.170000076293945,26.420000076293945,25.649999618530277,25.739999771118164,23.84200668334961,8316200
2019-11-05,CTVA,25.479999542236328,26.030000686645508,24.76000022888184,25.65999984741211,23.76791000366211,8240500
2019-11-05,CTVA,25.479999542236328,26.030000686645508,24.76000022888184,25.65999984741211,23.76791000366211,8240500
2019-11-06,CTVA,25.81999969482422,26.31999969482422,25.71999931335449,26.1299991607666,24.20325469970703,6560000
2019-11-06,CTVA,25.81999969482422,26.31999969482422,25.71999931335449,26.1299991607666,24.20325469970703,6560000
2019-11-07,CTVA,26.46999931335449,26.479999542236328,26.1200008392334,26.149999618530277,24.221776962280277,4554200
2019-11-07,CTVA,26.46999931335449,26.479999542236328,26.1200008392334,26.149999618530277,24.221776962280277,4554200
2019-11-08,CTVA,26.100000381469727,26.363000869750977,25.90999984741211,26.200000762939453,24.268096923828125,2998800
2019-11-08,CTVA,26.100000381469727,26.363000869750977,25.90999984741211,26.200000762939453,24.268096923828125,2998800
2019-11-11,CTVA,26.040000915527344,26.739999771118164,25.690000534057617,26.739999771118164,24.768274307250977,3258300
2019-11-11,CTVA,26.040000915527344,26.739999771118164,25.690000534057617,26.739999771118164,24.768274307250977,3258300
2019-11-12,CTVA,26.93000030517578,27.239999771118164,26.530000686645508,26.71999931335449,24.74974632263184,4665500
2019-11-12,CTVA,26.93000030517578,27.239999771118164,26.530000686645508,26.71999931335449,24.74974632263184,4665500
2019-11-13,CTVA,26.5,26.540000915527344,25.459999084472656,25.71999931335449,23.823486328125,3759900
2019-11-13,CTVA,26.5,26.540000915527344,25.459999084472656,25.71999931335449,23.823486328125,3759900
2019-11-14,CTVA,25.709999084472656,26.86000061035156,25.709999084472656,26.3799991607666,24.43482208251953,7274500
2019-11-14,CTVA,25.709999084472656,26.86000061035156,25.709999084472656,26.3799991607666,24.43482208251953,7274500
2019-11-15,CTVA,26.56999969482422,26.6200008392334,25.434999465942383,25.479999542236328,23.60118103027344,4788600
2019-11-15,CTVA,26.56999969482422,26.6200008392334,25.434999465942383,25.479999542236328,23.60118103027344,4788600
2019-11-18,CTVA,25.5,25.76499938964844,25.36000061035156,25.479999542236328,23.60118103027344,4656400
2019-11-18,CTVA,25.5,25.76499938964844,25.36000061035156,25.479999542236328,23.60118103027344,4656400
2019-11-19,CTVA,25.549999237060547,25.924999237060547,25.309999465942383,25.700000762939453,23.80496025085449,4135100
2019-11-19,CTVA,25.549999237060547,25.924999237060547,25.309999465942383,25.700000762939453,23.80496025085449,4135100
2019-11-20,CTVA,25.6200008392334,25.700000762939453,24.915000915527344,24.979999542236328,23.13804817199707,4531200
2019-11-20,CTVA,25.6200008392334,25.700000762939453,24.915000915527344,24.979999542236328,23.13804817199707,4531200
2019-11-21,CTVA,24.96999931335449,25.40999984741211,24.93000030517578,25.11000061035156,23.258468627929688,4165700
2019-11-21,CTVA,24.96999931335449,25.40999984741211,24.93000030517578,25.11000061035156,23.258468627929688,4165700
2019-11-22,CTVA,25.030000686645508,25.575000762939453,25.030000686645508,25.540000915527344,23.65675926208496,11212400
2019-11-22,CTVA,25.030000686645508,25.575000762939453,25.030000686645508,25.540000915527344,23.65675926208496,11212400
2019-11-25,CTVA,25.739999771118164,26.11000061035156,25.649999618530277,25.93000030517578,24.018001556396484,6107900
2019-11-25,CTVA,25.739999771118164,26.11000061035156,25.649999618530277,25.93000030517578,24.018001556396484,6107900
2019-11-26,CTVA,25.780000686645508,26.20499992370605,25.700000762939453,25.8799991607666,23.9716854095459,7580900
2019-11-26,CTVA,25.780000686645508,26.20499992370605,25.700000762939453,25.8799991607666,23.9716854095459,7580900
2019-11-27,CTVA,25.770000457763672,26.21999931335449,25.68000030517578,26.049999237060547,24.250965118408203,6745600
2019-11-27,CTVA,25.770000457763672,26.21999931335449,25.68000030517578,26.049999237060547,24.250965118408203,6745600
2019-11-29,CTVA,25.96999931335449,26.07999992370605,25.549999237060547,26.020000457763672,24.223041534423828,8233100
2019-11-29,CTVA,25.96999931335449,26.07999992370605,25.549999237060547,26.020000457763672,24.223041534423828,8233100
2019-12-02,CTVA,26.030000686645508,26.13999938964844,25.040000915527344,25.18000030517578,23.441049575805664,7232800
2019-12-02,CTVA,26.030000686645508,26.13999938964844,25.040000915527344,25.18000030517578,23.441049575805664,7232800
2019-12-03,CTVA,24.81999969482422,24.8700008392334,24.299999237060547,24.649999618530277,22.947654724121094,8645000
2019-12-03,CTVA,24.81999969482422,24.8700008392334,24.299999237060547,24.649999618530277,22.947654724121094,8645000
2019-12-04,CTVA,24.899999618530277,25.21199989318848,24.6200008392334,24.84000015258789,23.12453269958496,13263000
2019-12-04,CTVA,24.899999618530277,25.21199989318848,24.6200008392334,24.84000015258789,23.12453269958496,13263000
2019-12-05,CTVA,24.96999931335449,25.09000015258789,24.100000381469727,24.81999969482422,23.10591697692871,7510700
2019-12-05,CTVA,24.96999931335449,25.09000015258789,24.100000381469727,24.81999969482422,23.10591697692871,7510700
2019-12-06,CTVA,25.0,25.559999465942383,24.940000534057617,25.26000022888184,23.515527725219727,5835800
2019-12-06,CTVA,25.0,25.559999465942383,24.940000534057617,25.26000022888184,23.515527725219727,5835800
2019-12-09,CTVA,25.46999931335449,26.1299991607666,25.395000457763672,25.770000457763672,23.990306854248047,6603500
2019-12-09,CTVA,25.46999931335449,26.1299991607666,25.395000457763672,25.770000457763672,23.990306854248047,6603500
2019-12-10,CTVA,25.690000534057617,25.8799991607666,25.420000076293945,25.8700008392334,24.08340072631836,5134600
2019-12-10,CTVA,25.690000534057617,25.8799991607666,25.420000076293945,25.8700008392334,24.08340072631836,5134600
2019-12-11,CTVA,25.88999938964844,26.270000457763672,25.82999992370605,26.200000762939453,24.390613555908203,5215000
2019-12-11,CTVA,25.88999938964844,26.270000457763672,25.82999992370605,26.200000762939453,24.390613555908203,5215000
2019-12-12,CTVA,26.1200008392334,27.075000762939453,26.0,26.979999542236328,25.116737365722656,4930200
2019-12-12,CTVA,26.1200008392334,27.075000762939453,26.0,26.979999542236328,25.116737365722656,4930200
2019-12-13,CTVA,26.979999542236328,27.149999618530277,26.459999084472656,26.489999771118164,24.660585403442383,6268800
2019-12-13,CTVA,26.979999542236328,27.149999618530277,26.459999084472656,26.489999771118164,24.660585403442383,6268800
2019-12-16,CTVA,26.940000534057617,27.559999465942383,26.850000381469727,27.549999237060547,25.64737892150879,9527400
2019-12-16,CTVA,26.940000534057617,27.559999465942383,26.850000381469727,27.549999237060547,25.64737892150879,9527400
2019-12-17,CTVA,27.26000022888184,27.549999237060547,26.57999992370605,26.770000457763672,24.92124557495117,9227900
2019-12-17,CTVA,27.26000022888184,27.549999237060547,26.57999992370605,26.770000457763672,24.92124557495117,9227900
2019-12-18,CTVA,26.709999084472656,27.940000534057617,26.489999771118164,27.81999969482422,25.89872932434082,13869000
2019-12-18,CTVA,26.709999084472656,27.940000534057617,26.489999771118164,27.81999969482422,25.89872932434082,13869000
2019-12-19,CTVA,27.739999771118164,28.270000457763672,27.459999084472656,27.709999084472656,25.796327590942383,11975100
2019-12-19,CTVA,27.739999771118164,28.270000457763672,27.459999084472656,27.709999084472656,25.796327590942383,11975100
2019-12-20,CTVA,27.68000030517578,28.25,27.440000534057617,28.18000030517578,26.233871459960938,30573900
2019-12-20,CTVA,27.68000030517578,28.25,27.440000534057617,28.18000030517578,26.233871459960938,30573900
2019-12-23,CTVA,28.190000534057617,28.7450008392334,28.100000381469727,28.65999984741211,26.68072509765625,5970800
2019-12-23,CTVA,28.190000534057617,28.7450008392334,28.100000381469727,28.65999984741211,26.68072509765625,5970800
2019-12-24,CTVA,28.600000381469727,29.040000915527344,28.3799991607666,28.809999465942383,26.820358276367188,1698400
2019-12-24,CTVA,28.600000381469727,29.040000915527344,28.3799991607666,28.809999465942383,26.820358276367188,1698400
2019-12-26,CTVA,28.68000030517578,29.200000762939453,28.6299991607666,29.190000534057617,27.17411994934082,2599300
2019-12-26,CTVA,28.68000030517578,29.200000762939453,28.6299991607666,29.190000534057617,27.17411994934082,2599300
2019-12-27,CTVA,29.200000762939453,29.280000686645508,28.979999542236328,29.13999938964844,27.12757110595703,2738200
2019-12-27,CTVA,29.200000762939453,29.280000686645508,28.979999542236328,29.13999938964844,27.12757110595703,2738200
2019-12-30,CTVA,29.1299991607666,29.229999542236328,28.790000915527344,28.86000061035156,26.86690902709961,2795600
2019-12-30,CTVA,29.1299991607666,29.229999542236328,28.790000915527344,28.86000061035156,26.86690902709961,2795600
2019-12-31,CTVA,28.850000381469727,29.59000015258789,28.809999465942383,29.559999465942383,27.51856231689453,3414500
2019-12-31,CTVA,28.850000381469727,29.59000015258789,28.809999465942383,29.559999465942383,27.51856231689453,3414500
2020-01-02,CTVA,29.809999465942383,29.809999465942383,28.71999931335449,28.739999771118164,26.75520133972168,6896100
2020-01-02,CTVA,29.809999465942383,29.809999465942383,28.71999931335449,28.739999771118164,26.75520133972168,6896100
2020-01-03,CTVA,28.420000076293945,28.899999618530277,28.36000061035156,28.399999618530277,26.43867492675781,5611400
2020-01-03,CTVA,28.420000076293945,28.899999618530277,28.36000061035156,28.399999618530277,26.43867492675781,5611400
2020-01-06,CTVA,28.07999992370605,28.500999450683597,27.975000381469727,28.36000061035156,26.40143585205078,6972800
2020-01-06,CTVA,28.07999992370605,28.500999450683597,27.975000381469727,28.36000061035156,26.40143585205078,6972800
2020-01-07,CTVA,28.309999465942383,28.71999931335449,28.170000076293945,28.46999931335449,26.503841400146484,6014800
2020-01-07,CTVA,28.309999465942383,28.71999931335449,28.170000076293945,28.46999931335449,26.503841400146484,6014800
2020-01-08,CTVA,28.5,28.780000686645508,28.100000381469727,28.700000762939453,26.71795654296875,3684500
2020-01-08,CTVA,28.5,28.780000686645508,28.100000381469727,28.700000762939453,26.71795654296875,3684500
2020-01-09,CTVA,28.799999237060547,28.850000381469727,28.3799991607666,28.729999542236328,26.745887756347656,3703200
2020-01-09,CTVA,28.799999237060547,28.850000381469727,28.3799991607666,28.729999542236328,26.745887756347656,3703200
2020-01-10,CTVA,28.809999465942383,28.93000030517578,28.31999969482422,28.350000381469727,26.392135620117188,4498700
2020-01-10,CTVA,28.809999465942383,28.93000030517578,28.31999969482422,28.350000381469727,26.392135620117188,4498700
2020-01-13,CTVA,28.34000015258789,28.600000381469727,28.155000686645508,28.57999992370605,26.606246948242188,4735100
2020-01-13,CTVA,28.34000015258789,28.600000381469727,28.155000686645508,28.57999992370605,26.606246948242188,4735100
2020-01-14,CTVA,28.559999465942383,28.790000915527344,28.299999237060547,28.63999938964844,26.6621036529541,5370600
2020-01-14,CTVA,28.559999465942383,28.790000915527344,28.299999237060547,28.63999938964844,26.6621036529541,5370600
2020-01-15,CTVA,28.649999618530277,28.88999938964844,28.475000381469727,28.68000030517578,26.699338912963867,6336800
2020-01-15,CTVA,28.649999618530277,28.88999938964844,28.475000381469727,28.68000030517578,26.699338912963867,6336800
2020-01-16,CTVA,28.770000457763672,29.26000022888184,28.524999618530277,29.21999931335449,27.20204734802246,5847900
2020-01-16,CTVA,28.770000457763672,29.26000022888184,28.524999618530277,29.21999931335449,27.20204734802246,5847900
2020-01-17,CTVA,28.459999084472656,28.6299991607666,27.6299991607666,28.299999237060547,26.34558486938477,8668600
2020-01-17,CTVA,28.459999084472656,28.6299991607666,27.6299991607666,28.299999237060547,26.34558486938477,8668600
2020-01-21,CTVA,28.059999465942383,28.350000381469727,27.709999084472656,27.81999969482422,25.89872932434082,5514000
2020-01-21,CTVA,28.059999465942383,28.350000381469727,27.709999084472656,27.81999969482422,25.89872932434082,5514000
2020-01-22,CTVA,27.81999969482422,28.25,27.5,28.15999984741211,26.215251922607425,8672900
2020-01-22,CTVA,27.81999969482422,28.25,27.5,28.15999984741211,26.215251922607425,8672900
2020-01-23,CTVA,28.01000022888184,28.51000022888184,27.51000022888184,28.450000762939453,26.4852294921875,4139400
2020-01-23,CTVA,28.01000022888184,28.51000022888184,27.51000022888184,28.450000762939453,26.4852294921875,4139400
2020-01-24,CTVA,28.309999465942383,28.354999542236328,27.709999084472656,27.950000762939453,26.01975440979004,4996200
2020-01-24,CTVA,28.309999465942383,28.354999542236328,27.709999084472656,27.950000762939453,26.01975440979004,4996200
2020-01-27,CTVA,27.229999542236328,27.530000686645508,26.96999931335449,27.15999984741211,25.284311294555664,4195000
2020-01-27,CTVA,27.229999542236328,27.530000686645508,26.96999931335449,27.15999984741211,25.284311294555664,4195000
2020-01-28,CTVA,27.299999237060547,27.57999992370605,27.0,27.559999465942383,25.65668487548828,5618800
2020-01-28,CTVA,27.299999237060547,27.57999992370605,27.0,27.559999465942383,25.65668487548828,5618800
2020-01-29,CTVA,27.549999237060547,27.989999771118164,27.51000022888184,27.799999237060547,25.880107879638672,3499600
2020-01-29,CTVA,27.549999237060547,27.989999771118164,27.51000022888184,27.799999237060547,25.880107879638672,3499600
2020-01-30,CTVA,27.940000534057617,29.44700050354004,27.600000381469727,29.239999771118164,27.220666885375977,9762200
2020-01-30,CTVA,27.940000534057617,29.44700050354004,27.600000381469727,29.239999771118164,27.220666885375977,9762200
2020-01-31,CTVA,28.780000686645508,29.149999618530277,28.459999084472656,28.920000076293945,26.922761917114254,6788300
2020-01-31,CTVA,28.780000686645508,29.149999618530277,28.459999084472656,28.920000076293945,26.922761917114254,6788300
2020-02-03,CTVA,29.059999465942383,30.26000022888184,28.81999969482422,30.1200008392334,28.03989601135254,9430800
2020-02-03,CTVA,29.059999465942383,30.26000022888184,28.81999969482422,30.1200008392334,28.03989601135254,9430800
2020-02-04,CTVA,30.61000061035156,31.11000061035156,30.045000076293945,30.950000762939453,28.812572479248047,5853400
2020-02-04,CTVA,30.61000061035156,31.11000061035156,30.045000076293945,30.950000762939453,28.812572479248047,5853400
2020-02-05,CTVA,30.31999969482422,31.709999084472656,29.690000534057617,31.709999084472656,29.52009010314941,5745300
2020-02-05,CTVA,30.31999969482422,31.709999084472656,29.690000534057617,31.709999084472656,29.52009010314941,5745300
2020-02-06,CTVA,32.0,32.06999969482422,31.299999237060547,31.59000015258789,29.40837287902832,6383600
2020-02-06,CTVA,32.0,32.06999969482422,31.299999237060547,31.59000015258789,29.40837287902832,6383600
2020-02-07,CTVA,31.40999984741211,31.43000030517578,30.795000076293945,31.040000915527344,28.89635467529297,3716100
2020-02-07,CTVA,31.40999984741211,31.43000030517578,30.795000076293945,31.040000915527344,28.89635467529297,3716100
2020-02-10,CTVA,30.739999771118164,31.01499938964844,30.46500015258789,30.600000381469727,28.486740112304688,3416600
2020-02-10,CTVA,30.739999771118164,31.01499938964844,30.46500015258789,30.600000381469727,28.486740112304688,3416600
2020-02-11,CTVA,30.65999984741211,31.350000381469727,30.40999984741211,30.51000022888184,28.40296173095703,3705400
2020-02-11,CTVA,30.65999984741211,31.350000381469727,30.40999984741211,30.51000022888184,28.40296173095703,3705400
2020-02-12,CTVA,30.739999771118164,31.09000015258789,30.649999618530277,30.940000534057617,28.803258895874023,3023400
2020-02-12,CTVA,30.739999771118164,31.09000015258789,30.649999618530277,30.940000534057617,28.803258895874023,3023400
2020-02-13,CTVA,30.68000030517578,31.040000915527344,30.45499992370605,30.600000381469727,28.486740112304688,4543000
2020-02-13,CTVA,30.68000030517578,31.040000915527344,30.45499992370605,30.600000381469727,28.486740112304688,4543000
2020-02-14,CTVA,30.65999984741211,30.93000030517578,30.57999992370605,30.709999084472656,28.58914566040039,3895500
2020-02-14,CTVA,30.65999984741211,30.93000030517578,30.57999992370605,30.709999084472656,28.58914566040039,3895500
2020-02-18,CTVA,30.68000030517578,31.479999542236328,30.61000061035156,31.399999618530277,29.231494903564453,3524700
2020-02-18,CTVA,30.68000030517578,31.479999542236328,30.61000061035156,31.399999618530277,29.231494903564453,3524700
2020-02-19,CTVA,31.399999618530277,31.799999237060547,31.21999931335449,31.520000457763672,29.34320831298828,3042600
2020-02-19,CTVA,31.399999618530277,31.799999237060547,31.21999931335449,31.520000457763672,29.34320831298828,3042600
2020-02-20,CTVA,31.3700008392334,32.08000183105469,31.31999969482422,31.56999969482422,29.38975715637207,2460300
2020-02-20,CTVA,31.3700008392334,32.08000183105469,31.31999969482422,31.56999969482422,29.38975715637207,2460300
2020-02-21,CTVA,31.350000381469727,31.670000076293945,31.18000030517578,31.21999931335449,29.063926696777344,3955200
2020-02-21,CTVA,31.350000381469727,31.670000076293945,31.18000030517578,31.21999931335449,29.063926696777344,3955200
2020-02-24,CTVA,30.46999931335449,30.88999938964844,30.270000457763672,30.65999984741211,28.542598724365234,3441300
2020-02-24,CTVA,30.46999931335449,30.88999938964844,30.270000457763672,30.65999984741211,28.542598724365234,3441300
2020-02-25,CTVA,30.6200008392334,30.81999969482422,28.229999542236328,28.3799991607666,26.420055389404297,5045600
2020-02-25,CTVA,30.6200008392334,30.81999969482422,28.229999542236328,28.3799991607666,26.420055389404297,5045600
2020-02-26,CTVA,28.40999984741211,29.33300018310547,28.31999969482422,28.5,26.531776428222656,4157900
2020-02-26,CTVA,28.40999984741211,29.33300018310547,28.31999969482422,28.5,26.531776428222656,4157900
2020-02-27,CTVA,28.1200008392334,28.670000076293945,27.239999771118164,27.290000915527344,25.40533447265625,4702500
2020-02-27,CTVA,28.1200008392334,28.670000076293945,27.239999771118164,27.290000915527344,25.40533447265625,4702500
2020-02-28,CTVA,26.530000686645508,27.200000762939453,25.86000061035156,27.200000762939453,25.32154655456543,9732700
2020-02-28,CTVA,26.530000686645508,27.200000762939453,25.86000061035156,27.200000762939453,25.32154655456543,9732700
2020-03-02,CTVA,27.270000457763672,28.26000022888184,26.86199951171875,28.239999771118164,26.415977478027344,7440100
2020-03-02,CTVA,27.270000457763672,28.26000022888184,26.86199951171875,28.239999771118164,26.415977478027344,7440100
2020-03-03,CTVA,28.479999542236328,29.26000022888184,27.489999771118164,27.920000076293945,26.11665153503418,8503900
2020-03-03,CTVA,28.479999542236328,29.26000022888184,27.489999771118164,27.920000076293945,26.11665153503418,8503900
2020-03-04,CTVA,28.190000534057617,28.920000076293945,27.809999465942383,28.899999618530277,27.033348083496094,6341400
2020-03-04,CTVA,28.190000534057617,28.920000076293945,27.809999465942383,28.899999618530277,27.033348083496094,6341400
2020-03-05,CTVA,28.0,28.424999237060547,27.15999984741211,27.309999465942383,25.546045303344727,3974300
2020-03-05,CTVA,28.0,28.424999237060547,27.15999984741211,27.309999465942383,25.546045303344727,3974300
2020-03-06,CTVA,26.520000457763672,26.57999992370605,24.920000076293945,25.299999237060547,23.665870666503903,5843700
2020-03-06,CTVA,26.520000457763672,26.57999992370605,24.920000076293945,25.299999237060547,23.665870666503903,5843700
2020-03-09,CTVA,23.280000686645508,24.31999969482422,22.8700008392334,23.06999969482422,21.57990837097168,7758500
2020-03-09,CTVA,23.280000686645508,24.31999969482422,22.8700008392334,23.06999969482422,21.57990837097168,7758500
2020-03-10,CTVA,24.399999618530277,25.989999771118164,23.8799991607666,25.90999984741211,24.23647689819336,6696200
2020-03-10,CTVA,24.399999618530277,25.989999771118164,23.8799991607666,25.90999984741211,24.23647689819336,6696200
2020-03-11,CTVA,25.01000022888184,25.65999984741211,24.450000762939453,25.0,23.38525009155273,6382300
2020-03-11,CTVA,25.01000022888184,25.65999984741211,24.450000762939453,25.0,23.38525009155273,6382300
2020-03-12,CTVA,22.8700008392334,24.950000762939453,22.26000022888184,22.34000015258789,20.897062301635746,6448100
2020-03-12,CTVA,22.8700008392334,24.950000762939453,22.26000022888184,22.34000015258789,20.897062301635746,6448100
2020-03-13,CTVA,23.82999992370605,25.0,21.549999237060547,24.81999969482422,23.216875076293945,7214500
2020-03-13,CTVA,23.82999992370605,25.0,21.549999237060547,24.81999969482422,23.216875076293945,7214500
2020-03-16,CTVA,21.51000022888184,23.34000015258789,20.565000534057617,20.739999771118164,19.400400161743164,6308300
2020-03-16,CTVA,21.51000022888184,23.34000015258789,20.565000534057617,20.739999771118164,19.400400161743164,6308300
2020-03-17,CTVA,21.229999542236328,24.13999938964844,20.71999931335449,22.670000076293945,21.20574760437012,7555300
2020-03-17,CTVA,21.229999542236328,24.13999938964844,20.71999931335449,22.670000076293945,21.20574760437012,7555300
2020-03-18,CTVA,21.07999992370605,23.399999618530277,20.3799991607666,21.56999969482422,20.176801681518555,7526200
2020-03-18,CTVA,21.07999992370605,23.399999618530277,20.3799991607666,21.56999969482422,20.176801681518555,7526200
2020-03-19,CTVA,21.18000030517578,24.799999237060547,20.540000915527344,23.26000022888184,21.75763320922852,5291400
2020-03-19,CTVA,21.18000030517578,24.799999237060547,20.540000915527344,23.26000022888184,21.75763320922852,5291400
2020-03-20,CTVA,23.200000762939453,23.239999771118164,21.11000061035156,22.530000686645508,21.07478904724121,10607100
2020-03-20,CTVA,23.200000762939453,23.239999771118164,21.11000061035156,22.530000686645508,21.07478904724121,10607100
2020-03-23,CTVA,22.21999931335449,23.52899932861328,21.420000076293945,21.920000076293945,20.504188537597656,8693500
2020-03-23,CTVA,22.21999931335449,23.52899932861328,21.420000076293945,21.920000076293945,20.504188537597656,8693500
2020-03-24,CTVA,23.01000022888184,23.96999931335449,21.5,22.32999992370605,20.8877067565918,8305600
2020-03-24,CTVA,23.01000022888184,23.96999931335449,21.5,22.32999992370605,20.8877067565918,8305600
2020-03-25,CTVA,22.75,25.13999938964844,22.13999938964844,23.399999618530277,21.88859748840332,5823500
2020-03-25,CTVA,22.75,25.13999938964844,22.13999938964844,23.399999618530277,21.88859748840332,5823500
2020-03-26,CTVA,23.11000061035156,24.850000381469727,22.88500022888184,24.13999938964844,22.580795288085938,7085600
2020-03-26,CTVA,23.11000061035156,24.850000381469727,22.88500022888184,24.13999938964844,22.580795288085938,7085600
2020-03-27,CTVA,23.11000061035156,24.809999465942383,22.665000915527344,23.209999084472656,21.710865020751957,4538800
2020-03-27,CTVA,23.11000061035156,24.809999465942383,22.665000915527344,23.209999084472656,21.710865020751957,4538800
2020-03-30,CTVA,23.280000686645508,24.31999969482422,22.90999984741211,24.09000015258789,22.53402709960937,4469500
2020-03-30,CTVA,23.280000686645508,24.31999969482422,22.90999984741211,24.09000015258789,22.53402709960937,4469500
2020-03-31,CTVA,24.229999542236328,24.56999969482422,23.350000381469727,23.5,21.982133865356445,4090400
2020-03-31,CTVA,24.229999542236328,24.56999969482422,23.350000381469727,23.5,21.982133865356445,4090400
2020-04-01,CTVA,23.25,23.600000381469727,22.350000381469727,22.51000022888184,21.056079864501957,6706600
2020-04-01,CTVA,23.25,23.600000381469727,22.350000381469727,22.51000022888184,21.056079864501957,6706600
2020-04-02,CTVA,22.850000381469727,23.43000030517578,21.816999435424805,22.239999771118164,20.803516387939453,6302000
2020-04-02,CTVA,22.850000381469727,23.43000030517578,21.816999435424805,22.239999771118164,20.803516387939453,6302000
2020-04-03,CTVA,22.209999084472656,23.049999237060547,22.1200008392334,22.6200008392334,21.158979415893555,5961100
2020-04-03,CTVA,22.209999084472656,23.049999237060547,22.1200008392334,22.6200008392334,21.158979415893555,5961100
2020-04-06,CTVA,23.5,24.57200050354004,23.21999931335449,24.26000022888184,22.693044662475582,6132500
2020-04-06,CTVA,23.5,24.57200050354004,23.21999931335449,24.26000022888184,22.693044662475582,6132500
2020-04-07,CTVA,25.0,25.93000030517578,24.350000381469727,24.530000686645508,22.94560813903809,5777100
2020-04-07,CTVA,25.0,25.93000030517578,24.350000381469727,24.530000686645508,22.94560813903809,5777100
2020-04-08,CTVA,24.549999237060547,26.170000076293945,24.40999984741211,26.049999237060547,24.367431640625,4231800
2020-04-08,CTVA,24.549999237060547,26.170000076293945,24.40999984741211,26.049999237060547,24.367431640625,4231800
2020-04-09,CTVA,26.200000762939453,28.06999969482422,26.200000762939453,27.93000030517578,26.12600517272949,6076900
2020-04-09,CTVA,26.200000762939453,28.06999969482422,26.200000762939453,27.93000030517578,26.12600517272949,6076900
2020-04-13,CTVA,27.31999969482422,27.489999771118164,25.899999618530277,26.559999465942383,24.844491958618164,3453900
2020-04-13,CTVA,27.31999969482422,27.489999771118164,25.899999618530277,26.559999465942383,24.844491958618164,3453900
2020-04-14,CTVA,27.59000015258789,27.84499931335449,26.040000915527344,26.440000534057617,24.732236862182617,2853300
2020-04-14,CTVA,27.59000015258789,27.84499931335449,26.040000915527344,26.440000534057617,24.732236862182617,2853300
2020-04-15,CTVA,26.06999969482422,26.149999618530277,24.614999771118164,25.51000022888184,23.8623104095459,2927100
2020-04-15,CTVA,26.06999969482422,26.149999618530277,24.614999771118164,25.51000022888184,23.8623104095459,2927100
2020-04-16,CTVA,25.3799991607666,25.74399948120117,24.57999992370605,25.15999984741211,23.534915924072266,2663500
2020-04-16,CTVA,25.3799991607666,25.74399948120117,24.57999992370605,25.15999984741211,23.534915924072266,2663500
2020-04-17,CTVA,25.940000534057617,26.315000534057617,24.920000076293945,25.51000022888184,23.8623104095459,5696900
2020-04-17,CTVA,25.940000534057617,26.315000534057617,24.920000076293945,25.51000022888184,23.8623104095459,5696900
2020-04-20,CTVA,25.86000061035156,25.86000061035156,24.56999969482422,24.6299991607666,23.03914451599121,4242500
2020-04-20,CTVA,25.86000061035156,25.86000061035156,24.56999969482422,24.6299991607666,23.03914451599121,4242500
2020-04-21,CTVA,24.01000022888184,24.950000762939453,23.86000061035156,24.270000457763672,22.7023983001709,5773900
2020-04-21,CTVA,24.01000022888184,24.950000762939453,23.86000061035156,24.270000457763672,22.7023983001709,5773900
2020-04-22,CTVA,24.75,25.21500015258789,24.290000915527344,24.940000534057617,23.329126358032227,3936700
2020-04-22,CTVA,24.75,25.21500015258789,24.290000915527344,24.940000534057617,23.329126358032227,3936700
2020-04-23,CTVA,25.280000686645508,25.84000015258789,25.01000022888184,25.399999618530277,23.75941467285156,2754500
2020-04-23,CTVA,25.280000686645508,25.84000015258789,25.01000022888184,25.399999618530277,23.75941467285156,2754500
2020-04-24,CTVA,25.57999992370605,26.68000030517578,25.3799991607666,26.270000457763672,24.57322120666504,3851300
2020-04-24,CTVA,25.57999992370605,26.68000030517578,25.3799991607666,26.270000457763672,24.57322120666504,3851300
2020-04-27,CTVA,26.32999992370605,26.559999465942383,25.51000022888184,25.559999465942383,23.909080505371094,4908800
2020-04-27,CTVA,26.32999992370605,26.559999465942383,25.51000022888184,25.559999465942383,23.909080505371094,4908800
2020-04-28,CTVA,26.149999618530277,26.51499938964844,25.809999465942383,26.190000534057617,24.498390197753903,3812800
2020-04-28,CTVA,26.149999618530277,26.51499938964844,25.809999465942383,26.190000534057617,24.498390197753903,3812800
2020-04-29,CTVA,26.81999969482422,27.26000022888184,26.459999084472656,27.049999237060547,25.302839279174805,2008800
2020-04-29,CTVA,26.81999969482422,27.26000022888184,26.459999084472656,27.049999237060547,25.302839279174805,2008800
2020-04-30,CTVA,26.700000762939453,26.700000762939453,25.86000061035156,26.190000534057617,24.498390197753903,2678300
2020-04-30,CTVA,26.700000762939453,26.700000762939453,25.86000061035156,26.190000534057617,24.498390197753903,2678300
2020-05-01,CTVA,25.82999992370605,25.82999992370605,25.09000015258789,25.489999771118164,23.843603134155277,2457600
2020-05-01,CTVA,25.82999992370605,25.82999992370605,25.09000015258789,25.489999771118164,23.843603134155277,2457600
2020-05-04,CTVA,25.149999618530277,25.459999084472656,24.81800079345703,25.420000076293945,23.77812767028809,4121600
2020-05-04,CTVA,25.149999618530277,25.459999084472656,24.81800079345703,25.420000076293945,23.77812767028809,4121600
2020-05-05,CTVA,25.399999618530277,26.51000022888184,25.209999084472656,26.18000030517578,24.489032745361328,2412300
2020-05-05,CTVA,25.399999618530277,26.51000022888184,25.209999084472656,26.18000030517578,24.489032745361328,2412300
2020-05-06,CTVA,26.190000534057617,26.729999542236328,25.01000022888184,25.01000022888184,23.39459991455078,3304300
2020-05-06,CTVA,26.190000534057617,26.729999542236328,25.01000022888184,25.01000022888184,23.39459991455078,3304300
2020-05-07,CTVA,25.96999931335449,27.25,25.96999931335449,26.450000762939453,24.741596221923828,4475300
2020-05-07,CTVA,25.96999931335449,27.25,25.96999931335449,26.450000762939453,24.741596221923828,4475300
2020-05-08,CTVA,26.71999931335449,26.96999931335449,25.459999084472656,25.979999542236328,24.301952362060547,4765100
2020-05-08,CTVA,26.71999931335449,26.96999931335449,25.459999084472656,25.979999542236328,24.301952362060547,4765100
2020-05-11,CTVA,25.100000381469727,25.149999618530277,24.290000915527344,24.3799991607666,22.805295944213867,6871900
2020-05-11,CTVA,25.100000381469727,25.149999618530277,24.290000915527344,24.3799991607666,22.805295944213867,6871900
2020-05-12,CTVA,24.290000915527344,24.450000762939453,23.21999931335449,23.25,21.74828147888184,4881100
2020-05-12,CTVA,24.290000915527344,24.450000762939453,23.21999931335449,23.25,21.74828147888184,4881100
2020-05-13,CTVA,23.149999618530277,23.399999618530277,22.3799991607666,23.270000457763672,21.76698875427246,4581500
2020-05-13,CTVA,23.149999618530277,23.399999618530277,22.3799991607666,23.270000457763672,21.76698875427246,4581500
2020-05-14,CTVA,22.770000457763672,23.36000061035156,22.3799991607666,23.31999969482422,21.93631362915039,3357400
2020-05-14,CTVA,22.770000457763672,23.36000061035156,22.3799991607666,23.31999969482422,21.93631362915039,3357400
2020-05-15,CTVA,23.200000762939453,23.270000457763672,22.6200008392334,22.770000457763672,21.418943405151367,3601200
2020-05-15,CTVA,23.200000762939453,23.270000457763672,22.6200008392334,22.770000457763672,21.418943405151367,3601200
2020-05-18,CTVA,23.690000534057617,24.280000686645508,23.040000915527344,24.01000022888184,22.58537101745605,5834600
2020-05-18,CTVA,23.690000534057617,24.280000686645508,23.040000915527344,24.01000022888184,22.58537101745605,5834600
2020-05-19,CTVA,24.11000061035156,24.3799991607666,23.59000015258789,23.989999771118164,22.566558837890625,6195900
2020-05-19,CTVA,24.11000061035156,24.3799991607666,23.59000015258789,23.989999771118164,22.566558837890625,6195900
2020-05-20,CTVA,24.68000030517578,25.604999542236328,24.649999618530277,25.09000015258789,23.601287841796875,4719600
2020-05-20,CTVA,24.68000030517578,25.604999542236328,24.649999618530277,25.09000015258789,23.601287841796875,4719600
2020-05-21,CTVA,24.940000534057617,25.479999542236328,24.51000022888184,24.549999237060547,23.09332656860352,4021000
2020-05-21,CTVA,24.940000534057617,25.479999542236328,24.51000022888184,24.549999237060547,23.09332656860352,4021000
2020-05-22,CTVA,24.5,24.670000076293945,24.25,24.540000915527344,23.083925247192383,3830600
2020-05-22,CTVA,24.5,24.670000076293945,24.25,24.540000915527344,23.083925247192383,3830600
2020-05-26,CTVA,25.43000030517578,26.059999465942383,25.200000762939453,25.63999938964844,24.118650436401367,3797800
2020-05-26,CTVA,25.43000030517578,26.059999465942383,25.200000762939453,25.63999938964844,24.118650436401367,3797800
2020-05-27,CTVA,25.88999938964844,26.174999237060547,25.459999084472656,25.799999237060547,24.2691593170166,5831000
2020-05-27,CTVA,25.88999938964844,26.174999237060547,25.459999084472656,25.799999237060547,24.2691593170166,5831000
2020-05-28,CTVA,26.26000022888184,27.46999931335449,25.920000076293945,26.989999771118164,25.388551712036133,4069200
2020-05-28,CTVA,26.26000022888184,27.46999931335449,25.920000076293945,26.989999771118164,25.388551712036133,4069200
2020-05-29,CTVA,26.729999542236328,27.43000030517578,26.709999084472656,27.309999465942383,25.689563751220703,6293700
2020-05-29,CTVA,26.729999542236328,27.43000030517578,26.709999084472656,27.309999465942383,25.689563751220703,6293700
2020-06-01,CTVA,27.100000381469727,27.25,26.5,26.81999969482422,25.228639602661133,3167100
2020-06-01,CTVA,27.100000381469727,27.25,26.5,26.81999969482422,25.228639602661133,3167100
2020-06-02,CTVA,26.93000030517578,28.030000686645508,26.75,28.01000022888184,26.34803009033203,4302500
2020-06-02,CTVA,26.93000030517578,28.030000686645508,26.75,28.01000022888184,26.34803009033203,4302500
2020-06-03,CTVA,28.170000076293945,28.950000762939453,28.149999618530277,28.5,26.808958053588867,3287700
2020-06-03,CTVA,28.170000076293945,28.950000762939453,28.149999618530277,28.5,26.808958053588867,3287700
2020-06-04,CTVA,28.799999237060547,30.18000030517578,28.6299991607666,30.170000076293945,28.379871368408203,6759100
2020-06-04,CTVA,28.799999237060547,30.18000030517578,28.6299991607666,30.170000076293945,28.379871368408203,6759100
2020-06-05,CTVA,31.0,31.690000534057617,30.489999771118164,30.649999618530277,28.831382751464844,4189400
2020-06-05,CTVA,31.0,31.690000534057617,30.489999771118164,30.649999618530277,28.831382751464844,4189400
2020-06-08,CTVA,29.690000534057617,30.81999969482422,29.309999465942383,30.01000022888184,28.229360580444336,4850400
2020-06-08,CTVA,29.690000534057617,30.81999969482422,29.309999465942383,30.01000022888184,28.229360580444336,4850400
2020-06-09,CTVA,29.63999938964844,29.96500015258789,29.07999992370605,29.59000015258789,27.83428192138672,5365200
2020-06-09,CTVA,29.63999938964844,29.96500015258789,29.07999992370605,29.59000015258789,27.83428192138672,5365200
2020-06-10,CTVA,29.479999542236328,30.1299991607666,29.13999938964844,29.13999938964844,27.41098022460937,4184300
2020-06-10,CTVA,29.479999542236328,30.1299991607666,29.13999938964844,29.13999938964844,27.41098022460937,4184300
2020-06-11,CTVA,28.43000030517578,28.440000534057617,27.020000457763672,27.100000381469727,25.492021560668945,5928500
2020-06-11,CTVA,28.43000030517578,28.440000534057617,27.020000457763672,27.100000381469727,25.492021560668945,5928500
2020-06-12,CTVA,28.440000534057617,28.489999771118164,27.200000762939453,27.540000915527344,25.905914306640625,3843900
2020-06-12,CTVA,28.440000534057617,28.489999771118164,27.200000762939453,27.540000915527344,25.905914306640625,3843900
2020-06-15,CTVA,26.739999771118164,27.11000061035156,26.520000457763672,26.770000457763672,25.18160629272461,5109000
2020-06-15,CTVA,26.739999771118164,27.11000061035156,26.520000457763672,26.770000457763672,25.18160629272461,5109000
2020-06-16,CTVA,28.3799991607666,28.71999931335449,27.450000762939453,27.81999969482422,26.16930389404297,8797100
2020-06-16,CTVA,28.3799991607666,28.71999931335449,27.450000762939453,27.81999969482422,26.16930389404297,8797100
2020-06-17,CTVA,27.770000457763672,27.88999938964844,27.06999969482422,27.350000381469727,25.727190017700195,5295300
2020-06-17,CTVA,27.770000457763672,27.88999938964844,27.06999969482422,27.350000381469727,25.727190017700195,5295300
2020-06-18,CTVA,27.350000381469727,27.56999969482422,27.209999084472656,27.479999542236328,25.849477767944336,4402000
2020-06-18,CTVA,27.350000381469727,27.56999969482422,27.209999084472656,27.479999542236328,25.849477767944336,4402000
2020-06-19,CTVA,27.989999771118164,27.989999771118164,26.729999542236328,27.1299991607666,25.520244598388672,6693100
2020-06-19,CTVA,27.989999771118164,27.989999771118164,26.729999542236328,27.1299991607666,25.520244598388672,6693100
2020-06-22,CTVA,26.96999931335449,27.649999618530277,26.51000022888184,27.57999992370605,25.94354057312012,3936700
2020-06-22,CTVA,26.96999931335449,27.649999618530277,26.51000022888184,27.57999992370605,25.94354057312012,3936700
2020-06-23,CTVA,27.84000015258789,27.90999984741211,27.3700008392334,27.420000076293945,25.79303550720215,3022700
2020-06-23,CTVA,27.84000015258789,27.90999984741211,27.3700008392334,27.420000076293945,25.79303550720215,3022700
2020-06-24,CTVA,26.8700008392334,26.920000076293945,26.030000686645508,26.06999969482422,24.523136138916016,3985000
2020-06-24,CTVA,26.8700008392334,26.920000076293945,26.030000686645508,26.06999969482422,24.523136138916016,3985000
2020-06-25,CTVA,25.979999542236328,26.3700008392334,25.71999931335449,26.200000762939453,24.64543342590332,5600200
2020-06-25,CTVA,25.979999542236328,26.3700008392334,25.71999931335449,26.200000762939453,24.64543342590332,5600200
2020-06-26,CTVA,26.11000061035156,26.15999984741211,25.53499984741211,25.920000076293945,24.382041931152344,4319200
2020-06-26,CTVA,26.11000061035156,26.15999984741211,25.53499984741211,25.920000076293945,24.382041931152344,4319200
2020-06-29,CTVA,26.350000381469727,26.6299991607666,26.040000915527344,26.13999938964844,24.588987350463867,3931000
2020-06-29,CTVA,26.350000381469727,26.6299991607666,26.040000915527344,26.13999938964844,24.588987350463867,3931000
2020-06-30,CTVA,26.1200008392334,27.07999992370605,25.799999237060547,26.790000915527344,25.200422286987305,4590500
2020-06-30,CTVA,26.1200008392334,27.07999992370605,25.799999237060547,26.790000915527344,25.200422286987305,4590500
2020-07-01,CTVA,26.950000762939453,27.399999618530277,26.459999084472656,27.040000915527344,25.43558120727539,4838000
2020-07-01,CTVA,26.950000762939453,27.399999618530277,26.459999084472656,27.040000915527344,25.43558120727539,4838000
2020-07-02,CTVA,27.3799991607666,28.11000061035156,27.3799991607666,27.56999969482422,25.93414306640625,3766400
2020-07-02,CTVA,27.3799991607666,28.11000061035156,27.3799991607666,27.56999969482422,25.93414306640625,3766400
2020-07-06,CTVA,28.21999931335449,28.21999931335449,27.07999992370605,27.530000686645508,25.896514892578125,3668300
2020-07-06,CTVA,28.21999931335449,28.21999931335449,27.07999992370605,27.530000686645508,25.896514892578125,3668300
2020-07-07,CTVA,27.270000457763672,27.270000457763672,26.899999618530277,27.13999938964844,25.52964782714844,5931800
2020-07-07,CTVA,27.270000457763672,27.270000457763672,26.899999618530277,27.13999938964844,25.52964782714844,5931800
2020-07-08,CTVA,27.07999992370605,27.1299991607666,25.440000534057617,25.86000061035156,24.325597763061523,5560400
2020-07-08,CTVA,27.07999992370605,27.1299991607666,25.440000534057617,25.86000061035156,24.325597763061523,5560400
2020-07-09,CTVA,26.030000686645508,26.05500030517578,25.440000534057617,25.75,24.22212791442871,4392200
2020-07-09,CTVA,26.030000686645508,26.05500030517578,25.440000534057617,25.75,24.22212791442871,4392200
2020-07-10,CTVA,25.82999992370605,26.6200008392334,25.700000762939453,26.6200008392334,25.04050636291504,2464100
2020-07-10,CTVA,25.82999992370605,26.6200008392334,25.700000762939453,26.6200008392334,25.04050636291504,2464100
2020-07-13,CTVA,27.11000061035156,27.18000030517578,26.600000381469727,26.84000015258789,25.247453689575195,2782600
2020-07-13,CTVA,27.11000061035156,27.18000030517578,26.600000381469727,26.84000015258789,25.247453689575195,2782600
2020-07-14,CTVA,26.670000076293945,27.239999771118164,26.51000022888184,27.07999992370605,25.47321128845215,8445800
2020-07-14,CTVA,26.670000076293945,27.239999771118164,26.51000022888184,27.07999992370605,25.47321128845215,8445800
2020-07-15,CTVA,27.86000061035156,28.049999237060547,27.420000076293945,27.940000534057617,26.28218650817871,2994200
2020-07-15,CTVA,27.86000061035156,28.049999237060547,27.420000076293945,27.940000534057617,26.28218650817871,2994200
2020-07-16,CTVA,27.75,28.2549991607666,27.71500015258789,27.920000076293945,26.26337242126465,1977300
2020-07-16,CTVA,27.75,28.2549991607666,27.71500015258789,27.920000076293945,26.26337242126465,1977300
2020-07-17,CTVA,28.059999465942383,28.43000030517578,27.75,28.350000381469727,26.667858123779297,2704500
2020-07-17,CTVA,28.059999465942383,28.43000030517578,27.75,28.350000381469727,26.667858123779297,2704500
2020-07-20,CTVA,28.1299991607666,28.26000022888184,27.71999931335449,27.71999931335449,26.07523727416992,1677300
2020-07-20,CTVA,28.1299991607666,28.26000022888184,27.71999931335449,27.71999931335449,26.07523727416992,1677300
2020-07-21,CTVA,27.86000061035156,28.450000762939453,27.86000061035156,28.350000381469727,26.667858123779297,3064200
2020-07-21,CTVA,27.86000061035156,28.450000762939453,27.86000061035156,28.350000381469727,26.667858123779297,3064200
2020-07-22,CTVA,28.040000915527344,28.68000030517578,28.040000915527344,28.65999984741211,26.95946311950684,1954200
2020-07-22,CTVA,28.040000915527344,28.68000030517578,28.040000915527344,28.65999984741211,26.95946311950684,1954200
2020-07-23,CTVA,28.46999931335449,28.920000076293945,28.325000762939453,28.670000076293945,26.968870162963867,2428200
2020-07-23,CTVA,28.46999931335449,28.920000076293945,28.325000762939453,28.670000076293945,26.968870162963867,2428200
2020-07-24,CTVA,28.739999771118164,28.809999465942383,28.309999465942383,28.520000457763672,26.82776641845703,1877400
2020-07-24,CTVA,28.739999771118164,28.809999465942383,28.309999465942383,28.520000457763672,26.82776641845703,1877400
2020-07-27,CTVA,28.559999465942383,29.0,28.479999542236328,28.809999465942383,27.100561141967773,2683100
2020-07-27,CTVA,28.559999465942383,29.0,28.479999542236328,28.809999465942383,27.100561141967773,2683100
2020-07-28,CTVA,28.65999984741211,28.76000022888184,28.1299991607666,28.190000534057617,26.517349243164062,3500600
2020-07-28,CTVA,28.65999984741211,28.76000022888184,28.1299991607666,28.190000534057617,26.517349243164062,3500600
2020-07-29,CTVA,28.1299991607666,28.82999992370605,28.1299991607666,28.809999465942383,27.100561141967773,2840200
2020-07-29,CTVA,28.1299991607666,28.82999992370605,28.1299991607666,28.809999465942383,27.100561141967773,2840200
2020-07-30,CTVA,28.21999931335449,28.530000686645508,27.790000915527344,28.479999542236328,26.790143966674805,3311900
2020-07-30,CTVA,28.21999931335449,28.530000686645508,27.790000915527344,28.479999542236328,26.790143966674805,3311900
2020-07-31,CTVA,28.399999618530277,28.700000762939453,28.020000457763672,28.559999465942383,26.865398406982425,7305100
2020-07-31,CTVA,28.399999618530277,28.700000762939453,28.020000457763672,28.559999465942383,26.865398406982425,7305100
2020-08-03,CTVA,28.780000686645508,28.899999618530277,28.46999931335449,28.520000457763672,26.82776641845703,3600600
2020-08-03,CTVA,28.780000686645508,28.899999618530277,28.46999931335449,28.520000457763672,26.82776641845703,3600600
2020-08-04,CTVA,28.5,28.99799919128418,28.43000030517578,28.709999084472656,27.00649642944336,4663400
2020-08-04,CTVA,28.5,28.99799919128418,28.43000030517578,28.709999084472656,27.00649642944336,4663400
2020-08-05,CTVA,29.0,29.13999938964844,28.549999237060547,28.549999237060547,26.85598564147949,5502300
2020-08-05,CTVA,29.0,29.13999938964844,28.549999237060547,28.549999237060547,26.85598564147949,5502300
2020-08-06,CTVA,26.8799991607666,27.25,25.21999931335449,25.420000076293945,23.91170883178711,11668200
2020-08-06,CTVA,26.8799991607666,27.25,25.21999931335449,25.420000076293945,23.91170883178711,11668200
2020-08-07,CTVA,25.34000015258789,25.5,24.82999992370605,25.31999969482422,23.81764030456543,7460000
2020-08-07,CTVA,25.34000015258789,25.5,24.82999992370605,25.31999969482422,23.81764030456543,7460000
2020-08-10,CTVA,25.040000915527344,25.6299991607666,24.979999542236328,25.420000076293945,23.91170883178711,8355800
2020-08-10,CTVA,25.040000915527344,25.6299991607666,24.979999542236328,25.420000076293945,23.91170883178711,8355800
2020-08-11,CTVA,25.88999938964844,27.030000686645508,25.7450008392334,26.780000686645508,25.19100570678711,8120000
2020-08-11,CTVA,25.88999938964844,27.030000686645508,25.7450008392334,26.780000686645508,25.19100570678711,8120000
2020-08-12,CTVA,27.200000762939453,27.299999237060547,26.1299991607666,26.36000061035156,24.79593276977539,5139300
2020-08-12,CTVA,27.200000762939453,27.299999237060547,26.1299991607666,26.36000061035156,24.79593276977539,5139300
2020-08-13,CTVA,26.32999992370605,27.0,26.07999992370605,26.920000076293945,25.44820976257324,9040600
2020-08-13,CTVA,26.32999992370605,27.0,26.07999992370605,26.920000076293945,25.44820976257324,9040600
2020-08-14,CTVA,26.75,28.11000061035156,26.559999465942383,27.8700008392334,26.346267700195312,5367300
2020-08-14,CTVA,26.75,28.11000061035156,26.559999465942383,27.8700008392334,26.346267700195312,5367300
2020-08-17,CTVA,27.88999938964844,28.13999938964844,27.33300018310547,27.770000457763672,26.25173759460449,9275000
2020-08-17,CTVA,27.88999938964844,28.13999938964844,27.33300018310547,27.770000457763672,26.25173759460449,9275000
2020-08-18,CTVA,27.850000381469727,28.420000076293945,27.809999465942383,28.399999618530277,26.847288131713867,3124700
2020-08-18,CTVA,27.850000381469727,28.420000076293945,27.809999465942383,28.399999618530277,26.847288131713867,3124700
2020-08-19,CTVA,28.149999618530277,28.61000061035156,28.0,28.559999465942383,26.99854278564453,5122000
2020-08-19,CTVA,28.149999618530277,28.61000061035156,28.0,28.559999465942383,26.99854278564453,5122000
2020-08-20,CTVA,28.25,28.799999237060547,28.170000076293945,28.799999237060547,27.225421905517575,4583500
2020-08-20,CTVA,28.25,28.799999237060547,28.170000076293945,28.799999237060547,27.225421905517575,4583500
2020-08-21,CTVA,28.63999938964844,28.700000762939453,28.01499938964844,28.440000534057617,26.88510513305664,6864100
2020-08-21,CTVA,28.63999938964844,28.700000762939453,28.01499938964844,28.440000534057617,26.88510513305664,6864100
2020-08-24,CTVA,28.8700008392334,28.979999542236328,28.200000762939453,28.540000915527344,26.979637145996094,4409500
2020-08-24,CTVA,28.8700008392334,28.979999542236328,28.200000762939453,28.540000915527344,26.979637145996094,4409500
2020-08-25,CTVA,28.700000762939453,29.170000076293945,28.61000061035156,28.649999618530277,27.0836238861084,2344000
2020-08-25,CTVA,28.700000762939453,29.170000076293945,28.61000061035156,28.649999618530277,27.0836238861084,2344000
2020-08-26,CTVA,28.649999618530277,29.280000686645508,28.43000030517578,29.229999542236328,27.631912231445312,2458300
2020-08-26,CTVA,28.649999618530277,29.280000686645508,28.43000030517578,29.229999542236328,27.631912231445312,2458300
2020-08-27,CTVA,29.239999771118164,29.450000762939453,29.05500030517578,29.290000915527344,27.68863677978516,1791300
2020-08-27,CTVA,29.239999771118164,29.450000762939453,29.05500030517578,29.290000915527344,27.68863677978516,1791300
2020-08-28,CTVA,29.399999618530277,29.81999969482422,29.1299991607666,29.520000457763672,27.90606117248535,3202600
2020-08-28,CTVA,29.399999618530277,29.81999969482422,29.1299991607666,29.520000457763672,27.90606117248535,3202600
2020-08-31,CTVA,29.43000030517578,29.43000030517578,28.530000686645508,28.549999237060547,26.98908805847168,3974800
2020-08-31,CTVA,29.43000030517578,29.43000030517578,28.530000686645508,28.549999237060547,26.98908805847168,3974800
2020-09-01,CTVA,28.57999992370605,29.450000762939453,28.420000076293945,29.440000534057617,27.83042907714844,3797800
2020-09-01,CTVA,28.57999992370605,29.450000762939453,28.420000076293945,29.440000534057617,27.83042907714844,3797800
2020-09-02,CTVA,29.32999992370605,30.190000534057617,29.1200008392334,30.1299991607666,28.48270797729492,3610200
2020-09-02,CTVA,29.32999992370605,30.190000534057617,29.1200008392334,30.1299991607666,28.48270797729492,3610200
2020-09-03,CTVA,29.920000076293945,30.209999084472656,29.11000061035156,29.40999984741211,27.80206871032715,3800800
2020-09-03,CTVA,29.920000076293945,30.209999084472656,29.11000061035156,29.40999984741211,27.80206871032715,3800800
2020-09-04,CTVA,29.799999237060547,30.1200008392334,29.05500030517578,29.31999969482422,27.716991424560547,5136800
2020-09-04,CTVA,29.799999237060547,30.1200008392334,29.05500030517578,29.31999969482422,27.716991424560547,5136800
2020-09-08,CTVA,29.06999969482422,29.06999969482422,28.229999542236328,28.299999237060547,26.75275993347168,4213500
2020-09-08,CTVA,29.06999969482422,29.06999969482422,28.229999542236328,28.299999237060547,26.75275993347168,4213500
2020-09-09,CTVA,28.540000915527344,29.40999984741211,28.51000022888184,28.739999771118164,27.168701171875,2818000
2020-09-09,CTVA,28.540000915527344,29.40999984741211,28.51000022888184,28.739999771118164,27.168701171875,2818000
2020-09-10,CTVA,28.71999931335449,29.26000022888184,28.690000534057617,29.13999938964844,27.546831130981445,4138000
2020-09-10,CTVA,28.71999931335449,29.26000022888184,28.690000534057617,29.13999938964844,27.546831130981445,4138000
2020-09-11,CTVA,29.34000015258789,29.450000762939453,28.93000030517578,29.020000457763672,27.43339157104492,3131400
2020-09-11,CTVA,29.34000015258789,29.450000762939453,28.93000030517578,29.020000457763672,27.43339157104492,3131400
2020-09-14,CTVA,29.11000061035156,29.43000030517578,28.84499931335449,28.96999931335449,27.38612937927246,3917900
2020-09-14,CTVA,29.11000061035156,29.43000030517578,28.84499931335449,28.96999931335449,27.38612937927246,3917900
2020-09-15,CTVA,29.059999465942383,29.690000534057617,29.030000686645508,29.450000762939453,27.839887619018555,3127900
2020-09-15,CTVA,29.059999465942383,29.690000534057617,29.030000686645508,29.450000762939453,27.839887619018555,3127900
2020-09-16,CTVA,29.59000015258789,29.959999084472656,29.13500022888184,29.229999542236328,27.631912231445312,5769100
2020-09-16,CTVA,29.59000015258789,29.959999084472656,29.13500022888184,29.229999542236328,27.631912231445312,5769100
2020-09-17,CTVA,28.899999618530277,29.76000022888184,28.739999771118164,29.57999992370605,27.962778091430664,5728400
2020-09-17,CTVA,28.899999618530277,29.76000022888184,28.739999771118164,29.57999992370605,27.962778091430664,5728400
2020-09-18,CTVA,29.6299991607666,29.71999931335449,28.854999542236328,28.989999771118164,27.4050350189209,7175600
2020-09-18,CTVA,29.6299991607666,29.71999931335449,28.854999542236328,28.989999771118164,27.4050350189209,7175600
2020-09-21,CTVA,28.190000534057617,28.520000457763672,27.915000915527344,28.21999931335449,26.6771297454834,6130200
2020-09-21,CTVA,28.190000534057617,28.520000457763672,27.915000915527344,28.21999931335449,26.6771297454834,6130200
2020-09-22,CTVA,28.09000015258789,28.239999771118164,27.809999465942383,28.09000015258789,26.554243087768555,5703500
2020-09-22,CTVA,28.09000015258789,28.239999771118164,27.809999465942383,28.09000015258789,26.554243087768555,5703500
2020-09-23,CTVA,27.90999984741211,28.309999465942383,27.38999938964844,27.459999084472656,25.958681106567383,4874200
2020-09-23,CTVA,27.90999984741211,28.309999465942383,27.38999938964844,27.459999084472656,25.958681106567383,4874200
2020-09-24,CTVA,27.459999084472656,27.95499992370605,27.18000030517578,27.6299991607666,26.119386672973636,3031700
2020-09-24,CTVA,27.459999084472656,27.95499992370605,27.18000030517578,27.6299991607666,26.119386672973636,3031700
2020-09-25,CTVA,27.3700008392334,28.53499984741211,27.309999465942383,28.3799991607666,26.82838630676269,2556300
2020-09-25,CTVA,27.3700008392334,28.53499984741211,27.309999465942383,28.3799991607666,26.82838630676269,2556300
2020-09-28,CTVA,28.81999969482422,29.31999969482422,28.75,28.96999931335449,27.38612937927246,2714400
2020-09-28,CTVA,28.81999969482422,29.31999969482422,28.75,28.96999931335449,27.38612937927246,2714400
2020-09-29,CTVA,28.770000457763672,29.020000457763672,28.48500061035156,28.59000015258789,27.026905059814453,1972000
2020-09-29,CTVA,28.770000457763672,29.020000457763672,28.48500061035156,28.59000015258789,27.026905059814453,1972000
2020-09-30,CTVA,28.770000457763672,29.540000915527344,28.524999618530277,28.809999465942383,27.2348747253418,8009400
2020-09-30,CTVA,28.770000457763672,29.540000915527344,28.524999618530277,28.809999465942383,27.2348747253418,8009400
2020-10-01,CTVA,28.8799991607666,29.309999465942383,28.61000061035156,28.68000030517578,27.11198616027832,4918400
2020-10-01,CTVA,28.8799991607666,29.309999465942383,28.61000061035156,28.68000030517578,27.11198616027832,4918400
2020-10-02,CTVA,28.399999618530277,29.780000686645508,28.290000915527344,29.3700008392334,27.764257431030277,4851300
2020-10-02,CTVA,28.399999618530277,29.780000686645508,28.290000915527344,29.3700008392334,27.764257431030277,4851300
2020-10-05,CTVA,29.770000457763672,30.280000686645508,29.770000457763672,30.11000061035156,28.463802337646484,5166300
2020-10-05,CTVA,29.770000457763672,30.280000686645508,29.770000457763672,30.11000061035156,28.463802337646484,5166300
2020-10-06,CTVA,30.34000015258789,30.7549991607666,30.030000686645508,30.09000015258789,28.44489097595215,4972400
2020-10-06,CTVA,30.34000015258789,30.7549991607666,30.030000686645508,30.09000015258789,28.44489097595215,4972400
2020-10-07,CTVA,30.40999984741211,31.07999992370605,30.3700008392334,30.530000686645508,28.8608455657959,5575400
2020-10-07,CTVA,30.40999984741211,31.07999992370605,30.3700008392334,30.530000686645508,28.8608455657959,5575400
2020-10-08,CTVA,31.78499984741211,32.63999938964844,31.29599952697754,32.33000183105469,30.562423706054688,7033600
2020-10-08,CTVA,31.78499984741211,32.63999938964844,31.29599952697754,32.33000183105469,30.562423706054688,7033600
2020-10-09,CTVA,32.45000076293945,33.689998626708984,32.290000915527344,33.43000030517578,31.60228729248047,5323300
2020-10-09,CTVA,32.45000076293945,33.689998626708984,32.290000915527344,33.43000030517578,31.60228729248047,5323300
2020-10-12,CTVA,33.61000061035156,33.86000061035156,33.310001373291016,33.59000015258789,31.7535457611084,3968100
2020-10-12,CTVA,33.61000061035156,33.86000061035156,33.310001373291016,33.59000015258789,31.7535457611084,3968100
2020-10-13,CTVA,33.310001373291016,33.77000045776367,33.012001037597656,33.70000076293945,31.85752487182617,5405200
2020-10-13,CTVA,33.310001373291016,33.77000045776367,33.012001037597656,33.70000076293945,31.85752487182617,5405200
2020-10-14,CTVA,33.790000915527344,34.36000061035156,33.470001220703125,33.81999969482422,31.9709587097168,3363700
2020-10-14,CTVA,33.790000915527344,34.36000061035156,33.470001220703125,33.81999969482422,31.9709587097168,3363700
2020-10-15,CTVA,33.18000030517578,34.095001220703125,33.18000030517578,33.9900016784668,32.131675720214844,3035100
2020-10-15,CTVA,33.18000030517578,34.095001220703125,33.18000030517578,33.9900016784668,32.131675720214844,3035100
2020-10-16,CTVA,34.33000183105469,34.40999984741211,34.06999969482422,34.08000183105469,32.21674728393555,2802000
2020-10-16,CTVA,34.33000183105469,34.40999984741211,34.06999969482422,34.08000183105469,32.21674728393555,2802000
2020-10-19,CTVA,34.2599983215332,34.540000915527344,33.189998626708984,33.52000045776367,31.687366485595703,5716500
2020-10-19,CTVA,34.2599983215332,34.540000915527344,33.189998626708984,33.52000045776367,31.687366485595703,5716500
2020-10-20,CTVA,33.7400016784668,33.75,32.91999816894531,33.06999969482422,31.26197052001953,3697400
2020-10-20,CTVA,33.7400016784668,33.75,32.91999816894531,33.06999969482422,31.26197052001953,3697400
2020-10-21,CTVA,33.099998474121094,33.290000915527344,32.73099899291992,32.900001525878906,31.101259231567383,3451400
2020-10-21,CTVA,33.099998474121094,33.290000915527344,32.73099899291992,32.900001525878906,31.101259231567383,3451400
2020-10-22,CTVA,32.939998626708984,33.369998931884766,32.75,33.130001068115234,31.318696975708008,2646200
2020-10-22,CTVA,32.939998626708984,33.369998931884766,32.75,33.130001068115234,31.318696975708008,2646200
2020-10-23,CTVA,33.150001525878906,33.494998931884766,33.040000915527344,33.16999816894531,31.356502532958984,3552400
2020-10-23,CTVA,33.150001525878906,33.494998931884766,33.040000915527344,33.16999816894531,31.356502532958984,3552400
2020-10-26,CTVA,32.83000183105469,33.0,32.20500183105469,32.709999084472656,30.92165184020996,2679000
2020-10-26,CTVA,32.83000183105469,33.0,32.20500183105469,32.709999084472656,30.92165184020996,2679000
2020-10-27,CTVA,32.779998779296875,32.84000015258789,32.33000183105469,32.34000015258789,30.57188415527344,2268400
2020-10-27,CTVA,32.779998779296875,32.84000015258789,32.33000183105469,32.34000015258789,30.57188415527344,2268400
2020-10-28,CTVA,31.459999084472656,32.119998931884766,31.15999984741211,31.86000061035156,30.11812400817871,3974000
2020-10-28,CTVA,31.459999084472656,32.119998931884766,31.15999984741211,31.86000061035156,30.11812400817871,3974000
2020-10-29,CTVA,31.600000381469727,32.685001373291016,31.540000915527344,32.5,30.723129272460938,3936000
2020-10-29,CTVA,31.600000381469727,32.685001373291016,31.540000915527344,32.5,30.723129272460938,3936000
2020-10-30,CTVA,32.38999938964844,32.97999954223633,32.11000061035156,32.97999954223633,31.17688751220703,4327700
2020-10-30,CTVA,32.38999938964844,32.97999954223633,32.11000061035156,32.97999954223633,31.17688751220703,4327700
2020-11-02,CTVA,33.279998779296875,33.84000015258789,33.099998474121094,33.47999954223633,31.64955711364746,3722000
2020-11-02,CTVA,33.279998779296875,33.84000015258789,33.099998474121094,33.47999954223633,31.64955711364746,3722000
2020-11-03,CTVA,33.400001525878906,33.54999923706055,32.529998779296875,32.93000030517578,31.129621505737305,3620600
2020-11-03,CTVA,33.400001525878906,33.54999923706055,32.529998779296875,32.93000030517578,31.129621505737305,3620600
2020-11-04,CTVA,32.959999084472656,33.3849983215332,32.11000061035156,32.779998779296875,30.987817764282227,3832400
2020-11-04,CTVA,32.959999084472656,33.3849983215332,32.11000061035156,32.779998779296875,30.987817764282227,3832400
2020-11-05,CTVA,33.150001525878906,34.45000076293945,33.09000015258789,33.939998626708984,32.084407806396484,3876100
2020-11-05,CTVA,33.150001525878906,34.45000076293945,33.09000015258789,33.939998626708984,32.084407806396484,3876100
2020-11-06,CTVA,34.189998626708984,34.388999938964844,33.6150016784668,33.70000076293945,31.85752487182617,2576800
2020-11-06,CTVA,34.189998626708984,34.388999938964844,33.6150016784668,33.70000076293945,31.85752487182617,2576800
2020-11-09,CTVA,34.9900016784668,36.27999877929688,34.599998474121094,34.63999938964844,32.746131896972656,4633900
2020-11-09,CTVA,34.9900016784668,36.27999877929688,34.599998474121094,34.63999938964844,32.746131896972656,4633900
2020-11-10,CTVA,34.75,36.38999938964844,34.75,36.22999954223633,34.24919891357422,6713100
2020-11-10,CTVA,34.75,36.38999938964844,34.75,36.22999954223633,34.24919891357422,6713100
2020-11-11,CTVA,36.369998931884766,36.900001525878906,36.150001525878906,36.630001068115234,34.62733840942383,4494500
2020-11-11,CTVA,36.369998931884766,36.900001525878906,36.150001525878906,36.630001068115234,34.62733840942383,4494500
2020-11-12,CTVA,36.34000015258789,36.34000015258789,34.8650016784668,35.060001373291016,33.26121520996094,3750300
2020-11-12,CTVA,36.34000015258789,36.34000015258789,34.8650016784668,35.060001373291016,33.26121520996094,3750300
2020-11-13,CTVA,35.130001068115234,36.220001220703125,35.130001068115234,36.0099983215332,34.162471771240234,3361500
2020-11-13,CTVA,35.130001068115234,36.220001220703125,35.130001068115234,36.0099983215332,34.162471771240234,3361500
2020-11-16,CTVA,36.900001525878906,37.56999969482422,36.34000015258789,37.43000030517578,35.50962448120117,3498000
2020-11-16,CTVA,36.900001525878906,37.56999969482422,36.34000015258789,37.43000030517578,35.50962448120117,3498000
2020-11-17,CTVA,37.0099983215332,37.29499816894531,36.560001373291016,37.02000045776367,35.12065887451172,3706200
2020-11-17,CTVA,37.0099983215332,37.29499816894531,36.560001373291016,37.02000045776367,35.12065887451172,3706200
2020-11-18,CTVA,37.2400016784668,37.540000915527344,36.68999862670898,36.68999862670898,34.807586669921875,2329400
2020-11-18,CTVA,37.2400016784668,37.540000915527344,36.68999862670898,36.68999862670898,34.807586669921875,2329400
2020-11-19,CTVA,36.63999938964844,37.310001373291016,36.38999938964844,36.959999084472656,35.063724517822266,3274100
2020-11-19,CTVA,36.63999938964844,37.310001373291016,36.38999938964844,36.959999084472656,35.063724517822266,3274100
2020-11-20,CTVA,36.935001373291016,37.27000045776367,36.84999847412109,37.15999984741211,35.25346755981445,2536500
2020-11-20,CTVA,36.935001373291016,37.27000045776367,36.84999847412109,37.15999984741211,35.25346755981445,2536500
2020-11-23,CTVA,37.52999877929688,38.29999923706055,37.52000045776367,37.790000915527344,35.85115051269531,2712000
2020-11-23,CTVA,37.52999877929688,38.29999923706055,37.52000045776367,37.790000915527344,35.85115051269531,2712000
2020-11-24,CTVA,38.15999984741211,39.0099983215332,37.90999984741211,38.900001525878906,36.90420913696289,4449400
2020-11-24,CTVA,38.15999984741211,39.0099983215332,37.90999984741211,38.900001525878906,36.90420913696289,4449400
2020-11-25,CTVA,38.77999877929688,38.88999938964844,38.32500076293945,38.58000183105469,36.60061264038086,2738900
2020-11-25,CTVA,38.77999877929688,38.88999938964844,38.32500076293945,38.58000183105469,36.60061264038086,2738900
2020-11-27,CTVA,38.540000915527344,38.970001220703125,38.31999969482422,38.40999984741211,36.4393424987793,1368500
2020-11-27,CTVA,38.540000915527344,38.970001220703125,38.31999969482422,38.40999984741211,36.4393424987793,1368500
2020-11-30,CTVA,38.40999984741211,38.59000015258789,37.7400016784668,38.31999969482422,36.35395812988281,4864600
2020-11-30,CTVA,38.40999984741211,38.59000015258789,37.7400016784668,38.31999969482422,36.35395812988281,4864600
2020-12-01,CTVA,38.70000076293945,39.43999862670898,38.2400016784668,38.310001373291016,36.3444709777832,3367500
2020-12-01,CTVA,38.70000076293945,39.43999862670898,38.2400016784668,38.310001373291016,36.3444709777832,3367500
2020-12-02,CTVA,38.130001068115234,38.67499923706055,37.90999984741211,38.27000045776367,36.3065299987793,3503800
2020-12-02,CTVA,38.130001068115234,38.67499923706055,37.90999984741211,38.27000045776367,36.3065299987793,3503800
2020-12-03,CTVA,38.15999984741211,38.619998931884766,37.86000061035156,38.209999084472656,36.24959945678711,2874200
2020-12-03,CTVA,38.15999984741211,38.619998931884766,37.86000061035156,38.209999084472656,36.24959945678711,2874200
2020-12-04,CTVA,38.38999938964844,38.81999969482422,38.25,38.650001525878906,36.66701889038086,3633500
2020-12-04,CTVA,38.38999938964844,38.81999969482422,38.25,38.650001525878906,36.66701889038086,3633500
2020-12-07,CTVA,38.4900016784668,38.775001525878906,37.834999084472656,37.93999862670898,35.99345397949219,3012900
2020-12-07,CTVA,38.4900016784668,38.775001525878906,37.834999084472656,37.93999862670898,35.99345397949219,3012900
2020-12-08,CTVA,37.7599983215332,38.45500183105469,37.61000061035156,38.41999816894531,36.448829650878906,4178100
2020-12-08,CTVA,37.7599983215332,38.45500183105469,37.61000061035156,38.41999816894531,36.448829650878906,4178100
2020-12-09,CTVA,38.470001220703125,39.369998931884766,38.459999084472656,39.0099983215332,37.008548736572266,3293800
2020-12-09,CTVA,38.470001220703125,39.369998931884766,38.459999084472656,39.0099983215332,37.008548736572266,3293800
2020-12-10,CTVA,38.66999816894531,39.22999954223633,38.4900016784668,38.7400016784668,36.75241088867188,3124000
2020-12-10,CTVA,38.66999816894531,39.22999954223633,38.4900016784668,38.7400016784668,36.75241088867188,3124000
2020-12-11,CTVA,38.310001373291016,38.70000076293945,38.060001373291016,38.38999938964844,36.42036819458008,3131000
2020-12-11,CTVA,38.310001373291016,38.70000076293945,38.060001373291016,38.38999938964844,36.42036819458008,3131000
2020-12-14,CTVA,40.0,40.22999954223633,38.71500015258789,38.7599983215332,36.77138137817383,3594000
2020-12-14,CTVA,40.0,40.22999954223633,38.71500015258789,38.7599983215332,36.77138137817383,3594000
2020-12-15,CTVA,39.2400016784668,39.31800079345703,38.2400016784668,39.220001220703125,37.20778274536133,3789100
2020-12-15,CTVA,39.2400016784668,39.31800079345703,38.2400016784668,39.220001220703125,37.20778274536133,3789100
2020-12-16,CTVA,39.29999923706055,39.29999923706055,38.619998931884766,39.08000183105469,37.074974060058594,3164700
2020-12-16,CTVA,39.29999923706055,39.29999923706055,38.619998931884766,39.08000183105469,37.074974060058594,3164700
2020-12-17,CTVA,39.33000183105469,39.70000076293945,39.21200180053711,39.68000030517578,37.64418411254883,4322000
2020-12-17,CTVA,39.33000183105469,39.70000076293945,39.21200180053711,39.68000030517578,37.64418411254883,4322000
2020-12-18,CTVA,39.41999816894531,39.68000030517578,38.82500076293945,39.40999984741211,37.388031005859375,9395000
2020-12-18,CTVA,39.41999816894531,39.68000030517578,38.82500076293945,39.40999984741211,37.388031005859375,9395000
2020-12-21,CTVA,38.65999984741211,39.619998931884766,38.32099914550781,39.54999923706055,37.52085494995117,2894300
2020-12-21,CTVA,38.65999984741211,39.619998931884766,38.32099914550781,39.54999923706055,37.52085494995117,2894300
2020-12-22,CTVA,39.61000061035156,39.71500015258789,38.95000076293945,38.97999954223633,36.9800910949707,2713800
2020-12-22,CTVA,39.61000061035156,39.71500015258789,38.95000076293945,38.97999954223633,36.9800910949707,2713800
2020-12-23,CTVA,39.11000061035156,39.540000915527344,39.11000061035156,39.18000030517578,37.169830322265625,2330800
2020-12-23,CTVA,39.11000061035156,39.540000915527344,39.11000061035156,39.18000030517578,37.169830322265625,2330800
2020-12-24,CTVA,39.02999877929688,39.54999923706055,39.02999877929688,39.5,37.473426818847656,847600
2020-12-24,CTVA,39.02999877929688,39.54999923706055,39.02999877929688,39.5,37.473426818847656,847600
2020-12-28,CTVA,39.369998931884766,39.56999969482422,38.31999969482422,38.34999847412109,36.382415771484375,2545800
2020-12-28,CTVA,39.369998931884766,39.56999969482422,38.31999969482422,38.34999847412109,36.382415771484375,2545800
2020-12-29,CTVA,38.66999816894531,38.91999816894531,37.67499923706055,37.93999862670898,35.99345397949219,3183900
2020-12-29,CTVA,38.66999816894531,38.91999816894531,37.67499923706055,37.93999862670898,35.99345397949219,3183900
2020-12-30,CTVA,38.18999862670898,38.68999862670898,38.0099983215332,38.43999862670898,36.46779251098633,3396800
2020-12-30,CTVA,38.18999862670898,38.68999862670898,38.0099983215332,38.43999862670898,36.46779251098633,3396800
2020-12-31,CTVA,38.65999984741211,38.970001220703125,38.290000915527344,38.720001220703125,36.733436584472656,2316800
2020-12-31,CTVA,38.65999984741211,38.970001220703125,38.290000915527344,38.720001220703125,36.733436584472656,2316800
2021-01-04,CTVA,38.869998931884766,39.20000076293945,38.09000015258789,38.34999847412109,36.382415771484375,3693700
2021-01-04,CTVA,38.869998931884766,39.20000076293945,38.09000015258789,38.34999847412109,36.382415771484375,3693700
2021-01-05,CTVA,38.27999877929688,39.04999923706055,38.220001220703125,38.81999969482422,36.82830810546875,2647700
2021-01-05,CTVA,38.27999877929688,39.04999923706055,38.220001220703125,38.81999969482422,36.82830810546875,2647700
2021-01-06,CTVA,39.31999969482422,41.5099983215332,38.9900016784668,41.06999969482422,38.962867736816406,4991400
2021-01-06,CTVA,39.31999969482422,41.5099983215332,38.9900016784668,41.06999969482422,38.962867736816406,4991400
2021-01-07,CTVA,41.650001525878906,42.4900016784668,41.380001068115234,41.79999923706055,39.65541458129883,3986200
2021-01-07,CTVA,41.650001525878906,42.4900016784668,41.380001068115234,41.79999923706055,39.65541458129883,3986200
2021-01-08,CTVA,42.52000045776367,43.33000183105469,42.16999816894531,43.25,41.0310173034668,4667300
2021-01-08,CTVA,42.52000045776367,43.33000183105469,42.16999816894531,43.25,41.0310173034668,4667300
2021-01-11,CTVA,42.63999938964844,43.7599983215332,42.45500183105469,43.619998931884766,41.38203430175781,3624100
2021-01-11,CTVA,42.63999938964844,43.7599983215332,42.45500183105469,43.619998931884766,41.38203430175781,3624100
2021-01-12,CTVA,43.5,44.84999847412109,43.08000183105469,44.58000183105469,42.29278564453125,4517800
2021-01-12,CTVA,43.5,44.84999847412109,43.08000183105469,44.58000183105469,42.29278564453125,4517800
2021-01-13,CTVA,44.47999954223633,44.959999084472656,43.459999084472656,44.130001068115234,41.86586380004883,2634700
2021-01-13,CTVA,44.47999954223633,44.959999084472656,43.459999084472656,44.130001068115234,41.86586380004883,2634700
2021-01-14,CTVA,44.310001373291016,44.7400016784668,44.060001373291016,44.209999084472656,41.9417610168457,2113100
2021-01-14,CTVA,44.310001373291016,44.7400016784668,44.060001373291016,44.209999084472656,41.9417610168457,2113100
2021-01-15,CTVA,43.880001068115234,43.9900016784668,43.04999923706055,43.75,41.50536346435547,3792200
2021-01-15,CTVA,43.880001068115234,43.9900016784668,43.04999923706055,43.75,41.50536346435547,3792200
2021-01-19,CTVA,43.70000076293945,43.810001373291016,42.900001525878906,43.52999877929688,41.29664611816406,2507900
2021-01-19,CTVA,43.70000076293945,43.810001373291016,42.900001525878906,43.52999877929688,41.29664611816406,2507900
2021-01-20,CTVA,43.880001068115234,43.900001525878906,43.290000915527344,43.65999984741211,41.41997909545898,2660900
2021-01-20,CTVA,43.880001068115234,43.900001525878906,43.290000915527344,43.65999984741211,41.41997909545898,2660900
2021-01-21,CTVA,43.790000915527344,44.36000061035156,41.33000183105469,41.650001525878906,39.51310729980469,6190400
2021-01-21,CTVA,43.790000915527344,44.36000061035156,41.33000183105469,41.650001525878906,39.51310729980469,6190400
2021-01-22,CTVA,41.27999877929688,42.27999877929688,41.04999923706055,42.060001373291016,39.90207290649414,5239000
2021-01-22,CTVA,41.27999877929688,42.27999877929688,41.04999923706055,42.060001373291016,39.90207290649414,5239000
2021-01-25,CTVA,41.65999984741211,41.84999847412109,40.09000015258789,41.29999923706055,39.181060791015625,4729600
2021-01-25,CTVA,41.65999984741211,41.84999847412109,40.09000015258789,41.29999923706055,39.181060791015625,4729600
2021-01-26,CTVA,41.59000015258789,41.83000183105469,39.470001220703125,39.47999954223633,37.45444488525391,3252100
2021-01-26,CTVA,41.59000015258789,41.83000183105469,39.470001220703125,39.47999954223633,37.45444488525391,3252100
2021-01-27,CTVA,38.83000183105469,38.869998931884766,36.540000915527344,38.68999862670898,36.70497894287109,5413500
2021-01-27,CTVA,38.83000183105469,38.869998931884766,36.540000915527344,38.68999862670898,36.70497894287109,5413500
2021-01-28,CTVA,39.25,40.630001068115234,39.13999938964844,40.290000915527344,38.2228889465332,4019100
2021-01-28,CTVA,39.25,40.630001068115234,39.13999938964844,40.290000915527344,38.2228889465332,4019100
2021-01-29,CTVA,39.93000030517578,40.38999938964844,39.380001068115234,39.86000061035156,37.81493377685547,3686800
2021-01-29,CTVA,39.93000030517578,40.38999938964844,39.380001068115234,39.86000061035156,37.81493377685547,3686800
2021-02-01,CTVA,40.13999938964844,41.09000015258789,39.86000061035156,40.709999084472656,38.62133407592773,2761800
2021-02-01,CTVA,40.13999938964844,41.09000015258789,39.86000061035156,40.709999084472656,38.62133407592773,2761800
2021-02-02,CTVA,41.27999877929688,41.86000061035156,41.08000183105469,41.4900016784668,39.361324310302734,2451400
2021-02-02,CTVA,41.27999877929688,41.86000061035156,41.08000183105469,41.4900016784668,39.361324310302734,2451400
2021-02-03,CTVA,41.52999877929688,42.13999938964844,41.22299957275391,41.86000061035156,39.71233367919922,2668700
2021-02-03,CTVA,41.52999877929688,42.13999938964844,41.22299957275391,41.86000061035156,39.71233367919922,2668700
2021-02-04,CTVA,41.84999847412109,43.33000183105469,41.20000076293945,42.65999984741211,40.471282958984375,3403300
2021-02-04,CTVA,41.84999847412109,43.33000183105469,41.20000076293945,42.65999984741211,40.471282958984375,3403300
2021-02-05,CTVA,44.68000030517578,44.93000030517578,43.75,43.900001525878906,41.64767456054688,3533300
2021-02-05,CTVA,44.68000030517578,44.93000030517578,43.75,43.900001525878906,41.64767456054688,3533300
2021-02-08,CTVA,43.93999862670898,44.13999938964844,43.29999923706055,43.61000061035156,41.37255096435547,2719500
2021-02-08,CTVA,43.93999862670898,44.13999938964844,43.29999923706055,43.61000061035156,41.37255096435547,2719500
2021-02-09,CTVA,43.66999816894531,43.97999954223633,43.209999084472656,43.43000030517578,41.201778411865234,4515600
2021-02-09,CTVA,43.66999816894531,43.97999954223633,43.209999084472656,43.43000030517578,41.201778411865234,4515600
2021-02-10,CTVA,43.459999084472656,43.54999923706055,42.2400016784668,43.040000915527344,40.8317985534668,3234700
2021-02-10,CTVA,43.459999084472656,43.54999923706055,42.2400016784668,43.040000915527344,40.8317985534668,3234700
2021-02-11,CTVA,42.959999084472656,43.79999923706055,42.880001068115234,43.540000915527344,41.30613708496094,3030100
2021-02-11,CTVA,42.959999084472656,43.79999923706055,42.880001068115234,43.540000915527344,41.30613708496094,3030100
2021-02-12,CTVA,43.54999923706055,44.45500183105469,43.525001525878906,44.369998931884766,42.09355926513672,1973600
2021-02-12,CTVA,43.54999923706055,44.45500183105469,43.525001525878906,44.369998931884766,42.09355926513672,1973600
2021-02-16,CTVA,44.31999969482422,45.35499954223633,44.310001373291016,45.27999877929688,42.95686721801758,2532300
2021-02-16,CTVA,44.31999969482422,45.35499954223633,44.310001373291016,45.27999877929688,42.95686721801758,2532300
2021-02-17,CTVA,45.0,45.17499923706055,44.220001220703125,44.97999954223633,42.6722526550293,1877600
2021-02-17,CTVA,45.0,45.17499923706055,44.220001220703125,44.97999954223633,42.6722526550293,1877600
2021-02-18,CTVA,44.90999984741211,45.08000183105469,43.43999862670898,44.20000076293945,41.93228149414063,3106400
2021-02-18,CTVA,44.90999984741211,45.08000183105469,43.43999862670898,44.20000076293945,41.93228149414063,3106400
2021-02-19,CTVA,44.36000061035156,45.86000061035156,44.29999923706055,45.470001220703125,43.13712310791016,3558400
2021-02-19,CTVA,44.36000061035156,45.86000061035156,44.29999923706055,45.470001220703125,43.13712310791016,3558400
2021-02-22,CTVA,45.58000183105469,46.7599983215332,45.11000061035156,46.68000030517578,44.28504180908203,4308400
2021-02-22,CTVA,45.58000183105469,46.7599983215332,45.11000061035156,46.68000030517578,44.28504180908203,4308400
2021-02-23,CTVA,46.5099983215332,46.89500045776367,45.880001068115234,46.43000030517578,44.0478630065918,6306000
2021-02-23,CTVA,46.5099983215332,46.89500045776367,45.880001068115234,46.43000030517578,44.0478630065918,6306000
2021-02-24,CTVA,46.4900016784668,47.150001525878906,46.31999969482422,46.40999984741211,44.02889251708984,3217000
2021-02-24,CTVA,46.4900016784668,47.150001525878906,46.31999969482422,46.40999984741211,44.02889251708984,3217000
2021-02-25,CTVA,46.65999984741211,46.65999984741211,45.02999877929688,45.36000061035156,43.03276062011719,2920500
2021-02-25,CTVA,46.65999984741211,46.65999984741211,45.02999877929688,45.36000061035156,43.03276062011719,2920500
2021-02-26,CTVA,45.220001220703125,45.77999877929688,44.369998931884766,45.150001525878906,42.956661224365234,4889100
2021-02-26,CTVA,45.220001220703125,45.77999877929688,44.369998931884766,45.150001525878906,42.956661224365234,4889100
2021-03-01,CTVA,45.81999969482422,46.7400016784668,45.7599983215332,46.27000045776367,44.02224349975586,2553400
2021-03-01,CTVA,45.81999969482422,46.7400016784668,45.7599983215332,46.27000045776367,44.02224349975586,2553400
2021-03-02,CTVA,46.33000183105469,46.810001373291016,45.720001220703125,45.77999877929688,43.556034088134766,2935800
2021-03-02,CTVA,46.33000183105469,46.810001373291016,45.720001220703125,45.77999877929688,43.556034088134766,2935800
2021-03-03,CTVA,45.560001373291016,45.959999084472656,45.09999847412109,45.34000015258789,43.13742446899414,2842400
2021-03-03,CTVA,45.560001373291016,45.959999084472656,45.09999847412109,45.34000015258789,43.13742446899414,2842400
2021-03-04,CTVA,45.09000015258789,45.34000015258789,43.06999969482422,43.84999847412109,41.71980285644531,3530300
2021-03-04,CTVA,45.09000015258789,45.34000015258789,43.06999969482422,43.84999847412109,41.71980285644531,3530300
2021-03-05,CTVA,44.34999847412109,45.01499938964844,42.900001525878906,44.84000015258789,42.66170883178711,2853600
2021-03-05,CTVA,44.34999847412109,45.01499938964844,42.900001525878906,44.84000015258789,42.66170883178711,2853600
2021-03-08,CTVA,45.34000015258789,46.310001373291016,44.86000061035156,44.900001525878906,42.71879959106445,3485300
2021-03-08,CTVA,45.34000015258789,46.310001373291016,44.86000061035156,44.900001525878906,42.71879959106445,3485300
2021-03-09,CTVA,45.02999877929688,45.459999084472656,44.560001373291016,44.709999084472656,42.538028717041016,3973900
2021-03-09,CTVA,45.02999877929688,45.459999084472656,44.560001373291016,44.709999084472656,42.538028717041016,3973900
2021-03-10,CTVA,45.02000045776367,47.13999938964844,44.900001525878906,47.0,44.71677780151367,3388500
2021-03-10,CTVA,45.02000045776367,47.13999938964844,44.900001525878906,47.0,44.71677780151367,3388500
2021-03-11,CTVA,47.25,47.66999816894531,46.75,46.86000061035156,44.58358001708984,2487700
2021-03-11,CTVA,47.25,47.66999816894531,46.75,46.86000061035156,44.58358001708984,2487700
2021-03-12,CTVA,47.0,47.09000015258789,46.22999954223633,46.900001525878906,44.62164306640625,2176700
2021-03-12,CTVA,47.0,47.09000015258789,46.22999954223633,46.900001525878906,44.62164306640625,2176700
2021-03-15,CTVA,46.86000061035156,46.900001525878906,45.54999923706055,46.83000183105469,44.55504608154297,2993300
2021-03-15,CTVA,46.86000061035156,46.900001525878906,45.54999923706055,46.83000183105469,44.55504608154297,2993300
2021-03-16,CTVA,46.83000183105469,46.880001068115234,45.86199951171875,46.16999816894531,43.92709732055664,2300400
2021-03-16,CTVA,46.83000183105469,46.880001068115234,45.86199951171875,46.16999816894531,43.92709732055664,2300400
2021-03-17,CTVA,46.20000076293945,47.29999923706055,46.185001373291016,47.2599983215332,44.964141845703125,2711100
2021-03-17,CTVA,46.20000076293945,47.29999923706055,46.185001373291016,47.2599983215332,44.964141845703125,2711100
2021-03-18,CTVA,47.25,47.97999954223633,46.6150016784668,46.959999084472656,44.67871475219727,3180700
2021-03-18,CTVA,47.25,47.97999954223633,46.6150016784668,46.959999084472656,44.67871475219727,3180700
2021-03-19,CTVA,46.72999954223633,47.66999816894531,46.06999969482422,47.06999969482422,44.78337860107422,9286600
2021-03-19,CTVA,46.72999954223633,47.66999816894531,46.06999969482422,47.06999969482422,44.78337860107422,9286600
2021-03-22,CTVA,47.59999847412109,47.959999084472656,46.84999847412109,47.29999923706055,45.002201080322266,3358900
2021-03-22,CTVA,47.59999847412109,47.959999084472656,46.84999847412109,47.29999923706055,45.002201080322266,3358900
2021-03-23,CTVA,46.68999862670898,47.0,45.56999969482422,45.84999847412109,43.622650146484375,4287200
2021-03-23,CTVA,46.68999862670898,47.0,45.56999969482422,45.84999847412109,43.622650146484375,4287200
2021-03-24,CTVA,46.16999816894531,46.810001373291016,45.9900016784668,46.18999862670898,43.94612121582031,3425200
2021-03-24,CTVA,46.16999816894531,46.810001373291016,45.9900016784668,46.18999862670898,43.94612121582031,3425200
2021-03-25,CTVA,45.93000030517578,47.11000061035156,45.59999847412109,46.77999877929688,44.507469177246094,3739800
2021-03-25,CTVA,45.93000030517578,47.11000061035156,45.59999847412109,46.77999877929688,44.507469177246094,3739800
2021-03-26,CTVA,47.34999847412109,48.04999923706055,46.90999984741211,47.90999984741211,45.58257293701172,3358500
2021-03-26,CTVA,47.34999847412109,48.04999923706055,46.90999984741211,47.90999984741211,45.58257293701172,3358500
2021-03-29,CTVA,47.77999877929688,48.47999954223633,47.52000045776367,47.77000045776367,45.44936752319336,4063200
2021-03-29,CTVA,47.77999877929688,48.47999954223633,47.52000045776367,47.77000045776367,45.44936752319336,4063200
2021-03-30,CTVA,47.58000183105469,47.88999938964844,46.7400016784668,46.93999862670898,44.65968704223633,2573000
2021-03-30,CTVA,47.58000183105469,47.88999938964844,46.7400016784668,46.93999862670898,44.65968704223633,2573000
2021-03-31,CTVA,46.86000061035156,47.290000915527344,46.255001068115234,46.619998931884766,44.35524368286133,3814100
2021-03-31,CTVA,46.86000061035156,47.290000915527344,46.255001068115234,46.619998931884766,44.35524368286133,3814100
2021-04-01,CTVA,46.93999862670898,46.97999954223633,46.040000915527344,46.7400016784668,44.46940612792969,2976900
2021-04-01,CTVA,46.93999862670898,46.97999954223633,46.040000915527344,46.7400016784668,44.46940612792969,2976900
2021-04-05,CTVA,46.880001068115234,47.2400016784668,46.63999938964844,47.040000915527344,44.75483322143555,3039100
2021-04-05,CTVA,46.880001068115234,47.2400016784668,46.63999938964844,47.040000915527344,44.75483322143555,3039100
2021-04-06,CTVA,47.09999847412109,47.970001220703125,46.900001525878906,47.7400016784668,45.42083358764648,2541300
2021-04-06,CTVA,47.09999847412109,47.970001220703125,46.900001525878906,47.7400016784668,45.42083358764648,2541300
2021-04-07,CTVA,47.79999923706055,47.79999923706055,46.540000915527344,46.75,44.47891998291016,2208900
2021-04-07,CTVA,47.79999923706055,47.79999923706055,46.540000915527344,46.75,44.47891998291016,2208900
2021-04-08,CTVA,46.5099983215332,47.119998931884766,46.18000030517578,46.93000030517578,44.65017318725586,2181800
2021-04-08,CTVA,46.5099983215332,47.119998931884766,46.18000030517578,46.93000030517578,44.65017318725586,2181800
2021-04-09,CTVA,47.27000045776367,47.64500045776367,46.81999969482422,47.130001068115234,44.84046173095703,2552900
2021-04-09,CTVA,47.27000045776367,47.64500045776367,46.81999969482422,47.130001068115234,44.84046173095703,2552900
2021-04-12,CTVA,47.36000061035156,47.650001525878906,46.83000183105469,47.09999847412109,44.81191635131836,2449800
2021-04-12,CTVA,47.36000061035156,47.650001525878906,46.83000183105469,47.09999847412109,44.81191635131836,2449800
2021-04-13,CTVA,47.11000061035156,47.20000076293945,46.5099983215332,46.869998931884766,44.59309387207031,2542700
2021-04-13,CTVA,47.11000061035156,47.20000076293945,46.5099983215332,46.869998931884766,44.59309387207031,2542700
2021-04-14,CTVA,46.83000183105469,47.63999938964844,46.77000045776367,47.220001220703125,44.92609405517578,2958000
2021-04-14,CTVA,46.83000183105469,47.63999938964844,46.77000045776367,47.220001220703125,44.92609405517578,2958000
2021-04-15,CTVA,47.59000015258789,47.71500015258789,46.87300109863281,47.52000045776367,45.211524963378906,2190300
2021-04-15,CTVA,47.59000015258789,47.71500015258789,46.87300109863281,47.52000045776367,45.211524963378906,2190300
2021-04-16,CTVA,47.970001220703125,48.13999938964844,47.290000915527344,47.5,45.19249725341797,2834900
2021-04-16,CTVA,47.970001220703125,48.13999938964844,47.290000915527344,47.5,45.19249725341797,2834900
2021-04-19,CTVA,47.709999084472656,47.880001068115234,46.900001525878906,47.52000045776367,45.211524963378906,3157200
2021-04-19,CTVA,47.709999084472656,47.880001068115234,46.900001525878906,47.52000045776367,45.211524963378906,3157200
2021-04-20,CTVA,47.36000061035156,47.82500076293945,46.65999984741211,46.959999084472656,44.67871475219727,2421900
2021-04-20,CTVA,47.36000061035156,47.82500076293945,46.65999984741211,46.959999084472656,44.67871475219727,2421900
2021-04-21,CTVA,46.880001068115234,48.29999923706055,46.72999954223633,48.27999877929688,45.93458938598633,2732600
2021-04-21,CTVA,46.880001068115234,48.29999923706055,46.72999954223633,48.27999877929688,45.93458938598633,2732600
2021-04-22,CTVA,48.34000015258789,48.869998931884766,47.68999862670898,48.08000183105469,45.74431228637695,3445600
2021-04-22,CTVA,48.34000015258789,48.869998931884766,47.68999862670898,48.08000183105469,45.74431228637695,3445600
2021-04-23,CTVA,48.09000015258789,48.915000915527344,47.95000076293945,48.630001068115234,46.26759338378906,2501300
2021-04-23,CTVA,48.09000015258789,48.915000915527344,47.95000076293945,48.630001068115234,46.26759338378906,2501300
2021-04-26,CTVA,48.720001220703125,49.34000015258789,48.64500045776367,48.869998931884766,46.49593353271485,1890000
2021-04-26,CTVA,48.720001220703125,49.34000015258789,48.64500045776367,48.869998931884766,46.49593353271485,1890000
2021-04-27,CTVA,48.790000915527344,49.27000045776367,48.59999847412109,49.15999984741211,46.771854400634766,2083400
2021-04-27,CTVA,48.790000915527344,49.27000045776367,48.59999847412109,49.15999984741211,46.771854400634766,2083400
2021-04-28,CTVA,49.41999816894531,49.810001373291016,49.060001373291016,49.18999862670898,46.80039978027344,2641600
2021-04-28,CTVA,49.41999816894531,49.810001373291016,49.060001373291016,49.18999862670898,46.80039978027344,2641600
2021-04-29,CTVA,49.560001373291016,49.72999954223633,49.02000045776367,49.560001373291016,47.15242004394531,1809000
2021-04-29,CTVA,49.560001373291016,49.72999954223633,49.02000045776367,49.560001373291016,47.15242004394531,1809000
2021-04-30,CTVA,49.400001525878906,49.755001068115234,48.70000076293945,48.7599983215332,46.39127731323242,2426100
2021-04-30,CTVA,49.400001525878906,49.755001068115234,48.70000076293945,48.7599983215332,46.39127731323242,2426100
2021-05-03,CTVA,49.22999954223633,49.97999954223633,49.06999969482422,49.72999954223633,47.31415939331055,2480700
2021-05-03,CTVA,49.22999954223633,49.97999954223633,49.06999969482422,49.72999954223633,47.31415939331055,2480700
2021-05-04,CTVA,49.0,49.84000015258789,48.7599983215332,49.790000915527344,47.37124633789063,3447100
2021-05-04,CTVA,49.0,49.84000015258789,48.7599983215332,49.790000915527344,47.37124633789063,3447100
2021-05-05,CTVA,47.54999923706055,47.9900016784668,46.810001373291016,47.68000030517578,45.363746643066406,4184300
2021-05-05,CTVA,47.54999923706055,47.9900016784668,46.810001373291016,47.68000030517578,45.363746643066406,4184300
2021-05-06,CTVA,47.810001373291016,48.45000076293945,46.56999969482422,48.40999984741211,46.05827713012695,3228800
2021-05-06,CTVA,47.810001373291016,48.45000076293945,46.56999969482422,48.40999984741211,46.05827713012695,3228800
2021-05-07,CTVA,48.27999877929688,49.292999267578125,48.18000030517578,48.86000061035156,46.48642349243164,3362700
2021-05-07,CTVA,48.27999877929688,49.292999267578125,48.18000030517578,48.86000061035156,46.48642349243164,3362700
2021-05-10,CTVA,49.18999862670898,49.97999954223633,46.84000015258789,46.9900016784668,44.70726776123047,5547300
2021-05-10,CTVA,49.18999862670898,49.97999954223633,46.84000015258789,46.9900016784668,44.70726776123047,5547300
2021-05-11,CTVA,46.290000915527344,47.25,45.70000076293945,47.09000015258789,44.80241012573242,4086200
2021-05-11,CTVA,46.290000915527344,47.25,45.70000076293945,47.09000015258789,44.80241012573242,4086200
2021-05-12,CTVA,47.52999877929688,47.59999847412109,45.040000915527344,45.18000030517578,42.98519134521485,4909600
2021-05-12,CTVA,47.52999877929688,47.59999847412109,45.040000915527344,45.18000030517578,42.98519134521485,4909600
2021-05-13,CTVA,45.20000076293945,46.22999954223633,44.880001068115234,45.91999816894531,43.815311431884766,6047400
2021-05-13,CTVA,45.20000076293945,46.22999954223633,44.880001068115234,45.91999816894531,43.815311431884766,6047400
2021-05-14,CTVA,46.33000183105469,46.790000915527344,46.09999847412109,46.31999969482422,44.19697570800781,2211900
2021-05-14,CTVA,46.33000183105469,46.790000915527344,46.09999847412109,46.31999969482422,44.19697570800781,2211900
2021-05-17,CTVA,46.540000915527344,46.66999816894531,45.88999938964844,46.220001220703125,44.1015625,4149000
2021-05-17,CTVA,46.540000915527344,46.66999816894531,45.88999938964844,46.220001220703125,44.1015625,4149000
2021-05-18,CTVA,45.959999084472656,46.290000915527344,45.70000076293945,45.77999877929688,43.68172454833984,3353400
2021-05-18,CTVA,45.959999084472656,46.290000915527344,45.70000076293945,45.77999877929688,43.68172454833984,3353400
2021-05-19,CTVA,45.33000183105469,45.43000030517578,44.43999862670898,44.81999969482422,42.76573181152344,3138400
2021-05-19,CTVA,45.33000183105469,45.43000030517578,44.43999862670898,44.81999969482422,42.76573181152344,3138400
2021-05-20,CTVA,44.790000915527344,44.93000030517578,44.09000015258789,44.130001068115234,42.10735702514648,4225900
2021-05-20,CTVA,44.790000915527344,44.93000030517578,44.09000015258789,44.130001068115234,42.10735702514648,4225900
2021-05-21,CTVA,44.65999984741211,45.290000915527344,44.59999847412109,44.70000076293945,42.6512336730957,4346100
2021-05-21,CTVA,44.65999984741211,45.290000915527344,44.59999847412109,44.70000076293945,42.6512336730957,4346100
2021-05-24,CTVA,45.040000915527344,45.45000076293945,44.91299819946289,45.150001525878906,43.08061599731445,4032000
2021-05-24,CTVA,45.040000915527344,45.45000076293945,44.91299819946289,45.150001525878906,43.08061599731445,4032000
2021-05-25,CTVA,45.09999847412109,45.71500015258789,44.58000183105469,44.59999847412109,42.555809020996094,3549500
2021-05-25,CTVA,45.09999847412109,45.71500015258789,44.58000183105469,44.59999847412109,42.555809020996094,3549500
2021-05-26,CTVA,44.77999877929688,45.02000045776367,44.36000061035156,44.77999877929688,42.7275619506836,4609100
2021-05-26,CTVA,44.77999877929688,45.02000045776367,44.36000061035156,44.77999877929688,42.7275619506836,4609100
2021-05-27,CTVA,45.29999923706055,45.79999923706055,45.04999923706055,45.18000030517578,43.10923004150391,3708600
2021-05-27,CTVA,45.29999923706055,45.79999923706055,45.04999923706055,45.18000030517578,43.10923004150391,3708600
2021-05-28,CTVA,45.41999816894531,45.68000030517578,45.150001525878906,45.5,43.41456985473633,3028100
2021-05-28,CTVA,45.41999816894531,45.68000030517578,45.150001525878906,45.5,43.41456985473633,3028100
2021-06-01,CTVA,46.0,46.172000885009766,45.70500183105469,45.970001220703125,43.8630256652832,2543100
2021-06-01,CTVA,46.0,46.172000885009766,45.70500183105469,45.970001220703125,43.8630256652832,2543100
2021-06-02,CTVA,46.11000061035156,46.1150016784668,45.40999984741211,45.65999984741211,43.567230224609375,2729400
2021-06-02,CTVA,46.11000061035156,46.1150016784668,45.40999984741211,45.65999984741211,43.567230224609375,2729400
2021-06-03,CTVA,45.31999969482422,46.16999816894531,45.13999938964844,45.97999954223633,43.8725700378418,3318100
2021-06-03,CTVA,45.31999969482422,46.16999816894531,45.13999938964844,45.97999954223633,43.8725700378418,3318100
2021-06-04,CTVA,46.20000076293945,46.36299896240234,45.810001373291016,45.959999084472656,43.853477478027344,1437600
2021-06-04,CTVA,46.20000076293945,46.36299896240234,45.810001373291016,45.959999084472656,43.853477478027344,1437600
2021-06-07,CTVA,46.0,46.27999877929688,45.209999084472656,45.93000030517578,43.82485580444336,1989000
2021-06-07,CTVA,46.0,46.27999877929688,45.209999084472656,45.93000030517578,43.82485580444336,1989000
2021-06-08,CTVA,45.77000045776367,46.34999847412109,45.470001220703125,45.900001525878906,43.79623794555664,2464800
2021-06-08,CTVA,45.77000045776367,46.34999847412109,45.470001220703125,45.900001525878906,43.79623794555664,2464800
2021-06-09,CTVA,45.84999847412109,45.959999084472656,45.40999984741211,45.4900016784668,43.405029296875,3077400
2021-06-09,CTVA,45.84999847412109,45.959999084472656,45.40999984741211,45.4900016784668,43.405029296875,3077400
2021-06-10,CTVA,45.93999862670898,46.0099983215332,44.54999923706055,44.560001373291016,42.51765060424805,2921800
2021-06-10,CTVA,45.93999862670898,46.0099983215332,44.54999923706055,44.560001373291016,42.51765060424805,2921800
2021-06-11,CTVA,44.88999938964844,45.29999923706055,44.29999923706055,44.540000915527344,42.49856185913086,2942800
2021-06-11,CTVA,44.88999938964844,45.29999923706055,44.29999923706055,44.540000915527344,42.49856185913086,2942800
2021-06-14,CTVA,44.470001220703125,44.560001373291016,43.709999084472656,43.959999084472656,41.94514846801758,2263800
2021-06-14,CTVA,44.470001220703125,44.560001373291016,43.709999084472656,43.959999084472656,41.94514846801758,2263800
2021-06-15,CTVA,44.09000015258789,44.66999816894531,43.709999084472656,44.310001373291016,42.279109954833984,2747700
2021-06-15,CTVA,44.09000015258789,44.66999816894531,43.709999084472656,44.310001373291016,42.279109954833984,2747700
2021-06-16,CTVA,44.25,44.290000915527344,43.525001525878906,43.70000076293945,41.69706726074219,3422100
2021-06-16,CTVA,44.25,44.290000915527344,43.525001525878906,43.70000076293945,41.69706726074219,3422100
2021-06-17,CTVA,43.65999984741211,43.77999877929688,42.5099983215332,43.5099983215332,41.51577377319336,5380700
2021-06-17,CTVA,43.65999984741211,43.77999877929688,42.5099983215332,43.5099983215332,41.51577377319336,5380700
2021-06-18,CTVA,42.7400016784668,43.18999862670898,42.59000015258789,42.709999084472656,40.75244903564453,7900400
2021-06-18,CTVA,42.7400016784668,43.18999862670898,42.59000015258789,42.709999084472656,40.75244903564453,7900400
2021-06-21,CTVA,43.150001525878906,43.79999923706055,43.150001525878906,43.40999984741211,41.42034912109375,3819300
2021-06-21,CTVA,43.150001525878906,43.79999923706055,43.150001525878906,43.40999984741211,41.42034912109375,3819300
2021-06-22,CTVA,43.470001220703125,43.70000076293945,43.09999847412109,43.4900016784668,41.4966926574707,2226100
2021-06-22,CTVA,43.470001220703125,43.70000076293945,43.09999847412109,43.4900016784668,41.4966926574707,2226100
2021-06-23,CTVA,43.47999954223633,44.025001525878906,43.47999954223633,43.56999969482422,41.57302474975586,2627100
2021-06-23,CTVA,43.47999954223633,44.025001525878906,43.47999954223633,43.56999969482422,41.57302474975586,2627100
2021-06-24,CTVA,43.84000015258789,44.875,43.459999084472656,44.34999847412109,42.3172721862793,3528900
2021-06-24,CTVA,43.84000015258789,44.875,43.459999084472656,44.34999847412109,42.3172721862793,3528900
2021-06-25,CTVA,44.650001525878906,44.72999954223633,44.0,44.15999984741211,42.13598251342773,3675800
2021-06-25,CTVA,44.650001525878906,44.72999954223633,44.0,44.15999984741211,42.13598251342773,3675800
2021-06-28,CTVA,44.150001525878906,44.46500015258789,43.56499862670898,44.34000015258789,42.30773162841797,3515000
2021-06-28,CTVA,44.150001525878906,44.46500015258789,43.56499862670898,44.34000015258789,42.30773162841797,3515000
2021-06-29,CTVA,44.7400016784668,45.060001373291016,44.18999862670898,44.27999877929688,42.25048828125,2121800
2021-06-29,CTVA,44.7400016784668,45.060001373291016,44.18999862670898,44.27999877929688,42.25048828125,2121800
2021-06-30,CTVA,44.43000030517578,44.46500015258789,44.03499984741211,44.34999847412109,42.3172721862793,3230200
2021-06-30,CTVA,44.43000030517578,44.46500015258789,44.03499984741211,44.34999847412109,42.3172721862793,3230200
2021-07-01,CTVA,44.540000915527344,44.900001525878906,44.07500076293945,44.619998931884766,42.57489776611328,2103800
2021-07-01,CTVA,44.540000915527344,44.900001525878906,44.07500076293945,44.619998931884766,42.57489776611328,2103800
2021-07-02,CTVA,44.73500061035156,44.81999969482422,44.20000076293945,44.5,42.46039581298828,1833900
2021-07-02,CTVA,44.73500061035156,44.81999969482422,44.20000076293945,44.5,42.46039581298828,1833900
2021-07-06,CTVA,44.45000076293945,44.5,43.81999969482422,44.09000015258789,42.06919097900391,2183600
2021-07-06,CTVA,44.45000076293945,44.5,43.81999969482422,44.09000015258789,42.06919097900391,2183600
2021-07-07,CTVA,43.7599983215332,44.34999847412109,42.880001068115234,43.380001068115234,41.39173126220703,3348100
2021-07-07,CTVA,43.7599983215332,44.34999847412109,42.880001068115234,43.380001068115234,41.39173126220703,3348100
2021-07-08,CTVA,42.93999862670898,43.290000915527344,42.56100082397461,42.900001525878906,40.93373107910156,2307700
2021-07-08,CTVA,42.93999862670898,43.290000915527344,42.56100082397461,42.900001525878906,40.93373107910156,2307700
2021-07-09,CTVA,43.54999923706055,43.619998931884766,42.95500183105469,43.45000076293945,41.45852279663086,3265600
2021-07-09,CTVA,43.54999923706055,43.619998931884766,42.95500183105469,43.45000076293945,41.45852279663086,3265600
2021-07-12,CTVA,42.88999938964844,44.0099983215332,42.68999862670898,43.79999923706055,41.79248046875,2485500
2021-07-12,CTVA,42.88999938964844,44.0099983215332,42.68999862670898,43.79999923706055,41.79248046875,2485500
2021-07-13,CTVA,43.91999816894531,44.09999847412109,42.95000076293945,43.04999923706055,41.07686614990234,2388200
2021-07-13,CTVA,43.91999816894531,44.09999847412109,42.95000076293945,43.04999923706055,41.07686614990234,2388200
2021-07-14,CTVA,43.09999847412109,43.68000030517578,42.58000183105469,42.66999816894531,40.71427536010742,3114200
2021-07-14,CTVA,43.09999847412109,43.68000030517578,42.58000183105469,42.66999816894531,40.71427536010742,3114200
2021-07-15,CTVA,42.400001525878906,43.040000915527344,42.119998931884766,42.41999816894531,40.475730895996094,2904400
2021-07-15,CTVA,42.400001525878906,43.040000915527344,42.119998931884766,42.41999816894531,40.475730895996094,2904400
2021-07-16,CTVA,42.4900016784668,42.650001525878906,41.595001220703125,41.810001373291016,39.893699645996094,3419700
2021-07-16,CTVA,42.4900016784668,42.650001525878906,41.595001220703125,41.810001373291016,39.893699645996094,3419700
2021-07-19,CTVA,41.13999938964844,41.31999969482422,40.59999847412109,40.93000030517578,39.05402374267578,4629200
2021-07-19,CTVA,41.13999938964844,41.31999969482422,40.59999847412109,40.93000030517578,39.05402374267578,4629200
2021-07-20,CTVA,40.90999984741211,42.02000045776367,40.7400016784668,41.72999954223633,39.81735610961914,2978300
2021-07-20,CTVA,40.90999984741211,42.02000045776367,40.7400016784668,41.72999954223633,39.81735610961914,2978300
2021-07-21,CTVA,42.25,42.68000030517578,42.06499862670898,42.209999084472656,40.27535629272461,3482700
2021-07-21,CTVA,42.25,42.68000030517578,42.06499862670898,42.209999084472656,40.27535629272461,3482700
2021-07-22,CTVA,42.34000015258789,42.3849983215332,41.72499847412109,42.27000045776367,40.332611083984375,1458500
2021-07-22,CTVA,42.34000015258789,42.3849983215332,41.72499847412109,42.27000045776367,40.332611083984375,1458500
2021-07-23,CTVA,42.459999084472656,42.459999084472656,41.900001525878906,42.130001068115234,40.19902038574219,1590300
2021-07-23,CTVA,42.459999084472656,42.459999084472656,41.900001525878906,42.130001068115234,40.19902038574219,1590300
2021-07-26,CTVA,42.2599983215332,42.45000076293945,41.84999847412109,42.34999847412109,40.4089469909668,2840200
2021-07-26,CTVA,42.2599983215332,42.45000076293945,41.84999847412109,42.34999847412109,40.4089469909668,2840200
2021-07-27,CTVA,42.0,42.58000183105469,41.40999984741211,42.52999877929688,40.5806884765625,2860100
2021-07-27,CTVA,42.0,42.58000183105469,41.40999984741211,42.52999877929688,40.5806884765625,2860100
2021-07-28,CTVA,42.66999816894531,43.150001525878906,42.45000076293945,42.81999969482422,40.85740280151367,2819800
2021-07-28,CTVA,42.66999816894531,43.150001525878906,42.45000076293945,42.81999969482422,40.85740280151367,2819800
2021-07-29,CTVA,43.27000045776367,43.77999877929688,43.11000061035156,43.220001220703125,41.23907852172852,2394500
2021-07-29,CTVA,43.27000045776367,43.77999877929688,43.11000061035156,43.220001220703125,41.23907852172852,2394500
2021-07-30,CTVA,42.810001373291016,43.494998931884766,42.720001220703125,42.77999877929688,40.81923294067383,2116200
2021-07-30,CTVA,42.810001373291016,43.494998931884766,42.720001220703125,42.77999877929688,40.81923294067383,2116200
2021-08-02,CTVA,43.0,43.45000076293945,42.45000076293945,42.47999954223633,40.53298568725586,1803300
2021-08-02,CTVA,43.0,43.45000076293945,42.45000076293945,42.47999954223633,40.53298568725586,1803300
2021-08-03,CTVA,42.59999847412109,43.10499954223633,42.27000045776367,43.06999969482422,41.095951080322266,3147200
2021-08-03,CTVA,42.59999847412109,43.10499954223633,42.27000045776367,43.06999969482422,41.095951080322266,3147200
2021-08-04,CTVA,42.790000915527344,42.88999938964844,42.2400016784668,42.27000045776367,40.332611083984375,2159000
2021-08-04,CTVA,42.790000915527344,42.88999938964844,42.2400016784668,42.27000045776367,40.332611083984375,2159000
2021-08-05,CTVA,42.33000183105469,42.66999816894531,41.40999984741211,41.43999862670898,39.54064178466797,5051800
2021-08-05,CTVA,42.33000183105469,42.66999816894531,41.40999984741211,41.43999862670898,39.54064178466797,5051800
2021-08-06,CTVA,44.0,45.709999084472656,43.75,44.7599983215332,42.7084846496582,6031100
2021-08-06,CTVA,44.0,45.709999084472656,43.75,44.7599983215332,42.7084846496582,6031100
2021-08-09,CTVA,44.86000061035156,45.560001373291016,44.560001373291016,45.18000030517578,43.10923004150391,4724200
2021-08-09,CTVA,44.86000061035156,45.560001373291016,44.560001373291016,45.18000030517578,43.10923004150391,4724200
2021-08-10,CTVA,45.15999984741211,45.83000183105469,45.02999877929688,45.630001068115234,43.538612365722656,3043700
2021-08-10,CTVA,45.15999984741211,45.83000183105469,45.02999877929688,45.630001068115234,43.538612365722656,3043700
2021-08-11,CTVA,45.650001525878906,45.880001068115234,45.34000015258789,45.7400016784668,43.6435546875,2455500
2021-08-11,CTVA,45.650001525878906,45.880001068115234,45.34000015258789,45.7400016784668,43.6435546875,2455500
2021-08-12,CTVA,45.61000061035156,46.18000030517578,45.11000061035156,46.060001373291016,44.083831787109375,2987400
2021-08-12,CTVA,45.61000061035156,46.18000030517578,45.11000061035156,46.060001373291016,44.083831787109375,2987400
2021-08-13,CTVA,46.13999938964844,46.33000183105469,45.900001525878906,45.9900016784668,44.0168342590332,2872700
2021-08-13,CTVA,46.13999938964844,46.33000183105469,45.900001525878906,45.9900016784668,44.0168342590332,2872700
2021-08-16,CTVA,45.5,45.65999984741211,45.11000061035156,45.16999816894531,43.23201751708984,4732800
2021-08-16,CTVA,45.5,45.65999984741211,45.11000061035156,45.16999816894531,43.23201751708984,4732800
2021-08-17,CTVA,45.0,45.25,44.34000015258789,45.06999969482422,43.13629913330078,6382800
2021-08-17,CTVA,45.0,45.25,44.34000015258789,45.06999969482422,43.13629913330078,6382800
2021-08-18,CTVA,44.81999969482422,45.32500076293945,43.900001525878906,43.93999862670898,42.054786682128906,3524700
2021-08-18,CTVA,44.81999969482422,45.32500076293945,43.900001525878906,43.93999862670898,42.054786682128906,3524700
2021-08-19,CTVA,43.2599983215332,43.685001373291016,42.470001220703125,42.54999923706055,40.724422454833984,2458000
2021-08-19,CTVA,43.2599983215332,43.685001373291016,42.470001220703125,42.54999923706055,40.724422454833984,2458000
2021-08-20,CTVA,42.4900016784668,42.810001373291016,41.834999084472656,41.93999862670898,40.14059448242188,3006200
2021-08-20,CTVA,42.4900016784668,42.810001373291016,41.834999084472656,41.93999862670898,40.14059448242188,3006200
2021-08-23,CTVA,42.16999816894531,42.369998931884766,41.85499954223633,41.95000076293945,40.150169372558594,3609800
2021-08-23,CTVA,42.16999816894531,42.369998931884766,41.85499954223633,41.95000076293945,40.150169372558594,3609800
2021-08-24,CTVA,42.0099983215332,42.81999969482422,42.0099983215332,42.54999923706055,40.724422454833984,3524600
2021-08-24,CTVA,42.0099983215332,42.81999969482422,42.0099983215332,42.54999923706055,40.724422454833984,3524600
2021-08-25,CTVA,42.470001220703125,43.96500015258789,42.27000045776367,43.77999877929688,41.90165710449219,3784400
2021-08-25,CTVA,42.470001220703125,43.96500015258789,42.27000045776367,43.77999877929688,41.90165710449219,3784400
2021-08-26,CTVA,43.84999847412109,44.53499984741211,43.65999984741211,43.9900016784668,42.10264205932617,3495500
2021-08-26,CTVA,43.84999847412109,44.53499984741211,43.65999984741211,43.9900016784668,42.10264205932617,3495500
2021-08-27,CTVA,44.22999954223633,44.834999084472656,44.09999847412109,44.18000030517578,42.28448486328125,2580300
2021-08-27,CTVA,44.22999954223633,44.834999084472656,44.09999847412109,44.18000030517578,42.28448486328125,2580300
2021-08-30,CTVA,44.27000045776367,44.27000045776367,43.709999084472656,43.7599983215332,41.88250732421875,1854900
2021-08-30,CTVA,44.27000045776367,44.27000045776367,43.709999084472656,43.7599983215332,41.88250732421875,1854900
2021-08-31,CTVA,43.88999938964844,44.02999877929688,43.47999954223633,43.970001220703125,42.08349609375,4187000
2021-08-31,CTVA,43.88999938964844,44.02999877929688,43.47999954223633,43.970001220703125,42.08349609375,4187000
2021-09-01,CTVA,44.36000061035156,44.494998931884766,43.63999938964844,44.380001068115234,42.47591018676758,2518000
2021-09-01,CTVA,44.36000061035156,44.494998931884766,43.63999938964844,44.380001068115234,42.47591018676758,2518000
2021-09-02,CTVA,44.43999862670898,45.43000030517578,44.40999984741211,44.91999816894531,42.99273300170898,2817600
2021-09-02,CTVA,44.43999862670898,45.43000030517578,44.40999984741211,44.91999816894531,42.99273300170898,2817600
2021-09-03,CTVA,44.810001373291016,45.47499847412109,44.810001373291016,44.91999816894531,42.99273300170898,3472000
2021-09-03,CTVA,44.810001373291016,45.47499847412109,44.810001373291016,44.91999816894531,42.99273300170898,3472000
2021-09-07,CTVA,44.619998931884766,44.7599983215332,44.290000915527344,44.33000183105469,42.42805480957031,2455100
2021-09-07,CTVA,44.619998931884766,44.7599983215332,44.290000915527344,44.33000183105469,42.42805480957031,2455100
2021-09-08,CTVA,44.34000015258789,44.59999847412109,43.59999847412109,44.13999938964844,42.24620819091797,3013300
2021-09-08,CTVA,44.34000015258789,44.59999847412109,43.59999847412109,44.13999938964844,42.24620819091797,3013300
2021-09-09,CTVA,43.91999816894531,44.13999938964844,43.52000045776367,43.58000183105469,41.71023178100586,2703300
2021-09-09,CTVA,43.91999816894531,44.13999938964844,43.52000045776367,43.58000183105469,41.71023178100586,2703300
2021-09-10,CTVA,44.119998931884766,44.119998931884766,43.36000061035156,43.41999816894531,41.55709457397461,2061200
2021-09-10,CTVA,44.119998931884766,44.119998931884766,43.36000061035156,43.41999816894531,41.55709457397461,2061200
2021-09-13,CTVA,43.59999847412109,43.84999847412109,42.619998931884766,43.13999938964844,41.28911590576172,1907400
2021-09-13,CTVA,43.59999847412109,43.84999847412109,42.619998931884766,43.13999938964844,41.28911590576172,1907400
2021-09-14,CTVA,43.36000061035156,43.459999084472656,42.15999984741211,42.2599983215332,40.44685745239258,1787500
2021-09-14,CTVA,43.36000061035156,43.459999084472656,42.15999984741211,42.2599983215332,40.44685745239258,1787500
2021-09-15,CTVA,42.29999923706055,43.09000015258789,42.23500061035156,42.970001220703125,41.12640380859375,2177900
2021-09-15,CTVA,42.29999923706055,43.09000015258789,42.23500061035156,42.970001220703125,41.12640380859375,2177900
2021-09-16,CTVA,42.900001525878906,42.97999954223633,42.29999923706055,42.58000183105469,40.75313568115234,2711200
2021-09-16,CTVA,42.900001525878906,42.97999954223633,42.29999923706055,42.58000183105469,40.75313568115234,2711200
2021-09-17,CTVA,42.45000076293945,42.93000030517578,41.310001373291016,41.869998931884766,40.07360458374024,7032100
2021-09-17,CTVA,42.45000076293945,42.93000030517578,41.310001373291016,41.869998931884766,40.07360458374024,7032100
2021-09-20,CTVA,41.0,41.56999969482422,40.720001220703125,41.4900016784668,39.70991134643555,2506600
2021-09-20,CTVA,41.0,41.56999969482422,40.720001220703125,41.4900016784668,39.70991134643555,2506600
2021-09-21,CTVA,41.66999816894531,41.79999923706055,41.1349983215332,41.400001525878906,39.62375259399414,3350900
2021-09-21,CTVA,41.66999816894531,41.79999923706055,41.1349983215332,41.400001525878906,39.62375259399414,3350900
2021-09-22,CTVA,41.880001068115234,42.39500045776367,41.77999877929688,41.93999862670898,40.14059448242188,2126700
2021-09-22,CTVA,41.880001068115234,42.39500045776367,41.77999877929688,41.93999862670898,40.14059448242188,2126700
2021-09-23,CTVA,42.20000076293945,42.790000915527344,42.119998931884766,42.40999984741211,40.590431213378906,2644000
2021-09-23,CTVA,42.20000076293945,42.790000915527344,42.119998931884766,42.40999984741211,40.590431213378906,2644000
2021-09-24,CTVA,42.25,42.54999923706055,42.02999877929688,42.310001373291016,40.49472427368164,2311800
2021-09-24,CTVA,42.25,42.54999923706055,42.02999877929688,42.310001373291016,40.49472427368164,2311800
2021-09-27,CTVA,42.369998931884766,43.56999969482422,42.369998931884766,43.459999084472656,41.59537887573242,2967200
2021-09-27,CTVA,42.369998931884766,43.56999969482422,42.369998931884766,43.459999084472656,41.59537887573242,2967200
2021-09-28,CTVA,43.58000183105469,44.0099983215332,42.685001373291016,43.040000915527344,41.19340515136719,2988400
2021-09-28,CTVA,43.58000183105469,44.0099983215332,42.685001373291016,43.040000915527344,41.19340515136719,2988400
2021-09-29,CTVA,43.18000030517578,43.22999954223633,42.61000061035156,42.86000061035156,41.02112579345703,2024700
2021-09-29,CTVA,43.18000030517578,43.22999954223633,42.61000061035156,42.86000061035156,41.02112579345703,2024700
2021-09-30,CTVA,42.900001525878906,43.08000183105469,42.060001373291016,42.08000183105469,40.27458953857422,2433200
2021-09-30,CTVA,42.900001525878906,43.08000183105469,42.060001373291016,42.08000183105469,40.27458953857422,2433200
2021-10-01,CTVA,42.34999847412109,43.8650016784668,42.18999862670898,43.5,41.63366317749024,3540600
2021-10-01,CTVA,42.34999847412109,43.8650016784668,42.18999862670898,43.5,41.63366317749024,3540600
2021-10-04,CTVA,43.59999847412109,43.869998931884766,42.40999984741211,42.54999923706055,40.724422454833984,2853900
2021-10-04,CTVA,43.59999847412109,43.869998931884766,42.40999984741211,42.54999923706055,40.724422454833984,2853900
2021-10-05,CTVA,42.68999862670898,43.8849983215332,42.47999954223633,43.459999084472656,41.59537887573242,3173800
2021-10-05,CTVA,42.68999862670898,43.8849983215332,42.47999954223633,43.459999084472656,41.59537887573242,3173800
2021-10-06,CTVA,42.84999847412109,43.03499984741211,41.56800079345703,42.0,40.19802474975586,3050200
2021-10-06,CTVA,42.84999847412109,43.03499984741211,41.56800079345703,42.0,40.19802474975586,3050200
2021-10-07,CTVA,42.470001220703125,43.04999923706055,42.290000915527344,42.4900016784668,40.6669921875,2005400
2021-10-07,CTVA,42.470001220703125,43.04999923706055,42.290000915527344,42.4900016784668,40.6669921875,2005400
2021-10-08,CTVA,42.7599983215332,43.20000076293945,42.5,42.77999877929688,40.94455337524414,1402700
2021-10-08,CTVA,42.7599983215332,43.20000076293945,42.5,42.77999877929688,40.94455337524414,1402700
2021-10-11,CTVA,42.93000030517578,43.38999938964844,42.41999816894531,42.459999084472656,40.63827896118164,1257900
2021-10-11,CTVA,42.93000030517578,43.38999938964844,42.41999816894531,42.459999084472656,40.63827896118164,1257900
2021-10-12,CTVA,42.209999084472656,42.560001373291016,41.77999877929688,41.95000076293945,40.150169372558594,1609000
2021-10-12,CTVA,42.209999084472656,42.560001373291016,41.77999877929688,41.95000076293945,40.150169372558594,1609000
2021-10-13,CTVA,42.31999969482422,42.34999847412109,41.369998931884766,42.2400016784668,40.42771911621094,2374000
2021-10-13,CTVA,42.31999969482422,42.34999847412109,41.369998931884766,42.2400016784668,40.42771911621094,2374000
2021-10-14,CTVA,42.59000015258789,43.61000061035156,42.52999877929688,43.369998931884766,41.50924301147461,1530600
2021-10-14,CTVA,42.59000015258789,43.61000061035156,42.52999877929688,43.369998931884766,41.50924301147461,1530600
2021-10-15,CTVA,43.68000030517578,43.92499923706055,43.33000183105469,43.5099983215332,41.64323425292969,2226100
2021-10-15,CTVA,43.68000030517578,43.92499923706055,43.33000183105469,43.5099983215332,41.64323425292969,2226100
2021-10-18,CTVA,42.42499923706055,43.52000045776367,42.11000061035156,43.27999877929688,41.423099517822266,2104600
2021-10-18,CTVA,42.42499923706055,43.52000045776367,42.11000061035156,43.27999877929688,41.423099517822266,2104600
2021-10-19,CTVA,43.5099983215332,43.67499923706055,42.93000030517578,43.630001068115234,41.75808334350586,1418600
2021-10-19,CTVA,43.5099983215332,43.67499923706055,42.93000030517578,43.630001068115234,41.75808334350586,1418600
2021-10-20,CTVA,43.54999923706055,44.52999877929688,43.54999923706055,44.130001068115234,42.23663711547852,2084900
2021-10-20,CTVA,43.54999923706055,44.52999877929688,43.54999923706055,44.130001068115234,42.23663711547852,2084900
2021-10-21,CTVA,43.83000183105469,44.0,42.59000015258789,42.709999084472656,40.8775634765625,2653300
2021-10-21,CTVA,43.83000183105469,44.0,42.59000015258789,42.709999084472656,40.8775634765625,2653300
2021-10-22,CTVA,42.75,43.25,42.58000183105469,42.75,40.91584396362305,1875700
2021-10-22,CTVA,42.75,43.25,42.58000183105469,42.75,40.91584396362305,1875700
2021-10-25,CTVA,42.9900016784668,43.09999847412109,42.4900016784668,42.52000045776367,40.69570541381836,3361100
2021-10-25,CTVA,42.9900016784668,43.09999847412109,42.4900016784668,42.52000045776367,40.69570541381836,3361100
2021-10-26,CTVA,42.650001525878906,42.85499954223633,42.30899810791016,42.709999084472656,40.8775634765625,1656700
2021-10-26,CTVA,42.650001525878906,42.85499954223633,42.30899810791016,42.709999084472656,40.8775634765625,1656700
2021-10-27,CTVA,42.459999084472656,42.54999923706055,42.06999969482422,42.11000061035156,40.30329895019531,2147300
2021-10-27,CTVA,42.459999084472656,42.54999923706055,42.06999969482422,42.11000061035156,40.30329895019531,2147300
2021-10-28,CTVA,42.18999862670898,43.13999938964844,42.18999862670898,43.040000915527344,41.19340515136719,2593400
2021-10-28,CTVA,42.18999862670898,43.13999938964844,42.18999862670898,43.040000915527344,41.19340515136719,2593400
2021-10-29,CTVA,42.90999984741211,43.4900016784668,42.68999862670898,43.150001525878906,41.29867935180664,3683900
2021-10-29,CTVA,42.90999984741211,43.4900016784668,42.68999862670898,43.150001525878906,41.29867935180664,3683900
2021-11-01,CTVA,43.16999816894531,43.43000030517578,42.84999847412109,43.0099983215332,41.16469192504883,2651700
2021-11-01,CTVA,43.16999816894531,43.43000030517578,42.84999847412109,43.0099983215332,41.16469192504883,2651700
2021-11-02,CTVA,43.04999923706055,43.34000015258789,42.13999938964844,42.84000015258789,41.001983642578125,4306700
2021-11-02,CTVA,43.04999923706055,43.34000015258789,42.13999938964844,42.84000015258789,41.001983642578125,4306700
2021-11-03,CTVA,42.619998931884766,45.13999938964844,42.619998931884766,44.810001373291016,42.8874626159668,4392900
2021-11-03,CTVA,42.619998931884766,45.13999938964844,42.619998931884766,44.810001373291016,42.8874626159668,4392900
2021-11-04,CTVA,45.5,47.650001525878906,45.18000030517578,47.400001525878906,45.3663330078125,4465900
2021-11-04,CTVA,45.5,47.650001525878906,45.18000030517578,47.400001525878906,45.3663330078125,4465900
2021-11-05,CTVA,47.68000030517578,48.56999969482422,47.29999923706055,47.59999847412109,45.55775451660156,2727300
2021-11-05,CTVA,47.68000030517578,48.56999969482422,47.29999923706055,47.59999847412109,45.55775451660156,2727300
2021-11-08,CTVA,47.90999984741211,48.18000030517578,46.40999984741211,46.540000915527344,44.54322814941406,4538200
2021-11-08,CTVA,47.90999984741211,48.18000030517578,46.40999984741211,46.540000915527344,44.54322814941406,4538200
2021-11-09,CTVA,46.619998931884766,48.119998931884766,46.61000061035156,47.84999847412109,45.79702377319336,2541700
2021-11-09,CTVA,46.619998931884766,48.119998931884766,46.61000061035156,47.84999847412109,45.79702377319336,2541700
2021-11-10,CTVA,47.45000076293945,48.18000030517578,47.29999923706055,47.68000030517578,45.76823806762695,2025300
2021-11-10,CTVA,47.45000076293945,48.18000030517578,47.29999923706055,47.68000030517578,45.76823806762695,2025300
2021-11-11,CTVA,47.61000061035156,48.29999923706055,47.560001373291016,47.68999862670898,45.77783203125,1397400
2021-11-11,CTVA,47.61000061035156,48.29999923706055,47.560001373291016,47.68999862670898,45.77783203125,1397400
2021-11-12,CTVA,47.900001525878906,48.77000045776367,47.834999084472656,48.70000076293945,46.747344970703125,3811500
2021-11-12,CTVA,47.900001525878906,48.77000045776367,47.834999084472656,48.70000076293945,46.747344970703125,3811500
2021-11-15,CTVA,49.06499862670898,49.400001525878906,48.09000015258789,48.369998931884766,46.43056488037109,1790700
2021-11-15,CTVA,49.06499862670898,49.400001525878906,48.09000015258789,48.369998931884766,46.43056488037109,1790700
2021-11-16,CTVA,48.869998931884766,49.09999847412109,48.400001525878906,48.43000030517578,46.488162994384766,1645700
2021-11-16,CTVA,48.869998931884766,49.09999847412109,48.400001525878906,48.43000030517578,46.488162994384766,1645700
2021-11-17,CTVA,48.22999954223633,48.72999954223633,48.04999923706055,48.34999847412109,46.41136932373047,1533100
2021-11-17,CTVA,48.22999954223633,48.72999954223633,48.04999923706055,48.34999847412109,46.41136932373047,1533100
2021-11-18,CTVA,48.58000183105469,49.0,48.27999877929688,48.66999816894531,46.71854019165039,2404900
2021-11-18,CTVA,48.58000183105469,49.0,48.27999877929688,48.66999816894531,46.71854019165039,2404900
2021-11-19,CTVA,48.33000183105469,48.4900016784668,47.64500045776367,47.810001373291016,45.89301300048828,3253700
2021-11-19,CTVA,48.33000183105469,48.4900016784668,47.64500045776367,47.810001373291016,45.89301300048828,3253700
2021-11-22,CTVA,47.95000076293945,48.76499938964844,47.540000915527344,47.54999923706055,45.64344787597656,2710700
2021-11-22,CTVA,47.95000076293945,48.76499938964844,47.540000915527344,47.54999923706055,45.64344787597656,2710700
2021-11-23,CTVA,47.70000076293945,47.9900016784668,47.02000045776367,47.900001525878906,45.97941589355469,2005200
2021-11-23,CTVA,47.70000076293945,47.9900016784668,47.02000045776367,47.900001525878906,45.97941589355469,2005200
2021-11-24,CTVA,47.540000915527344,47.84999847412109,47.27000045776367,47.56999969482422,45.66264343261719,1291900
2021-11-24,CTVA,47.540000915527344,47.84999847412109,47.27000045776367,47.56999969482422,45.66264343261719,1291900
2021-11-26,CTVA,46.20000076293945,47.0099983215332,46.119998931884766,46.83000183105469,44.95231628417969,1306500
2021-11-26,CTVA,46.20000076293945,47.0099983215332,46.119998931884766,46.83000183105469,44.95231628417969,1306500
2021-11-29,CTVA,47.29499816894531,47.400001525878906,46.43000030517578,46.59000015258789,44.72194290161133,2080700
2021-11-29,CTVA,47.29499816894531,47.400001525878906,46.43000030517578,46.59000015258789,44.72194290161133,2080700
2021-11-30,CTVA,46.29999923706055,46.41999816894531,44.77000045776367,45.0,43.19568634033203,4761900
2021-11-30,CTVA,46.29999923706055,46.41999816894531,44.77000045776367,45.0,43.19568634033203,4761900
2021-12-01,CTVA,45.77999877929688,46.970001220703125,44.63999938964844,44.65999984741211,42.86932373046875,2598900
2021-12-01,CTVA,45.77999877929688,46.970001220703125,44.63999938964844,44.65999984741211,42.86932373046875,2598900
2021-12-02,CTVA,44.97999954223633,46.5,44.8849983215332,46.18999862670898,44.33796691894531,2705200
2021-12-02,CTVA,44.97999954223633,46.5,44.8849983215332,46.18999862670898,44.33796691894531,2705200
2021-12-03,CTVA,46.25,47.5,45.57500076293945,46.040000915527344,44.19398880004883,3760300
2021-12-03,CTVA,46.25,47.5,45.57500076293945,46.040000915527344,44.19398880004883,3760300
2021-12-06,CTVA,46.63999938964844,47.54999923706055,46.34000015258789,47.09999847412109,45.21149063110352,3202300
2021-12-06,CTVA,46.63999938964844,47.54999923706055,46.34000015258789,47.09999847412109,45.21149063110352,3202300
2021-12-07,CTVA,47.68000030517578,48.41999816894531,47.4900016784668,47.75,45.83542251586914,2661700
2021-12-07,CTVA,47.68000030517578,48.41999816894531,47.4900016784668,47.75,45.83542251586914,2661700
2021-12-08,CTVA,48.09000015258789,48.34999847412109,47.49700164794922,48.11000061035156,46.18098449707031,2712200
2021-12-08,CTVA,48.09000015258789,48.34999847412109,47.49700164794922,48.11000061035156,46.18098449707031,2712200
2021-12-09,CTVA,47.79999923706055,48.41999816894531,47.72999954223633,48.02999877929688,46.10420227050781,1983900
2021-12-09,CTVA,47.79999923706055,48.41999816894531,47.72999954223633,48.02999877929688,46.10420227050781,1983900
2021-12-10,CTVA,48.400001525878906,48.65999984741211,47.68999862670898,47.959999084472656,46.03700637817383,2242500
2021-12-10,CTVA,48.400001525878906,48.65999984741211,47.68999862670898,47.959999084472656,46.03700637817383,2242500
2021-12-13,CTVA,47.59999847412109,47.650001525878906,46.54999923706055,46.630001068115234,44.76033782958984,2268800
2021-12-13,CTVA,47.59999847412109,47.650001525878906,46.54999923706055,46.630001068115234,44.76033782958984,2268800
2021-12-14,CTVA,46.540000915527344,47.02999877929688,46.125,46.310001373291016,44.453163146972656,2425100
2021-12-14,CTVA,46.540000915527344,47.02999877929688,46.125,46.310001373291016,44.453163146972656,2425100
2021-12-15,CTVA,46.2599983215332,46.2599983215332,45.119998931884766,46.09000015258789,44.24198532104492,2913100
2021-12-15,CTVA,46.2599983215332,46.2599983215332,45.119998931884766,46.09000015258789,44.24198532104492,2913100
2021-12-16,CTVA,46.43999862670898,47.45500183105469,46.29999923706055,46.97999954223633,45.09629440307617,3363800
2021-12-16,CTVA,46.43999862670898,47.45500183105469,46.29999923706055,46.97999954223633,45.09629440307617,3363800
2021-12-17,CTVA,47.13999938964844,47.13999938964844,45.93999862670898,46.08000183105469,44.23239135742188,6903500
2021-12-17,CTVA,47.13999938964844,47.13999938964844,45.93999862670898,46.08000183105469,44.23239135742188,6903500
2021-12-20,CTVA,45.68000030517578,45.68000030517578,43.88999938964844,44.7599983215332,42.96531677246094,3372700
2021-12-20,CTVA,45.68000030517578,45.68000030517578,43.88999938964844,44.7599983215332,42.96531677246094,3372700
2021-12-21,CTVA,45.27000045776367,46.119998931884766,45.06999969482422,45.81999969482422,43.98280334472656,2223400
2021-12-21,CTVA,45.27000045776367,46.119998931884766,45.06999969482422,45.81999969482422,43.98280334472656,2223400
2021-12-22,CTVA,45.84999847412109,46.220001220703125,45.650001525878906,45.93000030517578,44.0884017944336,2940500
2021-12-22,CTVA,45.84999847412109,46.220001220703125,45.650001525878906,45.93000030517578,44.0884017944336,2940500
2021-12-23,CTVA,46.02000045776367,46.790000915527344,45.93999862670898,46.43999862670898,44.57794570922852,1923800
2021-12-23,CTVA,46.02000045776367,46.790000915527344,45.93999862670898,46.43999862670898,44.57794570922852,1923800
2021-12-27,CTVA,46.38999938964844,47.02999877929688,46.25,47.0099983215332,45.125091552734375,1310500
2021-12-27,CTVA,46.38999938964844,47.02999877929688,46.25,47.0099983215332,45.125091552734375,1310500
2021-12-28,CTVA,46.93999862670898,47.540000915527344,46.810001373291016,47.380001068115234,45.48026657104492,1616700
2021-12-28,CTVA,46.93999862670898,47.540000915527344,46.810001373291016,47.380001068115234,45.48026657104492,1616700
2021-12-29,CTVA,47.209999084472656,47.52999877929688,47.02999877929688,47.34999847412109,45.45146942138672,1160900
2021-12-29,CTVA,47.209999084472656,47.52999877929688,47.02999877929688,47.34999847412109,45.45146942138672,1160900
2021-12-30,CTVA,47.5,47.7599983215332,47.060001373291016,47.119998931884766,45.230690002441406,1192200
2021-12-30,CTVA,47.5,47.7599983215332,47.060001373291016,47.119998931884766,45.230690002441406,1192200
2021-12-31,CTVA,46.93999862670898,47.41999816894531,46.880001068115234,47.27999877929688,45.38426971435547,1457000
2021-12-31,CTVA,46.93999862670898,47.41999816894531,46.880001068115234,47.27999877929688,45.38426971435547,1457000
2022-01-03,CTVA,47.400001525878906,47.77999877929688,46.790000915527344,46.900001525878906,45.01951217651367,2071200
2022-01-03,CTVA,47.400001525878906,47.77999877929688,46.790000915527344,46.900001525878906,45.01951217651367,2071200
2022-01-04,CTVA,47.11000061035156,48.33000183105469,47.11000061035156,47.77000045776367,45.85462188720703,2529200
2022-01-04,CTVA,47.11000061035156,48.33000183105469,47.11000061035156,47.77000045776367,45.85462188720703,2529200
2022-01-05,CTVA,48.02000045776367,48.2599983215332,47.209999084472656,47.2400016784668,45.34587097167969,2498600
2022-01-05,CTVA,48.02000045776367,48.2599983215332,47.209999084472656,47.2400016784668,45.34587097167969,2498600
2022-01-06,CTVA,47.540000915527344,48.25,47.06999969482422,47.900001525878906,45.97941589355469,2685800
2022-01-06,CTVA,47.540000915527344,48.25,47.06999969482422,47.900001525878906,45.97941589355469,2685800
2022-01-07,CTVA,47.900001525878906,48.79999923706055,47.79999923706055,48.41999816894531,46.47856903076172,2463600
2022-01-07,CTVA,47.900001525878906,48.79999923706055,47.79999923706055,48.41999816894531,46.47856903076172,2463600
2022-01-10,CTVA,48.29999923706055,48.29999923706055,46.81999969482422,47.38999938964844,45.48986053466797,2145200
2022-01-10,CTVA,48.29999923706055,48.29999923706055,46.81999969482422,47.38999938964844,45.48986053466797,2145200
2022-01-11,CTVA,47.5099983215332,48.4900016784668,47.25,48.40999984741211,46.46895980834961,1867000
2022-01-11,CTVA,47.5099983215332,48.4900016784668,47.25,48.40999984741211,46.46895980834961,1867000
2022-01-12,CTVA,48.970001220703125,49.34999847412109,48.4900016784668,48.86000061035156,46.90092468261719,1988000
2022-01-12,CTVA,48.970001220703125,49.34999847412109,48.4900016784668,48.86000061035156,46.90092468261719,1988000
2022-01-13,CTVA,48.81999969482422,49.40999984741211,48.540000915527344,48.900001525878906,46.93931579589844,2107800
2022-01-13,CTVA,48.81999969482422,49.40999984741211,48.540000915527344,48.900001525878906,46.93931579589844,2107800
2022-01-14,CTVA,48.31999969482422,48.77999877929688,47.81499862670898,48.59999847412109,46.65134048461914,2039600
2022-01-14,CTVA,48.31999969482422,48.77999877929688,47.81499862670898,48.59999847412109,46.65134048461914,2039600
2022-01-18,CTVA,48.13999938964844,48.36000061035156,47.75,48.13999938964844,46.20978546142578,1877800
2022-01-18,CTVA,48.13999938964844,48.36000061035156,47.75,48.13999938964844,46.20978546142578,1877800
2022-01-19,CTVA,48.43000030517578,48.5,47.16999816894531,47.220001220703125,45.32667922973633,2530800
2022-01-19,CTVA,48.43000030517578,48.5,47.16999816894531,47.220001220703125,45.32667922973633,2530800
2022-01-20,CTVA,47.5,47.97999954223633,46.400001525878906,46.540000915527344,44.67393493652344,2191200
2022-01-20,CTVA,47.5,47.97999954223633,46.400001525878906,46.540000915527344,44.67393493652344,2191200
2022-01-21,CTVA,46.16999816894531,46.75,45.31999969482422,45.43999862670898,43.61804962158203,2360700
2022-01-21,CTVA,46.16999816894531,46.75,45.31999969482422,45.43999862670898,43.61804962158203,2360700
2022-01-24,CTVA,44.70000076293945,46.290000915527344,43.7400016784668,46.06999969482422,44.22278594970703,3365500
2022-01-24,CTVA,44.70000076293945,46.290000915527344,43.7400016784668,46.06999969482422,44.22278594970703,3365500
2022-01-25,CTVA,45.040000915527344,46.43000030517578,44.220001220703125,46.04999923706055,44.20359420776367,4314600
2022-01-25,CTVA,45.040000915527344,46.43000030517578,44.220001220703125,46.04999923706055,44.20359420776367,4314600
2022-01-26,CTVA,46.43999862670898,47.11000061035156,45.3849983215332,46.0099983215332,44.16519165039063,2986200
2022-01-26,CTVA,46.43999862670898,47.11000061035156,45.3849983215332,46.0099983215332,44.16519165039063,2986200
2022-01-27,CTVA,46.47999954223633,47.54999923706055,46.29999923706055,46.84000015258789,44.96192169189453,2506200
2022-01-27,CTVA,46.47999954223633,47.54999923706055,46.29999923706055,46.84000015258789,44.96192169189453,2506200
2022-01-28,CTVA,46.7599983215332,47.47999954223633,46.09999847412109,47.459999084472656,45.55705261230469,2271500
2022-01-28,CTVA,46.7599983215332,47.47999954223633,46.09999847412109,47.459999084472656,45.55705261230469,2271500
2022-01-31,CTVA,47.43999862670898,48.20000076293945,47.2599983215332,48.08000183105469,46.15219497680664,2573500
2022-01-31,CTVA,47.43999862670898,48.20000076293945,47.2599983215332,48.08000183105469,46.15219497680664,2573500
2022-02-01,CTVA,47.95000076293945,48.34000015258789,47.36000061035156,47.93000030517578,46.00821685791016,4429000
2022-02-01,CTVA,47.95000076293945,48.34000015258789,47.36000061035156,47.93000030517578,46.00821685791016,4429000
2022-02-02,CTVA,47.869998931884766,48.36000061035156,47.65999984741211,48.130001068115234,46.2001838684082,3597400
2022-02-02,CTVA,47.869998931884766,48.36000061035156,47.65999984741211,48.130001068115234,46.2001838684082,3597400
2022-02-03,CTVA,48.040000915527344,49.34999847412109,47.369998931884766,48.52999877929688,46.58414840698242,4054900
2022-02-03,CTVA,48.040000915527344,49.34999847412109,47.369998931884766,48.52999877929688,46.58414840698242,4054900
2022-02-04,CTVA,48.25,50.755001068115234,48.25,50.25,48.23519134521485,4931500
2022-02-04,CTVA,48.25,50.755001068115234,48.25,50.25,48.23519134521485,4931500
2022-02-07,CTVA,50.34999847412109,50.5,49.34999847412109,49.54999923706055,47.56324768066406,4646600
2022-02-07,CTVA,50.34999847412109,50.5,49.34999847412109,49.54999923706055,47.56324768066406,4646600
2022-02-08,CTVA,49.650001525878906,50.41999816894531,49.34000015258789,50.369998931884766,48.350379943847656,4336000
2022-02-08,CTVA,49.650001525878906,50.41999816894531,49.34000015258789,50.369998931884766,48.350379943847656,4336000
2022-02-09,CTVA,50.84999847412109,51.625,50.79999923706055,51.540000915527344,49.47346496582031,2901500
2022-02-09,CTVA,50.84999847412109,51.625,50.79999923706055,51.540000915527344,49.47346496582031,2901500
2022-02-10,CTVA,51.29999923706055,52.380001068115234,50.70000076293945,50.95000076293945,48.90711975097656,4628200
2022-02-10,CTVA,51.29999923706055,52.380001068115234,50.70000076293945,50.95000076293945,48.90711975097656,4628200
2022-02-11,CTVA,50.93000030517578,51.7400016784668,50.470001220703125,51.04999923706055,49.00311279296875,3194800
2022-02-11,CTVA,50.93000030517578,51.7400016784668,50.470001220703125,51.04999923706055,49.00311279296875,3194800
2022-02-14,CTVA,51.20000076293945,51.54999923706055,50.369998931884766,50.900001525878906,48.859134674072266,5552300
2022-02-14,CTVA,51.20000076293945,51.54999923706055,50.369998931884766,50.900001525878906,48.859134674072266,5552300
2022-02-15,CTVA,50.43999862670898,51.130001068115234,50.20000076293945,50.88999938964844,48.84952926635742,4652900
2022-02-15,CTVA,50.43999862670898,51.130001068115234,50.20000076293945,50.88999938964844,48.84952926635742,4652900
2022-02-16,CTVA,51.27999877929688,51.900001525878906,50.900001525878906,51.459999084472656,49.39667510986328,3283700
2022-02-16,CTVA,51.27999877929688,51.900001525878906,50.900001525878906,51.459999084472656,49.39667510986328,3283700
2022-02-17,CTVA,50.85499954223633,51.58000183105469,50.459999084472656,51.27000045776367,49.21429061889648,2920200
2022-02-17,CTVA,50.85499954223633,51.58000183105469,50.459999084472656,51.27000045776367,49.21429061889648,2920200
2022-02-18,CTVA,51.4900016784668,51.810001373291016,50.47999954223633,50.70000076293945,48.66714477539063,2670100
2022-02-18,CTVA,51.4900016784668,51.810001373291016,50.47999954223633,50.70000076293945,48.66714477539063,2670100
2022-02-22,CTVA,50.720001220703125,51.2400016784668,50.25,50.66999816894531,48.63834762573242,2923700
2022-02-22,CTVA,50.720001220703125,51.2400016784668,50.25,50.66999816894531,48.63834762573242,2923700
2022-02-23,CTVA,50.9900016784668,51.5099983215332,50.310001373291016,50.41999816894531,48.39836502075195,3330800
2022-02-23,CTVA,50.9900016784668,51.5099983215332,50.310001373291016,50.41999816894531,48.39836502075195,3330800
2022-02-24,CTVA,49.59999847412109,50.15499877929688,49.0099983215332,50.04999923706055,48.0432014465332,3156900
2022-02-24,CTVA,49.59999847412109,50.15499877929688,49.0099983215332,50.04999923706055,48.0432014465332,3156900
2022-02-25,CTVA,50.290000915527344,51.86000061035156,50.18000030517578,51.84000015258789,49.76144027709961,3414300
2022-02-25,CTVA,50.290000915527344,51.86000061035156,50.18000030517578,51.84000015258789,49.76144027709961,3414300
2022-02-28,CTVA,51.0099983215332,52.060001373291016,50.650001525878906,52.02999877929688,50.07905960083008,4551900
2022-02-28,CTVA,51.0099983215332,52.060001373291016,50.650001525878906,52.02999877929688,50.07905960083008,4551900
2022-03-01,CTVA,52.119998931884766,52.36000061035156,50.02000045776367,50.369998931884766,48.48130798339844,3091100
2022-03-01,CTVA,52.119998931884766,52.36000061035156,50.02000045776367,50.369998931884766,48.48130798339844,3091100
2022-03-02,CTVA,50.83000183105469,51.810001373291016,50.7400016784668,51.29999923706055,49.37643814086914,4594300
2022-03-02,CTVA,50.83000183105469,51.810001373291016,50.7400016784668,51.29999923706055,49.37643814086914,4594300
2022-03-03,CTVA,51.650001525878906,51.77000045776367,50.92499923706055,51.52000045776367,49.58818435668945,3877000
2022-03-03,CTVA,51.650001525878906,51.77000045776367,50.92499923706055,51.52000045776367,49.58818435668945,3877000
2022-03-04,CTVA,51.040000915527344,51.52999877929688,50.119998931884766,51.47999954223633,49.5496826171875,5847100
2022-03-04,CTVA,51.040000915527344,51.52999877929688,50.119998931884766,51.47999954223633,49.5496826171875,5847100
2022-03-07,CTVA,51.88999938964844,54.02000045776367,51.09999847412109,51.220001220703125,49.299434661865234,8059100
2022-03-07,CTVA,51.88999938964844,54.02000045776367,51.09999847412109,51.220001220703125,49.299434661865234,8059100
2022-03-08,CTVA,51.060001373291016,51.7400016784668,49.560001373291016,50.08000183105469,48.202178955078125,5231200
2022-03-08,CTVA,51.060001373291016,51.7400016784668,49.560001373291016,50.08000183105469,48.202178955078125,5231200
2022-03-09,CTVA,50.40999984741211,51.93000030517578,50.220001220703125,51.52999877929688,49.59780883789063,4827300
2022-03-09,CTVA,50.40999984741211,51.93000030517578,50.220001220703125,51.52999877929688,49.59780883789063,4827300
2022-03-10,CTVA,51.04999923706055,53.68999862670898,51.04999923706055,53.59000015258789,51.58057022094727,4712500
2022-03-10,CTVA,51.04999923706055,53.68999862670898,51.04999923706055,53.59000015258789,51.58057022094727,4712500
2022-03-11,CTVA,53.84000015258789,55.040000915527344,53.35900115966797,53.650001525878906,51.63832092285156,4039100
2022-03-11,CTVA,53.84000015258789,55.040000915527344,53.35900115966797,53.650001525878906,51.63832092285156,4039100
2022-03-14,CTVA,53.93999862670898,54.79999923706055,53.209999084472656,54.209999084472656,52.17732238769531,4971100
2022-03-14,CTVA,53.93999862670898,54.79999923706055,53.209999084472656,54.209999084472656,52.17732238769531,4971100
2022-03-15,CTVA,54.119998931884766,55.43999862670898,53.869998931884766,54.9900016784668,52.92807769775391,5530400
2022-03-15,CTVA,54.119998931884766,55.43999862670898,53.869998931884766,54.9900016784668,52.92807769775391,5530400
2022-03-16,CTVA,55.4900016784668,56.09999847412109,53.93999862670898,54.7599983215332,52.706687927246094,5367600
2022-03-16,CTVA,55.4900016784668,56.09999847412109,53.93999862670898,54.7599983215332,52.706687927246094,5367600
2022-03-17,CTVA,54.40999984741211,55.96500015258789,54.400001525878906,55.790000915527344,53.69807815551758,4400000
2022-03-17,CTVA,54.40999984741211,55.96500015258789,54.400001525878906,55.790000915527344,53.69807815551758,4400000
2022-03-18,CTVA,55.79999923706055,55.97999954223633,55.040000915527344,55.84999847412109,53.75582504272461,11274700
2022-03-18,CTVA,55.79999923706055,55.97999954223633,55.040000915527344,55.84999847412109,53.75582504272461,11274700
2022-03-21,CTVA,56.18999862670898,56.97999954223633,55.584999084472656,56.95000076293945,54.8145751953125,5814000
2022-03-21,CTVA,56.18999862670898,56.97999954223633,55.584999084472656,56.95000076293945,54.8145751953125,5814000
2022-03-22,CTVA,57.25,57.34000015258789,56.290000915527344,56.47999954223633,54.36220550537109,5106500
2022-03-22,CTVA,57.25,57.34000015258789,56.290000915527344,56.47999954223633,54.36220550537109,5106500
2022-03-23,CTVA,57.16999816894531,57.72999954223633,56.45000076293945,57.40999984741211,55.25732803344727,3902500
2022-03-23,CTVA,57.16999816894531,57.72999954223633,56.45000076293945,57.40999984741211,55.25732803344727,3902500
2022-03-24,CTVA,57.650001525878906,58.7400016784668,57.619998931884766,58.4900016784668,56.296836853027344,4758800
2022-03-24,CTVA,57.650001525878906,58.7400016784668,57.619998931884766,58.4900016784668,56.296836853027344,4758800
2022-03-25,CTVA,58.52000045776367,59.810001373291016,58.52000045776367,59.790000915527344,57.54809188842773,4670200
2022-03-25,CTVA,58.52000045776367,59.810001373291016,58.52000045776367,59.790000915527344,57.54809188842773,4670200
2022-03-28,CTVA,59.34000015258789,59.58000183105469,58.59999847412109,59.02999877929688,56.81658172607422,3276600
2022-03-28,CTVA,59.34000015258789,59.58000183105469,58.59999847412109,59.02999877929688,56.81658172607422,3276600
2022-03-29,CTVA,57.84999847412109,58.119998931884766,56.25,58.02999877929688,55.85408401489258,4215100
2022-03-29,CTVA,57.84999847412109,58.119998931884766,56.25,58.02999877929688,55.85408401489258,4215100
2022-03-30,CTVA,58.52999877929688,59.09000015258789,57.9900016784668,58.369998931884766,56.18133163452149,3440100
2022-03-30,CTVA,58.52999877929688,59.09000015258789,57.9900016784668,58.369998931884766,56.18133163452149,3440100
2022-03-31,CTVA,58.040000915527344,58.93999862670898,57.36000061035156,57.47999954223633,55.32471084594727,4327800
2022-03-31,CTVA,58.040000915527344,58.93999862670898,57.36000061035156,57.47999954223633,55.32471084594727,4327800
2022-04-01,CTVA,57.90999984741211,58.45000076293945,57.63999938964844,58.290000915527344,56.10433578491211,2430900
2022-04-01,CTVA,57.90999984741211,58.45000076293945,57.63999938964844,58.290000915527344,56.10433578491211,2430900
2022-04-04,CTVA,58.33000183105469,58.880001068115234,57.345001220703125,58.66999816894531,56.4700813293457,2356800
2022-04-04,CTVA,58.33000183105469,58.880001068115234,57.345001220703125,58.66999816894531,56.4700813293457,2356800
2022-04-05,CTVA,58.79999923706055,59.13999938964844,58.040000915527344,58.27999877929688,56.09470748901367,3220000
2022-04-05,CTVA,58.79999923706055,59.13999938964844,58.040000915527344,58.27999877929688,56.09470748901367,3220000
2022-04-06,CTVA,58.20000076293945,58.7400016784668,57.869998931884766,58.04999923706055,55.87333297729492,2868800
2022-04-06,CTVA,58.20000076293945,58.7400016784668,57.869998931884766,58.04999923706055,55.87333297729492,2868800
2022-04-07,CTVA,58.220001220703125,58.75,57.915000915527344,58.4900016784668,56.296836853027344,2321800
2022-04-07,CTVA,58.220001220703125,58.75,57.915000915527344,58.4900016784668,56.296836853027344,2321800
2022-04-08,CTVA,59.20000076293945,60.310001373291016,58.86000061035156,59.63999938964844,57.40371322631836,2478900
2022-04-08,CTVA,59.20000076293945,60.310001373291016,58.86000061035156,59.63999938964844,57.40371322631836,2478900
2022-04-11,CTVA,59.75,60.06999969482422,59.34999847412109,59.75,57.50959014892578,2487700
2022-04-11,CTVA,59.75,60.06999969482422,59.34999847412109,59.75,57.50959014892578,2487700
2022-04-12,CTVA,59.84000015258789,60.72999954223633,59.61000061035156,60.630001068115234,58.35659408569336,2813000
2022-04-12,CTVA,59.84000015258789,60.72999954223633,59.61000061035156,60.630001068115234,58.35659408569336,2813000
2022-04-13,CTVA,60.84000015258789,61.209999084472656,60.11000061035156,60.95000076293945,58.664588928222656,2193500
2022-04-13,CTVA,60.84000015258789,61.209999084472656,60.11000061035156,60.95000076293945,58.664588928222656,2193500
2022-04-14,CTVA,61.33000183105469,61.7400016784668,60.880001068115234,61.0099983215332,58.72234344482422,3714400
2022-04-14,CTVA,61.33000183105469,61.7400016784668,60.880001068115234,61.0099983215332,58.72234344482422,3714400
2022-04-18,CTVA,61.02999877929688,61.5,60.720001220703125,60.95000076293945,58.664588928222656,3289700
2022-04-18,CTVA,61.02999877929688,61.5,60.720001220703125,60.95000076293945,58.664588928222656,3289700
2022-04-19,CTVA,61.34999847412109,61.83000183105469,60.63999938964844,61.13999938964844,58.847469329833984,3865400
2022-04-19,CTVA,61.34999847412109,61.83000183105469,60.63999938964844,61.13999938964844,58.847469329833984,3865400
2022-04-20,CTVA,61.560001373291016,61.8849983215332,60.40999984741211,61.31999969482422,59.02072143554688,4258500
2022-04-20,CTVA,61.560001373291016,61.8849983215332,60.40999984741211,61.31999969482422,59.02072143554688,4258500
2022-04-21,CTVA,61.880001068115234,62.040000915527344,60.09999847412109,60.209999084472656,57.952335357666016,3942200
2022-04-21,CTVA,61.880001068115234,62.040000915527344,60.09999847412109,60.209999084472656,57.952335357666016,3942200
2022-04-22,CTVA,59.84000015258789,60.16999816894531,57.18999862670898,57.68000030517578,55.51720428466797,4987500
2022-04-22,CTVA,59.84000015258789,60.16999816894531,57.18999862670898,57.68000030517578,55.51720428466797,4987500
2022-04-25,CTVA,56.88999938964844,57.52999877929688,55.77999877929688,57.29999923706055,55.15145492553711,4215500
2022-04-25,CTVA,56.88999938964844,57.52999877929688,55.77999877929688,57.29999923706055,55.15145492553711,4215500
2022-04-26,CTVA,57.2400016784668,57.77000045776367,56.5,56.630001068115234,54.5065803527832,4118800
2022-04-26,CTVA,57.2400016784668,57.77000045776367,56.5,56.630001068115234,54.5065803527832,4118800
2022-04-27,CTVA,56.93000030517578,57.90999984741211,56.4900016784668,57.220001220703125,55.0744514465332,4522700
2022-04-27,CTVA,56.93000030517578,57.90999984741211,56.4900016784668,57.220001220703125,55.0744514465332,4522700
2022-04-28,CTVA,57.709999084472656,58.05500030517578,56.8650016784668,57.81999969482422,55.651954650878906,4599700
2022-04-28,CTVA,57.709999084472656,58.05500030517578,56.8650016784668,57.81999969482422,55.651954650878906,4599700
2022-04-29,CTVA,58.06999969482422,58.88999938964844,57.56999969482422,57.68999862670898,55.526832580566406,6933100
2022-04-29,CTVA,58.06999969482422,58.88999938964844,57.56999969482422,57.68999862670898,55.526832580566406,6933100
2022-05-02,CTVA,57.77000045776367,58.0,56.150001525878906,57.34000015258789,55.18995666503906,5231600
2022-05-02,CTVA,57.77000045776367,58.0,56.150001525878906,57.34000015258789,55.18995666503906,5231600
2022-05-03,CTVA,57.40999984741211,57.58000183105469,56.5,57.2599983215332,55.11295700073242,5304900
2022-05-03,CTVA,57.40999984741211,57.58000183105469,56.5,57.2599983215332,55.11295700073242,5304900
2022-05-04,CTVA,57.52000045776367,59.21500015258789,57.04999923706055,59.13999938964844,56.92245864868164,5025300
2022-05-04,CTVA,57.52000045776367,59.21500015258789,57.04999923706055,59.13999938964844,56.92245864868164,5025300
2022-05-05,CTVA,56.34999847412109,59.59999847412109,56.33000183105469,58.040000915527344,55.86370849609375,6842900
2022-05-05,CTVA,56.34999847412109,59.59999847412109,56.33000183105469,58.040000915527344,55.86370849609375,6842900
2022-05-06,CTVA,57.13999938964844,57.27000045776367,54.83000183105469,55.7400016784668,53.64995193481445,5236400
2022-05-06,CTVA,57.13999938964844,57.27000045776367,54.83000183105469,55.7400016784668,53.64995193481445,5236400
2022-05-09,CTVA,55.03499984741211,55.03499984741211,52.95000076293945,53.08000183105469,51.08968734741211,5314400
2022-05-09,CTVA,55.03499984741211,55.03499984741211,52.95000076293945,53.08000183105469,51.08968734741211,5314400
2022-05-10,CTVA,54.25,54.380001068115234,52.26399993896485,52.81999969482422,50.83943939208984,4323300
2022-05-10,CTVA,54.25,54.380001068115234,52.26399993896485,52.81999969482422,50.83943939208984,4323300
2022-05-11,CTVA,52.79999923706055,54.47999954223633,52.540000915527344,53.59999847412109,51.59018325805664,3899600
2022-05-11,CTVA,52.79999923706055,54.47999954223633,52.540000915527344,53.59999847412109,51.59018325805664,3899600
2022-05-12,CTVA,53.02999877929688,54.060001373291016,52.68000030517578,54.04999923706055,52.1595573425293,3748600
2022-05-12,CTVA,53.02999877929688,54.060001373291016,52.68000030517578,54.04999923706055,52.1595573425293,3748600
2022-05-13,CTVA,54.47999954223633,55.935001373291016,54.400001525878906,55.470001220703125,53.52988815307617,3881300
2022-05-13,CTVA,54.47999954223633,55.935001373291016,54.400001525878906,55.470001220703125,53.52988815307617,3881300
2022-05-16,CTVA,55.40999984741211,57.18000030517578,55.27999877929688,56.540000915527344,54.562461853027344,3620700
2022-05-16,CTVA,55.40999984741211,57.18000030517578,55.27999877929688,56.540000915527344,54.562461853027344,3620700
2022-05-17,CTVA,57.27999877929688,57.91999816894531,56.66999816894531,57.61000061035156,55.59503936767578,4238000
2022-05-17,CTVA,57.27999877929688,57.91999816894531,56.66999816894531,57.61000061035156,55.59503936767578,4238000
2022-05-18,CTVA,57.0359992980957,58.29999923706055,56.86000061035156,57.09000015258789,55.093238830566406,4319300
2022-05-18,CTVA,57.0359992980957,58.29999923706055,56.86000061035156,57.09000015258789,55.093238830566406,4319300
2022-05-19,CTVA,56.47999954223633,59.07600021362305,56.43000030517578,59.0,56.93642425537109,6912300
2022-05-19,CTVA,56.47999954223633,59.07600021362305,56.43000030517578,59.0,56.93642425537109,6912300
2022-05-20,CTVA,59.470001220703125,59.77999877929688,58.040000915527344,59.22999954223633,57.15837860107422,9441900
2022-05-20,CTVA,59.470001220703125,59.77999877929688,58.040000915527344,59.22999954223633,57.15837860107422,9441900
2022-05-23,CTVA,59.84999847412109,61.17499923706055,59.19200134277344,60.90999984741211,58.77961349487305,4956300
2022-05-23,CTVA,59.84999847412109,61.17499923706055,59.19200134277344,60.90999984741211,58.77961349487305,4956300
2022-05-24,CTVA,60.65999984741211,62.19499969482422,60.25,62.09000015258789,59.91835021972656,5808300
2022-05-24,CTVA,60.65999984741211,62.19499969482422,60.25,62.09000015258789,59.91835021972656,5808300
2022-05-25,CTVA,61.66999816894531,62.459999084472656,61.39500045776367,62.0099983215332,59.84114456176758,5374200
2022-05-25,CTVA,61.66999816894531,62.459999084472656,61.39500045776367,62.0099983215332,59.84114456176758,5374200
2022-05-26,CTVA,62.52000045776367,64.02999877929688,62.45000076293945,63.16999816894531,60.9605712890625,5745200
2022-05-26,CTVA,62.52000045776367,64.02999877929688,62.45000076293945,63.16999816894531,60.9605712890625,5745200
2022-05-27,CTVA,62.93999862670898,63.1150016784668,61.220001220703125,62.90999984741211,60.70966720581055,6501900
2022-05-27,CTVA,62.93999862670898,63.1150016784668,61.220001220703125,62.90999984741211,60.70966720581055,6501900
2022-05-31,CTVA,62.97999954223633,63.970001220703125,62.36000061035156,62.619998931884766,60.429813385009766,12551200
2022-05-31,CTVA,62.97999954223633,63.970001220703125,62.36000061035156,62.619998931884766,60.429813385009766,12551200
2022-06-01,CTVA,63.0099983215332,63.27000045776367,61.80099868774414,62.33000183105469,60.14995574951172,4259100
2022-06-01,CTVA,63.0099983215332,63.27000045776367,61.80099868774414,62.33000183105469,60.14995574951172,4259100
2022-06-02,CTVA,62.720001220703125,63.02000045776367,62.060001373291016,62.540000915527344,60.35261535644531,4820200
2022-06-02,CTVA,62.720001220703125,63.02000045776367,62.060001373291016,62.540000915527344,60.35261535644531,4820200
2022-06-03,CTVA,62.5,62.70000076293945,61.7400016784668,62.0,59.83149719238281,3425000
2022-06-03,CTVA,62.5,62.70000076293945,61.7400016784668,62.0,59.83149719238281,3425000
2022-06-06,CTVA,62.20000076293945,62.415000915527344,61.380001068115234,61.720001220703125,59.56129455566406,2699300
2022-06-06,CTVA,62.20000076293945,62.415000915527344,61.380001068115234,61.720001220703125,59.56129455566406,2699300
2022-06-07,CTVA,61.34999847412109,62.52999877929688,61.310001373291016,62.380001068115234,60.19820785522461,3560000
2022-06-07,CTVA,61.34999847412109,62.52999877929688,61.310001373291016,62.380001068115234,60.19820785522461,3560000
2022-06-08,CTVA,61.86000061035156,62.400001525878906,61.31999969482422,62.0,59.83149719238281,3734400
2022-06-08,CTVA,61.86000061035156,62.400001525878906,61.31999969482422,62.0,59.83149719238281,3734400
2022-06-09,CTVA,61.470001220703125,61.650001525878906,60.86000061035156,61.08000183105469,58.94367980957031,4500600
2022-06-09,CTVA,61.470001220703125,61.650001525878906,60.86000061035156,61.08000183105469,58.94367980957031,4500600
2022-06-10,CTVA,60.15999984741211,60.31499862670898,57.970001220703125,57.97999954223633,55.95210647583008,3551200
2022-06-10,CTVA,60.15999984741211,60.31499862670898,57.970001220703125,57.97999954223633,55.95210647583008,3551200
2022-06-13,CTVA,56.619998931884766,57.18999862670898,55.77999877929688,56.2400016784668,54.27296829223633,3721400
2022-06-13,CTVA,56.619998931884766,57.18999862670898,55.77999877929688,56.2400016784668,54.27296829223633,3721400
2022-06-14,CTVA,56.2400016784668,56.7400016784668,55.869998931884766,56.38999938964844,54.4177131652832,4443200
2022-06-14,CTVA,56.2400016784668,56.7400016784668,55.869998931884766,56.38999938964844,54.4177131652832,4443200
2022-06-15,CTVA,56.869998931884766,57.209999084472656,54.900001525878906,55.52999877929688,53.58778381347656,4482700
2022-06-15,CTVA,56.869998931884766,57.209999084472656,54.900001525878906,55.52999877929688,53.58778381347656,4482700
2022-06-16,CTVA,54.59999847412109,54.72999954223633,53.68000030517578,54.040000915527344,52.14990615844727,4880000
2022-06-16,CTVA,54.59999847412109,54.72999954223633,53.68000030517578,54.040000915527344,52.14990615844727,4880000
2022-06-17,CTVA,54.119998931884766,54.52999877929688,52.65999984741211,53.220001220703125,51.358585357666016,12994200
2022-06-17,CTVA,54.119998931884766,54.52999877929688,52.65999984741211,53.220001220703125,51.358585357666016,12994200
2022-06-21,CTVA,54.459999084472656,55.619998931884766,53.93000030517578,55.369998931884766,53.433387756347656,3590200
2022-06-21,CTVA,54.459999084472656,55.619998931884766,53.93000030517578,55.369998931884766,53.433387756347656,3590200
2022-06-22,CTVA,53.709999084472656,54.65999984741211,53.41999816894531,53.43000030517578,51.56124877929688,4488400
2022-06-22,CTVA,53.709999084472656,54.65999984741211,53.41999816894531,53.43000030517578,51.56124877929688,4488400
2022-06-23,CTVA,53.25,53.540000915527344,50.755001068115234,50.93000030517578,49.14867401123047,5882000
2022-06-23,CTVA,53.25,53.540000915527344,50.755001068115234,50.93000030517578,49.14867401123047,5882000
2022-06-24,CTVA,51.43000030517578,53.59999847412109,51.21500015258789,53.560001373291016,51.68669509887695,8329500
2022-06-24,CTVA,51.43000030517578,53.59999847412109,51.21500015258789,53.560001373291016,51.68669509887695,8329500
2022-06-27,CTVA,53.709999084472656,54.31999969482422,53.08000183105469,54.2400016784668,52.34291458129883,4769100
2022-06-27,CTVA,53.709999084472656,54.31999969482422,53.08000183105469,54.2400016784668,52.34291458129883,4769100
2022-06-28,CTVA,54.88999938964844,55.720001220703125,53.900001525878906,54.27000045776367,52.371864318847656,4755300
2022-06-28,CTVA,54.88999938964844,55.720001220703125,53.900001525878906,54.27000045776367,52.371864318847656,4755300
2022-06-29,CTVA,54.4900016784668,54.95000076293945,53.97800064086914,54.52999877929688,52.62276840209961,3208200
2022-06-29,CTVA,54.4900016784668,54.95000076293945,53.97800064086914,54.52999877929688,52.62276840209961,3208200
2022-06-30,CTVA,53.900001525878906,54.7400016784668,53.56999969482422,54.13999938964844,52.24640274047852,3588100
2022-06-30,CTVA,53.900001525878906,54.7400016784668,53.56999969482422,54.13999938964844,52.24640274047852,3588100
2022-07-01,CTVA,53.619998931884766,54.43999862670898,52.65999984741211,54.119998931884766,52.22711181640625,2130500
2022-07-01,CTVA,53.619998931884766,54.43999862670898,52.65999984741211,54.119998931884766,52.22711181640625,2130500
2022-07-05,CTVA,52.790000915527344,53.040000915527344,51.2599983215332,52.09999847412109,50.27776336669922,4655000
2022-07-05,CTVA,52.790000915527344,53.040000915527344,51.2599983215332,52.09999847412109,50.27776336669922,4655000
2022-07-06,CTVA,52.130001068115234,52.36000061035156,50.5,52.040000915527344,50.21986389160156,3851300
2022-07-06,CTVA,52.130001068115234,52.36000061035156,50.5,52.040000915527344,50.21986389160156,3851300
2022-07-07,CTVA,53.4900016784668,53.59999847412109,52.7599983215332,52.84999847412109,51.00151824951172,3879700
2022-07-07,CTVA,53.4900016784668,53.59999847412109,52.7599983215332,52.84999847412109,51.00151824951172,3879700
2022-07-08,CTVA,53.08000183105469,53.220001220703125,52.09000015258789,52.72999954223633,50.88572692871094,2554800
2022-07-08,CTVA,53.08000183105469,53.220001220703125,52.09000015258789,52.72999954223633,50.88572692871094,2554800
2022-07-11,CTVA,52.15999984741211,52.97999954223633,52.01499938964844,52.90999984741211,51.05942916870117,2249700
2022-07-11,CTVA,52.15999984741211,52.97999954223633,52.01499938964844,52.90999984741211,51.05942916870117,2249700
2022-07-12,CTVA,52.630001068115234,53.5,52.16999816894531,52.560001373291016,50.72167205810547,2713300
2022-07-12,CTVA,52.630001068115234,53.5,52.16999816894531,52.560001373291016,50.72167205810547,2713300
2022-07-13,CTVA,51.869998931884766,52.40999984741211,51.6259994506836,51.970001220703125,50.152305603027344,1675200
2022-07-13,CTVA,51.869998931884766,52.40999984741211,51.6259994506836,51.970001220703125,50.152305603027344,1675200
2022-07-14,CTVA,51.31999969482422,51.869998931884766,50.02999877929688,51.4900016784668,49.6890983581543,3560400
2022-07-14,CTVA,51.31999969482422,51.869998931884766,50.02999877929688,51.4900016784668,49.6890983581543,3560400
2022-07-15,CTVA,52.310001373291016,52.4900016784668,51.62099838256836,52.0,50.181251525878906,2589600
2022-07-15,CTVA,52.310001373291016,52.4900016784668,51.62099838256836,52.0,50.181251525878906,2589600
2022-07-18,CTVA,52.560001373291016,53.040000915527344,52.0099983215332,52.2400016784668,50.41286849975586,1867500
2022-07-18,CTVA,52.560001373291016,53.040000915527344,52.0099983215332,52.2400016784668,50.41286849975586,1867500
2022-07-19,CTVA,52.68000030517578,54.220001220703125,52.61000061035156,53.7400016784668,51.86039733886719,2273100
2022-07-19,CTVA,52.68000030517578,54.220001220703125,52.61000061035156,53.7400016784668,51.86039733886719,2273100
2022-07-20,CTVA,53.40999984741211,54.27000045776367,53.375,54.02000045776367,52.13059997558594,1679300
2022-07-20,CTVA,53.40999984741211,54.27000045776367,53.375,54.02000045776367,52.13059997558594,1679300
2022-07-21,CTVA,53.619998931884766,53.90999984741211,52.83000183105469,53.880001068115234,51.99550247192383,1482300
2022-07-21,CTVA,53.619998931884766,53.90999984741211,52.83000183105469,53.880001068115234,51.99550247192383,1482300
2022-07-22,CTVA,54.04999923706055,54.52000045776367,53.58000183105469,54.0099983215332,52.12095260620117,1971600
2022-07-22,CTVA,54.04999923706055,54.52000045776367,53.58000183105469,54.0099983215332,52.12095260620117,1971600
2022-07-25,CTVA,54.619998931884766,55.60499954223633,54.18000030517578,55.470001220703125,53.52988815307617,2643000
2022-07-25,CTVA,54.619998931884766,55.60499954223633,54.18000030517578,55.470001220703125,53.52988815307617,2643000
2022-07-26,CTVA,55.650001525878906,56.02000045776367,55.04999923706055,55.459999084472656,53.52023315429688,1692200
2022-07-26,CTVA,55.650001525878906,56.02000045776367,55.04999923706055,55.459999084472656,53.52023315429688,1692200
2022-07-27,CTVA,55.90999984741211,56.89500045776367,54.970001220703125,56.61000061035156,54.63002014160156,2248500
2022-07-27,CTVA,55.90999984741211,56.89500045776367,54.970001220703125,56.61000061035156,54.63002014160156,2248500
2022-07-28,CTVA,56.80500030517578,57.24700164794922,56.27000045776367,56.959999084472656,54.9677734375,2293400
2022-07-28,CTVA,56.80500030517578,57.24700164794922,56.27000045776367,56.959999084472656,54.9677734375,2293400
2022-07-29,CTVA,57.43000030517578,58.040000915527344,57.22999954223633,57.54999923706055,55.537139892578125,2338900
2022-07-29,CTVA,57.43000030517578,58.040000915527344,57.22999954223633,57.54999923706055,55.537139892578125,2338900
2022-08-01,CTVA,57.0,57.52999877929688,56.34000015258789,56.900001525878906,54.90987396240234,2621600
2022-08-01,CTVA,57.0,57.52999877929688,56.34000015258789,56.900001525878906,54.90987396240234,2621600
2022-08-02,CTVA,56.84000015258789,56.93999862670898,55.68999862670898,55.7400016784668,53.79044723510742,3025200
2022-08-02,CTVA,56.84000015258789,56.93999862670898,55.68999862670898,55.7400016784668,53.79044723510742,3025200
2022-08-03,CTVA,56.09999847412109,56.09999847412109,55.560001373291016,55.70000076293945,53.75185012817383,3164600
2022-08-03,CTVA,56.09999847412109,56.09999847412109,55.560001373291016,55.70000076293945,53.75185012817383,3164600
2022-08-04,CTVA,55.59000015258789,55.75,54.68000030517578,55.220001220703125,53.28864288330078,3218800
2022-08-04,CTVA,55.59000015258789,55.75,54.68000030517578,55.220001220703125,53.28864288330078,3218800
2022-08-05,CTVA,56.970001220703125,58.40999984741211,56.7400016784668,57.900001525878906,55.87489700317383,5728000
2022-08-05,CTVA,56.970001220703125,58.40999984741211,56.7400016784668,57.900001525878906,55.87489700317383,5728000
2022-08-08,CTVA,59.310001373291016,60.68999862670898,59.02000045776367,59.09000015258789,57.02326965332031,4055600
2022-08-08,CTVA,59.310001373291016,60.68999862670898,59.02000045776367,59.09000015258789,57.02326965332031,4055600
2022-08-09,CTVA,59.130001068115234,60.13999938964844,59.130001068115234,59.720001220703125,57.63124847412109,3022100
2022-08-09,CTVA,59.130001068115234,60.13999938964844,59.130001068115234,59.720001220703125,57.63124847412109,3022100
2022-08-10,CTVA,60.709999084472656,60.94499969482422,59.77000045776367,60.09000015258789,57.98829650878906,2604500
2022-08-10,CTVA,60.709999084472656,60.94499969482422,59.77000045776367,60.09000015258789,57.98829650878906,2604500
2022-08-11,CTVA,60.4900016784668,61.04999923706055,60.1349983215332,60.27000045776367,58.30754852294922,1985300
2022-08-11,CTVA,60.4900016784668,61.04999923706055,60.1349983215332,60.27000045776367,58.30754852294922,1985300
2022-08-12,CTVA,60.470001220703125,61.77000045776367,60.13999938964844,61.7599983215332,59.7490348815918,2744000
2022-08-12,CTVA,60.470001220703125,61.77000045776367,60.13999938964844,61.7599983215332,59.7490348815918,2744000
2022-08-15,CTVA,60.86000061035156,61.83000183105469,60.470001220703125,61.61000061035156,59.60392761230469,3836200
2022-08-15,CTVA,60.86000061035156,61.83000183105469,60.470001220703125,61.61000061035156,59.60392761230469,3836200
2022-08-16,CTVA,61.63999938964844,62.31999969482422,61.63999938964844,62.09999847412109,60.077972412109375,2523100
2022-08-16,CTVA,61.63999938964844,62.31999969482422,61.63999938964844,62.09999847412109,60.077972412109375,2523100
2022-08-17,CTVA,61.5,61.900001525878906,61.209999084472656,61.869998931884766,59.85546112060547,1747600
2022-08-17,CTVA,61.5,61.900001525878906,61.209999084472656,61.869998931884766,59.85546112060547,1747600
2022-08-18,CTVA,62.290000915527344,62.810001373291016,62.119998931884766,62.369998931884766,60.33917236328125,1980500
2022-08-18,CTVA,62.290000915527344,62.810001373291016,62.119998931884766,62.369998931884766,60.33917236328125,1980500
2022-08-19,CTVA,62.04999923706055,62.185001373291016,61.130001068115234,61.33000183105469,59.333045959472656,2232200
2022-08-19,CTVA,62.04999923706055,62.185001373291016,61.130001068115234,61.33000183105469,59.333045959472656,2232200
2022-08-22,CTVA,60.72999954223633,61.34000015258789,60.59999847412109,61.040000915527344,59.05248641967773,1912800
2022-08-22,CTVA,60.72999954223633,61.34000015258789,60.59999847412109,61.040000915527344,59.05248641967773,1912800
2022-08-23,CTVA,61.22999954223633,61.970001220703125,61.22999954223633,61.77000045776367,59.75871658325195,1952700
2022-08-23,CTVA,61.22999954223633,61.970001220703125,61.22999954223633,61.77000045776367,59.75871658325195,1952700
2022-08-24,CTVA,61.900001525878906,62.470001220703125,61.22999954223633,61.900001525878906,59.88448333740234,2307200
2022-08-24,CTVA,61.900001525878906,62.470001220703125,61.22999954223633,61.900001525878906,59.88448333740234,2307200
2022-08-25,CTVA,62.40999984741211,63.345001220703125,62.18000030517578,63.2400016784668,61.18085479736328,2522400
2022-08-25,CTVA,62.40999984741211,63.345001220703125,62.18000030517578,63.2400016784668,61.18085479736328,2522400
2022-08-26,CTVA,63.47999954223633,63.76599884033203,62.27999877929688,62.31999969482422,60.290809631347656,1889200
2022-08-26,CTVA,63.47999954223633,63.76599884033203,62.27999877929688,62.31999969482422,60.290809631347656,1889200
2022-08-29,CTVA,61.59999847412109,62.470001220703125,61.34999847412109,61.90999984741211,59.89415740966797,1803200
2022-08-29,CTVA,61.59999847412109,62.470001220703125,61.34999847412109,61.90999984741211,59.89415740966797,1803200
2022-08-30,CTVA,61.58000183105469,61.869998931884766,60.709999084472656,61.77000045776367,59.75871658325195,2539200
2022-08-30,CTVA,61.58000183105469,61.869998931884766,60.709999084472656,61.77000045776367,59.75871658325195,2539200
2022-08-31,CTVA,61.7400016784668,62.209999084472656,61.18000030517578,61.43000030517578,59.429786682128906,3710500
2022-08-31,CTVA,61.7400016784668,62.209999084472656,61.18000030517578,61.43000030517578,59.429786682128906,3710500
2022-09-01,CTVA,60.77999877929688,60.93000030517578,59.95000076293945,60.810001373291016,58.82997512817383,2468400
2022-09-01,CTVA,60.77999877929688,60.93000030517578,59.95000076293945,60.810001373291016,58.82997512817383,2468400
2022-09-02,CTVA,61.560001373291016,62.209999084472656,61.0,61.2400016784668,59.24596786499024,2644100
2022-09-02,CTVA,61.560001373291016,62.209999084472656,61.0,61.2400016784668,59.24596786499024,2644100
2022-09-06,CTVA,61.61000061035156,61.75,60.02999877929688,60.31999969482422,58.35592651367188,2303200
2022-09-06,CTVA,61.61000061035156,61.75,60.02999877929688,60.31999969482422,58.35592651367188,2303200
2022-09-07,CTVA,59.8849983215332,61.9900016784668,59.77999877929688,61.81999969482422,59.80708694458008,2058800
2022-09-07,CTVA,59.8849983215332,61.9900016784668,59.77999877929688,61.81999969482422,59.80708694458008,2058800
2022-09-08,CTVA,61.369998931884766,62.130001068115234,61.09999847412109,62.040000915527344,60.01992034912109,2873500
2022-09-08,CTVA,61.369998931884766,62.130001068115234,61.09999847412109,62.040000915527344,60.01992034912109,2873500
2022-09-09,CTVA,62.59000015258789,62.97999954223633,61.79499816894531,62.52000045776367,60.48429107666016,2021200
2022-09-09,CTVA,62.59000015258789,62.97999954223633,61.79499816894531,62.52000045776367,60.48429107666016,2021200
2022-09-12,CTVA,62.869998931884766,62.869998931884766,61.290000915527344,62.11000061035156,60.087646484375,4922200
2022-09-12,CTVA,62.869998931884766,62.869998931884766,61.290000915527344,62.11000061035156,60.087646484375,4922200
2022-09-13,CTVA,61.060001373291016,63.83000183105469,61.0099983215332,62.650001525878906,60.61006546020508,4939200
2022-09-13,CTVA,61.060001373291016,63.83000183105469,61.0099983215332,62.650001525878906,60.61006546020508,4939200
2022-09-14,CTVA,63.02999877929688,64.30000305175781,62.7599983215332,63.810001373291016,61.73229217529297,5006500
2022-09-14,CTVA,63.02999877929688,64.30000305175781,62.7599983215332,63.810001373291016,61.73229217529297,5006500
2022-09-15,CTVA,63.810001373291016,63.97999954223633,61.96500015258789,62.119998931884766,60.09731674194336,5786400
2022-09-15,CTVA,63.810001373291016,63.97999954223633,61.96500015258789,62.119998931884766,60.09731674194336,5786400
2022-09-16,CTVA,61.22999954223633,61.59999847412109,60.380001068115234,61.34999847412109,59.35239028930664,7511800
2022-09-16,CTVA,61.22999954223633,61.59999847412109,60.380001068115234,61.34999847412109,59.35239028930664,7511800
2022-09-19,CTVA,60.5,61.65999984741211,60.5,61.41999816894531,59.42011260986328,2386800
2022-09-19,CTVA,60.5,61.65999984741211,60.5,61.41999816894531,59.42011260986328,2386800
2022-09-20,CTVA,60.84000015258789,61.56999969482422,60.22999954223633,61.400001525878906,59.40076446533203,2707100
2022-09-20,CTVA,60.84000015258789,61.56999969482422,60.22999954223633,61.400001525878906,59.40076446533203,2707100
2022-09-21,CTVA,62.220001220703125,62.220001220703125,59.20000076293945,59.22999954223633,57.30141830444336,3101500
2022-09-21,CTVA,62.220001220703125,62.220001220703125,59.20000076293945,59.22999954223633,57.30141830444336,3101500
2022-09-22,CTVA,59.54999923706055,60.59000015258789,59.54999923706055,59.7599983215332,57.81415557861328,3170800
2022-09-22,CTVA,59.54999923706055,60.59000015258789,59.54999923706055,59.7599983215332,57.81415557861328,3170800
2022-09-23,CTVA,58.77999877929688,58.810001373291016,57.09099960327149,57.91999816894531,56.03407287597656,2686800
2022-09-23,CTVA,58.77999877929688,58.810001373291016,57.09099960327149,57.91999816894531,56.03407287597656,2686800
2022-09-26,CTVA,57.880001068115234,58.96799850463867,57.51499938964844,57.61000061035156,55.73416519165039,3941600
2022-09-26,CTVA,57.880001068115234,58.96799850463867,57.51499938964844,57.61000061035156,55.73416519165039,3941600
2022-09-27,CTVA,58.25,58.58000183105469,56.900001525878906,57.2599983215332,55.39556503295898,2357400
2022-09-27,CTVA,58.25,58.58000183105469,56.900001525878906,57.2599983215332,55.39556503295898,2357400
2022-09-28,CTVA,57.4900016784668,58.69499969482422,57.16999816894531,58.380001068115234,56.47909927368164,3517500
2022-09-28,CTVA,57.4900016784668,58.69499969482422,57.16999816894531,58.380001068115234,56.47909927368164,3517500
2022-09-29,CTVA,57.84999847412109,58.08000183105469,56.59000015258789,57.209999084472656,55.3471908569336,2431000
2022-09-29,CTVA,57.84999847412109,58.08000183105469,56.59000015258789,57.209999084472656,55.3471908569336,2431000
2022-09-30,CTVA,56.93999862670898,58.0,56.38999938964844,57.150001525878906,55.289154052734375,3688200
2022-09-30,CTVA,56.93999862670898,58.0,56.38999938964844,57.150001525878906,55.289154052734375,3688200
2022-10-03,CTVA,58.47999954223633,59.47499847412109,57.89500045776367,59.18000030517578,57.253047943115234,3680100
2022-10-03,CTVA,58.47999954223633,59.47499847412109,57.89500045776367,59.18000030517578,57.253047943115234,3680100
2022-10-04,CTVA,59.97999954223633,61.81999969482422,59.91999816894531,61.7599983215332,59.7490348815918,3986600
2022-10-04,CTVA,59.97999954223633,61.81999969482422,59.91999816894531,61.7599983215332,59.7490348815918,3986600
2022-10-05,CTVA,61.36000061035156,61.959999084472656,61.0099983215332,61.52000045776367,59.5168571472168,2978100
2022-10-05,CTVA,61.36000061035156,61.959999084472656,61.0099983215332,61.52000045776367,59.5168571472168,2978100
2022-10-06,CTVA,61.209999084472656,61.959999084472656,60.75,60.88999938964844,58.907371520996094,3219100
2022-10-06,CTVA,61.209999084472656,61.959999084472656,60.75,60.88999938964844,58.907371520996094,3219100
2022-10-07,CTVA,60.70000076293945,61.25,60.09999847412109,60.83000183105469,58.84932708740234,2420500
2022-10-07,CTVA,60.70000076293945,61.25,60.09999847412109,60.83000183105469,58.84932708740234,2420500
2022-10-10,CTVA,61.33000183105469,61.7599983215332,60.7599983215332,61.04999923706055,59.062156677246094,2133300
2022-10-10,CTVA,61.33000183105469,61.7599983215332,60.7599983215332,61.04999923706055,59.062156677246094,2133300
2022-10-11,CTVA,60.59000015258789,61.72999954223633,60.2599983215332,60.7599983215332,58.78159332275391,2198800
2022-10-11,CTVA,60.59000015258789,61.72999954223633,60.2599983215332,60.7599983215332,58.78159332275391,2198800
2022-10-12,CTVA,60.81999969482422,61.06499862670898,60.15999984741211,60.790000915527344,58.81062698364258,2395700
2022-10-12,CTVA,60.81999969482422,61.06499862670898,60.15999984741211,60.790000915527344,58.81062698364258,2395700
2022-10-13,CTVA,60.11000061035156,63.23500061035156,59.5099983215332,62.95000076293945,60.900299072265625,3067800
2022-10-13,CTVA,60.11000061035156,63.23500061035156,59.5099983215332,62.95000076293945,60.900299072265625,3067800
2022-10-14,CTVA,63.25,63.25,58.59999847412109,58.72999954223633,56.81769561767578,4043200
2022-10-14,CTVA,63.25,63.25,58.59999847412109,58.72999954223633,56.81769561767578,4043200
2022-10-17,CTVA,59.84999847412109,60.98500061035156,59.84999847412109,60.36000061035156,58.39462661743164,2693300
2022-10-17,CTVA,59.84999847412109,60.98500061035156,59.84999847412109,60.36000061035156,58.39462661743164,2693300
2022-10-18,CTVA,61.77000045776367,62.400001525878906,60.84000015258789,61.619998931884766,59.61360168457031,2934600
2022-10-18,CTVA,61.77000045776367,62.400001525878906,60.84000015258789,61.619998931884766,59.61360168457031,2934600
2022-10-19,CTVA,61.22499847412109,62.2400016784668,61.09999847412109,61.79999923706055,59.78773880004883,2174000
2022-10-19,CTVA,61.22499847412109,62.2400016784668,61.09999847412109,61.79999923706055,59.78773880004883,2174000
2022-10-20,CTVA,62.380001068115234,62.7400016784668,61.369998931884766,61.93000030517578,59.91350936889648,2886400
2022-10-20,CTVA,62.380001068115234,62.7400016784668,61.369998931884766,61.93000030517578,59.91350936889648,2886400
2022-10-21,CTVA,61.959999084472656,63.03499984741211,61.380001068115234,62.880001068115234,60.83257675170898,2566200
2022-10-21,CTVA,61.959999084472656,63.03499984741211,61.380001068115234,62.880001068115234,60.83257675170898,2566200
2022-10-24,CTVA,63.04999923706055,63.77000045776367,62.68999862670898,63.36000061035156,61.29693984985352,3123400
2022-10-24,CTVA,63.04999923706055,63.77000045776367,62.68999862670898,63.36000061035156,61.29693984985352,3123400
2022-10-25,CTVA,63.0099983215332,65.01000213623047,62.9900016784668,64.95999908447266,62.844844818115234,4597400
2022-10-25,CTVA,63.0099983215332,65.01000213623047,62.9900016784668,64.95999908447266,62.844844818115234,4597400
2022-10-26,CTVA,65.49500274658203,66.2699966430664,64.69999694824219,65.87000274658203,63.725215911865234,5580600
2022-10-26,CTVA,65.49500274658203,66.2699966430664,64.69999694824219,65.87000274658203,63.725215911865234,5580600
2022-10-27,CTVA,66.3499984741211,66.69000244140625,65.80999755859375,65.97000122070312,63.82196044921875,3822600
2022-10-27,CTVA,66.3499984741211,66.69000244140625,65.80999755859375,65.97000122070312,63.82196044921875,3822600
2022-10-28,CTVA,66.08999633789062,66.5,65.25299835205078,66.0199966430664,63.87033462524414,2951200
2022-10-28,CTVA,66.08999633789062,66.5,65.25299835205078,66.0199966430664,63.87033462524414,2951200
2022-10-31,CTVA,65.9800033569336,66.5,64.88999938964844,65.33999633789062,63.21247100830078,3672900
2022-10-31,CTVA,65.9800033569336,66.5,64.88999938964844,65.33999633789062,63.21247100830078,3672900
2022-11-01,CTVA,66.02999877929688,67.19999694824219,65.80000305175781,67.11000061035156,64.92485046386719,3694100
2022-11-01,CTVA,66.02999877929688,67.19999694824219,65.80000305175781,67.11000061035156,64.92485046386719,3694100
2022-11-02,CTVA,67.05999755859375,68.43000030517578,66.83999633789062,66.91000366210938,64.73136138916016,4385400
2022-11-02,CTVA,67.05999755859375,68.43000030517578,66.83999633789062,66.91000366210938,64.73136138916016,4385400
2022-11-03,CTVA,65.76000213623047,67.63999938964844,65.7300033569336,66.9800033569336,64.79907989501953,5408700
2022-11-03,CTVA,65.76000213623047,67.63999938964844,65.7300033569336,66.9800033569336,64.79907989501953,5408700
2022-11-04,CTVA,66.9800033569336,67.2699966430664,63.95000076293945,65.37000274658203,63.24149703979492,5722400
2022-11-04,CTVA,66.9800033569336,67.2699966430664,63.95000076293945,65.37000274658203,63.24149703979492,5722400
2022-11-07,CTVA,65.33000183105469,67.0199966430664,65.26000213623047,66.04000091552734,63.88966751098633,3421800
2022-11-07,CTVA,65.33000183105469,67.0199966430664,65.26000213623047,66.04000091552734,63.88966751098633,3421800
2022-11-08,CTVA,66.08999633789062,67.5199966430664,65.87999725341797,67.19000244140625,65.00223541259766,2901300
2022-11-08,CTVA,66.08999633789062,67.5199966430664,65.87999725341797,67.19000244140625,65.00223541259766,2901300
2022-11-09,CTVA,67.06999969482422,67.87000274658203,66.73500061035156,67.05000305175781,64.8667984008789,3595000
2022-11-09,CTVA,67.06999969482422,67.87000274658203,66.73500061035156,67.05000305175781,64.8667984008789,3595000
2022-11-10,CTVA,68.02999877929688,68.02999877929688,66.52999877929688,67.20999908447266,65.1673583984375,4523900
2022-11-10,CTVA,68.02999877929688,68.02999877929688,66.52999877929688,67.20999908447266,65.1673583984375,4523900
2022-11-11,CTVA,67.86000061035156,68.0999984741211,64.29499816894531,64.7699966430664,62.80152130126953,5139300
2022-11-11,CTVA,67.86000061035156,68.0999984741211,64.29499816894531,64.7699966430664,62.80152130126953,5139300
2022-11-14,CTVA,64.93000030517578,67.66999816894531,64.83000183105469,66.7300033569336,64.70197296142578,3240400
2022-11-14,CTVA,64.93000030517578,67.66999816894531,64.83000183105469,66.7300033569336,64.70197296142578,3240400
2022-11-15,CTVA,66.72000122070312,67.05000305175781,64.81999969482422,66.72000122070312,64.69226837158203,3422100
2022-11-15,CTVA,66.72000122070312,67.05000305175781,64.81999969482422,66.72000122070312,64.69226837158203,3422100
2022-11-16,CTVA,66.30000305175781,66.58999633789062,65.05999755859375,65.3499984741211,63.36390686035156,3064300
2022-11-16,CTVA,66.30000305175781,66.58999633789062,65.05999755859375,65.3499984741211,63.36390686035156,3064300
2022-11-17,CTVA,64.55000305175781,65.63999938964844,63.7599983215332,65.43000030517578,63.44145965576172,3637400
2022-11-17,CTVA,64.55000305175781,65.63999938964844,63.7599983215332,65.43000030517578,63.44145965576172,3637400
2022-11-18,CTVA,65.63999938964844,65.94000244140625,64.77999877929688,65.19999694824219,63.21846008300781,2999700
2022-11-18,CTVA,65.63999938964844,65.94000244140625,64.77999877929688,65.19999694824219,63.21846008300781,2999700
2022-11-21,CTVA,65.0,65.72000122070312,64.05000305175781,65.1500015258789,63.16997909545898,3290300
2022-11-21,CTVA,65.0,65.72000122070312,64.05000305175781,65.1500015258789,63.16997909545898,3290300
2022-11-22,CTVA,65.92500305175781,66.33000183105469,65.37999725341797,66.08999633789062,64.08140563964844,1896700
2022-11-22,CTVA,65.92500305175781,66.33000183105469,65.37999725341797,66.08999633789062,64.08140563964844,1896700
2022-11-23,CTVA,65.98999786376953,66.30999755859375,65.31999969482422,65.80000305175781,63.80024719238281,1653700
2022-11-23,CTVA,65.98999786376953,66.30999755859375,65.31999969482422,65.80000305175781,63.80024719238281,1653700
2022-11-25,CTVA,66.0,66.33000183105469,65.61000061035156,66.33000183105469,64.31410217285156,704300
2022-11-25,CTVA,66.0,66.33000183105469,65.61000061035156,66.33000183105469,64.31410217285156,704300
2022-11-28,CTVA,65.70999908447266,65.73999786376953,64.6500015258789,64.93000030517578,62.9566764831543,2570200
2022-11-28,CTVA,65.70999908447266,65.73999786376953,64.6500015258789,64.93000030517578,62.9566764831543,2570200
2022-11-29,CTVA,65.01000213623047,65.87999725341797,64.97000122070312,65.56999969482422,63.57722091674805,1736500
2022-11-29,CTVA,65.01000213623047,65.87999725341797,64.97000122070312,65.56999969482422,63.57722091674805,1736500
2022-11-30,CTVA,65.73999786376953,67.19000244140625,64.80400085449219,67.16000366210938,65.11888885498047,5060000
2022-11-30,CTVA,65.73999786376953,67.19000244140625,64.80400085449219,67.16000366210938,65.11888885498047,5060000
2022-12-01,CTVA,67.3499984741211,67.41999816894531,65.83999633789062,66.25,64.2365493774414,1705900
2022-12-01,CTVA,67.3499984741211,67.41999816894531,65.83999633789062,66.25,64.2365493774414,1705900
2022-12-02,CTVA,65.97000122070312,67.55000305175781,65.83000183105469,67.30999755859375,65.26432800292969,1865100
2022-12-02,CTVA,65.97000122070312,67.55000305175781,65.83000183105469,67.30999755859375,65.26432800292969,1865100
2022-12-05,CTVA,66.95999908447266,67.11000061035156,64.02999877929688,64.36000061035156,62.40398406982422,2573200
2022-12-05,CTVA,66.95999908447266,67.11000061035156,64.02999877929688,64.36000061035156,62.40398406982422,2573200
2022-12-06,CTVA,64.5,65.4000015258789,63.16999816894531,63.65999984741211,61.72525405883789,2674200
2022-12-06,CTVA,64.5,65.4000015258789,63.16999816894531,63.65999984741211,61.72525405883789,2674200
2022-12-07,CTVA,63.66999816894531,64.33000183105469,63.20000076293945,63.7599983215332,61.82221984863281,2747600
2022-12-07,CTVA,63.66999816894531,64.33000183105469,63.20000076293945,63.7599983215332,61.82221984863281,2747600
2022-12-08,CTVA,64.30000305175781,64.62000274658203,63.4900016784668,63.7400016784668,61.802833557128906,1892300
2022-12-08,CTVA,64.30000305175781,64.62000274658203,63.4900016784668,63.7400016784668,61.802833557128906,1892300
2022-12-09,CTVA,63.52999877929688,64.0,62.630001068115234,62.9900016784668,61.07562255859375,2078700
2022-12-09,CTVA,63.52999877929688,64.0,62.630001068115234,62.9900016784668,61.07562255859375,2078700
2022-12-12,CTVA,63.0,63.27999877929688,61.619998931884766,62.290000915527344,60.39690399169922,3637200
2022-12-12,CTVA,63.0,63.27999877929688,61.619998931884766,62.290000915527344,60.39690399169922,3637200
2022-12-13,CTVA,63.220001220703125,63.625,62.369998931884766,62.63999938964844,60.73626327514648,2384600
2022-12-13,CTVA,63.220001220703125,63.625,62.369998931884766,62.63999938964844,60.73626327514648,2384600
2022-12-14,CTVA,62.72999954223633,63.025001525878906,61.400001525878906,61.70000076293945,59.82483673095703,2956500
2022-12-14,CTVA,62.72999954223633,63.025001525878906,61.400001525878906,61.70000076293945,59.82483673095703,2956500
2022-12-15,CTVA,60.9900016784668,61.36000061035156,59.91999816894531,60.22999954223633,58.39950942993164,3922600
2022-12-15,CTVA,60.9900016784668,61.36000061035156,59.91999816894531,60.22999954223633,58.39950942993164,3922600
2022-12-16,CTVA,59.744998931884766,60.08000183105469,59.0,59.77999877929688,57.96318435668945,9735200
2022-12-16,CTVA,59.744998931884766,60.08000183105469,59.0,59.77999877929688,57.96318435668945,9735200
2022-12-19,CTVA,60.02999877929688,60.290000915527344,58.01499938964844,58.29999923706055,56.528167724609375,3379000
2022-12-19,CTVA,60.02999877929688,60.290000915527344,58.01499938964844,58.29999923706055,56.528167724609375,3379000
2022-12-20,CTVA,58.54999923706055,59.40999984741211,58.310001373291016,58.88999938964844,57.10023498535156,2645200
2022-12-20,CTVA,58.54999923706055,59.40999984741211,58.310001373291016,58.88999938964844,57.10023498535156,2645200
2022-12-21,CTVA,59.09000015258789,59.900001525878906,58.41999816894531,59.38999938964844,57.58502960205078,2429000
2022-12-21,CTVA,59.09000015258789,59.900001525878906,58.41999816894531,59.38999938964844,57.58502960205078,2429000
2022-12-22,CTVA,59.22999954223633,59.2400016784668,57.959999084472656,58.900001525878906,57.10992431640625,2305700
2022-12-22,CTVA,59.22999954223633,59.2400016784668,57.959999084472656,58.900001525878906,57.10992431640625,2305700
2022-12-23,CTVA,58.90999984741211,59.6349983215332,58.81999969482422,59.380001068115234,57.575340270996094,1136400
2022-12-23,CTVA,58.90999984741211,59.6349983215332,58.81999969482422,59.380001068115234,57.575340270996094,1136400
2022-12-27,CTVA,59.630001068115234,60.02999877929688,59.2599983215332,59.7599983215332,57.94379425048828,1683900
2022-12-27,CTVA,59.630001068115234,60.02999877929688,59.2599983215332,59.7599983215332,57.94379425048828,1683900
2022-12-28,CTVA,59.7599983215332,59.93000030517578,58.47999954223633,58.630001068115234,56.84813690185547,1656800
2022-12-28,CTVA,59.7599983215332,59.93000030517578,58.47999954223633,58.630001068115234,56.84813690185547,1656800
2022-12-29,CTVA,58.7400016784668,59.625,58.7400016784668,58.97999954223633,57.18749237060547,1548200
2022-12-29,CTVA,58.7400016784668,59.625,58.7400016784668,58.97999954223633,57.18749237060547,1548200
2022-12-30,CTVA,58.7599983215332,59.16999816894531,58.33000183105469,58.77999877929688,56.99357223510742,1858200
2022-12-30,CTVA,58.7599983215332,59.16999816894531,58.33000183105469,58.77999877929688,56.99357223510742,1858200
2023-01-03,CTVA,58.72999954223633,59.119998931884766,58.29999923706055,58.93000030517578,57.13901519775391,2351100
2023-01-03,CTVA,58.72999954223633,59.119998931884766,58.29999923706055,58.93000030517578,57.13901519775391,2351100
2023-01-04,CTVA,59.25,59.79999923706055,58.720001220703125,59.68999862670898,57.875919342041016,3428600
2023-01-04,CTVA,59.25,59.79999923706055,58.720001220703125,59.68999862670898,57.875919342041016,3428600
2023-01-05,CTVA,59.22999954223633,59.68999862670898,58.900001525878906,59.040000915527344,57.24567413330078,3314700
2023-01-05,CTVA,59.22999954223633,59.68999862670898,58.900001525878906,59.040000915527344,57.24567413330078,3314700
2023-01-06,CTVA,59.77000045776367,61.13999938964844,59.59000015258789,61.0099983215332,59.155799865722656,2867000
2023-01-06,CTVA,59.77000045776367,61.13999938964844,59.59000015258789,61.0099983215332,59.155799865722656,2867000
2023-01-09,CTVA,61.20000076293945,61.95500183105469,60.75,61.11000061035156,59.25276565551758,2243100
2023-01-09,CTVA,61.20000076293945,61.95500183105469,60.75,61.11000061035156,59.25276565551758,2243100
2023-01-10,CTVA,61.41999816894531,61.790000915527344,60.4900016784668,61.75,59.87331008911133,1736300
2023-01-10,CTVA,61.41999816894531,61.790000915527344,60.4900016784668,61.75,59.87331008911133,1736300
2023-01-11,CTVA,62.81999969482422,62.95000076293945,61.64500045776367,62.08000183105469,60.19328689575195,2807600
2023-01-11,CTVA,62.81999969482422,62.95000076293945,61.64500045776367,62.08000183105469,60.19328689575195,2807600
2023-01-12,CTVA,62.09999847412109,62.85100173950195,61.709999084472656,62.58000183105469,60.67808532714844,2888500
2023-01-12,CTVA,62.09999847412109,62.85100173950195,61.709999084472656,62.58000183105469,60.67808532714844,2888500
2023-01-13,CTVA,62.56999969482422,63.0099983215332,61.875,62.720001220703125,60.81382751464844,2066300
2023-01-13,CTVA,62.56999969482422,63.0099983215332,61.875,62.720001220703125,60.81382751464844,2066300
2023-01-17,CTVA,62.775001525878906,63.54499816894531,62.650001525878906,62.70000076293945,60.79443740844727,3163500
2023-01-17,CTVA,62.775001525878906,63.54499816894531,62.650001525878906,62.70000076293945,60.79443740844727,3163500
2023-01-18,CTVA,62.93999862670898,63.060001373291016,61.40999984741211,61.5099983215332,59.64059829711914,2621500
2023-01-18,CTVA,62.93999862670898,63.060001373291016,61.40999984741211,61.5099983215332,59.64059829711914,2621500
2023-01-19,CTVA,61.619998931884766,62.36000061035156,61.150001525878906,62.220001220703125,60.32902908325195,3085700
2023-01-19,CTVA,61.619998931884766,62.36000061035156,61.150001525878906,62.220001220703125,60.32902908325195,3085700
2023-01-20,CTVA,62.400001525878906,62.9900016784668,61.650001525878906,62.36000061035156,60.46476745605469,2570800
2023-01-20,CTVA,62.400001525878906,62.9900016784668,61.650001525878906,62.36000061035156,60.46476745605469,2570800
2023-01-23,CTVA,62.31999969482422,62.470001220703125,61.56499862670898,61.900001525878906,60.01874923706055,2754300
2023-01-23,CTVA,62.31999969482422,62.470001220703125,61.56499862670898,61.900001525878906,60.01874923706055,2754300
2023-01-24,CTVA,62.08000183105469,62.54999923706055,61.20000076293945,62.5099983215332,60.61021423339844,2169400
2023-01-24,CTVA,62.08000183105469,62.54999923706055,61.20000076293945,62.5099983215332,60.61021423339844,2169400
2023-01-25,CTVA,61.88999938964844,63.150001525878906,61.41999816894531,63.130001068115234,61.21138000488281,2149800
2023-01-25,CTVA,61.88999938964844,63.150001525878906,61.41999816894531,63.130001068115234,61.21138000488281,2149800
2023-01-26,CTVA,63.5,63.64500045776367,62.56999969482422,63.130001068115234,61.21138000488281,3726500
2023-01-26,CTVA,63.5,63.64500045776367,62.56999969482422,63.130001068115234,61.21138000488281,3726500
2023-01-27,CTVA,62.79999923706055,64.08499908447266,62.68000030517578,63.83000183105469,61.890098571777344,3738500
2023-01-27,CTVA,62.79999923706055,64.08499908447266,62.68000030517578,63.83000183105469,61.890098571777344,3738500
2023-01-30,CTVA,63.28499984741211,63.959999084472656,62.18999862670898,62.52999877929688,60.62960433959961,2869300
2023-01-30,CTVA,63.28499984741211,63.959999084472656,62.18999862670898,62.52999877929688,60.62960433959961,2869300
2023-01-31,CTVA,62.61000061035156,64.47000122070312,62.47999954223633,64.44999694824219,62.49125671386719,3797200
2023-01-31,CTVA,62.61000061035156,64.47000122070312,62.47999954223633,64.44999694824219,62.49125671386719,3797200
2023-02-01,CTVA,64.01000213623047,65.20999908447266,63.900001525878906,64.4800033569336,62.52033996582031,4132900
2023-02-01,CTVA,64.01000213623047,65.20999908447266,63.900001525878906,64.4800033569336,62.52033996582031,4132900
2023-02-02,CTVA,62.34000015258789,62.97999954223633,61.060001373291016,62.0,60.11570358276367,9167000
2023-02-02,CTVA,62.34000015258789,62.97999954223633,61.060001373291016,62.0,60.11570358276367,9167000
2023-02-03,CTVA,61.09999847412109,61.88999938964844,61.09999847412109,61.5,59.63091278076172,4689600
2023-02-03,CTVA,61.09999847412109,61.88999938964844,61.09999847412109,61.5,59.63091278076172,4689600
2023-02-06,CTVA,61.244998931884766,61.400001525878906,60.2400016784668,60.70000076293945,58.855228424072266,4277400
2023-02-06,CTVA,61.244998931884766,61.400001525878906,60.2400016784668,60.70000076293945,58.855228424072266,4277400
2023-02-07,CTVA,60.56999969482422,60.93999862670898,59.84000015258789,60.709999084472656,58.86491775512695,4114400
2023-02-07,CTVA,60.56999969482422,60.93999862670898,59.84000015258789,60.709999084472656,58.86491775512695,4114400
2023-02-08,CTVA,60.48500061035156,62.02999877929688,60.43999862670898,61.880001068115234,59.999359130859375,4131400
2023-02-08,CTVA,60.48500061035156,62.02999877929688,60.43999862670898,61.880001068115234,59.999359130859375,4131400
2023-02-09,CTVA,63.48500061035156,63.790000915527344,62.2599983215332,62.59999847412109,60.69747924804688,4260000
2023-02-09,CTVA,63.48500061035156,63.790000915527344,62.2599983215332,62.59999847412109,60.69747924804688,4260000
2023-02-10,CTVA,62.86000061035156,64.9800033569336,62.86000061035156,64.47000122070312,62.510650634765625,4935500
2023-02-10,CTVA,62.86000061035156,64.9800033569336,62.86000061035156,64.47000122070312,62.510650634765625,4935500
2023-02-13,CTVA,64.06999969482422,64.23100280761719,62.310001373291016,62.470001220703125,60.571434020996094,3864300
2023-02-13,CTVA,64.06999969482422,64.23100280761719,62.310001373291016,62.470001220703125,60.571434020996094,3864300
2023-02-14,CTVA,62.040000915527344,62.790000915527344,61.619998931884766,62.18000030517578,60.29024124145508,2741500
2023-02-14,CTVA,62.040000915527344,62.790000915527344,61.619998931884766,62.18000030517578,60.29024124145508,2741500
2023-02-15,CTVA,61.619998931884766,62.27000045776367,61.540000915527344,62.11000061035156,60.22237396240234,2574700
2023-02-15,CTVA,61.619998931884766,62.27000045776367,61.540000915527344,62.11000061035156,60.22237396240234,2574700
2023-02-16,CTVA,61.72999954223633,63.09999847412109,61.66999816894531,62.75,60.84291458129883,2277100
2023-02-16,CTVA,61.72999954223633,63.09999847412109,61.66999816894531,62.75,60.84291458129883,2277100
2023-02-17,CTVA,62.40999984741211,62.959999084472656,61.5099983215332,61.810001373291016,59.93149185180664,4037100
2023-02-17,CTVA,62.40999984741211,62.959999084472656,61.5099983215332,61.810001373291016,59.93149185180664,4037100
2023-02-21,CTVA,61.880001068115234,62.18000030517578,60.01499938964844,60.060001373291016,58.23466491699219,3398200
2023-02-21,CTVA,61.880001068115234,62.18000030517578,60.01499938964844,60.060001373291016,58.23466491699219,3398200
2023-02-22,CTVA,60.25,62.0,59.58000183105469,61.93999862670898,60.05754089355469,5076300
2023-02-22,CTVA,60.25,62.0,59.58000183105469,61.93999862670898,60.05754089355469,5076300
2023-02-23,CTVA,62.13999938964844,62.573001861572266,61.04999923706055,62.0,60.11570358276367,4058500
2023-02-23,CTVA,62.13999938964844,62.573001861572266,61.04999923706055,62.0,60.11570358276367,4058500
2023-02-24,CTVA,61.16999816894531,61.83000183105469,60.459999084472656,61.68000030517578,59.80543899536133,2909800
2023-02-24,CTVA,61.16999816894531,61.83000183105469,60.459999084472656,61.68000030517578,59.80543899536133,2909800
2023-02-27,CTVA,61.560001373291016,62.43999862670898,61.2599983215332,62.11000061035156,60.22237396240234,3516400
2023-02-27,CTVA,61.560001373291016,62.43999862670898,61.2599983215332,62.11000061035156,60.22237396240234,3516400
2023-02-28,CTVA,61.72999954223633,62.470001220703125,61.40999984741211,62.290000915527344,60.54311752319336,6824500
2023-02-28,CTVA,61.72999954223633,62.470001220703125,61.40999984741211,62.290000915527344,60.54311752319336,6824500
2023-03-01,CTVA,62.13999938964844,63.0099983215332,62.09000015258789,62.150001525878906,60.40704345703125,2758600
2023-03-01,CTVA,62.13999938964844,63.0099983215332,62.09000015258789,62.150001525878906,60.40704345703125,2758600
2023-03-02,CTVA,62.400001525878906,63.59999847412109,62.040000915527344,63.54999923706055,61.76778030395508,2537100
2023-03-02,CTVA,62.400001525878906,63.59999847412109,62.040000915527344,63.54999923706055,61.76778030395508,2537100
2023-03-03,CTVA,63.18000030517578,63.75,62.90999984741211,63.70000076293945,61.91357803344727,2412700
2023-03-03,CTVA,63.18000030517578,63.75,62.90999984741211,63.70000076293945,61.91357803344727,2412700
2023-03-06,CTVA,63.36000061035156,64.04000091552734,62.79999923706055,63.25,61.476192474365234,3932600
2023-03-06,CTVA,63.36000061035156,64.04000091552734,62.79999923706055,63.25,61.476192474365234,3932600
2023-03-07,CTVA,62.79999923706055,63.0099983215332,61.83000183105469,62.970001220703125,61.20404052734375,4239300
2023-03-07,CTVA,62.79999923706055,63.0099983215332,61.83000183105469,62.970001220703125,61.20404052734375,4239300
2023-03-08,CTVA,62.97999954223633,62.97999954223633,61.540000915527344,62.20000076293945,60.45563888549805,4877400
2023-03-08,CTVA,62.97999954223633,62.97999954223633,61.540000915527344,62.20000076293945,60.45563888549805,4877400
2023-03-09,CTVA,62.34000015258789,62.40999984741211,59.90999984741211,59.91999816894531,58.23958206176758,2485400
2023-03-09,CTVA,62.34000015258789,62.40999984741211,59.90999984741211,59.91999816894531,58.23958206176758,2485400
2023-03-10,CTVA,59.61000061035156,59.790000915527344,58.40499877929688,58.88999938964844,57.23846435546875,2632500
2023-03-10,CTVA,59.61000061035156,59.790000915527344,58.40499877929688,58.88999938964844,57.23846435546875,2632500
2023-03-13,CTVA,58.040000915527344,59.33000183105469,57.57500076293945,58.619998931884766,56.976036071777344,2897900
2023-03-13,CTVA,58.040000915527344,59.33000183105469,57.57500076293945,58.619998931884766,56.976036071777344,2897900
2023-03-14,CTVA,59.63999938964844,60.03300094604492,58.185001373291016,58.91999816894531,57.26762008666992,3774800
2023-03-14,CTVA,59.63999938964844,60.03300094604492,58.185001373291016,58.91999816894531,57.26762008666992,3774800
2023-03-15,CTVA,57.709999084472656,57.79999923706055,56.13999938964844,56.84999847412109,55.25567626953125,4254000
2023-03-15,CTVA,57.709999084472656,57.79999923706055,56.13999938964844,56.84999847412109,55.25567626953125,4254000
2023-03-16,CTVA,56.255001068115234,57.18000030517578,55.810001373291016,56.959999084472656,55.36259460449219,4861400
2023-03-16,CTVA,56.255001068115234,57.18000030517578,55.810001373291016,56.959999084472656,55.36259460449219,4861400
2023-03-17,CTVA,56.40999984741211,57.130001068115234,56.11000061035156,56.61000061035156,55.022403717041016,12011000
2023-03-17,CTVA,56.40999984741211,57.130001068115234,56.11000061035156,56.61000061035156,55.022403717041016,12011000
2023-03-20,CTVA,56.959999084472656,57.88999938964844,56.959999084472656,57.619998931884766,56.00408554077149,4243200
2023-03-20,CTVA,56.959999084472656,57.88999938964844,56.959999084472656,57.619998931884766,56.00408554077149,4243200
2023-03-21,CTVA,58.380001068115234,58.95000076293945,58.11000061035156,58.5099983215332,56.869117736816406,2758500
2023-03-21,CTVA,58.380001068115234,58.95000076293945,58.11000061035156,58.5099983215332,56.869117736816406,2758500
2023-03-22,CTVA,58.38999938964844,58.65999984741211,57.43000030517578,57.43999862670898,55.82912826538086,2320900
2023-03-22,CTVA,58.38999938964844,58.65999984741211,57.43000030517578,57.43999862670898,55.82912826538086,2320900
2023-03-23,CTVA,57.5,58.02999877929688,56.52000045776367,56.810001373291016,55.21680450439453,2454200
2023-03-23,CTVA,57.5,58.02999877929688,56.52000045776367,56.810001373291016,55.21680450439453,2454200
2023-03-24,CTVA,56.119998931884766,57.130001068115234,55.900001525878906,56.84000015258789,55.2459602355957,2559300
2023-03-24,CTVA,56.119998931884766,57.130001068115234,55.900001525878906,56.84000015258789,55.2459602355957,2559300
2023-03-27,CTVA,57.38999938964844,58.3650016784668,57.130001068115234,57.70000076293945,56.081844329833984,3560800
2023-03-27,CTVA,57.38999938964844,58.3650016784668,57.130001068115234,57.70000076293945,56.081844329833984,3560800
2023-03-28,CTVA,57.94499969482422,58.59799957275391,57.79999923706055,58.09999847412109,56.47061920166016,2224400
2023-03-28,CTVA,57.94499969482422,58.59799957275391,57.79999923706055,58.09999847412109,56.47061920166016,2224400
2023-03-29,CTVA,58.75,60.0,58.59999847412109,59.93999862670898,58.2590217590332,4911900
2023-03-29,CTVA,58.75,60.0,58.59999847412109,59.93999862670898,58.2590217590332,4911900
2023-03-30,CTVA,60.709999084472656,60.72999954223633,59.560001373291016,59.95000076293945,58.26874542236328,3152500
2023-03-30,CTVA,60.709999084472656,60.72999954223633,59.560001373291016,59.95000076293945,58.26874542236328,3152500
2023-03-31,CTVA,60.11000061035156,60.43299865722656,59.84000015258789,60.310001373291016,58.61864471435547,2700100
2023-03-31,CTVA,60.11000061035156,60.43299865722656,59.84000015258789,60.310001373291016,58.61864471435547,2700100
2023-04-03,CTVA,60.56999969482422,61.06999969482422,60.3650016784668,61.0,59.2892951965332,3420300
2023-04-03,CTVA,60.56999969482422,61.06999969482422,60.3650016784668,61.0,59.2892951965332,3420300
2023-04-04,CTVA,60.56999969482422,60.650001525878906,59.915000915527344,60.400001525878906,58.70612335205078,3465200
2023-04-04,CTVA,60.56999969482422,60.650001525878906,59.915000915527344,60.400001525878906,58.70612335205078,3465200
2023-04-05,CTVA,60.040000915527344,60.85499954223633,60.01499938964844,60.720001220703125,59.01713943481445,2956100
2023-04-05,CTVA,60.040000915527344,60.85499954223633,60.01499938964844,60.720001220703125,59.01713943481445,2956100
2023-04-06,CTVA,60.470001220703125,60.47999954223633,59.09000015258789,59.79999923706055,58.12295150756836,3045900
2023-04-06,CTVA,60.470001220703125,60.47999954223633,59.09000015258789,59.79999923706055,58.12295150756836,3045900
2023-04-10,CTVA,59.880001068115234,60.70000076293945,59.72999954223633,60.290000915527344,58.59920501708984,2040900
2023-04-10,CTVA,59.880001068115234,60.70000076293945,59.72999954223633,60.290000915527344,58.59920501708984,2040900
2023-04-11,CTVA,60.34000015258789,61.119998931884766,60.08000183105469,60.93000030517578,59.22126007080078,2119900
2023-04-11,CTVA,60.34000015258789,61.119998931884766,60.08000183105469,60.93000030517578,59.22126007080078,2119900
2023-04-12,CTVA,61.33000183105469,62.220001220703125,61.09000015258789,61.790000915527344,60.05713653564453,2904500
2023-04-12,CTVA,61.33000183105469,62.220001220703125,61.09000015258789,61.790000915527344,60.05713653564453,2904500
2023-04-13,CTVA,62.02000045776367,62.86899948120117,61.68999862670898,62.720001220703125,60.961055755615234,2642600
2023-04-13,CTVA,62.02000045776367,62.86899948120117,61.68999862670898,62.720001220703125,60.961055755615234,2642600
2023-04-14,CTVA,62.900001525878906,63.3650016784668,61.83000183105469,62.130001068115234,60.38759994506836,1697400
2023-04-14,CTVA,62.900001525878906,63.3650016784668,61.83000183105469,62.130001068115234,60.38759994506836,1697400
2023-04-17,CTVA,62.45000076293945,62.84000015258789,62.084999084472656,62.77000045776367,61.00965118408203,1641800
2023-04-17,CTVA,62.45000076293945,62.84000015258789,62.084999084472656,62.77000045776367,61.00965118408203,1641800
2023-04-18,CTVA,62.90999984741211,63.060001373291016,62.540000915527344,62.970001220703125,61.20404052734375,1624400
2023-04-18,CTVA,62.90999984741211,63.060001373291016,62.540000915527344,62.970001220703125,61.20404052734375,1624400
2023-04-19,CTVA,62.79999923706055,62.970001220703125,62.09000015258789,62.25,60.504241943359375,1482500
2023-04-19,CTVA,62.79999923706055,62.970001220703125,62.09000015258789,62.25,60.504241943359375,1482500
2023-04-20,CTVA,61.75,62.01499938964844,61.43000030517578,61.88999938964844,60.15433120727539,1691100
2023-04-20,CTVA,61.75,62.01499938964844,61.43000030517578,61.88999938964844,60.15433120727539,1691100
2023-04-21,CTVA,62.09999847412109,62.09999847412109,61.13999938964844,61.47999954223633,59.75582885742188,1626400
2023-04-21,CTVA,62.09999847412109,62.09999847412109,61.13999938964844,61.47999954223633,59.75582885742188,1626400
2023-04-24,CTVA,61.7599983215332,61.83000183105469,61.334999084472656,61.5099983215332,59.78498840332031,1393700
2023-04-24,CTVA,61.7599983215332,61.83000183105469,61.334999084472656,61.5099983215332,59.78498840332031,1393700
2023-04-25,CTVA,61.084999084472656,61.209999084472656,60.380001068115234,60.52999877929688,58.83246994018555,1718400
2023-04-25,CTVA,61.084999084472656,61.209999084472656,60.380001068115234,60.52999877929688,58.83246994018555,1718400
2023-04-26,CTVA,60.119998931884766,60.33000183105469,59.209999084472656,59.63999938964844,57.967430114746094,1762700
2023-04-26,CTVA,60.119998931884766,60.33000183105469,59.209999084472656,59.63999938964844,57.967430114746094,1762700
2023-04-27,CTVA,59.63999938964844,60.73500061035156,59.63999938964844,60.66999816894531,58.96854019165039,1791000
2023-04-27,CTVA,59.63999938964844,60.73500061035156,59.63999938964844,60.66999816894531,58.96854019165039,1791000
2023-04-28,CTVA,60.61000061035156,61.34000015258789,60.53499984741211,61.119998931884766,59.40592956542969,2980000
2023-04-28,CTVA,60.61000061035156,61.34000015258789,60.53499984741211,61.119998931884766,59.40592956542969,2980000
2023-05-01,CTVA,61.18999862670898,61.869998931884766,60.9900016784668,61.459999084472656,59.73638534545898,1846400
2023-05-01,CTVA,61.18999862670898,61.869998931884766,60.9900016784668,61.459999084472656,59.73638534545898,1846400
2023-05-02,CTVA,60.8849983215332,61.0,58.65999984741211,60.63999938964844,58.93938446044922,2617800
2023-05-02,CTVA,60.8849983215332,61.0,58.65999984741211,60.63999938964844,58.93938446044922,2617800
2023-05-03,CTVA,60.880001068115234,61.06999969482422,59.94499969482422,60.0,58.31733322143555,2372200
2023-05-03,CTVA,60.880001068115234,61.06999969482422,59.94499969482422,60.0,58.31733322143555,2372200
2023-05-04,CTVA,60.34999847412109,60.56999969482422,56.84000015258789,56.880001068115234,55.28483200073242,4165200
2023-05-04,CTVA,60.34999847412109,60.56999969482422,56.84000015258789,56.880001068115234,55.28483200073242,4165200
2023-05-05,CTVA,57.630001068115234,58.8849983215332,57.54999923706055,58.25,56.61641311645508,3142900
2023-05-05,CTVA,57.630001068115234,58.8849983215332,57.54999923706055,58.25,56.61641311645508,3142900
2023-05-08,CTVA,58.93000030517578,59.040000915527344,57.52999877929688,57.59000015258789,55.97492980957031,2399400
2023-05-08,CTVA,58.93000030517578,59.040000915527344,57.52999877929688,57.59000015258789,55.97492980957031,2399400
2023-05-09,CTVA,57.119998931884766,57.34000015258789,56.64500045776367,57.09999847412109,55.49866485595703,2771700
2023-05-09,CTVA,57.119998931884766,57.34000015258789,56.64500045776367,57.09999847412109,55.49866485595703,2771700
2023-05-10,CTVA,57.68000030517578,57.86000061035156,56.400001525878906,57.56999969482422,55.95548629760742,2707400
2023-05-10,CTVA,57.68000030517578,57.86000061035156,56.400001525878906,57.56999969482422,55.95548629760742,2707400
2023-05-11,CTVA,56.810001373291016,57.150001525878906,56.435001373291016,56.83000183105469,55.23624038696289,2211100
2023-05-11,CTVA,56.810001373291016,57.150001525878906,56.435001373291016,56.83000183105469,55.23624038696289,2211100
2023-05-12,CTVA,57.08000183105469,57.380001068115234,56.39500045776367,57.02000045776367,55.42090606689453,1937800
2023-05-12,CTVA,57.08000183105469,57.380001068115234,56.39500045776367,57.02000045776367,55.42090606689453,1937800
2023-05-15,CTVA,57.22499847412109,57.97499847412109,56.95000076293945,57.900001525878906,56.27623748779297,2049300
2023-05-15,CTVA,57.22499847412109,57.97499847412109,56.95000076293945,57.900001525878906,56.27623748779297,2049300
2023-05-16,CTVA,57.54999923706055,57.72999954223633,56.880001068115234,56.970001220703125,55.37231063842773,2066900
2023-05-16,CTVA,57.54999923706055,57.72999954223633,56.880001068115234,56.970001220703125,55.37231063842773,2066900
2023-05-17,CTVA,57.09000015258789,57.11000061035156,55.84999847412109,55.959999084472656,54.3906364440918,2952100
2023-05-17,CTVA,57.09000015258789,57.11000061035156,55.84999847412109,55.959999084472656,54.3906364440918,2952100
2023-05-18,CTVA,55.63999938964844,56.27000045776367,54.869998931884766,56.18999862670898,54.61418533325195,2714300
2023-05-18,CTVA,55.63999938964844,56.27000045776367,54.869998931884766,56.18999862670898,54.61418533325195,2714300
2023-05-19,CTVA,56.52999877929688,57.32699966430664,56.36000061035156,56.970001220703125,55.37231063842773,2284100
2023-05-19,CTVA,56.52999877929688,57.32699966430664,56.36000061035156,56.970001220703125,55.37231063842773,2284100
2023-05-22,CTVA,57.36000061035156,57.369998931884766,56.54999923706055,56.86000061035156,55.26539611816406,2179400
2023-05-22,CTVA,57.36000061035156,57.369998931884766,56.54999923706055,56.86000061035156,55.26539611816406,2179400
2023-05-23,CTVA,56.58000183105469,56.84999847412109,55.83000183105469,56.02999877929688,54.45867156982422,2627400
2023-05-23,CTVA,56.58000183105469,56.84999847412109,55.83000183105469,56.02999877929688,54.45867156982422,2627400
2023-05-24,CTVA,56.09999847412109,56.16999816894531,55.05500030517578,55.25,53.70054244995117,1870900
2023-05-24,CTVA,56.09999847412109,56.16999816894531,55.05500030517578,55.25,53.70054244995117,1870900
2023-05-25,CTVA,54.93999862670898,55.34000015258789,54.619998931884766,54.84999847412109,53.311767578125,2255200
2023-05-25,CTVA,54.93999862670898,55.34000015258789,54.619998931884766,54.84999847412109,53.311767578125,2255200
2023-05-26,CTVA,55.18000030517578,55.77999877929688,54.970001220703125,55.16999816894531,53.6227912902832,2953600
2023-05-26,CTVA,55.18000030517578,55.77999877929688,54.970001220703125,55.16999816894531,53.6227912902832,2953600
2023-05-30,CTVA,55.119998931884766,55.119998931884766,54.18199920654297,54.970001220703125,53.42839813232422,3789800
2023-05-30,CTVA,55.119998931884766,55.119998931884766,54.18199920654297,54.970001220703125,53.42839813232422,3789800
2023-05-31,CTVA,54.52999877929688,54.75,52.970001220703125,53.4900016784668,52.132171630859375,6882800
2023-05-31,CTVA,54.52999877929688,54.75,52.970001220703125,53.4900016784668,52.132171630859375,6882800
2023-06-01,CTVA,53.44499969482422,53.86000061035156,52.7599983215332,53.86000061035156,52.49277114868164,3872400
2023-06-01,CTVA,53.44499969482422,53.86000061035156,52.7599983215332,53.86000061035156,52.49277114868164,3872400
2023-06-02,CTVA,55.27000045776367,56.119998931884766,54.84999847412109,55.91999816894531,54.5004768371582,3365800
2023-06-02,CTVA,55.27000045776367,56.119998931884766,54.84999847412109,55.91999816894531,54.5004768371582,3365800
2023-06-05,CTVA,55.90999984741211,56.93000030517578,55.86000061035156,56.20000076293945,54.77337265014648,3424200
2023-06-05,CTVA,55.90999984741211,56.93000030517578,55.86000061035156,56.20000076293945,54.77337265014648,3424200
2023-06-06,CTVA,55.84999847412109,57.84000015258789,55.7599983215332,57.619998931884766,56.157325744628906,3438000
2023-06-06,CTVA,55.84999847412109,57.84000015258789,55.7599983215332,57.619998931884766,56.157325744628906,3438000
2023-06-07,CTVA,57.810001373291016,58.560001373291016,57.65999984741211,58.09000015258789,56.61539077758789,5948900
2023-06-07,CTVA,57.810001373291016,58.560001373291016,57.65999984741211,58.09000015258789,56.61539077758789,5948900
2023-06-08,CTVA,58.18000030517578,58.18000030517578,57.310001373291016,57.83000183105469,56.36199569702149,2850300
2023-06-08,CTVA,58.18000030517578,58.18000030517578,57.310001373291016,57.83000183105469,56.36199569702149,2850300
2023-06-09,CTVA,57.290000915527344,57.40999984741211,55.88999938964844,56.43999862670898,55.00727081298828,4734000
2023-06-09,CTVA,57.290000915527344,57.40999984741211,55.88999938964844,56.43999862670898,55.00727081298828,4734000
2023-06-12,CTVA,56.45000076293945,57.290000915527344,56.08000183105469,57.0,55.55306243896485,3261100
2023-06-12,CTVA,56.45000076293945,57.290000915527344,56.08000183105469,57.0,55.55306243896485,3261100
2023-06-13,CTVA,57.15999984741211,58.02000045776367,57.15999984741211,57.70000076293945,56.23529815673828,2184300
2023-06-13,CTVA,57.15999984741211,58.02000045776367,57.15999984741211,57.70000076293945,56.23529815673828,2184300
2023-06-14,CTVA,57.95500183105469,58.06700134277344,56.85499954223633,57.02999877929688,55.582298278808594,2447100
2023-06-14,CTVA,57.95500183105469,58.06700134277344,56.85499954223633,57.02999877929688,55.582298278808594,2447100
2023-06-15,CTVA,57.13999938964844,57.9900016784668,57.13999938964844,57.68000030517578,56.21580123901367,3801400
2023-06-15,CTVA,57.13999938964844,57.9900016784668,57.13999938964844,57.68000030517578,56.21580123901367,3801400
2023-06-16,CTVA,57.66999816894531,57.869998931884766,56.775001525878906,57.22999954223633,55.77722930908203,10092000
2023-06-16,CTVA,57.66999816894531,57.869998931884766,56.775001525878906,57.22999954223633,55.77722930908203,10092000
2023-06-20,CTVA,56.810001373291016,56.970001220703125,56.22999954223633,56.540000915527344,55.10474395751953,3439500
2023-06-20,CTVA,56.810001373291016,56.970001220703125,56.22999954223633,56.540000915527344,55.10474395751953,3439500
2023-06-21,CTVA,56.2400016784668,58.810001373291016,56.09600067138672,58.56999969482422,57.08320617675781,4451100
2023-06-21,CTVA,56.2400016784668,58.810001373291016,56.09600067138672,58.56999969482422,57.08320617675781,4451100
2023-06-22,CTVA,58.380001068115234,58.45500183105469,57.709999084472656,57.88999938964844,56.42046737670898,2015100
2023-06-22,CTVA,58.380001068115234,58.45500183105469,57.709999084472656,57.88999938964844,56.42046737670898,2015100
2023-06-23,CTVA,57.4900016784668,57.880001068115234,56.959999084472656,57.22999954223633,55.77722930908203,4214000
2023-06-23,CTVA,57.4900016784668,57.880001068115234,56.959999084472656,57.22999954223633,55.77722930908203,4214000
2023-06-26,CTVA,57.45000076293945,58.25,57.38999938964844,58.0099983215332,56.53741455078125,1862400
2023-06-26,CTVA,57.45000076293945,58.25,57.38999938964844,58.0099983215332,56.53741455078125,1862400
2023-06-27,CTVA,57.84000015258789,58.0,56.40999984741211,57.33000183105469,55.87468719482422,3870100
2023-06-27,CTVA,57.84000015258789,58.0,56.40999984741211,57.33000183105469,55.87468719482422,3870100
2023-06-28,CTVA,57.630001068115234,57.63999938964844,56.334999084472656,56.93999862670898,55.49457931518555,2973800
2023-06-28,CTVA,57.630001068115234,57.63999938964844,56.334999084472656,56.93999862670898,55.49457931518555,2973800
2023-06-29,CTVA,56.77000045776367,57.72999954223633,56.650001525878906,57.70000076293945,56.23529815673828,1927400
2023-06-29,CTVA,56.77000045776367,57.72999954223633,56.650001525878906,57.70000076293945,56.23529815673828,1927400
2023-06-30,CTVA,57.84999847412109,57.84999847412109,56.61000061035156,57.29999923706055,55.84543991088867,5280200
2023-06-30,CTVA,57.84999847412109,57.84999847412109,56.61000061035156,57.29999923706055,55.84543991088867,5280200
2023-07-03,CTVA,57.68999862670898,58.310001373291016,57.56499862670898,58.0,56.52767181396485,2013500
2023-07-03,CTVA,57.68999862670898,58.310001373291016,57.56499862670898,58.0,56.52767181396485,2013500
2023-07-05,CTVA,57.06999969482422,57.34700012207031,56.29999923706055,56.54999923706055,55.11448669433594,4413100
2023-07-05,CTVA,57.06999969482422,57.34700012207031,56.29999923706055,56.54999923706055,55.11448669433594,4413100
2023-07-06,CTVA,56.150001525878906,56.77000045776367,55.95000076293945,56.619998931884766,55.18271255493164,3614600
2023-07-06,CTVA,56.150001525878906,56.77000045776367,55.95000076293945,56.619998931884766,55.18271255493164,3614600
2023-07-07,CTVA,56.41999816894531,57.54899978637695,56.41999816894531,57.29999923706055,55.84543991088867,3735800
2023-07-07,CTVA,56.41999816894531,57.54899978637695,56.41999816894531,57.29999923706055,55.84543991088867,3735800
2023-07-10,CTVA,55.970001220703125,56.150001525878906,53.119998931884766,54.09000015258789,52.7169303894043,8954000
2023-07-10,CTVA,55.970001220703125,56.150001525878906,53.119998931884766,54.09000015258789,52.7169303894043,8954000
2023-07-11,CTVA,53.93000030517578,54.540000915527344,53.5,54.52000045776367,53.13601303100586,4271700
2023-07-11,CTVA,53.93000030517578,54.540000915527344,53.5,54.52000045776367,53.13601303100586,4271700
2023-07-12,CTVA,54.900001525878906,54.95600128173828,53.880001068115234,54.02999877929688,52.658451080322266,5022200
2023-07-12,CTVA,54.900001525878906,54.95600128173828,53.880001068115234,54.02999877929688,52.658451080322266,5022200
2023-07-13,CTVA,53.93999862670898,54.66999816894531,53.75899887084961,54.61000061035156,53.223731994628906,3528300
2023-07-13,CTVA,53.93999862670898,54.66999816894531,53.75899887084961,54.61000061035156,53.223731994628906,3528300
2023-07-14,CTVA,54.84999847412109,54.84999847412109,53.810001373291016,54.25,52.87286758422852,3180000
2023-07-14,CTVA,54.84999847412109,54.84999847412109,53.810001373291016,54.25,52.87286758422852,3180000
2023-07-17,CTVA,54.25,54.90999984741211,54.15999984741211,54.59000015258789,53.20423889160156,2633200
2023-07-17,CTVA,54.25,54.90999984741211,54.15999984741211,54.59000015258789,53.20423889160156,2633200
2023-07-18,CTVA,55.16999816894531,55.61000061035156,54.91999816894531,55.09999847412109,53.7012939453125,5000600
2023-07-18,CTVA,55.16999816894531,55.61000061035156,54.91999816894531,55.09999847412109,53.7012939453125,5000600
2023-07-19,CTVA,55.5,56.470001220703125,55.5,56.18999862670898,54.76362228393555,4543600
2023-07-19,CTVA,55.5,56.470001220703125,55.5,56.18999862670898,54.76362228393555,4543600
2023-07-20,CTVA,56.709999084472656,56.96500015258789,56.18000030517578,56.619998931884766,55.18271255493164,2328400
2023-07-20,CTVA,56.709999084472656,56.96500015258789,56.18000030517578,56.619998931884766,55.18271255493164,2328400
2023-07-21,CTVA,56.7599983215332,56.84999847412109,56.21500015258789,56.34999847412109,54.91956329345703,1891900
2023-07-21,CTVA,56.7599983215332,56.84999847412109,56.21500015258789,56.34999847412109,54.91956329345703,1891900
2023-07-24,CTVA,56.560001373291016,56.91999816894531,56.06999969482422,56.70000076293945,55.26068115234375,2508900
2023-07-24,CTVA,56.560001373291016,56.91999816894531,56.06999969482422,56.70000076293945,55.26068115234375,2508900
2023-07-25,CTVA,56.63999938964844,56.63999938964844,55.81999969482422,56.22999954223633,54.80260467529297,3082200
2023-07-25,CTVA,56.63999938964844,56.63999938964844,55.81999969482422,56.22999954223633,54.80260467529297,3082200
2023-07-26,CTVA,55.90999984741211,56.27000045776367,55.459999084472656,55.790000915527344,54.373779296875,3173200
2023-07-26,CTVA,55.90999984741211,56.27000045776367,55.459999084472656,55.790000915527344,54.373779296875,3173200
2023-07-27,CTVA,55.91999816894531,56.310001373291016,55.45000076293945,55.59000015258789,54.178855895996094,2904400
2023-07-27,CTVA,55.91999816894531,56.310001373291016,55.45000076293945,55.59000015258789,54.178855895996094,2904400
2023-07-28,CTVA,56.10499954223633,56.25,55.810001373291016,56.13999938964844,54.71488571166992,2697200
2023-07-28,CTVA,56.10499954223633,56.25,55.810001373291016,56.13999938964844,54.71488571166992,2697200
2023-07-31,CTVA,56.369998931884766,56.47999954223633,56.02000045776367,56.43000030517578,54.99752807617188,2184800
2023-07-31,CTVA,56.369998931884766,56.47999954223633,56.02000045776367,56.43000030517578,54.99752807617188,2184800
2023-08-01,CTVA,56.150001525878906,56.380001068115234,55.720001220703125,55.93999862670898,54.51996612548828,3106000
2023-08-01,CTVA,56.150001525878906,56.380001068115234,55.720001220703125,55.93999862670898,54.51996612548828,3106000
2023-08-02,CTVA,55.400001525878906,56.41999816894531,55.209999084472656,55.900001525878906,54.48098373413086,3378600
2023-08-02,CTVA,55.400001525878906,56.41999816894531,55.209999084472656,55.900001525878906,54.48098373413086,3378600
2023-08-03,CTVA,55.56999969482422,56.244998931884766,55.11000061035156,55.68999862670898,54.27631378173828,4796700
2023-08-03,CTVA,55.56999969482422,56.244998931884766,55.11000061035156,55.68999862670898,54.27631378173828,4796700
2023-08-04,CTVA,55.08000183105469,57.4900016784668,54.75,56.02000045776367,54.59793472290039,7329700
2023-08-04,CTVA,55.08000183105469,57.4900016784668,54.75,56.02000045776367,54.59793472290039,7329700
2023-08-07,CTVA,55.970001220703125,56.02000045776367,54.38999938964844,54.56999969482422,53.18474960327149,3939500
2023-08-07,CTVA,55.970001220703125,56.02000045776367,54.38999938964844,54.56999969482422,53.18474960327149,3939500
2023-08-08,CTVA,54.09000015258789,54.845001220703125,53.900001525878906,54.18000030517578,52.804649353027344,2916100
2023-08-08,CTVA,54.09000015258789,54.845001220703125,53.900001525878906,54.18000030517578,52.804649353027344,2916100
2023-08-09,CTVA,54.02999877929688,54.290000915527344,53.25,53.369998931884766,52.01520538330078,3674600
2023-08-09,CTVA,54.02999877929688,54.290000915527344,53.25,53.369998931884766,52.01520538330078,3674600
2023-08-10,CTVA,53.619998931884766,53.71500015258789,52.09000015258789,52.209999084472656,50.8846549987793,5140500
2023-08-10,CTVA,53.619998931884766,53.71500015258789,52.09000015258789,52.209999084472656,50.8846549987793,5140500
2023-08-11,CTVA,52.220001220703125,52.66999816894531,51.970001220703125,52.40999984741211,51.0795783996582,2990400
2023-08-11,CTVA,52.220001220703125,52.66999816894531,51.970001220703125,52.40999984741211,51.0795783996582,2990400
2023-08-14,CTVA,52.0,52.060001373291016,51.5099983215332,52.0,50.67998504638672,2305400
2023-08-14,CTVA,52.0,52.060001373291016,51.5099983215332,52.0,50.67998504638672,2305400
2023-08-15,CTVA,51.380001068115234,51.400001525878906,50.13999938964844,50.650001525878906,49.36426162719727,5545700
2023-08-15,CTVA,51.380001068115234,51.400001525878906,50.13999938964844,50.650001525878906,49.36426162719727,5545700
2023-08-16,CTVA,50.59999847412109,50.91999816894531,50.005001068115234,50.0099983215332,48.740501403808594,4172100
2023-08-16,CTVA,50.59999847412109,50.91999816894531,50.005001068115234,50.0099983215332,48.740501403808594,4172100
2023-08-17,CTVA,50.0,51.0,49.95000076293945,50.43000030517578,49.14984130859375,3909300
2023-08-17,CTVA,50.0,51.0,49.95000076293945,50.43000030517578,49.14984130859375,3909300
2023-08-18,CTVA,50.040000915527344,51.0,50.040000915527344,50.7599983215332,49.471466064453125,4778200
2023-08-18,CTVA,50.040000915527344,51.0,50.040000915527344,50.7599983215332,49.471466064453125,4778200
2023-08-21,CTVA,50.77000045776367,50.87300109863281,50.15499877929688,50.209999084472656,48.9354248046875,2486300
2023-08-21,CTVA,50.77000045776367,50.87300109863281,50.15499877929688,50.209999084472656,48.9354248046875,2486300
2023-08-22,CTVA,50.040000915527344,50.20000076293945,49.18000030517578,49.380001068115234,48.12649917602539,3498300
2023-08-22,CTVA,50.040000915527344,50.20000076293945,49.18000030517578,49.380001068115234,48.12649917602539,3498300
2023-08-23,CTVA,49.29999923706055,49.33000183105469,48.68000030517578,49.08000183105469,47.83411407470703,5037600
2023-08-23,CTVA,49.29999923706055,49.33000183105469,48.68000030517578,49.08000183105469,47.83411407470703,5037600
2023-08-24,CTVA,48.84000015258789,49.72499847412109,48.72999954223633,49.650001525878906,48.3896484375,3935200
2023-08-24,CTVA,48.84000015258789,49.72499847412109,48.72999954223633,49.650001525878906,48.3896484375,3935200
2023-08-25,CTVA,49.93000030517578,50.43999862670898,49.630001068115234,49.93999862670898,48.67227554321289,5374200
2023-08-25,CTVA,49.93000030517578,50.43999862670898,49.630001068115234,49.93999862670898,48.67227554321289,5374200
2023-08-28,CTVA,50.130001068115234,51.119998931884766,50.130001068115234,50.93000030517578,49.637149810791016,3791900
2023-08-28,CTVA,50.130001068115234,51.119998931884766,50.130001068115234,50.93000030517578,49.637149810791016,3791900
2023-08-29,CTVA,51.150001525878906,51.380001068115234,50.790000915527344,51.310001373291016,50.00749969482422,3143500
2023-08-29,CTVA,51.150001525878906,51.380001068115234,50.790000915527344,51.310001373291016,50.00749969482422,3143500
2023-08-30,CTVA,51.27000045776367,51.56999969482422,51.04499816894531,51.2599983215332,49.958770751953125,3462800
2023-08-30,CTVA,51.27000045776367,51.56999969482422,51.04499816894531,51.2599983215332,49.958770751953125,3462800
2023-08-31,CTVA,51.2599983215332,51.27999877929688,50.45000076293945,50.5099983215332,49.3819465637207,3958200
2023-08-31,CTVA,51.2599983215332,51.27999877929688,50.45000076293945,50.5099983215332,49.3819465637207,3958200
2023-09-01,CTVA,51.0,51.400001525878906,50.84999847412109,51.11000061035156,49.96854782104492,3573200
2023-09-01,CTVA,51.0,51.400001525878906,50.84999847412109,51.11000061035156,49.96854782104492,3573200
2023-09-05,CTVA,51.52999877929688,51.900001525878906,50.95000076293945,50.959999084472656,49.8218994140625,6091000
2023-09-05,CTVA,51.52999877929688,51.900001525878906,50.95000076293945,50.959999084472656,49.8218994140625,6091000
2023-09-06,CTVA,50.84999847412109,51.0099983215332,50.15999984741211,50.5,49.372169494628906,4988300
2023-09-06,CTVA,50.84999847412109,51.0099983215332,50.15999984741211,50.5,49.372169494628906,4988300
2023-09-07,CTVA,50.13999938964844,50.63999938964844,48.84000015258789,49.560001373291016,48.453163146972656,9868200
2023-09-07,CTVA,50.13999938964844,50.63999938964844,48.84000015258789,49.560001373291016,48.453163146972656,9868200
2023-09-08,CTVA,49.68000030517578,49.91999816894531,49.2599983215332,49.58000183105469,48.47271728515625,2997600
2023-09-08,CTVA,49.68000030517578,49.91999816894531,49.2599983215332,49.58000183105469,48.47271728515625,2997600
2023-09-11,CTVA,49.720001220703125,50.25,49.56999969482422,49.810001373291016,48.69758224487305,3350800
2023-09-11,CTVA,49.720001220703125,50.25,49.56999969482422,49.810001373291016,48.69758224487305,3350800
2023-09-12,CTVA,50.040000915527344,51.709999084472656,49.5,51.630001068115234,50.47693634033203,6620700
2023-09-12,CTVA,50.040000915527344,51.709999084472656,49.5,51.630001068115234,50.47693634033203,6620700
2023-09-13,CTVA,51.86000061035156,53.400001525878906,51.86000061035156,51.9900016784668,50.828895568847656,6209400
2023-09-13,CTVA,51.86000061035156,53.400001525878906,51.86000061035156,51.9900016784668,50.828895568847656,6209400
2023-09-14,CTVA,52.59000015258789,52.92499923706055,52.16999816894531,52.61000061035156,51.43504333496094,4979700
2023-09-14,CTVA,52.59000015258789,52.92499923706055,52.16999816894531,52.61000061035156,51.43504333496094,4979700
2023-09-15,CTVA,52.5099983215332,53.25,52.41999816894531,52.54999923706055,51.37638473510742,11700500
2023-09-15,CTVA,52.5099983215332,53.25,52.41999816894531,52.54999923706055,51.37638473510742,11700500
2023-09-18,CTVA,52.43999862670898,52.709999084472656,51.68000030517578,51.869998931884766,50.71157455444336,4218300
2023-09-18,CTVA,52.43999862670898,52.709999084472656,51.68000030517578,51.869998931884766,50.71157455444336,4218300
2023-09-19,CTVA,52.33000183105469,52.630001068115234,52.04999923706055,52.540000915527344,51.36661148071289,5439500
2023-09-19,CTVA,52.33000183105469,52.630001068115234,52.04999923706055,52.540000915527344,51.36661148071289,5439500
2023-09-20,CTVA,52.9900016784668,52.9900016784668,51.68999862670898,51.77000045776367,50.61380386352539,4121300
2023-09-20,CTVA,52.9900016784668,52.9900016784668,51.68999862670898,51.77000045776367,50.61380386352539,4121300
2023-09-21,CTVA,51.25,51.77999877929688,51.0,51.52999877929688,50.3791618347168,3519100
2023-09-21,CTVA,51.25,51.77999877929688,51.0,51.52999877929688,50.3791618347168,3519100
2023-09-22,CTVA,51.59000015258789,51.790000915527344,51.23500061035156,51.41999816894531,50.2716178894043,3208600
2023-09-22,CTVA,51.59000015258789,51.790000915527344,51.23500061035156,51.41999816894531,50.2716178894043,3208600
2023-09-25,CTVA,51.02999877929688,51.369998931884766,50.68999862670898,51.27000045776367,50.12497329711914,4334400
2023-09-25,CTVA,51.02999877929688,51.369998931884766,50.68999862670898,51.27000045776367,50.12497329711914,4334400
2023-09-26,CTVA,51.02999877929688,51.41999816894531,50.540000915527344,50.790000915527344,49.65569305419922,3817800
2023-09-26,CTVA,51.02999877929688,51.41999816894531,50.540000915527344,50.790000915527344,49.65569305419922,3817800
2023-09-27,CTVA,51.02999877929688,51.33000183105469,50.400001525878906,50.75,49.61658477783203,2591000
2023-09-27,CTVA,51.02999877929688,51.33000183105469,50.400001525878906,50.75,49.61658477783203,2591000
2023-09-28,CTVA,50.810001373291016,51.22999954223633,50.45000076293945,50.90999984741211,49.77301406860352,3086000
2023-09-28,CTVA,50.810001373291016,51.22999954223633,50.45000076293945,50.90999984741211,49.77301406860352,3086000
2023-09-29,CTVA,51.29999923706055,51.54999923706055,50.91999816894531,51.15999984741211,50.017425537109375,3507600
2023-09-29,CTVA,51.29999923706055,51.54999923706055,50.91999816894531,51.15999984741211,50.017425537109375,3507600
2023-10-02,CTVA,50.93999862670898,50.93999862670898,49.72999954223633,50.04999923706055,48.93221664428711,3666300
2023-10-02,CTVA,50.93999862670898,50.93999862670898,49.72999954223633,50.04999923706055,48.93221664428711,3666300
2023-10-03,CTVA,49.54999923706055,50.630001068115234,49.40999984741211,50.34000015258789,49.21574020385742,3856900
2023-10-03,CTVA,49.54999923706055,50.630001068115234,49.40999984741211,50.34000015258789,49.21574020385742,3856900
2023-10-04,CTVA,50.5099983215332,51.02000045776367,50.14500045776367,50.45000076293945,49.32328796386719,2759500
2023-10-04,CTVA,50.5099983215332,51.02000045776367,50.14500045776367,50.45000076293945,49.32328796386719,2759500
2023-10-05,CTVA,50.130001068115234,50.52999877929688,49.43000030517578,49.83000183105469,48.717132568359375,2497300
2023-10-05,CTVA,50.130001068115234,50.52999877929688,49.43000030517578,49.83000183105469,48.717132568359375,2497300
2023-10-06,CTVA,49.66999816894531,50.4900016784668,49.43999862670898,50.04999923706055,48.93221664428711,2920400
2023-10-06,CTVA,49.66999816894531,50.4900016784668,49.43999862670898,50.04999923706055,48.93221664428711,2920400
2023-10-09,CTVA,49.88999938964844,50.60499954223633,49.43999862670898,50.59000015258789,49.46016311645508,3119800
2023-10-09,CTVA,49.88999938964844,50.60499954223633,49.43999862670898,50.59000015258789,49.46016311645508,3119800
2023-10-10,CTVA,50.72999954223633,51.18999862670898,50.45500183105469,50.52000045776367,49.3917236328125,2248400
2023-10-10,CTVA,50.72999954223633,51.18999862670898,50.45500183105469,50.52000045776367,49.3917236328125,2248400
2023-10-11,CTVA,50.470001220703125,50.52999877929688,48.59000015258789,49.880001068115234,48.76601791381836,4008900
2023-10-11,CTVA,50.470001220703125,50.52999877929688,48.59000015258789,49.880001068115234,48.76601791381836,4008900
2023-10-12,CTVA,50.18999862670898,50.18999862670898,49.130001068115234,49.43999862670898,48.33583831787109,1897000
2023-10-12,CTVA,50.18999862670898,50.18999862670898,49.130001068115234,49.43999862670898,48.33583831787109,1897000
2023-10-13,CTVA,49.459999084472656,49.84000015258789,49.04999923706055,49.54999923706055,48.44338607788086,2248000
2023-10-13,CTVA,49.459999084472656,49.84000015258789,49.04999923706055,49.54999923706055,48.44338607788086,2248000
2023-10-16,CTVA,49.869998931884766,50.03499984741211,49.369998931884766,49.810001373291016,48.69758224487305,2174900
2023-10-16,CTVA,49.869998931884766,50.03499984741211,49.369998931884766,49.810001373291016,48.69758224487305,2174900
2023-10-17,CTVA,49.68000030517578,51.58000183105469,49.650001525878906,51.560001373291016,50.40849685668945,3335200
2023-10-17,CTVA,49.68000030517578,51.58000183105469,49.650001525878906,51.560001373291016,50.40849685668945,3335200
2023-10-18,CTVA,51.41999816894531,51.93000030517578,51.11000061035156,51.22999954223633,50.08586502075195,3455700
2023-10-18,CTVA,51.41999816894531,51.93000030517578,51.11000061035156,51.22999954223633,50.08586502075195,3455700
2023-10-19,CTVA,51.334999084472656,51.91999816894531,50.84999847412109,50.959999084472656,49.8218994140625,2617000
2023-10-19,CTVA,51.334999084472656,51.91999816894531,50.84999847412109,50.959999084472656,49.8218994140625,2617000
2023-10-20,CTVA,51.47999954223633,51.630001068115234,50.25,50.2599983215332,49.13752365112305,2363800
2023-10-20,CTVA,51.47999954223633,51.630001068115234,50.25,50.2599983215332,49.13752365112305,2363800
2023-10-23,CTVA,47.380001068115234,49.290000915527344,47.380001068115234,48.77000045776367,47.68080139160156,5078100
2023-10-23,CTVA,47.380001068115234,49.290000915527344,47.380001068115234,48.77000045776367,47.68080139160156,5078100
2023-10-24,CTVA,48.45000076293945,48.78499984741211,48.09000015258789,48.40999984741211,47.32884216308594,3765900
2023-10-24,CTVA,48.45000076293945,48.78499984741211,48.09000015258789,48.40999984741211,47.32884216308594,3765900
2023-10-25,CTVA,48.52999877929688,49.15999984741211,48.40999984741211,48.630001068115234,47.5439338684082,2394400
2023-10-25,CTVA,48.52999877929688,49.15999984741211,48.40999984741211,48.630001068115234,47.5439338684082,2394400
2023-10-26,CTVA,49.02000045776367,49.31999969482422,48.61000061035156,48.709999084472656,47.62214660644531,2856600
2023-10-26,CTVA,49.02000045776367,49.31999969482422,48.61000061035156,48.709999084472656,47.62214660644531,2856600
2023-10-27,CTVA,47.5,48.20000076293945,47.209999084472656,47.81999969482422,46.75202178955078,5864100
2023-10-27,CTVA,47.5,48.20000076293945,47.209999084472656,47.81999969482422,46.75202178955078,5864100
2023-10-30,CTVA,48.16999816894531,48.34999847412109,47.525001525878906,48.220001220703125,47.1430892944336,3637600
2023-10-30,CTVA,48.16999816894531,48.34999847412109,47.525001525878906,48.220001220703125,47.1430892944336,3637600
2023-10-31,CTVA,48.02999877929688,48.34000015258789,47.33000183105469,48.13999938964844,47.06487655639648,3755200
2023-10-31,CTVA,48.02999877929688,48.34000015258789,47.33000183105469,48.13999938964844,47.06487655639648,3755200
2023-11-01,CTVA,48.13999938964844,48.29999923706055,47.43000030517578,47.7400016784668,46.67381286621094,4446800
2023-11-01,CTVA,48.13999938964844,48.29999923706055,47.43000030517578,47.7400016784668,46.67381286621094,4446800
2023-11-02,CTVA,47.91999816894531,49.59000015258789,47.91999816894531,49.560001373291016,48.453163146972656,2771400
2023-11-02,CTVA,47.91999816894531,49.59000015258789,47.91999816894531,49.560001373291016,48.453163146972656,2771400
2023-11-03,CTVA,49.79999923706055,50.650001525878906,49.68999862670898,50.22999954223633,49.10820007324219,2843100
2023-11-03,CTVA,49.79999923706055,50.650001525878906,49.68999862670898,50.22999954223633,49.10820007324219,2843100
2023-11-06,CTVA,50.16999816894531,50.25,49.72999954223633,49.970001220703125,48.85400390625,2640900
2023-11-06,CTVA,50.16999816894531,50.25,49.72999954223633,49.970001220703125,48.85400390625,2640900
2023-11-07,CTVA,49.52999877929688,49.84999847412109,49.130001068115234,49.27999877929688,48.17940902709961,3070700
2023-11-07,CTVA,49.52999877929688,49.84999847412109,49.130001068115234,49.27999877929688,48.17940902709961,3070700
2023-11-08,CTVA,49.31999969482422,49.58200073242188,48.58000183105469,48.619998931884766,47.53415298461914,2811700
2023-11-08,CTVA,49.31999969482422,49.58200073242188,48.58000183105469,48.619998931884766,47.53415298461914,2811700
2023-11-09,CTVA,49.66999816894531,49.66999816894531,44.29499816894531,44.5099983215332,43.51594543457031,7045300
2023-11-09,CTVA,49.66999816894531,49.66999816894531,44.29499816894531,44.5099983215332,43.51594543457031,7045300
2023-11-10,CTVA,44.369998931884766,44.65999984741211,43.34999847412109,43.54999923706055,42.57738494873047,5287900
2023-11-10,CTVA,44.369998931884766,44.65999984741211,43.34999847412109,43.54999923706055,42.57738494873047,5287900
2023-11-13,CTVA,43.43000030517578,45.34999847412109,43.220001220703125,45.290000915527344,44.27853012084961,7620400
2023-11-13,CTVA,43.43000030517578,45.34999847412109,43.220001220703125,45.290000915527344,44.27853012084961,7620400
2023-11-14,CTVA,45.4900016784668,46.9900016784668,45.4900016784668,46.27999877929688,45.24641036987305,4344200
2023-11-14,CTVA,45.4900016784668,46.9900016784668,45.4900016784668,46.27999877929688,45.24641036987305,4344200
2023-11-15,CTVA,46.380001068115234,47.25,46.380001068115234,46.72999954223633,45.68636322021485,2854000
2023-11-15,CTVA,46.380001068115234,47.25,46.380001068115234,46.72999954223633,45.68636322021485,2854000
2023-11-16,CTVA,47.29999923706055,47.95000076293945,46.334999084472656,46.970001220703125,45.92100524902344,3101000
2023-11-16,CTVA,47.29999923706055,47.95000076293945,46.334999084472656,46.970001220703125,45.92100524902344,3101000
2023-11-17,CTVA,47.20000076293945,47.59000015258789,46.80500030517578,47.31999969482422,46.26318740844727,3495300
2023-11-17,CTVA,47.20000076293945,47.59000015258789,46.80500030517578,47.31999969482422,46.26318740844727,3495300
2023-11-20,CTVA,47.310001373291016,47.310001373291016,46.630001068115234,46.86000061035156,45.8134651184082,3238800
2023-11-20,CTVA,47.310001373291016,47.310001373291016,46.630001068115234,46.86000061035156,45.8134651184082,3238800
2023-11-21,CTVA,46.84000015258789,47.04999923706055,46.2400016784668,46.27000045776367,45.23664093017578,2709300
2023-11-21,CTVA,46.84000015258789,47.04999923706055,46.2400016784668,46.27000045776367,45.23664093017578,2709300
2023-11-22,CTVA,46.290000915527344,46.459999084472656,45.4900016784668,46.36000061035156,45.32463073730469,1984300
2023-11-22,CTVA,46.290000915527344,46.459999084472656,45.4900016784668,46.36000061035156,45.32463073730469,1984300
2023-11-24,CTVA,46.20000076293945,47.29999923706055,46.09000015258789,46.66999816894531,45.627708435058594,1411400
2023-11-24,CTVA,46.20000076293945,47.29999923706055,46.09000015258789,46.66999816894531,45.627708435058594,1411400
2023-11-27,CTVA,45.91999816894531,46.26499938964844,45.59000015258789,45.72999954223633,44.70869827270508,3223100
2023-11-27,CTVA,45.91999816894531,46.26499938964844,45.59000015258789,45.72999954223633,44.70869827270508,3223100
2023-11-28,CTVA,45.650001525878906,46.27999877929688,45.29999923706055,45.5,44.48383331298828,4426900
2023-11-28,CTVA,45.650001525878906,46.27999877929688,45.29999923706055,45.5,44.48383331298828,4426900
2023-11-29,CTVA,45.75,46.040000915527344,45.27999877929688,45.5,44.48383331298828,3426500
2023-11-29,CTVA,45.75,46.040000915527344,45.27999877929688,45.5,44.48383331298828,3426500
2023-11-30,CTVA,45.459999084472656,45.54999923706055,45.02000045776367,45.20000076293945,44.34648132324219,7518600
2023-11-30,CTVA,45.459999084472656,45.54999923706055,45.02000045776367,45.20000076293945,44.34648132324219,7518600
2023-12-01,CTVA,45.36000061035156,46.42499923706055,45.08000183105469,46.20000076293945,45.327598571777344,5788300
2023-12-01,CTVA,45.36000061035156,46.42499923706055,45.08000183105469,46.20000076293945,45.327598571777344,5788300
2023-12-04,CTVA,45.900001525878906,46.21500015258789,45.16999816894531,45.220001220703125,44.3661003112793,5222800
2023-12-04,CTVA,45.900001525878906,46.21500015258789,45.16999816894531,45.220001220703125,44.3661003112793,5222800
2023-12-05,CTVA,44.93999862670898,45.178001403808594,43.88999938964844,43.88999938964844,43.06121444702149,4894000
2023-12-05,CTVA,44.93999862670898,45.178001403808594,43.88999938964844,43.88999938964844,43.06121444702149,4894000
2023-12-06,CTVA,44.09000015258789,44.59999847412109,43.97999954223633,44.150001525878906,43.31631088256836,3746300
2023-12-06,CTVA,44.09000015258789,44.59999847412109,43.97999954223633,44.150001525878906,43.31631088256836,3746300
2023-12-07,CTVA,44.25,44.70000076293945,44.09999847412109,44.5,43.6596908569336,4821500
2023-12-07,CTVA,44.25,44.70000076293945,44.09999847412109,44.5,43.6596908569336,4821500
2023-12-08,CTVA,44.619998931884766,45.31999969482422,44.5,45.150001525878906,44.29742813110352,5691400
2023-12-08,CTVA,44.619998931884766,45.31999969482422,44.5,45.150001525878906,44.29742813110352,5691400
2023-12-11,CTVA,45.56999969482422,45.900001525878906,45.2599983215332,45.79999923706055,44.935150146484375,5526700
2023-12-11,CTVA,45.56999969482422,45.900001525878906,45.2599983215332,45.79999923706055,44.935150146484375,5526700
2023-12-12,CTVA,45.65999984741211,45.65999984741211,44.720001220703125,44.810001373291016,43.963844299316406,4052500
2023-12-12,CTVA,45.65999984741211,45.65999984741211,44.720001220703125,44.810001373291016,43.963844299316406,4052500
2023-12-13,CTVA,45.13999938964844,45.72999954223633,44.709999084472656,45.540000915527344,44.680057525634766,8684900
2023-12-13,CTVA,45.13999938964844,45.72999954223633,44.709999084472656,45.540000915527344,44.680057525634766,8684900
2023-12-14,CTVA,45.915000915527344,47.52000045776367,45.915000915527344,46.540000915527344,45.661170959472656,7659600
2023-12-14,CTVA,45.915000915527344,47.52000045776367,45.915000915527344,46.540000915527344,45.661170959472656,7659600
2023-12-15,CTVA,46.380001068115234,46.709999084472656,46.060001373291016,46.54999923706055,45.67098236083984,14029300
2023-12-15,CTVA,46.380001068115234,46.709999084472656,46.060001373291016,46.54999923706055,45.67098236083984,14029300
2023-12-18,CTVA,46.880001068115234,47.400001525878906,46.400001525878906,47.18000030517578,46.289093017578125,7038500
2023-12-18,CTVA,46.880001068115234,47.400001525878906,46.400001525878906,47.18000030517578,46.289093017578125,7038500
2023-12-19,CTVA,47.52999877929688,48.17499923706055,47.43999862670898,47.86000061035156,46.95625305175781,6079700
2023-12-19,CTVA,47.52999877929688,48.17499923706055,47.43999862670898,47.86000061035156,46.95625305175781,6079700
2023-12-20,CTVA,47.77999877929688,47.875,46.459999084472656,46.59000015258789,45.71023178100586,4518500
2023-12-20,CTVA,47.77999877929688,47.875,46.459999084472656,46.59000015258789,45.71023178100586,4518500
2023-12-21,CTVA,46.90999984741211,47.36000061035156,46.790000915527344,47.290000915527344,46.39701843261719,3070000
2023-12-21,CTVA,46.90999984741211,47.36000061035156,46.790000915527344,47.290000915527344,46.39701843261719,3070000
2023-12-22,CTVA,47.45500183105469,47.70000076293945,47.18999862670898,47.459999084472656,46.56380462646485,2657600
2023-12-22,CTVA,47.45500183105469,47.70000076293945,47.18999862670898,47.459999084472656,46.56380462646485,2657600
2023-12-26,CTVA,47.5,48.119998931884766,47.29999923706055,48.0,47.09360504150391,2636000
2023-12-26,CTVA,47.5,48.119998931884766,47.29999923706055,48.0,47.09360504150391,2636000
2023-12-27,CTVA,47.880001068115234,48.33000183105469,47.60699844360352,47.97999954223633,47.0739860534668,1856500
2023-12-27,CTVA,47.880001068115234,48.33000183105469,47.60699844360352,47.97999954223633,47.0739860534668,1856500
2023-12-28,CTVA,48.0,48.220001220703125,47.77999877929688,48.09000015258789,47.18191146850586,1984000
2023-12-28,CTVA,48.0,48.220001220703125,47.77999877929688,48.09000015258789,47.18191146850586,1984000
2023-12-29,CTVA,47.959999084472656,48.22999954223633,47.52000045776367,47.91999816894531,47.01511764526367,2120300
2023-12-29,CTVA,47.959999084472656,48.22999954223633,47.52000045776367,47.91999816894531,47.01511764526367,2120300
2024-01-02,CTVA,47.83000183105469,48.84000015258789,47.75199890136719,48.560001373291016,47.64303588867188,3123400
2024-01-02,CTVA,47.83000183105469,48.84000015258789,47.75199890136719,48.560001373291016,47.64303588867188,3123400
2024-01-03,CTVA,48.27999877929688,48.46799850463867,47.84999847412109,48.08000183105469,47.17209243774414,3469300
2024-01-03,CTVA,48.27999877929688,48.46799850463867,47.84999847412109,48.08000183105469,47.17209243774414,3469300
2024-01-04,CTVA,48.09999847412109,48.22999954223633,47.40999984741211,47.59999847412109,46.7011604309082,3079900
2024-01-04,CTVA,48.09999847412109,48.22999954223633,47.40999984741211,47.59999847412109,46.7011604309082,3079900
2024-01-05,CTVA,47.59999847412109,47.7599983215332,46.91999816894531,47.33000183105469,46.436256408691406,2773800
2024-01-05,CTVA,47.59999847412109,47.7599983215332,46.91999816894531,47.33000183105469,46.436256408691406,2773800
2024-01-08,CTVA,47.02000045776367,47.2400016784668,46.27999877929688,47.0099983215332,46.12229919433594,2414600
2024-01-08,CTVA,47.02000045776367,47.2400016784668,46.27999877929688,47.0099983215332,46.12229919433594,2414600
2024-01-09,CTVA,46.68999862670898,46.75,46.0,46.5099983215332,45.63174057006836,3042800
2024-01-09,CTVA,46.68999862670898,46.75,46.0,46.5099983215332,45.63174057006836,3042800
2024-01-10,CTVA,45.970001220703125,46.31999969482422,45.86000061035156,46.04999923706055,45.180423736572266,2595400
2024-01-10,CTVA,45.970001220703125,46.31999969482422,45.86000061035156,46.04999923706055,45.180423736572266,2595400
2024-01-11,CTVA,46.2599983215332,46.56999969482422,45.83000183105469,46.02999877929688,45.16080093383789,4007900
2024-01-11,CTVA,46.2599983215332,46.56999969482422,45.83000183105469,46.02999877929688,45.16080093383789,4007900
2024-01-12,CTVA,46.41999816894531,46.54999923706055,45.84000015258789,46.11000061035156,45.239295959472656,3299000
2024-01-12,CTVA,46.41999816894531,46.54999923706055,45.84000015258789,46.11000061035156,45.239295959472656,3299000
2024-01-16,CTVA,46.025001525878906,46.053001403808594,45.2599983215332,45.4900016784668,44.63101196289063,5702900
2024-01-16,CTVA,46.025001525878906,46.053001403808594,45.2599983215332,45.4900016784668,44.63101196289063,5702900
2024-01-17,CTVA,45.0,45.630001068115234,44.67499923706055,44.84000015258789,43.9932746887207,3644900
2024-01-17,CTVA,45.0,45.630001068115234,44.67499923706055,44.84000015258789,43.9932746887207,3644900
2024-01-18,CTVA,44.68999862670898,44.7400016784668,44.06999969482422,44.40999984741211,43.57139587402344,4040000
2024-01-18,CTVA,44.68999862670898,44.7400016784668,44.06999969482422,44.40999984741211,43.57139587402344,4040000
2024-01-19,CTVA,44.16999816894531,45.63999938964844,44.0099983215332,45.59999847412109,44.73892593383789,5115300
2024-01-19,CTVA,44.16999816894531,45.63999938964844,44.0099983215332,45.59999847412109,44.73892593383789,5115300
2024-01-22,CTVA,45.165000915527344,45.560001373291016,44.79999923706055,44.970001220703125,44.120826721191406,4708200
2024-01-22,CTVA,45.165000915527344,45.560001373291016,44.79999923706055,44.970001220703125,44.120826721191406,4708200
2024-01-23,CTVA,45.47999954223633,45.880001068115234,45.05500030517578,45.43000030517578,44.57213973999024,2634600
2024-01-23,CTVA,45.47999954223633,45.880001068115234,45.05500030517578,45.43000030517578,44.57213973999024,2634600
2024-01-24,CTVA,45.61000061035156,45.665000915527344,44.90999984741211,45.40999984741211,44.552513122558594,2454400
2024-01-24,CTVA,45.61000061035156,45.665000915527344,44.90999984741211,45.40999984741211,44.552513122558594,2454400
2024-01-25,CTVA,45.75,45.83000183105469,45.0099983215332,45.2400016784668,44.38572692871094,3958100
2024-01-25,CTVA,45.75,45.83000183105469,45.0099983215332,45.2400016784668,44.38572692871094,3958100
2024-01-26,CTVA,45.65999984741211,45.93999862670898,45.25,45.86000061035156,44.99401092529297,3226200
2024-01-26,CTVA,45.65999984741211,45.93999862670898,45.25,45.86000061035156,44.99401092529297,3226200
2024-01-29,CTVA,45.7400016784668,45.93999862670898,45.29999923706055,45.93000030517578,45.06269836425781,2123200
2024-01-29,CTVA,45.7400016784668,45.93999862670898,45.29999923706055,45.93000030517578,45.06269836425781,2123200
2024-01-30,CTVA,45.619998931884766,46.14599990844727,45.58000183105469,45.83000183105469,44.96458435058594,2948200
2024-01-30,CTVA,45.619998931884766,46.14599990844727,45.58000183105469,45.83000183105469,44.96458435058594,2948200
2024-01-31,CTVA,46.0099983215332,46.34999847412109,45.459999084472656,45.47999954223633,44.62118911743164,5825300
2024-01-31,CTVA,46.0099983215332,46.34999847412109,45.459999084472656,45.47999954223633,44.62118911743164,5825300
2024-02-01,CTVA,56.4900016784668,57.7599983215332,52.36000061035156,54.060001373291016,53.0391731262207,12192900
2024-02-01,CTVA,56.4900016784668,57.7599983215332,52.36000061035156,54.060001373291016,53.0391731262207,12192900
2024-02-02,CTVA,54.29999923706055,54.5,52.88999938964844,53.040000915527344,52.03843307495117,5601500
2024-02-02,CTVA,54.29999923706055,54.5,52.88999938964844,53.040000915527344,52.03843307495117,5601500
2024-02-05,CTVA,52.5,52.5,51.65499877929688,51.79999923706055,50.82184600830078,5824300
2024-02-05,CTVA,52.5,52.5,51.65499877929688,51.79999923706055,50.82184600830078,5824300
2024-02-06,CTVA,51.75,52.415000915527344,51.310001373291016,52.09000015258789,51.10637664794922,4725400
2024-02-06,CTVA,51.75,52.415000915527344,51.310001373291016,52.09000015258789,51.10637664794922,4725400
2024-02-07,CTVA,52.34000015258789,54.18999862670898,52.34000015258789,54.06999969482422,53.04898452758789,7010000
2024-02-07,CTVA,52.34000015258789,54.18999862670898,52.34000015258789,54.06999969482422,53.04898452758789,7010000
2024-02-08,CTVA,53.9900016784668,54.33000183105469,52.650001525878906,53.2400016784668,52.23466110229492,6199800
2024-02-08,CTVA,53.9900016784668,54.33000183105469,52.650001525878906,53.2400016784668,52.23466110229492,6199800
2024-02-09,CTVA,53.040000915527344,53.9109992980957,52.880001068115234,53.59999847412109,52.58786392211914,2929800
2024-02-09,CTVA,53.040000915527344,53.9109992980957,52.880001068115234,53.59999847412109,52.58786392211914,2929800
2024-02-12,CTVA,54.630001068115234,55.310001373291016,54.459999084472656,55.040000915527344,54.00067138671875,3274500
2024-02-12,CTVA,54.630001068115234,55.310001373291016,54.459999084472656,55.040000915527344,54.00067138671875,3274500
2024-02-13,CTVA,54.58000183105469,54.9900016784668,53.34999847412109,53.630001068115234,52.61729431152344,3525700
2024-02-13,CTVA,54.58000183105469,54.9900016784668,53.34999847412109,53.630001068115234,52.61729431152344,3525700
2024-02-14,CTVA,54.11000061035156,54.30500030517578,53.55500030517578,54.08000183105469,53.05879974365234,3260500
2024-02-14,CTVA,54.11000061035156,54.30500030517578,53.55500030517578,54.08000183105469,53.05879974365234,3260500
2024-02-15,CTVA,54.290000915527344,55.40999984741211,54.290000915527344,54.68000030517578,53.64746856689453,3048100
2024-02-15,CTVA,54.290000915527344,55.40999984741211,54.290000915527344,54.68000030517578,53.64746856689453,3048100
2024-02-16,CTVA,54.77000045776367,55.27999877929688,54.52000045776367,54.79999923706055,53.76520538330078,3892700
2024-02-16,CTVA,54.77000045776367,55.27999877929688,54.52000045776367,54.79999923706055,53.76520538330078,3892700
2024-02-20,CTVA,54.380001068115234,54.70000076293945,53.95000076293945,54.36000061035156,53.33350372314453,3113400
2024-02-20,CTVA,54.380001068115234,54.70000076293945,53.95000076293945,54.36000061035156,53.33350372314453,3113400
2024-02-21,CTVA,54.220001220703125,54.540000915527344,53.959999084472656,54.220001220703125,53.1961555480957,2325500
2024-02-21,CTVA,54.220001220703125,54.540000915527344,53.959999084472656,54.220001220703125,53.1961555480957,2325500
2024-02-22,CTVA,54.06999969482422,54.869998931884766,53.90999984741211,54.709999084472656,53.676902770996094,4256400
2024-02-22,CTVA,54.06999969482422,54.869998931884766,53.90999984741211,54.709999084472656,53.676902770996094,4256400
2024-02-23,CTVA,54.619998931884766,55.11000061035156,54.48500061035156,54.900001525878906,53.863311767578125,2400300
2024-02-23,CTVA,54.619998931884766,55.11000061035156,54.48500061035156,54.900001525878906,53.863311767578125,2400300
2024-02-26,CTVA,54.61000061035156,55.19499969482422,54.47999954223633,54.81999969482422,53.78482818603516,2593700
2024-02-26,CTVA,54.61000061035156,55.19499969482422,54.47999954223633,54.81999969482422,53.78482818603516,2593700
2024-02-27,CTVA,55.07500076293945,55.34000015258789,54.85499954223633,55.130001068115234,54.088966369628906,2186100
2024-02-27,CTVA,55.07500076293945,55.34000015258789,54.85499954223633,55.130001068115234,54.088966369628906,2186100
2024-02-28,CTVA,54.880001068115234,55.07799911499024,54.15999984741211,54.540000915527344,53.51010894775391,3568600
2024-02-28,CTVA,54.880001068115234,55.07799911499024,54.15999984741211,54.540000915527344,53.51010894775391,3568600
2024-02-29,CTVA,54.47999954223633,54.5,53.25,53.52000045776367,52.66386413574219,6804300
2024-02-29,CTVA,54.47999954223633,54.5,53.25,53.52000045776367,52.66386413574219,6804300
2024-03-01,CTVA,53.4900016784668,54.34000015258789,53.4900016784668,53.65999984741211,52.8016242980957,4274200
2024-03-01,CTVA,53.4900016784668,54.34000015258789,53.4900016784668,53.65999984741211,52.8016242980957,4274200
2024-03-04,CTVA,53.36000061035156,53.9900016784668,53.34999847412109,53.61000061035156,52.7524299621582,2490200
2024-03-04,CTVA,53.36000061035156,53.9900016784668,53.34999847412109,53.61000061035156,52.7524299621582,2490200
2024-03-05,CTVA,53.43999862670898,54.11000061035156,53.36000061035156,53.93999862670898,53.077144622802734,2904900
2024-03-05,CTVA,53.43999862670898,54.11000061035156,53.36000061035156,53.93999862670898,53.077144622802734,2904900
2024-03-06,CTVA,54.09999847412109,54.540000915527344,53.77000045776367,54.02999877929688,53.16570663452149,4142500
2024-03-06,CTVA,54.09999847412109,54.540000915527344,53.77000045776367,54.02999877929688,53.16570663452149,4142500
2024-03-07,CTVA,54.43000030517578,55.13999938964844,54.275001525878906,54.4900016784668,53.61835479736328,3330900
2024-03-07,CTVA,54.43000030517578,55.13999938964844,54.275001525878906,54.4900016784668,53.61835479736328,3330900
2024-03-08,CTVA,54.47999954223633,54.84000015258789,54.400001525878906,54.68000030517578,53.80531311035156,4260600
2024-03-08,CTVA,54.47999954223633,54.84000015258789,54.400001525878906,54.68000030517578,53.80531311035156,4260600
2024-03-11,CTVA,54.58000183105469,55.68999862670898,54.58000183105469,55.09000015258789,54.20875549316406,4053600
2024-03-11,CTVA,54.58000183105469,55.68999862670898,54.58000183105469,55.09000015258789,54.20875549316406,4053600
2024-03-12,CTVA,55.20000076293945,55.369998931884766,54.17499923706055,55.11000061035156,54.22843170166016,4423800
2024-03-12,CTVA,55.20000076293945,55.369998931884766,54.17499923706055,55.11000061035156,54.22843170166016,4423800
2024-03-13,CTVA,55.34000015258789,55.790000915527344,55.20000076293945,55.29999923706055,54.41539001464844,3165200
2024-03-13,CTVA,55.34000015258789,55.790000915527344,55.20000076293945,55.29999923706055,54.41539001464844,3165200
2024-03-14,CTVA,55.09000015258789,55.220001220703125,54.49300003051758,55.20000076293945,54.316993713378906,3514800
2024-03-14,CTVA,55.09000015258789,55.220001220703125,54.49300003051758,55.20000076293945,54.316993713378906,3514800
2024-03-15,CTVA,54.84000015258789,55.68000030517578,54.84000015258789,55.09000015258789,54.20875549316406,6496000
2024-03-15,CTVA,54.84000015258789,55.68000030517578,54.84000015258789,55.09000015258789,54.20875549316406,6496000
2024-03-18,CTVA,55.45000076293945,55.45000076293945,54.52000045776367,54.709999084472656,53.8348274230957,3169500
2024-03-18,CTVA,55.45000076293945,55.45000076293945,54.52000045776367,54.709999084472656,53.8348274230957,3169500
2024-03-19,CTVA,54.70000076293945,55.01499938964844,54.34000015258789,54.66999816894531,53.79547119140625,3134600
2024-03-19,CTVA,54.70000076293945,55.01499938964844,54.34000015258789,54.66999816894531,53.79547119140625,3134600
2024-03-20,CTVA,54.84999847412109,55.86600112915039,54.63999938964844,55.72999954223633,54.8385124206543,5427100
2024-03-20,CTVA,54.84999847412109,55.86600112915039,54.63999938964844,55.72999954223633,54.8385124206543,5427100
2024-03-21,CTVA,55.81999969482422,55.88999938964844,55.25,55.77999877929688,54.88771438598633,2467400
2024-03-21,CTVA,55.81999969482422,55.88999938964844,55.25,55.77999877929688,54.88771438598633,2467400
2024-03-22,CTVA,55.93999862670898,56.08000183105469,54.970001220703125,55.06999969482422,54.1890754699707,1993500
2024-03-22,CTVA,55.93999862670898,56.08000183105469,54.970001220703125,55.06999969482422,54.1890754699707,1993500
2024-03-25,CTVA,55.27999877929688,55.65999984741211,54.9379997253418,55.630001068115234,54.740116119384766,2132600
2024-03-25,CTVA,55.27999877929688,55.65999984741211,54.9379997253418,55.630001068115234,54.740116119384766,2132600
2024-03-26,CTVA,55.650001525878906,56.34999847412109,55.630001068115234,56.29999923706055,55.39939498901367,3283700
2024-03-26,CTVA,55.650001525878906,56.34999847412109,55.630001068115234,56.29999923706055,55.39939498901367,3283700
2024-03-27,CTVA,56.59000015258789,57.040000915527344,56.52999877929688,57.0,56.08819580078125,2629300
2024-03-27,CTVA,56.59000015258789,57.040000915527344,56.52999877929688,57.0,56.08819580078125,2629300
2024-03-28,CTVA,57.150001525878906,58.18000030517578,57.08000183105469,57.66999816894531,56.74748229980469,4563900
2024-03-28,CTVA,57.150001525878906,58.18000030517578,57.08000183105469,57.66999816894531,56.74748229980469,4563900
2024-04-01,CTVA,57.56999969482422,57.75,57.01499938964844,57.68000030517578,56.75732803344727,3847100
2024-04-01,CTVA,57.56999969482422,57.75,57.01499938964844,57.68000030517578,56.75732803344727,3847100
2024-04-02,CTVA,57.79999923706055,58.06999969482422,57.11000061035156,57.16999816894531,56.25547790527344,3092900
2024-04-02,CTVA,57.79999923706055,58.06999969482422,57.11000061035156,57.16999816894531,56.25547790527344,3092900
2024-04-03,CTVA,57.209999084472656,57.63999938964844,57.06999969482422,57.40999984741211,56.491641998291016,3025200
2024-04-03,CTVA,57.209999084472656,57.63999938964844,57.06999969482422,57.40999984741211,56.491641998291016,3025200
2024-04-04,CTVA,58.119998931884766,58.15999984741211,56.91999816894531,56.95000076293945,56.03899765014648,2627400
2024-04-04,CTVA,58.119998931884766,58.15999984741211,56.91999816894531,56.95000076293945,56.03899765014648,2627400
2024-04-05,CTVA,56.869998931884766,57.04999923706055,56.26300048828125,56.84999847412109,55.94060134887695,2267400
2024-04-05,CTVA,56.869998931884766,57.04999923706055,56.26300048828125,56.84999847412109,55.94060134887695,2267400
2024-04-08,CTVA,57.09999847412109,57.52000045776367,56.84999847412109,57.52000045776367,56.59988021850586,3770300
2024-04-08,CTVA,57.09999847412109,57.52000045776367,56.84999847412109,57.52000045776367,56.59988021850586,3770300
2024-04-09,CTVA,57.72999954223633,57.84999847412109,56.84000015258789,57.52000045776367,56.59988021850586,1902000
2024-04-09,CTVA,57.72999954223633,57.84999847412109,56.84000015258789,57.52000045776367,56.59988021850586,1902000
2024-04-10,CTVA,56.619998931884766,57.43999862670898,56.2400016784668,57.15999984741211,56.24563980102539,2133300
2024-04-10,CTVA,56.619998931884766,57.43999862670898,56.2400016784668,57.15999984741211,56.24563980102539,2133300
2024-04-11,CTVA,56.90999984741211,57.150001525878906,56.02999877929688,56.459999084472656,55.55683898925781,1870600
2024-04-11,CTVA,56.90999984741211,57.150001525878906,56.02999877929688,56.459999084472656,55.55683898925781,1870600
2024-04-12,CTVA,54.66999816894531,55.685001373291016,53.64500045776367,53.7599983215332,52.900028228759766,3906700
2024-04-12,CTVA,54.66999816894531,55.685001373291016,53.64500045776367,53.7599983215332,52.900028228759766,3906700
2024-04-15,CTVA,54.5099983215332,54.59000015258789,53.18999862670898,53.66999816894531,52.811466217041016,2709500
2024-04-15,CTVA,54.5099983215332,54.59000015258789,53.18999862670898,53.66999816894531,52.811466217041016,2709500
2024-04-16,CTVA,53.52999877929688,53.7599983215332,53.20500183105469,53.31999969482422,52.467063903808594,2742800
2024-04-16,CTVA,53.52999877929688,53.7599983215332,53.20500183105469,53.31999969482422,52.467063903808594,2742800
2024-04-17,CTVA,53.59000015258789,54.34000015258789,53.4900016784668,53.52999877929688,52.67370223999024,2656500
2024-04-17,CTVA,53.59000015258789,54.34000015258789,53.4900016784668,53.52999877929688,52.67370223999024,2656500
2024-04-18,CTVA,53.86000061035156,54.165000915527344,53.61000061035156,53.959999084472656,53.09683227539063,1614900
2024-04-18,CTVA,53.86000061035156,54.165000915527344,53.61000061035156,53.959999084472656,53.09683227539063,1614900
2024-04-19,CTVA,53.900001525878906,54.84000015258789,53.880001068115234,54.79999923706055,53.92338943481445,2052600
2024-04-19,CTVA,53.900001525878906,54.84000015258789,53.880001068115234,54.79999923706055,53.92338943481445,2052600
2024-04-22,CTVA,54.79999923706055,55.459999084472656,54.40999984741211,55.20000076293945,54.316993713378906,2315600
2024-04-22,CTVA,54.79999923706055,55.459999084472656,54.40999984741211,55.20000076293945,54.316993713378906,2315600
2024-04-23,CTVA,54.66999816894531,55.56999969482422,54.66999816894531,55.18000030517578,54.29731750488281,2576200
2024-04-23,CTVA,54.66999816894531,55.56999969482422,54.66999816894531,55.18000030517578,54.29731750488281,2576200
2024-04-24,CTVA,54.650001525878906,55.06499862670898,54.29999923706055,54.77000045776367,53.89387130737305,1811700
2024-04-24,CTVA,54.650001525878906,55.06499862670898,54.29999923706055,54.77000045776367,53.89387130737305,1811700
2024-04-25,CTVA,54.79999923706055,54.95000076293945,54.060001373291016,54.70000076293945,53.82499313354492,1593400
2024-04-25,CTVA,54.79999923706055,54.95000076293945,54.060001373291016,54.70000076293945,53.82499313354492,1593400
2024-04-26,CTVA,54.369998931884766,55.19499969482422,54.36000061035156,54.91999816894531,54.04146957397461,2350200
2024-04-26,CTVA,54.369998931884766,55.19499969482422,54.36000061035156,54.91999816894531,54.04146957397461,2350200
2024-04-29,CTVA,55.20000076293945,55.5,54.9900016784668,55.5,54.61219787597656,2348000
2024-04-29,CTVA,55.20000076293945,55.5,54.9900016784668,55.5,54.61219787597656,2348000
2024-04-30,CTVA,55.09999847412109,55.150001525878906,54.11000061035156,54.130001068115234,53.26410675048828,3520000
2024-04-30,CTVA,55.09999847412109,55.150001525878906,54.11000061035156,54.130001068115234,53.26410675048828,3520000
2024-05-01,CTVA,54.38999938964844,54.72999954223633,53.650001525878906,53.90999984741211,53.04762649536133,3590000
2024-05-01,CTVA,54.38999938964844,54.72999954223633,53.650001525878906,53.90999984741211,53.04762649536133,3590000
2024-05-02,CTVA,57.0,57.70000076293945,56.310001373291016,56.97999954223633,56.06851959228516,6605000
2024-05-02,CTVA,57.0,57.70000076293945,56.310001373291016,56.97999954223633,56.06851959228516,6605000
2024-05-03,CTVA,57.02999877929688,57.400001525878906,56.56999969482422,57.15999984741211,56.24563980102539,2977600
2024-05-03,CTVA,57.02999877929688,57.400001525878906,56.56999969482422,57.15999984741211,56.24563980102539,2977600
2024-05-06,CTVA,57.720001220703125,57.79199981689453,56.2599983215332,56.36000061035156,55.458438873291016,3205100
2024-05-06,CTVA,57.720001220703125,57.79199981689453,56.2599983215332,56.36000061035156,55.458438873291016,3205100
2024-05-07,CTVA,56.65999984741211,57.88999938964844,56.65999984741211,57.52000045776367,56.59988021850586,5527600
2024-05-07,CTVA,56.65999984741211,57.88999938964844,56.65999984741211,57.52000045776367,56.59988021850586,5527600
2024-05-08,CTVA,57.31999969482422,57.64099884033203,56.810001373291016,56.81999969482422,55.91108322143555,4291900
2024-05-08,CTVA,57.31999969482422,57.64099884033203,56.810001373291016,56.81999969482422,55.91108322143555,4291900
2024-05-09,CTVA,57.060001373291016,57.93999862670898,57.060001373291016,57.83000183105469,56.90492248535156,4051600
2024-05-09,CTVA,57.060001373291016,57.93999862670898,57.060001373291016,57.83000183105469,56.90492248535156,4051600
2024-05-10,CTVA,58.0,58.7599983215332,57.45000076293945,57.47999954223633,56.56052017211914,3754500
2024-05-10,CTVA,58.0,58.7599983215332,57.45000076293945,57.47999954223633,56.56052017211914,3754500
2024-05-13,CTVA,57.65999984741211,58.45000076293945,57.290000915527344,57.29999923706055,56.38339614868164,3034100
2024-05-13,CTVA,57.65999984741211,58.45000076293945,57.290000915527344,57.29999923706055,56.38339614868164,3034100
2024-05-14,CTVA,57.65999984741211,57.93999862670898,57.209999084472656,57.54999923706055,56.62939834594727,3898000
2024-05-14,CTVA,57.65999984741211,57.93999862670898,57.209999084472656,57.54999923706055,56.62939834594727,3898000
2024-05-15,CTVA,57.880001068115234,58.20000076293945,56.900001525878906,57.130001068115234,56.21611785888672,4157400
2024-05-15,CTVA,57.880001068115234,58.20000076293945,56.900001525878906,57.130001068115234,56.21611785888672,4157400
2024-05-16,CTVA,57.0099983215332,57.13999938964844,55.88999938964844,56.0,55.10419464111328,5081800
2024-05-16,CTVA,57.0099983215332,57.13999938964844,55.88999938964844,56.0,55.10419464111328,5081800
2024-05-17,CTVA,56.20000076293945,56.560001373291016,55.869998931884766,56.45000076293945,55.547000885009766,5282000
2024-05-17,CTVA,56.20000076293945,56.560001373291016,55.869998931884766,56.45000076293945,55.547000885009766,5282000
2024-05-20,CTVA,56.540000915527344,57.0,56.36000061035156,56.7400016784668,55.83235931396485,2869800
2024-05-20,CTVA,56.540000915527344,57.0,56.36000061035156,56.7400016784668,55.83235931396485,2869800
2024-05-21,CTVA,56.79999923706055,56.970001220703125,56.43000030517578,56.650001525878906,55.74380111694336,3032200
2024-05-21,CTVA,56.79999923706055,56.970001220703125,56.43000030517578,56.650001525878906,55.74380111694336,3032200
2024-05-22,CTVA,56.22999954223633,57.11000061035156,56.22999954223633,56.97999954223633,56.06851959228516,2955100
2024-05-22,CTVA,56.22999954223633,57.11000061035156,56.22999954223633,56.97999954223633,56.06851959228516,2955100
2024-05-23,CTVA,56.93999862670898,56.9900016784668,55.18999862670898,55.56999969482422,54.68107223510742,3121400
2024-05-23,CTVA,56.93999862670898,56.9900016784668,55.18999862670898,55.56999969482422,54.68107223510742,3121400
2024-05-24,CTVA,55.56999969482422,56.05500030517578,55.27999877929688,55.5099983215332,54.622032165527344,2282200
2024-05-24,CTVA,55.56999969482422,56.05500030517578,55.27999877929688,55.5099983215332,54.622032165527344,2282200
2024-05-28,CTVA,55.46500015258789,55.790000915527344,55.040000915527344,55.65999984741211,54.76963424682617,2418800
2024-05-28,CTVA,55.46500015258789,55.790000915527344,55.040000915527344,55.65999984741211,54.76963424682617,2418800
2024-05-29,CTVA,55.09999847412109,55.5099983215332,54.22999954223633,54.27000045776367,53.40187072753906,4255800
2024-05-29,CTVA,55.09999847412109,55.5099983215332,54.22999954223633,54.27000045776367,53.40187072753906,4255800
2024-05-30,CTVA,54.369998931884766,55.2599983215332,54.369998931884766,55.2400016784668,54.35634994506836,2171600
2024-05-30,CTVA,54.369998931884766,55.2599983215332,54.369998931884766,55.2400016784668,54.35634994506836,2171600
2024-05-31,CTVA,55.18000030517578,56.02000045776367,54.98500061035156,55.93999862670898,55.04515075683594,3593400
2024-05-31,CTVA,55.18000030517578,56.02000045776367,54.98500061035156,55.93999862670898,55.04515075683594,3593400
2024-06-03,CTVA,55.7599983215332,56.0099983215332,54.93999862670898,55.56999969482422,54.68107223510742,2310900
2024-06-03,CTVA,55.7599983215332,56.0099983215332,54.93999862670898,55.56999969482422,54.68107223510742,2310900
2024-06-04,CTVA,54.93000030517578,55.15999984741211,53.630001068115234,53.70000076293945,52.99356842041016,2995900
2024-06-04,CTVA,54.93000030517578,55.15999984741211,53.630001068115234,53.70000076293945,52.99356842041016,2995900
2024-06-05,CTVA,53.630001068115234,54.084999084472656,53.470001220703125,54.060001373291016,53.34883117675781,2033700
2024-06-05,CTVA,53.630001068115234,54.084999084472656,53.470001220703125,54.060001373291016,53.34883117675781,2033700
2024-06-06,CTVA,54.02999877929688,55.005001068115234,53.875,54.91999816894531,54.19751739501953,2624000
2024-06-06,CTVA,54.02999877929688,55.005001068115234,53.875,54.91999816894531,54.19751739501953,2624000
2024-06-07,CTVA,53.959999084472656,54.66999816894531,52.720001220703125,52.900001525878906,52.204097747802734,3750700
2024-06-07,CTVA,53.959999084472656,54.66999816894531,52.720001220703125,52.900001525878906,52.204097747802734,3750700
2024-06-10,CTVA,52.65999984741211,52.66999816894531,51.65499877929688,51.709999084472656,51.029747009277344,5329900
2024-06-10,CTVA,52.65999984741211,52.66999816894531,51.65499877929688,51.709999084472656,51.029747009277344,5329900
2024-06-11,CTVA,51.09999847412109,52.43999862670898,50.0099983215332,51.63999938964844,50.960670471191406,6635800
2024-06-11,CTVA,51.09999847412109,52.43999862670898,50.0099983215332,51.63999938964844,50.960670471191406,6635800
2024-06-12,CTVA,52.060001373291016,52.720001220703125,51.52000045776367,51.93999862670898,51.25672149658203,3326000
2024-06-12,CTVA,52.060001373291016,52.720001220703125,51.52000045776367,51.93999862670898,51.25672149658203,3326000
2024-06-13,CTVA,51.63999938964844,51.959999084472656,50.959999084472656,51.58000183105469,50.901458740234375,3512600
2024-06-13,CTVA,51.63999938964844,51.959999084472656,50.959999084472656,51.58000183105469,50.901458740234375,3512600
2024-06-14,CTVA,51.56999969482422,51.79999923706055,50.47999954223633,51.18000030517578,50.50672149658203,1619300
2024-06-14,CTVA,51.56999969482422,51.79999923706055,50.47999954223633,51.18000030517578,50.50672149658203,1619300
2024-06-17,CTVA,51.2599983215332,52.20000076293945,51.150001525878906,52.040000915527344,51.35540771484375,2622900
2024-06-17,CTVA,51.2599983215332,52.20000076293945,51.150001525878906,52.040000915527344,51.35540771484375,2622900
2024-06-18,CTVA,52.27999877929688,52.79999923706055,51.369998931884766,51.88999938964844,51.20737838745117,2577800
2024-06-18,CTVA,52.27999877929688,52.79999923706055,51.369998931884766,51.88999938964844,51.20737838745117,2577800
2024-06-20,CTVA,51.77999877929688,52.90900039672852,51.59999847412109,52.369998931884766,51.68106460571289,3617600
2024-06-20,CTVA,51.77999877929688,52.90900039672852,51.59999847412109,52.369998931884766,51.68106460571289,3617600
2024-06-21,CTVA,52.43999862670898,53.040000915527344,51.970001220703125,52.91999816894531,52.22382736206055,8369800
2024-06-21,CTVA,52.43999862670898,53.040000915527344,51.970001220703125,52.91999816894531,52.22382736206055,8369800
2024-06-24,CTVA,53.09000015258789,53.36000061035156,52.75,52.90999984741211,52.21396255493164,2909400
2024-06-24,CTVA,53.09000015258789,53.36000061035156,52.75,52.90999984741211,52.21396255493164,2909400
2024-06-25,CTVA,52.61000061035156,53.08000183105469,52.20000076293945,53.040000915527344,52.34225082397461,3330800
2024-06-25,CTVA,52.61000061035156,53.08000183105469,52.20000076293945,53.040000915527344,52.34225082397461,3330800
2024-06-26,CTVA,52.90999984741211,53.7400016784668,52.77999877929688,53.63999938964844,52.934364318847656,3410400
2024-06-26,CTVA,52.90999984741211,53.7400016784668,52.77999877929688,53.63999938964844,52.934364318847656,3410400
2024-06-27,CTVA,53.619998931884766,53.83000183105469,53.25,53.650001525878906,52.94422912597656,2958100
2024-06-27,CTVA,53.619998931884766,53.83000183105469,53.25,53.650001525878906,52.94422912597656,2958100
2024-06-28,CTVA,54.11000061035156,54.59000015258789,53.525001525878906,53.93999862670898,53.230411529541016,6301400
2024-06-28,CTVA,54.11000061035156,54.59000015258789,53.525001525878906,53.93999862670898,53.230411529541016,6301400
2024-07-01,CTVA,53.90999984741211,54.244998931884766,52.869998931884766,53.06999969482422,52.37186050415039,2549800
2024-07-01,CTVA,53.90999984741211,54.244998931884766,52.869998931884766,53.06999969482422,52.37186050415039,2549800
2024-07-02,CTVA,52.9900016784668,53.18999862670898,52.619998931884766,52.77000045776367,52.075801849365234,2186800
2024-07-02,CTVA,52.9900016784668,53.18999862670898,52.619998931884766,52.77000045776367,52.075801849365234,2186800
2024-07-03,CTVA,52.86000061035156,53.150001525878906,52.2599983215332,52.47999954223633,51.78962326049805,1238100
2024-07-03,CTVA,52.86000061035156,53.150001525878906,52.2599983215332,52.47999954223633,51.78962326049805,1238100
2024-07-05,CTVA,52.09000015258789,52.470001220703125,51.7400016784668,52.43999862670898,51.75014114379883,1493500
2024-07-05,CTVA,52.09000015258789,52.470001220703125,51.7400016784668,52.43999862670898,51.75014114379883,1493500
2024-07-08,CTVA,52.459999084472656,52.56499862670898,51.5,51.720001220703125,51.03961944580078,2996900
2024-07-08,CTVA,52.459999084472656,52.56499862670898,51.5,51.720001220703125,51.03961944580078,2996900
2024-07-09,CTVA,51.630001068115234,51.68999862670898,50.68999862670898,50.720001220703125,50.052772521972656,2577500
2024-07-09,CTVA,51.630001068115234,51.68999862670898,50.68999862670898,50.720001220703125,50.052772521972656,2577500
2024-07-10,CTVA,50.79999923706055,51.060001373291016,50.36000061035156,51.02000045776367,50.34882354736328,3435900
2024-07-10,CTVA,50.79999923706055,51.060001373291016,50.36000061035156,51.02000045776367,50.34882354736328,3435900
2024-07-11,CTVA,51.45000076293945,52.47999954223633,51.380001068115234,52.27000045776367,51.58237838745117,2243900
2024-07-11,CTVA,51.45000076293945,52.47999954223633,51.380001068115234,52.27000045776367,51.58237838745117,2243900
2024-07-12,CTVA,52.650001525878906,53.30500030517578,52.040000915527344,53.09999847412109,52.40146255493164,2496000
2024-07-12,CTVA,52.650001525878906,53.30500030517578,52.040000915527344,53.09999847412109,52.40146255493164,2496000
2024-07-15,CTVA,53.02000045776367,53.275001525878906,52.45000076293945,52.900001525878906,52.204097747802734,2646100
2024-07-15,CTVA,53.02000045776367,53.275001525878906,52.45000076293945,52.900001525878906,52.204097747802734,2646100
2024-07-16,CTVA,52.970001220703125,54.22499847412109,52.915000915527344,54.20000076293945,53.48699569702149,2818000
2024-07-16,CTVA,52.970001220703125,54.22499847412109,52.915000915527344,54.20000076293945,53.48699569702149,2818000
2024-07-17,CTVA,54.220001220703125,55.68000030517578,54.220001220703125,55.540000915527344,54.80936813354492,3089900
2024-07-17,CTVA,54.220001220703125,55.68000030517578,54.220001220703125,55.540000915527344,54.80936813354492,3089900
2024-07-18,CTVA,54.810001373291016,56.130001068115234,54.68999862670898,55.20000076293945,54.47383880615234,2592000
2024-07-18,CTVA,54.810001373291016,56.130001068115234,54.68999862670898,55.20000076293945,54.47383880615234,2592000
2024-07-19,CTVA,55.27999877929688,55.27999877929688,54.34999847412109,54.77999877929688,54.05936050415039,2088300
2024-07-19,CTVA,55.27999877929688,55.27999877929688,54.34999847412109,54.77999877929688,54.05936050415039,2088300
2024-07-22,CTVA,54.900001525878906,54.970001220703125,53.93999862670898,54.77000045776367,54.04949569702149,1494700
2024-07-22,CTVA,54.900001525878906,54.970001220703125,53.93999862670898,54.77000045776367,54.04949569702149,1494700
2024-07-23,CTVA,54.54999923706055,54.790000915527344,54.2599983215332,54.38999938964844,53.67448806762695,1625500
2024-07-23,CTVA,54.54999923706055,54.790000915527344,54.2599983215332,54.38999938964844,53.67448806762695,1625500
2024-07-24,CTVA,54.68999862670898,54.900001525878906,53.7400016784668,53.81999969482422,53.11199188232422,1999600
2024-07-24,CTVA,54.68999862670898,54.900001525878906,53.7400016784668,53.81999969482422,53.11199188232422,1999600
2024-07-25,CTVA,53.619998931884766,55.90999984741211,53.540000915527344,55.27999877929688,54.55278015136719,2798200
2024-07-25,CTVA,53.619998931884766,55.90999984741211,53.540000915527344,55.27999877929688,54.55278015136719,2798200
2024-07-26,CTVA,55.45000076293945,56.060001373291016,55.20000076293945,55.38999938964844,54.66133499145508,2272000
2024-07-26,CTVA,55.45000076293945,56.060001373291016,55.20000076293945,55.38999938964844,54.66133499145508,2272000
2024-07-29,CTVA,55.31999969482422,56.04999923706055,55.040000915527344,55.459999084472656,54.73041915893555,1906900
2024-07-29,CTVA,55.31999969482422,56.04999923706055,55.040000915527344,55.459999084472656,54.73041915893555,1906900
2024-07-30,CTVA,55.61000061035156,56.04999923706055,55.18999862670898,55.52999877929688,54.79949569702149,2002900
2024-07-30,CTVA,55.61000061035156,56.04999923706055,55.18999862670898,55.52999877929688,54.79949569702149,2002900
2024-07-31,CTVA,55.790000915527344,56.560001373291016,55.43000030517578,56.09999847412109,55.36199569702149,3682600
2024-07-31,CTVA,55.790000915527344,56.560001373291016,55.43000030517578,56.09999847412109,55.36199569702149,3682600
2024-08-01,CTVA,53.959999084472656,55.66999816894531,52.88999938964844,53.0,52.30277633666992,6146400
2024-08-01,CTVA,53.959999084472656,55.66999816894531,52.88999938964844,53.0,52.30277633666992,6146400
2024-08-02,CTVA,52.27999877929688,52.95000076293945,51.02000045776367,51.58000183105469,50.901458740234375,3784000
2024-08-02,CTVA,52.27999877929688,52.95000076293945,51.02000045776367,51.58000183105469,50.901458740234375,3784000
2024-08-05,CTVA,50.58000183105469,52.20000076293945,50.29999923706055,51.310001373291016,50.635009765625,3627700
2024-08-05,CTVA,50.58000183105469,52.20000076293945,50.29999923706055,51.310001373291016,50.635009765625,3627700
2024-08-06,CTVA,51.16999816894531,51.95000076293945,50.95000076293945,51.18000030517578,50.50672149658203,3654300
2024-08-06,CTVA,51.16999816894531,51.95000076293945,50.95000076293945,51.18000030517578,50.50672149658203,3654300
2024-08-07,CTVA,51.459999084472656,52.38999938964844,50.75,50.77999877929688,50.11198425292969,2520500
2024-08-07,CTVA,51.459999084472656,52.38999938964844,50.75,50.77999877929688,50.11198425292969,2520500
2024-08-08,CTVA,51.06999969482422,51.63999938964844,50.959999084472656,51.54999923706055,50.871849060058594,2645700
2024-08-08,CTVA,51.06999969482422,51.63999938964844,50.959999084472656,51.54999923706055,50.871849060058594,2645700
2024-08-09,CTVA,51.4900016784668,51.77000045776367,50.77999877929688,51.560001373291016,50.8817253112793,1841200
2024-08-09,CTVA,51.4900016784668,51.77000045776367,50.77999877929688,51.560001373291016,50.8817253112793,1841200
2024-08-12,CTVA,51.52999877929688,51.7400016784668,51.130001068115234,51.220001220703125,50.54619598388672,1724700
2024-08-12,CTVA,51.52999877929688,51.7400016784668,51.130001068115234,51.220001220703125,50.54619598388672,1724700
2024-08-13,CTVA,51.34000015258789,52.02999877929688,51.0,51.72999954223633,51.04948425292969,2181500
2024-08-13,CTVA,51.34000015258789,52.02999877929688,51.0,51.72999954223633,51.04948425292969,2181500
2024-08-14,CTVA,51.869998931884766,52.06999969482422,51.25,51.9900016784668,51.30606842041016,2011900
2024-08-14,CTVA,51.869998931884766,52.06999969482422,51.25,51.9900016784668,51.30606842041016,2011900
2024-08-15,CTVA,52.66999816894531,52.95000076293945,52.38999938964844,52.7599983215332,52.06593322753906,2270800
2024-08-15,CTVA,52.66999816894531,52.95000076293945,52.38999938964844,52.7599983215332,52.06593322753906,2270800
2024-08-16,CTVA,52.77999877929688,53.91999816894531,52.59000015258789,53.79999923706055,53.09225463867188,2926100
2024-08-16,CTVA,52.77999877929688,53.91999816894531,52.59000015258789,53.79999923706055,53.09225463867188,2926100
2024-08-19,CTVA,54.0,54.630001068115234,53.81499862670898,54.310001373291016,53.59554672241211,2517400
2024-08-19,CTVA,54.0,54.630001068115234,53.81499862670898,54.310001373291016,53.59554672241211,2517400
2024-08-20,CTVA,54.209999084472656,54.209999084472656,53.52000045776367,53.59999847412109,52.8948860168457,2760700
2024-08-20,CTVA,54.209999084472656,54.209999084472656,53.52000045776367,53.59999847412109,52.8948860168457,2760700
2024-08-21,CTVA,53.869998931884766,54.41999816894531,53.75,54.27999877929688,53.5659408569336,1584600
2024-08-21,CTVA,53.869998931884766,54.41999816894531,53.75,54.27999877929688,53.5659408569336,1584600
2024-08-22,CTVA,54.22999954223633,54.560001373291016,53.970001220703125,54.54999923706055,53.83238220214844,1922200
2024-08-22,CTVA,54.22999954223633,54.560001373291016,53.970001220703125,54.54999923706055,53.83238220214844,1922200
2024-08-23,CTVA,54.84000015258789,55.6349983215332,54.7400016784668,55.58000183105469,54.84883880615234,4475900
2024-08-23,CTVA,54.84000015258789,55.6349983215332,54.7400016784668,55.58000183105469,54.84883880615234,4475900
2024-08-26,CTVA,55.79999923706055,56.275001525878906,55.380001068115234,55.650001525878906,54.91791915893555,2602500
2024-08-26,CTVA,55.79999923706055,56.275001525878906,55.380001068115234,55.650001525878906,54.91791915893555,2602500
2024-08-27,CTVA,55.34000015258789,55.650001525878906,54.95000076293945,55.560001373291016,54.82910537719727,3809600
2024-08-27,CTVA,55.34000015258789,55.650001525878906,54.95000076293945,55.560001373291016,54.82910537719727,3809600
2024-08-28,CTVA,55.52000045776367,56.040000915527344,55.09000015258789,56.0,55.26331329345703,2308000
2024-08-28,CTVA,55.52000045776367,56.040000915527344,55.09000015258789,56.0,55.26331329345703,2308000
2024-08-29,CTVA,56.5,57.415000915527344,55.869998931884766,57.0,56.25015640258789,2807100
2024-08-29,CTVA,56.5,57.415000915527344,55.869998931884766,57.0,56.25015640258789,2807100
2024-08-30,CTVA,56.77000045776367,57.56999969482422,56.70500183105469,57.29999923706055,56.54620742797852,4229100
2024-08-30,CTVA,56.77000045776367,57.56999969482422,56.70500183105469,57.29999923706055,56.54620742797852,4229100
2024-09-03,CTVA,56.45000076293945,56.58000183105469,55.34999847412109,55.56999969482422,55.00215148925781,3146400
2024-09-03,CTVA,56.45000076293945,56.58000183105469,55.34999847412109,55.56999969482422,55.00215148925781,3146400
2024-09-04,CTVA,55.79999923706055,56.08000183105469,55.185001373291016,55.5,54.93286895751953,2449300
2024-09-04,CTVA,55.79999923706055,56.08000183105469,55.185001373291016,55.5,54.93286895751953,2449300
2024-09-05,CTVA,55.86000061035156,56.310001373291016,54.95000076293945,55.11000061035156,54.546852111816406,3896700
2024-09-05,CTVA,55.86000061035156,56.310001373291016,54.95000076293945,55.11000061035156,54.546852111816406,3896700
2024-09-06,CTVA,54.91999816894531,55.65999984741211,54.880001068115234,55.33000183105469,54.76460647583008,5004100
2024-09-06,CTVA,54.91999816894531,55.65999984741211,54.880001068115234,55.33000183105469,54.76460647583008,5004100
2024-09-09,CTVA,55.63999938964844,56.2599983215332,55.2400016784668,55.79999923706055,55.22980117797852,4233700
2024-09-09,CTVA,55.63999938964844,56.2599983215332,55.2400016784668,55.79999923706055,55.22980117797852,4233700
2024-09-10,CTVA,55.90999984741211,55.90999984741211,55.02999877929688,55.380001068115234,54.81409454345703,2525100
2024-09-10,CTVA,55.90999984741211,55.90999984741211,55.02999877929688,55.380001068115234,54.81409454345703,2525100
2024-09-11,CTVA,55.2599983215332,55.290000915527344,53.93000030517578,55.150001525878906,54.5864486694336,2764000
2024-09-11,CTVA,55.2599983215332,55.290000915527344,53.93000030517578,55.150001525878906,54.5864486694336,2764000
2024-09-12,CTVA,55.18000030517578,55.72499847412109,55.0099983215332,55.70000076293945,55.13082504272461,2491800
2024-09-12,CTVA,55.18000030517578,55.72499847412109,55.0099983215332,55.70000076293945,55.13082504272461,2491800
2024-09-13,CTVA,55.93000030517578,56.70500183105469,55.93000030517578,56.630001068115234,56.05131912231445,1703300
2024-09-13,CTVA,55.93000030517578,56.70500183105469,55.93000030517578,56.630001068115234,56.05131912231445,1703300
2024-09-16,CTVA,56.900001525878906,57.18999862670898,55.79999923706055,56.27000045776367,55.69499588012695,2208800
2024-09-16,CTVA,56.900001525878906,57.18999862670898,55.79999923706055,56.27000045776367,55.69499588012695,2208800
2024-09-17,CTVA,56.65999984741211,57.13999938964844,56.52999877929688,57.040000915527344,56.45713424682617,1922500
2024-09-17,CTVA,56.65999984741211,57.13999938964844,56.52999877929688,57.040000915527344,56.45713424682617,1922500
2024-09-18,CTVA,56.72999954223633,57.900001525878906,56.72999954223633,57.43999862670898,56.8530387878418,2484100
2024-09-18,CTVA,56.72999954223633,57.900001525878906,56.72999954223633,57.43999862670898,56.8530387878418,2484100
2024-09-19,CTVA,58.27999877929688,58.91999816894531,57.79999923706055,58.59999847412109,58.00118637084961,3626800
2024-09-19,CTVA,58.27999877929688,58.91999816894531,57.79999923706055,58.59999847412109,58.00118637084961,3626800
2024-09-20,CTVA,58.04999923706055,58.04999923706055,57.0099983215332,57.58000183105469,56.99161529541016,8144000
2024-09-20,CTVA,58.04999923706055,58.04999923706055,57.0099983215332,57.58000183105469,56.99161529541016,8144000
2024-09-23,CTVA,57.61000061035156,58.13999938964844,57.58000183105469,58.0,57.40732192993164,3200000
2024-09-23,CTVA,57.61000061035156,58.13999938964844,57.58000183105469,58.0,57.40732192993164,3200000
2024-09-24,CTVA,58.22999954223633,58.540000915527344,55.66999816894531,57.84999847412109,57.25885009765625,4220400
2024-09-24,CTVA,58.22999954223633,58.540000915527344,55.66999816894531,57.84999847412109,57.25885009765625,4220400
2024-09-25,CTVA,58.04999923706055,58.07500076293945,56.81999969482422,57.150001525878906,56.566009521484375,2350200
2024-09-25,CTVA,58.04999923706055,58.07500076293945,56.81999969482422,57.150001525878906,56.566009521484375,2350200
2024-09-26,CTVA,57.560001373291016,58.18999862670898,57.34999847412109,58.02000045776367,57.4271125793457,2107100
2024-09-26,CTVA,57.560001373291016,58.18999862670898,57.34999847412109,58.02000045776367,57.4271125793457,2107100
2024-09-27,CTVA,58.380001068115234,59.07500076293945,58.34999847412109,58.58000183105469,57.98139572143555,2434500
2024-09-27,CTVA,58.380001068115234,59.07500076293945,58.34999847412109,58.58000183105469,57.98139572143555,2434500
2024-09-30,CTVA,58.66999816894531,58.79999923706055,58.09999847412109,58.790000915527344,58.189247131347656,3266000
2024-09-30,CTVA,58.66999816894531,58.79999923706055,58.09999847412109,58.790000915527344,58.189247131347656,3266000
2024-10-01,CTVA,58.09000015258789,58.81900024414063,57.900001525878906,57.9900016784668,57.397422790527344,3513600
2024-10-01,CTVA,58.09000015258789,58.81900024414063,57.900001525878906,57.9900016784668,57.397422790527344,3513600
2024-10-02,CTVA,58.2599983215332,58.90999984741211,57.8489990234375,58.63999938964844,58.04077911376953,3010000
2024-10-02,CTVA,58.2599983215332,58.90999984741211,57.8489990234375,58.63999938964844,58.04077911376953,3010000
2024-10-03,CTVA,58.36000061035156,58.52000045776367,57.959999084472656,58.09000015258789,57.49640655517578,1666900
2024-10-03,CTVA,58.36000061035156,58.52000045776367,57.959999084472656,58.09000015258789,57.49640655517578,1666900
2024-10-04,CTVA,58.61000061035156,58.79999923706055,58.11000061035156,58.33000183105469,57.73395156860352,1327000
2024-10-04,CTVA,58.61000061035156,58.79999923706055,58.11000061035156,58.33000183105469,57.73395156860352,1327000
2024-10-07,CTVA,58.02999877929688,58.18000030517578,57.209999084472656,57.459999084472656,56.87283706665039,2224100
2024-10-07,CTVA,58.02999877929688,58.18000030517578,57.209999084472656,57.459999084472656,56.87283706665039,2224100
2024-10-08,CTVA,57.09999847412109,57.27999877929688,56.5099983215332,56.88999938964844,56.30866241455078,1741200
2024-10-08,CTVA,57.09999847412109,57.27999877929688,56.5099983215332,56.88999938964844,56.30866241455078,1741200
2024-10-09,CTVA,56.79999923706055,57.2400016784668,56.47499847412109,56.5,55.922645568847656,1660500
2024-10-09,CTVA,56.79999923706055,57.2400016784668,56.47499847412109,56.5,55.922645568847656,1660500
2024-10-10,CTVA,56.02000045776367,56.619998931884766,55.650001525878906,56.54999923706055,55.97213745117188,2156400
2024-10-10,CTVA,56.02000045776367,56.619998931884766,55.650001525878906,56.54999923706055,55.97213745117188,2156400
2024-10-11,CTVA,56.650001525878906,57.5,56.63999938964844,56.84000015258789,56.25917434692383,2883600
2024-10-11,CTVA,56.650001525878906,57.5,56.63999938964844,56.84000015258789,56.25917434692383,2883600
2024-10-14,CTVA,56.720001220703125,57.83000183105469,56.45000076293945,57.7599983215332,57.16977691650391,1925800
2024-10-14,CTVA,56.720001220703125,57.83000183105469,56.45000076293945,57.7599983215332,57.16977691650391,1925800
2024-10-15,CTVA,57.59000015258789,57.77000045776367,57.130001068115234,57.29999923706055,56.71446990966797,3149700
2024-10-15,CTVA,57.59000015258789,57.77000045776367,57.130001068115234,57.29999923706055,56.71446990966797,3149700
2024-10-16,CTVA,58.47999954223633,59.040000915527344,57.93000030517578,58.95000076293945,58.34761428833008,2482500
2024-10-16,CTVA,58.47999954223633,59.040000915527344,57.93000030517578,58.95000076293945,58.34761428833008,2482500
2024-10-17,CTVA,58.7599983215332,59.1259994506836,58.369998931884766,58.95000076293945,58.34761428833008,2659900
2024-10-17,CTVA,58.7599983215332,59.1259994506836,58.369998931884766,58.95000076293945,58.34761428833008,2659900
2024-10-18,CTVA,59.369998931884766,59.68000030517578,58.93000030517578,59.40999984741211,58.80290985107422,2604300
2024-10-18,CTVA,59.369998931884766,59.68000030517578,58.93000030517578,59.40999984741211,58.80290985107422,2604300
2024-10-21,CTVA,59.470001220703125,59.47999954223633,58.54999923706055,59.25,58.64454650878906,3047100
2024-10-21,CTVA,59.470001220703125,59.47999954223633,58.54999923706055,59.25,58.64454650878906,3047100
2024-10-22,CTVA,58.970001220703125,59.20000076293945,58.32500076293945,59.119998931884766,58.51587677001953,2349400
2024-10-22,CTVA,58.970001220703125,59.20000076293945,58.32500076293945,59.119998931884766,58.51587677001953,2349400
2024-10-23,CTVA,59.4900016784668,60.880001068115234,59.31999969482422,60.790000915527344,60.1688117980957,2783100
2024-10-23,CTVA,59.4900016784668,60.880001068115234,59.31999969482422,60.790000915527344,60.1688117980957,2783100
2024-10-24,CTVA,60.900001525878906,61.20000076293945,60.43000030517578,60.77999877929688,60.158912658691406,3673400
2024-10-24,CTVA,60.900001525878906,61.20000076293945,60.43000030517578,60.77999877929688,60.158912658691406,3673400
2024-10-25,CTVA,60.95000076293945,61.20500183105469,60.33000183105469,60.34999847412109,59.73330307006836,2632300
2024-10-25,CTVA,60.95000076293945,61.20500183105469,60.33000183105469,60.34999847412109,59.73330307006836,2632300
2024-10-28,CTVA,60.5099983215332,61.25,60.369998931884766,61.130001068115234,60.50533676147461,3028600
2024-10-28,CTVA,60.5099983215332,61.25,60.369998931884766,61.130001068115234,60.50533676147461,3028600
2024-10-29,CTVA,60.90999984741211,61.380001068115234,60.70000076293945,60.790000915527344,60.1688117980957,2511000
2024-10-29,CTVA,60.90999984741211,61.380001068115234,60.70000076293945,60.790000915527344,60.1688117980957,2511000
2024-10-30,CTVA,60.93999862670898,62.380001068115234,60.93999862670898,61.56999969482422,60.94084167480469,3067100
2024-10-30,CTVA,60.93999862670898,62.380001068115234,60.93999862670898,61.56999969482422,60.94084167480469,3067100
2024-10-31,CTVA,61.68999862670898,61.95000076293945,60.91999816894531,60.91999816894531,60.297481536865234,3605900
2024-10-31,CTVA,61.68999862670898,61.95000076293945,60.91999816894531,60.91999816894531,60.297481536865234,3605900
2024-11-01,CTVA,60.810001373291016,61.34999847412109,60.52999877929688,60.86000061035156,60.238094329833984,2458800
2024-11-01,CTVA,60.810001373291016,61.34999847412109,60.52999877929688,60.86000061035156,60.238094329833984,2458800
2024-11-04,CTVA,61.060001373291016,61.63999938964844,60.744998931884766,61.209999084472656,60.58451461791992,2578400
2024-11-04,CTVA,61.060001373291016,61.63999938964844,60.744998931884766,61.209999084472656,60.58451461791992,2578400
2024-11-05,CTVA,60.93000030517578,61.93999862670898,60.65999984741211,61.75,61.11899948120117,2166000
2024-11-05,CTVA,60.93000030517578,61.93999862670898,60.65999984741211,61.75,61.11899948120117,2166000
2024-11-06,CTVA,63.75,63.75,60.77999877929688,61.7400016784668,61.10910034179688,4744500
2024-11-06,CTVA,63.75,63.75,60.77999877929688,61.7400016784668,61.10910034179688,4744500
2024-11-07,CTVA,58.0,59.20000076293945,57.29999923706055,58.63999938964844,58.04077911376953,7352900
2024-11-07,CTVA,58.0,59.20000076293945,57.29999923706055,58.63999938964844,58.04077911376953,7352900
2024-11-08,CTVA,58.970001220703125,59.540000915527344,58.150001525878906,58.33000183105469,57.73395156860352,4673800
2024-11-08,CTVA,58.970001220703125,59.540000915527344,58.150001525878906,58.33000183105469,57.73395156860352,4673800
2024-11-11,CTVA,58.83000183105469,59.2599983215332,58.310001373291016,58.52000045776367,57.92200469970703,2735500
2024-11-11,CTVA,58.83000183105469,59.2599983215332,58.310001373291016,58.52000045776367,57.92200469970703,2735500
2024-11-12,CTVA,58.54999923706055,58.54999923706055,57.0,57.130001068115234,56.54620742797852,2695900
2024-11-12,CTVA,58.54999923706055,58.54999923706055,57.0,57.130001068115234,56.54620742797852,2695900
2024-11-13,CTVA,57.29499816894531,58.02000045776367,57.255001068115234,57.65999984741211,57.07079315185547,2396000
2024-11-13,CTVA,57.29499816894531,58.02000045776367,57.255001068115234,57.65999984741211,57.07079315185547,2396000
2024-11-14,CTVA,57.68000030517578,57.84999847412109,57.11000061035156,57.40999984741211,56.82334899902344,2628300
2024-11-14,CTVA,57.68000030517578,57.84999847412109,57.11000061035156,57.40999984741211,56.82334899902344,2628300
2024-11-15,CTVA,57.25,57.459999084472656,55.18000030517578,55.209999084472656,54.64583206176758,5636700
2024-11-15,CTVA,57.25,57.459999084472656,55.18000030517578,55.209999084472656,54.64583206176758,5636700
2024-11-18,CTVA,55.41999816894531,57.04999923706055,55.310001373291016,56.9900016784668,56.40763854980469,4190700
2024-11-18,CTVA,55.41999816894531,57.04999923706055,55.310001373291016,56.9900016784668,56.40763854980469,4190700
2024-11-19,CTVA,56.33000183105469,58.40999984741211,56.16999816894531,58.2400016784668,57.64487075805664,4217600
2024-11-19,CTVA,56.33000183105469,58.40999984741211,56.16999816894531,58.2400016784668,57.64487075805664,4217600
2024-11-20,CTVA,58.459999084472656,59.025001525878906,58.0,58.7599983215332,58.15955352783203,3507200
2024-11-20,CTVA,58.459999084472656,59.025001525878906,58.0,58.7599983215332,58.15955352783203,3507200
2024-11-21,CTVA,59.33000183105469,61.06999969482422,58.88999938964844,60.7599983215332,60.13911819458008,4520600
2024-11-21,CTVA,59.33000183105469,61.06999969482422,58.88999938964844,60.7599983215332,60.13911819458008,4520600
2024-11-22,CTVA,60.47999954223633,61.27000045776367,60.060001373291016,61.22999954223633,60.60431671142578,3745800
2024-11-22,CTVA,60.47999954223633,61.27000045776367,60.060001373291016,61.22999954223633,60.60431671142578,3745800
2024-11-25,CTVA,61.630001068115234,64.19999694824219,61.630001068115234,64.12999725341797,63.47467422485352,9733800
2024-11-25,CTVA,61.630001068115234,64.19999694824219,61.630001068115234,64.12999725341797,63.47467422485352,9733800
2024-11-26,CTVA,63.34000015258789,63.875,62.7599983215332,63.25,62.60367202758789,3959100
2024-11-26,CTVA,63.34000015258789,63.875,62.7599983215332,63.25,62.60367202758789,3959100
2024-11-27,CTVA,63.36000061035156,64.0999984741211,62.36000061035156,62.5,61.86133575439453,2517700
2024-11-27,CTVA,63.36000061035156,64.0999984741211,62.36000061035156,62.5,61.86133575439453,2517700
2024-11-29,CTVA,61.77999877929688,62.560001373291016,61.310001373291016,62.2400016784668,61.6039924621582,2467400
2024-11-29,CTVA,61.77999877929688,62.560001373291016,61.310001373291016,62.2400016784668,61.6039924621582,2467400
2024-12-02,CTVA,62.25,62.46500015258789,61.56999969482422,62.22999954223633,61.762794494628906,3224600
2024-12-02,CTVA,62.25,62.46500015258789,61.56999969482422,62.22999954223633,61.762794494628906,3224600
2024-12-03,CTVA,62.400001525878906,62.4900016784668,61.61000061035156,62.0,61.53452301025391,2631000
2024-12-03,CTVA,62.400001525878906,62.4900016784668,61.61000061035156,62.0,61.53452301025391,2631000
2024-12-04,CTVA,61.52999877929688,61.78400039672852,60.96099853515625,61.16999816894531,60.710750579833984,2407700
2024-12-04,CTVA,61.52999877929688,61.78400039672852,60.96099853515625,61.16999816894531,60.710750579833984,2407700
2024-12-05,CTVA,61.20000076293945,61.4900016784668,60.7400016784668,60.77999877929688,60.32368087768555,2475300
2024-12-05,CTVA,61.20000076293945,61.4900016784668,60.7400016784668,60.77999877929688,60.32368087768555,2475300
2024-12-06,CTVA,60.369998931884766,60.97999954223633,59.41999816894531,59.4900016784668,59.04336166381836,2953700
2024-12-06,CTVA,60.369998931884766,60.97999954223633,59.41999816894531,59.4900016784668,59.04336166381836,2953700
2024-12-09,CTVA,59.810001373291016,60.81999969482422,59.65999984741211,59.7400016784668,59.29148864746094,3394400
2024-12-09,CTVA,59.810001373291016,60.81999969482422,59.65999984741211,59.7400016784668,59.29148864746094,3394400
2024-12-10,CTVA,59.790000915527344,59.88999938964844,58.150001525878906,59.41999816894531,58.9738883972168,3749200
2024-12-10,CTVA,59.790000915527344,59.88999938964844,58.150001525878906,59.41999816894531,58.9738883972168,3749200
2024-12-11,CTVA,59.52999877929688,60.5,59.31999969482422,59.77999877929688,59.3311882019043,5431300
2024-12-11,CTVA,59.52999877929688,60.5,59.31999969482422,59.77999877929688,59.3311882019043,5431300
2024-12-12,CTVA,59.810001373291016,60.13999938964844,59.26499938964844,59.29999923706055,58.85478591918945,2009500
2024-12-12,CTVA,59.810001373291016,60.13999938964844,59.26499938964844,59.29999923706055,58.85478591918945,2009500
2024-12-13,CTVA,59.25,59.75,58.709999084472656,59.4900016784668,59.04336166381836,1990100
2024-12-13,CTVA,59.25,59.75,58.709999084472656,59.4900016784668,59.04336166381836,1990100
2024-12-16,CTVA,59.345001220703125,60.095001220703125,58.91999816894531,58.95000076293945,58.507423400878906,3978300
2024-12-16,CTVA,59.345001220703125,60.095001220703125,58.91999816894531,58.95000076293945,58.507423400878906,3978300
2024-12-17,CTVA,58.64300155639648,59.09999847412109,57.76499938964844,58.56999969482422,58.13027572631836,4885300
2024-12-17,CTVA,58.64300155639648,59.09999847412109,57.76499938964844,58.56999969482422,58.13027572631836,4885300
2024-12-18,CTVA,58.470001220703125,58.9900016784668,56.369998931884766,56.40999984741211,55.98648452758789,4224100
2024-12-18,CTVA,58.470001220703125,58.9900016784668,56.369998931884766,56.40999984741211,55.98648452758789,4224100
2024-12-19,CTVA,56.790000915527344,56.93000030517578,56.15999984741211,56.15999984741211,55.73836517333984,4026800
2024-12-19,CTVA,56.790000915527344,56.93000030517578,56.15999984741211,56.15999984741211,55.73836517333984,4026800
2024-12-20,CTVA,56.41999816894531,57.88999938964844,56.29999923706055,57.47999954223633,57.04845428466797,11010700
2024-12-20,CTVA,56.41999816894531,57.88999938964844,56.29999923706055,57.47999954223633,57.04845428466797,11010700
2024-12-23,CTVA,57.56999969482422,57.65999984741211,56.150001525878906,56.91999816894531,56.49265670776367,2456500
2024-12-23,CTVA,57.56999969482422,57.65999984741211,56.150001525878906,56.91999816894531,56.49265670776367,2456500
2024-12-24,CTVA,57.13999938964844,57.51499938964844,56.400001525878906,57.47999954223633,57.04845428466797,986400
2024-12-24,CTVA,57.13999938964844,57.51499938964844,56.400001525878906,57.47999954223633,57.04845428466797,986400
2024-12-26,CTVA,56.88999938964844,57.81999969482422,56.619998931884766,57.43000030517578,56.99882888793945,1401600
2024-12-26,CTVA,56.88999938964844,57.81999969482422,56.619998931884766,57.43000030517578,56.99882888793945,1401600
2024-12-27,CTVA,56.970001220703125,57.91999816894531,56.95000076293945,57.2400016784668,56.81025695800781,1502100
2024-12-27,CTVA,56.970001220703125,57.91999816894531,56.95000076293945,57.2400016784668,56.81025695800781,1502100
2024-12-30,CTVA,56.68000030517578,56.959999084472656,56.220001220703125,56.560001373291016,56.1353645324707,1802000
2024-12-30,CTVA,56.68000030517578,56.959999084472656,56.220001220703125,56.560001373291016,56.1353645324707,1802000
2024-12-31,CTVA,56.630001068115234,57.09999847412109,56.459999084472656,56.959999084472656,56.5323600769043,1750200
2024-12-31,CTVA,56.630001068115234,57.09999847412109,56.459999084472656,56.959999084472656,56.5323600769043,1750200
2025-01-02,CTVA,56.86000061035156,57.34999847412109,56.29999923706055,56.34000015258789,55.9170150756836,2487200
2025-01-02,CTVA,56.86000061035156,57.34999847412109,56.29999923706055,56.34000015258789,55.9170150756836,2487200
2025-01-03,CTVA,56.59000015258789,56.959999084472656,55.70000076293945,55.93999862670898,55.520015716552734,2380800
2025-01-03,CTVA,56.59000015258789,56.959999084472656,55.70000076293945,55.93999862670898,55.520015716552734,2380800
2025-01-06,CTVA,56.28499984741211,57.900001525878906,56.28499984741211,56.93999862670898,56.51250457763672,2980800
2025-01-06,CTVA,56.28499984741211,57.900001525878906,56.28499984741211,56.93999862670898,56.51250457763672,2980800
2025-01-07,CTVA,56.709999084472656,57.65999984741211,56.65999984741211,57.02999877929688,56.60183334350586,2777700
2025-01-07,CTVA,56.709999084472656,57.65999984741211,56.65999984741211,57.02999877929688,56.60183334350586,2777700
2025-01-08,CTVA,57.0,57.19900131225586,56.46699905395508,57.150001525878906,56.7209358215332,2833700
2025-01-08,CTVA,57.0,57.19900131225586,56.46699905395508,57.150001525878906,56.7209358215332,2833700
2025-01-10,CTVA,55.68000030517578,57.43000030517578,55.68000030517578,57.09000015258789,56.661380767822266,3886500
2025-01-10,CTVA,55.68000030517578,57.43000030517578,55.68000030517578,57.09000015258789,56.661380767822266,3886500
2025-01-13,CTVA,57.20000076293945,60.02999877929688,57.20000076293945,59.93000030517578,59.48006439208984,3845400
2025-01-13,CTVA,57.20000076293945,60.02999877929688,57.20000076293945,59.93000030517578,59.48006439208984,3845400
2025-01-14,CTVA,60.060001373291016,60.970001220703125,60.0099983215332,60.88999938964844,60.43285369873047,3181600
2025-01-14,CTVA,60.060001373291016,60.970001220703125,60.0099983215332,60.88999938964844,60.43285369873047,3181600
2025-01-15,CTVA,61.63999938964844,61.900001525878906,60.33000183105469,60.91999816894531,60.46262741088867,3521100
2025-01-15,CTVA,61.63999938964844,61.900001525878906,60.33000183105469,60.91999816894531,60.46262741088867,3521100
2025-01-16,CTVA,60.91999816894531,61.68000030517578,60.619998931884766,61.630001068115234,61.16729736328125,2187700
2025-01-16,CTVA,60.91999816894531,61.68000030517578,60.619998931884766,61.630001068115234,61.16729736328125,2187700
2025-01-17,CTVA,61.66999816894531,62.43000030517578,61.59999847412109,62.31999969482422,61.85211944580078,2621600
2025-01-17,CTVA,61.66999816894531,62.43000030517578,61.59999847412109,62.31999969482422,61.85211944580078,2621600
2025-01-21,CTVA,62.86000061035156,63.15999984741211,62.220001220703125,63.119998931884766,62.64611053466797,2146500
2025-01-21,CTVA,62.86000061035156,63.15999984741211,62.220001220703125,63.119998931884766,62.64611053466797,2146500
2025-01-22,CTVA,62.95000076293945,63.16999816894531,62.45000076293945,62.5099983215332,62.04069137573242,2045000
2025-01-22,CTVA,62.95000076293945,63.16999816894531,62.45000076293945,62.5099983215332,62.04069137573242,2045000
2025-01-23,CTVA,62.5,64.2300033569336,62.29999923706055,64.19000244140625,63.70808029174805,3415700
2025-01-23,CTVA,62.5,64.2300033569336,62.29999923706055,64.19000244140625,63.70808029174805,3415700
2025-01-24,CTVA,64.20999908447266,64.31999969482422,63.33200073242188,63.959999084472656,63.47980117797852,2386000
2025-01-24,CTVA,64.20999908447266,64.31999969482422,63.33200073242188,63.959999084472656,63.47980117797852,2386000
2025-01-27,CTVA,64.52999877929688,64.72000122070312,63.79499816894531,64.47000122070312,63.98597717285156,3426900
2025-01-27,CTVA,64.52999877929688,64.72000122070312,63.79499816894531,64.47000122070312,63.98597717285156,3426900
2025-01-28,CTVA,64.44999694824219,64.86000061035156,64.11000061035156,64.27999877929688,63.79739761352539,3155500
2025-01-28,CTVA,64.44999694824219,64.86000061035156,64.11000061035156,64.27999877929688,63.79739761352539,3155500
2025-01-29,CTVA,64.44000244140625,65.44000244140625,64.23999786376953,65.0,64.51199340820312,4177400
2025-01-29,CTVA,64.44000244140625,65.44000244140625,64.23999786376953,65.0,64.51199340820312,4177400
2025-01-30,CTVA,65.29499816894531,66.23999786376953,64.88999938964844,66.1500015258789,65.65336608886719,3913700
2025-01-30,CTVA,65.29499816894531,66.23999786376953,64.88999938964844,66.1500015258789,65.65336608886719,3913700
2025-01-31,CTVA,65.80000305175781,66.16000366210938,64.93000030517578,65.2699966430664,64.77996826171875,3750100
2025-01-31,CTVA,65.80000305175781,66.16000366210938,64.93000030517578,65.2699966430664,64.77996826171875,3750100
2025-02-03,CTVA,64.31999969482422,65.12000274658203,63.150001525878906,64.61000061035156,64.12493133544922,4693900
2025-02-03,CTVA,64.31999969482422,65.12000274658203,63.150001525878906,64.61000061035156,64.12493133544922,4693900
2025-02-04,CTVA,65.20999908447266,65.9000015258789,64.87999725341797,65.69999694824219,65.20674133300781,3479700
2025-02-04,CTVA,65.20999908447266,65.9000015258789,64.87999725341797,65.69999694824219,65.20674133300781,3479700
2025-02-05,CTVA,63.36000061035156,65.01000213623047,63.0,63.81999969482422,63.34085464477539,8909400
2025-02-05,CTVA,63.36000061035156,65.01000213623047,63.0,63.81999969482422,63.34085464477539,8909400
2025-02-06,CTVA,63.56999969482422,64.38999938964844,60.91999816894531,62.36000061035156,61.89181900024414,11376800
2025-02-06,CTVA,63.56999969482422,64.38999938964844,60.91999816894531,62.36000061035156,61.89181900024414,11376800
2025-02-07,CTVA,62.5,64.61499786376953,61.9900016784668,62.34000015258789,61.87197113037109,5558700
2025-02-07,CTVA,62.5,64.61499786376953,61.9900016784668,62.34000015258789,61.87197113037109,5558700
2025-02-10,CTVA,62.81999969482422,63.13999938964844,62.060001373291016,62.209999084472656,61.74293899536133,3221900
2025-02-10,CTVA,62.81999969482422,63.13999938964844,62.060001373291016,62.209999084472656,61.74293899536133,3221900
2025-02-11,CTVA,62.08000183105469,63.459999084472656,61.83000183105469,62.970001220703125,62.49723815917969,4129000
2025-02-11,CTVA,62.08000183105469,63.459999084472656,61.83000183105469,62.970001220703125,62.49723815917969,4129000
2025-02-12,CTVA,62.25,62.75,61.9900016784668,62.060001373291016,61.59407043457031,2566100
2025-02-12,CTVA,62.25,62.75,61.9900016784668,62.060001373291016,61.59407043457031,2566100
2025-02-13,CTVA,62.27999877929688,62.90999984741211,61.9900016784668,62.86000061035156,62.388065338134766,2153900
2025-02-13,CTVA,62.27999877929688,62.90999984741211,61.9900016784668,62.86000061035156,62.388065338134766,2153900
2025-02-14,CTVA,63.5,64.44000244140625,63.11000061035156,63.959999084472656,63.47980117797852,3906200
2025-02-14,CTVA,63.5,64.44000244140625,63.11000061035156,63.959999084472656,63.47980117797852,3906200
2025-02-18,CTVA,64.0999984741211,64.83000183105469,63.77000045776367,64.45999908447266,63.976051330566406,3446200
2025-02-18,CTVA,64.0999984741211,64.83000183105469,63.77000045776367,64.45999908447266,63.976051330566406,3446200
2025-02-19,CTVA,63.61000061035156,64.30000305175781,63.33000183105469,63.63999938964844,63.162208557128906,2384000
2025-02-19,CTVA,63.61000061035156,64.30000305175781,63.33000183105469,63.63999938964844,63.162208557128906,2384000
2025-02-20,CTVA,63.7400016784668,63.95000076293945,63.20000076293945,63.83000183105469,63.35078430175781,2241900
2025-02-20,CTVA,63.7400016784668,63.95000076293945,63.20000076293945,63.83000183105469,63.35078430175781,2241900
2025-02-21,CTVA,63.63999938964844,63.72999954223633,62.53499984741211,62.7599983215332,62.28881454467773,2476700
2025-02-21,CTVA,63.63999938964844,63.72999954223633,62.53499984741211,62.7599983215332,62.28881454467773,2476700
2025-02-24,CTVA,63.34000015258789,63.38999938964844,62.52000045776367,62.61000061035156,62.13994216918945,3005100
2025-02-24,CTVA,63.34000015258789,63.38999938964844,62.52000045776367,62.61000061035156,62.13994216918945,3005100
2025-02-25,CTVA,62.83000183105469,63.2400016784668,62.290000915527344,62.97999954223633,62.50716400146485,2082000
2025-02-25,CTVA,62.83000183105469,63.2400016784668,62.290000915527344,62.97999954223633,62.50716400146485,2082000
2025-02-26,CTVA,63.130001068115234,63.130001068115234,62.180999755859375,62.79999923706055,62.32851409912109,3276200
2025-02-26,CTVA,63.130001068115234,63.130001068115234,62.180999755859375,62.79999923706055,62.32851409912109,3276200
2025-02-27,CTVA,62.91999816894531,63.76499938964844,62.5,62.81999969482422,62.34836196899414,4088000
2025-02-27,CTVA,62.91999816894531,63.76499938964844,62.5,62.81999969482422,62.34836196899414,4088000
2025-02-28,CTVA,62.9900016784668,63.060001373291016,61.74800109863281,62.97999954223633,62.50716400146485,3509600
2025-02-28,CTVA,62.9900016784668,63.060001373291016,61.74800109863281,62.97999954223633,62.50716400146485,3509600
2025-03-03,CTVA,63.05500030517578,63.5,60.02999877929688,60.400001525878906,60.10878372192383,4531700
2025-03-03,CTVA,63.05500030517578,63.5,60.02999877929688,60.400001525878906,60.10878372192383,4531700
2025-03-04,CTVA,60.34999847412109,60.52000045776367,59.02999877929688,59.79999923706055,59.51167297363281,3838900
2025-03-04,CTVA,60.34999847412109,60.52000045776367,59.02999877929688,59.79999923706055,59.51167297363281,3838900
2025-03-05,CTVA,59.93000030517578,61.20000076293945,59.709999084472656,61.15999984741211,60.865116119384766,3807500
2025-03-05,CTVA,59.93000030517578,61.20000076293945,59.709999084472656,61.15999984741211,60.865116119384766,3807500
2025-03-06,CTVA,61.0,61.52999877929688,60.29999923706055,60.86000061035156,60.56656265258789,3258600
2025-03-06,CTVA,61.0,61.52999877929688,60.29999923706055,60.86000061035156,60.56656265258789,3258600
2025-03-07,CTVA,60.59999847412109,61.20000076293945,59.970001220703125,60.560001373291016,60.26801300048828,3614200
2025-03-07,CTVA,60.59999847412109,61.20000076293945,59.970001220703125,60.560001373291016,60.26801300048828,3614200
2025-03-10,CTVA,60.08000183105469,60.7599983215332,59.435001373291016,60.2400016784668,59.949554443359375,4015800
2025-03-10,CTVA,60.08000183105469,60.7599983215332,59.435001373291016,60.2400016784668,59.949554443359375,4015800
2025-03-11,CTVA,60.2400016784668,60.5099983215332,59.65999984741211,59.970001220703125,59.68085479736328,4442400
2025-03-11,CTVA,60.2400016784668,60.5099983215332,59.65999984741211,59.970001220703125,59.68085479736328,4442400
2025-03-12,CTVA,59.959999084472656,60.470001220703125,58.55500030517578,59.0,58.71553039550781,3371700
2025-03-12,CTVA,59.959999084472656,60.470001220703125,58.55500030517578,59.0,58.71553039550781,3371700
2025-03-13,CTVA,58.77000045776367,59.2400016784668,58.09000015258789,58.59000015258789,58.30751037597656,3304000
2025-03-13,CTVA,58.77000045776367,59.2400016784668,58.09000015258789,58.59000015258789,58.30751037597656,3304000
2025-03-14,CTVA,59.09000015258789,59.91999816894531,58.77000045776367,59.81999969482422,59.53157806396485,2987600
2025-03-14,CTVA,59.09000015258789,59.91999816894531,58.77000045776367,59.81999969482422,59.53157806396485,2987600
2025-03-17,CTVA,59.88999938964844,61.90999984741211,59.875,61.58000183105469,61.2830924987793,2802800
2025-03-17,CTVA,59.88999938964844,61.90999984741211,59.875,61.58000183105469,61.2830924987793,2802800
2025-03-18,CTVA,61.47499847412109,61.75,61.06800079345703,61.58000183105469,61.2830924987793,3443700
2025-03-18,CTVA,61.47499847412109,61.75,61.06800079345703,61.58000183105469,61.2830924987793,3443700
2025-03-19,CTVA,61.56999969482422,62.77999877929688,61.41999816894531,62.459999084472656,62.15884780883789,3743200
2025-03-19,CTVA,61.56999969482422,62.77999877929688,61.41999816894531,62.459999084472656,62.15884780883789,3743200
2025-03-20,CTVA,62.09000015258789,62.36000061035156,61.54999923706055,61.83000183105469,61.53188705444336,2684800
2025-03-20,CTVA,62.09000015258789,62.36000061035156,61.54999923706055,61.83000183105469,61.53188705444336,2684800
2025-03-21,CTVA,61.540000915527344,61.93999862670898,61.15499877929688,61.720001220703125,61.42241668701172,6880500
2025-03-21,CTVA,61.540000915527344,61.93999862670898,61.15499877929688,61.720001220703125,61.42241668701172,6880500
2025-03-24,CTVA,62.59999847412109,62.59999847412109,61.650001525878906,62.06999969482422,61.77073287963867,2117800
2025-03-24,CTVA,62.59999847412109,62.59999847412109,61.650001525878906,62.06999969482422,61.77073287963867,2117800
2025-03-25,CTVA,62.08000183105469,62.34999847412109,61.560001373291016,61.84999847412109,61.551788330078125,2565200
2025-03-25,CTVA,62.08000183105469,62.34999847412109,61.560001373291016,61.84999847412109,61.551788330078125,2565200
2025-03-26,CTVA,62.06999969482422,62.9900016784668,62.04999923706055,62.70000076293945,62.3976936340332,2634300
2025-03-26,CTVA,62.06999969482422,62.9900016784668,62.04999923706055,62.70000076293945,62.3976936340332,2634300
2025-03-27,CTVA,62.70000076293945,63.125,62.18999862670898,62.43999862670898,62.13894271850586,2833100
2025-03-27,CTVA,62.70000076293945,63.125,62.18999862670898,62.43999862670898,62.13894271850586,2833100
2025-03-28,CTVA,62.34999847412109,62.52999877929688,60.720001220703125,61.060001373291016,60.765602111816406,2534300
2025-03-28,CTVA,62.34999847412109,62.52999877929688,60.720001220703125,61.060001373291016,60.765602111816406,2534300
2025-03-31,CTVA,61.29999923706055,63.220001220703125,60.86000061035156,62.93000030517578,62.6265869140625,4566000
2025-03-31,CTVA,61.29999923706055,63.220001220703125,60.86000061035156,62.93000030517578,62.6265869140625,4566000
2025-04-01,CTVA,63.08000183105469,63.755001068115234,62.380001068115234,63.54999923706055,63.24359130859375,5043400
2025-04-01,CTVA,63.08000183105469,63.755001068115234,62.380001068115234,63.54999923706055,63.24359130859375,5043400
2025-04-02,CTVA,63.18999862670898,64.02999877929688,62.9900016784668,64.0,63.69142532348633,2098100
2025-04-02,CTVA,63.18999862670898,64.02999877929688,62.9900016784668,64.0,63.69142532348633,2098100
2025-04-03,CTVA,62.45000076293945,62.5,61.09099960327149,61.29999923706055,61.00444030761719,3125800
2025-04-03,CTVA,62.45000076293945,62.5,61.09099960327149,61.29999923706055,61.00444030761719,3125800
2025-04-04,CTVA,59.810001373291016,59.97999954223633,55.470001220703125,55.790000915527344,55.52101135253906,6393000
2025-04-04,CTVA,59.810001373291016,59.97999954223633,55.470001220703125,55.790000915527344,55.52101135253906,6393000
2025-04-07,CTVA,55.220001220703125,58.7400016784668,53.400001525878906,55.56999969482422,55.30207061767578,6454100
2025-04-07,CTVA,55.220001220703125,58.7400016784668,53.400001525878906,55.56999969482422,55.30207061767578,6454100
2025-04-08,CTVA,56.65499877929688,57.18999862670898,54.25,55.52000045776367,55.2523078918457,7888600
2025-04-08,CTVA,56.65499877929688,57.18999862670898,54.25,55.52000045776367,55.2523078918457,7888600
2025-04-09,CTVA,55.0,59.18000030517578,54.5,58.560001373291016,58.27765655517578,6272900
2025-04-09,CTVA,55.0,59.18000030517578,54.5,58.560001373291016,58.27765655517578,6272900
2025-04-10,CTVA,57.72999954223633,58.36000061035156,56.13999938964844,57.93999862670898,57.660640716552734,4042100
2025-04-10,CTVA,57.72999954223633,58.36000061035156,56.13999938964844,57.93999862670898,57.660640716552734,4042100
2025-04-11,CTVA,57.59999847412109,59.79999923706055,57.0,59.27999877929688,58.994178771972656,3068200
2025-04-11,CTVA,57.59999847412109,59.79999923706055,57.0,59.27999877929688,58.994178771972656,3068200
2025-04-14,CTVA,59.880001068115234,60.81999969482422,59.380001068115234,60.290000915527344,59.99931335449219,2240600
2025-04-14,CTVA,59.880001068115234,60.81999969482422,59.380001068115234,60.290000915527344,59.99931335449219,2240600
2025-04-15,CTVA,59.97999954223633,60.630001068115234,59.650001525878906,59.70000076293945,59.41215896606445,2328200
2025-04-15,CTVA,59.97999954223633,60.630001068115234,59.650001525878906,59.70000076293945,59.41215896606445,2328200
2025-04-16,CTVA,59.630001068115234,60.2599983215332,58.90999984741211,59.20000076293945,58.91456985473633,4063800
2025-04-16,CTVA,59.630001068115234,60.2599983215332,58.90999984741211,59.20000076293945,58.91456985473633,4063800
2025-04-17,CTVA,59.59000015258789,60.119998931884766,59.22999954223633,59.7400016784668,59.45196533203125,3661100
2025-04-17,CTVA,59.59000015258789,60.119998931884766,59.22999954223633,59.7400016784668,59.45196533203125,3661100
2025-04-21,CTVA,59.380001068115234,59.7599983215332,58.58000183105469,59.119998931884766,58.83495330810547,1860300
2025-04-21,CTVA,59.380001068115234,59.7599983215332,58.58000183105469,59.119998931884766,58.83495330810547,1860300
2025-04-22,CTVA,59.61000061035156,60.75,59.38999938964844,60.650001525878906,60.35757827758789,2263600
2025-04-22,CTVA,59.61000061035156,60.75,59.38999938964844,60.650001525878906,60.35757827758789,2263600
2025-04-23,CTVA,61.38999938964844,62.25,60.59000015258789,61.06999969482422,60.77555465698242,2339800
2025-04-23,CTVA,61.38999938964844,62.25,60.59000015258789,61.06999969482422,60.77555465698242,2339800
2025-04-24,CTVA,61.18000030517578,61.900001525878906,60.792999267578125,61.709999084472656,61.4124641418457,3774700
2025-04-24,CTVA,61.18000030517578,61.900001525878906,60.792999267578125,61.709999084472656,61.4124641418457,3774700
2025-04-25,CTVA,61.2599983215332,62.09000015258789,61.0,61.470001220703125,61.173622131347656,1805400
2025-04-25,CTVA,61.2599983215332,62.09000015258789,61.0,61.470001220703125,61.173622131347656,1805400
2025-04-28,CTVA,61.709999084472656,62.34999847412109,61.09999847412109,61.560001373291016,61.26319122314453,2319500
2025-04-28,CTVA,61.709999084472656,62.34999847412109,61.09999847412109,61.560001373291016,61.26319122314453,2319500
2025-04-29,CTVA,61.16999816894531,62.52000045776367,60.9900016784668,61.79999923706055,61.50202941894531,3340100
2025-04-29,CTVA,61.16999816894531,62.52000045776367,60.9900016784668,61.79999923706055,61.50202941894531,3340100
2025-04-30,CTVA,61.119998931884766,62.13999938964844,60.68000030517578,61.9900016784668,61.69111633300781,6048800
2025-04-30,CTVA,61.119998931884766,62.13999938964844,60.68000030517578,61.9900016784668,61.69111633300781,6048800
2025-05-01,CTVA,61.470001220703125,62.505001068115234,61.209999084472656,62.02000045776367,61.720970153808594,2851800
2025-05-01,CTVA,61.470001220703125,62.505001068115234,61.209999084472656,62.02000045776367,61.720970153808594,2851800
2025-05-02,CTVA,62.68999862670898,63.0,61.79999923706055,62.630001068115234,62.32802963256836,3181600
2025-05-02,CTVA,62.68999862670898,63.0,61.79999923706055,62.630001068115234,62.32802963256836,3181600
2025-05-05,CTVA,62.34000015258789,62.97999954223633,61.90999984741211,62.40999984741211,62.10908889770508,2275900
2025-05-05,CTVA,62.34000015258789,62.97999954223633,61.90999984741211,62.40999984741211,62.10908889770508,2275900
2025-05-06,CTVA,62.34000015258789,62.84000015258789,62.0,62.45000076293945,62.14889907836914,2680800
2025-05-06,CTVA,62.34000015258789,62.84000015258789,62.0,62.45000076293945,62.14889907836914,2680800
2025-05-07,CTVA,62.66999816894531,62.81999969482422,62.02000045776367,62.47999954223633,62.17875289916992,3290700
2025-05-07,CTVA,62.66999816894531,62.81999969482422,62.02000045776367,62.47999954223633,62.17875289916992,3290700
2025-05-08,CTVA,64.62999725341797,67.25,63.81999969482422,66.86000061035156,66.53763580322266,6172800
2025-05-08,CTVA,64.62999725341797,67.25,63.81999969482422,66.86000061035156,66.53763580322266,6172800
2025-05-09,CTVA,66.70999908447266,67.93000030517578,66.56800079345703,67.79000091552734,67.46315002441406,4289100
2025-05-09,CTVA,66.70999908447266,67.93000030517578,66.56800079345703,67.79000091552734,67.46315002441406,4289100
2025-05-12,CTVA,69.12999725341797,69.27999877929688,67.44999694824219,67.95999908447266,67.63233184814453,3809800
2025-05-12,CTVA,69.12999725341797,69.27999877929688,67.44999694824219,67.95999908447266,67.63233184814453,3809800
2025-05-13,CTVA,68.08999633789062,68.6500015258789,67.79000091552734,67.9000015258789,67.57261657714844,3550700
2025-05-13,CTVA,68.08999633789062,68.6500015258789,67.79000091552734,67.9000015258789,67.57261657714844,3550700
2025-05-14,CTVA,67.43000030517578,67.80999755859375,66.70999908447266,67.58999633789062,67.26411437988281,4005500
2025-05-14,CTVA,67.43000030517578,67.80999755859375,66.70999908447266,67.58999633789062,67.26411437988281,4005500
2025-05-15,CTVA,67.48999786376953,68.47000122070312,67.27999877929688,68.29000091552734,67.96073913574219,2931700
2025-05-15,CTVA,67.48999786376953,68.47000122070312,67.27999877929688,68.29000091552734,67.96073913574219,2931700
2025-05-16,CTVA,68.26000213623047,68.77799987792969,67.93000030517578,68.61000061035156,68.2791976928711,3064600
2025-05-16,CTVA,68.26000213623047,68.77799987792969,67.93000030517578,68.61000061035156,68.2791976928711,3064600
2025-05-19,CTVA,68.25,69.08999633789062,68.125,68.80999755859375,68.47823333740234,4995300
2025-05-19,CTVA,68.25,69.08999633789062,68.125,68.80999755859375,68.47823333740234,4995300
2025-05-20,CTVA,68.77999877929688,69.22000122070312,68.38999938964844,69.18000030517578,68.84645080566406,3265700
2025-05-20,CTVA,68.77999877929688,69.22000122070312,68.38999938964844,69.18000030517578,68.84645080566406,3265700
2025-05-21,CTVA,68.80000305175781,69.41999816894531,68.61599731445312,68.95999908447266,68.62751007080078,2415000
2025-05-21,CTVA,68.80000305175781,69.41999816894531,68.61599731445312,68.95999908447266,68.62751007080078,2415000
2025-05-22,CTVA,68.77999877929688,68.9800033569336,68.16999816894531,68.58999633789062,68.25929260253906,2085000
2025-05-22,CTVA,68.77999877929688,68.9800033569336,68.16999816894531,68.58999633789062,68.25929260253906,2085000
2025-05-23,CTVA,68.41000366210938,69.23999786376953,67.93000030517578,69.05999755859375,68.72702026367188,2541500
2025-05-23,CTVA,68.41000366210938,69.23999786376953,67.93000030517578,69.05999755859375,68.72702026367188,2541500
2025-05-27,CTVA,69.43000030517578,70.43499755859375,69.41000366210938,70.41000366210938,70.07051849365234,4534200
2025-05-27,CTVA,69.43000030517578,70.43499755859375,69.41000366210938,70.41000366210938,70.07051849365234,4534200
2025-05-28,CTVA,70.48999786376953,70.70999908447266,69.94499969482422,70.31999969482422,69.98095703125,2441000
2025-05-28,CTVA,70.48999786376953,70.70999908447266,69.94499969482422,70.31999969482422,69.98095703125,2441000
2025-05-29,CTVA,70.27999877929688,70.27999877929688,69.4000015258789,69.70999908447266,69.37389373779297,3173100
2025-05-29,CTVA,70.27999877929688,70.27999877929688,69.4000015258789,69.70999908447266,69.37389373779297,3173100
2025-05-30,CTVA,69.62000274658203,71.01000213623047,69.20500183105469,70.80000305175781,70.4586410522461,5450700
2025-05-30,CTVA,69.62000274658203,71.01000213623047,69.20500183105469,70.80000305175781,70.4586410522461,5450700
2025-06-02,CTVA,70.69000244140625,71.11000061035156,70.1500015258789,70.94999694824219,70.7778549194336,3578400
2025-06-02,CTVA,70.69000244140625,71.11000061035156,70.1500015258789,70.94999694824219,70.7778549194336,3578400
2025-06-03,CTVA,70.80000305175781,71.30999755859375,70.19000244140625,71.19000244140625,71.01728057861328,3467800
2025-06-03,CTVA,70.80000305175781,71.30999755859375,70.19000244140625,71.19000244140625,71.01728057861328,3467800
2025-06-04,CTVA,71.52999877929688,71.87999725341797,71.23999786376953,71.37999725341797,71.20681762695312,2776800
2025-06-04,CTVA,71.52999877929688,71.87999725341797,71.23999786376953,71.37999725341797,71.20681762695312,2776800
2025-06-05,CTVA,71.80000305175781,71.80000305175781,71.12999725341797,71.19999694824219,71.02725219726562,3278600
2025-06-05,CTVA,71.80000305175781,71.80000305175781,71.12999725341797,71.19999694824219,71.02725219726562,3278600
2025-06-06,CTVA,71.41999816894531,72.23999786376953,71.41999816894531,71.63999938964844,71.4661865234375,2855000
2025-06-06,CTVA,71.41999816894531,72.23999786376953,71.41999816894531,71.63999938964844,71.4661865234375,2855000
2025-06-09,CTVA,71.79000091552734,72.30000305175781,71.16000366210938,72.01000213623047,71.83528900146484,2888400
2025-06-09,CTVA,71.79000091552734,72.30000305175781,71.16000366210938,72.01000213623047,71.83528900146484,2888400
2025-06-10,CTVA,72.02999877929688,72.3949966430664,71.41000366210938,71.55000305175781,71.37641143798828,3491500
2025-06-10,CTVA,72.02999877929688,72.3949966430664,71.41000366210938,71.55000305175781,71.37641143798828,3491500
2025-06-11,CTVA,71.93000030517578,72.13999938964844,71.5,72.06999969482422,71.8951416015625,8169300
2025-06-11,CTVA,71.93000030517578,72.13999938964844,71.5,72.06999969482422,71.8951416015625,8169300
2025-06-12,CTVA,72.0,72.52999877929688,71.30000305175781,72.5199966430664,72.34404754638672,5547200
2025-06-12,CTVA,72.0,72.52999877929688,71.30000305175781,72.5199966430664,72.34404754638672,5547200
2025-06-13,CTVA,72.22000122070312,72.91000366210938,71.93000030517578,72.43000030517578,72.2542724609375,3344800
2025-06-13,CTVA,72.22000122070312,72.91000366210938,71.93000030517578,72.43000030517578,72.2542724609375,3344800
2025-06-16,CTVA,72.83000183105469,74.19000244140625,72.62000274658203,74.19000244140625,74.01000213623047,3168500
2025-06-16,CTVA,72.83000183105469,74.19000244140625,72.62000274658203,74.19000244140625,74.01000213623047,3168500
2025-06-17,CTVA,74.15499877929688,74.62999725341797,73.61499786376953,74.20999908447266,74.02995300292969,5042500
2025-06-17,CTVA,74.15499877929688,74.62999725341797,73.61499786376953,74.20999908447266,74.02995300292969,5042500
2025-06-18,CTVA,74.04000091552734,74.83999633789062,74.04000091552734,74.12000274658203,73.94017028808594,3721900
2025-06-18,CTVA,74.04000091552734,74.83999633789062,74.04000091552734,74.12000274658203,73.94017028808594,3721900
2025-06-20,CTVA,74.08000183105469,74.63999938964844,72.87000274658203,73.72000122070312,73.5411376953125,14522900
2025-06-20,CTVA,74.08000183105469,74.63999938964844,72.87000274658203,73.72000122070312,73.5411376953125,14522900
2025-06-23,CTVA,73.79000091552734,74.95999908447266,73.5,74.44000244140625,74.25939178466797,4926900
2025-06-23,CTVA,73.79000091552734,74.95999908447266,73.5,74.44000244140625,74.25939178466797,4926900
2025-06-24,CTVA,74.27999877929688,74.55500030517578,73.29000091552734,73.29000091552734,73.1121826171875,4629400
2025-06-24,CTVA,74.27999877929688,74.55500030517578,73.29000091552734,73.29000091552734,73.1121826171875,4629400
2025-06-25,CTVA,73.22000122070312,73.65499877929688,72.94000244140625,73.23999786376953,73.06230163574219,4961700
2025-06-25,CTVA,73.22000122070312,73.65499877929688,72.94000244140625,73.23999786376953,73.06230163574219,4961700
2025-06-26,CTVA,73.95999908447266,75.05000305175781,73.625,74.30000305175781,74.11973571777344,5650000
2025-06-26,CTVA,73.95999908447266,75.05000305175781,73.625,74.30000305175781,74.11973571777344,5650000
2025-06-27,CTVA,74.33000183105469,74.79499816894531,73.87999725341797,74.38999938964844,74.20951080322266,5390700
2025-06-27,CTVA,74.33000183105469,74.79499816894531,73.87999725341797,74.38999938964844,74.20951080322266,5390700
2025-06-30,CTVA,74.08999633789062,74.62000274658203,73.69999694824219,74.52999877929688,74.34917449951172,3201600
2025-06-30,CTVA,74.08999633789062,74.62000274658203,73.69999694824219,74.52999877929688,74.34917449951172,3201600
2025-07-01,CTVA,74.51000213623047,75.22000122070312,74.10399627685547,75.11000061035156,74.92776489257812,3614200
2025-07-01,CTVA,74.51000213623047,75.22000122070312,74.10399627685547,75.11000061035156,74.92776489257812,3614200
2025-07-02,CTVA,75.4000015258789,77.04000091552734,75.2699966430664,77.0,76.81317901611328,3292000
2025-07-02,CTVA,75.4000015258789,77.04000091552734,75.2699966430664,77.0,76.81317901611328,3292000
2025-07-03,CTVA,76.91999816894531,77.41000366210938,76.70500183105469,77.12000274658203,76.93289184570312,1419300
2025-07-03,CTVA,76.91999816894531,77.41000366210938,76.70500183105469,77.12000274658203,76.93289184570312,1419300
2025-07-07,CTVA,77.08000183105469,77.33000183105469,76.12000274658203,76.58000183105469,76.39420318603516,2461500
2025-07-07,CTVA,77.08000183105469,77.33000183105469,76.12000274658203,76.58000183105469,76.39420318603516,2461500
2025-07-08,CTVA,76.9000015258789,77.23999786376953,75.98500061035156,76.44999694824219,76.26451110839844,3032800
2025-07-08,CTVA,76.9000015258789,77.23999786376953,75.98500061035156,76.44999694824219,76.26451110839844,3032800
2025-07-09,CTVA,76.56999969482422,76.66999816894531,74.86000061035156,76.19999694824219,76.01512145996094,6570500
2025-07-09,CTVA,76.56999969482422,76.66999816894531,74.86000061035156,76.19999694824219,76.01512145996094,6570500
2025-07-10,CTVA,76.06999969482422,76.06999969482422,74.62999725341797,74.83000183105469,74.64844512939453,4418100
2025-07-10,CTVA,76.06999969482422,76.06999969482422,74.62999725341797,74.83000183105469,74.64844512939453,4418100
2025-07-11,CTVA,74.33999633789062,74.44999694824219,73.36000061035156,73.56999969482422,73.3915023803711,4389800
2025-07-11,CTVA,74.33999633789062,74.44999694824219,73.36000061035156,73.56999969482422,73.3915023803711,4389800
2025-07-14,CTVA,73.77999877929688,74.19999694824219,73.04000091552734,73.11000061035156,72.9326171875,2876300
2025-07-14,CTVA,73.77999877929688,74.19999694824219,73.04000091552734,73.11000061035156,72.9326171875,2876300
2025-07-15,CTVA,73.37000274658203,73.41600036621094,71.93000030517578,72.08999633789062,71.91509246826172,5725000
2025-07-15,CTVA,73.37000274658203,73.41600036621094,71.93000030517578,72.08999633789062,71.91509246826172,5725000
2025-07-16,CTVA,72.22000122070312,73.03500366210938,71.77999877929688,72.9800033569336,72.80294036865234,4036200
2025-07-16,CTVA,72.22000122070312,73.03500366210938,71.77999877929688,72.9800033569336,72.80294036865234,4036200
2025-07-17,CTVA,73.0199966430664,73.54000091552734,72.66100311279297,73.16999816894531,72.99246978759766,2688200
2025-07-17,CTVA,73.0199966430664,73.54000091552734,72.66100311279297,73.16999816894531,72.99246978759766,2688200
2025-07-18,CTVA,73.13999938964844,73.58999633789062,72.48999786376953,73.05000305175781,72.87277221679688,3693200
2025-07-18,CTVA,73.13999938964844,73.58999633789062,72.48999786376953,73.05000305175781,72.87277221679688,3693200
2025-07-21,CTVA,73.0999984741211,73.80000305175781,72.83000183105469,73.0,72.82288360595703,2655300
2025-07-21,CTVA,73.0999984741211,73.80000305175781,72.83000183105469,73.0,72.82288360595703,2655300
2025-07-22,CTVA,73.16000366210938,74.29499816894531,73.01000213623047,73.75,73.5710678100586,3733900
2025-07-22,CTVA,73.16000366210938,74.29499816894531,73.01000213623047,73.75,73.5710678100586,3733900
2025-07-23,CTVA,73.9000015258789,74.30999755859375,73.62999725341797,73.9000015258789,73.720703125,3827600
2025-07-23,CTVA,73.9000015258789,74.30999755859375,73.62999725341797,73.9000015258789,73.720703125,3827600
2025-07-24,CTVA,73.47000122070312,73.80000305175781,72.66999816894531,73.12000274658203,72.94259643554688,3399100
2025-07-24,CTVA,73.47000122070312,73.80000305175781,72.66999816894531,73.12000274658203,72.94259643554688,3399100
2025-07-25,CTVA,72.83999633789062,73.5,72.55000305175781,73.43000030517578,73.25184631347656,2668500
2025-07-25,CTVA,72.83999633789062,73.5,72.55000305175781,73.43000030517578,73.25184631347656,2668500
2025-07-28,CTVA,73.2300033569336,73.2300033569336,72.2699966430664,72.4000015258789,72.2243423461914,2317900
2025-07-28,CTVA,73.2300033569336,73.2300033569336,72.2699966430664,72.4000015258789,72.2243423461914,2317900
2025-07-29,CTVA,72.83000183105469,73.08000183105469,72.4800033569336,72.87999725341797,72.70317840576172,2631400
2025-07-29,CTVA,72.83000183105469,73.08000183105469,72.4800033569336,72.87999725341797,72.70317840576172,2631400
2025-07-30,CTVA,72.8499984741211,72.8499984741211,71.70999908447266,71.9800033569336,71.80536651611328,4975900
2025-07-30,CTVA,72.8499984741211,72.8499984741211,71.70999908447266,71.9800033569336,71.80536651611328,4975900
2025-07-31,CTVA,71.81999969482422,72.30000305175781,71.66500091552734,72.12999725341797,71.95499420166016,4852700
2025-07-31,CTVA,71.81999969482422,72.30000305175781,71.66500091552734,72.12999725341797,71.95499420166016,4852700
2025-08-01,CTVA,71.6500015258789,71.83000183105469,70.58000183105469,71.16999816894531,70.99732208251953,4770900
2025-08-01,CTVA,71.6500015258789,71.83000183105469,70.58000183105469,71.16999816894531,70.99732208251953,4770900
2025-08-04,CTVA,71.55000305175781,72.01000213623047,71.32499694824219,71.91999816894531,71.7455062866211,3943500
2025-08-04,CTVA,71.55000305175781,72.01000213623047,71.32499694824219,71.91999816894531,71.7455062866211,3943500
2025-08-05,CTVA,72.54000091552734,72.70999908447266,71.80000305175781,72.30999755859375,72.13455963134766,3744000
2025-08-05,CTVA,72.54000091552734,72.70999908447266,71.80000305175781,72.30999755859375,72.13455963134766,3744000
2025-08-06,CTVA,72.0999984741211,72.30999755859375,71.05999755859375,71.16999816894531,70.99732208251953,4566100
2025-08-06,CTVA,72.0999984741211,72.30999755859375,71.05999755859375,71.16999816894531,70.99732208251953,4566100
2025-08-07,CTVA,70.51000213623047,71.47000122070312,68.69999694824219,71.05000305175781,70.87762451171875,7323300
2025-08-07,CTVA,70.51000213623047,71.47000122070312,68.69999694824219,71.05000305175781,70.87762451171875,7323300
2025-08-08,CTVA,71.30000305175781,71.30000305175781,70.2699966430664,70.91000366210938,70.73796081542969,5568000
2025-08-08,CTVA,71.30000305175781,71.30000305175781,70.2699966430664,70.91000366210938,70.73796081542969,5568000
2025-08-11,CTVA,71.0,72.56500244140625,70.95500183105469,72.45999908447266,72.28419494628906,5965500
2025-08-11,CTVA,71.0,72.56500244140625,70.95500183105469,72.45999908447266,72.28419494628906,5965500
2025-08-12,CTVA,72.73999786376953,73.0,70.81999969482422,71.02999877929688,70.857666015625,5485900
2025-08-12,CTVA,72.73999786376953,73.0,70.81999969482422,71.02999877929688,70.857666015625,5485900
2025-08-13,CTVA,72.04000091552734,72.3949966430664,70.83499908447266,72.33000183105469,72.15451049804688,4693600
2025-08-13,CTVA,72.04000091552734,72.3949966430664,70.83499908447266,72.33000183105469,72.15451049804688,4693600
2025-08-14,CTVA,72.0,72.16999816894531,71.3499984741211,71.87000274658203,71.69563293457031,3242800
2025-08-14,CTVA,72.0,72.16999816894531,71.3499984741211,71.87000274658203,71.69563293457031,3242800
2025-08-15,CTVA,71.94000244140625,72.23999786376953,71.5999984741211,71.76000213623047,71.58589935302734,2649600
2025-08-15,CTVA,71.94000244140625,72.23999786376953,71.5999984741211,71.76000213623047,71.58589935302734,2649600
2025-08-18,CTVA,71.72000122070312,72.6500015258789,71.65499877929688,72.29000091552734,72.11460876464844,2818500
2025-08-18,CTVA,71.72000122070312,72.6500015258789,71.65499877929688,72.29000091552734,72.11460876464844,2818500
2025-08-19,CTVA,72.29000091552734,72.4800033569336,71.87000274658203,72.4000015258789,72.2243423461914,2723500
2025-08-19,CTVA,72.29000091552734,72.4800033569336,71.87000274658203,72.4000015258789,72.2243423461914,2723500
2025-08-20,CTVA,72.41000366210938,73.16999816894531,72.33000183105469,72.95999908447266,72.7829818725586,3086800
2025-08-20,CTVA,72.41000366210938,73.16999816894531,72.33000183105469,72.95999908447266,72.7829818725586,3086800
2025-08-21,CTVA,72.70999908447266,73.26499938964844,72.55999755859375,72.9800033569336,72.80294036865234,2815400
2025-08-21,CTVA,72.70999908447266,73.26499938964844,72.55999755859375,72.9800033569336,72.80294036865234,2815400
2025-08-22,CTVA,73.33000183105469,73.58000183105469,72.69499969482422,73.37000274658203,73.1919937133789,2664000
2025-08-22,CTVA,73.33000183105469,73.58000183105469,72.69499969482422,73.37000274658203,73.1919937133789,2664000
2025-08-25,CTVA,73.30000305175781,73.82499694824219,72.9000015258789,73.5999984741211,73.42143249511719,3261600
2025-08-25,CTVA,73.30000305175781,73.82499694824219,72.9000015258789,73.5999984741211,73.42143249511719,3261600
2025-08-26,CTVA,73.43000030517578,73.95999908447266,72.12999725341797,73.94000244140625,73.76061248779297,6802600
2025-08-26,CTVA,73.43000030517578,73.95999908447266,72.12999725341797,73.94000244140625,73.76061248779297,6802600
2025-08-27,CTVA,73.80000305175781,75.12000274658203,73.61000061035156,75.02999877929688,74.84796142578125,6016400
2025-08-27,CTVA,73.80000305175781,75.12000274658203,73.61000061035156,75.02999877929688,74.84796142578125,6016400
2025-08-28,CTVA,75.02999877929688,75.16000366210938,73.38500213623047,74.31999969482422,74.13968658447266,3928400
2025-08-28,CTVA,75.02999877929688,75.16000366210938,73.38500213623047,74.31999969482422,74.13968658447266,3928400
2025-08-29,CTVA,74.2300033569336,74.62999725341797,74.05500030517578,74.19000244140625,74.01000213623047,4035000
2025-08-29,CTVA,74.2300033569336,74.62999725341797,74.05500030517578,74.19000244140625,74.01000213623047,4035000
2025-09-02,CTVA,73.72000122070312,74.03500366210938,73.30000305175781,73.91999816894531,73.91999816894531,3261700
2025-09-02,CTVA,73.72000122070312,74.03500366210938,73.30000305175781,73.91999816894531,73.91999816894531,3261700
2025-09-03,CTVA,73.45999908447266,73.6969985961914,72.3499984741211,72.38999938964844,72.38999938964844,3244900
2025-09-03,CTVA,73.45999908447266,73.6969985961914,72.3499984741211,72.38999938964844,72.38999938964844,3244900
2025-09-04,CTVA,72.44000244140625,72.80999755859375,72.01000213623047,72.6500015258789,72.6500015258789,3147800
2025-09-04,CTVA,72.44000244140625,72.80999755859375,72.01000213623047,72.6500015258789,72.6500015258789,3147800
2025-09-05,CTVA,72.52999877929688,72.7300033569336,71.38999938964844,72.30000305175781,72.30000305175781,3173200
2025-09-05,CTVA,72.52999877929688,72.7300033569336,71.38999938964844,72.30000305175781,72.30000305175781,3173200
2025-09-08,CTVA,72.19999694824219,73.02999877929688,71.69999694824219,72.94999694824219,72.94999694824219,4724500
2025-09-08,CTVA,72.19999694824219,73.02999877929688,71.69999694824219,72.94999694824219,72.94999694824219,4724500
2025-09-09,CTVA,73.13999938964844,73.66000366210938,72.0,72.5,72.5,3336700
2025-09-09,CTVA,73.13999938964844,73.66000366210938,72.0,72.5,72.5,3336700
2025-09-10,CTVA,72.18000030517578,72.80999755859375,71.55999755859375,71.77999877929688,71.77999877929688,2939500
2025-09-10,CTVA,72.18000030517578,72.80999755859375,71.55999755859375,71.77999877929688,71.77999877929688,2939500
2025-09-11,CTVA,71.63999938964844,73.11000061035156,71.58499908447266,72.98999786376953,72.98999786376953,2750400
2025-09-11,CTVA,71.63999938964844,73.11000061035156,71.58499908447266,72.98999786376953,72.98999786376953,2750400
2025-09-12,CTVA,72.9000015258789,75.91000366210938,72.33000183105469,74.29000091552734,74.29000091552734,6599900
2025-09-12,CTVA,72.9000015258789,75.91000366210938,72.33000183105469,74.29000091552734,74.29000091552734,6599900
2025-09-15,CTVA,73.88999938964844,74.5,69.27999877929688,70.06999969482422,70.06999969482422,8800600
2025-09-15,CTVA,73.88999938964844,74.5,69.27999877929688,70.06999969482422,70.06999969482422,8800600
2025-09-16,CTVA,70.01000213623047,70.4000015258789,69.44999694824219,69.87999725341797,69.87999725341797,5056600
2025-09-16,CTVA,70.01000213623047,70.4000015258789,69.44999694824219,69.87999725341797,69.87999725341797,5056600
2025-09-17,CTVA,70.08000183105469,71.0999984741211,69.7699966430664,70.63999938964844,70.63999938964844,3470100
2025-09-17,CTVA,70.08000183105469,71.0999984741211,69.7699966430664,70.63999938964844,70.63999938964844,3470100
2025-09-18,CTVA,70.83999633789062,71.02200317382812,70.12999725341797,70.66000366210938,70.66000366210938,5365900
2025-09-18,CTVA,70.83999633789062,71.02200317382812,70.12999725341797,70.66000366210938,70.66000366210938,5365900
2025-09-19,CTVA,70.56999969482422,71.0199966430664,70.38999938964844,70.86000061035156,70.86000061035156,12447700
2025-09-19,CTVA,70.56999969482422,71.0199966430664,70.38999938964844,70.86000061035156,70.86000061035156,12447700
2025-09-22,CTVA,70.4000015258789,70.4800033569336,69.73999786376953,69.75,69.75,2831500
2025-09-22,CTVA,70.4000015258789,70.4800033569336,69.73999786376953,69.75,69.75,2831500
2025-09-23,CTVA,69.94000244140625,70.55999755859375,69.43499755859375,69.4800033569336,69.4800033569336,3360900
2025-09-23,CTVA,69.94000244140625,70.55999755859375,69.43499755859375,69.4800033569336,69.4800033569336,3360900
2025-09-24,CTVA,69.63999938964844,70.33999633789062,69.44499969482422,69.61000061035156,69.61000061035156,3474700
2025-09-24,CTVA,69.63999938964844,70.33999633789062,69.44499969482422,69.61000061035156,69.61000061035156,3474700
2025-09-25,CTVA,69.93000030517578,69.98500061035156,65.91000366210938,67.08000183105469,67.08000183105469,7240300
2025-09-25,CTVA,69.93000030517578,69.98500061035156,65.91000366210938,67.08000183105469,67.08000183105469,7240300
2025-09-26,CTVA,67.54000091552734,68.12000274658203,67.19200134277344,68.08999633789062,68.08999633789062,4817100
2025-09-26,CTVA,67.54000091552734,68.12000274658203,67.19200134277344,68.08999633789062,68.08999633789062,4817100
2025-09-29,CTVA,68.4000015258789,68.66999816894531,67.55000305175781,67.7699966430664,67.7699966430664,5341400
2025-09-29,CTVA,68.4000015258789,68.66999816894531,67.55000305175781,67.7699966430664,67.7699966430664,5341400
2025-09-30,CTVA,67.9000015258789,67.94999694824219,67.19000244140625,67.62999725341797,67.62999725341797,4701400
2025-09-30,CTVA,67.9000015258789,67.94999694824219,67.19000244140625,67.62999725341797,67.62999725341797,4701400
2025-10-01,CTVA,66.9000015258789,66.9000015258789,60.70500183105469,61.470001220703125,61.470001220703125,12189800
2025-10-01,CTVA,66.9000015258789,66.9000015258789,60.70500183105469,61.470001220703125,61.470001220703125,12189800
2025-10-02,CTVA,61.32500076293945,63.68000030517578,61.32500076293945,63.4900016784668,63.4900016784668,11310300
2025-10-02,CTVA,61.32500076293945,63.68000030517578,61.32500076293945,63.4900016784668,63.4900016784668,11310300
2025-10-03,CTVA,62.5,63.65999984741211,62.4900016784668,63.369998931884766,63.369998931884766,4328900
2025-10-03,CTVA,62.5,63.65999984741211,62.4900016784668,63.369998931884766,63.369998931884766,4328900
2025-09-26,CTVA,67.54000091552734,68.12000274658203,67.19200134277344,68.08999633789062,68.08999633789062,4817100
2025-09-29,CTVA,68.4000015258789,68.66999816894531,67.55000305175781,67.7699966430664,67.7699966430664,5341400
2025-09-30,CTVA,67.9000015258789,67.94999694824219,67.19000244140625,67.62999725341797,67.62999725341797,4701400
2025-10-01,CTVA,66.9000015258789,66.9000015258789,60.70500183105469,61.470001220703125,61.470001220703125,12189800
2025-10-02,CTVA,61.32500076293945,63.68000030517578,61.32500076293945,63.4900016784668,63.4900016784668,11310300
2025-10-03,CTVA,62.5,63.65999984741211,62.4900016784668,63.369998931884766,63.369998931884766,4328900
2025-09-26,CTVA,67.54000091552734,68.12000274658203,67.19200134277344,68.08999633789062,68.08999633789062,4817100
2025-09-29,CTVA,68.4000015258789,68.66999816894531,67.55000305175781,67.7699966430664,67.7699966430664,5341400
2025-09-30,CTVA,67.9000015258789,67.94999694824219,67.19000244140625,67.62999725341797,67.62999725341797,4701400
2025-10-01,CTVA,66.9000015258789,66.9000015258789,60.70500183105469,61.470001220703125,61.470001220703125,12189800
2025-10-02,CTVA,61.32500076293945,63.68000030517578,61.32500076293945,63.4900016784668,63.4900016784668,11310300
2025-10-03,CTVA,62.5,63.65999984741211,62.4900016784668,63.369998931884766,63.369998931884766,4328900
