Date,Ticker,Open,High,Low,Close,Adj Close,Volume
2012-10-12,FANG,17.81999969482422,18.280000686645508,17.5,17.5,13.62574577331543,6467100
2012-10-12,FANG,17.81999969482422,18.280000686645508,17.5,17.5,13.62574577331543,6467100
2012-10-15,FANG,17.549999237060547,17.829999923706055,17.5,17.75,13.820395469665527,633100
2012-10-15,FANG,17.549999237060547,17.829999923706055,17.5,17.75,13.820395469665527,633100
2012-10-16,FANG,17.56999969482422,17.950000762939453,17.25,17.790000915527344,13.851548194885254,180300
2012-10-16,FANG,17.56999969482422,17.950000762939453,17.25,17.790000915527344,13.851548194885254,180300
2012-10-17,FANG,17.700000762939453,18.06999969482422,17.5,17.700000762939453,13.78147029876709,121000
2012-10-17,FANG,17.700000762939453,18.06999969482422,17.5,17.700000762939453,13.78147029876709,121000
2012-10-18,FANG,17.600000381469727,17.8700008392334,17.520000457763672,17.700000762939453,13.78147029876709,146100
2012-10-18,FANG,17.600000381469727,17.8700008392334,17.520000457763672,17.700000762939453,13.78147029876709,146100
2012-10-19,FANG,17.719999313354492,17.799999237060547,17.40999984741211,17.40999984741211,13.555665969848633,298100
2012-10-19,FANG,17.719999313354492,17.799999237060547,17.40999984741211,17.40999984741211,13.555665969848633,298100
2012-10-22,FANG,17.5,17.510000228881836,16.93000030517578,17.030000686645508,13.259796142578123,359800
2012-10-22,FANG,17.5,17.510000228881836,16.93000030517578,17.030000686645508,13.259796142578123,359800
2012-10-23,FANG,16.850000381469727,17.299999237060547,16.75,17.1299991607666,13.337656021118164,166100
2012-10-23,FANG,16.850000381469727,17.299999237060547,16.75,17.1299991607666,13.337656021118164,166100
2012-10-24,FANG,16.920000076293945,17.469999313354492,16.920000076293945,17.389999389648438,13.540099143981934,158200
2012-10-24,FANG,16.920000076293945,17.469999313354492,16.920000076293945,17.389999389648438,13.540099143981934,158200
2012-10-25,FANG,17.979999542236328,17.979999542236328,16.25,17.030000686645508,13.259796142578123,206900
2012-10-25,FANG,17.979999542236328,17.979999542236328,16.25,17.030000686645508,13.259796142578123,206900
2012-10-26,FANG,17.510000228881836,17.510000228881836,16.600000381469727,17.139999389648438,13.345447540283203,199500
2012-10-26,FANG,17.510000228881836,17.510000228881836,16.600000381469727,17.139999389648438,13.345447540283203,199500
2012-10-31,FANG,16.5,17.030000686645508,16.5,17.030000686645508,13.259796142578123,36400
2012-10-31,FANG,16.5,17.030000686645508,16.5,17.030000686645508,13.259796142578123,36400
2012-11-01,FANG,17.100000381469727,17.479999542236328,16.510000228881836,17.229999542236328,13.415518760681152,203000
2012-11-01,FANG,17.100000381469727,17.479999542236328,16.510000228881836,17.229999542236328,13.415518760681152,203000
2012-11-02,FANG,16.989999771118164,17.229999542236328,16.559999465942383,17.0,13.23643970489502,72100
2012-11-02,FANG,16.989999771118164,17.229999542236328,16.559999465942383,17.0,13.23643970489502,72100
2012-11-05,FANG,16.790000915527344,17.0,16.5,16.709999084472656,13.010640144348145,33300
2012-11-05,FANG,16.790000915527344,17.0,16.5,16.709999084472656,13.010640144348145,33300
2012-11-06,FANG,16.520000457763672,17.479999542236328,16.09000015258789,17.010000228881836,13.244226455688477,370600
2012-11-06,FANG,16.520000457763672,17.479999542236328,16.09000015258789,17.010000228881836,13.244226455688477,370600
2012-11-07,FANG,16.75,17.399999618530273,16.75,17.059999465942383,13.28315544128418,155800
2012-11-07,FANG,16.75,17.399999618530273,16.75,17.059999465942383,13.28315544128418,155800
2012-11-08,FANG,16.290000915527344,17.270000457763672,16.290000915527344,16.75,13.041787147521973,141600
2012-11-08,FANG,16.290000915527344,17.270000457763672,16.290000915527344,16.75,13.041787147521973,141600
2012-11-09,FANG,16.329999923706055,16.940000534057617,16.329999923706055,16.549999237060547,12.886064529418944,209600
2012-11-09,FANG,16.329999923706055,16.940000534057617,16.329999923706055,16.549999237060547,12.886064529418944,209600
2012-11-12,FANG,16.459999084472656,16.549999237060547,16.360000610351562,16.5,12.847131729125977,12800
2012-11-12,FANG,16.459999084472656,16.549999237060547,16.360000610351562,16.5,12.847131729125977,12800
2012-11-13,FANG,16.520000457763672,16.760000228881836,15.970000267028809,16.040000915527344,12.488969802856444,47600
2012-11-13,FANG,16.520000457763672,16.760000228881836,15.970000267028809,16.040000915527344,12.488969802856444,47600
2012-11-14,FANG,15.970000267028809,16.469999313354492,15.649999618530272,16.049999237060547,12.496756553649902,123400
2012-11-14,FANG,15.970000267028809,16.469999313354492,15.649999618530272,16.049999237060547,12.496756553649902,123400
2012-11-15,FANG,16.3799991607666,17.260000228881836,15.710000038146973,16.700000762939453,13.002857208251951,367000
2012-11-15,FANG,16.3799991607666,17.260000228881836,15.710000038146973,16.700000762939453,13.002857208251951,367000
2012-11-16,FANG,16.90999984741211,17.690000534057617,16.270000457763672,16.81999969482422,13.09628963470459,104600
2012-11-16,FANG,16.90999984741211,17.690000534057617,16.270000457763672,16.81999969482422,13.09628963470459,104600
2012-11-19,FANG,16.850000381469727,17.25,16.5,17.1200008392334,13.32987117767334,77200
2012-11-19,FANG,16.850000381469727,17.25,16.5,17.1200008392334,13.32987117767334,77200
2012-11-20,FANG,17.139999389648438,17.290000915527344,16.829999923706055,17.1299991607666,13.337656021118164,251400
2012-11-20,FANG,17.139999389648438,17.290000915527344,16.829999923706055,17.1299991607666,13.337656021118164,251400
2012-11-21,FANG,17.1200008392334,17.479999542236328,16.850000381469727,17.200000762939453,13.39216423034668,33100
2012-11-21,FANG,17.1200008392334,17.479999542236328,16.850000381469727,17.200000762939453,13.39216423034668,33100
2012-11-23,FANG,17.25,17.549999237060547,17.059999465942383,17.31999969482422,13.485595703125,94000
2012-11-23,FANG,17.25,17.549999237060547,17.059999465942383,17.31999969482422,13.485595703125,94000
2012-11-26,FANG,17.299999237060547,17.420000076293945,17.059999465942383,17.260000228881836,13.438880920410156,77400
2012-11-26,FANG,17.299999237060547,17.420000076293945,17.059999465942383,17.260000228881836,13.438880920410156,77400
2012-11-27,FANG,17.06999969482422,17.329999923706055,16.93000030517578,17.229999542236328,13.415518760681152,55800
2012-11-27,FANG,17.06999969482422,17.329999923706055,16.93000030517578,17.229999542236328,13.415518760681152,55800
2012-11-28,FANG,17.450000762939453,17.489999771118164,16.979999542236328,17.25,13.43109130859375,94000
2012-11-28,FANG,17.450000762939453,17.489999771118164,16.979999542236328,17.25,13.43109130859375,94000
2012-11-29,FANG,17.459999084472656,18.350000381469727,17.200000762939453,18.15999984741211,14.139629364013672,164400
2012-11-29,FANG,17.459999084472656,18.350000381469727,17.200000762939453,18.15999984741211,14.139629364013672,164400
2012-11-30,FANG,18.440000534057617,18.479999542236328,17.770000457763672,18.0,14.01504898071289,44200
2012-11-30,FANG,18.440000534057617,18.479999542236328,17.770000457763672,18.0,14.01504898071289,44200
2012-12-03,FANG,18.010000228881836,18.5,17.389999389648438,18.100000381469727,14.09291648864746,47600
2012-12-03,FANG,18.010000228881836,18.5,17.389999389648438,18.100000381469727,14.09291648864746,47600
2012-12-04,FANG,18.229999542236328,18.229999542236328,17.40999984741211,17.829999923706055,13.8826904296875,30100
2012-12-04,FANG,18.229999542236328,18.229999542236328,17.40999984741211,17.829999923706055,13.8826904296875,30100
2012-12-05,FANG,17.579999923706055,18.100000381469727,17.579999923706055,17.979999542236328,13.999483108520508,33000
2012-12-05,FANG,17.579999923706055,18.100000381469727,17.579999923706055,17.979999542236328,13.999483108520508,33000
2012-12-06,FANG,17.760000228881836,17.780000686645508,17.31999969482422,17.6200008392334,13.719182968139648,41900
2012-12-06,FANG,17.760000228881836,17.780000686645508,17.31999969482422,17.6200008392334,13.719182968139648,41900
2012-12-07,FANG,17.68000030517578,17.850000381469727,17.600000381469727,17.75,13.820395469665527,42500
2012-12-07,FANG,17.68000030517578,17.850000381469727,17.600000381469727,17.75,13.820395469665527,42500
2012-12-10,FANG,17.889999389648438,17.920000076293945,17.360000610351562,17.6200008392334,13.719182968139648,72300
2012-12-10,FANG,17.889999389648438,17.920000076293945,17.360000610351562,17.6200008392334,13.719182968139648,72300
2012-12-11,FANG,17.40999984741211,17.84000015258789,17.200000762939453,17.540000915527344,13.656893730163574,72200
2012-12-11,FANG,17.40999984741211,17.84000015258789,17.200000762939453,17.540000915527344,13.656893730163574,72200
2012-12-12,FANG,17.469999313354492,17.780000686645508,17.469999313354492,17.639999389648438,13.73475456237793,58000
2012-12-12,FANG,17.469999313354492,17.780000686645508,17.469999313354492,17.639999389648438,13.73475456237793,58000
2012-12-13,FANG,17.40999984741211,17.979999542236328,17.290000915527344,17.8799991607666,13.921616554260254,135900
2012-12-13,FANG,17.40999984741211,17.979999542236328,17.290000915527344,17.8799991607666,13.921616554260254,135900
2012-12-14,FANG,17.43000030517578,17.649999618530273,17.25,17.56999969482422,13.680245399475098,44700
2012-12-14,FANG,17.43000030517578,17.649999618530273,17.25,17.56999969482422,13.680245399475098,44700
2012-12-17,FANG,17.65999984741211,18.5,17.5,17.979999542236328,13.999483108520508,107600
2012-12-17,FANG,17.65999984741211,18.5,17.5,17.979999542236328,13.999483108520508,107600
2012-12-18,FANG,17.93000030517578,19.25,17.700000762939453,18.799999237060547,14.637946128845217,142600
2012-12-18,FANG,17.93000030517578,19.25,17.700000762939453,18.799999237060547,14.637946128845217,142600
2012-12-19,FANG,18.799999237060547,19.88999938964844,18.1299991607666,19.18000030517578,14.933815956115724,192600
2012-12-19,FANG,18.799999237060547,19.88999938964844,18.1299991607666,19.18000030517578,14.933815956115724,192600
2012-12-20,FANG,18.950000762939453,19.020000457763672,18.440000534057617,19.020000457763672,14.809240341186523,200500
2012-12-20,FANG,18.950000762939453,19.020000457763672,18.440000534057617,19.020000457763672,14.809240341186523,200500
2012-12-21,FANG,18.6200008392334,19.18000030517578,17.68000030517578,18.979999542236328,14.778091430664062,1936500
2012-12-21,FANG,18.6200008392334,19.18000030517578,17.68000030517578,18.979999542236328,14.778091430664062,1936500
2012-12-24,FANG,19.049999237060547,19.450000762939453,18.010000228881836,18.63999938964844,14.513367652893066,159000
2012-12-24,FANG,19.049999237060547,19.450000762939453,18.010000228881836,18.63999938964844,14.513367652893066,159000
2012-12-26,FANG,18.75,19.0,18.270000457763672,18.649999618530277,14.521154403686523,81300
2012-12-26,FANG,18.75,19.0,18.270000457763672,18.649999618530277,14.521154403686523,81300
2012-12-27,FANG,18.56999969482422,19.489999771118164,18.38999938964844,18.540000915527344,14.435507774353027,162100
2012-12-27,FANG,18.56999969482422,19.489999771118164,18.38999938964844,18.540000915527344,14.435507774353027,162100
2012-12-28,FANG,18.40999984741211,18.920000076293945,18.309999465942383,18.780000686645508,14.622371673583984,66400
2012-12-28,FANG,18.40999984741211,18.920000076293945,18.309999465942383,18.780000686645508,14.622371673583984,66400
2012-12-31,FANG,18.739999771118164,19.21999931335449,18.56999969482422,19.1200008392334,14.887104034423828,125600
2012-12-31,FANG,18.739999771118164,19.21999931335449,18.56999969482422,19.1200008392334,14.887104034423828,125600
2013-01-02,FANG,19.459999084472656,19.920000076293945,18.600000381469727,19.239999771118164,14.980533599853516,189700
2013-01-02,FANG,19.459999084472656,19.920000076293945,18.600000381469727,19.239999771118164,14.980533599853516,189700
2013-01-03,FANG,19.239999771118164,19.459999084472656,18.649999618530277,19.13999938964844,14.902671813964844,89100
2013-01-03,FANG,19.239999771118164,19.459999084472656,18.649999618530277,19.13999938964844,14.902671813964844,89100
2013-01-04,FANG,19.25,20.489999771118164,18.96999931335449,20.049999237060547,15.611209869384766,173300
2013-01-04,FANG,19.25,20.489999771118164,18.96999931335449,20.049999237060547,15.611209869384766,173300
2013-01-07,FANG,19.88999938964844,21.239999771118164,19.63999938964844,20.770000457763672,16.171812057495117,210300
2013-01-07,FANG,19.88999938964844,21.239999771118164,19.63999938964844,20.770000457763672,16.171812057495117,210300
2013-01-08,FANG,20.690000534057617,21.100000381469727,20.3799991607666,20.600000381469727,16.039453506469727,229400
2013-01-08,FANG,20.690000534057617,21.100000381469727,20.3799991607666,20.600000381469727,16.039453506469727,229400
2013-01-09,FANG,20.709999084472656,20.96999931335449,20.399999618530277,20.46999931335449,15.938231468200684,171800
2013-01-09,FANG,20.709999084472656,20.96999931335449,20.399999618530277,20.46999931335449,15.938231468200684,171800
2013-01-10,FANG,20.540000915527344,21.989999771118164,20.34000015258789,21.6299991607666,16.841419219970703,235200
2013-01-10,FANG,20.540000915527344,21.989999771118164,20.34000015258789,21.6299991607666,16.841419219970703,235200
2013-01-11,FANG,21.600000381469727,21.780000686645508,20.549999237060547,21.670000076293945,16.872568130493164,166300
2013-01-11,FANG,21.600000381469727,21.780000686645508,20.549999237060547,21.670000076293945,16.872568130493164,166300
2013-01-14,FANG,21.68000030517578,22.46999931335449,21.68000030517578,21.799999237060547,16.973785400390625,130400
2013-01-14,FANG,21.68000030517578,22.46999931335449,21.68000030517578,21.799999237060547,16.973785400390625,130400
2013-01-15,FANG,21.670000076293945,22.899999618530277,21.170000076293945,21.71999931335449,16.911495208740234,59300
2013-01-15,FANG,21.670000076293945,22.899999618530277,21.170000076293945,21.71999931335449,16.911495208740234,59300
2013-01-16,FANG,21.07999992370605,21.520000457763672,20.059999465942383,21.280000686645508,16.568912506103516,239500
2013-01-16,FANG,21.07999992370605,21.520000457763672,20.059999465942383,21.280000686645508,16.568912506103516,239500
2013-01-17,FANG,21.3700008392334,21.809999465942383,20.76000022888184,21.1200008392334,16.4443302154541,129800
2013-01-17,FANG,21.3700008392334,21.809999465942383,20.76000022888184,21.1200008392334,16.4443302154541,129800
2013-01-18,FANG,21.170000076293945,21.790000915527344,20.309999465942383,20.540000915527344,15.99273681640625,119400
2013-01-18,FANG,21.170000076293945,21.790000915527344,20.309999465942383,20.540000915527344,15.99273681640625,119400
2013-01-22,FANG,20.600000381469727,21.88999938964844,20.600000381469727,21.790000915527344,16.96600341796875,160100
2013-01-22,FANG,20.600000381469727,21.88999938964844,20.600000381469727,21.790000915527344,16.96600341796875,160100
2013-01-23,FANG,21.739999771118164,21.739999771118164,20.950000762939453,21.43000030517578,16.68569564819336,42700
2013-01-23,FANG,21.739999771118164,21.739999771118164,20.950000762939453,21.43000030517578,16.68569564819336,42700
2013-01-24,FANG,21.239999771118164,22.59000015258789,21.190000534057617,21.43000030517578,16.68569564819336,114500
2013-01-24,FANG,21.239999771118164,22.59000015258789,21.190000534057617,21.43000030517578,16.68569564819336,114500
2013-01-25,FANG,21.549999237060547,22.709999084472656,21.549999237060547,22.0,17.129505157470703,71200
2013-01-25,FANG,21.549999237060547,22.709999084472656,21.549999237060547,22.0,17.129505157470703,71200
2013-01-28,FANG,22.200000762939453,22.25,21.34000015258789,21.63999938964844,16.849210739135742,91000
2013-01-28,FANG,22.200000762939453,22.25,21.34000015258789,21.63999938964844,16.849210739135742,91000
2013-01-29,FANG,21.68000030517578,22.15999984741211,21.6299991607666,22.1299991607666,17.230724334716797,113700
2013-01-29,FANG,21.68000030517578,22.15999984741211,21.6299991607666,22.1299991607666,17.230724334716797,113700
2013-01-30,FANG,22.040000915527344,22.8799991607666,22.040000915527344,22.670000076293945,17.65118408203125,340500
2013-01-30,FANG,22.040000915527344,22.8799991607666,22.040000915527344,22.670000076293945,17.65118408203125,340500
2013-01-31,FANG,22.530000686645508,22.530000686645508,21.549999237060547,22.420000076293945,17.456527709960938,260400
2013-01-31,FANG,22.530000686645508,22.530000686645508,21.549999237060547,22.420000076293945,17.456527709960938,260400
2013-02-01,FANG,22.559999465942383,22.950000762939453,22.36000061035156,22.700000762939453,17.67453956604004,93600
2013-02-01,FANG,22.559999465942383,22.950000762939453,22.36000061035156,22.700000762939453,17.67453956604004,93600
2013-02-04,FANG,22.649999618530277,22.709999084472656,21.850000381469727,22.540000915527344,17.549962997436523,80100
2013-02-04,FANG,22.649999618530277,22.709999084472656,21.850000381469727,22.540000915527344,17.549962997436523,80100
2013-02-05,FANG,22.57999992370605,22.649999618530277,22.15999984741211,22.6299991607666,17.620037078857422,38700
2013-02-05,FANG,22.57999992370605,22.649999618530277,22.15999984741211,22.6299991607666,17.620037078857422,38700
2013-02-06,FANG,22.489999771118164,22.82999992370605,22.209999084472656,22.6299991607666,17.620037078857422,136100
2013-02-06,FANG,22.489999771118164,22.82999992370605,22.209999084472656,22.6299991607666,17.620037078857422,136100
2013-02-07,FANG,22.059999465942383,22.690000534057617,22.0,22.420000076293945,17.456527709960938,61300
2013-02-07,FANG,22.059999465942383,22.690000534057617,22.0,22.420000076293945,17.456527709960938,61300
2013-02-08,FANG,22.38999938964844,22.75,22.040000915527344,22.049999237060547,17.168439865112305,96400
2013-02-08,FANG,22.38999938964844,22.75,22.040000915527344,22.049999237060547,17.168439865112305,96400
2013-02-11,FANG,22.1299991607666,22.1299991607666,21.299999237060547,21.559999465942383,16.78691864013672,59100
2013-02-11,FANG,22.1299991607666,22.1299991607666,21.299999237060547,21.559999465942383,16.78691864013672,59100
2013-02-12,FANG,21.520000457763672,21.76000022888184,21.049999237060547,21.56999969482422,16.79470443725586,154700
2013-02-12,FANG,21.520000457763672,21.76000022888184,21.049999237060547,21.56999969482422,16.79470443725586,154700
2013-02-13,FANG,21.549999237060547,22.01000022888184,21.229999542236328,21.559999465942383,16.78691864013672,321700
2013-02-13,FANG,21.549999237060547,22.01000022888184,21.229999542236328,21.559999465942383,16.78691864013672,321700
2013-02-14,FANG,21.549999237060547,22.93000030517578,21.549999237060547,22.0,17.129505157470703,379500
2013-02-14,FANG,21.549999237060547,22.93000030517578,21.549999237060547,22.0,17.129505157470703,379500
2013-02-15,FANG,22.06999969482422,22.649999618530277,21.700000762939453,22.299999237060547,17.36309242248535,146500
2013-02-15,FANG,22.06999969482422,22.649999618530277,21.700000762939453,22.299999237060547,17.36309242248535,146500
2013-02-19,FANG,22.31999969482422,22.81999969482422,22.229999542236328,22.81999969482422,17.767974853515625,102000
2013-02-19,FANG,22.31999969482422,22.81999969482422,22.229999542236328,22.81999969482422,17.767974853515625,102000
2013-02-20,FANG,22.809999465942383,23.280000686645508,21.209999084472656,21.280000686645508,16.568912506103516,96200
2013-02-20,FANG,22.809999465942383,23.280000686645508,21.209999084472656,21.280000686645508,16.568912506103516,96200
2013-02-21,FANG,21.290000915527344,21.290000915527344,20.549999237060547,20.729999542236328,16.140666961669922,76900
2013-02-21,FANG,21.290000915527344,21.290000915527344,20.549999237060547,20.729999542236328,16.140666961669922,76900
2013-02-22,FANG,22.25,22.6299991607666,20.229999542236328,20.979999542236328,16.33531951904297,310600
2013-02-22,FANG,22.25,22.6299991607666,20.229999542236328,20.979999542236328,16.33531951904297,310600
2013-02-25,FANG,21.0,21.07999992370605,19.56999969482422,19.739999771118164,15.369842529296877,167600
2013-02-25,FANG,21.0,21.07999992370605,19.56999969482422,19.739999771118164,15.369842529296877,167600
2013-02-26,FANG,19.84000015258789,20.520000457763672,19.700000762939453,20.049999237060547,15.611209869384766,119300
2013-02-26,FANG,19.84000015258789,20.520000457763672,19.700000762939453,20.049999237060547,15.611209869384766,119300
2013-02-27,FANG,20.09000015258789,21.5,19.850000381469727,20.959999084472656,16.31975555419922,158500
2013-02-27,FANG,20.09000015258789,21.5,19.850000381469727,20.959999084472656,16.31975555419922,158500
2013-02-28,FANG,20.979999542236328,23.309999465942383,20.200000762939453,22.709999084472656,17.682327270507812,205000
2013-02-28,FANG,20.979999542236328,23.309999465942383,20.200000762939453,22.709999084472656,17.682327270507812,205000
2013-03-01,FANG,22.5,22.809999465942383,21.90999984741211,22.34000015258789,17.394237518310547,46000
2013-03-01,FANG,22.5,22.809999465942383,21.90999984741211,22.34000015258789,17.394237518310547,46000
2013-03-04,FANG,22.3700008392334,22.8700008392334,21.82999992370605,22.38999938964844,17.43316650390625,39000
2013-03-04,FANG,22.3700008392334,22.8700008392334,21.82999992370605,22.38999938964844,17.43316650390625,39000
2013-03-05,FANG,22.40999984741211,23.8799991607666,22.38999938964844,23.700000762939453,18.453155517578125,108700
2013-03-05,FANG,22.40999984741211,23.8799991607666,22.38999938964844,23.700000762939453,18.453155517578125,108700
2013-03-06,FANG,23.82999992370605,24.030000686645508,23.3799991607666,23.549999237060547,18.33636283874512,13800
2013-03-06,FANG,23.82999992370605,24.030000686645508,23.3799991607666,23.549999237060547,18.33636283874512,13800
2013-03-07,FANG,23.5,24.88999938964844,22.530000686645508,24.51000022888184,19.083829879760746,129700
2013-03-07,FANG,23.5,24.88999938964844,22.530000686645508,24.51000022888184,19.083829879760746,129700
2013-03-08,FANG,24.770000457763672,24.959999084472656,23.88999938964844,24.899999618530277,19.38749122619629,127200
2013-03-08,FANG,24.770000457763672,24.959999084472656,23.88999938964844,24.899999618530277,19.38749122619629,127200
2013-03-11,FANG,24.920000076293945,24.989999771118164,24.07999992370605,24.489999771118164,19.06826400756836,218100
2013-03-11,FANG,24.920000076293945,24.989999771118164,24.07999992370605,24.489999771118164,19.06826400756836,218100
2013-03-12,FANG,24.520000457763672,24.989999771118164,24.299999237060547,24.93000030517578,19.41084671020508,107300
2013-03-12,FANG,24.520000457763672,24.989999771118164,24.299999237060547,24.93000030517578,19.41084671020508,107300
2013-03-13,FANG,24.8700008392334,26.38999938964844,24.670000076293945,25.75,20.04931259155273,308800
2013-03-13,FANG,24.8700008392334,26.38999938964844,24.670000076293945,25.75,20.04931259155273,308800
2013-03-14,FANG,25.86000061035156,25.86000061035156,24.21999931335449,24.86000061035156,19.35634422302246,153000
2013-03-14,FANG,25.86000061035156,25.86000061035156,24.21999931335449,24.86000061035156,19.35634422302246,153000
2013-03-15,FANG,24.920000076293945,24.959999084472656,23.5,24.149999618530277,18.803529739379883,186000
2013-03-15,FANG,24.920000076293945,24.959999084472656,23.5,24.149999618530277,18.803529739379883,186000
2013-03-18,FANG,23.8700008392334,24.549999237060547,23.6299991607666,23.989999771118164,18.67895126342773,38800
2013-03-18,FANG,23.8700008392334,24.549999237060547,23.6299991607666,23.989999771118164,18.67895126342773,38800
2013-03-19,FANG,24.229999542236328,25.13999938964844,23.56999969482422,23.76000022888184,18.4998722076416,87200
2013-03-19,FANG,24.229999542236328,25.13999938964844,23.56999969482422,23.76000022888184,18.4998722076416,87200
2013-03-20,FANG,24.040000915527344,24.299999237060547,23.649999618530277,24.0,18.68674087524414,81000
2013-03-20,FANG,24.040000915527344,24.299999237060547,23.649999618530277,24.0,18.68674087524414,81000
2013-03-21,FANG,23.920000076293945,24.46999931335449,23.88999938964844,24.309999465942383,18.92810440063477,133000
2013-03-21,FANG,23.920000076293945,24.46999931335449,23.88999938964844,24.309999465942383,18.92810440063477,133000
2013-03-22,FANG,24.38999938964844,24.6200008392334,24.239999771118164,24.549999237060547,19.114971160888672,48100
2013-03-22,FANG,24.38999938964844,24.6200008392334,24.239999771118164,24.549999237060547,19.114971160888672,48100
2013-03-25,FANG,24.690000534057617,25.32999992370605,24.6200008392334,25.200000762939453,19.621074676513672,197000
2013-03-25,FANG,24.690000534057617,25.32999992370605,24.6200008392334,25.200000762939453,19.621074676513672,197000
2013-03-26,FANG,25.229999542236328,25.8700008392334,25.07999992370605,25.649999618530277,19.97144889831543,191400
2013-03-26,FANG,25.229999542236328,25.8700008392334,25.07999992370605,25.649999618530277,19.97144889831543,191400
2013-03-27,FANG,25.440000534057617,26.270000457763672,25.440000534057617,26.11000061035156,20.32961082458496,83600
2013-03-27,FANG,25.440000534057617,26.270000457763672,25.440000534057617,26.11000061035156,20.32961082458496,83600
2013-03-28,FANG,26.239999771118164,27.209999084472656,26.040000915527344,26.84000015258789,20.89800453186035,157500
2013-03-28,FANG,26.239999771118164,27.209999084472656,26.040000915527344,26.84000015258789,20.89800453186035,157500
2013-04-01,FANG,26.93000030517578,27.96999931335449,26.93000030517578,27.399999618530277,21.334022521972656,216600
2013-04-01,FANG,26.93000030517578,27.96999931335449,26.93000030517578,27.399999618530277,21.334022521972656,216600
2013-04-02,FANG,27.46999931335449,27.88999938964844,26.75,27.040000915527344,21.0537223815918,493300
2013-04-02,FANG,27.46999931335449,27.88999938964844,26.75,27.040000915527344,21.0537223815918,493300
2013-04-03,FANG,27.049999237060547,27.049999237060547,24.479999542236328,24.920000076293945,19.40306663513184,526600
2013-04-03,FANG,27.049999237060547,27.049999237060547,24.479999542236328,24.920000076293945,19.40306663513184,526600
2013-04-04,FANG,24.8700008392334,25.270000457763672,23.82999992370605,25.049999237060547,19.504281997680664,135100
2013-04-04,FANG,24.8700008392334,25.270000457763672,23.82999992370605,25.049999237060547,19.504281997680664,135100
2013-04-05,FANG,24.690000534057617,25.3700008392334,24.56999969482422,25.18000030517578,19.60550308227539,56400
2013-04-05,FANG,24.690000534057617,25.3700008392334,24.56999969482422,25.18000030517578,19.60550308227539,56400
2013-04-08,FANG,25.170000076293945,26.350000381469727,25.020000457763672,26.049999237060547,20.28289604187012,144200
2013-04-08,FANG,25.170000076293945,26.350000381469727,25.020000457763672,26.049999237060547,20.28289604187012,144200
2013-04-09,FANG,26.299999237060547,27.38999938964844,26.13999938964844,26.76000022888184,20.83571052551269,285300
2013-04-09,FANG,26.299999237060547,27.38999938964844,26.13999938964844,26.76000022888184,20.83571052551269,285300
2013-04-10,FANG,26.75,27.239999771118164,25.920000076293945,26.07999992370605,20.306251525878903,230100
2013-04-10,FANG,26.75,27.239999771118164,25.920000076293945,26.07999992370605,20.306251525878903,230100
2013-04-11,FANG,26.13999938964844,26.700000762939453,25.100000381469727,26.5,20.63327407836914,165600
2013-04-11,FANG,26.13999938964844,26.700000762939453,25.100000381469727,26.5,20.63327407836914,165600
2013-04-12,FANG,26.5,27.049999237060547,26.229999542236328,26.6299991607666,20.73448944091797,275800
2013-04-12,FANG,26.5,27.049999237060547,26.229999542236328,26.6299991607666,20.73448944091797,275800
2013-04-15,FANG,26.36000061035156,26.36000061035156,25.01000022888184,25.799999237060547,20.08824157714844,378800
2013-04-15,FANG,26.36000061035156,26.36000061035156,25.01000022888184,25.799999237060547,20.08824157714844,378800
2013-04-16,FANG,26.06999969482422,26.770000457763672,25.86000061035156,26.739999771118164,20.82013893127441,166300
2013-04-16,FANG,26.06999969482422,26.770000457763672,25.86000061035156,26.739999771118164,20.82013893127441,166300
2013-04-17,FANG,26.51000022888184,26.540000915527344,25.40999984741211,25.799999237060547,20.08824157714844,160000
2013-04-17,FANG,26.51000022888184,26.540000915527344,25.40999984741211,25.799999237060547,20.08824157714844,160000
2013-04-18,FANG,25.90999984741211,26.670000076293945,25.459999084472656,26.51000022888184,20.64105796813965,74100
2013-04-18,FANG,25.90999984741211,26.670000076293945,25.459999084472656,26.51000022888184,20.64105796813965,74100
2013-04-19,FANG,26.75,26.81999969482422,26.09000015258789,26.21999931335449,20.41526222229004,126900
2013-04-19,FANG,26.75,26.81999969482422,26.09000015258789,26.21999931335449,20.41526222229004,126900
2013-04-22,FANG,26.350000381469727,27.34000015258789,26.209999084472656,26.979999542236328,21.007007598876957,149300
2013-04-22,FANG,26.350000381469727,27.34000015258789,26.209999084472656,26.979999542236328,21.007007598876957,149300
2013-04-23,FANG,27.049999237060547,27.690000534057617,26.959999084472656,27.489999771118164,21.404102325439453,107100
2013-04-23,FANG,27.049999237060547,27.690000534057617,26.959999084472656,27.489999771118164,21.404102325439453,107100
2013-04-24,FANG,27.43000030517578,27.6200008392334,27.040000915527344,27.100000381469727,21.10044288635254,77900
2013-04-24,FANG,27.43000030517578,27.6200008392334,27.040000915527344,27.100000381469727,21.10044288635254,77900
2013-04-25,FANG,27.51000022888184,27.68000030517578,27.170000076293945,27.299999237060547,21.256160736083984,68500
2013-04-25,FANG,27.51000022888184,27.68000030517578,27.170000076293945,27.299999237060547,21.256160736083984,68500
2013-04-26,FANG,27.290000915527344,27.3700008392334,26.350000381469727,26.8799991607666,20.929147720336918,147000
2013-04-26,FANG,27.290000915527344,27.3700008392334,26.350000381469727,26.8799991607666,20.929147720336918,147000
2013-04-29,FANG,26.979999542236328,26.979999542236328,25.780000686645508,26.040000915527344,20.275108337402344,343500
2013-04-29,FANG,26.979999542236328,26.979999542236328,25.780000686645508,26.040000915527344,20.275108337402344,343500
2013-04-30,FANG,26.459999084472656,26.739999771118164,26.1299991607666,26.26000022888184,20.446399688720703,171600
2013-04-30,FANG,26.459999084472656,26.739999771118164,26.1299991607666,26.26000022888184,20.446399688720703,171600
2013-05-01,FANG,26.100000381469727,27.01000022888184,25.950000762939453,26.440000534057617,20.58655166625977,347100
2013-05-01,FANG,26.100000381469727,27.01000022888184,25.950000762939453,26.440000534057617,20.58655166625977,347100
2013-05-02,FANG,26.459999084472656,27.25,26.459999084472656,27.100000381469727,21.10044288635254,168400
2013-05-02,FANG,26.459999084472656,27.25,26.459999084472656,27.100000381469727,21.10044288635254,168400
2013-05-03,FANG,27.440000534057617,27.65999984741211,27.15999984741211,27.479999542236328,21.396316528320312,86000
2013-05-03,FANG,27.440000534057617,27.65999984741211,27.15999984741211,27.479999542236328,21.396316528320312,86000
2013-05-06,FANG,27.57999992370605,29.399999618530277,27.57999992370605,28.76000022888184,22.3929386138916,393000
2013-05-06,FANG,27.57999992370605,29.399999618530277,27.57999992370605,28.76000022888184,22.3929386138916,393000
2013-05-07,FANG,28.709999084472656,28.809999465942383,27.8799991607666,28.540000915527344,22.22164726257324,264200
2013-05-07,FANG,28.709999084472656,28.809999465942383,27.8799991607666,28.540000915527344,22.22164726257324,264200
2013-05-08,FANG,28.3799991607666,29.75,27.51000022888184,29.530000686645508,22.99247169494629,200900
2013-05-08,FANG,28.3799991607666,29.75,27.51000022888184,29.530000686645508,22.99247169494629,200900
2013-05-09,FANG,29.56999969482422,29.670000076293945,28.46999931335449,28.68000030517578,22.33065414428711,189700
2013-05-09,FANG,29.56999969482422,29.670000076293945,28.46999931335449,28.68000030517578,22.33065414428711,189700
2013-05-10,FANG,28.649999618530277,28.700000762939453,27.90999984741211,28.57999992370605,22.25279235839844,89400
2013-05-10,FANG,28.649999618530277,28.700000762939453,27.90999984741211,28.57999992370605,22.25279235839844,89400
2013-05-13,FANG,28.459999084472656,29.0,28.350000381469727,28.65999984741211,22.315082550048828,51700
2013-05-13,FANG,28.459999084472656,29.0,28.350000381469727,28.65999984741211,22.315082550048828,51700
2013-05-14,FANG,28.61000061035156,28.90999984741211,28.530000686645508,28.8700008392334,22.47858619689941,73700
2013-05-14,FANG,28.61000061035156,28.90999984741211,28.530000686645508,28.8700008392334,22.47858619689941,73700
2013-05-15,FANG,28.290000915527344,29.770000457763672,27.190000534057617,29.479999542236328,22.953540802001957,599000
2013-05-15,FANG,28.290000915527344,29.770000457763672,27.190000534057617,29.479999542236328,22.953540802001957,599000
2013-05-16,FANG,31.170000076293945,31.600000381469727,29.729999542236328,29.940000534057617,23.31170654296875,3939200
2013-05-16,FANG,31.170000076293945,31.600000381469727,29.729999542236328,29.940000534057617,23.31170654296875,3939200
2013-05-17,FANG,30.520000457763672,32.40999984741211,30.200000762939453,31.43000030517578,24.471837997436523,914000
2013-05-17,FANG,30.520000457763672,32.40999984741211,30.200000762939453,31.43000030517578,24.471837997436523,914000
2013-05-20,FANG,31.6200008392334,32.25,31.239999771118164,32.029998779296875,24.93900489807129,545100
2013-05-20,FANG,31.6200008392334,32.25,31.239999771118164,32.029998779296875,24.93900489807129,545100
2013-05-21,FANG,32.400001525878906,32.400001525878906,31.229999542236328,31.709999084472656,24.689849853515625,295800
2013-05-21,FANG,32.400001525878906,32.400001525878906,31.229999542236328,31.709999084472656,24.689849853515625,295800
2013-05-22,FANG,32.25,34.84000015258789,31.8700008392334,32.540000915527344,25.336101531982425,876400
2013-05-22,FANG,32.25,34.84000015258789,31.8700008392334,32.540000915527344,25.336101531982425,876400
2013-05-23,FANG,31.979999542236328,34.29999923706055,31.520000457763672,33.27000045776367,25.904489517211918,609700
2013-05-23,FANG,31.979999542236328,34.29999923706055,31.520000457763672,33.27000045776367,25.904489517211918,609700
2013-05-24,FANG,33.38999938964844,34.66999816894531,32.77000045776367,34.31999969482422,26.722036361694336,792300
2013-05-24,FANG,33.38999938964844,34.66999816894531,32.77000045776367,34.31999969482422,26.722036361694336,792300
2013-05-28,FANG,34.77000045776367,35.90999984741211,34.310001373291016,34.95000076293945,27.212556838989254,383300
2013-05-28,FANG,34.77000045776367,35.90999984741211,34.310001373291016,34.95000076293945,27.212556838989254,383300
2013-05-29,FANG,34.810001373291016,35.310001373291016,34.310001373291016,34.959999084472656,27.220346450805664,230000
2013-05-29,FANG,34.810001373291016,35.310001373291016,34.310001373291016,34.959999084472656,27.220346450805664,230000
2013-05-30,FANG,34.779998779296875,35.650001525878906,34.400001525878906,34.95000076293945,27.212556838989254,355500
2013-05-30,FANG,34.779998779296875,35.650001525878906,34.400001525878906,34.95000076293945,27.212556838989254,355500
2013-05-31,FANG,34.630001068115234,35.22999954223633,33.66999816894531,33.77000045776367,26.293800354003903,596800
2013-05-31,FANG,34.630001068115234,35.22999954223633,33.66999816894531,33.77000045776367,26.293800354003903,596800
2013-06-03,FANG,33.65999984741211,34.75,32.880001068115234,34.599998474121094,26.94004440307617,338800
2013-06-03,FANG,33.65999984741211,34.75,32.880001068115234,34.599998474121094,26.94004440307617,338800
2013-06-04,FANG,34.619998931884766,35.43000030517578,33.599998474121094,34.08000183105469,26.535165786743164,175200
2013-06-04,FANG,34.619998931884766,35.43000030517578,33.599998474121094,34.08000183105469,26.535165786743164,175200
2013-06-05,FANG,34.27000045776367,34.68000030517578,33.81999969482422,33.939998626708984,26.42615509033203,165100
2013-06-05,FANG,34.27000045776367,34.68000030517578,33.81999969482422,33.939998626708984,26.42615509033203,165100
2013-06-06,FANG,33.880001068115234,35.869998931884766,33.61000061035156,34.58000183105469,26.92447853088379,110100
2013-06-06,FANG,33.880001068115234,35.869998931884766,33.61000061035156,34.58000183105469,26.92447853088379,110100
2013-06-07,FANG,34.849998474121094,35.63999938964844,34.150001525878906,35.45000076293945,27.60187530517578,135000
2013-06-07,FANG,34.849998474121094,35.63999938964844,34.150001525878906,35.45000076293945,27.60187530517578,135000
2013-06-10,FANG,34.560001373291016,35.560001373291016,33.5,34.7400016784668,27.049049377441406,234400
2013-06-10,FANG,34.560001373291016,35.560001373291016,33.5,34.7400016784668,27.049049377441406,234400
2013-06-11,FANG,34.560001373291016,35.2400016784668,34.18000030517578,34.459999084472656,26.831037521362305,123300
2013-06-11,FANG,34.560001373291016,35.2400016784668,34.18000030517578,34.459999084472656,26.831037521362305,123300
2013-06-12,FANG,34.75,35.040000915527344,34.189998626708984,34.43000030517578,26.807680130004883,65700
2013-06-12,FANG,34.75,35.040000915527344,34.189998626708984,34.43000030517578,26.807680130004883,65700
2013-06-13,FANG,34.540000915527344,35.29999923706055,33.41999816894531,34.970001220703125,27.22813415527344,282100
2013-06-13,FANG,34.540000915527344,35.29999923706055,33.41999816894531,34.970001220703125,27.22813415527344,282100
2013-06-14,FANG,34.959999084472656,35.630001068115234,34.599998474121094,34.88999938964844,27.16584014892578,145900
2013-06-14,FANG,34.959999084472656,35.630001068115234,34.599998474121094,34.88999938964844,27.16584014892578,145900
2013-06-17,FANG,35.2400016784668,35.279998779296875,33.790000915527344,34.45000076293945,26.823257446289062,186800
2013-06-17,FANG,35.2400016784668,35.279998779296875,33.790000915527344,34.45000076293945,26.823257446289062,186800
2013-06-18,FANG,33.849998474121094,35.470001220703125,33.20000076293945,35.0099983215332,27.259279251098636,611200
2013-06-18,FANG,33.849998474121094,35.470001220703125,33.20000076293945,35.0099983215332,27.259279251098636,611200
2013-06-19,FANG,35.2400016784668,35.47999954223633,34.150001525878906,34.61000061035156,26.947837829589844,3342600
2013-06-19,FANG,35.2400016784668,35.47999954223633,34.150001525878906,34.61000061035156,26.947837829589844,3342600
2013-06-20,FANG,34.310001373291016,34.310001373291016,32.470001220703125,32.63999938964844,25.413965225219727,642000
2013-06-20,FANG,34.310001373291016,34.310001373291016,32.470001220703125,32.63999938964844,25.413965225219727,642000
2013-06-21,FANG,32.79999923706055,33.5099983215332,31.600000381469727,33.150001525878906,25.811058044433597,1297800
2013-06-21,FANG,32.79999923706055,33.5099983215332,31.600000381469727,33.150001525878906,25.811058044433597,1297800
2013-06-24,FANG,32.90999984741211,32.90999984741211,30.76000022888184,32.02000045776367,24.93122291564941,797600
2013-06-24,FANG,32.90999984741211,32.90999984741211,30.76000022888184,32.02000045776367,24.93122291564941,797600
2013-06-25,FANG,32.59000015258789,33.349998474121094,31.489999771118164,32.91999816894531,25.631975173950195,406000
2013-06-25,FANG,32.59000015258789,33.349998474121094,31.489999771118164,32.91999816894531,25.631975173950195,406000
2013-06-26,FANG,33.2400016784668,33.72999954223633,32.9900016784668,33.650001525878906,26.200363159179688,325100
2013-06-26,FANG,33.2400016784668,33.72999954223633,32.9900016784668,33.650001525878906,26.200363159179688,325100
2013-06-27,FANG,33.709999084472656,33.77000045776367,32.959999084472656,33.060001373291016,25.7409782409668,290800
2013-06-27,FANG,33.709999084472656,33.77000045776367,32.959999084472656,33.060001373291016,25.7409782409668,290800
2013-06-28,FANG,33.150001525878906,33.68000030517578,32.61000061035156,33.31999969482422,25.943418502807617,902100
2013-06-28,FANG,33.150001525878906,33.68000030517578,32.61000061035156,33.31999969482422,25.943418502807617,902100
2013-07-01,FANG,33.4900016784668,34.650001525878906,33.41999816894531,34.27000045776367,26.683103561401367,245100
2013-07-01,FANG,33.4900016784668,34.650001525878906,33.41999816894531,34.27000045776367,26.683103561401367,245100
2013-07-02,FANG,34.11000061035156,34.68000030517578,33.5099983215332,34.560001373291016,26.90890121459961,119600
2013-07-02,FANG,34.11000061035156,34.68000030517578,33.5099983215332,34.560001373291016,26.90890121459961,119600
2013-07-03,FANG,34.529998779296875,36.2400016784668,34.20000076293945,35.20000076293945,27.407209396362305,192200
2013-07-03,FANG,34.529998779296875,36.2400016784668,34.20000076293945,35.20000076293945,27.407209396362305,192200
2013-07-05,FANG,35.7400016784668,36.220001220703125,34.75,35.88999938964844,27.944459915161133,224700
2013-07-05,FANG,35.7400016784668,36.220001220703125,34.75,35.88999938964844,27.944459915161133,224700
2013-07-08,FANG,36.06999969482422,37.79999923706055,35.63999938964844,36.09999847412109,28.10796165466309,498600
2013-07-08,FANG,36.06999969482422,37.79999923706055,35.63999938964844,36.09999847412109,28.10796165466309,498600
2013-07-09,FANG,36.45000076293945,36.93000030517578,35.790000915527344,36.5,28.41941261291504,280100
2013-07-09,FANG,36.45000076293945,36.93000030517578,35.790000915527344,36.5,28.41941261291504,280100
2013-07-10,FANG,36.540000915527344,37.25,35.81999969482422,37.15999984741211,28.93329620361328,284000
2013-07-10,FANG,36.540000915527344,37.25,35.81999969482422,37.15999984741211,28.93329620361328,284000
2013-07-11,FANG,38.130001068115234,38.130001068115234,37.33000183105469,37.59999847412109,29.27589225769043,320000
2013-07-11,FANG,38.130001068115234,38.130001068115234,37.33000183105469,37.59999847412109,29.27589225769043,320000
2013-07-12,FANG,37.38999938964844,37.66999816894531,36.22999954223633,37.25,29.003381729125977,117800
2013-07-12,FANG,37.38999938964844,37.66999816894531,36.22999954223633,37.25,29.003381729125977,117800
2013-07-15,FANG,37.20000076293945,37.83000183105469,36.22999954223633,37.27000045776367,29.018949508666992,243200
2013-07-15,FANG,37.20000076293945,37.83000183105469,36.22999954223633,37.27000045776367,29.018949508666992,243200
2013-07-16,FANG,37.18000030517578,37.90999984741211,36.619998931884766,37.709999084472656,29.36153793334961,213300
2013-07-16,FANG,37.18000030517578,37.90999984741211,36.619998931884766,37.709999084472656,29.36153793334961,213300
2013-07-17,FANG,37.18999862670898,38.869998931884766,37.18999862670898,37.65999984741211,29.32260131835937,207500
2013-07-17,FANG,37.18999862670898,38.869998931884766,37.18999862670898,37.65999984741211,29.32260131835937,207500
2013-07-18,FANG,37.54999923706055,39.45000076293945,37.459999084472656,38.08000183105469,29.649620056152344,294500
2013-07-18,FANG,37.54999923706055,39.45000076293945,37.459999084472656,38.08000183105469,29.649620056152344,294500
2013-07-19,FANG,38.150001525878906,39.79999923706055,37.369998931884766,39.36000061035156,30.6462516784668,348100
2013-07-19,FANG,38.150001525878906,39.79999923706055,37.369998931884766,39.36000061035156,30.6462516784668,348100
2013-07-22,FANG,39.11000061035156,39.61000061035156,38.54999923706055,39.470001220703125,30.731904983520508,150900
2013-07-22,FANG,39.11000061035156,39.61000061035156,38.54999923706055,39.470001220703125,30.731904983520508,150900
2013-07-23,FANG,39.900001525878906,40.0,38.66999816894531,38.790000915527344,30.20243453979492,182500
2013-07-23,FANG,39.900001525878906,40.0,38.66999816894531,38.790000915527344,30.20243453979492,182500
2013-07-24,FANG,38.91999816894531,39.0099983215332,37.06999969482422,37.40999984741211,29.127944946289062,252800
2013-07-24,FANG,38.91999816894531,39.0099983215332,37.06999969482422,37.40999984741211,29.127944946289062,252800
2013-07-25,FANG,37.2599983215332,38.2400016784668,37.09999847412109,37.75,29.39268112182617,222700
2013-07-25,FANG,37.2599983215332,38.2400016784668,37.09999847412109,37.75,29.39268112182617,222700
2013-07-26,FANG,37.5,39.13999938964844,37.150001525878906,37.470001220703125,29.174671173095703,244100
2013-07-26,FANG,37.5,39.13999938964844,37.150001525878906,37.470001220703125,29.174671173095703,244100
2013-07-29,FANG,37.5,37.81999969482422,36.95000076293945,37.66999816894531,29.330381393432617,82200
2013-07-29,FANG,37.5,37.81999969482422,36.95000076293945,37.66999816894531,29.330381393432617,82200
2013-07-30,FANG,37.77000045776367,37.88999938964844,36.77999877929688,37.83000183105469,29.45497131347656,137400
2013-07-30,FANG,37.77000045776367,37.88999938964844,36.77999877929688,37.83000183105469,29.45497131347656,137400
2013-07-31,FANG,37.959999084472656,39.29999923706055,37.29999923706055,38.18000030517578,29.727479934692383,149800
2013-07-31,FANG,37.959999084472656,39.29999923706055,37.29999923706055,38.18000030517578,29.727479934692383,149800
2013-08-01,FANG,39.27999877929688,43.400001525878906,39.27999877929688,42.61000061035156,33.17674255371094,973200
2013-08-01,FANG,39.27999877929688,43.400001525878906,39.27999877929688,42.61000061035156,33.17674255371094,973200
2013-08-02,FANG,42.43999862670898,43.52000045776367,41.59999847412109,42.650001525878906,33.20789337158203,509800
2013-08-02,FANG,42.43999862670898,43.52000045776367,41.59999847412109,42.650001525878906,33.20789337158203,509800
2013-08-05,FANG,42.56999969482422,44.11000061035156,42.40999984741211,43.09999847412109,33.55826187133789,419500
2013-08-05,FANG,42.56999969482422,44.11000061035156,42.40999984741211,43.09999847412109,33.55826187133789,419500
2013-08-06,FANG,42.97999954223633,43.09000015258789,40.91999816894531,42.20000076293945,32.85751724243164,308400
2013-08-06,FANG,42.97999954223633,43.09000015258789,40.91999816894531,42.20000076293945,32.85751724243164,308400
2013-08-07,FANG,43.77000045776367,43.84000015258789,41.31999969482422,42.2400016784668,32.8886604309082,421900
2013-08-07,FANG,43.77000045776367,43.84000015258789,41.31999969482422,42.2400016784668,32.8886604309082,421900
2013-08-08,FANG,42.27999877929688,43.54999923706055,41.79999923706055,42.09000015258789,32.771854400634766,324700
2013-08-08,FANG,42.27999877929688,43.54999923706055,41.79999923706055,42.09000015258789,32.771854400634766,324700
2013-08-09,FANG,42.09999847412109,42.68999862670898,41.93000030517578,42.2400016784668,32.8886604309082,219000
2013-08-09,FANG,42.09999847412109,42.68999862670898,41.93000030517578,42.2400016784668,32.8886604309082,219000
2013-08-12,FANG,42.02000045776367,42.5,41.0,42.08000183105469,32.76407623291016,250300
2013-08-12,FANG,42.02000045776367,42.5,41.0,42.08000183105469,32.76407623291016,250300
2013-08-13,FANG,42.04999923706055,43.47999954223633,41.70000076293945,42.09000015258789,32.771854400634766,366000
2013-08-13,FANG,42.04999923706055,43.47999954223633,41.70000076293945,42.09000015258789,32.771854400634766,366000
2013-08-14,FANG,41.900001525878906,42.02999877929688,40.33000183105469,40.45000076293945,31.49494361877441,974100
2013-08-14,FANG,41.900001525878906,42.02999877929688,40.33000183105469,40.45000076293945,31.49494361877441,974100
2013-08-15,FANG,40.25,40.70000076293945,39.5,39.790000915527344,30.981054306030277,2670400
2013-08-15,FANG,40.25,40.70000076293945,39.5,39.790000915527344,30.981054306030277,2670400
2013-08-16,FANG,39.880001068115234,40.970001220703125,39.5,40.5,31.533864974975582,547800
2013-08-16,FANG,39.880001068115234,40.970001220703125,39.5,40.5,31.533864974975582,547800
2013-08-19,FANG,40.5,40.59999847412109,39.34000015258789,39.34999847412109,30.63846015930176,194700
2013-08-19,FANG,40.5,40.59999847412109,39.34000015258789,39.34999847412109,30.63846015930176,194700
2013-08-20,FANG,39.27000045776367,39.720001220703125,38.45000076293945,39.27999877929688,30.583965301513672,254900
2013-08-20,FANG,39.27000045776367,39.720001220703125,38.45000076293945,39.27999877929688,30.583965301513672,254900
2013-08-21,FANG,39.20000076293945,40.310001373291016,38.09999847412109,39.220001220703125,30.537233352661133,228600
2013-08-21,FANG,39.20000076293945,40.310001373291016,38.09999847412109,39.220001220703125,30.537233352661133,228600
2013-08-22,FANG,39.31999969482422,39.91999816894531,38.86000061035156,39.34999847412109,30.63846015930176,233800
2013-08-22,FANG,39.31999969482422,39.91999816894531,38.86000061035156,39.34999847412109,30.63846015930176,233800
2013-08-23,FANG,39.5099983215332,40.45000076293945,38.790000915527344,40.119998931884766,31.237993240356445,689700
2013-08-23,FANG,39.5099983215332,40.45000076293945,38.790000915527344,40.119998931884766,31.237993240356445,689700
2013-08-26,FANG,40.33000183105469,41.25,39.54999923706055,40.0,31.14455986022949,352200
2013-08-26,FANG,40.33000183105469,41.25,39.54999923706055,40.0,31.14455986022949,352200
2013-08-27,FANG,39.56999969482422,40.90999984741211,39.16999816894531,39.88999938964844,31.058914184570312,276200
2013-08-27,FANG,39.56999969482422,40.90999984741211,39.16999816894531,39.88999938964844,31.058914184570312,276200
2013-08-28,FANG,40.13999938964844,41.75,40.09999847412109,41.5,32.31248092651367,389600
2013-08-28,FANG,40.13999938964844,41.75,40.09999847412109,41.5,32.31248092651367,389600
2013-08-29,FANG,41.27999877929688,41.459999084472656,40.13999938964844,40.43999862670898,31.48715209960937,476200
2013-08-29,FANG,41.27999877929688,41.459999084472656,40.13999938964844,40.43999862670898,31.48715209960937,476200
2013-08-30,FANG,40.5,41.0099983215332,39.41999816894531,40.2400016784668,31.33142852783203,397100
2013-08-30,FANG,40.5,41.0099983215332,39.41999816894531,40.2400016784668,31.33142852783203,397100
2013-09-03,FANG,40.810001373291016,41.810001373291016,40.810001373291016,41.65999984741211,32.43705749511719,338000
2013-09-03,FANG,40.810001373291016,41.810001373291016,40.810001373291016,41.65999984741211,32.43705749511719,338000
2013-09-04,FANG,42.709999084472656,44.380001068115234,42.060001373291016,43.34999847412109,33.75291442871094,1078600
2013-09-04,FANG,42.709999084472656,44.380001068115234,42.060001373291016,43.34999847412109,33.75291442871094,1078600
2013-09-05,FANG,43.630001068115234,44.29999923706055,43.27000045776367,43.619998931884766,33.96314239501953,268500
2013-09-05,FANG,43.630001068115234,44.29999923706055,43.27000045776367,43.619998931884766,33.96314239501953,268500
2013-09-06,FANG,43.93999862670898,43.9900016784668,42.91999816894531,43.41999816894531,33.80742263793945,403800
2013-09-06,FANG,43.93999862670898,43.9900016784668,42.91999816894531,43.41999816894531,33.80742263793945,403800
2013-09-09,FANG,43.59999847412109,44.4900016784668,43.5099983215332,44.31999969482422,34.5081787109375,284600
2013-09-09,FANG,43.59999847412109,44.4900016784668,43.5099983215332,44.31999969482422,34.5081787109375,284600
2013-09-10,FANG,44.5099983215332,45.0,43.72999954223633,44.380001068115234,34.55489730834961,270300
2013-09-10,FANG,44.5099983215332,45.0,43.72999954223633,44.380001068115234,34.55489730834961,270300
2013-09-11,FANG,44.380001068115234,45.79999923706055,44.150001525878906,45.52999877929688,35.450286865234375,322800
2013-09-11,FANG,44.380001068115234,45.79999923706055,44.150001525878906,45.52999877929688,35.450286865234375,322800
2013-09-12,FANG,45.68000030517578,46.900001525878906,45.29999923706055,46.630001068115234,36.30677795410156,451900
2013-09-12,FANG,45.68000030517578,46.900001525878906,45.29999923706055,46.630001068115234,36.30677795410156,451900
2013-09-13,FANG,46.81999969482422,47.220001220703125,45.880001068115234,46.0,35.816246032714844,591000
2013-09-13,FANG,46.81999969482422,47.220001220703125,45.880001068115234,46.0,35.816246032714844,591000
2013-09-16,FANG,46.470001220703125,46.5099983215332,44.380001068115234,44.81999969482422,34.89748001098633,492400
2013-09-16,FANG,46.470001220703125,46.5099983215332,44.380001068115234,44.81999969482422,34.89748001098633,492400
2013-09-17,FANG,44.84999847412109,45.45000076293945,44.06999969482422,44.59000015258789,34.718406677246094,583900
2013-09-17,FANG,44.84999847412109,45.45000076293945,44.06999969482422,44.59000015258789,34.718406677246094,583900
2013-09-18,FANG,45.04999923706055,45.380001068115234,43.7400016784668,44.66999816894531,34.78068923950195,441400
2013-09-18,FANG,45.04999923706055,45.380001068115234,43.7400016784668,44.66999816894531,34.78068923950195,441400
2013-09-19,FANG,44.70000076293945,45.09000015258789,43.36000061035156,44.02000045776367,34.27458953857422,264600
2013-09-19,FANG,44.70000076293945,45.09000015258789,43.36000061035156,44.02000045776367,34.27458953857422,264600
2013-09-20,FANG,43.970001220703125,44.5099983215332,41.880001068115234,42.77999877929688,33.30910873413086,1209100
2013-09-20,FANG,43.970001220703125,44.5099983215332,41.880001068115234,42.77999877929688,33.30910873413086,1209100
2013-09-23,FANG,42.5099983215332,43.75,42.31999969482422,43.54999923706055,33.908634185791016,562300
2013-09-23,FANG,42.5099983215332,43.75,42.31999969482422,43.54999923706055,33.908634185791016,562300
2013-09-24,FANG,44.25,44.63999938964844,43.5,43.630001068115234,33.97093963623047,449400
2013-09-24,FANG,44.25,44.63999938964844,43.5,43.630001068115234,33.97093963623047,449400
2013-09-25,FANG,43.84000015258789,44.119998931884766,43.34999847412109,43.7599983215332,34.0721435546875,245900
2013-09-25,FANG,43.84000015258789,44.119998931884766,43.34999847412109,43.7599983215332,34.0721435546875,245900
2013-09-26,FANG,42.810001373291016,44.060001373291016,42.810001373291016,43.97999954223633,34.243446350097656,331100
2013-09-26,FANG,42.810001373291016,44.060001373291016,42.810001373291016,43.97999954223633,34.243446350097656,331100
2013-09-27,FANG,43.560001373291016,43.7599983215332,42.86000061035156,43.150001525878906,33.59720230102539,283100
2013-09-27,FANG,43.560001373291016,43.7599983215332,42.86000061035156,43.150001525878906,33.59720230102539,283100
2013-09-30,FANG,42.470001220703125,43.18000030517578,42.040000915527344,42.63999938964844,33.200103759765625,307800
2013-09-30,FANG,42.470001220703125,43.18000030517578,42.040000915527344,42.63999938964844,33.200103759765625,307800
2013-10-01,FANG,42.61000061035156,43.790000915527344,42.61000061035156,43.41999816894531,33.80742263793945,332100
2013-10-01,FANG,42.61000061035156,43.790000915527344,42.61000061035156,43.41999816894531,33.80742263793945,332100
2013-10-02,FANG,43.09999847412109,43.86000061035156,42.18000030517578,43.220001220703125,33.65169906616211,491400
2013-10-02,FANG,43.09999847412109,43.86000061035156,42.18000030517578,43.220001220703125,33.65169906616211,491400
2013-10-03,FANG,43.25,44.08000183105469,42.25,43.83000183105469,34.12665557861328,359300
2013-10-03,FANG,43.25,44.08000183105469,42.25,43.83000183105469,34.12665557861328,359300
2013-10-04,FANG,43.81999969482422,47.36000061035156,43.68000030517578,46.0099983215332,35.82402420043945,646600
2013-10-04,FANG,43.81999969482422,47.36000061035156,43.68000030517578,46.0099983215332,35.82402420043945,646600
2013-10-07,FANG,45.45000076293945,46.709999084472656,45.150001525878906,45.7599983215332,35.62937927246094,353800
2013-10-07,FANG,45.45000076293945,46.709999084472656,45.150001525878906,45.7599983215332,35.62937927246094,353800
2013-10-08,FANG,45.7400016784668,45.970001220703125,43.45000076293945,44.560001373291016,34.69503402709961,830300
2013-10-08,FANG,45.7400016784668,45.970001220703125,43.45000076293945,44.560001373291016,34.69503402709961,830300
2013-10-09,FANG,44.66999816894531,44.93000030517578,43.02000045776367,43.380001068115234,33.77627944946289,427500
2013-10-09,FANG,44.66999816894531,44.93000030517578,43.02000045776367,43.380001068115234,33.77627944946289,427500
2013-10-10,FANG,43.93999862670898,44.91999816894531,43.470001220703125,43.68000030517578,34.00985336303711,350100
2013-10-10,FANG,43.93999862670898,44.91999816894531,43.470001220703125,43.68000030517578,34.00985336303711,350100
2013-10-11,FANG,43.41999816894531,45.310001373291016,43.22999954223633,44.70000076293945,34.804054260253906,475300
2013-10-11,FANG,43.41999816894531,45.310001373291016,43.22999954223633,44.70000076293945,34.804054260253906,475300
2013-10-14,FANG,44.5,46.650001525878906,43.91999816894531,46.52000045776367,36.22112655639648,474000
2013-10-14,FANG,44.5,46.650001525878906,43.91999816894531,46.52000045776367,36.22112655639648,474000
2013-10-15,FANG,46.470001220703125,48.31999969482422,45.470001220703125,46.84999847412109,36.47806930541992,619400
2013-10-15,FANG,46.470001220703125,48.31999969482422,45.470001220703125,46.84999847412109,36.47806930541992,619400
2013-10-16,FANG,47.18000030517578,50.47999954223633,47.18000030517578,49.52000045776367,38.55696105957031,795200
2013-10-16,FANG,47.18000030517578,50.47999954223633,47.18000030517578,49.52000045776367,38.55696105957031,795200
2013-10-17,FANG,49.45000076293945,50.380001068115234,48.54999923706055,50.18000030517578,39.07085800170898,460600
2013-10-17,FANG,49.45000076293945,50.380001068115234,48.54999923706055,50.18000030517578,39.07085800170898,460600
2013-10-18,FANG,50.63999938964844,52.38999938964844,50.25,52.18000030517578,40.62808227539063,800100
2013-10-18,FANG,50.63999938964844,52.38999938964844,50.25,52.18000030517578,40.62808227539063,800100
2013-10-21,FANG,51.790000915527344,54.16999816894531,51.04999923706055,52.75,41.07189178466797,863800
2013-10-21,FANG,51.790000915527344,54.16999816894531,51.04999923706055,52.75,41.07189178466797,863800
2013-10-22,FANG,53.369998931884766,53.959999084472656,50.16999816894531,50.31999969482422,39.17986297607422,643500
2013-10-22,FANG,53.369998931884766,53.959999084472656,50.16999816894531,50.31999969482422,39.17986297607422,643500
2013-10-23,FANG,50.04999923706055,50.060001373291016,46.27999877929688,49.09999847412109,38.229942321777344,1767500
2013-10-23,FANG,50.04999923706055,50.060001373291016,46.27999877929688,49.09999847412109,38.229942321777344,1767500
2013-10-24,FANG,49.43999862670898,54.06999969482422,49.119998931884766,54.0,42.04516220092773,1302500
2013-10-24,FANG,49.43999862670898,54.06999969482422,49.119998931884766,54.0,42.04516220092773,1302500
2013-10-25,FANG,54.72999954223633,56.15999984741211,53.0099983215332,53.31999969482422,41.51570129394531,772000
2013-10-25,FANG,54.72999954223633,56.15999984741211,53.0099983215332,53.31999969482422,41.51570129394531,772000
2013-10-28,FANG,53.72999954223633,54.810001373291016,52.7599983215332,53.52000045776367,41.67142105102539,505500
2013-10-28,FANG,53.72999954223633,54.810001373291016,52.7599983215332,53.52000045776367,41.67142105102539,505500
2013-10-29,FANG,54.20000076293945,54.790000915527344,52.93999862670898,54.06999969482422,42.09965896606445,488200
2013-10-29,FANG,54.20000076293945,54.790000915527344,52.93999862670898,54.06999969482422,42.09965896606445,488200
2013-10-30,FANG,54.0,54.66999816894531,53.25,53.709999084472656,41.81936264038086,733800
2013-10-30,FANG,54.0,54.66999816894531,53.25,53.709999084472656,41.81936264038086,733800
2013-10-31,FANG,53.5,53.5,49.5099983215332,51.650001525878906,40.21541976928711,1503800
2013-10-31,FANG,53.5,53.5,49.5099983215332,51.650001525878906,40.21541976928711,1503800
2013-11-01,FANG,51.41999816894531,51.95000076293945,48.18999862670898,50.63999938964844,39.42901992797852,910200
2013-11-01,FANG,51.41999816894531,51.95000076293945,48.18999862670898,50.63999938964844,39.42901992797852,910200
2013-11-04,FANG,50.91999816894531,53.47999954223633,49.880001068115234,53.15999984741211,41.39112091064453,1067700
2013-11-04,FANG,50.91999816894531,53.47999954223633,49.880001068115234,53.15999984741211,41.39112091064453,1067700
2013-11-05,FANG,58.52999877929688,58.709999084472656,53.59999847412109,55.13999938964844,42.93277740478516,1729800
2013-11-05,FANG,58.52999877929688,58.709999084472656,53.59999847412109,55.13999938964844,42.93277740478516,1729800
2013-11-06,FANG,55.0099983215332,55.88999938964844,52.31999969482422,53.459999084472656,41.62471389770508,1018100
2013-11-06,FANG,55.0099983215332,55.88999938964844,52.31999969482422,53.459999084472656,41.62471389770508,1018100
2013-11-07,FANG,55.06999969482422,56.0,50.5,54.0,42.04516220092773,4113200
2013-11-07,FANG,55.06999969482422,56.0,50.5,54.0,42.04516220092773,4113200
2013-11-08,FANG,53.90999984741211,54.470001220703125,53.06999969482422,53.470001220703125,41.63250732421875,1044500
2013-11-08,FANG,53.90999984741211,54.470001220703125,53.06999969482422,53.470001220703125,41.63250732421875,1044500
2013-11-11,FANG,53.70000076293945,53.88999938964844,53.09000015258789,53.290000915527344,41.49234008789063,572500
2013-11-11,FANG,53.70000076293945,53.88999938964844,53.09000015258789,53.290000915527344,41.49234008789063,572500
2013-11-12,FANG,53.04999923706055,53.41999816894531,51.7599983215332,52.5,40.87723922729492,451700
2013-11-12,FANG,53.04999923706055,53.41999816894531,51.7599983215332,52.5,40.87723922729492,451700
2013-11-13,FANG,52.540000915527344,53.70000076293945,52.09000015258789,53.150001525878906,41.383338928222656,1443600
2013-11-13,FANG,52.540000915527344,53.70000076293945,52.09000015258789,53.150001525878906,41.383338928222656,1443600
2013-11-14,FANG,52.83000183105469,53.77000045776367,51.150001525878906,53.119998931884766,41.3599739074707,492000
2013-11-14,FANG,52.83000183105469,53.77000045776367,51.150001525878906,53.119998931884766,41.3599739074707,492000
2013-11-15,FANG,53.25,53.619998931884766,52.63999938964844,53.52999877929688,41.67920684814453,245200
2013-11-15,FANG,53.25,53.619998931884766,52.63999938964844,53.52999877929688,41.67920684814453,245200
2013-11-18,FANG,53.65999984741211,53.7599983215332,49.38999938964844,50.209999084472656,39.09420394897461,883500
2013-11-18,FANG,53.65999984741211,53.7599983215332,49.38999938964844,50.209999084472656,39.09420394897461,883500
2013-11-19,FANG,50.380001068115234,50.70000076293945,48.5,48.81999969482422,38.01193237304688,908500
2013-11-19,FANG,50.380001068115234,50.70000076293945,48.5,48.81999969482422,38.01193237304688,908500
2013-11-20,FANG,49.310001373291016,50.40999984741211,48.41999816894531,48.7599983215332,37.9652214050293,509600
2013-11-20,FANG,49.310001373291016,50.40999984741211,48.41999816894531,48.7599983215332,37.9652214050293,509600
2013-11-21,FANG,48.97999954223633,52.27000045776367,48.97999954223633,51.7400016784668,40.28549575805664,686500
2013-11-21,FANG,48.97999954223633,52.27000045776367,48.97999954223633,51.7400016784668,40.28549575805664,686500
2013-11-22,FANG,51.52999877929688,52.650001525878906,50.88999938964844,51.52999877929688,40.121978759765625,478300
2013-11-22,FANG,51.52999877929688,52.650001525878906,50.88999938964844,51.52999877929688,40.121978759765625,478300
2013-11-25,FANG,51.540000915527344,51.810001373291016,48.91999816894531,50.880001068115234,39.61588668823242,599700
2013-11-25,FANG,51.540000915527344,51.810001373291016,48.91999816894531,50.880001068115234,39.61588668823242,599700
2013-11-26,FANG,51.0,52.52000045776367,50.7599983215332,51.61000061035156,40.18426513671875,572700
2013-11-26,FANG,51.0,52.52000045776367,50.7599983215332,51.61000061035156,40.18426513671875,572700
2013-11-27,FANG,51.45000076293945,52.08000183105469,49.31999969482422,50.060001373291016,38.97741317749024,639400
2013-11-27,FANG,51.45000076293945,52.08000183105469,49.31999969482422,50.060001373291016,38.97741317749024,639400
2013-11-29,FANG,49.630001068115234,50.560001373291016,48.63999938964844,49.7400016784668,38.7282600402832,356800
2013-11-29,FANG,49.630001068115234,50.560001373291016,48.63999938964844,49.7400016784668,38.7282600402832,356800
2013-12-02,FANG,49.91999816894531,51.11000061035156,49.04999923706055,50.369998931884766,39.21878433227539,527000
2013-12-02,FANG,49.91999816894531,51.11000061035156,49.04999923706055,50.369998931884766,39.21878433227539,527000
2013-12-03,FANG,50.45000076293945,52.16999816894531,49.400001525878906,50.22999954223633,39.10977935791016,928700
2013-12-03,FANG,50.45000076293945,52.16999816894531,49.400001525878906,50.22999954223633,39.10977935791016,928700
2013-12-04,FANG,50.0,51.33000183105469,49.54999923706055,50.45000076293945,39.28107833862305,561400
2013-12-04,FANG,50.0,51.33000183105469,49.54999923706055,50.45000076293945,39.28107833862305,561400
2013-12-05,FANG,50.290000915527344,51.220001220703125,48.7599983215332,49.20000076293945,38.30781555175781,663500
2013-12-05,FANG,50.290000915527344,51.220001220703125,48.7599983215332,49.20000076293945,38.30781555175781,663500
2013-12-06,FANG,50.52999877929688,50.810001373291016,45.84000015258789,46.18000030517578,35.95640563964844,1472900
2013-12-06,FANG,50.52999877929688,50.810001373291016,45.84000015258789,46.18000030517578,35.95640563964844,1472900
2013-12-09,FANG,46.290000915527344,46.810001373291016,44.209999084472656,45.06999969482422,35.092132568359375,1388500
2013-12-09,FANG,46.290000915527344,46.810001373291016,44.209999084472656,45.06999969482422,35.092132568359375,1388500
2013-12-10,FANG,45.209999084472656,47.4900016784668,45.150001525878906,46.0,35.816246032714844,753000
2013-12-10,FANG,45.209999084472656,47.4900016784668,45.150001525878906,46.0,35.816246032714844,753000
2013-12-11,FANG,45.93000030517578,46.209999084472656,45.0,45.11000061035156,35.12327575683594,743000
2013-12-11,FANG,45.93000030517578,46.209999084472656,45.0,45.11000061035156,35.12327575683594,743000
2013-12-12,FANG,45.41999816894531,46.369998931884766,44.77999877929688,44.959999084472656,35.0064811706543,386700
2013-12-12,FANG,45.41999816894531,46.369998931884766,44.77999877929688,44.959999084472656,35.0064811706543,386700
2013-12-13,FANG,45.130001068115234,45.43999862670898,43.470001220703125,44.72999954223633,34.827415466308594,672000
2013-12-13,FANG,45.130001068115234,45.43999862670898,43.470001220703125,44.72999954223633,34.827415466308594,672000
2013-12-16,FANG,45.15999984741211,46.18999862670898,44.65999984741211,45.4900016784668,35.41914367675781,499700
2013-12-16,FANG,45.15999984741211,46.18999862670898,44.65999984741211,45.4900016784668,35.41914367675781,499700
2013-12-17,FANG,45.220001220703125,46.630001068115234,44.27000045776367,46.119998931884766,35.9096794128418,587700
2013-12-17,FANG,45.220001220703125,46.630001068115234,44.27000045776367,46.119998931884766,35.9096794128418,587700
2013-12-18,FANG,46.02000045776367,47.91999816894531,45.380001068115234,46.34000015258789,36.08097076416016,751100
2013-12-18,FANG,46.02000045776367,47.91999816894531,45.380001068115234,46.34000015258789,36.08097076416016,751100
2013-12-19,FANG,46.869998931884766,49.900001525878906,45.81999969482422,49.79999923706055,38.77498245239258,1047800
2013-12-19,FANG,46.869998931884766,49.900001525878906,45.81999969482422,49.79999923706055,38.77498245239258,1047800
2013-12-20,FANG,49.9900016784668,51.27999877929688,49.4900016784668,50.790000915527344,39.54579925537109,1472400
2013-12-20,FANG,49.9900016784668,51.27999877929688,49.4900016784668,50.790000915527344,39.54579925537109,1472400
2013-12-23,FANG,50.52000045776367,52.290000915527344,50.11000061035156,52.09999847412109,40.56579208374024,877300
2013-12-23,FANG,50.52000045776367,52.290000915527344,50.11000061035156,52.09999847412109,40.56579208374024,877300
2013-12-24,FANG,52.02000045776367,52.38999938964844,51.66999816894531,52.02000045776367,40.50350570678711,300200
2013-12-24,FANG,52.02000045776367,52.38999938964844,51.66999816894531,52.02000045776367,40.50350570678711,300200
2013-12-26,FANG,52.15999984741211,53.16999816894531,51.59999847412109,52.72999954223633,41.05632400512695,488200
2013-12-26,FANG,52.15999984741211,53.16999816894531,51.59999847412109,52.72999954223633,41.05632400512695,488200
2013-12-27,FANG,52.79999923706055,53.83000183105469,52.040000915527344,53.34000015258789,41.53127670288086,377300
2013-12-27,FANG,52.79999923706055,53.83000183105469,52.040000915527344,53.34000015258789,41.53127670288086,377300
2013-12-30,FANG,53.20000076293945,53.79999923706055,51.720001220703125,51.93000030517578,40.43342590332031,598400
2013-12-30,FANG,53.20000076293945,53.79999923706055,51.720001220703125,51.93000030517578,40.43342590332031,598400
2013-12-31,FANG,51.84999847412109,53.75,51.560001373291016,52.880001068115234,41.17310333251953,611000
2013-12-31,FANG,51.84999847412109,53.75,51.560001373291016,52.880001068115234,41.17310333251953,611000
2014-01-02,FANG,52.630001068115234,53.58000183105469,49.54999923706055,51.15999984741211,39.83390045166016,714300
2014-01-02,FANG,52.630001068115234,53.58000183105469,49.54999923706055,51.15999984741211,39.83390045166016,714300
2014-01-03,FANG,51.22999954223633,52.29999923706055,48.0099983215332,49.18000030517578,38.292236328125,1258300
2014-01-03,FANG,51.22999954223633,52.29999923706055,48.0099983215332,49.18000030517578,38.292236328125,1258300
2014-01-06,FANG,49.0,49.25,47.040000915527344,48.56999969482422,37.81728363037109,1434000
2014-01-06,FANG,49.0,49.25,47.040000915527344,48.56999969482422,37.81728363037109,1434000
2014-01-07,FANG,48.79999923706055,50.040000915527344,47.91999816894531,48.38999938964844,37.67713165283203,727600
2014-01-07,FANG,48.79999923706055,50.040000915527344,47.91999816894531,48.38999938964844,37.67713165283203,727600
2014-01-08,FANG,48.38999938964844,48.72999954223633,46.90999984741211,47.61000061035156,37.06981658935547,534800
2014-01-08,FANG,48.38999938964844,48.72999954223633,46.90999984741211,47.61000061035156,37.06981658935547,534800
2014-01-09,FANG,47.65999984741211,48.06999969482422,44.84999847412109,45.52000045776367,35.4425048828125,1103300
2014-01-09,FANG,47.65999984741211,48.06999969482422,44.84999847412109,45.52000045776367,35.4425048828125,1103300
2014-01-10,FANG,45.43000030517578,47.20000076293945,45.25,46.970001220703125,36.57149887084961,1066600
2014-01-10,FANG,45.43000030517578,47.20000076293945,45.25,46.970001220703125,36.57149887084961,1066600
2014-01-13,FANG,46.02999877929688,47.13999938964844,44.04999923706055,44.43000030517578,34.59382247924805,817400
2014-01-13,FANG,46.02999877929688,47.13999938964844,44.04999923706055,44.43000030517578,34.59382247924805,817400
2014-01-14,FANG,44.54999923706055,47.119998931884766,44.02000045776367,47.0099983215332,36.60263442993164,908300
2014-01-14,FANG,44.54999923706055,47.119998931884766,44.02000045776367,47.0099983215332,36.60263442993164,908300
2014-01-15,FANG,47.27000045776367,48.7599983215332,47.209999084472656,48.02000045776367,37.389041900634766,925800
2014-01-15,FANG,47.27000045776367,48.7599983215332,47.209999084472656,48.02000045776367,37.389041900634766,925800
2014-01-16,FANG,48.02000045776367,48.880001068115234,47.25,48.61000061035156,37.84842300415039,503600
2014-01-16,FANG,48.02000045776367,48.880001068115234,47.25,48.61000061035156,37.84842300415039,503600
2014-01-17,FANG,48.900001525878906,49.43999862670898,47.630001068115234,48.5099983215332,37.77056121826172,747300
2014-01-17,FANG,48.900001525878906,49.43999862670898,47.630001068115234,48.5099983215332,37.77056121826172,747300
2014-01-21,FANG,48.61000061035156,49.58000183105469,47.68999862670898,49.08000183105469,38.21438217163086,717600
2014-01-21,FANG,48.61000061035156,49.58000183105469,47.68999862670898,49.08000183105469,38.21438217163086,717600
2014-01-22,FANG,49.20000076293945,51.630001068115234,49.0,51.220001220703125,39.880615234375,773300
2014-01-22,FANG,49.20000076293945,51.630001068115234,49.0,51.220001220703125,39.880615234375,773300
2014-01-23,FANG,51.11000061035156,51.369998931884766,49.52000045776367,50.43999862670898,39.27328872680664,978600
2014-01-23,FANG,51.11000061035156,51.369998931884766,49.52000045776367,50.43999862670898,39.27328872680664,978600
2014-01-24,FANG,49.88999938964844,50.400001525878906,48.0099983215332,48.869998931884766,38.05086517333984,836800
2014-01-24,FANG,49.88999938964844,50.400001525878906,48.0099983215332,48.869998931884766,38.05086517333984,836800
2014-01-27,FANG,48.75,49.79999923706055,47.2599983215332,47.540000915527344,37.01530838012695,596900
2014-01-27,FANG,48.75,49.79999923706055,47.2599983215332,47.540000915527344,37.01530838012695,596900
2014-01-28,FANG,47.72999954223633,50.45000076293945,47.72999954223633,49.79999923706055,38.77498245239258,591900
2014-01-28,FANG,47.72999954223633,50.45000076293945,47.72999954223633,49.79999923706055,38.77498245239258,591900
2014-01-29,FANG,49.09000015258789,50.36000061035156,48.29999923706055,48.59000015258789,37.83286285400391,764900
2014-01-29,FANG,49.09000015258789,50.36000061035156,48.29999923706055,48.59000015258789,37.83286285400391,764900
2014-01-30,FANG,49.13999938964844,51.54999923706055,49.13999938964844,51.369998931884766,39.99740219116211,1053200
2014-01-30,FANG,49.13999938964844,51.54999923706055,49.13999938964844,51.369998931884766,39.99740219116211,1053200
2014-01-31,FANG,50.66999816894531,53.31999969482422,50.09999847412109,51.97999954223633,40.47236251831055,827100
2014-01-31,FANG,50.66999816894531,53.31999969482422,50.09999847412109,51.97999954223633,40.47236251831055,827100
2014-02-03,FANG,51.97999954223633,52.560001373291016,49.540000915527344,50.08000183105469,38.99298477172852,1003600
2014-02-03,FANG,51.97999954223633,52.560001373291016,49.540000915527344,50.08000183105469,38.99298477172852,1003600
2014-02-04,FANG,50.31999969482422,52.619998931884766,50.31999969482422,51.63999938964844,40.20763397216797,429500
2014-02-04,FANG,50.31999969482422,52.619998931884766,50.31999969482422,51.63999938964844,40.20763397216797,429500
2014-02-05,FANG,51.540000915527344,53.04999923706055,50.400001525878906,52.959999084472656,41.23540115356445,723300
2014-02-05,FANG,51.540000915527344,53.04999923706055,50.400001525878906,52.959999084472656,41.23540115356445,723300
2014-02-06,FANG,53.09999847412109,55.40999984741211,53.09999847412109,53.77000045776367,41.86607360839844,1109300
2014-02-06,FANG,53.09999847412109,55.40999984741211,53.09999847412109,53.77000045776367,41.86607360839844,1109300
2014-02-07,FANG,57.20000076293945,59.0,55.0099983215332,56.720001220703125,44.16299057006836,1298000
2014-02-07,FANG,57.20000076293945,59.0,55.0099983215332,56.720001220703125,44.16299057006836,1298000
2014-02-10,FANG,57.22999954223633,58.650001525878906,56.0,57.52000045776367,44.7858772277832,914600
2014-02-10,FANG,57.22999954223633,58.650001525878906,56.0,57.52000045776367,44.7858772277832,914600
2014-02-11,FANG,57.45000076293945,59.220001220703125,56.06999969482422,58.90999984741211,45.86814498901367,717100
2014-02-11,FANG,57.45000076293945,59.220001220703125,56.06999969482422,58.90999984741211,45.86814498901367,717100
2014-02-12,FANG,58.970001220703125,59.84000015258789,57.79999923706055,57.970001220703125,45.13624954223633,795400
2014-02-12,FANG,58.970001220703125,59.84000015258789,57.79999923706055,57.970001220703125,45.13624954223633,795400
2014-02-13,FANG,57.52000045776367,59.31999969482422,56.65999984741211,58.88999938964844,45.85258865356445,842900
2014-02-13,FANG,57.52000045776367,59.31999969482422,56.65999984741211,58.88999938964844,45.85258865356445,842900
2014-02-14,FANG,58.970001220703125,59.83000183105469,58.0,59.650001525878906,46.4443244934082,876300
2014-02-14,FANG,58.970001220703125,59.83000183105469,58.0,59.650001525878906,46.4443244934082,876300
2014-02-18,FANG,59.66999816894531,61.869998931884766,58.43999862670898,61.02000045776367,47.51103210449219,1333600
2014-02-18,FANG,59.66999816894531,61.869998931884766,58.43999862670898,61.02000045776367,47.51103210449219,1333600
2014-02-19,FANG,61.4900016784668,62.540000915527344,60.400001525878906,61.040000915527344,47.52660369873047,764900
2014-02-19,FANG,61.4900016784668,62.540000915527344,60.400001525878906,61.040000915527344,47.52660369873047,764900
2014-02-20,FANG,60.900001525878906,62.88999938964844,60.22999954223633,62.66999816894531,48.79574203491211,1073300
2014-02-20,FANG,60.900001525878906,62.88999938964844,60.22999954223633,62.66999816894531,48.79574203491211,1073300
2014-02-21,FANG,63.97999954223633,64.41999816894531,62.93000030517578,63.9900016784668,49.823516845703125,3257700
2014-02-21,FANG,63.97999954223633,64.41999816894531,62.93000030517578,63.9900016784668,49.823516845703125,3257700
2014-02-24,FANG,64.33999633789062,68.0,64.30999755859375,64.80000305175781,50.45419692993164,1941000
2014-02-24,FANG,64.33999633789062,68.0,64.30999755859375,64.80000305175781,50.45419692993164,1941000
2014-02-25,FANG,65.58000183105469,65.58000183105469,62.83000183105469,63.7400016784668,49.62887191772461,1470100
2014-02-25,FANG,65.58000183105469,65.58000183105469,62.83000183105469,63.7400016784668,49.62887191772461,1470100
2014-02-26,FANG,63.900001525878906,65.12000274658203,61.90999984741211,64.54000091552734,50.25175476074219,884300
2014-02-26,FANG,63.900001525878906,65.12000274658203,61.90999984741211,64.54000091552734,50.25175476074219,884300
2014-02-27,FANG,64.44000244140625,65.3499984741211,63.619998931884766,63.88999938964844,49.74565124511719,742900
2014-02-27,FANG,64.44000244140625,65.3499984741211,63.619998931884766,63.88999938964844,49.74565124511719,742900
2014-02-28,FANG,64.13999938964844,64.70999908447266,63.68000030517578,64.33000183105469,50.08824157714844,1029700
2014-02-28,FANG,64.13999938964844,64.70999908447266,63.68000030517578,64.33000183105469,50.08824157714844,1029700
2014-03-03,FANG,63.88999938964844,65.37999725341797,63.5099983215332,64.41000366210938,50.15052795410156,709400
2014-03-03,FANG,63.88999938964844,65.37999725341797,63.5099983215332,64.41000366210938,50.15052795410156,709400
2014-03-04,FANG,65.02999877929688,66.13999938964844,64.7699966430664,65.4800033569336,50.98365020751953,667900
2014-03-04,FANG,65.02999877929688,66.13999938964844,64.7699966430664,65.4800033569336,50.98365020751953,667900
2014-03-05,FANG,65.5199966430664,65.93000030517578,63.06999969482422,64.04000091552734,49.86244583129883,685800
2014-03-05,FANG,65.5199966430664,65.93000030517578,63.06999969482422,64.04000091552734,49.86244583129883,685800
2014-03-06,FANG,63.95000076293945,64.69999694824219,62.220001220703125,62.7599983215332,48.86580657958984,854300
2014-03-06,FANG,63.95000076293945,64.69999694824219,62.220001220703125,62.7599983215332,48.86580657958984,854300
2014-03-07,FANG,63.22999954223633,64.12999725341797,62.52000045776367,63.880001068115234,49.73787307739258,591100
2014-03-07,FANG,63.22999954223633,64.12999725341797,62.52000045776367,63.880001068115234,49.73787307739258,591100
2014-03-10,FANG,63.83000183105469,63.959999084472656,61.0099983215332,63.02999877929688,49.07604598999024,852400
2014-03-10,FANG,63.83000183105469,63.959999084472656,61.0099983215332,63.02999877929688,49.07604598999024,852400
2014-03-11,FANG,62.91999816894531,64.44000244140625,60.40999984741211,62.0099983215332,48.281856536865234,1085100
2014-03-11,FANG,62.91999816894531,64.44000244140625,60.40999984741211,62.0099983215332,48.281856536865234,1085100
2014-03-12,FANG,61.619998931884766,63.52000045776367,60.7599983215332,63.15999984741211,49.1772575378418,811200
2014-03-12,FANG,61.619998931884766,63.52000045776367,60.7599983215332,63.15999984741211,49.1772575378418,811200
2014-03-13,FANG,64.3499984741211,64.45999908447266,62.630001068115234,63.36000061035156,49.332984924316406,800100
2014-03-13,FANG,64.3499984741211,64.45999908447266,62.630001068115234,63.36000061035156,49.332984924316406,800100
2014-03-14,FANG,63.43000030517578,64.33000183105469,63.02000045776367,63.58000183105469,49.5042724609375,508700
2014-03-14,FANG,63.43000030517578,64.33000183105469,63.02000045776367,63.58000183105469,49.5042724609375,508700
2014-03-17,FANG,64.12999725341797,64.95999908447266,63.45000076293945,63.93000030517578,49.77679061889648,580400
2014-03-17,FANG,64.12999725341797,64.95999908447266,63.45000076293945,63.93000030517578,49.77679061889648,580400
2014-03-18,FANG,64.0199966430664,65.75,63.959999084472656,65.68000030517578,51.13937377929688,595400
2014-03-18,FANG,64.0199966430664,65.75,63.959999084472656,65.68000030517578,51.13937377929688,595400
2014-03-19,FANG,65.5999984741211,65.97000122070312,64.06999969482422,64.4000015258789,50.14274978637695,683100
2014-03-19,FANG,65.5999984741211,65.97000122070312,64.06999969482422,64.4000015258789,50.14274978637695,683100
2014-03-20,FANG,64.2699966430664,66.12999725341797,63.040000915527344,65.19000244140625,50.757850646972656,841100
2014-03-20,FANG,64.2699966430664,66.12999725341797,63.040000915527344,65.19000244140625,50.757850646972656,841100
2014-03-21,FANG,65.26000213623047,66.11000061035156,64.02999877929688,64.22000122070312,50.00259780883789,851300
2014-03-21,FANG,65.26000213623047,66.11000061035156,64.02999877929688,64.22000122070312,50.00259780883789,851300
2014-03-24,FANG,64.54000091552734,64.9000015258789,62.18999862670898,64.13999938964844,49.94029998779297,686400
2014-03-24,FANG,64.54000091552734,64.9000015258789,62.18999862670898,64.13999938964844,49.94029998779297,686400
2014-03-25,FANG,64.2699966430664,64.94999694824219,63.02000045776367,64.29000091552734,50.05710983276367,496700
2014-03-25,FANG,64.2699966430664,64.94999694824219,63.02000045776367,64.29000091552734,50.05710983276367,496700
2014-03-26,FANG,64.91000366210938,66.08000183105469,63.959999084472656,64.88999938964844,50.52426910400391,746600
2014-03-26,FANG,64.91000366210938,66.08000183105469,63.959999084472656,64.88999938964844,50.52426910400391,746600
2014-03-27,FANG,65.20999908447266,68.9000015258789,64.87000274658203,68.04000091552734,52.97690582275391,910700
2014-03-27,FANG,65.20999908447266,68.9000015258789,64.87000274658203,68.04000091552734,52.97690582275391,910700
2014-03-28,FANG,68.33999633789062,69.9000015258789,67.55999755859375,69.69999694824219,54.26940155029297,1465600
2014-03-28,FANG,68.33999633789062,69.9000015258789,67.55999755859375,69.69999694824219,54.26940155029297,1465600
2014-03-31,FANG,70.36000061035156,70.98999786376953,67.0,67.30999755859375,52.40851211547852,1576600
2014-03-31,FANG,70.36000061035156,70.98999786376953,67.0,67.30999755859375,52.40851211547852,1576600
2014-04-01,FANG,67.30000305175781,68.6500015258789,65.0,66.41000366210938,51.70775985717773,1014200
2014-04-01,FANG,67.30000305175781,68.6500015258789,65.0,66.41000366210938,51.70775985717773,1014200
2014-04-02,FANG,66.4800033569336,69.4000015258789,66.12999725341797,68.97000122070312,53.70102691650391,921400
2014-04-02,FANG,66.4800033569336,69.4000015258789,66.12999725341797,68.97000122070312,53.70102691650391,921400
2014-04-03,FANG,68.87999725341797,69.68000030517578,67.01000213623047,67.91000366210938,52.87568283081055,903100
2014-04-03,FANG,68.87999725341797,69.68000030517578,67.01000213623047,67.91000366210938,52.87568283081055,903100
2014-04-04,FANG,68.41000366210938,69.68000030517578,66.37000274658203,67.25,52.36178970336914,657400
2014-04-04,FANG,68.41000366210938,69.68000030517578,66.37000274658203,67.25,52.36178970336914,657400
2014-04-07,FANG,66.69999694824219,66.79000091552734,64.05000305175781,65.16999816894531,50.74227523803711,1101200
2014-04-07,FANG,66.69999694824219,66.79000091552734,64.05000305175781,65.16999816894531,50.74227523803711,1101200
2014-04-08,FANG,65.16999816894531,67.05999755859375,64.4000015258789,66.5999984741211,51.85568237304688,873500
2014-04-08,FANG,65.16999816894531,67.05999755859375,64.4000015258789,66.5999984741211,51.85568237304688,873500
2014-04-09,FANG,67.37000274658203,68.87000274658203,66.62000274658203,68.05999755859375,52.99246597290039,722000
2014-04-09,FANG,67.37000274658203,68.87000274658203,66.62000274658203,68.05999755859375,52.99246597290039,722000
2014-04-10,FANG,68.0,68.33999633789062,64.43000030517578,65.62999725341797,51.10042953491211,823300
2014-04-10,FANG,68.0,68.33999633789062,64.43000030517578,65.62999725341797,51.10042953491211,823300
2014-04-11,FANG,65.30000305175781,70.72000122070312,64.5,67.5999984741211,52.634307861328125,2507100
2014-04-11,FANG,65.30000305175781,70.72000122070312,64.5,67.5999984741211,52.634307861328125,2507100
2014-04-14,FANG,68.44000244140625,70.98999786376953,68.0,70.12000274658203,54.59642791748047,1028000
2014-04-14,FANG,68.44000244140625,70.98999786376953,68.0,70.12000274658203,54.59642791748047,1028000
2014-04-15,FANG,68.93000030517578,70.47000122070312,66.81999969482422,69.08000183105469,53.78666305541992,1323400
2014-04-15,FANG,68.93000030517578,70.47000122070312,66.81999969482422,69.08000183105469,53.78666305541992,1323400
2014-04-16,FANG,70.16000366210938,71.55999755859375,69.23999786376953,70.48999786376953,54.88449478149414,876500
2014-04-16,FANG,70.16000366210938,71.55999755859375,69.23999786376953,70.48999786376953,54.88449478149414,876500
2014-04-17,FANG,70.69999694824219,74.13999938964844,70.55000305175781,73.33999633789062,57.10357284545898,910900
2014-04-17,FANG,70.69999694824219,74.13999938964844,70.55000305175781,73.33999633789062,57.10357284545898,910900
2014-04-21,FANG,74.0199966430664,74.6500015258789,71.86000061035156,74.5199966430664,58.0223274230957,982400
2014-04-21,FANG,74.0199966430664,74.6500015258789,71.86000061035156,74.5199966430664,58.0223274230957,982400
2014-04-22,FANG,75.43000030517578,76.72000122070312,73.95999908447266,74.26000213623047,57.81987380981445,952200
2014-04-22,FANG,75.43000030517578,76.72000122070312,73.95999908447266,74.26000213623047,57.81987380981445,952200
2014-04-23,FANG,74.37000274658203,75.18000030517578,73.37000274658203,73.88999938964844,57.53180694580078,641000
2014-04-23,FANG,74.37000274658203,75.18000030517578,73.37000274658203,73.88999938964844,57.53180694580078,641000
2014-04-24,FANG,74.25,75.88999938964844,73.19999694824219,75.41999816894531,58.72307586669922,848300
2014-04-24,FANG,74.25,75.88999938964844,73.19999694824219,75.41999816894531,58.72307586669922,848300
2014-04-25,FANG,75.27999877929688,75.27999877929688,71.12999725341797,71.44000244140625,55.62419128417969,1041800
2014-04-25,FANG,75.27999877929688,75.27999877929688,71.12999725341797,71.44000244140625,55.62419128417969,1041800
2014-04-28,FANG,71.5,72.55999755859375,69.31999969482422,70.95999908447266,55.250450134277344,647800
2014-04-28,FANG,71.5,72.55999755859375,69.31999969482422,70.95999908447266,55.250450134277344,647800
2014-04-29,FANG,71.5199966430664,73.01000213623047,71.08000183105469,72.22000122070312,56.23151016235352,836800
2014-04-29,FANG,71.5199966430664,73.01000213623047,71.08000183105469,72.22000122070312,56.23151016235352,836800
2014-04-30,FANG,72.01000213623047,72.37000274658203,70.19999694824219,71.94000244140625,56.01348876953125,780200
2014-04-30,FANG,72.01000213623047,72.37000274658203,70.19999694824219,71.94000244140625,56.01348876953125,780200
2014-05-01,FANG,72.04000091552734,73.54000091552734,70.30999755859375,71.2699966430664,55.491817474365234,686200
2014-05-01,FANG,72.04000091552734,73.54000091552734,70.30999755859375,71.2699966430664,55.491817474365234,686200
2014-05-02,FANG,71.94999694824219,74.29000091552734,71.41000366210938,73.7699966430664,57.43836212158203,886500
2014-05-02,FANG,71.94999694824219,74.29000091552734,71.41000366210938,73.7699966430664,57.43836212158203,886500
2014-05-05,FANG,73.06999969482422,75.04000091552734,72.55000305175781,73.62999725341797,57.32935333251953,629800
2014-05-05,FANG,73.06999969482422,75.04000091552734,72.55000305175781,73.62999725341797,57.32935333251953,629800
2014-05-06,FANG,73.38999938964844,73.98999786376953,72.66999816894531,73.25,57.03346633911133,890900
2014-05-06,FANG,73.38999938964844,73.98999786376953,72.66999816894531,73.25,57.03346633911133,890900
2014-05-07,FANG,73.72000122070312,76.5,71.5999984741211,75.72000122070312,58.956687927246094,1760300
2014-05-07,FANG,73.72000122070312,76.5,71.5999984741211,75.72000122070312,58.956687927246094,1760300
2014-05-08,FANG,72.58999633789062,75.0,70.77999877929688,71.76000213623047,55.87334060668945,2311400
2014-05-08,FANG,72.58999633789062,75.0,70.77999877929688,71.76000213623047,55.87334060668945,2311400
2014-05-09,FANG,70.27999877929688,73.08000183105469,70.11000061035156,71.23999786376953,55.46847152709961,904500
2014-05-09,FANG,70.27999877929688,73.08000183105469,70.11000061035156,71.23999786376953,55.46847152709961,904500
2014-05-12,FANG,71.68000030517578,74.76000213623047,71.01000213623047,72.72000122070312,56.62080383300781,1706500
2014-05-12,FANG,71.68000030517578,74.76000213623047,71.01000213623047,72.72000122070312,56.62080383300781,1706500
2014-05-13,FANG,73.2300033569336,74.43000030517578,72.25,73.7300033569336,57.4072151184082,955600
2014-05-13,FANG,73.2300033569336,74.43000030517578,72.25,73.7300033569336,57.4072151184082,955600
2014-05-14,FANG,73.7699966430664,74.45999908447266,71.76000213623047,72.0199966430664,56.07576751708984,813000
2014-05-14,FANG,73.7699966430664,74.45999908447266,71.76000213623047,72.0199966430664,56.07576751708984,813000
2014-05-15,FANG,72.05000305175781,72.05000305175781,67.72000122070312,69.43000030517578,54.059173583984375,1684700
2014-05-15,FANG,72.05000305175781,72.05000305175781,67.72000122070312,69.43000030517578,54.059173583984375,1684700
2014-05-16,FANG,69.62999725341797,70.7300033569336,67.63999938964844,70.66999816894531,55.02465438842773,736400
2014-05-16,FANG,69.62999725341797,70.7300033569336,67.63999938964844,70.66999816894531,55.02465438842773,736400
2014-05-19,FANG,70.37999725341797,71.80000305175781,70.19999694824219,71.1500015258789,55.39839172363281,559700
2014-05-19,FANG,70.37999725341797,71.80000305175781,70.19999694824219,71.1500015258789,55.39839172363281,559700
2014-05-20,FANG,71.2300033569336,71.66000366210938,69.4800033569336,70.16000366210938,54.6275749206543,548900
2014-05-20,FANG,71.2300033569336,71.66000366210938,69.4800033569336,70.16000366210938,54.6275749206543,548900
2014-05-21,FANG,70.77999877929688,73.19999694824219,70.77999877929688,72.70999908447266,56.61303329467773,935100
2014-05-21,FANG,70.77999877929688,73.19999694824219,70.77999877929688,72.70999908447266,56.61303329467773,935100
2014-05-22,FANG,72.80000305175781,74.19999694824219,72.25,73.02999877929688,56.8621826171875,604200
2014-05-22,FANG,72.80000305175781,74.19999694824219,72.25,73.02999877929688,56.8621826171875,604200
2014-05-23,FANG,72.83999633789062,74.31999969482422,72.61000061035156,72.77999877929688,56.66753005981445,664200
2014-05-23,FANG,72.83999633789062,74.31999969482422,72.61000061035156,72.77999877929688,56.66753005981445,664200
2014-05-27,FANG,72.8499984741211,73.1500015258789,70.36000061035156,71.47000122070312,55.64754486083984,885600
2014-05-27,FANG,72.8499984741211,73.1500015258789,70.36000061035156,71.47000122070312,55.64754486083984,885600
2014-05-28,FANG,71.44999694824219,71.93000030517578,70.26000213623047,71.38999938964844,55.58526992797852,685000
2014-05-28,FANG,71.44999694824219,71.93000030517578,70.26000213623047,71.38999938964844,55.58526992797852,685000
2014-05-29,FANG,71.55999755859375,75.93000030517578,70.86000061035156,75.0199966430664,58.411617279052734,1460700
2014-05-29,FANG,71.55999755859375,75.93000030517578,70.86000061035156,75.0199966430664,58.411617279052734,1460700
2014-05-30,FANG,75.54000091552734,75.94999694824219,74.30000305175781,75.4800033569336,58.76978302001953,1019800
2014-05-30,FANG,75.54000091552734,75.94999694824219,74.30000305175781,75.4800033569336,58.76978302001953,1019800
2014-06-02,FANG,76.98999786376953,78.47000122070312,75.3499984741211,76.11000061035156,59.26029586791992,1245900
2014-06-02,FANG,76.98999786376953,78.47000122070312,75.3499984741211,76.11000061035156,59.26029586791992,1245900
2014-06-03,FANG,76.08000183105469,78.48999786376953,75.58000183105469,78.30000305175781,60.96548080444336,943300
2014-06-03,FANG,76.08000183105469,78.48999786376953,75.58000183105469,78.30000305175781,60.96548080444336,943300
2014-06-04,FANG,78.36000061035156,79.76000213623047,77.01000213623047,78.54000091552734,61.15235900878906,845800
2014-06-04,FANG,78.36000061035156,79.76000213623047,77.01000213623047,78.54000091552734,61.15235900878906,845800
2014-06-05,FANG,78.63999938964844,79.87000274658203,77.52999877929688,79.23999786376953,61.69737243652344,821100
2014-06-05,FANG,78.63999938964844,79.87000274658203,77.52999877929688,79.23999786376953,61.69737243652344,821100
2014-06-06,FANG,79.94000244140625,81.51000213623047,79.37999725341797,81.08999633789062,63.137813568115234,953500
2014-06-06,FANG,79.94000244140625,81.51000213623047,79.37999725341797,81.08999633789062,63.137813568115234,953500
2014-06-09,FANG,81.43000030517578,82.25,80.05999755859375,82.0,63.84635543823242,748500
2014-06-09,FANG,81.43000030517578,82.25,80.05999755859375,82.0,63.84635543823242,748500
2014-06-10,FANG,83.0,83.66000366210938,81.37000274658203,82.33000183105469,64.10328674316406,601900
2014-06-10,FANG,83.0,83.66000366210938,81.37000274658203,82.33000183105469,64.10328674316406,601900
2014-06-11,FANG,81.66000366210938,84.47000122070312,81.12000274658203,83.83999633789062,65.27902221679688,915800
2014-06-11,FANG,81.66000366210938,84.47000122070312,81.12000274658203,83.83999633789062,65.27902221679688,915800
2014-06-12,FANG,84.01000213623047,85.9000015258789,83.5,84.69000244140625,65.94084930419922,1154600
2014-06-12,FANG,84.01000213623047,85.9000015258789,83.5,84.69000244140625,65.94084930419922,1154600
2014-06-13,FANG,85.33000183105469,88.38999938964844,84.5,87.94999694824219,68.47909545898438,1617500
2014-06-13,FANG,85.33000183105469,88.38999938964844,84.5,87.94999694824219,68.47909545898438,1617500
2014-06-16,FANG,88.19000244140625,90.3000030517578,87.18000030517578,89.9000015258789,69.99739837646484,1385500
2014-06-16,FANG,88.19000244140625,90.3000030517578,87.18000030517578,89.9000015258789,69.99739837646484,1385500
2014-06-17,FANG,90.0,92.23999786376952,88.87999725341797,90.26000213623048,70.27770233154297,1159800
2014-06-17,FANG,90.0,92.23999786376952,88.87999725341797,90.26000213623048,70.27770233154297,1159800
2014-06-18,FANG,91.48999786376952,93.33000183105467,88.87999725341797,90.33999633789062,70.33999633789062,2891900
2014-06-18,FANG,91.48999786376952,93.33000183105467,88.87999725341797,90.33999633789062,70.33999633789062,2891900
2014-06-19,FANG,90.69000244140624,90.69000244140624,88.30000305175781,89.05000305175781,69.33558654785156,1072300
2014-06-19,FANG,90.69000244140624,90.69000244140624,88.30000305175781,89.05000305175781,69.33558654785156,1072300
2014-06-20,FANG,89.47000122070312,90.69000244140624,88.30000305175781,89.79000091552734,69.9117660522461,1729600
2014-06-20,FANG,89.47000122070312,90.69000244140624,88.30000305175781,89.79000091552734,69.9117660522461,1729600
2014-06-23,FANG,90.37999725341795,91.51000213623048,89.12000274658203,91.41000366210938,71.173095703125,1253800
2014-06-23,FANG,90.37999725341795,91.51000213623048,89.12000274658203,91.41000366210938,71.173095703125,1253800
2014-06-24,FANG,90.19000244140624,90.54000091552734,87.1500015258789,87.69000244140625,68.27665710449219,2265700
2014-06-24,FANG,90.19000244140624,90.54000091552734,87.1500015258789,87.69000244140625,68.27665710449219,2265700
2014-06-25,FANG,88.0,91.36000061035156,87.80000305175781,90.55999755859376,70.51129150390625,1917100
2014-06-25,FANG,88.0,91.36000061035156,87.80000305175781,90.55999755859376,70.51129150390625,1917100
2014-06-26,FANG,90.4499969482422,91.01000213623048,87.69999694824219,89.29000091552734,69.52244567871094,939200
2014-06-26,FANG,90.4499969482422,91.01000213623048,87.69999694824219,89.29000091552734,69.52244567871094,939200
2014-06-27,FANG,89.04000091552734,89.87000274658203,88.5,88.69000244140625,69.05529022216797,3201400
2014-06-27,FANG,89.04000091552734,89.87000274658203,88.5,88.69000244140625,69.05529022216797,3201400
2014-06-30,FANG,88.69999694824219,89.83999633789062,88.44999694824219,88.80000305175781,69.14093780517578,1145900
2014-06-30,FANG,88.69999694824219,89.83999633789062,88.44999694824219,88.80000305175781,69.14093780517578,1145900
2014-07-01,FANG,90.0,90.4800033569336,88.19000244140625,89.7699966430664,69.89617156982422,1030300
2014-07-01,FANG,90.0,90.4800033569336,88.19000244140625,89.7699966430664,69.89617156982422,1030300
2014-07-02,FANG,89.5,90.41999816894533,87.61000061035156,88.29000091552734,68.74382019042969,796200
2014-07-02,FANG,89.5,90.41999816894533,87.61000061035156,88.29000091552734,68.74382019042969,796200
2014-07-03,FANG,88.76000213623047,89.16000366210938,87.41000366210938,88.80999755859375,69.14872741699219,596800
2014-07-03,FANG,88.76000213623047,89.16000366210938,87.41000366210938,88.80999755859375,69.14872741699219,596800
2014-07-07,FANG,88.80000305175781,89.7300033569336,86.69999694824219,87.30999755859375,67.98078918457031,918500
2014-07-07,FANG,88.80000305175781,89.7300033569336,86.69999694824219,87.30999755859375,67.98078918457031,918500
2014-07-08,FANG,86.72000122070312,87.11000061035156,84.16000366210938,85.97000122070312,66.93743896484375,1497400
2014-07-08,FANG,86.72000122070312,87.11000061035156,84.16000366210938,85.97000122070312,66.93743896484375,1497400
2014-07-09,FANG,86.8499984741211,87.37000274658203,85.47000122070312,87.29000091552734,67.9652328491211,685700
2014-07-09,FANG,86.8499984741211,87.37000274658203,85.47000122070312,87.29000091552734,67.9652328491211,685700
2014-07-10,FANG,84.98999786376953,86.55000305175781,82.81999969482422,85.72000122070312,66.74278259277344,1005000
2014-07-10,FANG,84.98999786376953,86.55000305175781,82.81999969482422,85.72000122070312,66.74278259277344,1005000
2014-07-11,FANG,85.69999694824219,86.5,83.33999633789062,84.20999908447266,65.56708526611328,890900
2014-07-11,FANG,85.69999694824219,86.5,83.33999633789062,84.20999908447266,65.56708526611328,890900
2014-07-14,FANG,84.79000091552734,87.93000030517578,84.61000061035156,86.58999633789062,67.42020416259766,836200
2014-07-14,FANG,84.79000091552734,87.93000030517578,84.61000061035156,86.58999633789062,67.42020416259766,836200
2014-07-15,FANG,86.11000061035156,86.80000305175781,82.70999908447266,83.36000061035156,64.90528106689453,1110200
2014-07-15,FANG,86.11000061035156,86.80000305175781,82.70999908447266,83.36000061035156,64.90528106689453,1110200
2014-07-16,FANG,83.93000030517578,85.98999786376953,83.52999877929688,85.48999786376953,66.563720703125,856600
2014-07-16,FANG,83.93000030517578,85.98999786376953,83.52999877929688,85.48999786376953,66.563720703125,856600
2014-07-17,FANG,85.81999969482422,88.19999694824219,84.0,84.70999908447266,65.95640563964844,843000
2014-07-17,FANG,85.81999969482422,88.19999694824219,84.0,84.70999908447266,65.95640563964844,843000
2014-07-18,FANG,84.56999969482422,87.33999633789062,84.56999969482422,86.66000366210938,67.47470092773438,1229200
2014-07-18,FANG,84.56999969482422,87.33999633789062,84.56999969482422,86.66000366210938,67.47470092773438,1229200
2014-07-21,FANG,86.0199966430664,89.87000274658203,86.0,87.98999786376953,68.51026153564453,1341500
2014-07-21,FANG,86.0199966430664,89.87000274658203,86.0,87.98999786376953,68.51026153564453,1341500
2014-07-22,FANG,87.19999694824219,87.69000244140625,86.41999816894531,86.55999755859375,67.39684295654297,4448200
2014-07-22,FANG,87.19999694824219,87.69000244140625,86.41999816894531,86.55999755859375,67.39684295654297,4448200
2014-07-23,FANG,87.0,87.88999938964844,86.25,87.8499984741211,68.4012451171875,1308200
2014-07-23,FANG,87.0,87.88999938964844,86.25,87.8499984741211,68.4012451171875,1308200
2014-07-24,FANG,88.12000274658203,89.08000183105469,86.86000061035156,88.01000213623047,68.52582550048828,2064100
2014-07-24,FANG,88.12000274658203,89.08000183105469,86.86000061035156,88.01000213623047,68.52582550048828,2064100
2014-07-25,FANG,86.95999908447266,87.37999725341797,85.2300033569336,85.69999694824219,66.72722625732422,975200
2014-07-25,FANG,86.95999908447266,87.37999725341797,85.2300033569336,85.69999694824219,66.72722625732422,975200
2014-07-28,FANG,85.9000015258789,86.0999984741211,83.58999633789062,84.80000305175781,66.02648162841797,569600
2014-07-28,FANG,85.9000015258789,86.0999984741211,83.58999633789062,84.80000305175781,66.02648162841797,569600
2014-07-29,FANG,84.58999633789062,86.68000030517578,83.91999816894531,85.58999633789062,66.64157104492188,782600
2014-07-29,FANG,84.58999633789062,86.68000030517578,83.91999816894531,85.58999633789062,66.64157104492188,782600
2014-07-30,FANG,86.0,87.19000244140625,84.27999877929688,84.75,65.98754119873047,660400
2014-07-30,FANG,86.0,87.19000244140625,84.27999877929688,84.75,65.98754119873047,660400
2014-07-31,FANG,84.01000213623047,84.0999984741211,81.0199966430664,82.2300033569336,64.02544403076172,1571500
2014-07-31,FANG,84.01000213623047,84.0999984741211,81.0199966430664,82.2300033569336,64.02544403076172,1571500
2014-08-01,FANG,82.33000183105469,82.3499984741211,77.9800033569336,80.0199966430664,62.30469512939453,2387900
2014-08-01,FANG,82.33000183105469,82.3499984741211,77.9800033569336,80.0199966430664,62.30469512939453,2387900
2014-08-04,FANG,80.51000213623047,82.2300033569336,79.63999938964844,81.61000061035156,63.54269027709961,974400
2014-08-04,FANG,80.51000213623047,82.2300033569336,79.63999938964844,81.61000061035156,63.54269027709961,974400
2014-08-05,FANG,82.01000213623047,82.73999786376953,78.16999816894531,78.93000030517578,61.45600891113281,1512400
2014-08-05,FANG,82.01000213623047,82.73999786376953,78.16999816894531,78.93000030517578,61.45600891113281,1512400
2014-08-06,FANG,79.66999816894531,81.26000213623047,78.0199966430664,78.5199966430664,61.13677215576172,1155600
2014-08-06,FANG,79.66999816894531,81.26000213623047,78.0199966430664,78.5199966430664,61.13677215576172,1155600
2014-08-07,FANG,78.79000091552734,79.75,74.87000274658203,76.58000183105469,59.62627029418945,1941800
2014-08-07,FANG,78.79000091552734,79.75,74.87000274658203,76.58000183105469,59.62627029418945,1941800
2014-08-08,FANG,76.80000305175781,78.33000183105469,76.54000091552734,77.44999694824219,60.303653717041016,955700
2014-08-08,FANG,76.80000305175781,78.33000183105469,76.54000091552734,77.44999694824219,60.303653717041016,955700
2014-08-11,FANG,78.1500015258789,78.26000213623047,76.61000061035156,77.48999786376953,60.33480453491211,1063700
2014-08-11,FANG,78.1500015258789,78.26000213623047,76.61000061035156,77.48999786376953,60.33480453491211,1063700
2014-08-12,FANG,76.9800033569336,77.47000122070312,75.66000366210938,76.04000091552734,59.2058219909668,576800
2014-08-12,FANG,76.9800033569336,77.47000122070312,75.66000366210938,76.04000091552734,59.2058219909668,576800
2014-08-13,FANG,76.16000366210938,77.95999908447266,76.16000366210938,77.18000030517578,60.09342193603516,599200
2014-08-13,FANG,76.16000366210938,77.95999908447266,76.16000366210938,77.18000030517578,60.09342193603516,599200
2014-08-14,FANG,77.0999984741211,77.80999755859375,74.6500015258789,75.86000061035156,59.06567001342773,1125400
2014-08-14,FANG,77.0999984741211,77.80999755859375,74.6500015258789,75.86000061035156,59.06567001342773,1125400
2014-08-15,FANG,77.3499984741211,78.62000274658203,76.4000015258789,78.44999694824219,61.0822639465332,912300
2014-08-15,FANG,77.3499984741211,78.62000274658203,76.4000015258789,78.44999694824219,61.0822639465332,912300
2014-08-18,FANG,78.5,80.02999877929688,77.41000366210938,79.77999877929688,62.11782836914063,1350900
2014-08-18,FANG,78.5,80.02999877929688,77.41000366210938,79.77999877929688,62.11782836914063,1350900
2014-08-19,FANG,79.83000183105469,81.81999969482422,79.61000061035156,80.0,62.28911972045898,1100700
2014-08-19,FANG,79.83000183105469,81.81999969482422,79.61000061035156,80.0,62.28911972045898,1100700
2014-08-20,FANG,79.80000305175781,80.55000305175781,78.75,80.23999786376953,62.47598648071289,658400
2014-08-20,FANG,79.80000305175781,80.55000305175781,78.75,80.23999786376953,62.47598648071289,658400
2014-08-21,FANG,80.36000061035156,81.13999938964844,79.62999725341797,80.73999786376953,62.86530303955078,850200
2014-08-21,FANG,80.36000061035156,81.13999938964844,79.62999725341797,80.73999786376953,62.86530303955078,850200
2014-08-22,FANG,80.80000305175781,80.80000305175781,78.66999816894531,79.9800033569336,62.2735595703125,691900
2014-08-22,FANG,80.80000305175781,80.80000305175781,78.66999816894531,79.9800033569336,62.2735595703125,691900
2014-08-25,FANG,80.33000183105469,81.88999938964844,79.68000030517578,81.4000015258789,63.37919616699219,835800
2014-08-25,FANG,80.33000183105469,81.88999938964844,79.68000030517578,81.4000015258789,63.37919616699219,835800
2014-08-26,FANG,81.76000213623047,85.5,81.54000091552734,83.87999725341797,65.3101577758789,1391500
2014-08-26,FANG,81.76000213623047,85.5,81.54000091552734,83.87999725341797,65.3101577758789,1391500
2014-08-27,FANG,84.23999786376953,84.26000213623047,81.77999877929688,82.5999984741211,64.31354522705078,725600
2014-08-27,FANG,84.23999786376953,84.26000213623047,81.77999877929688,82.5999984741211,64.31354522705078,725600
2014-08-28,FANG,82.41000366210938,83.43000030517578,81.91999816894531,83.19999694824219,64.78067779541016,638100
2014-08-28,FANG,82.41000366210938,83.43000030517578,81.91999816894531,83.19999694824219,64.78067779541016,638100
2014-08-29,FANG,83.51000213623047,86.81999969482422,83.51000213623047,86.3499984741211,67.2332992553711,1062000
2014-08-29,FANG,83.51000213623047,86.81999969482422,83.51000213623047,86.3499984741211,67.2332992553711,1062000
2014-09-02,FANG,86.48999786376953,86.72000122070312,82.72000122070312,83.2300033569336,64.80406188964844,1137000
2014-09-02,FANG,86.48999786376953,86.72000122070312,82.72000122070312,83.2300033569336,64.80406188964844,1137000
2014-09-03,FANG,83.98999786376953,84.54000091552734,82.30999755859375,83.83999633789062,65.27902221679688,969400
2014-09-03,FANG,83.98999786376953,84.54000091552734,82.30999755859375,83.83999633789062,65.27902221679688,969400
2014-09-04,FANG,83.97000122070312,84.37000274658203,78.16000366210938,79.5,61.89979934692383,2162900
2014-09-04,FANG,83.97000122070312,84.37000274658203,78.16000366210938,79.5,61.89979934692383,2162900
2014-09-05,FANG,78.76000213623047,79.81999969482422,77.73999786376953,79.25,61.70515441894531,1125800
2014-09-05,FANG,78.76000213623047,79.81999969482422,77.73999786376953,79.25,61.70515441894531,1125800
2014-09-08,FANG,78.80999755859375,78.81999969482422,76.25,77.41999816894531,60.28028869628906,1323600
2014-09-08,FANG,78.80999755859375,78.81999969482422,76.25,77.41999816894531,60.28028869628906,1323600
2014-09-09,FANG,77.48999786376953,79.12000274658203,75.56999969482422,76.45999908447266,59.5328254699707,1162800
2014-09-09,FANG,77.48999786376953,79.12000274658203,75.56999969482422,76.45999908447266,59.5328254699707,1162800
2014-09-10,FANG,76.01000213623047,77.70999908447266,74.61000061035156,76.80000305175781,59.79755401611328,1018900
2014-09-10,FANG,76.01000213623047,77.70999908447266,74.61000061035156,76.80000305175781,59.79755401611328,1018900
2014-09-11,FANG,75.72000122070312,78.16000366210938,75.6500015258789,77.87000274658203,60.63068008422852,803200
2014-09-11,FANG,75.72000122070312,78.16000366210938,75.6500015258789,77.87000274658203,60.63068008422852,803200
2014-09-12,FANG,77.41000366210938,77.87000274658203,75.83000183105469,76.55999755859375,59.610687255859375,546200
2014-09-12,FANG,77.41000366210938,77.87000274658203,75.83000183105469,76.55999755859375,59.610687255859375,546200
2014-09-15,FANG,76.27999877929688,77.2699966430664,75.19999694824219,76.23999786376953,59.36154174804688,707900
2014-09-15,FANG,76.27999877929688,77.2699966430664,75.19999694824219,76.23999786376953,59.36154174804688,707900
2014-09-16,FANG,76.3499984741211,79.77999877929688,75.75,78.22000122070312,60.9031867980957,835300
2014-09-16,FANG,76.3499984741211,79.77999877929688,75.75,78.22000122070312,60.9031867980957,835300
2014-09-17,FANG,78.54000091552734,79.30000305175781,77.01000213623047,77.69999694824219,60.498321533203125,867500
2014-09-17,FANG,78.54000091552734,79.30000305175781,77.01000213623047,77.69999694824219,60.498321533203125,867500
2014-09-18,FANG,75.91000366210938,77.4800033569336,75.25,76.18000030517578,59.314823150634766,2357300
2014-09-18,FANG,75.91000366210938,77.4800033569336,75.25,76.18000030517578,59.314823150634766,2357300
2014-09-19,FANG,76.4000015258789,77.0,74.73999786376953,75.55000305175781,58.82429122924805,1628700
2014-09-19,FANG,76.4000015258789,77.0,74.73999786376953,75.55000305175781,58.82429122924805,1628700
2014-09-22,FANG,75.51000213623047,75.55000305175781,72.93000030517578,73.45999908447266,57.19698715209961,1101600
2014-09-22,FANG,75.51000213623047,75.55000305175781,72.93000030517578,73.45999908447266,57.19698715209961,1101600
2014-09-23,FANG,73.30999755859375,74.93000030517578,72.63999938964844,72.83999633789062,56.71424102783203,913600
2014-09-23,FANG,73.30999755859375,74.93000030517578,72.63999938964844,72.83999633789062,56.71424102783203,913600
2014-09-24,FANG,73.05999755859375,74.47000122070312,70.66000366210938,74.30000305175781,57.85102462768555,1752800
2014-09-24,FANG,73.05999755859375,74.47000122070312,70.66000366210938,74.30000305175781,57.85102462768555,1752800
2014-09-25,FANG,73.93000030517578,74.12999725341797,71.87999725341797,72.5999984741211,56.52738571166992,1334600
2014-09-25,FANG,73.93000030517578,74.12999725341797,71.87999725341797,72.5999984741211,56.52738571166992,1334600
2014-09-26,FANG,72.56999969482422,73.97000122070312,71.87000274658203,73.63999938964844,57.337135314941406,747600
2014-09-26,FANG,72.56999969482422,73.97000122070312,71.87000274658203,73.63999938964844,57.337135314941406,747600
2014-09-29,FANG,74.97000122070312,76.94999694824219,74.26000213623047,76.76000213623047,59.766414642333984,2375800
2014-09-29,FANG,74.97000122070312,76.94999694824219,74.26000213623047,76.76000213623047,59.766414642333984,2375800
2014-09-30,FANG,76.94999694824219,77.30000305175781,73.37999725341797,74.77999877929688,58.224754333496094,1609600
2014-09-30,FANG,76.94999694824219,77.30000305175781,73.37999725341797,74.77999877929688,58.224754333496094,1609600
2014-10-01,FANG,75.30000305175781,76.69999694824219,73.29000091552734,74.41000366210938,57.93667221069336,1983600
2014-10-01,FANG,75.30000305175781,76.69999694824219,73.29000091552734,74.41000366210938,57.93667221069336,1983600
2014-10-02,FANG,73.44999694824219,76.94000244140625,71.72000122070312,75.27999877929688,58.61406707763672,1704600
2014-10-02,FANG,73.44999694824219,76.94000244140625,71.72000122070312,75.27999877929688,58.61406707763672,1704600
2014-10-03,FANG,75.58000183105469,75.58000183105469,72.51000213623047,73.0,56.83882522583008,873900
2014-10-03,FANG,75.58000183105469,75.58000183105469,72.51000213623047,73.0,56.83882522583008,873900
2014-10-06,FANG,73.12999725341797,74.58000183105469,71.94000244140625,73.97000122070312,57.59409332275391,1040600
2014-10-06,FANG,73.12999725341797,74.58000183105469,71.94000244140625,73.97000122070312,57.59409332275391,1040600
2014-10-07,FANG,73.66999816894531,74.52999877929688,71.33999633789062,71.44999694824219,55.6319580078125,1183800
2014-10-07,FANG,73.66999816894531,74.52999877929688,71.33999633789062,71.44999694824219,55.6319580078125,1183800
2014-10-08,FANG,70.94999694824219,73.41000366210938,68.58000183105469,73.12000274658203,56.93225860595703,1503900
2014-10-08,FANG,70.94999694824219,73.41000366210938,68.58000183105469,73.12000274658203,56.93225860595703,1503900
2014-10-09,FANG,72.43000030517578,72.43000030517578,68.55999755859375,69.2699966430664,53.934600830078125,1436100
2014-10-09,FANG,72.43000030517578,72.43000030517578,68.55999755859375,69.2699966430664,53.934600830078125,1436100
2014-10-10,FANG,68.80000305175781,68.8499984741211,63.13999938964844,64.75,50.41526794433594,2625500
2014-10-10,FANG,68.80000305175781,68.8499984741211,63.13999938964844,64.75,50.41526794433594,2625500
2014-10-13,FANG,63.25,65.54000091552734,58.40999984741211,59.209999084472656,46.10174179077149,3605700
2014-10-13,FANG,63.25,65.54000091552734,58.40999984741211,59.209999084472656,46.10174179077149,3605700
2014-10-14,FANG,59.0,61.7599983215332,56.900001525878906,58.43999862670898,45.502201080322266,3573000
2014-10-14,FANG,59.0,61.7599983215332,56.900001525878906,58.43999862670898,45.502201080322266,3573000
2014-10-15,FANG,56.95000076293945,60.47999954223633,56.34000015258789,59.97999954223633,46.701271057128906,1971100
2014-10-15,FANG,56.95000076293945,60.47999954223633,56.34000015258789,59.97999954223633,46.701271057128906,1971100
2014-10-16,FANG,59.13999938964844,64.04000091552734,57.400001525878906,63.119998931884766,49.14611053466797,2024000
2014-10-16,FANG,59.13999938964844,64.04000091552734,57.400001525878906,63.119998931884766,49.14611053466797,2024000
2014-10-17,FANG,64.5999984741211,68.44000244140625,61.86000061035156,63.34999847412109,49.32520294189453,1731600
2014-10-17,FANG,64.5999984741211,68.44000244140625,61.86000061035156,63.34999847412109,49.32520294189453,1731600
2014-10-20,FANG,63.0,65.80000305175781,62.02999877929688,64.27999877929688,50.0493049621582,752300
2014-10-20,FANG,63.0,65.80000305175781,62.02999877929688,64.27999877929688,50.0493049621582,752300
2014-10-21,FANG,65.38999938964844,67.55999755859375,64.79000091552734,67.48999786376953,52.54866790771485,1882500
2014-10-21,FANG,65.38999938964844,67.55999755859375,64.79000091552734,67.48999786376953,52.54866790771485,1882500
2014-10-22,FANG,67.80999755859375,69.6500015258789,64.0999984741211,64.19999694824219,49.98702621459961,1461300
2014-10-22,FANG,67.80999755859375,69.6500015258789,64.0999984741211,64.19999694824219,49.98702621459961,1461300
2014-10-23,FANG,65.3499984741211,68.26000213623047,63.810001373291016,67.22000122070312,52.33843994140625,1535300
2014-10-23,FANG,65.3499984741211,68.26000213623047,63.810001373291016,67.22000122070312,52.33843994140625,1535300
2014-10-24,FANG,66.83000183105469,67.56999969482422,65.06999969482422,67.23999786376953,52.35400772094727,774200
2014-10-24,FANG,66.83000183105469,67.56999969482422,65.06999969482422,67.23999786376953,52.35400772094727,774200
2014-10-27,FANG,64.61000061035156,65.0,60.5099983215332,64.12999725341797,49.93251419067383,1422000
2014-10-27,FANG,64.61000061035156,65.0,60.5099983215332,64.12999725341797,49.93251419067383,1422000
2014-10-28,FANG,64.6500015258789,67.83000183105469,63.720001220703125,67.77999877929688,52.774452209472656,757000
2014-10-28,FANG,64.6500015258789,67.83000183105469,63.720001220703125,67.77999877929688,52.774452209472656,757000
2014-10-29,FANG,68.25,70.0,67.36000061035156,69.08000183105469,53.78666305541992,1219100
2014-10-29,FANG,68.25,70.0,67.36000061035156,69.08000183105469,53.78666305541992,1219100
2014-10-30,FANG,68.08999633789062,68.95999908447266,66.41999816894531,67.68000030517578,52.69659423828125,966600
2014-10-30,FANG,68.08999633789062,68.95999908447266,66.41999816894531,67.68000030517578,52.69659423828125,966600
2014-10-31,FANG,67.95999908447266,68.61000061035156,64.06999969482422,68.44000244140625,53.28833770751953,1746100
2014-10-31,FANG,67.95999908447266,68.61000061035156,64.06999969482422,68.44000244140625,53.28833770751953,1746100
2014-11-03,FANG,68.44000244140625,71.54000091552734,66.5199966430664,67.38999938964844,52.47080612182617,1337800
2014-11-03,FANG,68.44000244140625,71.54000091552734,66.5199966430664,67.38999938964844,52.47080612182617,1337800
2014-11-04,FANG,65.5199966430664,66.41000366210938,62.68000030517578,63.63999938964844,49.55099487304688,1948200
2014-11-04,FANG,65.5199966430664,66.41000366210938,62.68000030517578,63.63999938964844,49.55099487304688,1948200
2014-11-05,FANG,67.08999633789062,67.08999633789062,63.02999877929688,65.01000213623047,50.6176986694336,1402500
2014-11-05,FANG,67.08999633789062,67.08999633789062,63.02999877929688,65.01000213623047,50.6176986694336,1402500
2014-11-06,FANG,64.45999908447266,66.01000213623047,63.70000076293945,65.81999969482422,51.24837493896485,1091800
2014-11-06,FANG,64.45999908447266,66.01000213623047,63.70000076293945,65.81999969482422,51.24837493896485,1091800
2014-11-07,FANG,66.08999633789062,69.54000091552734,66.08999633789062,69.48999786376953,54.105899810791016,1403800
2014-11-07,FANG,66.08999633789062,69.54000091552734,66.08999633789062,69.48999786376953,54.105899810791016,1403800
2014-11-10,FANG,70.13999938964844,71.38999938964844,66.30999755859375,66.5999984741211,51.85568237304688,1361900
2014-11-10,FANG,70.13999938964844,71.38999938964844,66.30999755859375,66.5999984741211,51.85568237304688,1361900
2014-11-11,FANG,66.62000274658203,68.75,65.91000366210938,67.5,52.55645751953125,1143200
2014-11-11,FANG,66.62000274658203,68.75,65.91000366210938,67.5,52.55645751953125,1143200
2014-11-12,FANG,64.77999877929688,65.94000244140625,64.25,64.80999755859375,50.46197891235352,3320300
2014-11-12,FANG,64.77999877929688,65.94000244140625,64.25,64.80999755859375,50.46197891235352,3320300
2014-11-13,FANG,64.48999786376953,65.5999984741211,63.20000076293945,64.76000213623047,50.42305374145508,1750100
2014-11-13,FANG,64.48999786376953,65.5999984741211,63.20000076293945,64.76000213623047,50.42305374145508,1750100
2014-11-14,FANG,65.11000061035156,67.91000366210938,64.5999984741211,67.79000091552734,52.7822494506836,1044000
2014-11-14,FANG,65.11000061035156,67.91000366210938,64.5999984741211,67.79000091552734,52.7822494506836,1044000
2014-11-17,FANG,66.9000015258789,67.55999755859375,62.97999954223633,63.720001220703125,49.613277435302734,1575000
2014-11-17,FANG,66.9000015258789,67.55999755859375,62.97999954223633,63.720001220703125,49.613277435302734,1575000
2014-11-18,FANG,63.61000061035156,65.43000030517578,62.400001525878906,64.37000274658203,50.1193962097168,1264000
2014-11-18,FANG,63.61000061035156,65.43000030517578,62.400001525878906,64.37000274658203,50.1193962097168,1264000
2014-11-19,FANG,64.58999633789062,65.44000244140625,62.84000015258789,65.12999725341797,50.71113204956055,1008700
2014-11-19,FANG,64.58999633789062,65.44000244140625,62.84000015258789,65.12999725341797,50.71113204956055,1008700
2014-11-20,FANG,65.13999938964844,67.33000183105469,65.08999633789062,67.20999908447266,52.33065032958984,813000
2014-11-20,FANG,65.13999938964844,67.33000183105469,65.08999633789062,67.20999908447266,52.33065032958984,813000
2014-11-21,FANG,68.5,71.30000305175781,68.26000213623047,69.73999786376953,54.30055236816406,1509100
2014-11-21,FANG,68.5,71.30000305175781,68.26000213623047,69.73999786376953,54.30055236816406,1509100
2014-11-24,FANG,69.16000366210938,69.83000183105469,67.0,68.08999633789062,53.01582717895508,1300100
2014-11-24,FANG,69.16000366210938,69.83000183105469,67.0,68.08999633789062,53.01582717895508,1300100
2014-11-25,FANG,68.63999938964844,69.4000015258789,66.52999877929688,67.02999877929688,52.19048690795898,1169600
2014-11-25,FANG,68.63999938964844,69.4000015258789,66.52999877929688,67.02999877929688,52.19048690795898,1169600
2014-11-26,FANG,66.80000305175781,66.80999755859375,64.2300033569336,64.87999725341797,50.516483306884766,961800
2014-11-26,FANG,66.80000305175781,66.80999755859375,64.2300033569336,64.87999725341797,50.516483306884766,961800
2014-11-28,FANG,58.86000061035156,61.86000061035156,54.47999954223633,56.400001525878906,43.9138298034668,2111700
2014-11-28,FANG,58.86000061035156,61.86000061035156,54.47999954223633,56.400001525878906,43.9138298034668,2111700
2014-12-01,FANG,56.18999862670898,57.45000076293945,53.869998931884766,55.810001373291016,43.4544563293457,1516000
2014-12-01,FANG,56.18999862670898,57.45000076293945,53.869998931884766,55.810001373291016,43.4544563293457,1516000
2014-12-02,FANG,55.369998931884766,58.709999084472656,54.43999862670898,57.84000015258789,45.03504180908203,1981400
2014-12-02,FANG,55.369998931884766,58.709999084472656,54.43999862670898,57.84000015258789,45.03504180908203,1981400
2014-12-03,FANG,58.45000076293945,63.11000061035156,56.970001220703125,59.86000061035156,46.60784149169922,1624500
2014-12-03,FANG,58.45000076293945,63.11000061035156,56.970001220703125,59.86000061035156,46.60784149169922,1624500
2014-12-04,FANG,58.93999862670898,60.20000076293945,57.40999984741211,58.47999954223633,45.53335189819336,1272400
2014-12-04,FANG,58.93999862670898,60.20000076293945,57.40999984741211,58.47999954223633,45.53335189819336,1272400
2014-12-05,FANG,58.38999938964844,59.68999862670898,57.47999954223633,58.790000915527344,45.774715423583984,1507000
2014-12-05,FANG,58.38999938964844,59.68999862670898,57.47999954223633,58.790000915527344,45.774715423583984,1507000
2014-12-08,FANG,57.310001373291016,57.310001373291016,53.93000030517578,54.79999923706055,42.66804504394531,1576700
2014-12-08,FANG,57.310001373291016,57.310001373291016,53.93000030517578,54.79999923706055,42.66804504394531,1576700
2014-12-09,FANG,54.220001220703125,57.65999984741211,53.709999084472656,56.68000030517578,44.13184356689453,1354400
2014-12-09,FANG,54.220001220703125,57.65999984741211,53.709999084472656,56.68000030517578,44.13184356689453,1354400
2014-12-10,FANG,55.84999847412109,56.5099983215332,53.0,53.650001525878906,41.772647857666016,1325600
2014-12-10,FANG,55.84999847412109,56.5099983215332,53.0,53.650001525878906,41.772647857666016,1325600
2014-12-11,FANG,53.27999877929688,55.720001220703125,52.93999862670898,53.11000061035156,41.35219955444336,1017000
2014-12-11,FANG,53.27999877929688,55.720001220703125,52.93999862670898,53.11000061035156,41.35219955444336,1017000
2014-12-12,FANG,51.86000061035156,54.91999816894531,51.790000915527344,52.470001220703125,40.85387802124024,2185300
2014-12-12,FANG,51.86000061035156,54.91999816894531,51.790000915527344,52.470001220703125,40.85387802124024,2185300
2014-12-15,FANG,52.86000061035156,54.33000183105469,51.68999862670898,53.40999984741211,41.58577728271485,1413600
2014-12-15,FANG,52.86000061035156,54.33000183105469,51.68999862670898,53.40999984741211,41.58577728271485,1413600
2014-12-16,FANG,52.08000183105469,58.959999084472656,51.95000076293945,55.84000015258789,43.477806091308594,2552400
2014-12-16,FANG,52.08000183105469,58.959999084472656,51.95000076293945,55.84000015258789,43.477806091308594,2552400
2014-12-17,FANG,55.93999862670898,59.95000076293945,55.7400016784668,58.970001220703125,45.91488265991211,4351300
2014-12-17,FANG,55.93999862670898,59.95000076293945,55.7400016784668,58.970001220703125,45.91488265991211,4351300
2014-12-18,FANG,61.59999847412109,62.38999938964844,57.81999969482422,59.58000183105469,46.38982009887695,1985600
2014-12-18,FANG,61.59999847412109,62.38999938964844,57.81999969482422,59.58000183105469,46.38982009887695,1985600
2014-12-19,FANG,59.900001525878906,63.02999877929688,58.70000076293945,62.560001373291016,48.7100944519043,1600000
2014-12-19,FANG,59.900001525878906,63.02999877929688,58.70000076293945,62.560001373291016,48.7100944519043,1600000
2014-12-22,FANG,61.56999969482422,62.47999954223633,59.31999969482422,61.06999969482422,47.54996871948242,933300
2014-12-22,FANG,61.56999969482422,62.47999954223633,59.31999969482422,61.06999969482422,47.54996871948242,933300
2014-12-23,FANG,61.25,62.22999954223633,60.40999984741211,61.70000076293945,48.040489196777344,840900
2014-12-23,FANG,61.25,62.22999954223633,60.40999984741211,61.70000076293945,48.040489196777344,840900
2014-12-24,FANG,61.16999816894531,61.290000915527344,59.0,60.18000030517578,46.85698318481445,384500
2014-12-24,FANG,61.16999816894531,61.290000915527344,59.0,60.18000030517578,46.85698318481445,384500
2014-12-26,FANG,61.75,61.75,59.560001373291016,60.40999984741211,47.03607177734375,427200
2014-12-26,FANG,61.75,61.75,59.560001373291016,60.40999984741211,47.03607177734375,427200
2014-12-29,FANG,60.65999984741211,62.310001373291016,59.08000183105469,60.380001068115234,47.01272201538086,672500
2014-12-29,FANG,60.65999984741211,62.310001373291016,59.08000183105469,60.380001068115234,47.01272201538086,672500
2014-12-30,FANG,59.720001220703125,61.52000045776367,58.81999969482422,59.869998931884766,46.61562728881836,823000
2014-12-30,FANG,59.720001220703125,61.52000045776367,58.81999969482422,59.869998931884766,46.61562728881836,823000
2014-12-31,FANG,58.84999847412109,61.06999969482422,57.61000061035156,59.77999877929688,46.54555130004883,1022500
2014-12-31,FANG,58.84999847412109,61.06999969482422,57.61000061035156,59.77999877929688,46.54555130004883,1022500
2015-01-02,FANG,60.04999923706055,61.5099983215332,58.7400016784668,59.93000030517578,46.66234970092773,1023200
2015-01-02,FANG,60.04999923706055,61.5099983215332,58.7400016784668,59.93000030517578,46.66234970092773,1023200
2015-01-05,FANG,59.20000076293945,59.59000015258789,55.869998931884766,57.27999877929688,44.59901428222656,1421500
2015-01-05,FANG,59.20000076293945,59.59000015258789,55.869998931884766,57.27999877929688,44.59901428222656,1421500
2015-01-06,FANG,56.720001220703125,58.18999862670898,55.52999877929688,57.369998931884766,44.66909408569336,1394500
2015-01-06,FANG,56.720001220703125,58.18999862670898,55.52999877929688,57.369998931884766,44.66909408569336,1394500
2015-01-07,FANG,58.400001525878906,60.02999877929688,57.18000030517578,58.25,45.35426712036133,1197000
2015-01-07,FANG,58.400001525878906,60.02999877929688,57.18000030517578,58.25,45.35426712036133,1197000
2015-01-08,FANG,58.7400016784668,61.33000183105469,57.709999084472656,61.09000015258789,47.56553268432617,1217300
2015-01-08,FANG,58.7400016784668,61.33000183105469,57.709999084472656,61.09000015258789,47.56553268432617,1217300
2015-01-09,FANG,61.2599983215332,62.38999938964844,60.08000183105469,61.84000015258789,48.14949798583984,858200
2015-01-09,FANG,61.2599983215332,62.38999938964844,60.08000183105469,61.84000015258789,48.14949798583984,858200
2015-01-12,FANG,60.66999816894531,61.310001373291016,57.790000915527344,59.470001220703125,46.304176330566406,1168200
2015-01-12,FANG,60.66999816894531,61.310001373291016,57.790000915527344,59.470001220703125,46.304176330566406,1168200
2015-01-13,FANG,60.040000915527344,61.59000015258789,59.41999816894531,61.2400016784668,47.68232345581055,927900
2015-01-13,FANG,60.040000915527344,61.59000015258789,59.41999816894531,61.2400016784668,47.68232345581055,927900
2015-01-14,FANG,61.4900016784668,66.0,61.29999923706055,65.30000305175781,50.84349060058594,2873500
2015-01-14,FANG,61.4900016784668,66.0,61.29999923706055,65.30000305175781,50.84349060058594,2873500
2015-01-15,FANG,66.44999694824219,67.30000305175781,63.27999877929688,63.45000076293945,49.403053283691406,2094200
2015-01-15,FANG,66.44999694824219,67.30000305175781,63.27999877929688,63.45000076293945,49.403053283691406,2094200
2015-01-16,FANG,64.19999694824219,66.72000122070312,64.0,65.62999725341797,51.10042953491211,2162800
2015-01-16,FANG,64.19999694824219,66.72000122070312,64.0,65.62999725341797,51.10042953491211,2162800
2015-01-20,FANG,64.3499984741211,65.79000091552734,61.90999984741211,62.810001373291016,48.90475463867188,1837700
2015-01-20,FANG,64.3499984741211,65.79000091552734,61.90999984741211,62.810001373291016,48.90475463867188,1837700
2015-01-21,FANG,61.970001220703125,68.9000015258789,61.52000045776367,68.54000091552734,53.366207122802734,2502400
2015-01-21,FANG,61.970001220703125,68.9000015258789,61.52000045776367,68.54000091552734,53.366207122802734,2502400
2015-01-22,FANG,68.94000244140625,69.51000213623047,67.16000366210938,67.9800033569336,52.93019104003906,1611900
2015-01-22,FANG,68.94000244140625,69.51000213623047,67.16000366210938,67.9800033569336,52.93019104003906,1611900
2015-01-23,FANG,67.55999755859375,69.16999816894531,66.27999877929688,67.0,52.16714859008789,1035200
2015-01-23,FANG,67.55999755859375,69.16999816894531,66.27999877929688,67.0,52.16714859008789,1035200
2015-01-26,FANG,67.05000305175781,68.97000122070312,66.16000366210938,68.51000213623047,53.34284210205078,1585300
2015-01-26,FANG,67.05000305175781,68.97000122070312,66.16000366210938,68.51000213623047,53.34284210205078,1585300
2015-01-27,FANG,67.68000030517578,70.83000183105469,67.52999877929688,68.97000122070312,53.70102691650391,1336600
2015-01-27,FANG,67.68000030517578,70.83000183105469,67.52999877929688,68.97000122070312,53.70102691650391,1336600
2015-01-28,FANG,68.0999984741211,68.55000305175781,65.33999633789062,66.08000183105469,51.450828552246094,1225500
2015-01-28,FANG,68.0999984741211,68.55000305175781,65.33999633789062,66.08000183105469,51.450828552246094,1225500
2015-01-29,FANG,66.68000030517578,68.66000366210938,64.20999908447266,68.63999938964844,53.44407272338867,1136500
2015-01-29,FANG,66.68000030517578,68.66000366210938,64.20999908447266,68.63999938964844,53.44407272338867,1136500
2015-01-30,FANG,67.56999969482422,70.66000366210938,66.73999786376953,68.98999786376953,53.716583251953125,1544700
2015-01-30,FANG,67.56999969482422,70.66000366210938,66.73999786376953,68.98999786376953,53.716583251953125,1544700
2015-02-02,FANG,69.7300033569336,72.0,68.0,69.73999786376953,54.30055236816406,1456100
2015-02-02,FANG,69.7300033569336,72.0,68.0,69.73999786376953,54.30055236816406,1456100
2015-02-03,FANG,71.33000183105469,72.80999755859375,68.75,69.68000030517578,54.253814697265625,1676800
2015-02-03,FANG,71.33000183105469,72.80999755859375,68.75,69.68000030517578,54.253814697265625,1676800
2015-02-04,FANG,68.66999816894531,69.55999755859375,66.5999984741211,67.12999725341797,52.26836013793945,1019400
2015-02-04,FANG,68.66999816894531,69.55999755859375,66.5999984741211,67.12999725341797,52.26836013793945,1019400
2015-02-05,FANG,68.45999908447266,69.44999694824219,67.27999877929688,69.05999755859375,53.77109146118164,1056800
2015-02-05,FANG,68.45999908447266,69.44999694824219,67.27999877929688,69.05999755859375,53.77109146118164,1056800
2015-02-06,FANG,69.80999755859375,71.05999755859375,68.97000122070312,70.83000183105469,55.14922332763672,1270600
2015-02-06,FANG,69.80999755859375,71.05999755859375,68.97000122070312,70.83000183105469,55.14922332763672,1270600
2015-02-09,FANG,71.05000305175781,72.12000274658203,70.08000183105469,70.12999725341797,54.60420227050781,983900
2015-02-09,FANG,71.05000305175781,72.12000274658203,70.08000183105469,70.12999725341797,54.60420227050781,983900
2015-02-10,FANG,70.41999816894531,70.44999694824219,67.56999969482422,69.4000015258789,54.03580856323242,1084400
2015-02-10,FANG,70.41999816894531,70.44999694824219,67.56999969482422,69.4000015258789,54.03580856323242,1084400
2015-02-11,FANG,67.69000244140625,68.87999725341797,65.55000305175781,68.77999877929688,53.55308151245117,1473300
2015-02-11,FANG,67.69000244140625,68.87999725341797,65.55000305175781,68.77999877929688,53.55308151245117,1473300
2015-02-12,FANG,69.91999816894531,73.4000015258789,69.87000274658203,72.97000122070312,56.815460205078125,1622200
2015-02-12,FANG,69.91999816894531,73.4000015258789,69.87000274658203,72.97000122070312,56.815460205078125,1622200
2015-02-13,FANG,74.5,75.27999877929688,72.61000061035156,73.45999908447266,57.19698715209961,1238200
2015-02-13,FANG,74.5,75.27999877929688,72.61000061035156,73.45999908447266,57.19698715209961,1238200
2015-02-17,FANG,72.69000244140625,74.19000244140625,72.26000213623047,73.56999969482422,57.28263092041016,1456200
2015-02-17,FANG,72.69000244140625,74.19000244140625,72.26000213623047,73.56999969482422,57.28263092041016,1456200
2015-02-18,FANG,71.3499984741211,75.77999877929688,71.2699966430664,73.80000305175781,57.46171951293945,1725400
2015-02-18,FANG,71.3499984741211,75.77999877929688,71.2699966430664,73.80000305175781,57.46171951293945,1725400
2015-02-19,FANG,72.2699966430664,76.93000030517578,71.25,75.86000061035156,59.06567001342773,1322800
2015-02-19,FANG,72.2699966430664,76.93000030517578,71.25,75.86000061035156,59.06567001342773,1322800
2015-02-20,FANG,76.02999877929688,76.80999755859375,74.37000274658203,75.08999633789062,58.46613693237305,1241700
2015-02-20,FANG,76.02999877929688,76.80999755859375,74.37000274658203,75.08999633789062,58.46613693237305,1241700
2015-02-23,FANG,73.51000213623047,75.19999694824219,72.36000061035156,74.36000061035156,57.89774703979492,1056400
2015-02-23,FANG,73.51000213623047,75.19999694824219,72.36000061035156,74.36000061035156,57.89774703979492,1056400
2015-02-24,FANG,75.08000183105469,75.33999633789062,72.87999725341797,74.08000183105469,57.67973709106445,755300
2015-02-24,FANG,75.08000183105469,75.33999633789062,72.87999725341797,74.08000183105469,57.67973709106445,755300
2015-02-25,FANG,74.80999755859375,76.05999755859375,73.55000305175781,74.95999908447266,58.36489868164063,1075600
2015-02-25,FANG,74.80999755859375,76.05999755859375,73.55000305175781,74.95999908447266,58.36489868164063,1075600
2015-02-26,FANG,74.37999725341797,74.58000183105469,72.33000183105469,73.16999816894531,56.971187591552734,856900
2015-02-26,FANG,74.37999725341797,74.58000183105469,72.33000183105469,73.16999816894531,56.971187591552734,856900
2015-02-27,FANG,73.73999786376953,73.73999786376953,70.8499984741211,71.20999908447266,55.445091247558594,931300
2015-02-27,FANG,73.73999786376953,73.73999786376953,70.8499984741211,71.20999908447266,55.445091247558594,931300
2015-03-02,FANG,70.88999938964844,72.2699966430664,69.73999786376953,70.9800033569336,55.26604080200195,1051300
2015-03-02,FANG,70.88999938964844,72.2699966430664,69.73999786376953,70.9800033569336,55.26604080200195,1051300
2015-03-03,FANG,71.2300033569336,72.0,70.4800033569336,71.69000244140625,55.81882858276367,1694900
2015-03-03,FANG,71.2300033569336,72.0,70.4800033569336,71.69000244140625,55.81882858276367,1694900
2015-03-04,FANG,72.88999938964844,73.56999969482422,71.01000213623047,71.80999755859375,55.91226959228516,1532600
2015-03-04,FANG,72.88999938964844,73.56999969482422,71.01000213623047,71.80999755859375,55.91226959228516,1532600
2015-03-05,FANG,71.4000015258789,72.25,70.72000122070312,71.18000030517578,55.421756744384766,1059400
2015-03-05,FANG,71.4000015258789,72.25,70.72000122070312,71.18000030517578,55.421756744384766,1059400
2015-03-06,FANG,70.18000030517578,71.3499984741211,69.56999969482422,69.86000061035156,54.39397811889648,740700
2015-03-06,FANG,70.18000030517578,71.3499984741211,69.56999969482422,69.86000061035156,54.39397811889648,740700
2015-03-09,FANG,69.94999694824219,71.4000015258789,69.4000015258789,69.61000061035156,54.19932174682617,983800
2015-03-09,FANG,69.94999694824219,71.4000015258789,69.4000015258789,69.61000061035156,54.19932174682617,983800
2015-03-10,FANG,68.70999908447266,70.19999694824219,68.08000183105469,68.08999633789062,53.01582717895508,859000
2015-03-10,FANG,68.70999908447266,70.19999694824219,68.08000183105469,68.08999633789062,53.01582717895508,859000
2015-03-11,FANG,68.31999969482422,70.44000244140625,68.0,70.05000305175781,54.54191589355469,817700
2015-03-11,FANG,68.31999969482422,70.44000244140625,68.0,70.05000305175781,54.54191589355469,817700
2015-03-12,FANG,70.88999938964844,71.48999786376953,69.87999725341797,69.94000244140625,54.45626831054688,738300
2015-03-12,FANG,70.88999938964844,71.48999786376953,69.87999725341797,69.94000244140625,54.45626831054688,738300
2015-03-13,FANG,68.94999694824219,69.80999755859375,67.5199966430664,69.68000030517578,54.253814697265625,1105200
2015-03-13,FANG,68.94999694824219,69.80999755859375,67.5199966430664,69.68000030517578,54.253814697265625,1105200
2015-03-16,FANG,68.98999786376953,70.0,67.79000091552734,70.0,54.50298309326172,662300
2015-03-16,FANG,68.98999786376953,70.0,67.79000091552734,70.0,54.50298309326172,662300
2015-03-17,FANG,70.38999938964844,71.5,69.5199966430664,70.47000122070312,54.86893081665039,856100
2015-03-17,FANG,70.38999938964844,71.5,69.5199966430664,70.47000122070312,54.86893081665039,856100
2015-03-18,FANG,69.80999755859375,72.80000305175781,69.23999786376953,72.6500015258789,56.56630325317383,1238400
2015-03-18,FANG,69.80999755859375,72.80000305175781,69.23999786376953,72.6500015258789,56.56630325317383,1238400
2015-03-19,FANG,71.2300033569336,72.26000213623047,70.37999725341797,71.48999786376953,55.66312789916992,669300
2015-03-19,FANG,71.2300033569336,72.26000213623047,70.37999725341797,71.48999786376953,55.66312789916992,669300
2015-03-20,FANG,71.9800033569336,72.54000091552734,71.0999984741211,72.33999633789062,56.32493209838867,1595700
2015-03-20,FANG,71.9800033569336,72.54000091552734,71.0999984741211,72.33999633789062,56.32493209838867,1595700
2015-03-23,FANG,72.41000366210938,73.5,71.52999877929688,71.58000183105469,55.73318862915039,1423000
2015-03-23,FANG,72.41000366210938,73.5,71.52999877929688,71.58000183105469,55.73318862915039,1423000
2015-03-24,FANG,71.51000213623047,73.93000030517578,71.36000061035156,73.7699966430664,57.43836212158203,931900
2015-03-24,FANG,71.51000213623047,73.93000030517578,71.36000061035156,73.7699966430664,57.43836212158203,931900
2015-03-25,FANG,75.16999816894531,75.68000030517578,73.87000274658203,74.91999816894531,58.333763122558594,867100
2015-03-25,FANG,75.16999816894531,75.68000030517578,73.87000274658203,74.91999816894531,58.333763122558594,867100
2015-03-26,FANG,75.94999694824219,78.75,75.94999694824219,76.8499984741211,59.83649063110352,1887200
2015-03-26,FANG,75.94999694824219,78.75,75.94999694824219,76.8499984741211,59.83649063110352,1887200
2015-03-27,FANG,75.29000091552734,76.58000183105469,74.73999786376953,75.16999816894531,58.52843475341797,938700
2015-03-27,FANG,75.29000091552734,76.58000183105469,74.73999786376953,75.16999816894531,58.52843475341797,938700
2015-03-30,FANG,76.33999633789062,77.81999969482422,75.20999908447266,77.62999725341797,60.44379806518555,1079600
2015-03-30,FANG,76.33999633789062,77.81999969482422,75.20999908447266,77.62999725341797,60.44379806518555,1079600
2015-03-31,FANG,75.87999725341797,77.44000244140625,75.18000030517578,76.83999633789062,59.828712463378906,992600
2015-03-31,FANG,75.87999725341797,77.44000244140625,75.18000030517578,76.83999633789062,59.828712463378906,992600
2015-04-01,FANG,77.5999984741211,79.25,76.47000122070312,77.4000015258789,60.26472854614258,1137500
2015-04-01,FANG,77.5999984741211,79.25,76.47000122070312,77.4000015258789,60.26472854614258,1137500
2015-04-02,FANG,76.81999969482422,79.69999694824219,76.66999816894531,78.87999725341797,61.41706848144531,891600
2015-04-02,FANG,76.81999969482422,79.69999694824219,76.66999816894531,78.87999725341797,61.41706848144531,891600
2015-04-06,FANG,80.45999908447266,80.63999938964844,78.7699966430664,79.47000122070312,61.87648010253906,941700
2015-04-06,FANG,80.45999908447266,80.63999938964844,78.7699966430664,79.47000122070312,61.87648010253906,941700
2015-04-07,FANG,79.0999984741211,81.44999694824219,79.0999984741211,79.95999908447266,62.25797271728516,994200
2015-04-07,FANG,79.0999984741211,81.44999694824219,79.0999984741211,79.95999908447266,62.25797271728516,994200
2015-04-08,FANG,80.37999725341797,80.88999938964844,77.80000305175781,78.05999755859375,60.778621673583984,887100
2015-04-08,FANG,80.37999725341797,80.88999938964844,77.80000305175781,78.05999755859375,60.778621673583984,887100
2015-04-09,FANG,78.83000183105469,80.83999633789062,78.11000061035156,80.72000122070312,62.84972381591797,1196000
2015-04-09,FANG,78.83000183105469,80.83999633789062,78.11000061035156,80.72000122070312,62.84972381591797,1196000
2015-04-10,FANG,81.38999938964844,81.66000366210938,80.22000122070312,80.75,62.87308883666992,899600
2015-04-10,FANG,81.38999938964844,81.66000366210938,80.22000122070312,80.75,62.87308883666992,899600
2015-04-13,FANG,81.56999969482422,81.87999725341797,79.30000305175781,79.86000061035156,62.18011474609375,850700
2015-04-13,FANG,81.56999969482422,81.87999725341797,79.30000305175781,79.86000061035156,62.18011474609375,850700
2015-04-14,FANG,80.55000305175781,81.23999786376953,79.9800033569336,80.38999938964844,62.592769622802734,1003800
2015-04-14,FANG,80.55000305175781,81.23999786376953,79.9800033569336,80.38999938964844,62.592769622802734,1003800
2015-04-15,FANG,82.29000091552734,83.0,80.7300033569336,82.41000366210938,64.16559600830078,1431100
2015-04-15,FANG,82.29000091552734,83.0,80.7300033569336,82.41000366210938,64.16559600830078,1431100
2015-04-16,FANG,82.0,84.0999984741211,81.5,83.31999969482422,64.87411499023438,1177700
2015-04-16,FANG,82.0,84.0999984741211,81.5,83.31999969482422,64.87411499023438,1177700
2015-04-17,FANG,82.66999816894531,83.5999984741211,81.68000030517578,82.56999969482422,64.29015350341797,798500
2015-04-17,FANG,82.66999816894531,83.5999984741211,81.68000030517578,82.56999969482422,64.29015350341797,798500
2015-04-20,FANG,82.91000366210938,85.81999969482422,82.80999755859375,84.06999969482422,65.45807647705078,1021900
2015-04-20,FANG,82.91000366210938,85.81999969482422,82.80999755859375,84.06999969482422,65.45807647705078,1021900
2015-04-21,FANG,83.95999908447266,84.06999969482422,82.01000213623047,82.80999755859375,64.4770278930664,774700
2015-04-21,FANG,83.95999908447266,84.06999969482422,82.01000213623047,82.80999755859375,64.4770278930664,774700
2015-04-22,FANG,82.93000030517578,83.47000122070312,81.44000244140625,81.9800033569336,63.83078384399414,880400
2015-04-22,FANG,82.93000030517578,83.47000122070312,81.44000244140625,81.9800033569336,63.83078384399414,880400
2015-04-23,FANG,82.05999755859375,83.33000183105469,81.76000213623047,81.95999908447266,63.81520080566406,893300
2015-04-23,FANG,82.05999755859375,83.33000183105469,81.76000213623047,81.95999908447266,63.81520080566406,893300
2015-04-24,FANG,81.98999786376953,82.30000305175781,79.44999694824219,79.83000183105469,62.156768798828125,862900
2015-04-24,FANG,81.98999786376953,82.30000305175781,79.44999694824219,79.83000183105469,62.156768798828125,862900
2015-04-27,FANG,80.16000366210938,80.98999786376953,79.05999755859375,79.7300033569336,62.078895568847656,755900
2015-04-27,FANG,80.16000366210938,80.98999786376953,79.05999755859375,79.7300033569336,62.078895568847656,755900
2015-04-28,FANG,80.23999786376953,80.77999877929688,79.41999816894531,80.2300033569336,62.46820068359375,708800
2015-04-28,FANG,80.23999786376953,80.77999877929688,79.41999816894531,80.2300033569336,62.46820068359375,708800
2015-04-29,FANG,79.81999969482422,83.29000091552734,79.81999969482422,82.95999908447266,64.59381866455078,988300
2015-04-29,FANG,79.81999969482422,83.29000091552734,79.81999969482422,82.95999908447266,64.59381866455078,988300
2015-04-30,FANG,82.94999694824219,84.08999633789062,81.12000274658203,82.56999969482422,64.29015350341797,841100
2015-04-30,FANG,82.94999694824219,84.08999633789062,81.12000274658203,82.56999969482422,64.29015350341797,841100
2015-05-01,FANG,82.62000274658203,83.1500015258789,81.0199966430664,81.87999725341797,63.752925872802734,615600
2015-05-01,FANG,82.62000274658203,83.1500015258789,81.0199966430664,81.87999725341797,63.752925872802734,615600
2015-05-04,FANG,81.19999694824219,83.06999969482422,81.01000213623047,82.94000244140625,64.57823181152344,1005900
2015-05-04,FANG,81.19999694824219,83.06999969482422,81.01000213623047,82.94000244140625,64.57823181152344,1005900
2015-05-05,FANG,83.70999908447266,84.76000213623047,79.43000030517578,79.76000213623047,62.10226058959961,1272200
2015-05-05,FANG,83.70999908447266,84.76000213623047,79.43000030517578,79.76000213623047,62.10226058959961,1272200
2015-05-06,FANG,80.31999969482422,80.70999908447266,78.12000274658203,78.66999816894531,61.25356674194336,911200
2015-05-06,FANG,80.31999969482422,80.70999908447266,78.12000274658203,78.66999816894531,61.25356674194336,911200
2015-05-07,FANG,79.5,79.5,74.37000274658203,75.33999633789062,58.660762786865234,2329400
2015-05-07,FANG,79.5,79.5,74.37000274658203,75.33999633789062,58.660762786865234,2329400
2015-05-08,FANG,76.77999877929688,77.9800033569336,74.25,77.01000213623047,59.96107864379883,4787000
2015-05-08,FANG,76.77999877929688,77.9800033569336,74.25,77.01000213623047,59.96107864379883,4787000
2015-05-11,FANG,77.01000213623047,78.83000183105469,76.5,78.33000183105469,60.98883819580078,1735400
2015-05-11,FANG,77.01000213623047,78.83000183105469,76.5,78.33000183105469,60.98883819580078,1735400
2015-05-12,FANG,78.86000061035156,80.66000366210938,78.22000122070312,79.58999633789062,61.96989059448242,731900
2015-05-12,FANG,78.86000061035156,80.66000366210938,78.22000122070312,79.58999633789062,61.96989059448242,731900
2015-05-13,FANG,80.22000122070312,80.58000183105469,78.6500015258789,79.41999816894531,61.83753967285156,827900
2015-05-13,FANG,80.22000122070312,80.58000183105469,78.6500015258789,79.41999816894531,61.83753967285156,827900
2015-05-14,FANG,79.43000030517578,80.05999755859375,77.11000061035156,77.19999694824219,60.109004974365234,1277400
2015-05-14,FANG,79.43000030517578,80.05999755859375,77.11000061035156,77.19999694824219,60.109004974365234,1277400
2015-05-15,FANG,77.87999725341797,79.23999786376953,75.75,78.93000030517578,61.45600891113281,1088200
2015-05-15,FANG,77.87999725341797,79.23999786376953,75.75,78.93000030517578,61.45600891113281,1088200
2015-05-18,FANG,78.79000091552734,79.83999633789062,78.22000122070312,79.2300033569336,61.68959045410156,825800
2015-05-18,FANG,78.79000091552734,79.83999633789062,78.22000122070312,79.2300033569336,61.68959045410156,825800
2015-05-19,FANG,78.83000183105469,79.26000213623047,76.4000015258789,77.47000122070312,60.319217681884766,993100
2015-05-19,FANG,78.83000183105469,79.26000213623047,76.4000015258789,77.47000122070312,60.319217681884766,993100
2015-05-20,FANG,77.5999984741211,78.69000244140625,76.12999725341797,78.52999877929688,61.14453887939453,1064700
2015-05-20,FANG,77.5999984741211,78.69000244140625,76.12999725341797,78.52999877929688,61.14453887939453,1064700
2015-05-21,FANG,79.0,81.37000274658203,78.16999816894531,80.62000274658203,62.77187347412109,880100
2015-05-21,FANG,79.0,81.37000274658203,78.16999816894531,80.62000274658203,62.77187347412109,880100
2015-05-22,FANG,79.87999725341797,81.69999694824219,79.3499984741211,81.37999725341797,63.36361312866211,802500
2015-05-22,FANG,79.87999725341797,81.69999694824219,79.3499984741211,81.37999725341797,63.36361312866211,802500
2015-05-26,FANG,80.1500015258789,81.1500015258789,78.87999725341797,79.2300033569336,61.68959045410156,934300
2015-05-26,FANG,80.1500015258789,81.1500015258789,78.87999725341797,79.2300033569336,61.68959045410156,934300
2015-05-27,FANG,79.25,79.80000305175781,78.2699966430664,79.18000030517578,61.65067672729492,776900
2015-05-27,FANG,79.25,79.80000305175781,78.2699966430664,79.18000030517578,61.65067672729492,776900
2015-05-28,FANG,78.75,78.75,76.12000274658203,77.52999877929688,60.36595153808594,1143500
2015-05-28,FANG,78.75,78.75,76.12000274658203,77.52999877929688,60.36595153808594,1143500
2015-05-29,FANG,77.58999633789062,78.93000030517578,77.38999938964844,77.80999755859375,60.58396530151367,1206700
2015-05-29,FANG,77.58999633789062,78.93000030517578,77.38999938964844,77.80999755859375,60.58396530151367,1206700
2015-06-01,FANG,78.5199966430664,79.0199966430664,77.26000213623047,78.95999908447266,61.4793701171875,686100
2015-06-01,FANG,78.5199966430664,79.0199966430664,77.26000213623047,78.95999908447266,61.4793701171875,686100
2015-06-02,FANG,79.29000091552734,80.30000305175781,78.62999725341797,79.02999877929688,61.53386688232422,637900
2015-06-02,FANG,79.29000091552734,80.30000305175781,78.62999725341797,79.02999877929688,61.53386688232422,637900
2015-06-03,FANG,78.94999694824219,79.0999984741211,77.55000305175781,77.66000366210938,60.4671745300293,822200
2015-06-03,FANG,78.94999694824219,79.0999984741211,77.55000305175781,77.66000366210938,60.4671745300293,822200
2015-06-04,FANG,76.98999786376953,77.08000183105469,75.58000183105469,76.45999908447266,59.5328254699707,740000
2015-06-04,FANG,76.98999786376953,77.08000183105469,75.58000183105469,76.45999908447266,59.5328254699707,740000
2015-06-05,FANG,76.26000213623047,79.5,75.98999786376953,78.26000213623047,60.934349060058594,989400
2015-06-05,FANG,76.26000213623047,79.5,75.98999786376953,78.26000213623047,60.934349060058594,989400
2015-06-08,FANG,78.29000091552734,80.43000030517578,77.68000030517578,78.83000183105469,61.37815856933594,1015300
2015-06-08,FANG,78.29000091552734,80.43000030517578,77.68000030517578,78.83000183105469,61.37815856933594,1015300
2015-06-09,FANG,79.30999755859375,80.91999816894531,79.30999755859375,79.98999786376953,62.28131866455078,735700
2015-06-09,FANG,79.30999755859375,80.91999816894531,79.30999755859375,79.98999786376953,62.28131866455078,735700
2015-06-10,FANG,81.08999633789062,81.9800033569336,80.26000213623047,81.43000030517578,63.40254974365234,683200
2015-06-10,FANG,81.08999633789062,81.9800033569336,80.26000213623047,81.43000030517578,63.40254974365234,683200
2015-06-11,FANG,81.47000122070312,81.83999633789062,80.80999755859375,81.04000091552734,63.098876953125,442900
2015-06-11,FANG,81.47000122070312,81.83999633789062,80.80999755859375,81.04000091552734,63.098876953125,442900
2015-06-12,FANG,80.80000305175781,80.80000305175781,79.87999725341797,80.6500015258789,62.795223236083984,433900
2015-06-12,FANG,80.80000305175781,80.80000305175781,79.87999725341797,80.6500015258789,62.795223236083984,433900
2015-06-15,FANG,80.02999877929688,80.22000122070312,79.06999969482422,79.88999938964844,62.20347213745117,856400
2015-06-15,FANG,80.02999877929688,80.22000122070312,79.06999969482422,79.88999938964844,62.20347213745117,856400
2015-06-16,FANG,79.70999908447266,81.16999816894531,79.08000183105469,80.75,62.87308883666992,595200
2015-06-16,FANG,79.70999908447266,81.16999816894531,79.08000183105469,80.75,62.87308883666992,595200
2015-06-17,FANG,81.45999908447266,82.48999786376953,78.52999877929688,79.38999938964844,61.81417465209961,702100
2015-06-17,FANG,81.45999908447266,82.48999786376953,78.52999877929688,79.38999938964844,61.81417465209961,702100
2015-06-18,FANG,79.8499984741211,80.63999938964844,78.4800033569336,78.56999969482422,61.17571640014648,655900
2015-06-18,FANG,79.8499984741211,80.63999938964844,78.4800033569336,78.56999969482422,61.17571640014648,655900
2015-06-19,FANG,76.52999877929688,78.63999938964844,76.48999786376953,76.62000274658203,59.65741729736328,1409000
2015-06-19,FANG,76.52999877929688,78.63999938964844,76.48999786376953,76.62000274658203,59.65741729736328,1409000
2015-06-22,FANG,77.37999725341797,79.4000015258789,76.16999816894531,78.80999755859375,61.36259078979492,974200
2015-06-22,FANG,77.37999725341797,79.4000015258789,76.16999816894531,78.80999755859375,61.36259078979492,974200
2015-06-23,FANG,78.7300033569336,80.12000274658203,77.93000030517578,79.88999938964844,62.20347213745117,848800
2015-06-23,FANG,78.7300033569336,80.12000274658203,77.93000030517578,79.88999938964844,62.20347213745117,848800
2015-06-24,FANG,80.0,80.68000030517578,77.7699966430664,77.95999908447266,60.70075988769531,749900
2015-06-24,FANG,80.0,80.68000030517578,77.7699966430664,77.95999908447266,60.70075988769531,749900
2015-06-25,FANG,77.87000274658203,78.80000305175781,76.16000366210938,76.38999938964844,59.47832489013672,742000
2015-06-25,FANG,77.87000274658203,78.80000305175781,76.16000366210938,76.38999938964844,59.47832489013672,742000
2015-06-26,FANG,75.4800033569336,76.31999969482422,73.37999725341797,75.25,58.59070587158203,7678900
2015-06-26,FANG,75.4800033569336,76.31999969482422,73.37999725341797,75.25,58.59070587158203,7678900
2015-06-29,FANG,74.26000213623047,75.94000244140625,73.7300033569336,75.16000366210938,58.52063751220703,1228900
2015-06-29,FANG,74.26000213623047,75.94000244140625,73.7300033569336,75.16000366210938,58.52063751220703,1228900
2015-06-30,FANG,75.94999694824219,76.30999755859375,73.36000061035156,75.37999725341797,58.69191360473633,1209400
2015-06-30,FANG,75.94999694824219,76.30999755859375,73.36000061035156,75.37999725341797,58.69191360473633,1209400
2015-07-01,FANG,76.41000366210938,77.36000061035156,72.58999633789062,72.81999969482422,56.698673248291016,1441600
2015-07-01,FANG,76.41000366210938,77.36000061035156,72.58999633789062,72.81999969482422,56.698673248291016,1441600
2015-07-02,FANG,72.81999969482422,73.23999786376953,72.22000122070312,73.12999725341797,56.9400520324707,833200
2015-07-02,FANG,72.81999969482422,73.23999786376953,72.22000122070312,73.12999725341797,56.9400520324707,833200
2015-07-06,FANG,71.91000366210938,73.33000183105469,69.9000015258789,70.20999908447266,54.66647338867188,1371500
2015-07-06,FANG,71.91000366210938,73.33000183105469,69.9000015258789,70.20999908447266,54.66647338867188,1371500
2015-07-07,FANG,70.05999755859375,71.16999816894531,67.55999755859375,71.05999755859375,55.32830429077149,1859400
2015-07-07,FANG,70.05999755859375,71.16999816894531,67.55999755859375,71.05999755859375,55.32830429077149,1859400
2015-07-08,FANG,70.33000183105469,71.62000274658203,68.2699966430664,69.29000091552734,53.950157165527344,1022300
2015-07-08,FANG,70.33000183105469,71.62000274658203,68.2699966430664,69.29000091552734,53.950157165527344,1022300
2015-07-09,FANG,70.2300033569336,71.91000366210938,70.0999984741211,70.86000061035156,55.172584533691406,1339100
2015-07-09,FANG,70.2300033569336,71.91000366210938,70.0999984741211,70.86000061035156,55.172584533691406,1339100
2015-07-10,FANG,71.30000305175781,71.69000244140625,69.56999969482422,70.88999938964844,55.19593811035156,973400
2015-07-10,FANG,71.30000305175781,71.69000244140625,69.56999969482422,70.88999938964844,55.19593811035156,973400
2015-07-13,FANG,70.5199966430664,71.45999908447266,70.02999877929688,71.30999755859375,55.52298355102539,781400
2015-07-13,FANG,70.5199966430664,71.45999908447266,70.02999877929688,71.30999755859375,55.52298355102539,781400
2015-07-14,FANG,71.70999908447266,74.22000122070312,71.3499984741211,73.33999633789062,57.10357284545898,1052100
2015-07-14,FANG,71.70999908447266,74.22000122070312,71.3499984741211,73.33999633789062,57.10357284545898,1052100
2015-07-15,FANG,72.70999908447266,72.94999694824219,69.9800033569336,70.69000244140625,55.04023361206055,962800
2015-07-15,FANG,72.70999908447266,72.94999694824219,69.9800033569336,70.69000244140625,55.04023361206055,962800
2015-07-16,FANG,70.87000274658203,71.75,68.45999908447266,69.19000244140625,53.87229919433594,1006100
2015-07-16,FANG,70.87000274658203,71.75,68.45999908447266,69.19000244140625,53.87229919433594,1006100
2015-07-17,FANG,69.11000061035156,69.11000061035156,65.8499984741211,66.2699966430664,51.5987548828125,1992900
2015-07-17,FANG,69.11000061035156,69.11000061035156,65.8499984741211,66.2699966430664,51.5987548828125,1992900
2015-07-20,FANG,66.05999755859375,66.20999908447266,64.18000030517578,64.83000183105469,50.47754669189453,1331000
2015-07-20,FANG,66.05999755859375,66.20999908447266,64.18000030517578,64.83000183105469,50.47754669189453,1331000
2015-07-21,FANG,65.1500015258789,66.8499984741211,64.66000366210938,65.97000122070312,51.36516189575195,1233200
2015-07-21,FANG,65.1500015258789,66.8499984741211,64.66000366210938,65.97000122070312,51.36516189575195,1233200
2015-07-22,FANG,65.33999633789062,66.44000244140625,64.38999938964844,66.23999786376953,51.57538604736328,1337200
2015-07-22,FANG,65.33999633789062,66.44000244140625,64.38999938964844,66.23999786376953,51.57538604736328,1337200
2015-07-23,FANG,66.25,66.70999908447266,64.04000091552734,66.29000091552734,51.61432647705078,1813900
2015-07-23,FANG,66.25,66.70999908447266,64.04000091552734,66.29000091552734,51.61432647705078,1813900
2015-07-24,FANG,66.38999938964844,66.47000122070312,63.119998931884766,63.900001525878906,49.75343704223633,1810100
2015-07-24,FANG,66.38999938964844,66.47000122070312,63.119998931884766,63.900001525878906,49.75343704223633,1810100
2015-07-27,FANG,63.04999923706055,64.25,62.22999954223633,63.29999923706055,49.28627014160156,1128300
2015-07-27,FANG,63.04999923706055,64.25,62.22999954223633,63.29999923706055,49.28627014160156,1128300
2015-07-28,FANG,63.5,65.5999984741211,62.58000183105469,64.98999786376953,50.60211944580078,725800
2015-07-28,FANG,63.5,65.5999984741211,62.58000183105469,64.98999786376953,50.60211944580078,725800
2015-07-29,FANG,64.62999725341797,67.91000366210938,63.9900016784668,67.6500015258789,52.67324066162109,1386100
2015-07-29,FANG,64.62999725341797,67.91000366210938,63.9900016784668,67.6500015258789,52.67324066162109,1386100
2015-07-30,FANG,67.36000061035156,68.66000366210938,65.94000244140625,67.68000030517578,52.69659423828125,1543000
2015-07-30,FANG,67.36000061035156,68.66000366210938,65.94000244140625,67.68000030517578,52.69659423828125,1543000
2015-07-31,FANG,67.23999786376953,68.56999969482422,66.51000213623047,67.30000305175781,52.400726318359375,1275700
2015-07-31,FANG,67.23999786376953,68.56999969482422,66.51000213623047,67.30000305175781,52.400726318359375,1275700
2015-08-03,FANG,66.80000305175781,69.44000244140625,66.41000366210938,66.81999969482422,52.02699279785156,1302000
2015-08-03,FANG,66.80000305175781,69.44000244140625,66.41000366210938,66.81999969482422,52.02699279785156,1302000
2015-08-04,FANG,67.44000244140625,69.3499984741211,67.19000244140625,67.98999786376953,52.93796157836914,1543800
2015-08-04,FANG,67.44000244140625,69.3499984741211,67.19000244140625,67.98999786376953,52.93796157836914,1543800
2015-08-05,FANG,68.98999786376953,69.98999786376953,67.51000213623047,68.37000274658203,53.23384475708008,1710600
2015-08-05,FANG,68.98999786376953,69.98999786376953,67.51000213623047,68.37000274658203,53.23384475708008,1710600
2015-08-06,FANG,68.4000015258789,70.95999908447266,65.88999938964844,70.4800033569336,54.876731872558594,1967800
2015-08-06,FANG,68.4000015258789,70.95999908447266,65.88999938964844,70.4800033569336,54.876731872558594,1967800
2015-08-07,FANG,70.05999755859375,71.7300033569336,68.43000030517578,68.83999633789062,53.59979248046875,1149200
2015-08-07,FANG,70.05999755859375,71.7300033569336,68.43000030517578,68.83999633789062,53.59979248046875,1149200
2015-08-10,FANG,69.08999633789062,70.95999908447266,68.80999755859375,70.19000244140625,54.65092086791992,1427100
2015-08-10,FANG,69.08999633789062,70.95999908447266,68.80999755859375,70.19000244140625,54.65092086791992,1427100
2015-08-11,FANG,69.11000061035156,71.11000061035156,68.0,70.87000274658203,55.18037414550781,858900
2015-08-11,FANG,69.11000061035156,71.11000061035156,68.0,70.87000274658203,55.18037414550781,858900
2015-08-12,FANG,70.55000305175781,73.20999908447266,69.95999908447266,72.4800033569336,56.43394470214844,1038100
2015-08-12,FANG,70.55000305175781,73.20999908447266,69.95999908447266,72.4800033569336,56.43394470214844,1038100
2015-08-13,FANG,70.70999908447266,72.05999755859375,70.0199966430664,71.66999816894531,55.80326843261719,2579900
2015-08-13,FANG,70.70999908447266,72.05999755859375,70.0199966430664,71.66999816894531,55.80326843261719,2579900
2015-08-14,FANG,72.38999938964844,74.19000244140625,71.5999984741211,73.9000015258789,57.53956985473633,1502800
2015-08-14,FANG,72.38999938964844,74.19000244140625,71.5999984741211,73.9000015258789,57.53956985473633,1502800
2015-08-17,FANG,73.2699966430664,73.62999725341797,71.5999984741211,72.20999908447266,56.22371673583984,987100
2015-08-17,FANG,73.2699966430664,73.62999725341797,71.5999984741211,72.20999908447266,56.22371673583984,987100
2015-08-18,FANG,72.68000030517578,73.4800033569336,71.4000015258789,73.37999725341797,57.13470077514648,766000
2015-08-18,FANG,72.68000030517578,73.4800033569336,71.4000015258789,73.37999725341797,57.13470077514648,766000
2015-08-19,FANG,72.75,73.12999725341797,70.05000305175781,71.83999633789062,55.935638427734375,1059800
2015-08-19,FANG,72.75,73.12999725341797,70.05000305175781,71.83999633789062,55.935638427734375,1059800
2015-08-20,FANG,72.0,72.27999877929688,70.1500015258789,70.2300033569336,54.68206787109375,1055500
2015-08-20,FANG,72.0,72.27999877929688,70.1500015258789,70.2300033569336,54.68206787109375,1055500
2015-08-21,FANG,69.30999755859375,70.22000122070312,66.33000183105469,66.55000305175781,51.8167724609375,1998600
2015-08-21,FANG,69.30999755859375,70.22000122070312,66.33000183105469,66.55000305175781,51.8167724609375,1998600
2015-08-24,FANG,64.83999633789062,65.79000091552734,60.34000015258789,61.75,48.07942199707031,2022700
2015-08-24,FANG,64.83999633789062,65.79000091552734,60.34000015258789,61.75,48.07942199707031,2022700
2015-08-25,FANG,65.31999969482422,65.77999877929688,60.790000915527344,60.81999969482422,47.35530853271485,1345500
2015-08-25,FANG,65.31999969482422,65.77999877929688,60.790000915527344,60.81999969482422,47.35530853271485,1345500
2015-08-26,FANG,62.47999954223633,62.58000183105469,60.27999877929688,62.09000015258789,48.34415054321289,1104700
2015-08-26,FANG,62.47999954223633,62.58000183105469,60.27999877929688,62.09000015258789,48.34415054321289,1104700
2015-08-27,FANG,63.5099983215332,67.66000366210938,62.58000183105469,65.69999694824219,51.15494155883789,1676500
2015-08-27,FANG,63.5099983215332,67.66000366210938,62.58000183105469,65.69999694824219,51.15494155883789,1676500
2015-08-28,FANG,65.0199966430664,69.30000305175781,64.55000305175781,66.55999755859375,51.82454299926758,1608900
2015-08-28,FANG,65.0199966430664,69.30000305175781,64.55000305175781,66.55999755859375,51.82454299926758,1608900
2015-08-31,FANG,65.93000030517578,69.1500015258789,65.30999755859375,68.29000091552734,53.17155075073242,1974300
2015-08-31,FANG,65.93000030517578,69.1500015258789,65.30999755859375,68.29000091552734,53.17155075073242,1974300
2015-09-01,FANG,66.38999938964844,67.88999938964844,63.68999862670898,64.5199966430664,50.236175537109375,1462600
2015-09-01,FANG,66.38999938964844,67.88999938964844,63.68999862670898,64.5199966430664,50.236175537109375,1462600
2015-09-02,FANG,65.58000183105469,67.48999786376953,63.33000183105469,67.44999694824219,52.51751327514648,1383700
2015-09-02,FANG,65.58000183105469,67.48999786376953,63.33000183105469,67.44999694824219,52.51751327514648,1383700
2015-09-03,FANG,68.05000305175781,69.0,66.80000305175781,66.9800033569336,52.15158081054688,944000
2015-09-03,FANG,68.05000305175781,69.0,66.80000305175781,66.9800033569336,52.15158081054688,944000
2015-09-04,FANG,65.98999786376953,67.16999816894531,65.45999908447266,66.0,51.38852691650391,701800
2015-09-04,FANG,65.98999786376953,67.16999816894531,65.45999908447266,66.0,51.38852691650391,701800
2015-09-08,FANG,65.94999694824219,67.87999725341797,65.18000030517578,67.30999755859375,52.40851211547852,818600
2015-09-08,FANG,65.94999694824219,67.87999725341797,65.18000030517578,67.30999755859375,52.40851211547852,818600
2015-09-09,FANG,67.9800033569336,68.4000015258789,65.0,65.05000305175781,50.64884567260742,881600
2015-09-09,FANG,67.9800033569336,68.4000015258789,65.0,65.05000305175781,50.64884567260742,881600
2015-09-10,FANG,65.4000015258789,67.63999938964844,63.81999969482422,66.87999725341797,52.073707580566406,1056500
2015-09-10,FANG,65.4000015258789,67.63999938964844,63.81999969482422,66.87999725341797,52.073707580566406,1056500
2015-09-11,FANG,65.88999938964844,66.30999755859375,63.43999862670898,66.30999755859375,51.62989807128906,1112800
2015-09-11,FANG,65.88999938964844,66.30999755859375,63.43999862670898,66.30999755859375,51.62989807128906,1112800
2015-09-14,FANG,66.19999694824219,66.44000244140625,64.58000183105469,65.72000122070312,51.1705207824707,704500
2015-09-14,FANG,66.19999694824219,66.44000244140625,64.58000183105469,65.72000122070312,51.1705207824707,704500
2015-09-15,FANG,66.20999908447266,67.41999816894531,66.0,66.69999694824219,51.933555603027344,645200
2015-09-15,FANG,66.20999908447266,67.41999816894531,66.0,66.69999694824219,51.933555603027344,645200
2015-09-16,FANG,67.33000183105469,70.72000122070312,67.29000091552734,69.88999938964844,54.4173469543457,1397200
2015-09-16,FANG,67.33000183105469,70.72000122070312,67.29000091552734,69.88999938964844,54.4173469543457,1397200
2015-09-17,FANG,70.18000030517578,71.63999938964844,69.44000244140625,69.80999755859375,54.35505294799805,1012300
2015-09-17,FANG,70.18000030517578,71.63999938964844,69.44000244140625,69.80999755859375,54.35505294799805,1012300
2015-09-18,FANG,68.0199966430664,69.37999725341797,67.72000122070312,69.0,53.724365234375,1592000
2015-09-18,FANG,68.0199966430664,69.37999725341797,67.72000122070312,69.0,53.724365234375,1592000
2015-09-21,FANG,69.66000366210938,70.76000213623047,68.55999755859375,69.41999816894531,54.051387786865234,1131200
2015-09-21,FANG,69.66000366210938,70.76000213623047,68.55999755859375,69.41999816894531,54.051387786865234,1131200
2015-09-22,FANG,68.38999938964844,71.30000305175781,67.44000244140625,69.18000030517578,53.86451721191406,1372800
2015-09-22,FANG,68.38999938964844,71.30000305175781,67.44000244140625,69.18000030517578,53.86451721191406,1372800
2015-09-23,FANG,69.20999908447266,70.20999908447266,66.4000015258789,66.48999786376953,51.770057678222656,931900
2015-09-23,FANG,69.20999908447266,70.20999908447266,66.4000015258789,66.48999786376953,51.770057678222656,931900
2015-09-24,FANG,65.9000015258789,67.3499984741211,64.20999908447266,66.66999816894531,51.910186767578125,729100
2015-09-24,FANG,65.9000015258789,67.3499984741211,64.20999908447266,66.66999816894531,51.910186767578125,729100
2015-09-25,FANG,67.69999694824219,67.72000122070312,65.23999786376953,66.01000213623047,51.39632034301758,925800
2015-09-25,FANG,67.69999694824219,67.72000122070312,65.23999786376953,66.01000213623047,51.39632034301758,925800
2015-09-28,FANG,65.11000061035156,65.43000030517578,62.2400016784668,62.630001068115234,48.76460647583008,983500
2015-09-28,FANG,65.11000061035156,65.43000030517578,62.2400016784668,62.630001068115234,48.76460647583008,983500
2015-09-29,FANG,62.72999954223633,64.20999908447266,62.11000061035156,63.0,49.052696228027344,795300
2015-09-29,FANG,62.72999954223633,64.20999908447266,62.11000061035156,63.0,49.052696228027344,795300
2015-09-30,FANG,63.86000061035156,65.30999755859375,62.84999847412109,64.5999984741211,50.2984733581543,769600
2015-09-30,FANG,63.86000061035156,65.30999755859375,62.84999847412109,64.5999984741211,50.2984733581543,769600
2015-10-01,FANG,66.08999633789062,67.5999984741211,63.77000045776367,65.55999755859375,51.04594039916992,1447500
2015-10-01,FANG,66.08999633789062,67.5999984741211,63.77000045776367,65.55999755859375,51.04594039916992,1447500
2015-10-02,FANG,65.11000061035156,69.5199966430664,63.36000061035156,69.36000061035156,54.00468063354492,1442900
2015-10-02,FANG,65.11000061035156,69.5199966430664,63.36000061035156,69.36000061035156,54.00468063354492,1442900
2015-10-05,FANG,69.77999877929688,72.33999633789062,69.77999877929688,72.20999908447266,56.22371673583984,1242900
2015-10-05,FANG,69.77999877929688,72.33999633789062,69.77999877929688,72.20999908447266,56.22371673583984,1242900
2015-10-06,FANG,73.0,74.66999816894531,70.61000061035156,72.58000183105469,56.511817932128906,1916800
2015-10-06,FANG,73.0,74.66999816894531,70.61000061035156,72.58000183105469,56.511817932128906,1916800
2015-10-07,FANG,73.69000244140625,76.20999908447266,71.68000030517578,73.6500015258789,57.34491729736328,1645100
2015-10-07,FANG,73.69000244140625,76.20999908447266,71.68000030517578,73.6500015258789,57.34491729736328,1645100
2015-10-08,FANG,73.2300033569336,76.73999786376953,72.41999816894531,76.22000122070312,59.34596633911133,1060000
2015-10-08,FANG,73.2300033569336,76.73999786376953,72.41999816894531,76.22000122070312,59.34596633911133,1060000
2015-10-09,FANG,76.55000305175781,77.91999816894531,74.73999786376953,76.94999694824219,59.91436004638672,1708100
2015-10-09,FANG,76.55000305175781,77.91999816894531,74.73999786376953,76.94999694824219,59.91436004638672,1708100
2015-10-12,FANG,76.44999694824219,77.91999816894531,75.08999633789062,76.91000366210938,59.883209228515625,1085900
2015-10-12,FANG,76.44999694824219,77.91999816894531,75.08999633789062,76.91000366210938,59.883209228515625,1085900
2015-10-13,FANG,76.5199966430664,77.95999908447266,75.80999755859375,76.16999816894531,59.30704116821289,652700
2015-10-13,FANG,76.5199966430664,77.95999908447266,75.80999755859375,76.16999816894531,59.30704116821289,652700
2015-10-14,FANG,76.41999816894531,76.61000061035156,74.87000274658203,76.43000030517578,59.50946807861328,706300
2015-10-14,FANG,76.41999816894531,76.61000061035156,74.87000274658203,76.43000030517578,59.50946807861328,706300
2015-10-15,FANG,75.94000244140625,76.73999786376953,73.95999908447266,75.68000030517578,58.92549514770508,912300
2015-10-15,FANG,75.94000244140625,76.73999786376953,73.95999908447266,75.68000030517578,58.92549514770508,912300
2015-10-16,FANG,75.93000030517578,77.9800033569336,75.80000305175781,77.18000030517578,60.09342193603516,1115300
2015-10-16,FANG,75.93000030517578,77.9800033569336,75.80000305175781,77.18000030517578,60.09342193603516,1115300
2015-10-19,FANG,76.12000274658203,76.43000030517578,71.8499984741211,73.30999755859375,57.0802001953125,1295900
2015-10-19,FANG,76.12000274658203,76.43000030517578,71.8499984741211,73.30999755859375,57.0802001953125,1295900
2015-10-20,FANG,74.02999877929688,75.0999984741211,72.2300033569336,73.36000061035156,57.11911010742188,831400
2015-10-20,FANG,74.02999877929688,75.0999984741211,72.2300033569336,73.36000061035156,57.11911010742188,831400
2015-10-21,FANG,73.11000061035156,73.11000061035156,71.05999755859375,71.2699966430664,55.491817474365234,599900
2015-10-21,FANG,73.11000061035156,73.11000061035156,71.05999755859375,71.2699966430664,55.491817474365234,599900
2015-10-22,FANG,71.80999755859375,73.0,71.0999984741211,72.3499984741211,56.33272552490234,802000
2015-10-22,FANG,71.80999755859375,73.0,71.0999984741211,72.3499984741211,56.33272552490234,802000
2015-10-23,FANG,72.01000213623047,72.80999755859375,70.55999755859375,71.91999816894531,55.99793243408203,1203400
2015-10-23,FANG,72.01000213623047,72.80999755859375,70.55999755859375,71.91999816894531,55.99793243408203,1203400
2015-10-26,FANG,71.97000122070312,73.61000061035156,71.2699966430664,72.87999725341797,56.745391845703125,986500
2015-10-26,FANG,71.97000122070312,73.61000061035156,71.2699966430664,72.87999725341797,56.745391845703125,986500
2015-10-27,FANG,71.9000015258789,72.83000183105469,71.0,72.55999755859375,56.49623489379883,961900
2015-10-27,FANG,71.9000015258789,72.83000183105469,71.0,72.55999755859375,56.49623489379883,961900
2015-10-28,FANG,72.9000015258789,76.36000061035156,71.75,75.5,58.78536224365234,1395000
2015-10-28,FANG,72.9000015258789,76.36000061035156,71.75,75.5,58.78536224365234,1395000
2015-10-29,FANG,74.91999816894531,76.61000061035156,74.63999938964844,75.4000015258789,58.707496643066406,1186800
2015-10-29,FANG,74.91999816894531,76.61000061035156,74.63999938964844,75.4000015258789,58.707496643066406,1186800
2015-10-30,FANG,76.08000183105469,76.12999725341797,73.12999725341797,73.83999633789062,57.49285507202149,1129000
2015-10-30,FANG,76.08000183105469,76.12999725341797,73.12999725341797,73.83999633789062,57.49285507202149,1129000
2015-11-02,FANG,73.83000183105469,74.94000244140625,73.29000091552734,73.41000366210938,57.158050537109375,1293300
2015-11-02,FANG,73.83000183105469,74.94000244140625,73.29000091552734,73.41000366210938,57.158050537109375,1293300
2015-11-03,FANG,73.80999755859375,79.31999969482422,73.33999633789062,77.26000213623047,60.15570831298828,1873400
2015-11-03,FANG,73.80999755859375,79.31999969482422,73.33999633789062,77.26000213623047,60.15570831298828,1873400
2015-11-04,FANG,79.0,79.0,75.0,76.08000183105469,59.236961364746094,1374700
2015-11-04,FANG,79.0,79.0,75.0,76.08000183105469,59.236961364746094,1374700
2015-11-05,FANG,76.0,79.0,74.6500015258789,77.08999633789062,60.02336120605469,991500
2015-11-05,FANG,76.0,79.0,74.6500015258789,77.08999633789062,60.02336120605469,991500
2015-11-06,FANG,76.5,78.95999908447266,76.36000061035156,77.79000091552734,60.568389892578125,1005400
2015-11-06,FANG,76.5,78.95999908447266,76.36000061035156,77.79000091552734,60.568389892578125,1005400
2015-11-09,FANG,78.01000213623047,79.98999786376953,77.48999786376953,79.62000274658203,61.99325942993164,1134800
2015-11-09,FANG,78.01000213623047,79.98999786376953,77.48999786376953,79.62000274658203,61.99325942993164,1134800
2015-11-10,FANG,79.20999908447266,79.94999694824219,78.2699966430664,79.5999984741211,61.977684020996094,740400
2015-11-10,FANG,79.20999908447266,79.94999694824219,78.2699966430664,79.5999984741211,61.977684020996094,740400
2015-11-11,FANG,79.66999816894531,80.12000274658203,77.83999633789062,79.83000183105469,62.156768798828125,1224900
2015-11-11,FANG,79.66999816894531,80.12000274658203,77.83999633789062,79.83000183105469,62.156768798828125,1224900
2015-11-12,FANG,78.48999786376953,80.06999969482422,77.63999938964844,78.08999633789062,60.80197525024414,1407800
2015-11-12,FANG,78.48999786376953,80.06999969482422,77.63999938964844,78.08999633789062,60.80197525024414,1407800
2015-11-13,FANG,77.83000183105469,78.94000244140625,76.68000030517578,76.72000122070312,59.73526382446289,1073500
2015-11-13,FANG,77.83000183105469,78.94000244140625,76.68000030517578,76.72000122070312,59.73526382446289,1073500
2015-11-16,FANG,77.2699966430664,79.79000091552734,76.44999694824219,79.66000366210938,62.024410247802734,1272900
2015-11-16,FANG,77.2699966430664,79.79000091552734,76.44999694824219,79.66000366210938,62.024410247802734,1272900
2015-11-17,FANG,80.0,80.98999786376953,78.0999984741211,79.61000061035156,61.9854736328125,842500
2015-11-17,FANG,80.0,80.98999786376953,78.0999984741211,79.61000061035156,61.9854736328125,842500
2015-11-18,FANG,80.0,81.86000061035156,78.11000061035156,81.41999816894531,63.39475631713867,1429500
2015-11-18,FANG,80.0,81.86000061035156,78.11000061035156,81.41999816894531,63.39475631713867,1429500
2015-11-19,FANG,80.41999816894531,81.0,76.05000305175781,77.05999755859375,59.999996185302734,1124500
2015-11-19,FANG,80.41999816894531,81.0,76.05000305175781,77.05999755859375,59.999996185302734,1124500
2015-11-20,FANG,77.01000213623047,78.4000015258789,76.5199966430664,77.47000122070312,60.319217681884766,1009900
2015-11-20,FANG,77.01000213623047,78.4000015258789,76.5199966430664,77.47000122070312,60.319217681884766,1009900
2015-11-23,FANG,77.30999755859375,79.97000122070312,76.13999938964844,79.73999786376953,62.08668518066406,1331200
2015-11-23,FANG,77.30999755859375,79.97000122070312,76.13999938964844,79.73999786376953,62.08668518066406,1331200
2015-11-24,FANG,80.5,82.19000244140625,78.16999816894531,79.94000244140625,62.24239730834961,1456100
2015-11-24,FANG,80.5,82.19000244140625,78.16999816894531,79.94000244140625,62.24239730834961,1456100
2015-11-25,FANG,78.97000122070312,80.11000061035156,77.81999969482422,78.69999694824219,61.27692031860352,697400
2015-11-25,FANG,78.97000122070312,80.11000061035156,77.81999969482422,78.69999694824219,61.27692031860352,697400
2015-11-27,FANG,77.91000366210938,78.5199966430664,76.58000183105469,77.5199966430664,60.358158111572266,395900
2015-11-27,FANG,77.91000366210938,78.5199966430664,76.58000183105469,77.5199966430664,60.358158111572266,395900
2015-11-30,FANG,77.41999816894531,79.58999633789062,77.19000244140625,78.0199966430664,60.74744415283203,608200
2015-11-30,FANG,77.41999816894531,79.58999633789062,77.19000244140625,78.0199966430664,60.74744415283203,608200
2015-12-01,FANG,78.33000183105469,79.3499984741211,77.47000122070312,78.19999694824219,60.887638092041016,816700
2015-12-01,FANG,78.33000183105469,79.3499984741211,77.47000122070312,78.19999694824219,60.887638092041016,816700
2015-12-02,FANG,78.77999877929688,78.77999877929688,74.87000274658203,76.79000091552734,59.789772033691406,1072500
2015-12-02,FANG,78.77999877929688,78.77999877929688,74.87000274658203,76.79000091552734,59.789772033691406,1072500
2015-12-03,FANG,77.79000091552734,78.33000183105469,75.76000213623047,76.75,59.75863265991211,631200
2015-12-03,FANG,77.79000091552734,78.33000183105469,75.76000213623047,76.75,59.75863265991211,631200
2015-12-04,FANG,76.25,78.16000366210938,74.9000015258789,76.30999755859375,59.41603469848633,1056100
2015-12-04,FANG,76.25,78.16000366210938,74.9000015258789,76.30999755859375,59.41603469848633,1056100
2015-12-07,FANG,74.48999786376953,75.43000030517578,71.47000122070312,73.8499984741211,57.50065231323242,1624500
2015-12-07,FANG,74.48999786376953,75.43000030517578,71.47000122070312,73.8499984741211,57.50065231323242,1624500
2015-12-08,FANG,72.58999633789062,75.79000091552734,72.23999786376953,74.94000244140625,58.349342346191406,1987600
2015-12-08,FANG,72.58999633789062,75.79000091552734,72.23999786376953,74.94000244140625,58.349342346191406,1987600
2015-12-09,FANG,76.16000366210938,78.38999938964844,75.01000213623047,77.0199966430664,59.96885299682617,1089600
2015-12-09,FANG,76.16000366210938,78.38999938964844,75.01000213623047,77.0199966430664,59.96885299682617,1089600
2015-12-10,FANG,76.45999908447266,80.0,75.51000213623047,79.08999633789062,61.58056640625,1794400
2015-12-10,FANG,76.45999908447266,80.0,75.51000213623047,79.08999633789062,61.58056640625,1794400
2015-12-11,FANG,77.69000244140625,78.5999984741211,75.91000366210938,76.55999755859375,59.610687255859375,1084700
2015-12-11,FANG,77.69000244140625,78.5999984741211,75.91000366210938,76.55999755859375,59.610687255859375,1084700
2015-12-14,FANG,75.80000305175781,76.61000061035156,73.77999877929688,75.61000061035156,58.87101364135742,1574100
2015-12-14,FANG,75.80000305175781,76.61000061035156,73.77999877929688,75.61000061035156,58.87101364135742,1574100
2015-12-15,FANG,75.70999908447266,77.69000244140625,75.44000244140625,76.51000213623047,59.57174301147461,1440600
2015-12-15,FANG,75.70999908447266,77.69000244140625,75.44000244140625,76.51000213623047,59.57174301147461,1440600
2015-12-16,FANG,76.98999786376953,77.48999786376953,71.95999908447266,72.36000061035156,56.34052658081055,1324800
2015-12-16,FANG,76.98999786376953,77.48999786376953,71.95999908447266,72.36000061035156,56.34052658081055,1324800
2015-12-17,FANG,73.3499984741211,73.3499984741211,67.9000015258789,68.75,53.52973175048828,2030900
2015-12-17,FANG,73.3499984741211,73.3499984741211,67.9000015258789,68.75,53.52973175048828,2030900
2015-12-18,FANG,68.80999755859375,69.1500015258789,65.75,66.16000366210938,51.51310348510742,1670500
2015-12-18,FANG,68.80999755859375,69.1500015258789,65.75,66.16000366210938,51.51310348510742,1670500
2015-12-21,FANG,66.12999725341797,67.5199966430664,61.5099983215332,62.20000076293945,48.42979431152344,2606600
2015-12-21,FANG,66.12999725341797,67.5199966430664,61.5099983215332,62.20000076293945,48.42979431152344,2606600
2015-12-22,FANG,62.25,64.81999969482422,61.869998931884766,63.34999847412109,49.32520294189453,1368100
2015-12-22,FANG,62.25,64.81999969482422,61.869998931884766,63.34999847412109,49.32520294189453,1368100
2015-12-23,FANG,64.88999938964844,67.5999984741211,64.0,67.45999908447266,52.52530670166016,1192000
2015-12-23,FANG,64.88999938964844,67.5999984741211,64.0,67.45999908447266,52.52530670166016,1192000
2015-12-24,FANG,67.27999877929688,68.44999694824219,66.12999725341797,67.91999816894531,52.88346862792969,486200
2015-12-24,FANG,67.27999877929688,68.44999694824219,66.12999725341797,67.91999816894531,52.88346862792969,486200
2015-12-28,FANG,67.1500015258789,67.1500015258789,64.62000274658203,65.43000030517578,50.9447135925293,889400
2015-12-28,FANG,67.1500015258789,67.1500015258789,64.62000274658203,65.43000030517578,50.9447135925293,889400
2015-12-29,FANG,67.2300033569336,67.7699966430664,64.91999816894531,66.44000244140625,51.73112106323242,815600
2015-12-29,FANG,67.2300033569336,67.7699966430664,64.91999816894531,66.44000244140625,51.73112106323242,815600
2015-12-30,FANG,65.37000274658203,67.02999877929688,64.83999633789062,66.0199966430664,51.40410232543945,633400
2015-12-30,FANG,65.37000274658203,67.02999877929688,64.83999633789062,66.0199966430664,51.40410232543945,633400
2015-12-31,FANG,65.7699966430664,67.66999816894531,65.73999786376953,66.9000015258789,52.08928680419922,770400
2015-12-31,FANG,65.7699966430664,67.66999816894531,65.73999786376953,66.9000015258789,52.08928680419922,770400
2016-01-04,FANG,66.44999694824219,67.1500015258789,65.0999984741211,66.11000061035156,51.47416687011719,1199700
2016-01-04,FANG,66.44999694824219,67.1500015258789,65.0999984741211,66.11000061035156,51.47416687011719,1199700
2016-01-05,FANG,66.0999984741211,66.5999984741211,64.5999984741211,65.19000244140625,50.757850646972656,1006900
2016-01-05,FANG,66.0999984741211,66.5999984741211,64.5999984741211,65.19000244140625,50.757850646972656,1006900
2016-01-06,FANG,64.0199966430664,64.0199966430664,61.75,62.20000076293945,48.42979431152344,1324900
2016-01-06,FANG,64.0199966430664,64.0199966430664,61.75,62.20000076293945,48.42979431152344,1324900
2016-01-07,FANG,60.7400016784668,63.630001068115234,60.09999847412109,60.400001525878906,47.028282165527344,1080800
2016-01-07,FANG,60.7400016784668,63.630001068115234,60.09999847412109,60.400001525878906,47.028282165527344,1080800
2016-01-08,FANG,61.0,61.869998931884766,58.790000915527344,60.7599983215332,47.308589935302734,1259300
2016-01-08,FANG,61.0,61.869998931884766,58.790000915527344,60.7599983215332,47.308589935302734,1259300
2016-01-11,FANG,60.63999938964844,61.43999862670898,56.77999877929688,57.59999847412109,44.84817886352539,1944900
2016-01-11,FANG,60.63999938964844,61.43999862670898,56.77999877929688,57.59999847412109,44.84817886352539,1944900
2016-01-12,FANG,58.63999938964844,59.27999877929688,55.47999954223633,58.52000045776367,45.56449890136719,2440200
2016-01-12,FANG,58.63999938964844,59.27999877929688,55.47999954223633,58.52000045776367,45.56449890136719,2440200
2016-01-13,FANG,59.81999969482422,60.54999923706055,56.84999847412109,59.5099983215332,46.33532333374024,5736200
2016-01-13,FANG,59.81999969482422,60.54999923706055,56.84999847412109,59.5099983215332,46.33532333374024,5736200
2016-01-14,FANG,60.7599983215332,63.20000076293945,58.900001525878906,62.68000030517578,48.80352783203125,2322300
2016-01-14,FANG,60.7599983215332,63.20000076293945,58.900001525878906,62.68000030517578,48.80352783203125,2322300
2016-01-15,FANG,59.68000030517578,63.34000015258789,59.2599983215332,63.15999984741211,49.1772575378418,2016900
2016-01-15,FANG,59.68000030517578,63.34000015258789,59.2599983215332,63.15999984741211,49.1772575378418,2016900
2016-01-19,FANG,63.29999923706055,64.56999969482422,59.43000030517578,60.47999954223633,47.09058380126953,1662300
2016-01-19,FANG,63.29999923706055,64.56999969482422,59.43000030517578,60.47999954223633,47.09058380126953,1662300
2016-01-20,FANG,59.0,62.58000183105469,56.59000015258789,60.90999984741211,47.42538070678711,2868800
2016-01-20,FANG,59.0,62.58000183105469,56.59000015258789,60.90999984741211,47.42538070678711,2868800
2016-01-21,FANG,60.86000061035156,64.87999725341797,60.59999847412109,64.0999984741211,49.90916061401367,1917900
2016-01-21,FANG,60.86000061035156,64.87999725341797,60.59999847412109,64.0999984741211,49.90916061401367,1917900
2016-01-22,FANG,65.19999694824219,68.98999786376953,64.44000244140625,66.16999816894531,51.5208854675293,1869500
2016-01-22,FANG,65.19999694824219,68.98999786376953,64.44000244140625,66.16999816894531,51.5208854675293,1869500
2016-01-25,FANG,64.05999755859375,66.52999877929688,61.59000015258789,62.08000183105469,48.33635330200195,1283300
2016-01-25,FANG,64.05999755859375,66.52999877929688,61.59000015258789,62.08000183105469,48.33635330200195,1283300
2016-01-26,FANG,63.68999862670898,66.98999786376953,61.86000061035156,66.52999877929688,51.80118942260742,1354400
2016-01-26,FANG,63.68999862670898,66.98999786376953,61.86000061035156,66.52999877929688,51.80118942260742,1354400
2016-01-27,FANG,66.31999969482422,69.79000091552734,65.48999786376953,68.2699966430664,53.155982971191406,2477500
2016-01-27,FANG,66.31999969482422,69.79000091552734,65.48999786376953,68.2699966430664,53.155982971191406,2477500
2016-01-28,FANG,71.18000030517578,73.48999786376953,70.0999984741211,72.79000091552734,56.67530059814453,2382100
2016-01-28,FANG,71.18000030517578,73.48999786376953,70.0999984741211,72.79000091552734,56.67530059814453,2382100
2016-01-29,FANG,73.33999633789062,75.66000366210938,73.0199966430664,75.55000305175781,58.82429122924805,2600700
2016-01-29,FANG,73.33999633789062,75.66000366210938,73.0199966430664,75.55000305175781,58.82429122924805,2600700
2016-02-01,FANG,74.41000366210938,74.44000244140625,71.37000274658203,72.5999984741211,56.52738571166992,1880400
2016-02-01,FANG,74.41000366210938,74.44000244140625,71.37000274658203,72.5999984741211,56.52738571166992,1880400
2016-02-02,FANG,70.70999908447266,73.12000274658203,70.19000244140625,71.25,55.47624206542969,990400
2016-02-02,FANG,70.70999908447266,73.12000274658203,70.19000244140625,71.25,55.47624206542969,990400
2016-02-03,FANG,72.41999816894531,75.0,69.98999786376953,74.87999725341797,58.30260467529297,1342900
2016-02-03,FANG,72.41999816894531,75.0,69.98999786376953,74.87999725341797,58.30260467529297,1342900
2016-02-04,FANG,75.4800033569336,76.86000061035156,71.68000030517578,72.0,56.06019592285156,2528900
2016-02-04,FANG,75.4800033569336,76.86000061035156,71.68000030517578,72.0,56.06019592285156,2528900
2016-02-05,FANG,71.45999908447266,71.45999908447266,66.56999969482422,67.30999755859375,52.40851211547852,2423700
2016-02-05,FANG,71.45999908447266,71.45999908447266,66.56999969482422,67.30999755859375,52.40851211547852,2423700
2016-02-08,FANG,66.04000091552734,70.3499984741211,65.0199966430664,69.94999694824219,54.46405792236328,1903600
2016-02-08,FANG,66.04000091552734,70.3499984741211,65.0199966430664,69.94999694824219,54.46405792236328,1903600
2016-02-09,FANG,68.7699966430664,69.68000030517578,64.87999725341797,67.05999755859375,52.213863372802734,1698000
2016-02-09,FANG,68.7699966430664,69.68000030517578,64.87999725341797,67.05999755859375,52.213863372802734,1698000
2016-02-10,FANG,67.27999877929688,69.37999725341797,65.69999694824219,67.33000183105469,52.4240837097168,1534000
2016-02-10,FANG,67.27999877929688,69.37999725341797,65.69999694824219,67.33000183105469,52.4240837097168,1534000
2016-02-11,FANG,65.22000122070312,68.56999969482422,63.7599983215332,67.9000015258789,52.86790084838867,1795200
2016-02-11,FANG,65.22000122070312,68.56999969482422,63.7599983215332,67.9000015258789,52.86790084838867,1795200
2016-02-12,FANG,69.9000015258789,71.11000061035156,67.0999984741211,69.12999725341797,53.82558059692383,1641300
2016-02-12,FANG,69.9000015258789,71.11000061035156,67.0999984741211,69.12999725341797,53.82558059692383,1641300
2016-02-16,FANG,70.54000091552734,71.41000366210938,67.29000091552734,67.97000122070312,52.92240524291992,2106500
2016-02-16,FANG,70.54000091552734,71.41000366210938,67.29000091552734,67.97000122070312,52.92240524291992,2106500
2016-02-17,FANG,69.5199966430664,72.19999694824219,66.2300033569336,70.44000244140625,54.84557342529297,2530300
2016-02-17,FANG,69.5199966430664,72.19999694824219,66.2300033569336,70.44000244140625,54.84557342529297,2530300
2016-02-18,FANG,70.19999694824219,71.7300033569336,67.68000030517578,70.25,54.69762420654297,1885000
2016-02-18,FANG,70.19999694824219,71.7300033569336,67.68000030517578,70.25,54.69762420654297,1885000
2016-02-19,FANG,69.41999816894531,72.16999816894531,68.37999725341797,72.08000183105469,56.12249755859375,1434900
2016-02-19,FANG,69.41999816894531,72.16999816894531,68.37999725341797,72.08000183105469,56.12249755859375,1434900
2016-02-22,FANG,74.12999725341797,74.66999816894531,72.08999633789062,73.69999694824219,57.38386535644531,1367500
2016-02-22,FANG,74.12999725341797,74.66999816894531,72.08999633789062,73.69999694824219,57.38386535644531,1367500
2016-02-23,FANG,73.69999694824219,73.69999694824219,69.87999725341797,69.98999786376953,54.49519348144531,1212000
2016-02-23,FANG,73.69999694824219,73.69999694824219,69.87999725341797,69.98999786376953,54.49519348144531,1212000
2016-02-24,FANG,71.05999755859375,71.7699966430664,67.5199966430664,71.72000122070312,55.84220504760742,1043400
2016-02-24,FANG,71.05999755859375,71.7699966430664,67.5199966430664,71.72000122070312,55.84220504760742,1043400
2016-02-25,FANG,71.13999938964844,72.25,68.33000183105469,71.55999755859375,55.71762466430664,1200900
2016-02-25,FANG,71.13999938964844,72.25,68.33000183105469,71.55999755859375,55.71762466430664,1200900
2016-02-26,FANG,72.58000183105469,73.98999786376953,71.8499984741211,72.5999984741211,56.52738571166992,1197700
2016-02-26,FANG,72.58000183105469,73.98999786376953,71.8499984741211,72.5999984741211,56.52738571166992,1197700
2016-02-29,FANG,72.69999694824219,73.22000122070312,70.51000213623047,71.25,55.47624206542969,1371300
2016-02-29,FANG,72.69999694824219,73.22000122070312,70.51000213623047,71.25,55.47624206542969,1371300
2016-03-01,FANG,71.76000213623047,72.51000213623047,68.95999908447266,72.48999786376953,56.44172668457031,1673200
2016-03-01,FANG,71.76000213623047,72.51000213623047,68.95999908447266,72.48999786376953,56.44172668457031,1673200
2016-03-02,FANG,72.20999908447266,74.0,71.25,74.0,57.61742401123047,1374200
2016-03-02,FANG,72.20999908447266,74.0,71.25,74.0,57.61742401123047,1374200
2016-03-03,FANG,73.41000366210938,74.4000015258789,70.8499984741211,72.51000213623047,56.457305908203125,2734300
2016-03-03,FANG,73.41000366210938,74.4000015258789,70.8499984741211,72.51000213623047,56.457305908203125,2734300
2016-03-04,FANG,72.98999786376953,76.04000091552734,71.80000305175781,75.98999786376953,59.16687774658203,2124500
2016-03-04,FANG,72.98999786376953,76.04000091552734,71.80000305175781,75.98999786376953,59.16687774658203,2124500
2016-03-07,FANG,75.69999694824219,76.7300033569336,73.70999908447266,76.23999786376953,59.36154174804688,2460600
2016-03-07,FANG,75.69999694824219,76.7300033569336,73.70999908447266,76.23999786376953,59.36154174804688,2460600
2016-03-08,FANG,75.36000061035156,76.48999786376953,73.6500015258789,74.38999938964844,57.92109298706055,1518100
2016-03-08,FANG,75.36000061035156,76.48999786376953,73.6500015258789,74.38999938964844,57.92109298706055,1518100
2016-03-09,FANG,75.72000122070312,75.91999816894531,73.5,74.69999694824219,58.16246032714844,1215600
2016-03-09,FANG,75.72000122070312,75.91999816894531,73.5,74.69999694824219,58.16246032714844,1215600
2016-03-10,FANG,74.4000015258789,75.37999725341797,72.75,75.08000183105469,58.45835494995117,872500
2016-03-10,FANG,74.4000015258789,75.37999725341797,72.75,75.08000183105469,58.45835494995117,872500
2016-03-11,FANG,75.94000244140625,79.31999969482422,74.81999969482422,78.43000030517578,61.06670379638672,1752100
2016-03-11,FANG,75.94000244140625,79.31999969482422,74.81999969482422,78.43000030517578,61.06670379638672,1752100
2016-03-14,FANG,76.73999786376953,78.19999694824219,75.20999908447266,76.01000213623047,59.18245315551758,835500
2016-03-14,FANG,76.73999786376953,78.19999694824219,75.20999908447266,76.01000213623047,59.18245315551758,835500
2016-03-15,FANG,74.83000183105469,77.20999908447266,74.61000061035156,76.9800033569336,59.93770599365234,916800
2016-03-15,FANG,74.83000183105469,77.20999908447266,74.61000061035156,76.9800033569336,59.93770599365234,916800
2016-03-16,FANG,77.52999877929688,78.47000122070312,75.2300033569336,77.11000061035156,60.03893280029297,1340100
2016-03-16,FANG,77.52999877929688,78.47000122070312,75.2300033569336,77.11000061035156,60.03893280029297,1340100
2016-03-17,FANG,77.87999725341797,77.97000122070312,76.70999908447266,77.48999786376953,60.33480453491211,1144900
2016-03-17,FANG,77.87999725341797,77.97000122070312,76.70999908447266,77.48999786376953,60.33480453491211,1144900
2016-03-18,FANG,78.0,79.22000122070312,76.76000213623047,77.62000274658203,60.43601608276367,1760600
2016-03-18,FANG,78.0,79.22000122070312,76.76000213623047,77.62000274658203,60.43601608276367,1760600
2016-03-21,FANG,77.11000061035156,78.41000366210938,76.58000183105469,78.05000305175781,60.77083206176758,829700
2016-03-21,FANG,77.11000061035156,78.41000366210938,76.58000183105469,78.05000305175781,60.77083206176758,829700
2016-03-22,FANG,77.37999725341797,79.04000091552734,77.19999694824219,78.0199966430664,60.74744415283203,1073700
2016-03-22,FANG,77.37999725341797,79.04000091552734,77.19999694824219,78.0199966430664,60.74744415283203,1073700
2016-03-23,FANG,76.6500015258789,78.5,76.51000213623047,76.69999694824219,59.71971130371094,1013100
2016-03-23,FANG,76.6500015258789,78.5,76.51000213623047,76.69999694824219,59.71971130371094,1013100
2016-03-24,FANG,75.69000244140625,77.66000366210938,75.11000061035156,77.43000030517578,60.28807067871094,843100
2016-03-24,FANG,75.69000244140625,77.66000366210938,75.11000061035156,77.43000030517578,60.28807067871094,843100
2016-03-28,FANG,76.66000366210938,77.66999816894531,74.80999755859375,76.45999908447266,59.5328254699707,699300
2016-03-28,FANG,76.66000366210938,77.66999816894531,74.80999755859375,76.45999908447266,59.5328254699707,699300
2016-03-29,FANG,75.47000122070312,77.69000244140625,75.23999786376953,77.16000366210938,60.07786560058594,987400
2016-03-29,FANG,75.47000122070312,77.69000244140625,75.23999786376953,77.16000366210938,60.07786560058594,987400
2016-03-30,FANG,78.19000244140625,79.58000183105469,76.69999694824219,79.02999877929688,61.53386688232422,1393800
2016-03-30,FANG,78.19000244140625,79.58000183105469,76.69999694824219,79.02999877929688,61.53386688232422,1393800
2016-03-31,FANG,78.95999908447266,79.87000274658203,76.9800033569336,77.18000030517578,60.09342193603516,1128100
2016-03-31,FANG,78.95999908447266,79.87000274658203,76.9800033569336,77.18000030517578,60.09342193603516,1128100
2016-04-01,FANG,76.0,77.33999633789062,75.30999755859375,76.7699966430664,59.77421569824219,1090600
2016-04-01,FANG,76.0,77.33999633789062,75.30999755859375,76.7699966430664,59.77421569824219,1090600
2016-04-04,FANG,77.06999969482422,77.81999969482422,74.44000244140625,74.51000213623047,58.0145263671875,945300
2016-04-04,FANG,77.06999969482422,77.81999969482422,74.44000244140625,74.51000213623047,58.0145263671875,945300
2016-04-05,FANG,74.44000244140625,74.5199966430664,73.12000274658203,73.80000305175781,57.46171951293945,1216600
2016-04-05,FANG,74.44000244140625,74.5199966430664,73.12000274658203,73.80000305175781,57.46171951293945,1216600
2016-04-06,FANG,74.54000091552734,76.79000091552734,73.81999969482422,76.69000244140625,59.7119026184082,1064500
2016-04-06,FANG,74.54000091552734,76.79000091552734,73.81999969482422,76.69000244140625,59.7119026184082,1064500
2016-04-07,FANG,76.05999755859375,79.18000030517578,75.97000122070312,79.06999969482422,61.56501388549805,1277500
2016-04-07,FANG,76.05999755859375,79.18000030517578,75.97000122070312,79.06999969482422,61.56501388549805,1277500
2016-04-08,FANG,80.5999984741211,82.5,79.56999969482422,81.05000305175781,63.10665893554688,1362100
2016-04-08,FANG,80.5999984741211,82.5,79.56999969482422,81.05000305175781,63.10665893554688,1362100
2016-04-11,FANG,81.3499984741211,82.05999755859375,79.97000122070312,80.58000183105469,62.74072647094727,793300
2016-04-11,FANG,81.3499984741211,82.05999755859375,79.97000122070312,80.58000183105469,62.74072647094727,793300
2016-04-12,FANG,81.01000213623047,83.20999908447266,80.30999755859375,82.05000305175781,63.885292053222656,1056800
2016-04-12,FANG,81.01000213623047,83.20999908447266,80.30999755859375,82.05000305175781,63.885292053222656,1056800
2016-04-13,FANG,81.69999694824219,82.2300033569336,80.22000122070312,81.4000015258789,63.37919616699219,774300
2016-04-13,FANG,81.69999694824219,82.2300033569336,80.22000122070312,81.4000015258789,63.37919616699219,774300
2016-04-14,FANG,81.47000122070312,81.80000305175781,80.5,81.7300033569336,63.63611602783203,444600
2016-04-14,FANG,81.47000122070312,81.80000305175781,80.5,81.7300033569336,63.63611602783203,444600
2016-04-15,FANG,80.87999725341797,80.94999694824219,79.83000183105469,80.11000061035156,62.3747673034668,778100
2016-04-15,FANG,80.87999725341797,80.94999694824219,79.83000183105469,80.11000061035156,62.3747673034668,778100
2016-04-18,FANG,77.91999816894531,82.01000213623047,77.5,81.81999969482422,63.70621490478516,918000
2016-04-18,FANG,77.91999816894531,82.01000213623047,77.5,81.81999969482422,63.70621490478516,918000
2016-04-19,FANG,82.30000305175781,84.44999694824219,81.75,82.30000305175781,64.0799331665039,1254100
2016-04-19,FANG,82.30000305175781,84.44999694824219,81.75,82.30000305175781,64.0799331665039,1254100
2016-04-20,FANG,81.91000366210938,84.4800033569336,80.61000061035156,83.44999694824219,64.975341796875,847600
2016-04-20,FANG,81.91000366210938,84.4800033569336,80.61000061035156,83.44999694824219,64.975341796875,847600
2016-04-21,FANG,84.51000213623047,84.51000213623047,82.0999984741211,82.55000305175781,64.27458953857422,552700
2016-04-21,FANG,84.51000213623047,84.51000213623047,82.0999984741211,82.55000305175781,64.27458953857422,552700
2016-04-22,FANG,82.6500015258789,84.41000366210938,82.63999938964844,83.68000030517578,65.15442657470703,810100
2016-04-22,FANG,82.6500015258789,84.41000366210938,82.63999938964844,83.68000030517578,65.15442657470703,810100
2016-04-25,FANG,83.06999969482422,84.87000274658203,83.06999969482422,84.4800033569336,65.7773208618164,1032200
2016-04-25,FANG,83.06999969482422,84.87000274658203,83.06999969482422,84.4800033569336,65.7773208618164,1032200
2016-04-26,FANG,84.81999969482422,87.12999725341797,84.77999877929688,86.51000213623047,67.35787963867188,1139100
2016-04-26,FANG,84.81999969482422,87.12999725341797,84.77999877929688,86.51000213623047,67.35787963867188,1139100
2016-04-27,FANG,87.12999725341797,89.12000274658203,87.0,88.43000030517578,68.85284423828125,1320900
2016-04-27,FANG,87.12999725341797,89.12000274658203,87.0,88.43000030517578,68.85284423828125,1320900
2016-04-28,FANG,88.2300033569336,89.22000122070312,86.58000183105469,86.87999725341797,67.64598083496094,907600
2016-04-28,FANG,88.2300033569336,89.22000122070312,86.58000183105469,86.87999725341797,67.64598083496094,907600
2016-04-29,FANG,87.11000061035156,88.30000305175781,84.97000122070312,86.58000183105469,67.41241455078125,977700
2016-04-29,FANG,87.11000061035156,88.30000305175781,84.97000122070312,86.58000183105469,67.41241455078125,977700
2016-05-02,FANG,87.08000183105469,87.7699966430664,85.55999755859375,87.61000061035156,68.21437072753906,1277200
2016-05-02,FANG,87.08000183105469,87.7699966430664,85.55999755859375,87.61000061035156,68.21437072753906,1277200
2016-05-03,FANG,86.91000366210938,88.0,83.01000213623047,84.9000015258789,66.10431671142578,1882900
2016-05-03,FANG,86.91000366210938,88.0,83.01000213623047,84.9000015258789,66.10431671142578,1882900
2016-05-04,FANG,85.4000015258789,87.94000244140625,82.19000244140625,84.16999816894531,65.53594207763672,2147900
2016-05-04,FANG,85.4000015258789,87.94000244140625,82.19000244140625,84.16999816894531,65.53594207763672,2147900
2016-05-05,FANG,85.8499984741211,88.45999908447266,85.8499984741211,87.68000030517578,68.26888275146484,1796500
2016-05-05,FANG,85.8499984741211,88.45999908447266,85.8499984741211,87.68000030517578,68.26888275146484,1796500
2016-05-06,FANG,86.98999786376953,88.56999969482422,85.30999755859375,85.45999908447266,66.54035949707031,756800
2016-05-06,FANG,86.98999786376953,88.56999969482422,85.30999755859375,85.45999908447266,66.54035949707031,756800
2016-05-09,FANG,84.55000305175781,86.13999938964844,83.68000030517578,85.7300033569336,66.75059509277344,1002400
2016-05-09,FANG,84.55000305175781,86.13999938964844,83.68000030517578,85.7300033569336,66.75059509277344,1002400
2016-05-10,FANG,86.02999877929688,87.56999969482422,85.77999877929688,87.41000366210938,68.05865478515625,903600
2016-05-10,FANG,86.02999877929688,87.56999969482422,85.77999877929688,87.41000366210938,68.05865478515625,903600
2016-05-11,FANG,87.01000213623047,88.31999969482422,86.2699966430664,86.48999786376953,67.34232330322266,1036400
2016-05-11,FANG,87.01000213623047,88.31999969482422,86.2699966430664,86.48999786376953,67.34232330322266,1036400
2016-05-12,FANG,87.41000366210938,88.41000366210938,85.75,87.13999938964844,67.84844207763672,921300
2016-05-12,FANG,87.41000366210938,88.41000366210938,85.75,87.13999938964844,67.84844207763672,921300
2016-05-13,FANG,86.5999984741211,87.69999694824219,84.88999938964844,85.48999786376953,66.563720703125,778900
2016-05-13,FANG,86.5999984741211,87.69999694824219,84.88999938964844,85.48999786376953,66.563720703125,778900
2016-05-16,FANG,86.86000061035156,87.98999786376953,86.37999725341797,86.58000183105469,67.41241455078125,697000
2016-05-16,FANG,86.86000061035156,87.98999786376953,86.37999725341797,86.58000183105469,67.41241455078125,697000
2016-05-17,FANG,86.86000061035156,87.75,85.69000244140625,86.94000244140625,67.69271850585938,797900
2016-05-17,FANG,86.86000061035156,87.75,85.69000244140625,86.94000244140625,67.69271850585938,797900
2016-05-18,FANG,87.04000091552734,87.62000274658203,85.88999938964844,86.93000030517578,67.68492126464844,527300
2016-05-18,FANG,87.04000091552734,87.62000274658203,85.88999938964844,86.93000030517578,67.68492126464844,527300
2016-05-19,FANG,85.93000030517578,87.33000183105469,83.88999938964844,86.93000030517578,67.68492126464844,871600
2016-05-19,FANG,85.93000030517578,87.33000183105469,83.88999938964844,86.93000030517578,67.68492126464844,871600
2016-05-20,FANG,87.5,87.5,86.18000030517578,87.0199966430664,67.75499725341797,736700
2016-05-20,FANG,87.5,87.5,86.18000030517578,87.0199966430664,67.75499725341797,736700
2016-05-23,FANG,86.55000305175781,87.58000183105469,85.63999938964844,86.83999633789062,67.6148452758789,569600
2016-05-23,FANG,86.55000305175781,87.58000183105469,85.63999938964844,86.83999633789062,67.6148452758789,569600
2016-05-24,FANG,87.5199966430664,88.5,86.73999786376953,87.97000122070312,68.49466705322266,904000
2016-05-24,FANG,87.5199966430664,88.5,86.73999786376953,87.97000122070312,68.49466705322266,904000
2016-05-25,FANG,88.44000244140625,89.79000091552734,87.98999786376953,89.73999786376953,69.8728256225586,1001000
2016-05-25,FANG,88.44000244140625,89.79000091552734,87.98999786376953,89.73999786376953,69.8728256225586,1001000
2016-05-26,FANG,90.0,92.91999816894533,89.88999938964844,91.91000366210938,71.56243133544922,1792600
2016-05-26,FANG,90.0,92.91999816894533,89.88999938964844,91.91000366210938,71.56243133544922,1792600
2016-05-27,FANG,91.41999816894533,93.91999816894533,90.31999969482422,92.86000061035156,72.30210876464844,2747300
2016-05-27,FANG,91.41999816894533,93.91999816894533,90.31999969482422,92.86000061035156,72.30210876464844,2747300
2016-05-31,FANG,93.0,93.7699966430664,90.45999908447266,90.9499969482422,70.81494903564453,978500
2016-05-31,FANG,93.0,93.7699966430664,90.45999908447266,90.9499969482422,70.81494903564453,978500
2016-06-01,FANG,90.2699966430664,92.16999816894533,90.05000305175781,91.52999877929688,71.26655578613281,969600
2016-06-01,FANG,90.2699966430664,92.16999816894533,90.05000305175781,91.52999877929688,71.26655578613281,969600
2016-06-02,FANG,90.6500015258789,92.66000366210938,89.4000015258789,92.41999816894533,71.9594955444336,1062500
2016-06-02,FANG,90.6500015258789,92.66000366210938,89.4000015258789,92.41999816894533,71.9594955444336,1062500
2016-06-03,FANG,92.30999755859376,92.52999877929688,89.9000015258789,90.11000061035156,70.16092681884766,1318800
2016-06-03,FANG,92.30999755859376,92.52999877929688,89.9000015258789,90.11000061035156,70.16092681884766,1318800
2016-06-06,FANG,90.83999633789062,91.62999725341795,89.80000305175781,90.87000274658205,70.7526626586914,1172100
2016-06-06,FANG,90.83999633789062,91.62999725341795,89.80000305175781,90.87000274658205,70.7526626586914,1172100
2016-06-07,FANG,91.47000122070312,94.9499969482422,91.47000122070312,94.58999633789062,73.64910888671875,1366700
2016-06-07,FANG,91.47000122070312,94.9499969482422,91.47000122070312,94.58999633789062,73.64910888671875,1366700
2016-06-08,FANG,95.4499969482422,96.01000213623048,92.43000030517578,93.12999725341795,72.5123062133789,970700
2016-06-08,FANG,95.4499969482422,96.01000213623048,92.43000030517578,93.12999725341795,72.5123062133789,970700
2016-06-09,FANG,92.27999877929688,93.87000274658205,91.72000122070312,92.18000030517578,71.77263641357422,765800
2016-06-09,FANG,92.27999877929688,93.87000274658205,91.72000122070312,92.18000030517578,71.77263641357422,765800
2016-06-10,FANG,91.0999984741211,91.91000366210938,89.33000183105469,89.33999633789062,69.5613784790039,800900
2016-06-10,FANG,91.0999984741211,91.91000366210938,89.33000183105469,89.33999633789062,69.5613784790039,800900
2016-06-13,FANG,88.69999694824219,90.44000244140624,88.19999694824219,88.76000213623047,69.10979461669922,910100
2016-06-13,FANG,88.69999694824219,90.44000244140624,88.19999694824219,88.76000213623047,69.10979461669922,910100
2016-06-14,FANG,88.37000274658203,90.0999984741211,87.97000122070312,89.86000061035156,69.96627807617188,947300
2016-06-14,FANG,88.37000274658203,90.0999984741211,87.97000122070312,89.86000061035156,69.96627807617188,947300
2016-06-15,FANG,89.76000213623047,90.45999908447266,88.26000213623047,89.12999725341797,69.39785766601562,767300
2016-06-15,FANG,89.76000213623047,90.45999908447266,88.26000213623047,89.12999725341797,69.39785766601562,767300
2016-06-16,FANG,88.26000213623047,88.26000213623047,86.30999755859375,87.25,67.93406677246094,1312800
2016-06-16,FANG,88.26000213623047,88.26000213623047,86.30999755859375,87.25,67.93406677246094,1312800
2016-06-17,FANG,87.76000213623047,88.26000213623047,86.95999908447266,87.51000213623047,68.13651275634766,1211500
2016-06-17,FANG,87.76000213623047,88.26000213623047,86.95999908447266,87.51000213623047,68.13651275634766,1211500
2016-06-20,FANG,89.26000213623047,89.5999984741211,88.52999877929688,89.01000213623047,69.304443359375,821900
2016-06-20,FANG,89.26000213623047,89.5999984741211,88.52999877929688,89.01000213623047,69.304443359375,821900
2016-06-21,FANG,89.16000366210938,91.33000183105467,88.08999633789062,90.91999816894533,70.79159545898438,951200
2016-06-21,FANG,89.16000366210938,91.33000183105467,88.08999633789062,90.91999816894533,70.79159545898438,951200
2016-06-22,FANG,91.68000030517578,91.68000030517578,89.72000122070312,90.79000091552734,70.69039154052734,577400
2016-06-22,FANG,91.68000030517578,91.68000030517578,89.72000122070312,90.79000091552734,70.69039154052734,577400
2016-06-23,FANG,91.5,91.97000122070312,90.6999969482422,91.41000366210938,71.173095703125,671600
2016-06-23,FANG,91.5,91.97000122070312,90.6999969482422,91.41000366210938,71.173095703125,671600
2016-06-24,FANG,87.5199966430664,89.5,86.6500015258789,87.27999877929688,67.95743560791016,1692900
2016-06-24,FANG,87.5199966430664,89.5,86.6500015258789,87.27999877929688,67.95743560791016,1692900
2016-06-27,FANG,86.4000015258789,87.3499984741211,82.80000305175781,83.7699966430664,65.22449493408203,1550700
2016-06-27,FANG,86.4000015258789,87.3499984741211,82.80000305175781,83.7699966430664,65.22449493408203,1550700
2016-06-28,FANG,85.01000213623047,88.94999694824219,84.3499984741211,88.61000061035156,68.99298858642578,1394000
2016-06-28,FANG,85.01000213623047,88.94999694824219,84.3499984741211,88.61000061035156,68.99298858642578,1394000
2016-06-29,FANG,89.6500015258789,91.81999969482422,88.81999969482422,90.79000091552734,70.69039154052734,1013000
2016-06-29,FANG,89.6500015258789,91.81999969482422,88.81999969482422,90.79000091552734,70.69039154052734,1013000
2016-06-30,FANG,90.63999938964844,91.98999786376952,89.58999633789062,91.20999908447266,71.01737213134766,931000
2016-06-30,FANG,90.63999938964844,91.98999786376952,89.58999633789062,91.20999908447266,71.01737213134766,931000
2016-07-01,FANG,91.79000091552734,92.77999877929688,89.37999725341797,90.54000091552734,70.49571228027344,905300
2016-07-01,FANG,91.79000091552734,92.77999877929688,89.37999725341797,90.54000091552734,70.49571228027344,905300
2016-07-05,FANG,89.54000091552734,90.01000213623047,87.75,89.52999877929688,69.70930480957031,990100
2016-07-05,FANG,89.54000091552734,90.01000213623047,87.75,89.52999877929688,69.70930480957031,990100
2016-07-06,FANG,88.83999633789062,91.1999969482422,88.48999786376953,90.5,70.46456146240234,1620600
2016-07-06,FANG,88.83999633789062,91.1999969482422,88.48999786376953,90.5,70.46456146240234,1620600
2016-07-07,FANG,91.5,91.97000122070312,88.41000366210938,88.58999633789062,68.9774169921875,1087400
2016-07-07,FANG,91.5,91.97000122070312,88.41000366210938,88.58999633789062,68.9774169921875,1087400
2016-07-08,FANG,89.58000183105469,90.0,88.7699966430664,89.16000366210938,69.42121887207031,923700
2016-07-08,FANG,89.58000183105469,90.0,88.7699966430664,89.16000366210938,69.42121887207031,923700
2016-07-11,FANG,89.91000366210938,91.41000366210938,89.19999694824219,89.69999694824219,69.84170532226562,626000
2016-07-11,FANG,89.91000366210938,91.41000366210938,89.19999694824219,89.69999694824219,69.84170532226562,626000
2016-07-12,FANG,91.0500030517578,92.81999969482422,91.02999877929688,91.95999908447266,71.60133361816406,750200
2016-07-12,FANG,91.0500030517578,92.81999969482422,91.02999877929688,91.95999908447266,71.60133361816406,750200
2016-07-13,FANG,90.2699966430664,92.4499969482422,89.19999694824219,91.04000091552734,70.885009765625,4602900
2016-07-13,FANG,90.2699966430664,92.4499969482422,89.19999694824219,91.04000091552734,70.885009765625,4602900
2016-07-14,FANG,92.0199966430664,92.7300033569336,91.1500015258789,92.2300033569336,71.81159210205078,1327500
2016-07-14,FANG,92.0199966430664,92.7300033569336,91.1500015258789,92.2300033569336,71.81159210205078,1327500
2016-07-15,FANG,92.19000244140624,92.48999786376952,90.06999969482422,90.93000030517578,70.79938507080078,1010200
2016-07-15,FANG,92.19000244140624,92.48999786376952,90.06999969482422,90.93000030517578,70.79938507080078,1010200
2016-07-18,FANG,90.66999816894533,90.97000122070312,89.5,90.56999969482422,70.51908874511719,696300
2016-07-18,FANG,90.66999816894533,90.97000122070312,89.5,90.56999969482422,70.51908874511719,696300
2016-07-19,FANG,90.05000305175781,90.87000274658205,89.20999908447266,89.41999816894531,69.62366485595703,1051600
2016-07-19,FANG,90.05000305175781,90.87000274658205,89.20999908447266,89.41999816894531,69.62366485595703,1051600
2016-07-20,FANG,90.0999984741211,90.12000274658205,88.77999877929688,89.4800033569336,69.67039489746094,1469200
2016-07-20,FANG,90.0999984741211,90.12000274658205,88.77999877929688,89.4800033569336,69.67039489746094,1469200
2016-07-21,FANG,89.26000213623047,90.30999755859376,87.91000366210938,88.18000030517578,68.65818786621094,1374700
2016-07-21,FANG,89.26000213623047,90.30999755859376,87.91000366210938,88.18000030517578,68.65818786621094,1374700
2016-07-22,FANG,88.41999816894531,88.73999786376953,87.44000244140625,88.2300033569336,68.69712829589844,958500
2016-07-22,FANG,88.41999816894531,88.73999786376953,87.44000244140625,88.2300033569336,68.69712829589844,958500
2016-07-25,FANG,87.79000091552734,87.79000091552734,84.19999694824219,85.3499984741211,66.45471954345703,1118500
2016-07-25,FANG,87.79000091552734,87.79000091552734,84.19999694824219,85.3499984741211,66.45471954345703,1118500
2016-07-26,FANG,85.31999969482422,86.16999816894531,84.44999694824219,85.88999938964844,66.87516021728516,951300
2016-07-26,FANG,85.31999969482422,86.16999816894531,84.44999694824219,85.88999938964844,66.87516021728516,951300
2016-07-27,FANG,86.19999694824219,86.62999725341797,84.7300033569336,85.36000061035156,66.4625015258789,1121400
2016-07-27,FANG,86.19999694824219,86.62999725341797,84.7300033569336,85.36000061035156,66.4625015258789,1121400
2016-07-28,FANG,85.16999816894531,86.56999969482422,84.52999877929688,85.93000030517578,66.90631103515625,958800
2016-07-28,FANG,85.16999816894531,86.56999969482422,84.52999877929688,85.93000030517578,66.90631103515625,958800
2016-07-29,FANG,85.48999786376953,88.37000274658203,85.16000366210938,87.79000091552734,68.35453033447266,1685000
2016-07-29,FANG,85.48999786376953,88.37000274658203,85.16000366210938,87.79000091552734,68.35453033447266,1685000
2016-08-01,FANG,87.63999938964844,87.63999938964844,84.6500015258789,85.94999694824219,66.92186737060547,1343100
2016-08-01,FANG,87.63999938964844,87.63999938964844,84.6500015258789,85.94999694824219,66.92186737060547,1343100
2016-08-02,FANG,86.19999694824219,86.9000015258789,83.9000015258789,85.8499984741211,66.84400939941406,1198000
2016-08-02,FANG,86.19999694824219,86.9000015258789,83.9000015258789,85.8499984741211,66.84400939941406,1198000
2016-08-03,FANG,87.4800033569336,88.0,85.22000122070312,87.33999633789062,68.004150390625,1618700
2016-08-03,FANG,87.4800033569336,88.0,85.22000122070312,87.33999633789062,68.004150390625,1618700
2016-08-04,FANG,87.33999633789062,89.94999694824219,86.87000274658203,88.91000366210938,69.2265853881836,1262300
2016-08-04,FANG,87.33999633789062,89.94999694824219,86.87000274658203,88.91000366210938,69.2265853881836,1262300
2016-08-05,FANG,89.2699966430664,93.83999633789062,89.16000366210938,92.9499969482422,72.3721694946289,1744700
2016-08-05,FANG,89.2699966430664,93.83999633789062,89.16000366210938,92.9499969482422,72.3721694946289,1744700
2016-08-08,FANG,93.69000244140624,95.95999908447266,93.4000015258789,93.6999969482422,72.95613861083984,1143500
2016-08-08,FANG,93.69000244140624,95.95999908447266,93.4000015258789,93.6999969482422,72.95613861083984,1143500
2016-08-09,FANG,93.6500015258789,95.47000122070312,93.08999633789062,94.27999877929688,73.4077377319336,1004500
2016-08-09,FANG,93.6500015258789,95.47000122070312,93.08999633789062,94.27999877929688,73.4077377319336,1004500
2016-08-10,FANG,94.66999816894533,94.80999755859376,92.68000030517578,93.29000091552734,72.63690948486328,642300
2016-08-10,FANG,94.66999816894533,94.80999755859376,92.68000030517578,93.29000091552734,72.63690948486328,642300
2016-08-11,FANG,94.04000091552734,95.4800033569336,93.16999816894533,94.16000366210938,73.31430053710938,944900
2016-08-11,FANG,94.04000091552734,95.4800033569336,93.16999816894533,94.16000366210938,73.31430053710938,944900
2016-08-12,FANG,94.37999725341795,94.95999908447266,93.56999969482422,94.58000183105467,73.64131927490234,603300
2016-08-12,FANG,94.37999725341795,94.95999908447266,93.56999969482422,94.58000183105467,73.64131927490234,603300
2016-08-15,FANG,95.23999786376952,96.9499969482422,95.0199966430664,96.4499969482422,75.09732055664062,902300
2016-08-15,FANG,95.23999786376952,96.9499969482422,95.0199966430664,96.4499969482422,75.09732055664062,902300
2016-08-16,FANG,95.80999755859376,96.48999786376952,93.4499969482422,95.01000213623048,73.97611236572266,1040100
2016-08-16,FANG,95.80999755859376,96.48999786376952,93.4499969482422,95.01000213623048,73.97611236572266,1040100
2016-08-17,FANG,95.01000213623048,95.55999755859376,93.9499969482422,95.3000030517578,74.201904296875,759600
2016-08-17,FANG,95.01000213623048,95.55999755859376,93.9499969482422,95.3000030517578,74.201904296875,759600
2016-08-18,FANG,95.93000030517578,98.80999755859376,95.3499984741211,98.5500030517578,76.73242950439453,1237400
2016-08-18,FANG,95.93000030517578,98.80999755859376,95.3499984741211,98.5500030517578,76.73242950439453,1237400
2016-08-19,FANG,98.27999877929688,98.94000244140624,97.02999877929688,98.58999633789062,76.76355743408203,606100
2016-08-19,FANG,98.27999877929688,98.94000244140624,97.02999877929688,98.58999633789062,76.76355743408203,606100
2016-08-22,FANG,97.4800033569336,98.18000030517578,95.86000061035156,96.48999786376952,75.12846374511719,1068400
2016-08-22,FANG,97.4800033569336,98.18000030517578,95.86000061035156,96.48999786376952,75.12846374511719,1068400
2016-08-23,FANG,96.5999984741211,97.5199966430664,96.2300033569336,96.58999633789062,75.20631408691406,594400
2016-08-23,FANG,96.5999984741211,97.5199966430664,96.2300033569336,96.58999633789062,75.20631408691406,594400
2016-08-24,FANG,96.2699966430664,97.3000030517578,95.76000213623048,96.19000244140624,74.89488983154297,570100
2016-08-24,FANG,96.2699966430664,97.3000030517578,95.76000213623048,96.19000244140624,74.89488983154297,570100
2016-08-25,FANG,96.26000213623048,96.87000274658205,94.98999786376952,96.26000213623048,74.94940185546875,718900
2016-08-25,FANG,96.26000213623048,96.87000274658205,94.98999786376952,96.26000213623048,74.94940185546875,718900
2016-08-26,FANG,96.5199966430664,97.38999938964844,95.66999816894533,96.33000183105467,75.00389099121094,504000
2016-08-26,FANG,96.5199966430664,97.38999938964844,95.66999816894533,96.33000183105467,75.00389099121094,504000
2016-08-29,FANG,95.86000061035156,97.88999938964844,95.5999984741211,97.36000061035156,75.80587005615234,456700
2016-08-29,FANG,95.86000061035156,97.88999938964844,95.5999984741211,97.36000061035156,75.80587005615234,456700
2016-08-30,FANG,97.36000061035156,97.98999786376952,95.83999633789062,96.5,75.13624572753906,598900
2016-08-30,FANG,97.36000061035156,97.98999786376952,95.83999633789062,96.5,75.13624572753906,598900
2016-08-31,FANG,96.12000274658205,96.25,93.75,95.25,74.16299438476562,997500
2016-08-31,FANG,96.12000274658205,96.25,93.75,95.25,74.16299438476562,997500
2016-09-01,FANG,95.2300033569336,95.37000274658205,93.02999877929688,95.2699966430664,74.17855834960938,710700
2016-09-01,FANG,95.2300033569336,95.37000274658205,93.02999877929688,95.2699966430664,74.17855834960938,710700
2016-09-02,FANG,96.16999816894533,96.83000183105467,95.75,96.37999725341795,75.04283142089844,569800
2016-09-02,FANG,96.16999816894533,96.83000183105467,95.75,96.37999725341795,75.04283142089844,569800
2016-09-06,FANG,96.58000183105467,97.25,95.22000122070312,97.1500015258789,75.64236450195312,728600
2016-09-06,FANG,96.58000183105467,97.25,95.22000122070312,97.1500015258789,75.64236450195312,728600
2016-09-07,FANG,97.5999984741211,98.9499969482422,96.48999786376952,98.55999755859376,76.74018859863281,997900
2016-09-07,FANG,97.5999984741211,98.9499969482422,96.48999786376952,98.55999755859376,76.74018859863281,997900
2016-09-08,FANG,98.94000244140624,99.69000244140624,98.06999969482422,98.33999633789062,76.56889343261719,653700
2016-09-08,FANG,98.94000244140624,99.69000244140624,98.06999969482422,98.33999633789062,76.56889343261719,653700
2016-09-09,FANG,97.56999969482422,98.5199966430664,95.95999908447266,96.0500030517578,74.78587341308594,961800
2016-09-09,FANG,97.56999969482422,98.5199966430664,95.95999908447266,96.0500030517578,74.78587341308594,961800
2016-09-12,FANG,95.44000244140624,96.94000244140624,94.63999938964844,95.62999725341795,74.45886993408203,754200
2016-09-12,FANG,95.44000244140624,96.94000244140624,94.63999938964844,95.62999725341795,74.45886993408203,754200
2016-09-13,FANG,94.20999908447266,95.12000274658205,90.4000015258789,90.9000015258789,70.77603149414062,1627900
2016-09-13,FANG,94.20999908447266,95.12000274658205,90.4000015258789,90.9000015258789,70.77603149414062,1627900
2016-09-14,FANG,90.48999786376952,91.68000030517578,87.91000366210938,88.55999755859375,68.95405578613281,1347200
2016-09-14,FANG,90.48999786376952,91.68000030517578,87.91000366210938,88.55999755859375,68.95405578613281,1347200
2016-09-15,FANG,88.98999786376953,90.38999938964844,88.55000305175781,89.87999725341797,69.9818115234375,1148900
2016-09-15,FANG,88.98999786376953,90.38999938964844,88.55000305175781,89.87999725341797,69.9818115234375,1148900
2016-09-16,FANG,88.98999786376953,89.94999694824219,86.93000030517578,89.69000244140625,69.83391571044922,1319700
2016-09-16,FANG,88.98999786376953,89.94999694824219,86.93000030517578,89.69000244140625,69.83391571044922,1319700
2016-09-19,FANG,90.52999877929688,91.1500015258789,88.51000213623047,89.29000091552734,69.52244567871094,634800
2016-09-19,FANG,90.52999877929688,91.1500015258789,88.51000213623047,89.29000091552734,69.52244567871094,634800
2016-09-20,FANG,89.51000213623047,89.51000213623047,87.52999877929688,88.3499984741211,68.79055786132812,837600
2016-09-20,FANG,89.51000213623047,89.51000213623047,87.52999877929688,88.3499984741211,68.79055786132812,837600
2016-09-21,FANG,89.11000061035156,90.08000183105467,88.01000213623047,89.38999938964844,69.60030364990234,1389200
2016-09-21,FANG,89.11000061035156,90.08000183105467,88.01000213623047,89.38999938964844,69.60030364990234,1389200
2016-09-22,FANG,90.38999938964844,91.26000213623048,89.3499984741211,91.0,70.8538818359375,1048400
2016-09-22,FANG,90.38999938964844,91.26000213623048,89.3499984741211,91.0,70.8538818359375,1048400
2016-09-23,FANG,90.4800033569336,90.94000244140624,87.30999755859375,88.91999816894531,69.23436737060547,1246700
2016-09-23,FANG,90.4800033569336,90.94000244140624,87.30999755859375,88.91999816894531,69.23436737060547,1246700
2016-09-26,FANG,89.19000244140625,91.3499984741211,88.88999938964844,90.30999755859376,70.31661987304688,1120500
2016-09-26,FANG,89.19000244140625,91.3499984741211,88.88999938964844,90.30999755859376,70.31661987304688,1120500
2016-09-27,FANG,89.37999725341797,89.77999877929688,87.6500015258789,88.52999877929688,68.93069458007812,879200
2016-09-27,FANG,89.37999725341797,89.77999877929688,87.6500015258789,88.52999877929688,68.93069458007812,879200
2016-09-28,FANG,89.05999755859375,93.5999984741211,88.36000061035156,93.37999725341795,72.70696258544922,1244200
2016-09-28,FANG,89.05999755859375,93.5999984741211,88.36000061035156,93.37999725341795,72.70696258544922,1244200
2016-09-29,FANG,93.25,96.55999755859376,93.18000030517578,95.52999877929688,74.38101196289062,1540000
2016-09-29,FANG,93.25,96.55999755859376,93.18000030517578,95.52999877929688,74.38101196289062,1540000
2016-09-30,FANG,96.0,98.77999877929688,95.73999786376952,96.54000091552734,75.16738891601562,1292000
2016-09-30,FANG,96.0,98.77999877929688,95.73999786376952,96.54000091552734,75.16738891601562,1292000
2016-10-03,FANG,95.1500015258789,96.47000122070312,91.1500015258789,92.52999877929688,72.04515075683594,2361700
2016-10-03,FANG,95.1500015258789,96.47000122070312,91.1500015258789,92.52999877929688,72.04515075683594,2361700
2016-10-04,FANG,93.12000274658205,93.8499984741211,90.51000213623048,91.58999633789062,71.31324005126953,1777500
2016-10-04,FANG,93.12000274658205,93.8499984741211,90.51000213623048,91.58999633789062,71.31324005126953,1777500
2016-10-05,FANG,92.5999984741211,94.91000366210938,92.1999969482422,94.6999969482422,73.73472595214844,1675400
2016-10-05,FANG,92.5999984741211,94.91000366210938,92.1999969482422,94.6999969482422,73.73472595214844,1675400
2016-10-06,FANG,95.51000213623048,95.80999755859376,93.58999633789062,95.04000091552734,73.9994888305664,1075800
2016-10-06,FANG,95.51000213623048,95.80999755859376,93.58999633789062,95.04000091552734,73.9994888305664,1075800
2016-10-07,FANG,95.02999877929688,95.5199966430664,94.26000213623048,94.6999969482422,73.73472595214844,813200
2016-10-07,FANG,95.02999877929688,95.5199966430664,94.26000213623048,94.6999969482422,73.73472595214844,813200
2016-10-10,FANG,99.8000030517578,106.02999877929688,99.0500030517578,105.20999908447266,81.91796875,3583500
2016-10-10,FANG,99.8000030517578,106.02999877929688,99.0500030517578,105.20999908447266,81.91796875,3583500
2016-10-11,FANG,105.5,106.83999633789062,103.6999969482422,104.83999633789062,81.62989044189453,1946800
2016-10-11,FANG,105.5,106.83999633789062,103.6999969482422,104.83999633789062,81.62989044189453,1946800
2016-10-12,FANG,104.70999908447266,105.83000183105467,104.0,104.54000091552734,81.39630889892578,1361400
2016-10-12,FANG,104.70999908447266,105.83000183105467,104.0,104.54000091552734,81.39630889892578,1361400
2016-10-13,FANG,104.08999633789062,104.5,102.2699966430664,103.52999877929688,80.60990142822266,1046600
2016-10-13,FANG,104.08999633789062,104.5,102.2699966430664,103.52999877929688,80.60990142822266,1046600
2016-10-14,FANG,103.9000015258789,104.77999877929688,100.75,100.9000015258789,78.5621566772461,1556200
2016-10-14,FANG,103.9000015258789,104.77999877929688,100.75,100.9000015258789,78.5621566772461,1556200
2016-10-17,FANG,100.9800033569336,101.37999725341795,98.8000030517578,100.47000122070312,78.22736358642578,1348100
2016-10-17,FANG,100.9800033569336,101.37999725341795,98.8000030517578,100.47000122070312,78.22736358642578,1348100
2016-10-18,FANG,101.37000274658205,102.69000244140624,99.47000122070312,99.70999908447266,77.63560485839844,1034000
2016-10-18,FANG,101.37000274658205,102.69000244140624,99.47000122070312,99.70999908447266,77.63560485839844,1034000
2016-10-19,FANG,100.54000091552734,104.51000213623048,100.54000091552734,103.1999969482422,80.35296630859375,1868700
2016-10-19,FANG,100.54000091552734,104.51000213623048,100.54000091552734,103.1999969482422,80.35296630859375,1868700
2016-10-20,FANG,102.1999969482422,104.19000244140624,100.56999969482422,102.25,79.61329650878906,1098400
2016-10-20,FANG,102.1999969482422,104.19000244140624,100.56999969482422,102.25,79.61329650878906,1098400
2016-10-21,FANG,101.9800033569336,103.3000030517578,100.83999633789062,102.23999786376952,79.60550689697266,1011200
2016-10-21,FANG,101.9800033569336,103.3000030517578,100.83999633789062,102.23999786376952,79.60550689697266,1011200
2016-10-24,FANG,102.56999969482422,102.56999969482422,98.5999984741211,99.5999984741211,77.54996490478516,995100
2016-10-24,FANG,102.56999969482422,102.56999969482422,98.5999984741211,99.5999984741211,77.54996490478516,995100
2016-10-25,FANG,99.33999633789062,100.3000030517578,96.91999816894533,97.44000244140624,75.86814880371094,821000
2016-10-25,FANG,99.33999633789062,100.3000030517578,96.91999816894533,97.44000244140624,75.86814880371094,821000
2016-10-26,FANG,96.45999908447266,96.83999633789062,94.51000213623048,96.0500030517578,74.78587341308594,1276800
2016-10-26,FANG,96.45999908447266,96.83999633789062,94.51000213623048,96.0500030517578,74.78587341308594,1276800
2016-10-27,FANG,96.5199966430664,97.68000030517578,95.88999938964844,96.77999877929688,75.35426330566406,1402600
2016-10-27,FANG,96.5199966430664,97.68000030517578,95.88999938964844,96.77999877929688,75.35426330566406,1402600
2016-10-28,FANG,96.3000030517578,98.0999984741211,93.94000244140624,93.98999786376952,73.18192291259766,837600
2016-10-28,FANG,96.3000030517578,98.0999984741211,93.94000244140624,93.98999786376952,73.18192291259766,837600
2016-10-31,FANG,93.70999908447266,94.25,90.51000213623048,91.29000091552734,71.07968139648438,1352000
2016-10-31,FANG,93.70999908447266,94.25,90.51000213623048,91.29000091552734,71.07968139648438,1352000
2016-11-01,FANG,92.2699966430664,93.66000366210938,90.5500030517578,91.80999755859376,71.48455047607422,764700
2016-11-01,FANG,92.2699966430664,93.66000366210938,90.5500030517578,91.80999755859376,71.48455047607422,764700
2016-11-02,FANG,90.77999877929688,91.9000015258789,88.73999786376953,91.27999877929688,71.0718994140625,904800
2016-11-02,FANG,90.77999877929688,91.9000015258789,88.73999786376953,91.27999877929688,71.0718994140625,904800
2016-11-03,FANG,91.80999755859376,92.79000091552734,90.05000305175781,92.55999755859376,72.06851959228516,921600
2016-11-03,FANG,91.80999755859376,92.79000091552734,90.05000305175781,92.55999755859376,72.06851959228516,921600
2016-11-04,FANG,91.87000274658205,92.87000274658205,89.75,91.69000244140624,71.3911361694336,1190100
2016-11-04,FANG,91.87000274658205,92.87000274658205,89.75,91.69000244140624,71.3911361694336,1190100
2016-11-07,FANG,93.66000366210938,94.5500030517578,92.25,93.95999908447266,73.15857696533203,1615900
2016-11-07,FANG,93.66000366210938,94.5500030517578,92.25,93.95999908447266,73.15857696533203,1615900
2016-11-08,FANG,92.6999969482422,96.23999786376952,91.05999755859376,93.73999786376952,72.9872817993164,2051400
2016-11-08,FANG,92.6999969482422,96.23999786376952,91.05999755859376,93.73999786376952,72.9872817993164,2051400
2016-11-09,FANG,93.7300033569336,100.01000213623048,93.16999816894533,98.16000366210938,76.42876434326172,1984600
2016-11-09,FANG,93.7300033569336,100.01000213623048,93.16999816894533,98.16000366210938,76.42876434326172,1984600
2016-11-10,FANG,97.5,99.0199966430664,96.1999969482422,97.37000274658205,75.81364440917969,1270100
2016-11-10,FANG,97.5,99.0199966430664,96.1999969482422,97.37000274658205,75.81364440917969,1270100
2016-11-11,FANG,96.41999816894533,98.25,94.4000015258789,95.48999786376952,74.349853515625,732500
2016-11-11,FANG,96.41999816894533,98.25,94.4000015258789,95.48999786376952,74.349853515625,732500
2016-11-14,FANG,95.04000091552734,95.18000030517578,92.70999908447266,94.31999969482422,73.43888854980469,1124400
2016-11-14,FANG,95.04000091552734,95.18000030517578,92.70999908447266,94.31999969482422,73.43888854980469,1124400
2016-11-15,FANG,95.6500015258789,98.29000091552734,95.6500015258789,96.66000366210938,75.26083374023438,1149500
2016-11-15,FANG,95.6500015258789,98.29000091552734,95.6500015258789,96.66000366210938,75.26083374023438,1149500
2016-11-16,FANG,96.44000244140624,99.0,96.41999816894533,97.58999633789062,75.98495483398438,973100
2016-11-16,FANG,96.44000244140624,99.0,96.41999816894533,97.58999633789062,75.98495483398438,973100
2016-11-17,FANG,98.5500030517578,101.37000274658205,97.0999984741211,97.91999816894533,76.24188232421875,1827600
2016-11-17,FANG,98.5500030517578,101.37000274658205,97.0999984741211,97.91999816894533,76.24188232421875,1827600
2016-11-18,FANG,98.19000244140624,99.55999755859376,96.9800033569336,97.0999984741211,75.60342407226562,941600
2016-11-18,FANG,98.19000244140624,99.55999755859376,96.9800033569336,97.0999984741211,75.60342407226562,941600
2016-11-21,FANG,98.4499969482422,101.11000061035156,98.4499969482422,100.45999908447266,78.21955871582031,1311900
2016-11-21,FANG,98.4499969482422,101.11000061035156,98.4499969482422,100.45999908447266,78.21955871582031,1311900
2016-11-22,FANG,102.0199966430664,102.0199966430664,97.8000030517578,99.1999969482422,77.23851013183594,1022400
2016-11-22,FANG,102.0199966430664,102.0199966430664,97.8000030517578,99.1999969482422,77.23851013183594,1022400
2016-11-23,FANG,98.43000030517578,101.18000030517578,98.0,100.7699966430664,78.46092224121094,923800
2016-11-23,FANG,98.43000030517578,101.18000030517578,98.0,100.7699966430664,78.46092224121094,923800
2016-11-25,FANG,101.56999969482422,101.56999969482422,97.91000366210938,99.44000244140624,77.42537689208984,456200
2016-11-25,FANG,101.56999969482422,101.56999969482422,97.91000366210938,99.44000244140624,77.42537689208984,456200
2016-11-28,FANG,100.26000213623048,100.26000213623048,96.47000122070312,96.75,75.33091735839844,1228400
2016-11-28,FANG,100.26000213623048,100.26000213623048,96.47000122070312,96.75,75.33091735839844,1228400
2016-11-29,FANG,94.91000366210938,97.83000183105467,92.72000122070312,95.4000015258789,74.27978515625,1566500
2016-11-29,FANG,94.91000366210938,97.83000183105467,92.72000122070312,95.4000015258789,74.27978515625,1566500
2016-11-30,FANG,100.0,108.51000213623048,100.0,107.8499984741211,83.97351837158203,7379400
2016-11-30,FANG,100.0,108.51000213623048,100.0,107.8499984741211,83.97351837158203,7379400
2016-12-01,FANG,111.18000030517578,113.2300033569336,109.0,110.0,85.6475601196289,2788500
2016-12-01,FANG,111.18000030517578,113.2300033569336,109.0,110.0,85.6475601196289,2788500
2016-12-02,FANG,111.08999633789062,111.54000091552734,107.87999725341795,108.13999938964844,84.1993179321289,1861600
2016-12-02,FANG,111.08999633789062,111.54000091552734,107.87999725341795,108.13999938964844,84.1993179321289,1861600
2016-12-05,FANG,109.08999633789062,111.41999816894533,106.56999969482422,106.93000030517578,83.2572250366211,1412900
2016-12-05,FANG,109.08999633789062,111.41999816894533,106.56999969482422,106.93000030517578,83.2572250366211,1412900
2016-12-06,FANG,106.0199966430664,107.68000030517578,104.4000015258789,106.29000091552734,82.75889587402344,1164800
2016-12-06,FANG,106.0199966430664,107.68000030517578,104.4000015258789,106.29000091552734,82.75889587402344,1164800
2016-12-07,FANG,105.8499984741211,106.72000122070312,104.16999816894533,105.38999938964844,82.05814361572266,971400
2016-12-07,FANG,105.8499984741211,106.72000122070312,104.16999816894533,105.38999938964844,82.05814361572266,971400
2016-12-08,FANG,106.13999938964844,108.05999755859376,105.38999938964844,107.26000213623048,83.51415252685547,778900
2016-12-08,FANG,106.13999938964844,108.05999755859376,105.38999938964844,107.26000213623048,83.51415252685547,778900
2016-12-09,FANG,108.22000122070312,108.37000274658205,104.43000030517578,106.04000091552734,82.5642318725586,933400
2016-12-09,FANG,108.22000122070312,108.37000274658205,104.43000030517578,106.04000091552734,82.5642318725586,933400
2016-12-12,FANG,110.2300033569336,113.16000366210938,104.20999908447266,104.98999786376952,81.74669647216797,1830900
2016-12-12,FANG,110.2300033569336,113.16000366210938,104.20999908447266,104.98999786376952,81.74669647216797,1830900
2016-12-13,FANG,105.66999816894533,107.16999816894533,103.62999725341795,105.27999877929688,81.97249603271484,1486600
2016-12-13,FANG,105.66999816894533,107.16999816894533,103.62999725341795,105.27999877929688,81.97249603271484,1486600
2016-12-14,FANG,103.16999816894533,105.23999786376952,101.33000183105467,101.51000213623048,79.037109375,1592000
2016-12-14,FANG,103.16999816894533,105.23999786376952,101.33000183105467,101.51000213623048,79.037109375,1592000
2016-12-15,FANG,97.25,101.33000183105467,96.5,101.18000030517578,78.78014373779297,9153500
2016-12-15,FANG,97.25,101.33000183105467,96.5,101.18000030517578,78.78014373779297,9153500
2016-12-16,FANG,100.8499984741211,102.11000061035156,99.5,101.9499969482422,79.37969207763672,1994300
2016-12-16,FANG,100.8499984741211,102.11000061035156,99.5,101.9499969482422,79.37969207763672,1994300
2016-12-19,FANG,102.18000030517578,105.62999725341795,102.08000183105467,105.25,81.94912719726562,2146700
2016-12-19,FANG,102.18000030517578,105.62999725341795,102.08000183105467,105.25,81.94912719726562,2146700
2016-12-20,FANG,106.4000015258789,106.48999786376952,102.48999786376952,102.66000366210938,79.9325180053711,1311100
2016-12-20,FANG,106.4000015258789,106.48999786376952,102.48999786376952,102.66000366210938,79.9325180053711,1311100
2016-12-21,FANG,103.0,104.20999908447266,100.45999908447266,101.4499969482422,78.9903793334961,1422900
2016-12-21,FANG,103.0,104.20999908447266,100.45999908447266,101.4499969482422,78.9903793334961,1422900
2016-12-22,FANG,101.94000244140624,104.0,100.87000274658205,102.7300033569336,79.98702239990234,872400
2016-12-22,FANG,101.94000244140624,104.0,100.87000274658205,102.7300033569336,79.98702239990234,872400
2016-12-23,FANG,102.91999816894533,103.9000015258789,102.06999969482422,102.93000030517578,80.14275360107422,1168000
2016-12-23,FANG,102.91999816894533,103.9000015258789,102.06999969482422,102.93000030517578,80.14275360107422,1168000
2016-12-27,FANG,103.87000274658205,104.48999786376952,103.0500030517578,103.8499984741211,80.85906219482422,628100
2016-12-27,FANG,103.87000274658205,104.48999786376952,103.0500030517578,103.8499984741211,80.85906219482422,628100
2016-12-28,FANG,104.47000122070312,104.5999984741211,102.68000030517578,102.94000244140624,80.15052795410156,948000
2016-12-28,FANG,104.47000122070312,104.5999984741211,102.68000030517578,102.94000244140624,80.15052795410156,948000
2016-12-29,FANG,103.23999786376952,103.56999969482422,101.62000274658205,102.0500030517578,79.4575424194336,839100
2016-12-29,FANG,103.23999786376952,103.56999969482422,101.62000274658205,102.0500030517578,79.4575424194336,839100
2016-12-30,FANG,101.91000366210938,102.41999816894533,100.62000274658205,101.05999755859376,78.68671417236328,783000
2016-12-30,FANG,101.91000366210938,102.41999816894533,100.62000274658205,101.05999755859376,78.68671417236328,783000
2017-01-03,FANG,102.5,104.98999786376952,102.0500030517578,103.25,80.39189910888672,1287500
2017-01-03,FANG,102.5,104.98999786376952,102.0500030517578,103.25,80.39189910888672,1287500
2017-01-04,FANG,103.25,104.83999633789062,102.47000122070312,103.56999969482422,80.64105987548828,1250200
2017-01-04,FANG,103.25,104.83999633789062,102.47000122070312,103.56999969482422,80.64105987548828,1250200
2017-01-05,FANG,103.93000030517578,105.55999755859376,102.80999755859376,103.66999816894533,80.71894073486328,1053100
2017-01-05,FANG,103.93000030517578,105.55999755859376,102.80999755859376,103.66999816894533,80.71894073486328,1053100
2017-01-06,FANG,103.63999938964844,104.79000091552734,102.0500030517578,103.66000366210938,80.71113586425781,1012000
2017-01-06,FANG,103.63999938964844,104.79000091552734,102.0500030517578,103.66000366210938,80.71113586425781,1012000
2017-01-09,FANG,102.91000366210938,103.0,101.29000091552734,101.43000030517578,78.9748306274414,658600
2017-01-09,FANG,102.91000366210938,103.0,101.29000091552734,101.43000030517578,78.9748306274414,658600
2017-01-10,FANG,101.94000244140624,103.12000274658205,101.5999984741211,102.70999908447266,79.97145080566406,984300
2017-01-10,FANG,101.94000244140624,103.12000274658205,101.5999984741211,102.70999908447266,79.97145080566406,984300
2017-01-11,FANG,102.52999877929688,104.48999786376952,101.9000015258789,103.91000366210938,80.9057846069336,1204100
2017-01-11,FANG,102.52999877929688,104.48999786376952,101.9000015258789,103.91000366210938,80.9057846069336,1204100
2017-01-12,FANG,104.54000091552734,105.27999877929688,102.69000244140624,103.56999969482422,80.64105987548828,1218000
2017-01-12,FANG,104.54000091552734,105.27999877929688,102.69000244140624,103.56999969482422,80.64105987548828,1218000
2017-01-13,FANG,103.12999725341795,103.12999725341795,101.12000274658205,101.36000061035156,78.9203109741211,1844800
2017-01-13,FANG,103.12999725341795,103.12999725341795,101.12000274658205,101.36000061035156,78.9203109741211,1844800
2017-01-17,FANG,102.33999633789062,102.91999816894533,99.77999877929688,100.44000244140624,78.20401000976562,1382200
2017-01-17,FANG,102.33999633789062,102.91999816894533,99.77999877929688,100.44000244140624,78.20401000976562,1382200
2017-01-18,FANG,99.51000213623048,101.4800033569336,99.12999725341795,100.5199966430664,78.26626586914062,811400
2017-01-18,FANG,99.51000213623048,101.4800033569336,99.12999725341795,100.5199966430664,78.26626586914062,811400
2017-01-19,FANG,101.0,103.52999877929688,101.0,102.26000213623048,79.62107849121094,1098100
2017-01-19,FANG,101.0,103.52999877929688,101.0,102.26000213623048,79.62107849121094,1098100
2017-01-20,FANG,103.38999938964844,105.20999908447266,102.5999984741211,103.11000061035156,80.28291320800781,901200
2017-01-20,FANG,103.38999938964844,105.20999908447266,102.5999984741211,103.11000061035156,80.28291320800781,901200
2017-01-23,FANG,102.5,103.20999908447266,101.25,102.19000244140624,79.56657409667969,706400
2017-01-23,FANG,102.5,103.20999908447266,101.25,102.19000244140624,79.56657409667969,706400
2017-01-24,FANG,102.72000122070312,104.23999786376952,102.27999877929688,103.73999786376952,80.77342987060547,813000
2017-01-24,FANG,102.72000122070312,104.23999786376952,102.27999877929688,103.73999786376952,80.77342987060547,813000
2017-01-25,FANG,103.56999969482422,107.08000183105467,103.56999969482422,105.12000274658205,81.84790802001953,1290700
2017-01-25,FANG,103.56999969482422,107.08000183105467,103.56999969482422,105.12000274658205,81.84790802001953,1290700
2017-01-26,FANG,105.91999816894533,108.5,105.91999816894533,106.6999969482422,83.07813262939453,1475900
2017-01-26,FANG,105.91999816894533,108.5,105.91999816894533,106.6999969482422,83.07813262939453,1475900
2017-01-27,FANG,106.66000366210938,107.8000030517578,106.02999877929688,106.68000030517578,83.06255340576172,660500
2017-01-27,FANG,106.66000366210938,107.8000030517578,106.02999877929688,106.68000030517578,83.06255340576172,660500
2017-01-30,FANG,106.3499984741211,106.61000061035156,101.6999969482422,102.5,79.80794525146484,1513200
2017-01-30,FANG,106.3499984741211,106.61000061035156,101.6999969482422,102.5,79.80794525146484,1513200
2017-01-31,FANG,102.91000366210938,105.5,102.58000183105467,105.16999816894533,81.8868408203125,2493100
2017-01-31,FANG,102.91000366210938,105.5,102.58000183105467,105.16999816894533,81.8868408203125,2493100
2017-02-01,FANG,106.06999969482422,106.88999938964844,103.25,105.76000213623048,82.34620666503906,1550700
2017-02-01,FANG,106.06999969482422,106.88999938964844,103.25,105.76000213623048,82.34620666503906,1550700
2017-02-02,FANG,105.55999755859376,105.88999938964844,102.66999816894533,104.62999725341795,81.46636962890625,1206800
2017-02-02,FANG,105.55999755859376,105.88999938964844,102.66999816894533,104.62999725341795,81.46636962890625,1206800
2017-02-03,FANG,104.6500015258789,105.58999633789062,103.93000030517578,104.41999816894533,81.30289459228516,1032700
2017-02-03,FANG,104.6500015258789,105.58999633789062,103.93000030517578,104.41999816894533,81.30289459228516,1032700
2017-02-06,FANG,104.6999969482422,105.62000274658205,102.62000274658205,105.44000244140624,82.0970687866211,1294800
2017-02-06,FANG,104.6999969482422,105.62000274658205,102.62000274658205,105.44000244140624,82.0970687866211,1294800
2017-02-07,FANG,104.37999725341795,105.70999908447266,100.06999969482422,100.12000274658205,77.95482635498047,2002700
2017-02-07,FANG,104.37999725341795,105.70999908447266,100.06999969482422,100.12000274658205,77.95482635498047,2002700
2017-02-08,FANG,99.16999816894533,100.7699966430664,96.0500030517578,100.55999755859376,78.29743957519531,2248600
2017-02-08,FANG,99.16999816894533,100.7699966430664,96.0500030517578,100.55999755859376,78.29743957519531,2248600
2017-02-09,FANG,101.0,104.06999969482422,100.93000030517578,103.93000030517578,80.92135620117188,1200800
2017-02-09,FANG,101.0,104.06999969482422,100.93000030517578,103.93000030517578,80.92135620117188,1200800
2017-02-10,FANG,105.33000183105467,106.7699966430664,104.16000366210938,104.79000091552734,81.59098052978516,1246200
2017-02-10,FANG,105.33000183105467,106.7699966430664,104.16000366210938,104.79000091552734,81.59098052978516,1246200
2017-02-13,FANG,104.75,104.94000244140624,102.5,104.3000030517578,81.20945739746094,1388500
2017-02-13,FANG,104.75,104.94000244140624,102.5,104.3000030517578,81.20945739746094,1388500
2017-02-14,FANG,104.41000366210938,107.98999786376952,102.8000030517578,107.68000030517578,83.84117126464844,1964800
2017-02-14,FANG,104.41000366210938,107.98999786376952,102.8000030517578,107.68000030517578,83.84117126464844,1964800
2017-02-15,FANG,111.83999633789062,114.0,110.66999816894533,111.83999633789062,87.08019256591797,3582900
2017-02-15,FANG,111.83999633789062,114.0,110.66999816894533,111.83999633789062,87.08019256591797,3582900
2017-02-16,FANG,111.75,112.76000213623048,108.70999908447266,109.01000213623048,84.87671661376953,1506900
2017-02-16,FANG,111.75,112.76000213623048,108.70999908447266,109.01000213623048,84.87671661376953,1506900
2017-02-17,FANG,108.18000030517578,108.63999938964844,106.33999633789062,107.62999725341795,83.80223846435547,1432200
2017-02-17,FANG,108.18000030517578,108.63999938964844,106.33999633789062,107.62999725341795,83.80223846435547,1432200
2017-02-21,FANG,109.56999969482422,110.58999633789062,106.4800033569336,106.83999633789062,83.18711853027344,1567100
2017-02-21,FANG,109.56999969482422,110.58999633789062,106.4800033569336,106.83999633789062,83.18711853027344,1567100
2017-02-22,FANG,106.04000091552734,106.63999938964844,101.6500015258789,102.02999877929688,79.44198608398438,2243200
2017-02-22,FANG,106.04000091552734,106.63999938964844,101.6500015258789,102.02999877929688,79.44198608398438,2243200
2017-02-23,FANG,104.08999633789062,104.23999786376952,99.1500015258789,100.95999908447266,78.60887145996094,2407700
2017-02-23,FANG,104.08999633789062,104.23999786376952,99.1500015258789,100.95999908447266,78.60887145996094,2407700
2017-02-24,FANG,99.63999938964844,101.93000030517578,98.8000030517578,100.41000366210938,78.18062591552734,1963100
2017-02-24,FANG,99.63999938964844,101.93000030517578,98.8000030517578,100.41000366210938,78.18062591552734,1963100
2017-02-27,FANG,100.56999969482422,102.08000183105467,100.05999755859376,101.6500015258789,79.14612579345703,1056000
2017-02-27,FANG,100.56999969482422,102.08000183105467,100.05999755859376,101.6500015258789,79.14612579345703,1056000
2017-02-28,FANG,100.5199966430664,101.5999984741211,99.87000274658205,100.86000061035156,78.53101348876953,913200
2017-02-28,FANG,100.5199966430664,101.5999984741211,99.87000274658205,100.86000061035156,78.53101348876953,913200
2017-03-01,FANG,102.58000183105467,105.95999908447266,101.41999816894533,105.70999908447266,82.30730438232422,2284400
2017-03-01,FANG,102.58000183105467,105.95999908447266,101.41999816894533,105.70999908447266,82.30730438232422,2284400
2017-03-02,FANG,104.44000244140624,106.1999969482422,103.66999816894533,103.81999969482422,80.83570861816406,1113300
2017-03-02,FANG,104.44000244140624,106.1999969482422,103.66999816894533,103.81999969482422,80.83570861816406,1113300
2017-03-03,FANG,104.05999755859376,105.25,103.26000213623048,103.58000183105467,80.6488265991211,770200
2017-03-03,FANG,104.05999755859376,105.25,103.26000213623048,103.58000183105467,80.6488265991211,770200
2017-03-06,FANG,103.31999969482422,104.79000091552734,103.0199966430664,103.95999908447266,80.9447250366211,1018800
2017-03-06,FANG,103.31999969482422,104.79000091552734,103.0199966430664,103.95999908447266,80.9447250366211,1018800
2017-03-07,FANG,104.7300033569336,106.91999816894533,104.3000030517578,104.58000183105467,81.4274673461914,1973800
2017-03-07,FANG,104.7300033569336,106.91999816894533,104.3000030517578,104.58000183105467,81.4274673461914,1973800
2017-03-08,FANG,104.0999984741211,104.8499984741211,99.54000091552734,99.76000213623048,77.6745376586914,1979400
2017-03-08,FANG,104.0999984741211,104.8499984741211,99.54000091552734,99.76000213623048,77.6745376586914,1979400
2017-03-09,FANG,98.98999786376952,101.75,98.08000183105467,101.4800033569336,79.01377868652344,1507800
2017-03-09,FANG,98.98999786376952,101.75,98.08000183105467,101.4800033569336,79.01377868652344,1507800
2017-03-10,FANG,102.33999633789062,102.93000030517578,100.83000183105467,101.45999908447266,78.99818420410156,1975300
2017-03-10,FANG,102.33999633789062,102.93000030517578,100.83000183105467,101.45999908447266,78.99818420410156,1975300
2017-03-13,FANG,101.08999633789062,102.37000274658205,100.6999969482422,101.26000213623048,78.84247589111328,1190300
2017-03-13,FANG,101.08999633789062,102.37000274658205,100.6999969482422,101.26000213623048,78.84247589111328,1190300
2017-03-14,FANG,99.8000030517578,100.7699966430664,96.9800033569336,98.3499984741211,76.57669067382812,2139000
2017-03-14,FANG,99.8000030517578,100.7699966430664,96.9800033569336,98.3499984741211,76.57669067382812,2139000
2017-03-15,FANG,99.48999786376952,103.20999908447266,99.04000091552734,102.91999816894533,80.13495635986328,2054800
2017-03-15,FANG,99.48999786376952,103.20999908447266,99.04000091552734,102.91999816894533,80.13495635986328,2054800
2017-03-16,FANG,103.86000061035156,104.06999969482422,102.29000091552734,103.44000244140624,80.53983306884766,1832100
2017-03-16,FANG,103.86000061035156,104.06999969482422,102.29000091552734,103.44000244140624,80.53983306884766,1832100
2017-03-17,FANG,104.11000061035156,105.3000030517578,103.6999969482422,104.69000244140624,81.51310729980469,2046700
2017-03-17,FANG,104.11000061035156,105.3000030517578,103.6999969482422,104.69000244140624,81.51310729980469,2046700
2017-03-20,FANG,103.4000015258789,103.9800033569336,101.7300033569336,103.70999908447266,80.75006103515625,1588200
2017-03-20,FANG,103.4000015258789,103.9800033569336,101.7300033569336,103.70999908447266,80.75006103515625,1588200
2017-03-21,FANG,103.41999816894533,104.3499984741211,101.4000015258789,102.12000274658205,79.5120620727539,1354600
2017-03-21,FANG,103.41999816894533,104.3499984741211,101.4000015258789,102.12000274658205,79.5120620727539,1354600
2017-03-22,FANG,102.02999877929688,102.63999938964844,100.12000274658205,101.16999816894533,78.77238464355469,1204500
2017-03-22,FANG,102.02999877929688,102.63999938964844,100.12000274658205,101.16999816894533,78.77238464355469,1204500
2017-03-23,FANG,101.0999984741211,101.4499969482422,99.12999725341795,99.5999984741211,77.54996490478516,1856400
2017-03-23,FANG,101.0999984741211,101.4499969482422,99.12999725341795,99.5999984741211,77.54996490478516,1856400
2017-03-24,FANG,99.88999938964844,100.94000244140624,99.27999877929688,99.7300033569336,77.65117645263672,1228700
2017-03-24,FANG,99.88999938964844,100.94000244140624,99.27999877929688,99.7300033569336,77.65117645263672,1228700
2017-03-27,FANG,97.91999816894533,99.66000366210938,97.44000244140624,98.94000244140624,77.03606414794922,1341100
2017-03-27,FANG,97.91999816894533,99.66000366210938,97.44000244140624,98.94000244140624,77.03606414794922,1341100
2017-03-28,FANG,99.16000366210938,101.5,98.79000091552734,101.2300033569336,78.81909942626953,2503800
2017-03-28,FANG,99.16000366210938,101.5,98.79000091552734,101.2300033569336,78.81909942626953,2503800
2017-03-29,FANG,100.9800033569336,103.62999725341795,100.1999969482422,103.16000366210938,80.32181549072266,1848300
2017-03-29,FANG,100.9800033569336,103.62999725341795,100.1999969482422,103.16000366210938,80.32181549072266,1848300
2017-03-30,FANG,103.8499984741211,104.54000091552734,102.51000213623048,102.66999816894533,79.94029998779297,1472900
2017-03-30,FANG,103.8499984741211,104.54000091552734,102.51000213623048,102.66999816894533,79.94029998779297,1472900
2017-03-31,FANG,102.0199966430664,104.12999725341795,101.5,103.72000122070312,80.75786590576172,1217400
2017-03-31,FANG,102.0199966430664,104.12999725341795,101.5,103.72000122070312,80.75786590576172,1217400
2017-04-03,FANG,103.5,104.5,102.18000030517578,104.08000183105467,81.03813171386719,956800
2017-04-03,FANG,103.5,104.5,102.18000030517578,104.08000183105467,81.03813171386719,956800
2017-04-04,FANG,103.58999633789062,106.91999816894533,103.16000366210938,106.7699966430664,83.13263702392578,2099800
2017-04-04,FANG,103.58999633789062,106.91999816894533,103.16000366210938,106.7699966430664,83.13263702392578,2099800
2017-04-05,FANG,107.69000244140624,108.16999816894533,102.80999755859376,102.94000244140624,80.15052795410156,1833900
2017-04-05,FANG,107.69000244140624,108.16999816894533,102.80999755859376,102.94000244140624,80.15052795410156,1833900
2017-04-06,FANG,103.81999969482422,105.12999725341795,103.4499969482422,104.66999816894533,81.49751281738281,1138500
2017-04-06,FANG,103.81999969482422,105.12999725341795,103.4499969482422,104.66999816894533,81.49751281738281,1138500
2017-04-07,FANG,104.93000030517578,105.56999969482422,103.38999938964844,104.37999725341795,81.27174377441406,942900
2017-04-07,FANG,104.93000030517578,105.56999969482422,103.38999938964844,104.37999725341795,81.27174377441406,942900
2017-04-10,FANG,104.47000122070312,105.72000122070312,103.29000091552734,104.62000274658205,81.4585952758789,805300
2017-04-10,FANG,104.47000122070312,105.72000122070312,103.29000091552734,104.62000274658205,81.4585952758789,805300
2017-04-11,FANG,104.91000366210938,106.08000183105467,103.41000366210938,105.95999908447266,82.50194549560547,1522400
2017-04-11,FANG,104.91000366210938,106.08000183105467,103.41000366210938,105.95999908447266,82.50194549560547,1522400
2017-04-12,FANG,106.11000061035156,107.9499969482422,105.43000030517578,106.31999969482422,82.78224182128906,1905600
2017-04-12,FANG,106.11000061035156,107.9499969482422,105.43000030517578,106.31999969482422,82.78224182128906,1905600
2017-04-13,FANG,106.63999938964844,107.70999908447266,104.45999908447266,105.04000091552734,81.78559875488281,1502100
2017-04-13,FANG,106.63999938964844,107.70999908447266,104.45999908447266,105.04000091552734,81.78559875488281,1502100
2017-04-17,FANG,104.87000274658205,105.70999908447266,104.01000213623048,105.13999938964844,81.86347961425781,917300
2017-04-17,FANG,104.87000274658205,105.70999908447266,104.01000213623048,105.13999938964844,81.86347961425781,917300
2017-04-18,FANG,104.18000030517578,105.87000274658205,102.70999908447266,103.16000366210938,80.32181549072266,970900
2017-04-18,FANG,104.18000030517578,105.87000274658205,102.70999908447266,103.16000366210938,80.32181549072266,970900
2017-04-19,FANG,103.18000030517578,103.3499984741211,99.8499984741211,100.5500030517578,78.2896499633789,1461900
2017-04-19,FANG,103.18000030517578,103.3499984741211,99.8499984741211,100.5500030517578,78.2896499633789,1461900
2017-04-20,FANG,101.5,101.93000030517578,100.22000122070312,100.2699966430664,78.0716323852539,1274600
2017-04-20,FANG,101.5,101.93000030517578,100.22000122070312,100.2699966430664,78.0716323852539,1274600
2017-04-21,FANG,100.2699966430664,102.0199966430664,99.5999984741211,101.2699966430664,78.85022735595703,1973400
2017-04-21,FANG,100.2699966430664,102.0199966430664,99.5999984741211,101.2699966430664,78.85022735595703,1973400
2017-04-24,FANG,101.93000030517578,103.06999969482422,100.27999877929688,101.76000213623048,79.23177337646484,1691600
2017-04-24,FANG,101.93000030517578,103.06999969482422,100.27999877929688,101.76000213623048,79.23177337646484,1691600
2017-04-25,FANG,102.31999969482422,104.0500030517578,101.37999725341795,103.97000122070312,80.95248413085938,1248000
2017-04-25,FANG,102.31999969482422,104.0500030517578,101.37999725341795,103.97000122070312,80.95248413085938,1248000
2017-04-26,FANG,103.30999755859376,105.61000061035156,102.97000122070312,103.20999908447266,80.36074829101562,917800
2017-04-26,FANG,103.30999755859376,105.61000061035156,102.97000122070312,103.20999908447266,80.36074829101562,917800
2017-04-27,FANG,102.36000061035156,102.36000061035156,98.93000030517578,100.4499969482422,78.21176147460938,1913800
2017-04-27,FANG,102.36000061035156,102.36000061035156,98.93000030517578,100.4499969482422,78.21176147460938,1913800
2017-04-28,FANG,101.3000030517578,101.43000030517578,99.20999908447266,99.83999633789062,77.7368392944336,1019100
2017-04-28,FANG,101.3000030517578,101.43000030517578,99.20999908447266,99.83999633789062,77.7368392944336,1019100
2017-05-01,FANG,99.87000274658205,100.33999633789062,98.7699966430664,98.95999908447266,77.0516357421875,1241000
2017-05-01,FANG,99.87000274658205,100.33999633789062,98.7699966430664,98.95999908447266,77.0516357421875,1241000
2017-05-02,FANG,99.47000122070312,100.3499984741211,97.4800033569336,98.37999725341795,76.60005950927734,1629300
2017-05-02,FANG,99.47000122070312,100.3499984741211,97.4800033569336,98.37999725341795,76.60005950927734,1629300
2017-05-03,FANG,99.0,102.87999725341795,98.5199966430664,100.27999877929688,78.07939910888672,2751300
2017-05-03,FANG,99.0,102.87999725341795,98.5199966430664,100.27999877929688,78.07939910888672,2751300
2017-05-04,FANG,99.3000030517578,99.5999984741211,93.63999938964844,95.20999908447266,74.13187408447266,3233300
2017-05-04,FANG,99.3000030517578,99.5999984741211,93.63999938964844,95.20999908447266,74.13187408447266,3233300
2017-05-05,FANG,95.38999938964844,99.7300033569336,95.30999755859376,99.6500015258789,77.58890533447266,1885200
2017-05-05,FANG,95.38999938964844,99.7300033569336,95.30999755859376,99.6500015258789,77.58890533447266,1885200
2017-05-08,FANG,99.38999938964844,101.0500030517578,98.5,100.62000274658205,78.34415435791016,1512700
2017-05-08,FANG,99.38999938964844,101.0500030517578,98.5,100.62000274658205,78.34415435791016,1512700
2017-05-09,FANG,100.30999755859376,100.87000274658205,99.26000213623048,99.62000274658205,77.56552124023438,1043600
2017-05-09,FANG,100.30999755859376,100.87000274658205,99.26000213623048,99.62000274658205,77.56552124023438,1043600
2017-05-10,FANG,100.51000213623048,103.0,100.36000061035156,102.37999725341795,79.71449279785156,1471700
2017-05-10,FANG,100.51000213623048,103.0,100.36000061035156,102.37999725341795,79.71449279785156,1471700
2017-05-11,FANG,102.83000183105467,103.5,101.11000061035156,101.37999725341795,78.93588256835938,1233300
2017-05-11,FANG,102.83000183105467,103.5,101.11000061035156,101.37999725341795,78.93588256835938,1233300
2017-05-12,FANG,101.0,102.2699966430664,100.91000366210938,101.9000015258789,79.34078216552734,1236800
2017-05-12,FANG,101.0,102.2699966430664,100.91000366210938,101.9000015258789,79.34078216552734,1236800
2017-05-15,FANG,104.12999725341795,105.0,103.12000274658205,103.27999877929688,80.41526794433594,990900
2017-05-15,FANG,104.12999725341795,105.0,103.12000274658205,103.27999877929688,80.41526794433594,990900
2017-05-16,FANG,103.58999633789062,104.68000030517578,102.87999725341795,103.95999908447266,80.9447250366211,1227400
2017-05-16,FANG,103.58999633789062,104.68000030517578,102.87999725341795,103.95999908447266,80.9447250366211,1227400
2017-05-17,FANG,102.8000030517578,104.4800033569336,101.73999786376952,101.79000091552734,79.25513458251953,1137500
2017-05-17,FANG,102.8000030517578,104.4800033569336,101.73999786376952,101.79000091552734,79.25513458251953,1137500
2017-05-18,FANG,100.91000366210938,102.8499984741211,100.9000015258789,101.62000274658205,79.12274932861328,1039100
2017-05-18,FANG,100.91000366210938,102.8499984741211,100.9000015258789,101.62000274658205,79.12274932861328,1039100
2017-05-19,FANG,102.25,103.88999938964844,101.61000061035156,103.12000274658205,80.29066467285156,1327900
2017-05-19,FANG,102.25,103.88999938964844,101.61000061035156,103.12000274658205,80.29066467285156,1327900
2017-05-22,FANG,103.58999633789062,104.48999786376952,101.66000366210938,102.25,79.61329650878906,1083300
2017-05-22,FANG,103.58999633789062,104.48999786376952,101.66000366210938,102.25,79.61329650878906,1083300
2017-05-23,FANG,102.43000030517578,102.5500030517578,100.56999969482422,100.6500015258789,78.36750793457031,1152800
2017-05-23,FANG,102.43000030517578,102.5500030517578,100.56999969482422,100.6500015258789,78.36750793457031,1152800
2017-05-24,FANG,100.6500015258789,100.97000122070312,98.72000122070312,99.37000274658205,77.37088012695312,1350500
2017-05-24,FANG,100.6500015258789,100.97000122070312,98.72000122070312,99.37000274658205,77.37088012695312,1350500
2017-05-25,FANG,99.26000213623048,101.9800033569336,98.33000183105467,99.62999725341795,77.57331848144531,1538200
2017-05-25,FANG,99.26000213623048,101.9800033569336,98.33000183105467,99.62999725341795,77.57331848144531,1538200
2017-05-26,FANG,99.56999969482422,99.93000030517578,97.80999755859376,98.41000366210938,76.6234130859375,1363400
2017-05-26,FANG,99.56999969482422,99.93000030517578,97.80999755859376,98.41000366210938,76.6234130859375,1363400
2017-05-30,FANG,97.72000122070312,97.9499969482422,94.0999984741211,94.27999877929688,73.4077377319336,2086500
2017-05-30,FANG,97.72000122070312,97.9499969482422,94.0999984741211,94.27999877929688,73.4077377319336,2086500
2017-05-31,FANG,92.81999969482422,93.91000366210938,91.1999969482422,92.76000213623048,72.22425842285156,2544700
2017-05-31,FANG,92.81999969482422,93.91000366210938,91.1999969482422,92.76000213623048,72.22425842285156,2544700
2017-06-01,FANG,93.68000030517578,94.83000183105467,92.5,93.97000122070312,73.16635131835938,1206700
2017-06-01,FANG,93.68000030517578,94.83000183105467,92.5,93.97000122070312,73.16635131835938,1206700
2017-06-02,FANG,93.66000366210938,94.04000091552734,91.4800033569336,91.83999633789062,71.5079116821289,1481700
2017-06-02,FANG,93.66000366210938,94.04000091552734,91.4800033569336,91.83999633789062,71.5079116821289,1481700
2017-06-05,FANG,91.27999877929688,91.76000213623048,89.91000366210938,90.6500015258789,70.58135223388672,1224200
2017-06-05,FANG,91.27999877929688,91.76000213623048,89.91000366210938,90.6500015258789,70.58135223388672,1224200
2017-06-06,FANG,90.25,93.11000061035156,89.94999694824219,92.76000213623048,72.22425842285156,1422400
2017-06-06,FANG,90.25,93.11000061035156,89.94999694824219,92.76000213623048,72.22425842285156,1422400
2017-06-07,FANG,92.11000061035156,92.75,88.19000244140625,88.5999984741211,68.9852066040039,1430200
2017-06-07,FANG,92.11000061035156,92.75,88.19000244140625,88.5999984741211,68.9852066040039,1430200
2017-06-08,FANG,87.94000244140625,89.18000030517578,87.04000091552734,87.81999969482422,68.37789916992188,2166900
2017-06-08,FANG,87.94000244140625,89.18000030517578,87.04000091552734,87.81999969482422,68.37789916992188,2166900
2017-06-09,FANG,88.06999969482422,90.37000274658205,87.58999633789062,90.1500015258789,70.19207000732422,1430900
2017-06-09,FANG,88.06999969482422,90.37000274658205,87.58999633789062,90.1500015258789,70.19207000732422,1430900
2017-06-12,FANG,90.56999969482422,91.6999969482422,89.87999725341797,90.66000366210938,70.58916473388672,2319100
2017-06-12,FANG,90.56999969482422,91.6999969482422,89.87999725341797,90.66000366210938,70.58916473388672,2319100
2017-06-13,FANG,90.4800033569336,92.45999908447266,90.33000183105467,92.44000244140624,71.97510528564453,1294200
2017-06-13,FANG,90.4800033569336,92.45999908447266,90.33000183105467,92.44000244140624,71.97510528564453,1294200
2017-06-14,FANG,91.79000091552734,92.1999969482422,89.11000061035156,89.4000015258789,69.60810852050781,1594100
2017-06-14,FANG,91.79000091552734,92.1999969482422,89.11000061035156,89.4000015258789,69.60810852050781,1594100
2017-06-15,FANG,88.77999877929688,89.31999969482422,84.6500015258789,85.87000274658203,66.85961151123047,2805300
2017-06-15,FANG,88.77999877929688,89.31999969482422,84.6500015258789,85.87000274658203,66.85961151123047,2805300
2017-06-16,FANG,86.44999694824219,86.87999725341797,83.91000366210938,84.87000274658203,66.08097076416016,2396000
2017-06-16,FANG,86.44999694824219,86.87999725341797,83.91000366210938,84.87000274658203,66.08097076416016,2396000
2017-06-19,FANG,85.3499984741211,86.29000091552734,84.47000122070312,85.88999938964844,66.87516021728516,1056100
2017-06-19,FANG,85.3499984741211,86.29000091552734,84.47000122070312,85.88999938964844,66.87516021728516,1056100
2017-06-20,FANG,84.29000091552734,87.68000030517578,83.22000122070312,87.04000091552734,67.77058410644531,2091200
2017-06-20,FANG,84.29000091552734,87.68000030517578,83.22000122070312,87.04000091552734,67.77058410644531,2091200
2017-06-21,FANG,86.69000244140625,88.94999694824219,85.63999938964844,86.75,67.54476165771484,2075300
2017-06-21,FANG,86.69000244140625,88.94999694824219,85.63999938964844,86.75,67.54476165771484,2075300
2017-06-22,FANG,86.88999938964844,88.18000030517578,85.9000015258789,85.9800033569336,66.94522857666016,1206500
2017-06-22,FANG,86.88999938964844,88.18000030517578,85.9000015258789,85.9800033569336,66.94522857666016,1206500
2017-06-23,FANG,86.02999877929688,88.61000061035156,85.80999755859375,88.4000015258789,68.82948303222656,2375000
2017-06-23,FANG,86.02999877929688,88.61000061035156,85.80999755859375,88.4000015258789,68.82948303222656,2375000
2017-06-26,FANG,88.73999786376953,88.75,86.66999816894531,87.30000305175781,67.97301483154297,1218200
2017-06-26,FANG,88.73999786376953,88.75,86.66999816894531,87.30000305175781,67.97301483154297,1218200
2017-06-27,FANG,87.58000183105469,88.66999816894531,86.55999755859375,87.98999786376953,68.51026153564453,1269000
2017-06-27,FANG,87.58000183105469,88.66999816894531,86.55999755859375,87.98999786376953,68.51026153564453,1269000
2017-06-28,FANG,88.26000213623047,89.5199966430664,86.54000091552734,86.5999984741211,67.42796325683594,1245200
2017-06-28,FANG,88.26000213623047,89.5199966430664,86.54000091552734,86.5999984741211,67.42796325683594,1245200
2017-06-29,FANG,87.20999908447266,88.48999786376953,86.70999908447266,87.29000091552734,67.9652328491211,1526000
2017-06-29,FANG,87.20999908447266,88.48999786376953,86.70999908447266,87.29000091552734,67.9652328491211,1526000
2017-06-30,FANG,87.43000030517578,89.23999786376953,86.81999969482422,88.80999755859375,69.14872741699219,1612700
2017-06-30,FANG,87.43000030517578,89.23999786376953,86.81999969482422,88.80999755859375,69.14872741699219,1612700
2017-07-03,FANG,89.55000305175781,90.66000366210938,88.83999633789062,90.3499984741211,70.3477783203125,723300
2017-07-03,FANG,89.55000305175781,90.66000366210938,88.83999633789062,90.3499984741211,70.3477783203125,723300
2017-07-05,FANG,89.55000305175781,89.66000366210938,87.44000244140625,88.48999786376953,68.8995590209961,1376000
2017-07-05,FANG,89.55000305175781,89.66000366210938,87.44000244140625,88.48999786376953,68.8995590209961,1376000
2017-07-06,FANG,89.19999694824219,89.86000061035156,85.79000091552734,85.95999908447266,66.9296646118164,1536100
2017-07-06,FANG,89.19999694824219,89.86000061035156,85.79000091552734,85.95999908447266,66.9296646118164,1536100
2017-07-07,FANG,85.38999938964844,86.30999755859375,82.7699966430664,86.08999633789062,67.03087615966797,1441700
2017-07-07,FANG,85.38999938964844,86.30999755859375,82.7699966430664,86.08999633789062,67.03087615966797,1441700
2017-07-10,FANG,85.68000030517578,88.16999816894531,85.23999786376953,88.02999877929688,68.54138946533203,1236400
2017-07-10,FANG,85.68000030517578,88.16999816894531,85.23999786376953,88.02999877929688,68.54138946533203,1236400
2017-07-11,FANG,88.0999984741211,88.83999633789062,86.56999969482422,88.62000274658203,69.00079345703125,862500
2017-07-11,FANG,88.0999984741211,88.83999633789062,86.56999969482422,88.62000274658203,69.00079345703125,862500
2017-07-12,FANG,89.58999633789062,90.6999969482422,87.80000305175781,88.11000061035156,68.60367584228516,982900
2017-07-12,FANG,89.58999633789062,90.6999969482422,87.80000305175781,88.11000061035156,68.60367584228516,982900
2017-07-13,FANG,88.12000274658203,89.61000061035156,87.68000030517578,89.41999816894531,69.62366485595703,811700
2017-07-13,FANG,88.12000274658203,89.61000061035156,87.68000030517578,89.41999816894531,69.62366485595703,811700
2017-07-14,FANG,89.4800033569336,90.6500015258789,89.45999908447266,90.4800033569336,70.44901275634766,890500
2017-07-14,FANG,89.4800033569336,90.6500015258789,89.45999908447266,90.4800033569336,70.44901275634766,890500
2017-07-17,FANG,90.25,91.11000061035156,89.9800033569336,90.47000122070312,70.44120788574219,1115400
2017-07-17,FANG,90.25,91.11000061035156,89.9800033569336,90.47000122070312,70.44120788574219,1115400
2017-07-18,FANG,91.97000122070312,91.97000122070312,89.43000030517578,90.41000366210938,70.39451599121094,1241100
2017-07-18,FANG,91.97000122070312,91.97000122070312,89.43000030517578,90.41000366210938,70.39451599121094,1241100
2017-07-19,FANG,90.9000015258789,93.9800033569336,90.44000244140624,93.93000030517578,73.1352310180664,1279300
2017-07-19,FANG,90.9000015258789,93.9800033569336,90.44000244140624,93.93000030517578,73.1352310180664,1279300
2017-07-20,FANG,94.4000015258789,95.55999755859376,92.08000183105467,92.37999725341795,71.9283676147461,1373800
2017-07-20,FANG,94.4000015258789,95.55999755859376,92.08000183105467,92.37999725341795,71.9283676147461,1373800
2017-07-21,FANG,92.4800033569336,92.79000091552734,91.29000091552734,91.98999786376952,71.62471771240234,1219800
2017-07-21,FANG,92.4800033569336,92.79000091552734,91.29000091552734,91.98999786376952,71.62471771240234,1219800
2017-07-24,FANG,92.44000244140624,94.05999755859376,92.05999755859376,93.20999908447266,72.57462310791016,854200
2017-07-24,FANG,92.44000244140624,94.05999755859376,92.05999755859376,93.20999908447266,72.57462310791016,854200
2017-07-25,FANG,94.25,96.41999816894533,94.13999938964844,95.72000122070312,74.52891540527344,1178900
2017-07-25,FANG,94.25,96.41999816894533,94.13999938964844,95.72000122070312,74.52891540527344,1178900
2017-07-26,FANG,96.62000274658205,97.83000183105467,95.33999633789062,96.4800033569336,75.12068176269531,1023200
2017-07-26,FANG,96.62000274658205,97.83000183105467,95.33999633789062,96.4800033569336,75.12068176269531,1023200
2017-07-27,FANG,96.41999816894533,97.12999725341795,95.58000183105467,96.56999969482422,75.19075775146484,1019800
2017-07-27,FANG,96.41999816894533,97.12999725341795,95.58000183105467,96.56999969482422,75.19075775146484,1019800
2017-07-28,FANG,96.33000183105467,97.33000183105467,95.87000274658205,96.6500015258789,75.2530517578125,909900
2017-07-28,FANG,96.33000183105467,97.33000183105467,95.87000274658205,96.6500015258789,75.2530517578125,909900
2017-07-31,FANG,96.51000213623048,96.70999908447266,94.61000061035156,95.87999725341795,74.65351104736328,1114900
2017-07-31,FANG,96.51000213623048,96.70999908447266,94.61000061035156,95.87999725341795,74.65351104736328,1114900
2017-08-01,FANG,96.19000244140624,96.6500015258789,94.54000091552734,95.3499984741211,74.24085235595703,965600
2017-08-01,FANG,96.19000244140624,96.6500015258789,94.54000091552734,95.3499984741211,74.24085235595703,965600
2017-08-02,FANG,97.98999786376952,97.98999786376952,91.86000061035156,95.83999633789062,74.62236022949219,3738500
2017-08-02,FANG,97.98999786376952,97.98999786376952,91.86000061035156,95.83999633789062,74.62236022949219,3738500
2017-08-03,FANG,96.31999969482422,96.79000091552734,89.44000244140625,89.69000244140625,69.83391571044922,2890400
2017-08-03,FANG,96.31999969482422,96.79000091552734,89.44000244140625,89.69000244140625,69.83391571044922,2890400
2017-08-04,FANG,90.4800033569336,95.75,89.86000061035156,95.20999908447266,74.13187408447266,2052600
2017-08-04,FANG,90.4800033569336,95.75,89.86000061035156,95.20999908447266,74.13187408447266,2052600
2017-08-07,FANG,94.9800033569336,96.12999725341795,92.7699966430664,96.04000091552734,74.77808380126953,1436400
2017-08-07,FANG,94.9800033569336,96.12999725341795,92.7699966430664,96.04000091552734,74.77808380126953,1436400
2017-08-08,FANG,95.62000274658205,96.66999816894533,94.41000366210938,94.9800033569336,73.95277404785156,1905100
2017-08-08,FANG,95.62000274658205,96.66999816894533,94.41000366210938,94.9800033569336,73.95277404785156,1905100
2017-08-09,FANG,94.80999755859376,96.41999816894533,94.12999725341795,94.58000183105467,73.64131927490234,1226500
2017-08-09,FANG,94.80999755859376,96.41999816894533,94.12999725341795,94.58000183105467,73.64131927490234,1226500
2017-08-10,FANG,93.5,94.66999816894533,91.97000122070312,92.05999755859376,71.67921447753906,3388700
2017-08-10,FANG,93.5,94.66999816894533,91.97000122070312,92.05999755859376,71.67921447753906,3388700
2017-08-11,FANG,92.0199966430664,93.9000015258789,91.94000244140624,92.87000274658205,72.30990600585938,1182600
2017-08-11,FANG,92.0199966430664,93.9000015258789,91.94000244140624,92.87000274658205,72.30990600585938,1182600
2017-08-14,FANG,92.86000061035156,93.44000244140624,89.76000213623047,90.75,70.65924072265625,1612500
2017-08-14,FANG,92.86000061035156,93.44000244140624,89.76000213623047,90.75,70.65924072265625,1612500
2017-08-15,FANG,90.58000183105467,90.6500015258789,87.63999938964844,88.0199966430664,68.53360748291016,2985700
2017-08-15,FANG,90.58000183105467,90.6500015258789,87.63999938964844,88.0199966430664,68.53360748291016,2985700
2017-08-16,FANG,87.9000015258789,89.62999725341797,87.58999633789062,88.05999755859375,68.56474304199219,1504300
2017-08-16,FANG,87.9000015258789,89.62999725341797,87.58999633789062,88.05999755859375,68.56474304199219,1504300
2017-08-17,FANG,87.5,88.7699966430664,85.80999755859375,86.0999984741211,67.03866577148438,1396900
2017-08-17,FANG,87.5,88.7699966430664,85.80999755859375,86.0999984741211,67.03866577148438,1396900
2017-08-18,FANG,86.45999908447266,88.36000061035156,85.7300033569336,87.26000213623047,67.94187927246094,1345700
2017-08-18,FANG,86.45999908447266,88.36000061035156,85.7300033569336,87.26000213623047,67.94187927246094,1345700
2017-08-21,FANG,87.0,87.69000244140625,86.43000030517578,87.08000183105469,67.80170440673828,761000
2017-08-21,FANG,87.0,87.69000244140625,86.43000030517578,87.08000183105469,67.80170440673828,761000
2017-08-22,FANG,87.79000091552734,88.16000366210938,87.12999725341797,87.43000030517578,68.07423400878906,634100
2017-08-22,FANG,87.79000091552734,88.16000366210938,87.12999725341797,87.43000030517578,68.07423400878906,634100
2017-08-23,FANG,87.2300033569336,89.79000091552734,86.86000061035156,88.86000061035156,69.1876449584961,773400
2017-08-23,FANG,87.2300033569336,89.79000091552734,86.86000061035156,88.86000061035156,69.1876449584961,773400
2017-08-24,FANG,88.73999786376953,89.3499984741211,87.69999694824219,89.12000274658203,69.39006805419922,728000
2017-08-24,FANG,88.73999786376953,89.3499984741211,87.69999694824219,89.12000274658203,69.39006805419922,728000
2017-08-25,FANG,89.37999725341797,89.55000305175781,88.4800033569336,88.73999786376953,69.09423065185547,413600
2017-08-25,FANG,89.37999725341797,89.55000305175781,88.4800033569336,88.73999786376953,69.09423065185547,413600
2017-08-28,FANG,88.63999938964844,88.63999938964844,86.5199966430664,88.02999877929688,68.54138946533203,614000
2017-08-28,FANG,88.63999938964844,88.63999938964844,86.5199966430664,88.02999877929688,68.54138946533203,614000
2017-08-29,FANG,87.87000274658203,88.66999816894531,86.62000274658203,88.16999816894531,68.650390625,758300
2017-08-29,FANG,87.87000274658203,88.66999816894531,86.62000274658203,88.16999816894531,68.650390625,758300
2017-08-30,FANG,88.08999633789062,89.30000305175781,87.01000213623047,88.47000122070312,68.88400268554688,595000
2017-08-30,FANG,88.08999633789062,89.30000305175781,87.01000213623047,88.47000122070312,68.88400268554688,595000
2017-08-31,FANG,89.08999633789062,91.12000274658205,88.47000122070312,90.79000091552734,70.69039154052734,1300400
2017-08-31,FANG,89.08999633789062,91.12000274658205,88.47000122070312,90.79000091552734,70.69039154052734,1300400
2017-09-01,FANG,91.06999969482422,92.06999969482422,90.26000213623048,91.91999816894533,71.5701904296875,1434900
2017-09-01,FANG,91.06999969482422,92.06999969482422,90.26000213623048,91.91999816894533,71.5701904296875,1434900
2017-09-05,FANG,92.68000030517578,93.91999816894533,91.18000030517578,91.73999786376952,71.43004608154297,808900
2017-09-05,FANG,92.68000030517578,93.91999816894533,91.18000030517578,91.73999786376952,71.43004608154297,808900
2017-09-06,FANG,92.6500015258789,93.5199966430664,92.04000091552734,92.66000366210938,72.14637756347656,1025300
2017-09-06,FANG,92.6500015258789,93.5199966430664,92.04000091552734,92.66000366210938,72.14637756347656,1025300
2017-09-07,FANG,92.25,92.25,90.01000213623047,91.62000274658205,71.33662414550781,779200
2017-09-07,FANG,92.25,92.25,90.01000213623047,91.62000274658205,71.33662414550781,779200
2017-09-08,FANG,91.0500030517578,91.0500030517578,87.83999633789062,88.9000015258789,69.21878814697266,1123500
2017-09-08,FANG,91.0500030517578,91.0500030517578,87.83999633789062,88.9000015258789,69.21878814697266,1123500
2017-09-11,FANG,88.91999816894531,89.83000183105469,88.33999633789062,89.44999694824219,69.64700317382812,993100
2017-09-11,FANG,88.91999816894531,89.83000183105469,88.33999633789062,89.44999694824219,69.64700317382812,993100
2017-09-12,FANG,89.37999725341797,91.6500015258789,89.37999725341797,90.41000366210938,70.39451599121094,1058400
2017-09-12,FANG,89.37999725341797,91.6500015258789,89.37999725341797,90.41000366210938,70.39451599121094,1058400
2017-09-13,FANG,90.87999725341795,94.0,90.87999725341795,93.48999786376952,72.79263305664062,1131400
2017-09-13,FANG,90.87999725341795,94.0,90.87999725341795,93.48999786376952,72.79263305664062,1131400
2017-09-14,FANG,93.70999908447266,95.75,93.43000030517578,93.80999755859376,73.0417709350586,1431300
2017-09-14,FANG,93.70999908447266,95.75,93.43000030517578,93.80999755859376,73.0417709350586,1431300
2017-09-15,FANG,93.80999755859376,94.63999938964844,93.16000366210938,93.97000122070312,73.16635131835938,1054200
2017-09-15,FANG,93.80999755859376,94.63999938964844,93.16000366210938,93.97000122070312,73.16635131835938,1054200
2017-09-18,FANG,93.23999786376952,95.66999816894533,93.23999786376952,95.1500015258789,74.08514404296875,1282900
2017-09-18,FANG,93.23999786376952,95.66999816894533,93.23999786376952,95.1500015258789,74.08514404296875,1282900
2017-09-19,FANG,95.25,95.88999938964844,94.04000091552734,94.27999877929688,73.4077377319336,1150700
2017-09-19,FANG,95.25,95.88999938964844,94.04000091552734,94.27999877929688,73.4077377319336,1150700
2017-09-20,FANG,94.73999786376952,97.62999725341795,94.3499984741211,97.31999969482422,75.77471160888672,1396800
2017-09-20,FANG,94.73999786376952,97.62999725341795,94.3499984741211,97.31999969482422,75.77471160888672,1396800
2017-09-21,FANG,96.91000366210938,97.8000030517578,96.13999938964844,97.36000061035156,75.80587005615234,1014100
2017-09-21,FANG,96.91000366210938,97.8000030517578,96.13999938964844,97.36000061035156,75.80587005615234,1014100
2017-09-22,FANG,96.5,96.88999938964844,95.26000213623048,95.73999786376952,74.54450225830078,1343800
2017-09-22,FANG,96.5,96.88999938964844,95.26000213623048,95.73999786376952,74.54450225830078,1343800
2017-09-25,FANG,96.4000015258789,97.4499969482422,96.16000366210938,96.77999877929688,75.35426330566406,1406900
2017-09-25,FANG,96.4000015258789,97.4499969482422,96.16000366210938,96.77999877929688,75.35426330566406,1406900
2017-09-26,FANG,96.41999816894533,97.79000091552734,96.0500030517578,97.1500015258789,75.64236450195312,896200
2017-09-26,FANG,96.41999816894533,97.79000091552734,96.0500030517578,97.1500015258789,75.64236450195312,896200
2017-09-27,FANG,96.77999877929688,97.5199966430664,96.08000183105467,96.87999725341795,75.43211364746094,1230700
2017-09-27,FANG,96.77999877929688,97.5199966430664,96.08000183105467,96.87999725341795,75.43211364746094,1230700
2017-09-28,FANG,96.86000061035156,98.36000061035156,96.58999633789062,97.13999938964844,75.63456726074219,1559400
2017-09-28,FANG,96.86000061035156,98.36000061035156,96.58999633789062,97.13999938964844,75.63456726074219,1559400
2017-09-29,FANG,96.7699966430664,98.33000183105467,96.45999908447266,97.95999908447266,76.27305603027344,1443400
2017-09-29,FANG,96.7699966430664,98.33000183105467,96.45999908447266,97.95999908447266,76.27305603027344,1443400
2017-10-02,FANG,96.9800033569336,100.3499984741211,95.69000244140624,100.0,77.86141204833984,1429900
2017-10-02,FANG,96.9800033569336,100.3499984741211,95.69000244140624,100.0,77.86141204833984,1429900
2017-10-03,FANG,100.1500015258789,102.5,99.91000366210938,100.08000183105467,77.92369842529297,1807300
2017-10-03,FANG,100.1500015258789,102.5,99.91000366210938,100.08000183105467,77.92369842529297,1807300
2017-10-04,FANG,100.76000213623048,101.4800033569336,99.45999908447266,100.75,78.44537353515625,1367700
2017-10-04,FANG,100.76000213623048,101.4800033569336,99.45999908447266,100.75,78.44537353515625,1367700
2017-10-05,FANG,100.76000213623048,101.0500030517578,99.6500015258789,99.75,77.666748046875,1060000
2017-10-05,FANG,100.76000213623048,101.0500030517578,99.6500015258789,99.75,77.666748046875,1060000
2017-10-06,FANG,99.2699966430664,99.29000091552734,97.80999755859376,99.08999633789062,77.15286254882812,701400
2017-10-06,FANG,99.2699966430664,99.29000091552734,97.80999755859376,99.08999633789062,77.15286254882812,701400
2017-10-09,FANG,99.68000030517578,99.98999786376952,98.87000274658205,99.94000244140624,77.81468963623047,486500
2017-10-09,FANG,99.68000030517578,99.98999786376952,98.87000274658205,99.94000244140624,77.81468963623047,486500
2017-10-10,FANG,101.0,101.63999938964844,100.5199966430664,100.76000213623048,78.4531478881836,529600
2017-10-10,FANG,101.0,101.63999938964844,100.5199966430664,100.76000213623048,78.4531478881836,529600
2017-10-11,FANG,101.26000213623048,101.70999908447266,100.13999938964844,101.5199966430664,79.0448989868164,922000
2017-10-11,FANG,101.26000213623048,101.70999908447266,100.13999938964844,101.5199966430664,79.0448989868164,922000
2017-10-12,FANG,100.93000030517578,101.73999786376952,99.61000061035156,101.12000274658205,78.73346710205078,934800
2017-10-12,FANG,100.93000030517578,101.73999786376952,99.61000061035156,101.12000274658205,78.73346710205078,934800
2017-10-13,FANG,101.98999786376952,102.48999786376952,100.94000244140624,101.37000274658205,78.92809295654297,834600
2017-10-13,FANG,101.98999786376952,102.48999786376952,100.94000244140624,101.37000274658205,78.92809295654297,834600
2017-10-16,FANG,102.4000015258789,103.43000030517578,101.98999786376952,102.5999984741211,79.88579559326172,1040500
2017-10-16,FANG,102.4000015258789,103.43000030517578,101.98999786376952,102.5999984741211,79.88579559326172,1040500
2017-10-17,FANG,102.54000091552734,103.0199966430664,101.4800033569336,102.61000061035156,79.89359283447266,755300
2017-10-17,FANG,102.54000091552734,103.0199966430664,101.4800033569336,102.61000061035156,79.89359283447266,755300
2017-10-18,FANG,102.2699966430664,103.5999984741211,101.95999908447266,102.19000244140624,79.56657409667969,784500
2017-10-18,FANG,102.2699966430664,103.5999984741211,101.95999908447266,102.19000244140624,79.56657409667969,784500
2017-10-19,FANG,101.79000091552734,102.20999908447266,100.83000183105467,101.58999633789062,79.09939575195312,816000
2017-10-19,FANG,101.79000091552734,102.20999908447266,100.83000183105467,101.58999633789062,79.09939575195312,816000
2017-10-20,FANG,101.5999984741211,102.70999908447266,101.16000366210938,102.52999877929688,79.83130645751953,577100
2017-10-20,FANG,101.5999984741211,102.70999908447266,101.16000366210938,102.52999877929688,79.83130645751953,577100
2017-10-23,FANG,102.56999969482422,102.75,100.18000030517578,100.3499984741211,78.1338882446289,646100
2017-10-23,FANG,102.56999969482422,102.75,100.18000030517578,100.3499984741211,78.1338882446289,646100
2017-10-24,FANG,100.41000366210938,101.33000183105467,98.56999969482422,99.66999816894533,77.6044692993164,1083500
2017-10-24,FANG,100.41000366210938,101.33000183105467,98.56999969482422,99.66999816894533,77.6044692993164,1083500
2017-10-25,FANG,100.0,100.9499969482422,99.04000091552734,100.88999938964844,78.55437469482422,707100
2017-10-25,FANG,100.0,100.9499969482422,99.04000091552734,100.88999938964844,78.55437469482422,707100
2017-10-26,FANG,101.0,101.97000122070312,99.63999938964844,100.87999725341795,78.54657745361328,764100
2017-10-26,FANG,101.0,101.97000122070312,99.63999938964844,100.87999725341795,78.54657745361328,764100
2017-10-27,FANG,100.62000274658205,105.02999877929688,100.5,104.56999969482422,81.41968536376953,1115400
2017-10-27,FANG,100.62000274658205,105.02999877929688,100.5,104.56999969482422,81.41968536376953,1115400
2017-10-30,FANG,105.1500015258789,106.77999877929688,104.75,106.1999969482422,82.68880462646484,966500
2017-10-30,FANG,105.1500015258789,106.77999877929688,104.75,106.1999969482422,82.68880462646484,966500
2017-10-31,FANG,106.02999877929688,107.55999755859376,105.55999755859376,107.16000366210938,83.43629455566406,1041000
2017-10-31,FANG,106.02999877929688,107.55999755859376,105.55999755859376,107.16000366210938,83.43629455566406,1041000
2017-11-01,FANG,108.2300033569336,111.70999908447266,108.13999938964844,109.77999877929688,85.47624969482422,1350900
2017-11-01,FANG,108.2300033569336,111.70999908447266,108.13999938964844,109.77999877929688,85.47624969482422,1350900
2017-11-02,FANG,109.37000274658205,109.94000244140624,108.3499984741211,108.97000122070312,84.8455581665039,617400
2017-11-02,FANG,109.37000274658205,109.94000244140624,108.3499984741211,108.97000122070312,84.8455581665039,617400
2017-11-03,FANG,109.30999755859376,111.72000122070312,108.6999969482422,111.1500015258789,86.54295349121094,786900
2017-11-03,FANG,109.30999755859376,111.72000122070312,108.6999969482422,111.1500015258789,86.54295349121094,786900
2017-11-06,FANG,111.55999755859376,113.75,110.55999755859376,113.69000244140624,88.5206527709961,1623100
2017-11-06,FANG,111.55999755859376,113.75,110.55999755859376,113.69000244140624,88.5206527709961,1623100
2017-11-07,FANG,114.81999969482422,114.93000030517578,111.1500015258789,111.8000030517578,87.04905700683594,2018200
2017-11-07,FANG,114.81999969482422,114.93000030517578,111.1500015258789,111.8000030517578,87.04905700683594,2018200
2017-11-08,FANG,111.26000213623048,111.27999877929688,107.9000015258789,110.04000091552734,85.67870330810547,2246300
2017-11-08,FANG,111.26000213623048,111.27999877929688,107.9000015258789,110.04000091552734,85.67870330810547,2246300
2017-11-09,FANG,108.86000061035156,111.16999816894533,108.73999786376952,111.02999877929688,86.44950103759766,1418100
2017-11-09,FANG,108.86000061035156,111.16999816894533,108.73999786376952,111.02999877929688,86.44950103759766,1418100
2017-11-10,FANG,110.48999786376952,112.56999969482422,110.48999786376952,111.86000061035156,87.09574890136719,1001800
2017-11-10,FANG,110.48999786376952,112.56999969482422,110.48999786376952,111.86000061035156,87.09574890136719,1001800
2017-11-13,FANG,111.3499984741211,112.41000366210938,110.16999816894533,110.97000122070312,86.40278625488281,1041400
2017-11-13,FANG,111.3499984741211,112.41000366210938,110.16999816894533,110.97000122070312,86.40278625488281,1041400
2017-11-14,FANG,110.11000061035156,110.88999938964844,108.11000061035156,108.2699966430664,84.300537109375,1149600
2017-11-14,FANG,110.11000061035156,110.88999938964844,108.11000061035156,108.2699966430664,84.300537109375,1149600
2017-11-15,FANG,107.0199966430664,107.51000213623048,105.79000091552734,106.62000274658205,83.01582336425781,1501200
2017-11-15,FANG,107.0199966430664,107.51000213623048,105.79000091552734,106.62000274658205,83.01582336425781,1501200
2017-11-16,FANG,106.98999786376952,107.94000244140624,106.0500030517578,106.52999877929688,82.94576263427734,878700
2017-11-16,FANG,106.98999786376952,107.94000244140624,106.0500030517578,106.52999877929688,82.94576263427734,878700
2017-11-17,FANG,106.38999938964844,107.73999786376952,106.0199966430664,107.54000091552734,83.73214721679688,1148500
2017-11-17,FANG,106.38999938964844,107.73999786376952,106.0199966430664,107.54000091552734,83.73214721679688,1148500
2017-11-20,FANG,107.58000183105467,108.83000183105467,106.26000213623048,107.97000122070312,84.06695556640625,881400
2017-11-20,FANG,107.58000183105467,108.83000183105467,106.26000213623048,107.97000122070312,84.06695556640625,881400
2017-11-21,FANG,108.83000183105467,109.52999877929688,108.0,109.1500015258789,84.9857177734375,1076600
2017-11-21,FANG,108.83000183105467,109.52999877929688,108.0,109.1500015258789,84.9857177734375,1076600
2017-11-22,FANG,110.01000213623048,110.44000244140624,109.02999877929688,109.25,85.0635757446289,846700
2017-11-22,FANG,110.01000213623048,110.44000244140624,109.02999877929688,109.25,85.0635757446289,846700
2017-11-24,FANG,109.87000274658205,110.91000366210938,109.62000274658205,110.3000030517578,85.8811264038086,262100
2017-11-24,FANG,109.87000274658205,110.91000366210938,109.62000274658205,110.3000030517578,85.8811264038086,262100
2017-11-27,FANG,110.23999786376952,110.33000183105467,106.91999816894533,107.26000213623048,83.51415252685547,974500
2017-11-27,FANG,110.23999786376952,110.33000183105467,106.91999816894533,107.26000213623048,83.51415252685547,974500
2017-11-28,FANG,107.43000030517578,108.47000122070312,106.91000366210938,108.2300033569336,84.26942443847656,567900
2017-11-28,FANG,107.43000030517578,108.47000122070312,106.91000366210938,108.2300033569336,84.26942443847656,567900
2017-11-29,FANG,108.48999786376952,109.4000015258789,107.0199966430664,108.1500015258789,84.20709991455078,528100
2017-11-29,FANG,108.48999786376952,109.4000015258789,107.0199966430664,108.1500015258789,84.20709991455078,528100
2017-11-30,FANG,108.75,111.30999755859376,108.1500015258789,109.30999755859376,85.11029815673828,905700
2017-11-30,FANG,108.75,111.30999755859376,108.1500015258789,109.30999755859376,85.11029815673828,905700
2017-12-01,FANG,110.16000366210938,113.12000274658205,109.5,110.91000366210938,86.35609436035156,995300
2017-12-01,FANG,110.16000366210938,113.12000274658205,109.5,110.91000366210938,86.35609436035156,995300
2017-12-04,FANG,111.26000213623048,112.0999984741211,108.8499984741211,109.0199966430664,84.8844985961914,643000
2017-12-04,FANG,111.26000213623048,112.0999984741211,108.8499984741211,109.0199966430664,84.8844985961914,643000
2017-12-05,FANG,108.37999725341795,110.25,108.08999633789062,109.05999755859376,84.9156494140625,670500
2017-12-05,FANG,108.37999725341795,110.25,108.08999633789062,109.05999755859376,84.9156494140625,670500
2017-12-06,FANG,108.47000122070312,108.93000030517578,105.97000122070312,106.33000183105467,82.7900390625,1027600
2017-12-06,FANG,108.47000122070312,108.93000030517578,105.97000122070312,106.33000183105467,82.7900390625,1027600
2017-12-07,FANG,106.5,109.04000091552734,106.11000061035156,108.9499969482422,84.82999420166016,727500
2017-12-07,FANG,106.5,109.04000091552734,106.11000061035156,108.9499969482422,84.82999420166016,727500
2017-12-08,FANG,110.0,110.94000244140624,109.68000030517578,110.7699966430664,86.24707794189453,715900
2017-12-08,FANG,110.0,110.94000244140624,109.68000030517578,110.7699966430664,86.24707794189453,715900
2017-12-11,FANG,110.88999938964844,112.56999969482422,110.5,111.3000030517578,86.65975189208984,905700
2017-12-11,FANG,110.88999938964844,112.56999969482422,110.5,111.3000030517578,86.65975189208984,905700
2017-12-12,FANG,111.5500030517578,112.25,110.5999984741211,111.52999877929688,86.83883666992188,604800
2017-12-12,FANG,111.5500030517578,112.25,110.5999984741211,111.52999877929688,86.83883666992188,604800
2017-12-13,FANG,111.9499969482422,112.54000091552734,111.01000213623048,111.58999633789062,86.88555145263672,782100
2017-12-13,FANG,111.9499969482422,112.54000091552734,111.01000213623048,111.58999633789062,86.88555145263672,782100
2017-12-14,FANG,111.19000244140624,112.5999984741211,110.66000366210938,111.02999877929688,86.44950103759766,827200
2017-12-14,FANG,111.19000244140624,112.5999984741211,110.66000366210938,111.02999877929688,86.44950103759766,827200
2017-12-15,FANG,111.31999969482422,111.88999938964844,109.33999633789062,109.5199966430664,85.2738265991211,1045300
2017-12-15,FANG,111.31999969482422,111.88999938964844,109.33999633789062,109.5199966430664,85.2738265991211,1045300
2017-12-18,FANG,110.01000213623048,111.0,108.91999816894533,109.6500015258789,85.37503814697266,858300
2017-12-18,FANG,110.01000213623048,111.0,108.91999816894533,109.6500015258789,85.37503814697266,858300
2017-12-19,FANG,109.79000091552734,112.0,109.47000122070312,111.80999755859376,87.05684661865234,983100
2017-12-19,FANG,109.79000091552734,112.0,109.47000122070312,111.80999755859376,87.05684661865234,983100
2017-12-20,FANG,112.76000213623048,117.77999877929688,111.95999908447266,117.23999786376952,91.28469848632812,2130700
2017-12-20,FANG,112.76000213623048,117.77999877929688,111.95999908447266,117.23999786376952,91.28469848632812,2130700
2017-12-21,FANG,118.01000213623048,123.5500030517578,117.25,123.0999984741211,95.84738159179688,2644100
2017-12-21,FANG,118.01000213623048,123.5500030517578,117.25,123.0999984741211,95.84738159179688,2644100
2017-12-22,FANG,123.4800033569336,125.5,123.12999725341795,124.37000274658205,96.83625030517578,1517500
2017-12-22,FANG,123.4800033569336,125.5,123.12999725341795,124.37000274658205,96.83625030517578,1517500
2017-12-26,FANG,125.02999877929688,127.4499969482422,124.41999816894533,125.97000122070312,98.08203125,1490500
2017-12-26,FANG,125.02999877929688,127.4499969482422,124.41999816894533,125.97000122070312,98.08203125,1490500
2017-12-27,FANG,126.1500015258789,126.33999633789062,123.13999938964844,123.19000244140624,95.9174575805664,1348300
2017-12-27,FANG,126.1500015258789,126.33999633789062,123.13999938964844,123.19000244140624,95.9174575805664,1348300
2017-12-28,FANG,124.37999725341795,126.0199966430664,123.3499984741211,125.5199966430664,97.73161315917967,1090300
2017-12-28,FANG,124.37999725341795,126.0199966430664,123.3499984741211,125.5199966430664,97.73161315917967,1090300
2017-12-29,FANG,126.31999969482422,127.31999969482422,124.2300033569336,126.25,98.30003356933594,842500
2017-12-29,FANG,126.31999969482422,127.31999969482422,124.2300033569336,126.25,98.30003356933594,842500
2018-01-02,FANG,125.0,128.27999877929688,124.7699966430664,127.87999725341795,99.56915283203124,1548100
2018-01-02,FANG,125.0,128.27999877929688,124.7699966430664,127.87999725341795,99.56915283203124,1548100
2018-01-03,FANG,127.6999969482422,129.74000549316406,127.4800033569336,129.1699981689453,100.57357025146484,1609900
2018-01-03,FANG,127.6999969482422,129.74000549316406,127.4800033569336,129.1699981689453,100.57357025146484,1609900
2018-01-04,FANG,129.1199951171875,130.39999389648438,127.47000122070312,130.1300048828125,101.32105255126952,978500
2018-01-04,FANG,129.1199951171875,130.39999389648438,127.47000122070312,130.1300048828125,101.32105255126952,978500
2018-01-05,FANG,129.7100067138672,130.88999938964844,128.52000427246094,129.97999572753906,101.20423889160156,873300
2018-01-05,FANG,129.7100067138672,130.88999938964844,128.52000427246094,129.97999572753906,101.20423889160156,873300
2018-01-08,FANG,130.10000610351562,131.1999969482422,129.38999938964844,130.99000549316406,101.99068450927734,1428100
2018-01-08,FANG,130.10000610351562,131.1999969482422,129.38999938964844,130.99000549316406,101.99068450927734,1428100
2018-01-09,FANG,131.35000610351562,132.07000732421875,127.31999969482422,127.48999786376952,99.26548767089844,1290800
2018-01-09,FANG,131.35000610351562,132.07000732421875,127.31999969482422,127.48999786376952,99.26548767089844,1290800
2018-01-10,FANG,127.77999877929688,128.67999267578125,126.44000244140624,127.29000091552734,99.10977172851562,1487700
2018-01-10,FANG,127.77999877929688,128.67999267578125,126.44000244140624,127.29000091552734,99.10977172851562,1487700
2018-01-11,FANG,127.30999755859376,131.86000061035156,126.5500030517578,129.89999389648438,101.14195251464844,1493300
2018-01-11,FANG,127.30999755859376,131.86000061035156,126.5500030517578,129.89999389648438,101.14195251464844,1493300
2018-01-12,FANG,130.27999877929688,131.3800048828125,129.64999389648438,130.13999938964844,101.32881927490234,1030900
2018-01-12,FANG,130.27999877929688,131.3800048828125,129.64999389648438,130.13999938964844,101.32881927490234,1030900
2018-01-16,FANG,130.47999572753906,130.8699951171875,127.86000061035156,128.02000427246094,99.67818450927734,1002100
2018-01-16,FANG,130.47999572753906,130.8699951171875,127.86000061035156,128.02000427246094,99.67818450927734,1002100
2018-01-17,FANG,128.10000610351562,128.8000030517578,126.68000030517578,127.44000244140624,99.22655487060548,1425400
2018-01-17,FANG,128.10000610351562,128.8000030517578,126.68000030517578,127.44000244140624,99.22655487060548,1425400
2018-01-18,FANG,127.5500030517578,128.33999633789062,126.18000030517578,127.2300033569336,99.06306457519533,1040000
2018-01-18,FANG,127.5500030517578,128.33999633789062,126.18000030517578,127.2300033569336,99.06306457519533,1040000
2018-01-19,FANG,126.52999877929688,128.02000427246094,125.97000122070312,127.56999969482422,99.32778930664062,585100
2018-01-19,FANG,126.52999877929688,128.02000427246094,125.97000122070312,127.56999969482422,99.32778930664062,585100
2018-01-22,FANG,128.1699981689453,132.30999755859375,128.0,132.2100067138672,102.94058990478516,918100
2018-01-22,FANG,128.1699981689453,132.30999755859375,128.0,132.2100067138672,102.94058990478516,918100
2018-01-23,FANG,132.57000732421875,133.89999389648438,130.6699981689453,132.30999755859375,103.01841735839844,1152400
2018-01-23,FANG,132.57000732421875,133.89999389648438,130.6699981689453,132.30999755859375,103.01841735839844,1152400
2018-01-24,FANG,132.94000244140625,134.52000427246094,130.22999572753906,130.36000061035156,101.50010681152344,1542400
2018-01-24,FANG,132.94000244140625,134.52000427246094,130.22999572753906,130.36000061035156,101.50010681152344,1542400
2018-01-25,FANG,131.35000610351562,131.50999450683594,126.7699966430664,126.8499984741211,98.76717376708984,1311100
2018-01-25,FANG,131.35000610351562,131.50999450683594,126.7699966430664,126.8499984741211,98.76717376708984,1311100
2018-01-26,FANG,127.79000091552734,130.1999969482422,126.8499984741211,130.08999633789062,101.28990173339844,664400
2018-01-26,FANG,127.79000091552734,130.1999969482422,126.8499984741211,130.08999633789062,101.28990173339844,664400
2018-01-29,FANG,130.3000030517578,131.42999267578125,128.63999938964844,129.0500030517578,100.48014831542967,962000
2018-01-29,FANG,130.3000030517578,131.42999267578125,128.63999938964844,129.0500030517578,100.48014831542967,962000
2018-01-30,FANG,127.9800033569336,127.9800033569336,124.5999984741211,126.2699966430664,98.31558990478516,1514800
2018-01-30,FANG,127.9800033569336,127.9800033569336,124.5999984741211,126.2699966430664,98.31558990478516,1514800
2018-01-31,FANG,126.33999633789062,127.23999786376952,125.16000366210938,125.5,97.71605682373048,1247700
2018-01-31,FANG,126.33999633789062,127.23999786376952,125.16000366210938,125.5,97.71605682373048,1247700
2018-02-01,FANG,125.56999969482422,127.69000244140624,125.16000366210938,126.63999938964844,98.6036605834961,969000
2018-02-01,FANG,125.56999969482422,127.69000244140624,125.16000366210938,126.63999938964844,98.6036605834961,969000
2018-02-02,FANG,125.72000122070312,126.0,122.22000122070312,122.45999908447266,95.34906005859376,1554800
2018-02-02,FANG,125.72000122070312,126.0,122.22000122070312,122.45999908447266,95.34906005859376,1554800
2018-02-05,FANG,120.48999786376952,124.9499969482422,118.83000183105467,120.2699966430664,93.64390563964844,1807200
2018-02-05,FANG,120.48999786376952,124.9499969482422,118.83000183105467,120.2699966430664,93.64390563964844,1807200
2018-02-06,FANG,118.72000122070312,124.44000244140624,118.16999816894533,121.9000015258789,94.9130401611328,1695700
2018-02-06,FANG,118.72000122070312,124.44000244140624,118.16999816894533,121.9000015258789,94.9130401611328,1695700
2018-02-07,FANG,121.91000366210938,123.0199966430664,118.47000122070312,118.5,92.2657699584961,1224800
2018-02-07,FANG,121.91000366210938,123.0199966430664,118.47000122070312,118.5,92.2657699584961,1224800
2018-02-08,FANG,118.5500030517578,119.45999908447266,111.22000122070312,111.33000183105467,86.68310546875,2817700
2018-02-08,FANG,118.5500030517578,119.45999908447266,111.22000122070312,111.33000183105467,86.68310546875,2817700
2018-02-09,FANG,112.18000030517578,113.75,105.66000366210938,110.51000213623048,86.04463958740234,1811700
2018-02-09,FANG,112.18000030517578,113.75,105.66000366210938,110.51000213623048,86.04463958740234,1811700
2018-02-12,FANG,112.0,116.44000244140624,112.0,116.01000213623048,90.32701110839844,1709900
2018-02-12,FANG,112.0,116.44000244140624,112.0,116.01000213623048,90.32701110839844,1709900
2018-02-13,FANG,115.2300033569336,116.43000030517578,114.68000030517578,115.02999877929688,89.5639877319336,1649400
2018-02-13,FANG,115.2300033569336,116.43000030517578,114.68000030517578,115.02999877929688,89.5639877319336,1649400
2018-02-14,FANG,116.0,122.9499969482422,114.7699966430664,122.83000183105467,95.63716888427734,2901600
2018-02-14,FANG,116.0,122.9499969482422,114.7699966430664,122.83000183105467,95.63716888427734,2901600
2018-02-15,FANG,123.98999786376952,125.26000213623048,121.58999633789062,125.1500015258789,97.44356536865234,2419800
2018-02-15,FANG,123.98999786376952,125.26000213623048,121.58999633789062,125.1500015258789,97.44356536865234,2419800
2018-02-16,FANG,124.12000274658205,126.75,123.4499969482422,123.87999725341795,96.45471954345705,1697000
2018-02-16,FANG,124.12000274658205,126.75,123.4499969482422,123.87999725341795,96.45471954345705,1697000
2018-02-20,FANG,123.16999816894533,125.3499984741211,122.43000030517578,122.80999755859376,95.6216049194336,1276800
2018-02-20,FANG,123.16999816894533,125.3499984741211,122.43000030517578,122.80999755859376,95.6216049194336,1276800
2018-02-21,FANG,122.33000183105467,124.68000030517578,120.83999633789062,120.9800033569336,94.19673919677734,1260600
2018-02-21,FANG,122.33000183105467,124.68000030517578,120.83999633789062,120.9800033569336,94.19673919677734,1260600
2018-02-22,FANG,121.16000366210938,125.08999633789062,120.66000366210938,123.30999755859376,96.01089477539062,1142600
2018-02-22,FANG,121.16000366210938,125.08999633789062,120.66000366210938,123.30999755859376,96.01089477539062,1142600
2018-02-23,FANG,124.56999969482422,128.08999633789062,124.0500030517578,127.93000030517578,99.6081085205078,876000
2018-02-23,FANG,124.56999969482422,128.08999633789062,124.0500030517578,127.93000030517578,99.6081085205078,876000
2018-02-26,FANG,128.80999755859375,129.14999389648438,127.08000183105467,127.72000122070312,99.44458770751952,669000
2018-02-26,FANG,128.80999755859375,129.14999389648438,127.08000183105467,127.72000122070312,99.44458770751952,669000
2018-02-27,FANG,127.0,129.0500030517578,126.16000366210938,126.16999816894533,98.23772430419922,823100
2018-02-27,FANG,127.0,129.0500030517578,126.16000366210938,126.16999816894533,98.23772430419922,823100
2018-02-28,FANG,127.05999755859376,128.22000122070312,124.61000061035156,124.63999938964844,97.04645538330078,1021200
2018-02-28,FANG,127.05999755859376,128.22000122070312,124.61000061035156,124.63999938964844,97.04645538330078,1021200
2018-03-01,FANG,125.02999877929688,128.6300048828125,124.27999877929688,126.41000366210938,98.4246063232422,1080000
2018-03-01,FANG,125.02999877929688,128.6300048828125,124.27999877929688,126.41000366210938,98.4246063232422,1080000
2018-03-02,FANG,125.05999755859376,129.41000366210938,124.0,129.0800018310547,100.50350952148438,960900
2018-03-02,FANG,125.05999755859376,129.41000366210938,124.0,129.0800018310547,100.50350952148438,960900
2018-03-05,FANG,128.2899932861328,131.5800018310547,128.24000549316406,130.25,101.41447448730467,968200
2018-03-05,FANG,128.2899932861328,131.5800018310547,128.24000549316406,130.25,101.41447448730467,968200
2018-03-06,FANG,130.63999938964844,131.02000427246094,126.87999725341795,127.08999633789062,98.95407104492188,1062000
2018-03-06,FANG,130.63999938964844,131.02000427246094,126.87999725341795,127.08999633789062,98.95407104492188,1062000
2018-03-07,FANG,126.66000366210938,128.88999938964844,123.23999786376952,126.2699966430664,98.31558990478516,1225700
2018-03-07,FANG,126.66000366210938,128.88999938964844,123.23999786376952,126.2699966430664,98.31558990478516,1225700
2018-03-08,FANG,126.95999908447266,126.95999908447266,123.87000274658205,125.1999969482422,97.48248291015624,772900
2018-03-08,FANG,126.95999908447266,126.95999908447266,123.87000274658205,125.1999969482422,97.48248291015624,772900
2018-03-09,FANG,126.27999877929688,129.30999755859375,125.72000122070312,128.94000244140625,100.39451599121094,961500
2018-03-09,FANG,126.27999877929688,129.30999755859375,125.72000122070312,128.94000244140625,100.39451599121094,961500
2018-03-12,FANG,129.27000427246094,130.00999450683594,127.33000183105467,127.41000366210938,99.20321655273438,886300
2018-03-12,FANG,129.27000427246094,130.00999450683594,127.33000183105467,127.41000366210938,99.20321655273438,886300
2018-03-13,FANG,128.17999267578125,129.4600067138672,126.43000030517578,127.1500015258789,99.00079345703124,858700
2018-03-13,FANG,128.17999267578125,129.4600067138672,126.43000030517578,127.1500015258789,99.00079345703124,858700
2018-03-14,FANG,127.75,128.3699951171875,125.5199966430664,125.80999755859376,97.95743560791016,1038400
2018-03-14,FANG,127.75,128.3699951171875,125.5199966430664,125.80999755859376,97.95743560791016,1038400
2018-03-15,FANG,126.08000183105467,127.72000122070312,124.2699966430664,124.5999984741211,97.01531219482422,1146300
2018-03-15,FANG,126.08000183105467,127.72000122070312,124.2699966430664,124.5999984741211,97.01531219482422,1146300
2018-03-16,FANG,124.66999816894533,126.81999969482422,124.0,125.51000213623048,97.72384643554688,1997700
2018-03-16,FANG,124.66999816894533,126.81999969482422,124.0,125.51000213623048,97.72384643554688,1997700
2018-03-19,FANG,124.0,125.48999786376952,121.9800033569336,122.62999725341795,95.4814453125,1603000
2018-03-19,FANG,124.0,125.48999786376952,121.9800033569336,122.62999725341795,95.4814453125,1603000
2018-03-20,FANG,123.48999786376952,126.62999725341795,123.0,125.54000091552734,97.74722290039062,1343300
2018-03-20,FANG,123.48999786376952,126.62999725341795,123.0,125.54000091552734,97.74722290039062,1343300
2018-03-21,FANG,125.9800033569336,131.47000122070312,125.95999908447266,130.17999267578125,101.35997009277344,1280900
2018-03-21,FANG,125.9800033569336,131.47000122070312,125.95999908447266,130.17999267578125,101.35997009277344,1280900
2018-03-22,FANG,128.6300048828125,130.25,127.4800033569336,127.77999877929688,99.49130249023438,1439100
2018-03-22,FANG,128.6300048828125,130.25,127.4800033569336,127.77999877929688,99.49130249023438,1439100
2018-03-23,FANG,128.3800048828125,132.00999450683594,127.54000091552734,127.95999908447266,99.63146209716795,1468600
2018-03-23,FANG,128.3800048828125,132.00999450683594,127.54000091552734,127.95999908447266,99.63146209716795,1468600
2018-03-26,FANG,129.6699981689453,133.69000244140625,128.30999755859375,133.22999572753906,103.73472595214844,1771700
2018-03-26,FANG,129.6699981689453,133.69000244140625,128.30999755859375,133.22999572753906,103.73472595214844,1771700
2018-03-27,FANG,134.24000549316406,134.60000610351562,128.47000122070312,129.17999267578125,100.58136749267578,1285700
2018-03-27,FANG,134.24000549316406,134.60000610351562,128.47000122070312,129.17999267578125,100.58136749267578,1285700
2018-03-28,FANG,129.10000610351562,130.60000610351562,124.30999755859376,124.66999816894533,97.06981658935548,2530900
2018-03-28,FANG,129.10000610351562,130.60000610351562,124.30999755859376,124.66999816894533,97.06981658935548,2530900
2018-03-29,FANG,124.70999908447266,127.30999755859376,124.38999938964844,126.5199966430664,98.51025390625,2045500
2018-03-29,FANG,124.70999908447266,127.30999755859376,124.38999938964844,126.5199966430664,98.51025390625,2045500
2018-04-02,FANG,125.86000061035156,125.9000015258789,118.77999877929688,122.26000213623048,95.19334411621094,2427000
2018-04-02,FANG,125.86000061035156,125.9000015258789,118.77999877929688,122.26000213623048,95.19334411621094,2427000
2018-04-03,FANG,123.4000015258789,124.0500030517578,120.4000015258789,123.44000244140624,96.11212921142578,1464400
2018-04-03,FANG,123.4000015258789,124.0500030517578,120.4000015258789,123.44000244140624,96.11212921142578,1464400
2018-04-04,FANG,120.73999786376952,122.61000061035156,120.4499969482422,122.58000183105467,95.4425048828125,1590400
2018-04-04,FANG,120.73999786376952,122.61000061035156,120.4499969482422,122.58000183105467,95.4425048828125,1590400
2018-04-05,FANG,122.86000061035156,126.16000366210938,122.86000061035156,124.41000366210938,96.86737060546876,1361300
2018-04-05,FANG,122.86000061035156,126.16000366210938,122.86000061035156,124.41000366210938,96.86737060546876,1361300
2018-04-06,FANG,122.77999877929688,123.22000122070312,114.9499969482422,116.62000274658205,90.8019790649414,3287100
2018-04-06,FANG,122.77999877929688,123.22000122070312,114.9499969482422,116.62000274658205,90.8019790649414,3287100
2018-04-09,FANG,117.51000213623048,118.0,113.05999755859376,113.29000091552734,88.20919036865234,3323800
2018-04-09,FANG,117.51000213623048,118.0,113.05999755859376,113.29000091552734,88.20919036865234,3323800
2018-04-10,FANG,115.6500015258789,117.91000366210938,114.3000030517578,117.37999725341795,91.39372253417967,2040800
2018-04-10,FANG,115.6500015258789,117.91000366210938,114.3000030517578,117.37999725341795,91.39372253417967,2040800
2018-04-11,FANG,118.75,119.5500030517578,116.18000030517578,116.54000091552734,90.73966979980467,2406200
2018-04-11,FANG,118.75,119.5500030517578,116.18000030517578,116.54000091552734,90.73966979980467,2406200
2018-04-12,FANG,116.4000015258789,118.0199966430664,114.87000274658205,116.33999633789062,90.58395385742188,1853100
2018-04-12,FANG,116.4000015258789,118.0199966430664,114.87000274658205,116.33999633789062,90.58395385742188,1853100
2018-04-13,FANG,116.9000015258789,119.81999969482422,116.5199966430664,118.6999969482422,92.42147064208984,1340600
2018-04-13,FANG,116.9000015258789,119.81999969482422,116.5199966430664,118.6999969482422,92.42147064208984,1340600
2018-04-16,FANG,118.8000030517578,119.4499969482422,117.27999877929688,119.04000091552734,92.68622589111328,1462300
2018-04-16,FANG,118.8000030517578,119.4499969482422,117.27999877929688,119.04000091552734,92.68622589111328,1462300
2018-04-17,FANG,119.9000015258789,123.77999877929688,119.1999969482422,122.3000030517578,95.22449493408205,1832300
2018-04-17,FANG,119.9000015258789,123.77999877929688,119.1999969482422,122.3000030517578,95.22449493408205,1832300
2018-04-18,FANG,123.4499969482422,128.63999938964844,123.13999938964844,127.0999984741211,98.96186065673828,2592700
2018-04-18,FANG,123.4499969482422,128.63999938964844,123.13999938964844,127.0999984741211,98.96186065673828,2592700
2018-04-19,FANG,127.5500030517578,130.6999969482422,127.12999725341795,128.8800048828125,100.34779357910156,2326100
2018-04-19,FANG,127.5500030517578,130.6999969482422,127.12999725341795,128.8800048828125,100.34779357910156,2326100
2018-04-20,FANG,127.79000091552734,130.42999267578125,126.36000061035156,128.39999389648438,99.97405242919922,1787200
2018-04-20,FANG,127.79000091552734,130.42999267578125,126.36000061035156,128.39999389648438,99.97405242919922,1787200
2018-04-23,FANG,127.54000091552734,129.4199981689453,125.79000091552734,128.24000549316406,99.8494644165039,1186100
2018-04-23,FANG,127.54000091552734,129.4199981689453,125.79000091552734,128.24000549316406,99.8494644165039,1186100
2018-04-24,FANG,128.2899932861328,128.72999572753906,124.45999908447266,125.7300033569336,97.89514923095705,1996400
2018-04-24,FANG,128.2899932861328,128.72999572753906,124.45999908447266,125.7300033569336,97.89514923095705,1996400
2018-04-25,FANG,125.97000122070312,127.58999633789062,125.01000213623048,125.75,97.91070556640624,1261400
2018-04-25,FANG,125.97000122070312,127.58999633789062,125.01000213623048,125.75,97.91070556640624,1261400
2018-04-26,FANG,125.8000030517578,127.41999816894533,125.33000183105467,126.87000274658205,98.78275299072266,1200600
2018-04-26,FANG,125.8000030517578,127.41999816894533,125.33000183105467,126.87000274658205,98.78275299072266,1200600
2018-04-27,FANG,126.33999633789062,127.68000030517578,125.3000030517578,125.8499984741211,97.98857879638672,960400
2018-04-27,FANG,126.33999633789062,127.68000030517578,125.3000030517578,125.8499984741211,97.98857879638672,960400
2018-04-30,FANG,125.58999633789062,130.1999969482422,125.37999725341795,128.4499969482422,100.0129623413086,1388600
2018-04-30,FANG,125.58999633789062,130.1999969482422,125.37999725341795,128.4499969482422,100.0129623413086,1388600
2018-05-01,FANG,127.44000244140624,129.82000732421875,126.56999969482422,128.10000610351562,99.74044036865234,1017800
2018-05-01,FANG,127.44000244140624,129.82000732421875,126.56999969482422,128.10000610351562,99.74044036865234,1017800
2018-05-02,FANG,128.02000427246094,130.6199951171875,127.86000061035156,128.9199981689453,100.37890625,1569000
2018-05-02,FANG,128.02000427246094,130.6199951171875,127.86000061035156,128.9199981689453,100.37890625,1569000
2018-05-03,FANG,128.77000427246094,129.94000244140625,125.9499969482422,126.51000213623048,98.5024642944336,2000100
2018-05-03,FANG,128.77000427246094,129.94000244140625,125.9499969482422,126.51000213623048,98.5024642944336,2000100
2018-05-04,FANG,126.58999633789062,127.94000244140624,125.41000366210938,127.3000030517578,99.11756134033205,1632000
2018-05-04,FANG,126.58999633789062,127.94000244140624,125.41000366210938,127.3000030517578,99.11756134033205,1632000
2018-05-07,FANG,128.97000122070312,134.27999877929688,128.49000549316406,130.24000549316406,101.40670013427734,1559300
2018-05-07,FANG,128.97000122070312,134.27999877929688,128.49000549316406,130.24000549316406,101.40670013427734,1559300
2018-05-08,FANG,130.3699951171875,134.88999938964844,127.83000183105467,134.72000122070312,104.89488983154295,2030500
2018-05-08,FANG,130.3699951171875,134.88999938964844,127.83000183105467,134.72000122070312,104.89488983154295,2030500
2018-05-09,FANG,133.5,137.41000366210938,130.22000122070312,136.52000427246094,106.2964096069336,4251000
2018-05-09,FANG,133.5,137.41000366210938,130.22000122070312,136.52000427246094,106.2964096069336,4251000
2018-05-10,FANG,136.99000549316406,137.44000244140625,129.5399932861328,129.7899932861328,101.05633544921876,2883600
2018-05-10,FANG,136.99000549316406,137.44000244140625,129.5399932861328,129.7899932861328,101.05633544921876,2883600
2018-05-11,FANG,130.2899932861328,130.97000122070312,123.16999816894533,123.81999969482422,96.40799713134766,3155100
2018-05-11,FANG,130.2899932861328,130.97000122070312,123.16999816894533,123.81999969482422,96.40799713134766,3155100
2018-05-14,FANG,123.91000366210938,124.91999816894533,123.61000061035156,124.23999786376952,96.73497772216795,1845300
2018-05-14,FANG,123.91000366210938,124.91999816894533,123.61000061035156,124.23999786376952,96.73497772216795,1845300
2018-05-15,FANG,123.87000274658205,129.1699981689453,123.43000030517578,128.52999877929688,100.07525634765624,2403400
2018-05-15,FANG,123.87000274658205,129.1699981689453,123.43000030517578,128.52999877929688,100.07525634765624,2403400
2018-05-16,FANG,128.94000244140625,132.27000427246094,127.93000030517578,132.1300048828125,102.87826538085938,1691500
2018-05-16,FANG,128.94000244140625,132.27000427246094,127.93000030517578,132.1300048828125,102.87826538085938,1691500
2018-05-17,FANG,132.8699951171875,137.8300018310547,132.63999938964844,136.25999450683594,106.0939483642578,1973000
2018-05-17,FANG,132.8699951171875,137.8300018310547,132.63999938964844,136.25999450683594,106.0939483642578,1973000
2018-05-18,FANG,135.99000549316406,136.3800048828125,134.02000427246094,134.5800018310547,104.88208770751952,1210600
2018-05-18,FANG,135.99000549316406,136.3800048828125,134.02000427246094,134.5800018310547,104.88208770751952,1210600
2018-05-21,FANG,135.89999389648438,137.17999267578125,134.9199981689453,136.75999450683594,106.58101654052734,978100
2018-05-21,FANG,135.89999389648438,137.17999267578125,134.9199981689453,136.75999450683594,106.58101654052734,978100
2018-05-22,FANG,136.61000061035156,138.13999938964844,131.74000549316406,132.22999572753906,103.05067443847656,1005500
2018-05-22,FANG,136.61000061035156,138.13999938964844,131.74000549316406,132.22999572753906,103.05067443847656,1005500
2018-05-23,FANG,130.75999450683594,131.91000366210938,128.0399932861328,129.63999938964844,101.03223419189452,2503800
2018-05-23,FANG,130.75999450683594,131.91000366210938,128.0399932861328,129.63999938964844,101.03223419189452,2503800
2018-05-24,FANG,127.9499969482422,128.50999450683594,123.94000244140624,124.98999786376952,97.40830993652344,2407000
2018-05-24,FANG,127.9499969482422,128.50999450683594,123.94000244140624,124.98999786376952,97.40830993652344,2407000
2018-05-25,FANG,122.2300033569336,122.37999725341795,118.05999755859376,120.3499984741211,93.79224395751952,2607900
2018-05-25,FANG,122.2300033569336,122.37999725341795,118.05999755859376,120.3499984741211,93.79224395751952,2607900
2018-05-29,FANG,119.5999984741211,121.88999938964844,119.18000030517578,121.0,94.29879760742188,1714000
2018-05-29,FANG,119.5999984741211,121.88999938964844,119.18000030517578,121.0,94.29879760742188,1714000
2018-05-30,FANG,121.77999877929688,123.58000183105467,120.5999984741211,122.8000030517578,95.70159912109376,1603300
2018-05-30,FANG,121.77999877929688,123.58000183105467,120.5999984741211,122.8000030517578,95.70159912109376,1603300
2018-05-31,FANG,122.12000274658205,123.12999725341795,120.1500015258789,120.76000213623048,94.11176300048828,1835100
2018-05-31,FANG,122.12000274658205,123.12999725341795,120.1500015258789,120.76000213623048,94.11176300048828,1835100
2018-06-01,FANG,120.3000030517578,120.58999633789062,114.52999877929688,115.5,90.01250457763672,2960400
2018-06-01,FANG,120.3000030517578,120.58999633789062,114.52999877929688,115.5,90.01250457763672,2960400
2018-06-04,FANG,115.88999938964844,116.4499969482422,108.93000030517578,111.6999969482422,87.05104064941406,3928000
2018-06-04,FANG,115.88999938964844,116.4499969482422,108.93000030517578,111.6999969482422,87.05104064941406,3928000
2018-06-05,FANG,111.25,113.18000030517578,107.77999877929688,111.5500030517578,86.93413543701172,2346400
2018-06-05,FANG,111.25,113.18000030517578,107.77999877929688,111.5500030517578,86.93413543701172,2346400
2018-06-06,FANG,111.81999969482422,112.76000213623048,109.81999969482422,112.22000122070312,87.456298828125,1993200
2018-06-06,FANG,111.81999969482422,112.76000213623048,109.81999969482422,112.22000122070312,87.456298828125,1993200
2018-06-07,FANG,113.44000244140624,114.94000244140624,113.12000274658205,114.12000274658205,88.93701934814453,1655700
2018-06-07,FANG,113.44000244140624,114.94000244140624,113.12000274658205,114.12000274658205,88.93701934814453,1655700
2018-06-08,FANG,113.5199966430664,114.58000183105467,112.44000244140624,113.95999908447266,88.81233215332031,1074100
2018-06-08,FANG,113.5199966430664,114.58000183105467,112.44000244140624,113.95999908447266,88.81233215332031,1074100
2018-06-11,FANG,114.0999984741211,115.43000030517578,113.08999633789062,113.83000183105467,88.71101379394531,1290200
2018-06-11,FANG,114.0999984741211,115.43000030517578,113.08999633789062,113.83000183105467,88.71101379394531,1290200
2018-06-12,FANG,114.1999969482422,119.31999969482422,114.0,118.87999725341795,92.6466293334961,1804800
2018-06-12,FANG,114.1999969482422,119.31999969482422,114.0,118.87999725341795,92.6466293334961,1804800
2018-06-13,FANG,118.63999938964844,119.12999725341795,117.79000091552734,118.3499984741211,92.2335968017578,1616000
2018-06-13,FANG,118.63999938964844,119.12999725341795,117.79000091552734,118.3499984741211,92.2335968017578,1616000
2018-06-14,FANG,119.25,119.77999877929688,115.6500015258789,115.9499969482422,90.36320495605467,1540800
2018-06-14,FANG,119.25,119.77999877929688,115.6500015258789,115.9499969482422,90.36320495605467,1540800
2018-06-15,FANG,115.4499969482422,117.12000274658205,114.3000030517578,115.58000183105467,90.0748291015625,2474900
2018-06-15,FANG,115.4499969482422,117.12000274658205,114.3000030517578,115.58000183105467,90.0748291015625,2474900
2018-06-18,FANG,114.7699966430664,123.61000061035156,114.51000213623048,122.58000183105467,95.53015899658205,3950400
2018-06-18,FANG,114.7699966430664,123.61000061035156,114.51000213623048,122.58000183105467,95.53015899658205,3950400
2018-06-19,FANG,120.36000061035156,128.9499969482422,120.36000061035156,127.58000183105467,99.42679595947266,3422700
2018-06-19,FANG,120.36000061035156,128.9499969482422,120.36000061035156,127.58000183105467,99.42679595947266,3422700
2018-06-20,FANG,128.5500030517578,130.64999389648438,127.4000015258789,129.55999755859375,100.96985626220705,1799700
2018-06-20,FANG,128.5500030517578,130.64999389648438,127.4000015258789,129.55999755859375,100.96985626220705,1799700
2018-06-21,FANG,128.91000366210938,128.91000366210938,122.08999633789062,123.7300033569336,96.42638397216795,2061300
2018-06-21,FANG,128.91000366210938,128.91000366210938,122.08999633789062,123.7300033569336,96.42638397216795,2061300
2018-06-22,FANG,127.41000366210938,129.52000427246094,125.37000274658205,125.55999755859376,97.8525390625,2211900
2018-06-22,FANG,127.41000366210938,129.52000427246094,125.37000274658205,125.55999755859376,97.8525390625,2211900
2018-06-25,FANG,125.61000061035156,126.3000030517578,120.45999908447266,121.5999984741211,94.7664031982422,1347400
2018-06-25,FANG,125.61000061035156,126.3000030517578,120.45999908447266,121.5999984741211,94.7664031982422,1347400
2018-06-26,FANG,121.7300033569336,126.95999908447266,121.6500015258789,126.54000091552734,98.61627960205078,1347000
2018-06-26,FANG,121.7300033569336,126.95999908447266,121.6500015258789,126.54000091552734,98.61627960205078,1347000
2018-06-27,FANG,129.0399932861328,132.8300018310547,128.63999938964844,130.1300048828125,101.41409301757812,2309000
2018-06-27,FANG,129.0399932861328,132.8300018310547,128.63999938964844,130.1300048828125,101.41409301757812,2309000
2018-06-28,FANG,130.5,131.89999389648438,127.8499984741211,130.83999633789062,101.9673843383789,1417400
2018-06-28,FANG,130.5,131.89999389648438,127.8499984741211,130.83999633789062,101.9673843383789,1417400
2018-06-29,FANG,130.55999755859375,132.85000610351562,129.66000366210938,131.57000732421875,102.53634643554688,1425700
2018-06-29,FANG,130.55999755859375,132.85000610351562,129.66000366210938,131.57000732421875,102.53634643554688,1425700
2018-07-02,FANG,130.8699951171875,130.8699951171875,128.10000610351562,129.3000030517578,100.7672348022461,952300
2018-07-02,FANG,130.8699951171875,130.8699951171875,128.10000610351562,129.3000030517578,100.7672348022461,952300
2018-07-03,FANG,130.89999389648438,133.17999267578125,129.1999969482422,130.0500030517578,101.35173034667967,701700
2018-07-03,FANG,130.89999389648438,133.17999267578125,129.1999969482422,130.0500030517578,101.35173034667967,701700
2018-07-05,FANG,131.77999877929688,133.39999389648438,130.77000427246094,132.0,102.87142181396484,836300
2018-07-05,FANG,131.77999877929688,133.39999389648438,130.77000427246094,132.0,102.87142181396484,836300
2018-07-06,FANG,131.97999572753906,136.07000732421875,129.9499969482422,134.97000122070312,105.18601989746094,839100
2018-07-06,FANG,131.97999572753906,136.07000732421875,129.9499969482422,134.97000122070312,105.18601989746094,839100
2018-07-09,FANG,134.9600067138672,136.89999389648438,134.7100067138672,136.6699981689453,106.51090240478516,1089900
2018-07-09,FANG,134.9600067138672,136.89999389648438,134.7100067138672,136.6699981689453,106.51090240478516,1089900
2018-07-10,FANG,137.83999633789062,138.25,132.86000061035156,133.9600067138672,104.39892578125,2119500
2018-07-10,FANG,137.83999633789062,138.25,132.86000061035156,133.9600067138672,104.39892578125,2119500
2018-07-11,FANG,133.16000366210938,134.8300018310547,129.05999755859375,130.75999450683594,101.9050521850586,1455900
2018-07-11,FANG,133.16000366210938,134.8300018310547,129.05999755859375,130.75999450683594,101.9050521850586,1455900
2018-07-12,FANG,132.24000549316406,132.24000549316406,128.64999389648438,130.27999877929688,101.53097534179688,837300
2018-07-12,FANG,132.24000549316406,132.24000549316406,128.64999389648438,130.27999877929688,101.53097534179688,837300
2018-07-13,FANG,130.02999877929688,132.7899932861328,130.0,131.33999633789062,102.35707092285156,897000
2018-07-13,FANG,130.02999877929688,132.7899932861328,130.0,131.33999633789062,102.35707092285156,897000
2018-07-16,FANG,128.85000610351562,130.8000030517578,128.41000366210938,129.99000549316406,101.3049774169922,851800
2018-07-16,FANG,128.85000610351562,130.8000030517578,128.41000366210938,129.99000549316406,101.3049774169922,851800
2018-07-17,FANG,128.89999389648438,131.64999389648438,128.11000061035156,130.64999389648438,101.81930541992188,507800
2018-07-17,FANG,128.89999389648438,131.64999389648438,128.11000061035156,130.64999389648438,101.81930541992188,507800
2018-07-18,FANG,130.3699951171875,131.00999450683594,128.1699981689453,130.58999633789062,101.7725830078125,1009800
2018-07-18,FANG,130.3699951171875,131.00999450683594,128.1699981689453,130.58999633789062,101.7725830078125,1009800
2018-07-19,FANG,130.42999267578125,132.42999267578125,130.00999450683594,132.08999633789062,102.94155883789062,653600
2018-07-19,FANG,130.42999267578125,132.42999267578125,130.00999450683594,132.08999633789062,102.94155883789062,653600
2018-07-20,FANG,133.02000427246094,133.02000427246094,130.0,131.14999389648438,102.208984375,885800
2018-07-20,FANG,133.02000427246094,133.02000427246094,130.0,131.14999389648438,102.208984375,885800
2018-07-23,FANG,131.14999389648438,131.58999633789062,129.82000732421875,131.1699981689453,102.2245635986328,702000
2018-07-23,FANG,131.14999389648438,131.58999633789062,129.82000732421875,131.1699981689453,102.2245635986328,702000
2018-07-24,FANG,132.25999450683594,134.9600067138672,131.77000427246094,133.4499969482422,104.00145721435548,855600
2018-07-24,FANG,132.25999450683594,134.9600067138672,131.77000427246094,133.4499969482422,104.00145721435548,855600
2018-07-25,FANG,133.2100067138672,135.99000549316406,132.05999755859375,134.67999267578125,104.96002197265624,608600
2018-07-25,FANG,133.2100067138672,135.99000549316406,132.05999755859375,134.67999267578125,104.96002197265624,608600
2018-07-26,FANG,134.38999938964844,135.89999389648438,134.0500030517578,134.5500030517578,104.85874938964844,556200
2018-07-26,FANG,134.38999938964844,135.89999389648438,134.0500030517578,134.5500030517578,104.85874938964844,556200
2018-07-27,FANG,134.2899932861328,136.57000732421875,131.57000732421875,132.33999633789062,103.13639831542967,729600
2018-07-27,FANG,134.2899932861328,136.57000732421875,131.57000732421875,132.33999633789062,103.13639831542967,729600
2018-07-30,FANG,133.99000549316406,136.0,132.5,133.7100067138672,104.2040786743164,1388800
2018-07-30,FANG,133.99000549316406,136.0,132.5,133.7100067138672,104.2040786743164,1388800
2018-07-31,FANG,133.22999572753906,135.0,130.0800018310547,131.9499969482422,102.83245849609376,625000
2018-07-31,FANG,133.22999572753906,135.0,130.0800018310547,131.9499969482422,102.83245849609376,625000
2018-08-01,FANG,131.47000122070312,133.0500030517578,128.77000427246094,132.8800048828125,103.55723571777344,724500
2018-08-01,FANG,131.47000122070312,133.0500030517578,128.77000427246094,132.8800048828125,103.55723571777344,724500
2018-08-02,FANG,131.97000122070312,135.66000366210938,130.69000244140625,134.49000549316406,104.8119659423828,544100
2018-08-02,FANG,131.97000122070312,135.66000366210938,130.69000244140625,134.49000549316406,104.8119659423828,544100
2018-08-03,FANG,134.47999572753906,134.82000732421875,129.94000244140625,130.8000030517578,101.93624877929688,1028900
2018-08-03,FANG,134.47999572753906,134.82000732421875,129.94000244140625,130.8000030517578,101.93624877929688,1028900
2018-08-06,FANG,131.88999938964844,135.74000549316406,131.22000122070312,133.6199951171875,104.13394927978516,1028500
2018-08-06,FANG,131.88999938964844,135.74000549316406,131.22000122070312,133.6199951171875,104.13394927978516,1028500
2018-08-07,FANG,134.5,136.25,134.16000366210938,134.74000549316406,105.00679779052734,659700
2018-08-07,FANG,134.5,136.25,134.16000366210938,134.74000549316406,105.00679779052734,659700
2018-08-08,FANG,133.69000244140625,134.61000061035156,131.5,133.7899932861328,104.26641845703124,1548400
2018-08-08,FANG,133.69000244140625,134.61000061035156,131.5,133.7899932861328,104.26641845703124,1548400
2018-08-09,FANG,133.0,135.00999450683594,129.49000549316406,131.14999389648438,102.208984375,1897200
2018-08-09,FANG,133.0,135.00999450683594,129.49000549316406,131.14999389648438,102.208984375,1897200
2018-08-10,FANG,132.05999755859375,136.0,131.0500030517578,134.8000030517578,105.05354309082033,1340700
2018-08-10,FANG,132.05999755859375,136.0,131.0500030517578,134.8000030517578,105.05354309082033,1340700
2018-08-13,FANG,133.75999450683594,135.1699981689453,131.5800018310547,131.8699951171875,102.77012634277344,911900
2018-08-13,FANG,133.75999450683594,135.1699981689453,131.5800018310547,131.8699951171875,102.77012634277344,911900
2018-08-14,FANG,133.2100067138672,134.89999389648438,132.57000732421875,133.75,104.23524475097656,1239100
2018-08-14,FANG,133.2100067138672,134.89999389648438,132.57000732421875,133.75,104.23524475097656,1239100
2018-08-15,FANG,123.04000091552734,124.1999969482422,115.27999877929688,117.6999969482422,91.7270278930664,11541400
2018-08-15,FANG,123.04000091552734,124.1999969482422,115.27999877929688,117.6999969482422,91.7270278930664,11541400
2018-08-16,FANG,120.0,120.68000030517578,118.11000061035156,120.45999908447266,93.8779525756836,3945000
2018-08-16,FANG,120.0,120.68000030517578,118.11000061035156,120.45999908447266,93.8779525756836,3945000
2018-08-17,FANG,120.4499969482422,122.0,118.63999938964844,120.18000030517578,93.75704956054688,2165100
2018-08-17,FANG,120.4499969482422,122.0,118.63999938964844,120.18000030517578,93.75704956054688,2165100
2018-08-20,FANG,121.47000122070312,121.81999969482422,119.16999816894533,120.98999786376952,94.38894653320312,1904300
2018-08-20,FANG,121.47000122070312,121.81999969482422,119.16999816894533,120.98999786376952,94.38894653320312,1904300
2018-08-21,FANG,121.9499969482422,124.2699966430664,121.5,122.58999633789062,95.63719177246094,2826800
2018-08-21,FANG,121.9499969482422,124.2699966430664,121.5,122.58999633789062,95.63719177246094,2826800
2018-08-22,FANG,124.30999755859376,125.3499984741211,123.79000091552734,124.2300033569336,96.91661071777344,2283900
2018-08-22,FANG,124.30999755859376,125.3499984741211,123.79000091552734,124.2300033569336,96.91661071777344,2283900
2018-08-23,FANG,123.0,123.77999877929688,120.9800033569336,121.5999984741211,94.86483764648438,990100
2018-08-23,FANG,123.0,123.77999877929688,120.9800033569336,121.5999984741211,94.86483764648438,990100
2018-08-24,FANG,122.95999908447266,123.4499969482422,121.5,121.75,94.98186492919922,1314800
2018-08-24,FANG,122.95999908447266,123.4499969482422,121.5,121.75,94.98186492919922,1314800
2018-08-27,FANG,122.55999755859376,123.58000183105467,121.81999969482422,122.7300033569336,95.74640655517578,1638100
2018-08-27,FANG,122.55999755859376,123.58000183105467,121.81999969482422,122.7300033569336,95.74640655517578,1638100
2018-08-28,FANG,122.47000122070312,123.0199966430664,120.4000015258789,121.12000274658205,94.49038696289062,1304700
2018-08-28,FANG,122.47000122070312,123.0199966430664,120.4000015258789,121.12000274658205,94.49038696289062,1304700
2018-08-29,FANG,121.12000274658205,122.25,120.51000213623048,121.91000366210938,95.106689453125,2070800
2018-08-29,FANG,121.12000274658205,122.25,120.51000213623048,121.91000366210938,95.106689453125,2070800
2018-08-30,FANG,121.66000366210938,122.44000244140624,120.80999755859376,121.5199966430664,94.80243682861328,1060800
2018-08-30,FANG,121.66000366210938,122.44000244140624,120.80999755859376,121.5199966430664,94.80243682861328,1060800
2018-08-31,FANG,121.1999969482422,121.41999816894533,119.69000244140624,121.08000183105467,94.45919036865234,1852700
2018-08-31,FANG,121.1999969482422,121.41999816894533,119.69000244140624,121.08000183105467,94.45919036865234,1852700
2018-09-04,FANG,122.1500015258789,122.23999786376952,119.8000030517578,120.31999969482422,93.86626434326172,1374500
2018-09-04,FANG,122.1500015258789,122.23999786376952,119.8000030517578,120.31999969482422,93.86626434326172,1374500
2018-09-05,FANG,119.38999938964844,119.5500030517578,116.88999938964844,117.45999908447266,91.63507080078124,1778800
2018-09-05,FANG,119.38999938964844,119.5500030517578,116.88999938964844,117.45999908447266,91.63507080078124,1778800
2018-09-06,FANG,117.47000122070312,117.5199966430664,113.5,114.48999786376952,89.31806182861328,1721700
2018-09-06,FANG,117.47000122070312,117.5199966430664,113.5,114.48999786376952,89.31806182861328,1721700
2018-09-07,FANG,114.0,114.0,111.33000183105467,112.6500015258789,87.88261413574219,1902800
2018-09-07,FANG,114.0,114.0,111.33000183105467,112.6500015258789,87.88261413574219,1902800
2018-09-10,FANG,112.73999786376952,113.41999816894533,111.75,112.11000061035156,87.4613265991211,1902400
2018-09-10,FANG,112.73999786376952,113.41999816894533,111.75,112.11000061035156,87.4613265991211,1902400
2018-09-11,FANG,112.36000061035156,117.33000183105467,111.30999755859376,116.4000015258789,90.80813598632812,2335200
2018-09-11,FANG,112.36000061035156,117.33000183105467,111.30999755859376,116.4000015258789,90.80813598632812,2335200
2018-09-12,FANG,117.72000122070312,120.93000030517578,117.70999908447266,120.51000213623048,94.01451110839844,2308500
2018-09-12,FANG,117.72000122070312,120.93000030517578,117.70999908447266,120.51000213623048,94.01451110839844,2308500
2018-09-13,FANG,120.16999816894533,120.55999755859376,117.63999938964844,118.80999755859376,92.68826293945312,1962500
2018-09-13,FANG,120.16999816894533,120.55999755859376,117.63999938964844,118.80999755859376,92.68826293945312,1962500
2018-09-14,FANG,119.25,123.5199966430664,118.44000244140624,121.7300033569336,94.9662628173828,2167900
2018-09-14,FANG,119.25,123.5199966430664,118.44000244140624,121.7300033569336,94.9662628173828,2167900
2018-09-17,FANG,121.56999969482422,124.44000244140624,121.0999984741211,122.69000244140624,95.71517944335938,1582500
2018-09-17,FANG,121.56999969482422,124.44000244140624,121.0999984741211,122.69000244140624,95.71517944335938,1582500
2018-09-18,FANG,123.91000366210938,126.23999786376952,122.95999908447266,124.75,97.32229614257812,2019400
2018-09-18,FANG,123.91000366210938,126.23999786376952,122.95999908447266,124.75,97.32229614257812,2019400
2018-09-19,FANG,124.8000030517578,129.1699981689453,124.5,128.5800018310547,100.31022644042967,2071000
2018-09-19,FANG,124.8000030517578,129.1699981689453,124.5,128.5800018310547,100.31022644042967,2071000
2018-09-20,FANG,129.3000030517578,129.69000244140625,126.44000244140624,126.72000122070312,98.8591537475586,1917000
2018-09-20,FANG,129.3000030517578,129.69000244140625,126.44000244140624,126.72000122070312,98.8591537475586,1917000
2018-09-21,FANG,127.8499984741211,128.9600067138672,126.77999877929688,128.5500030517578,100.28681182861328,1801100
2018-09-21,FANG,127.8499984741211,128.9600067138672,126.77999877929688,128.5500030517578,100.28681182861328,1801100
2018-09-24,FANG,130.2100067138672,133.57000732421875,129.97000122070312,132.86000061035156,103.64920806884766,2216700
2018-09-24,FANG,130.2100067138672,133.57000732421875,129.97000122070312,132.86000061035156,103.64920806884766,2216700
2018-09-25,FANG,133.63999938964844,136.2100067138672,132.97999572753906,134.50999450683594,104.93643188476562,1891000
2018-09-25,FANG,133.63999938964844,136.2100067138672,132.97999572753906,134.50999450683594,104.93643188476562,1891000
2018-09-26,FANG,134.1300048828125,134.5800018310547,131.1300048828125,131.3300018310547,102.45560455322266,2045700
2018-09-26,FANG,134.1300048828125,134.5800018310547,131.1300048828125,131.3300018310547,102.45560455322266,2045700
2018-09-27,FANG,133.0500030517578,134.41000366210938,131.8800048828125,134.05999755859375,104.58533477783205,1283900
2018-09-27,FANG,133.0500030517578,134.41000366210938,131.8800048828125,134.05999755859375,104.58533477783205,1283900
2018-09-28,FANG,133.5500030517578,137.83999633789062,133.22999572753906,135.19000244140625,105.46694946289062,1629000
2018-09-28,FANG,133.5500030517578,137.83999633789062,133.22999572753906,135.19000244140625,105.46694946289062,1629000
2018-10-01,FANG,135.4499969482422,138.49000549316406,135.36000061035156,136.8000030517578,106.7229461669922,1215100
2018-10-01,FANG,135.4499969482422,138.49000549316406,135.36000061035156,136.8000030517578,106.7229461669922,1215100
2018-10-02,FANG,137.08999633789062,137.49000549316406,135.10000610351562,137.0500030517578,106.91798400878906,1423900
2018-10-02,FANG,137.08999633789062,137.49000549316406,135.10000610351562,137.0500030517578,106.91798400878906,1423900
2018-10-03,FANG,137.94000244140625,140.77999877929688,136.42999267578125,139.9199981689453,109.156982421875,1820800
2018-10-03,FANG,137.94000244140625,140.77999877929688,136.42999267578125,139.9199981689453,109.156982421875,1820800
2018-10-04,FANG,139.3800048828125,139.3800048828125,135.1999969482422,135.25,105.51374053955078,1506800
2018-10-04,FANG,139.3800048828125,139.3800048828125,135.1999969482422,135.25,105.51374053955078,1506800
2018-10-05,FANG,136.2100067138672,136.69000244140625,133.88999938964844,136.35000610351562,106.37189483642578,1428600
2018-10-05,FANG,136.2100067138672,136.69000244140625,133.88999938964844,136.35000610351562,106.37189483642578,1428600
2018-10-08,FANG,134.60000610351562,135.60000610351562,131.82000732421875,132.8800048828125,103.6648178100586,1466900
2018-10-08,FANG,134.60000610351562,135.60000610351562,131.82000732421875,132.8800048828125,103.6648178100586,1466900
2018-10-09,FANG,132.6300048828125,136.47000122070312,132.6300048828125,135.1300048828125,105.4201202392578,1228500
2018-10-09,FANG,132.6300048828125,136.47000122070312,132.6300048828125,135.1300048828125,105.4201202392578,1228500
2018-10-10,FANG,135.13999938964844,135.6999969482422,128.92999267578125,129.27999877929688,100.8563003540039,1652100
2018-10-10,FANG,135.13999938964844,135.6999969482422,128.92999267578125,129.27999877929688,100.8563003540039,1652100
2018-10-11,FANG,128.05999755859375,129.7100067138672,124.55999755859376,124.62999725341795,97.22865295410156,2204300
2018-10-11,FANG,128.05999755859375,129.7100067138672,124.55999755859376,124.62999725341795,97.22865295410156,2204300
2018-10-12,FANG,127.47000122070312,128.00999450683594,121.87999725341795,126.12000274658205,98.39108276367188,1604800
2018-10-12,FANG,127.47000122070312,128.00999450683594,121.87999725341795,126.12000274658205,98.39108276367188,1604800
2018-10-15,FANG,127.79000091552734,128.61000061035156,126.22000122070312,127.93000030517578,99.80313110351562,1073100
2018-10-15,FANG,127.79000091552734,128.61000061035156,126.22000122070312,127.93000030517578,99.80313110351562,1073100
2018-10-16,FANG,129.1999969482422,131.33999633789062,127.61000061035156,130.82000732421875,102.05774688720705,1234900
2018-10-16,FANG,129.1999969482422,131.33999633789062,127.61000061035156,130.82000732421875,102.05774688720705,1234900
2018-10-17,FANG,130.6300048828125,131.0399932861328,128.16000366210938,129.50999450683594,101.03575897216795,951100
2018-10-17,FANG,130.6300048828125,131.0399932861328,128.16000366210938,129.50999450683594,101.03575897216795,951100
2018-10-18,FANG,128.0,128.36000061035156,125.12000274658205,126.95999908447266,99.04637908935548,947800
2018-10-18,FANG,128.0,128.36000061035156,125.12000274658205,126.95999908447266,99.04637908935548,947800
2018-10-19,FANG,127.56999969482422,129.38999938964844,126.45999908447266,127.0999984741211,99.1556167602539,1298600
2018-10-19,FANG,127.56999969482422,129.38999938964844,126.45999908447266,127.0999984741211,99.1556167602539,1298600
2018-10-22,FANG,127.16999816894533,127.36000061035156,124.08999633789062,124.55999755859376,97.17406463623048,2078900
2018-10-22,FANG,127.16999816894533,127.36000061035156,124.08999633789062,124.55999755859376,97.17406463623048,2078900
2018-10-23,FANG,121.19000244140624,122.12000274658205,117.12000274658205,119.11000061035156,92.92228698730467,2636200
2018-10-23,FANG,121.19000244140624,122.12000274658205,117.12000274658205,119.11000061035156,92.92228698730467,2636200
2018-10-24,FANG,120.87999725341795,121.0999984741211,112.62000274658205,112.9000015258789,88.07763671875,1479700
2018-10-24,FANG,120.87999725341795,121.0999984741211,112.62000274658205,112.9000015258789,88.07763671875,1479700
2018-10-25,FANG,114.4800033569336,115.45999908447266,111.9499969482422,114.23999786376952,89.12303161621094,1766900
2018-10-25,FANG,114.4800033569336,115.45999908447266,111.9499969482422,114.23999786376952,89.12303161621094,1766900
2018-10-26,FANG,112.25,115.30999755859376,109.9000015258789,113.76000213623048,88.74856567382812,1867800
2018-10-26,FANG,112.25,115.30999755859376,109.9000015258789,113.76000213623048,88.74856567382812,1867800
2018-10-29,FANG,113.79000091552734,114.16000366210938,106.37999725341795,108.16999816894533,84.3875961303711,1768000
2018-10-29,FANG,113.79000091552734,114.16000366210938,106.37999725341795,108.16999816894533,84.3875961303711,1768000
2018-10-30,FANG,106.38999938964844,110.25,105.93000030517578,109.87999725341795,85.72161102294922,2093100
2018-10-30,FANG,106.38999938964844,110.25,105.93000030517578,109.87999725341795,85.72161102294922,2093100
2018-10-31,FANG,111.0199966430664,115.70999908447266,110.8000030517578,112.36000061035156,87.65635681152344,2455900
2018-10-31,FANG,111.0199966430664,115.70999908447266,110.8000030517578,112.36000061035156,87.65635681152344,2455900
2018-11-01,FANG,112.8000030517578,116.02999877929688,112.5,115.4499969482422,90.06700134277344,1499900
2018-11-01,FANG,112.8000030517578,116.02999877929688,112.5,115.4499969482422,90.06700134277344,1499900
2018-11-02,FANG,116.0199966430664,116.72000122070312,112.97000122070312,114.31999969482422,89.18545532226562,1556400
2018-11-02,FANG,116.0199966430664,116.72000122070312,112.97000122070312,114.31999969482422,89.18545532226562,1556400
2018-11-05,FANG,115.5500030517578,118.41000366210938,114.75,115.98999786376952,90.48825073242188,1315400
2018-11-05,FANG,115.5500030517578,118.41000366210938,114.75,115.98999786376952,90.48825073242188,1315400
2018-11-06,FANG,116.41999816894533,116.62999725341795,112.51000213623048,113.37000274658205,88.44429779052734,2266000
2018-11-06,FANG,116.41999816894533,116.62999725341795,112.51000213623048,113.37000274658205,88.44429779052734,2266000
2018-11-07,FANG,117.77999877929688,119.5500030517578,110.2699966430664,115.87000274658205,90.39464569091795,3843100
2018-11-07,FANG,117.77999877929688,119.5500030517578,110.2699966430664,115.87000274658205,90.39464569091795,3843100
2018-11-08,FANG,115.27999877929688,116.12000274658205,109.58000183105467,110.6500015258789,86.32232666015625,2403100
2018-11-08,FANG,115.27999877929688,116.12000274658205,109.58000183105467,110.6500015258789,86.32232666015625,2403100
2018-11-09,FANG,109.08000183105467,114.83999633789062,106.20999908447266,113.8499984741211,88.81877899169922,2440200
2018-11-09,FANG,109.08000183105467,114.83999633789062,106.20999908447266,113.8499984741211,88.81877899169922,2440200
2018-11-12,FANG,114.66999816894533,115.63999938964844,109.91000366210938,110.2300033569336,85.99468994140625,1889200
2018-11-12,FANG,114.66999816894533,115.63999938964844,109.91000366210938,110.2300033569336,85.99468994140625,1889200
2018-11-13,FANG,109.7300033569336,110.44000244140624,106.68000030517578,107.8499984741211,84.137939453125,2039200
2018-11-13,FANG,109.7300033569336,110.44000244140624,106.68000030517578,107.8499984741211,84.137939453125,2039200
2018-11-14,FANG,110.02999877929688,111.8000030517578,108.0199966430664,108.70999908447266,84.80885314941406,1676600
2018-11-14,FANG,110.02999877929688,111.8000030517578,108.0199966430664,108.70999908447266,84.80885314941406,1676600
2018-11-15,FANG,108.94000244140624,112.69000244140624,107.5500030517578,112.23999786376952,87.5627670288086,1848800
2018-11-15,FANG,108.94000244140624,112.69000244140624,107.5500030517578,112.23999786376952,87.5627670288086,1848800
2018-11-16,FANG,112.2300033569336,114.93000030517578,111.83000183105467,114.30999755859376,89.27705383300781,1632800
2018-11-16,FANG,112.2300033569336,114.93000030517578,111.83000183105467,114.30999755859376,89.27705383300781,1632800
2018-11-19,FANG,112.54000091552734,114.55999755859376,110.76000213623048,113.80999755859376,88.88654327392578,2185600
2018-11-19,FANG,112.54000091552734,114.55999755859376,110.76000213623048,113.80999755859376,88.88654327392578,2185600
2018-11-20,FANG,111.0999984741211,111.88999938964844,108.08000183105467,108.7300033569336,84.9190444946289,1912500
2018-11-20,FANG,111.0999984741211,111.88999938964844,108.08000183105467,108.7300033569336,84.9190444946289,1912500
2018-11-21,FANG,109.69000244140624,111.37000274658205,109.16999816894533,109.2300033569336,85.3095474243164,1527500
2018-11-21,FANG,109.69000244140624,111.37000274658205,109.16999816894533,109.2300033569336,85.3095474243164,1527500
2018-11-23,FANG,105.27999877929688,106.72000122070312,103.51000213623048,104.87999725341795,81.91213989257812,1443000
2018-11-23,FANG,105.27999877929688,106.72000122070312,103.51000213623048,104.87999725341795,81.91213989257812,1443000
2018-11-26,FANG,106.55999755859376,109.58999633789062,105.77999877929688,109.30999755859376,85.37201690673828,2564000
2018-11-26,FANG,106.55999755859376,109.58999633789062,105.77999877929688,109.30999755859376,85.37201690673828,2564000
2018-11-27,FANG,112.0999984741211,114.22000122070312,108.98999786376952,109.83999633789062,85.78595733642578,7557100
2018-11-27,FANG,112.0999984741211,114.22000122070312,108.98999786376952,109.83999633789062,85.78595733642578,7557100
2018-11-28,FANG,109.33999633789062,112.04000091552734,108.2699966430664,109.8000030517578,85.75472259521484,3818000
2018-11-28,FANG,109.33999633789062,112.04000091552734,108.2699966430664,109.8000030517578,85.75472259521484,3818000
2018-11-29,FANG,110.37999725341795,114.11000061035156,109.70999908447266,112.0,87.47293090820312,4893000
2018-11-29,FANG,110.37999725341795,114.11000061035156,109.70999908447266,112.0,87.47293090820312,4893000
2018-11-30,FANG,111.4499969482422,111.56999969482422,105.06999969482422,110.37999725341795,86.20769500732422,33049700
2018-11-30,FANG,111.4499969482422,111.56999969482422,105.06999969482422,110.37999725341795,86.20769500732422,33049700
2018-12-03,FANG,113.83000183105467,115.97000122070312,111.26000213623048,112.16999816894533,87.60572052001953,6422700
2018-12-03,FANG,113.83000183105467,115.97000122070312,111.26000213623048,112.16999816894533,87.60572052001953,6422700
2018-12-04,FANG,112.38999938964844,112.80999755859376,104.83999633789062,105.08000183105467,82.06837463378906,3880300
2018-12-04,FANG,112.38999938964844,112.80999755859376,104.83999633789062,105.08000183105467,82.06837463378906,3880300
2018-12-06,FANG,102.0,102.33999633789062,96.9499969482422,101.81999969482422,79.52227020263672,5247300
2018-12-06,FANG,102.0,102.33999633789062,96.9499969482422,101.81999969482422,79.52227020263672,5247300
2018-12-07,FANG,105.0,107.54000091552734,102.05999755859376,102.6999969482422,80.20955657958984,3588900
2018-12-07,FANG,105.0,107.54000091552734,102.05999755859376,102.6999969482422,80.20955657958984,3588900
2018-12-10,FANG,101.33999633789062,103.9000015258789,99.43000030517578,100.62999725341795,78.59285736083984,2668400
2018-12-10,FANG,101.33999633789062,103.9000015258789,99.43000030517578,100.62999725341795,78.59285736083984,2668400
2018-12-11,FANG,103.27999877929688,103.5999984741211,99.27999877929688,100.04000091552734,78.13208770751953,2166300
2018-12-11,FANG,103.27999877929688,103.5999984741211,99.27999877929688,100.04000091552734,78.13208770751953,2166300
2018-12-12,FANG,101.7699966430664,103.04000091552734,98.37999725341795,98.48999786376952,76.9215087890625,2795000
2018-12-12,FANG,101.7699966430664,103.04000091552734,98.37999725341795,98.48999786376952,76.9215087890625,2795000
2018-12-13,FANG,98.13999938964844,98.83000183105467,94.54000091552734,96.31999969482422,75.22673034667969,4373200
2018-12-13,FANG,98.13999938964844,98.83000183105467,94.54000091552734,96.31999969482422,75.22673034667969,4373200
2018-12-14,FANG,95.77999877929688,95.77999877929688,91.83999633789062,92.70999908447266,72.40727996826172,4368300
2018-12-14,FANG,95.77999877929688,95.77999877929688,91.83999633789062,92.70999908447266,72.40727996826172,4368300
2018-12-17,FANG,92.1500015258789,92.7300033569336,88.1500015258789,88.54000091552734,69.1504898071289,3815000
2018-12-17,FANG,92.1500015258789,92.7300033569336,88.1500015258789,88.54000091552734,69.1504898071289,3815000
2018-12-18,FANG,88.87000274658203,89.95999908447266,86.51000213623047,87.93000030517578,68.6740493774414,3899500
2018-12-18,FANG,88.87000274658203,89.95999908447266,86.51000213623047,87.93000030517578,68.6740493774414,3899500
2018-12-19,FANG,89.25,95.04000091552734,88.9800033569336,90.5999984741211,70.75938415527344,4552800
2018-12-19,FANG,89.25,95.04000091552734,88.9800033569336,90.5999984741211,70.75938415527344,4552800
2018-12-20,FANG,88.37000274658203,91.4800033569336,88.37000274658203,89.02999877929688,69.53317260742188,3320800
2018-12-20,FANG,88.37000274658203,91.4800033569336,88.37000274658203,89.02999877929688,69.53317260742188,3320800
2018-12-21,FANG,89.63999938964844,91.68000030517578,87.77999877929688,88.7699966430664,69.33010864257812,5570500
2018-12-21,FANG,89.63999938964844,91.68000030517578,87.77999877929688,88.7699966430664,69.33010864257812,5570500
2018-12-24,FANG,88.2300033569336,89.33999633789062,85.61000061035156,85.66999816894531,66.90898132324219,1673500
2018-12-24,FANG,88.2300033569336,89.33999633789062,85.61000061035156,85.66999816894531,66.90898132324219,1673500
2018-12-26,FANG,86.91999816894531,92.0500030517578,85.19000244140625,91.98999786376952,71.84497833251953,3065300
2018-12-26,FANG,86.91999816894531,92.0500030517578,85.19000244140625,91.98999786376952,71.84497833251953,3065300
2018-12-27,FANG,90.0,93.04000091552734,88.47000122070312,92.87999725341795,72.54005432128906,1932400
2018-12-27,FANG,90.0,93.04000091552734,88.47000122070312,92.87999725341795,72.54005432128906,1932400
2018-12-28,FANG,93.41999816894533,93.5500030517578,90.06999969482422,91.88999938964844,71.76685333251953,1803100
2018-12-28,FANG,93.41999816894533,93.5500030517578,90.06999969482422,91.88999938964844,71.76685333251953,1803100
2018-12-31,FANG,92.44000244140624,93.29000091552734,91.06999969482422,92.6999969482422,72.39946746826172,1508700
2018-12-31,FANG,92.44000244140624,93.29000091552734,91.06999969482422,92.6999969482422,72.39946746826172,1508700
2019-01-02,FANG,90.63999938964844,96.23999786376952,89.86000061035156,95.22000122070312,74.36760711669922,2385200
2019-01-02,FANG,90.63999938964844,96.23999786376952,89.86000061035156,95.22000122070312,74.36760711669922,2385200
2019-01-03,FANG,95.6999969482422,97.88999938964844,94.33000183105467,96.16000366210938,75.10176849365234,2275500
2019-01-03,FANG,95.6999969482422,97.88999938964844,94.33000183105467,96.16000366210938,75.10176849365234,2275500
2019-01-04,FANG,97.87000274658205,100.08999633789062,97.08999633789062,99.93000030517578,78.04615783691406,2600800
2019-01-04,FANG,97.87000274658205,100.08999633789062,97.08999633789062,99.93000030517578,78.04615783691406,2600800
2019-01-07,FANG,100.66000366210938,103.62000274658205,99.7300033569336,102.62999725341795,80.15487670898438,2267000
2019-01-07,FANG,100.66000366210938,103.62000274658205,99.7300033569336,102.62999725341795,80.15487670898438,2267000
2019-01-08,FANG,104.19000244140624,105.5500030517578,102.66999816894533,104.9499969482422,81.96682739257812,3275400
2019-01-08,FANG,104.19000244140624,105.5500030517578,102.66999816894533,104.9499969482422,81.96682739257812,3275400
2019-01-09,FANG,107.0,108.94000244140624,105.70999908447266,106.79000091552734,83.40388488769531,2257300
2019-01-09,FANG,107.0,108.94000244140624,105.70999908447266,106.79000091552734,83.40388488769531,2257300
2019-01-10,FANG,105.19000244140624,106.7300033569336,104.18000030517578,106.12999725341795,82.888427734375,1835500
2019-01-10,FANG,105.19000244140624,106.7300033569336,104.18000030517578,106.12999725341795,82.888427734375,1835500
2019-01-11,FANG,105.25,105.36000061035156,102.6999969482422,104.0999984741211,81.30298614501953,1531200
2019-01-11,FANG,105.25,105.36000061035156,102.6999969482422,104.0999984741211,81.30298614501953,1531200
2019-01-14,FANG,102.52999877929688,105.45999908447266,102.1500015258789,104.51000213623048,81.62317657470703,1833700
2019-01-14,FANG,102.52999877929688,105.45999908447266,102.1500015258789,104.51000213623048,81.62317657470703,1833700
2019-01-15,FANG,105.18000030517578,106.79000091552734,103.31999969482422,105.01000213623048,82.01371002197266,1245300
2019-01-15,FANG,105.18000030517578,106.79000091552734,103.31999969482422,105.01000213623048,82.01371002197266,1245300
2019-01-16,FANG,104.73999786376952,106.9000015258789,103.9000015258789,105.63999938964844,82.5057144165039,1610100
2019-01-16,FANG,104.73999786376952,106.9000015258789,103.9000015258789,105.63999938964844,82.5057144165039,1610100
2019-01-17,FANG,104.5500030517578,106.48999786376952,104.12000274658205,105.6500015258789,82.5135498046875,1259700
2019-01-17,FANG,104.5500030517578,106.48999786376952,104.12000274658205,105.6500015258789,82.5135498046875,1259700
2019-01-18,FANG,106.87999725341795,107.05999755859376,105.4000015258789,106.88999938964844,83.48200225830078,1645700
2019-01-18,FANG,106.87999725341795,107.05999755859376,105.4000015258789,106.88999938964844,83.48200225830078,1645700
2019-01-22,FANG,105.58000183105467,105.91999816894533,101.20999908447266,101.45999908447266,79.24111938476562,2429700
2019-01-22,FANG,105.58000183105467,105.91999816894533,101.20999908447266,101.45999908447266,79.24111938476562,2429700
2019-01-23,FANG,102.69000244140624,103.19000244140624,100.01000213623048,101.33000183105467,79.13957977294922,1464900
2019-01-23,FANG,102.69000244140624,103.19000244140624,100.01000213623048,101.33000183105467,79.13957977294922,1464900
2019-01-24,FANG,101.4000015258789,102.9800033569336,100.98999786376952,101.55999755859376,79.3192138671875,2267500
2019-01-24,FANG,101.4000015258789,102.9800033569336,100.98999786376952,101.55999755859376,79.3192138671875,2267500
2019-01-25,FANG,102.11000061035156,103.22000122070312,101.43000030517578,102.20999908447266,79.8268814086914,2364300
2019-01-25,FANG,102.11000061035156,103.22000122070312,101.43000030517578,102.20999908447266,79.8268814086914,2364300
2019-01-28,FANG,100.79000091552734,101.27999877929688,99.23999786376952,100.3000030517578,78.33515167236328,1631900
2019-01-28,FANG,100.79000091552734,101.27999877929688,99.23999786376952,100.3000030517578,78.33515167236328,1631900
2019-01-29,FANG,101.19000244140624,101.81999969482422,99.68000030517578,100.16000366210938,78.22578430175781,1505100
2019-01-29,FANG,101.19000244140624,101.81999969482422,99.68000030517578,100.16000366210938,78.22578430175781,1505100
2019-01-30,FANG,102.23999786376952,102.54000091552734,100.08000183105467,102.26000213623048,79.86591339111328,1287600
2019-01-30,FANG,102.23999786376952,102.54000091552734,100.08000183105467,102.26000213623048,79.86591339111328,1287600
2019-01-31,FANG,102.5999984741211,104.61000061035156,101.83000183105467,103.12000274658205,80.53758239746094,2240300
2019-01-31,FANG,102.5999984741211,104.61000061035156,101.83000183105467,103.12000274658205,80.53758239746094,2240300
2019-02-01,FANG,103.4000015258789,104.41999816894533,102.31999969482422,102.88999938964844,80.35795593261719,1274800
2019-02-01,FANG,103.4000015258789,104.41999816894533,102.31999969482422,102.88999938964844,80.35795593261719,1274800
2019-02-04,FANG,102.2699966430664,104.75,100.3499984741211,104.5500030517578,81.6544418334961,2025300
2019-02-04,FANG,102.2699966430664,104.75,100.3499984741211,104.5500030517578,81.6544418334961,2025300
2019-02-05,FANG,103.93000030517578,104.16000366210938,101.66000366210938,101.87999725341795,79.56912994384766,2340800
2019-02-05,FANG,103.93000030517578,104.16000366210938,101.66000366210938,101.87999725341795,79.56912994384766,2340800
2019-02-06,FANG,101.0999984741211,102.5500030517578,99.83999633789062,101.6500015258789,79.3895034790039,1347000
2019-02-06,FANG,101.0999984741211,102.5500030517578,99.83999633789062,101.6500015258789,79.3895034790039,1347000
2019-02-07,FANG,100.88999938964844,101.25,97.66999816894533,97.95999908447266,76.50758361816406,1892700
2019-02-07,FANG,100.88999938964844,101.25,97.66999816894533,97.95999908447266,76.50758361816406,1892700
2019-02-08,FANG,97.81999969482422,98.45999908447266,95.08000183105467,96.5999984741211,75.44540405273438,1908900
2019-02-08,FANG,97.81999969482422,98.45999908447266,95.08000183105467,96.5999984741211,75.44540405273438,1908900
2019-02-11,FANG,96.13999938964844,98.12000274658205,94.86000061035156,97.86000061035156,76.42948913574219,1374200
2019-02-11,FANG,96.13999938964844,98.12000274658205,94.86000061035156,97.86000061035156,76.42948913574219,1374200
2019-02-12,FANG,99.33999633789062,100.77999877929688,98.23999786376952,98.68000030517578,77.06991577148438,1580200
2019-02-12,FANG,99.33999633789062,100.77999877929688,98.23999786376952,98.68000030517578,77.06991577148438,1580200
2019-02-13,FANG,99.33999633789062,102.0,99.01000213623048,101.0199966430664,78.8974609375,1569200
2019-02-13,FANG,99.33999633789062,102.0,99.01000213623048,101.0199966430664,78.8974609375,1569200
2019-02-14,FANG,100.5999984741211,104.68000030517578,100.5,103.83000183105467,81.09209442138672,1827600
2019-02-14,FANG,100.5999984741211,104.68000030517578,100.5,103.83000183105467,81.09209442138672,1827600
2019-02-15,FANG,105.0,106.94000244140624,104.08999633789062,105.5,82.39639282226562,2132400
2019-02-15,FANG,105.0,106.94000244140624,104.08999633789062,105.5,82.39639282226562,2132400
2019-02-19,FANG,104.51000213623048,105.9000015258789,103.1999969482422,104.8000030517578,81.84968566894531,2466600
2019-02-19,FANG,104.51000213623048,105.9000015258789,103.1999969482422,104.8000030517578,81.84968566894531,2466600
2019-02-20,FANG,104.0,107.93000030517578,103.48999786376952,106.4499969482422,83.23761749267578,3395400
2019-02-20,FANG,104.0,107.93000030517578,103.48999786376952,106.4499969482422,83.23761749267578,3395400
2019-02-21,FANG,105.05999755859376,106.44000244140624,101.06999969482422,102.13999938964844,79.86746215820312,2724800
2019-02-21,FANG,105.05999755859376,106.44000244140624,101.06999969482422,102.13999938964844,79.86746215820312,2724800
2019-02-22,FANG,103.19000244140624,104.63999938964844,102.63999938964844,104.02999877929688,81.3453140258789,1874300
2019-02-22,FANG,103.19000244140624,104.63999938964844,102.63999938964844,104.02999877929688,81.3453140258789,1874300
2019-02-25,FANG,103.38999938964844,105.37999725341795,102.8499984741211,105.29000091552734,82.33056640625,1707600
2019-02-25,FANG,103.38999938964844,105.37999725341795,102.8499984741211,105.29000091552734,82.33056640625,1707600
2019-02-26,FANG,105.1500015258789,106.83000183105467,104.76000213623048,105.51000213623048,82.50260162353516,1854800
2019-02-26,FANG,105.1500015258789,106.83000183105467,104.76000213623048,105.51000213623048,82.50260162353516,1854800
2019-02-27,FANG,106.0999984741211,108.23999786376952,105.33000183105467,105.48999786376952,82.48696899414062,1576500
2019-02-27,FANG,106.0999984741211,108.23999786376952,105.33000183105467,105.48999786376952,82.48696899414062,1576500
2019-02-28,FANG,105.3499984741211,105.51000213623048,102.58999633789062,102.93000030517578,80.48519134521484,2404900
2019-02-28,FANG,105.3499984741211,105.51000213623048,102.58999633789062,102.93000030517578,80.48519134521484,2404900
2019-03-01,FANG,103.20999908447266,105.94000244140624,103.20999908447266,104.79000091552734,81.93959045410156,1910600
2019-03-01,FANG,103.20999908447266,105.94000244140624,103.20999908447266,104.79000091552734,81.93959045410156,1910600
2019-03-04,FANG,105.56999969482422,105.7699966430664,102.7300033569336,104.66999816894533,81.84577941894531,1459500
2019-03-04,FANG,105.56999969482422,105.7699966430664,102.7300033569336,104.66999816894533,81.84577941894531,1459500
2019-03-05,FANG,105.12000274658205,105.12000274658205,102.25,102.62000274658205,80.24278259277344,1380800
2019-03-05,FANG,105.12000274658205,105.12000274658205,102.25,102.62000274658205,80.24278259277344,1380800
2019-03-06,FANG,102.44000244140624,102.48999786376952,99.44000244140624,100.0500030517578,78.23320007324219,1680200
2019-03-06,FANG,102.44000244140624,102.48999786376952,99.44000244140624,100.0500030517578,78.23320007324219,1680200
2019-03-07,FANG,100.2699966430664,100.66000366210938,97.6999969482422,97.76000213623048,76.44255065917969,1711100
2019-03-07,FANG,100.2699966430664,100.66000366210938,97.6999969482422,97.76000213623048,76.44255065917969,1711100
2019-03-08,FANG,95.87000274658205,96.05999755859376,92.87000274658205,95.5,74.67537689208984,1873600
2019-03-08,FANG,95.87000274658205,96.05999755859376,92.87000274658205,95.5,74.67537689208984,1873600
2019-03-11,FANG,96.56999969482422,97.7699966430664,96.0,97.58000183105467,76.30180358886719,1398800
2019-03-11,FANG,96.56999969482422,97.7699966430664,96.0,97.58000183105467,76.30180358886719,1398800
2019-03-12,FANG,98.01000213623048,101.0199966430664,98.01000213623048,100.5,78.58507537841797,1920700
2019-03-12,FANG,98.01000213623048,101.0199966430664,98.01000213623048,100.5,78.58507537841797,1920700
2019-03-13,FANG,102.4800033569336,103.5199966430664,101.33999633789062,103.41999816894533,80.86834716796875,2119200
2019-03-13,FANG,102.4800033569336,103.5199966430664,101.33999633789062,103.41999816894533,80.86834716796875,2119200
2019-03-14,FANG,103.23999786376952,106.12000274658205,103.23999786376952,104.20999908447266,81.48606872558594,2550900
2019-03-14,FANG,103.23999786376952,106.12000274658205,103.23999786376952,104.20999908447266,81.48606872558594,2550900
2019-03-15,FANG,103.2699966430664,104.02999877929688,101.9499969482422,102.38999938964844,80.06295013427734,1755600
2019-03-15,FANG,103.2699966430664,104.02999877929688,101.9499969482422,102.38999938964844,80.06295013427734,1755600
2019-03-18,FANG,102.81999969482422,104.62999725341795,101.9800033569336,104.54000091552734,81.74411010742188,1396200
2019-03-18,FANG,102.81999969482422,104.62999725341795,101.9800033569336,104.54000091552734,81.74411010742188,1396200
2019-03-19,FANG,104.93000030517578,105.1999969482422,102.62000274658205,103.18000030517578,80.68067932128906,1330900
2019-03-19,FANG,104.93000030517578,105.1999969482422,102.62000274658205,103.18000030517578,80.68067932128906,1330900
2019-03-20,FANG,102.76000213623048,106.33000183105467,102.6999969482422,105.18000030517578,82.24453735351562,1531300
2019-03-20,FANG,102.76000213623048,106.33000183105467,102.6999969482422,105.18000030517578,82.24453735351562,1531300
2019-03-21,FANG,105.04000091552734,106.36000061035156,104.36000061035156,105.91000366210938,82.81536865234375,1657700
2019-03-21,FANG,105.04000091552734,106.36000061035156,104.36000061035156,105.91000366210938,82.81536865234375,1657700
2019-03-22,FANG,105.05999755859376,105.05999755859376,101.08000183105467,101.37000274658205,79.2653579711914,1412700
2019-03-22,FANG,105.05999755859376,105.05999755859376,101.08000183105467,101.37000274658205,79.2653579711914,1412700
2019-03-25,FANG,101.08000183105467,101.30999755859376,99.22000122070312,100.9800033569336,78.96041107177734,1053200
2019-03-25,FANG,101.08000183105467,101.30999755859376,99.22000122070312,100.9800033569336,78.96041107177734,1053200
2019-03-26,FANG,102.05999755859376,104.31999969482422,101.94000244140624,102.61000061035156,80.2349624633789,1353000
2019-03-26,FANG,102.05999755859376,104.31999969482422,101.94000244140624,102.61000061035156,80.2349624633789,1353000
2019-03-27,FANG,102.58000183105467,103.52999877929688,101.19000244140624,102.3499984741211,80.03166198730469,880400
2019-03-27,FANG,102.58000183105467,103.52999877929688,101.19000244140624,102.3499984741211,80.03166198730469,880400
2019-03-28,FANG,101.5199966430664,102.8000030517578,101.0,102.54000091552734,80.18025207519531,2086300
2019-03-28,FANG,101.5199966430664,102.8000030517578,101.0,102.54000091552734,80.18025207519531,2086300
2019-03-29,FANG,103.77999877929688,104.7699966430664,101.25,101.52999877929688,79.3904800415039,1508800
2019-03-29,FANG,103.77999877929688,104.7699966430664,101.25,101.52999877929688,79.3904800415039,1508800
2019-04-01,FANG,102.9000015258789,104.1999969482422,102.3499984741211,103.69000244140624,81.07945251464844,1414000
2019-04-01,FANG,102.9000015258789,104.1999969482422,102.3499984741211,103.69000244140624,81.07945251464844,1414000
2019-04-02,FANG,103.9000015258789,104.55999755859376,102.41000366210938,102.48999786376952,80.1411361694336,1209100
2019-04-02,FANG,103.9000015258789,104.55999755859376,102.41000366210938,102.48999786376952,80.1411361694336,1209100
2019-04-03,FANG,102.98999786376952,103.4499969482422,99.5199966430664,99.95999908447266,78.16282653808594,1491500
2019-04-03,FANG,102.98999786376952,103.4499969482422,99.5199966430664,99.95999908447266,78.16282653808594,1491500
2019-04-04,FANG,100.0,100.52999877929688,98.8000030517578,99.83999633789062,78.06900787353516,1751900
2019-04-04,FANG,100.0,100.52999877929688,98.8000030517578,99.83999633789062,78.06900787353516,1751900
2019-04-05,FANG,100.56999969482422,102.8499984741211,100.05999755859376,102.4499969482422,80.10986328125,1951600
2019-04-05,FANG,100.56999969482422,102.8499984741211,100.05999755859376,102.4499969482422,80.10986328125,1951600
2019-04-08,FANG,102.8000030517578,105.16000366210938,102.8000030517578,104.3499984741211,81.5955581665039,1577000
2019-04-08,FANG,102.8000030517578,105.16000366210938,102.8000030517578,104.3499984741211,81.5955581665039,1577000
2019-04-09,FANG,103.79000091552734,104.08000183105467,102.22000122070312,102.83999633789062,80.41481018066406,1236700
2019-04-09,FANG,103.79000091552734,104.08000183105467,102.22000122070312,102.83999633789062,80.41481018066406,1236700
2019-04-10,FANG,102.91000366210938,104.5,102.5999984741211,103.87000274658205,81.22022247314453,1208200
2019-04-10,FANG,102.91000366210938,104.5,102.5999984741211,103.87000274658205,81.22022247314453,1208200
2019-04-11,FANG,103.30999755859376,103.37000274658205,99.83999633789062,99.91999816894533,78.13153076171875,3192700
2019-04-11,FANG,103.30999755859376,103.37000274658205,99.83999633789062,99.91999816894533,78.13153076171875,3192700
2019-04-12,FANG,105.0,108.08999633789062,104.5199966430664,106.27999877929688,83.10469055175781,3828700
2019-04-12,FANG,105.0,108.08999633789062,104.5199966430664,106.27999877929688,83.10469055175781,3828700
2019-04-15,FANG,106.6999969482422,108.12999725341795,105.33999633789062,105.95999908447266,82.85447692871094,1716500
2019-04-15,FANG,106.6999969482422,108.12999725341795,105.33999633789062,105.95999908447266,82.85447692871094,1716500
2019-04-16,FANG,106.5500030517578,107.41000366210938,105.4499969482422,106.87000274658205,83.5660400390625,2224300
2019-04-16,FANG,106.5500030517578,107.41000366210938,105.4499969482422,106.87000274658205,83.5660400390625,2224300
2019-04-17,FANG,107.87000274658205,109.47000122070312,107.12999725341795,108.23999786376952,84.6373062133789,1890500
2019-04-17,FANG,107.87000274658205,109.47000122070312,107.12999725341795,108.23999786376952,84.6373062133789,1890500
2019-04-18,FANG,109.20999908447266,109.5,107.22000122070312,107.27999877929688,83.88663482666016,1480600
2019-04-18,FANG,109.20999908447266,109.5,107.22000122070312,107.27999877929688,83.88663482666016,1480600
2019-04-22,FANG,108.81999969482422,111.47000122070312,108.27999877929688,111.1999969482422,86.95182037353516,2347500
2019-04-22,FANG,108.81999969482422,111.47000122070312,108.27999877929688,111.1999969482422,86.95182037353516,2347500
2019-04-23,FANG,111.1999969482422,112.8000030517578,110.13999938964844,111.80999755859376,87.42881774902344,2130300
2019-04-23,FANG,111.1999969482422,112.8000030517578,110.13999938964844,111.80999755859376,87.42881774902344,2130300
2019-04-24,FANG,112.36000061035156,112.97000122070312,110.2300033569336,111.04000091552734,86.82674407958984,2721500
2019-04-24,FANG,112.36000061035156,112.97000122070312,110.2300033569336,111.04000091552734,86.82674407958984,2721500
2019-04-25,FANG,111.12000274658205,111.95999908447266,109.5,109.61000061035156,85.70855712890625,1261700
2019-04-25,FANG,111.12000274658205,111.95999908447266,109.5,109.61000061035156,85.70855712890625,1261700
2019-04-26,FANG,108.69000244140624,108.8000030517578,105.72000122070312,107.20999908447266,83.8318862915039,1817400
2019-04-26,FANG,108.69000244140624,108.8000030517578,105.72000122070312,107.20999908447266,83.8318862915039,1817400
2019-04-29,FANG,107.48999786376952,107.8000030517578,106.12999725341795,106.9000015258789,83.5895004272461,1224400
2019-04-29,FANG,107.48999786376952,107.8000030517578,106.12999725341795,106.9000015258789,83.5895004272461,1224400
2019-04-30,FANG,107.43000030517578,108.30999755859376,105.81999969482422,106.38999938964844,83.19070434570312,1917800
2019-04-30,FANG,107.43000030517578,108.30999755859376,105.81999969482422,106.38999938964844,83.19070434570312,1917800
2019-05-01,FANG,105.69000244140624,105.75,101.25,101.37000274658205,79.2653579711914,2127200
2019-05-01,FANG,105.69000244140624,105.75,101.25,101.37000274658205,79.2653579711914,2127200
2019-05-02,FANG,99.87000274658205,102.13999938964844,99.02999877929688,99.12000274658205,77.5059814453125,1780900
2019-05-02,FANG,99.87000274658205,102.13999938964844,99.02999877929688,99.12000274658205,77.5059814453125,1780900
2019-05-03,FANG,100.0199966430664,101.48999786376952,99.6999969482422,100.47000122070312,78.56159973144531,1697800
2019-05-03,FANG,100.0199966430664,101.48999786376952,99.6999969482422,100.47000122070312,78.56159973144531,1697800
2019-05-06,FANG,98.8499984741211,101.36000061035156,98.77999877929688,100.6999969482422,78.74146270751953,1715300
2019-05-06,FANG,98.8499984741211,101.36000061035156,98.77999877929688,100.6999969482422,78.74146270751953,1715300
2019-05-07,FANG,99.5500030517578,100.1999969482422,95.81999969482422,98.2300033569336,76.81006622314453,2597600
2019-05-07,FANG,99.5500030517578,100.1999969482422,95.81999969482422,98.2300033569336,76.81006622314453,2597600
2019-05-08,FANG,101.48999786376952,108.04000091552734,101.48999786376952,105.8499984741211,82.76844024658203,4557800
2019-05-08,FANG,101.48999786376952,108.04000091552734,101.48999786376952,105.8499984741211,82.76844024658203,4557800
2019-05-09,FANG,104.95999908447266,109.61000061035156,104.5999984741211,108.23999786376952,84.6373062133789,3515200
2019-05-09,FANG,104.95999908447266,109.61000061035156,104.5999984741211,108.23999786376952,84.6373062133789,3515200
2019-05-10,FANG,108.04000091552734,108.88999938964844,106.62999725341795,107.88999938964844,84.3636245727539,2279900
2019-05-10,FANG,108.04000091552734,108.88999938964844,106.62999725341795,107.88999938964844,84.3636245727539,2279900
2019-05-13,FANG,107.12000274658205,108.93000030517578,105.70999908447266,107.1999969482422,83.82408905029297,1587100
2019-05-13,FANG,107.12000274658205,108.93000030517578,105.70999908447266,107.1999969482422,83.82408905029297,1587100
2019-05-14,FANG,107.73999786376952,109.56999969482422,107.66999816894533,109.11000061035156,85.31758880615234,1661700
2019-05-14,FANG,107.73999786376952,109.56999969482422,107.66999816894533,109.11000061035156,85.31758880615234,1661700
2019-05-15,FANG,107.69000244140624,110.43000030517578,107.43000030517578,109.05999755859376,85.27848815917969,1416400
2019-05-15,FANG,107.69000244140624,110.43000030517578,107.43000030517578,109.05999755859376,85.27848815917969,1416400
2019-05-16,FANG,109.9499969482422,111.02999877929688,109.7699966430664,110.62999725341795,86.50613403320312,1044500
2019-05-16,FANG,109.9499969482422,111.02999877929688,109.7699966430664,110.62999725341795,86.50613403320312,1044500
2019-05-17,FANG,109.76000213623048,111.43000030517578,109.76000213623048,111.0199966430664,86.81108856201172,1281200
2019-05-17,FANG,109.76000213623048,111.43000030517578,109.76000213623048,111.0199966430664,86.81108856201172,1281200
2019-05-20,FANG,110.68000030517578,111.22000122070312,109.31999969482422,109.66000366210938,85.74763488769531,1390900
2019-05-20,FANG,110.68000030517578,111.22000122070312,109.31999969482422,109.66000366210938,85.74763488769531,1390900
2019-05-21,FANG,110.9000015258789,114.13999938964844,110.75,113.8000030517578,88.98491668701172,2239300
2019-05-21,FANG,110.9000015258789,114.13999938964844,110.75,113.8000030517578,88.98491668701172,2239300
2019-05-22,FANG,112.98999786376952,113.27999877929688,108.83999633789062,108.87999725341795,85.13772583007812,1444400
2019-05-22,FANG,112.98999786376952,113.27999877929688,108.83999633789062,108.87999725341795,85.13772583007812,1444400
2019-05-23,FANG,106.66999816894533,106.66999816894533,101.7699966430664,104.02999877929688,81.3453140258789,2143600
2019-05-23,FANG,106.66999816894533,106.66999816894533,101.7699966430664,104.02999877929688,81.3453140258789,2143600
2019-05-24,FANG,104.91999816894533,105.69000244140624,101.63999938964844,104.11000061035156,81.55525970458984,1389000
2019-05-24,FANG,104.91999816894533,105.69000244140624,101.63999938964844,104.11000061035156,81.55525970458984,1389000
2019-05-28,FANG,104.38999938964844,104.87000274658205,102.7300033569336,103.5199966430664,81.09307098388672,1428900
2019-05-28,FANG,104.38999938964844,104.87000274658205,102.7300033569336,103.5199966430664,81.09307098388672,1428900
2019-05-29,FANG,101.62999725341795,102.37000274658205,100.08999633789062,101.30999755859376,79.36186981201172,2679600
2019-05-29,FANG,101.62999725341795,102.37000274658205,100.08999633789062,101.30999755859376,79.36186981201172,2679600
2019-05-30,FANG,101.44000244140624,102.73999786376952,99.9000015258789,100.3499984741211,78.60983276367188,1645400
2019-05-30,FANG,101.44000244140624,102.73999786376952,99.9000015258789,100.3499984741211,78.60983276367188,1645400
2019-05-31,FANG,98.33000183105467,100.23999786376952,97.61000061035156,98.05999755859376,76.81594848632812,1900500
2019-05-31,FANG,98.33000183105467,100.23999786376952,97.61000061035156,98.05999755859376,76.81594848632812,1900500
2019-06-03,FANG,98.70999908447266,99.62999725341795,97.27999877929688,98.16999816894533,76.9021224975586,1950100
2019-06-03,FANG,98.70999908447266,99.62999725341795,97.27999877929688,98.16999816894533,76.9021224975586,1950100
2019-06-04,FANG,99.3000030517578,99.9499969482422,97.16999816894533,99.12999725341795,77.6541519165039,1769100
2019-06-04,FANG,99.3000030517578,99.9499969482422,97.16999816894533,99.12999725341795,77.6541519165039,1769100
2019-06-05,FANG,99.05999755859376,99.77999877929688,94.4499969482422,96.12000274658205,75.29625701904297,2088700
2019-06-05,FANG,99.05999755859376,99.77999877929688,94.4499969482422,96.12000274658205,75.29625701904297,2088700
2019-06-06,FANG,96.20999908447266,97.98999786376952,95.91000366210938,97.58000183105467,76.43994140625,1450800
2019-06-06,FANG,96.20999908447266,97.98999786376952,95.91000366210938,97.58000183105467,76.43994140625,1450800
2019-06-07,FANG,96.94000244140624,98.70999908447266,96.7699966430664,97.0199966430664,76.00126647949219,1674000
2019-06-07,FANG,96.94000244140624,98.70999908447266,96.7699966430664,97.0199966430664,76.00126647949219,1674000
2019-06-10,FANG,97.6999969482422,98.56999969482422,96.44000244140624,97.5999984741211,76.45560455322266,1750900
2019-06-10,FANG,97.6999969482422,98.56999969482422,96.44000244140624,97.5999984741211,76.45560455322266,1750900
2019-06-11,FANG,98.63999938964844,100.97000122070312,98.02999877929688,99.76000213623048,78.14766693115234,1516200
2019-06-11,FANG,98.63999938964844,100.97000122070312,98.02999877929688,99.76000213623048,78.14766693115234,1516200
2019-06-12,FANG,98.2699966430664,100.1999969482422,97.83000183105467,98.20999908447266,76.9334487915039,1551700
2019-06-12,FANG,98.2699966430664,100.1999969482422,97.83000183105467,98.20999908447266,76.9334487915039,1551700
2019-06-13,FANG,100.30999755859376,101.58000183105467,99.52999877929688,100.16999816894533,78.46883392333984,1079900
2019-06-13,FANG,100.30999755859376,101.58000183105467,99.52999877929688,100.16999816894533,78.46883392333984,1079900
2019-06-14,FANG,100.43000030517578,101.31999969482422,98.22000122070312,98.9499969482422,77.51315307617188,1093000
2019-06-14,FANG,100.43000030517578,101.31999969482422,98.22000122070312,98.9499969482422,77.51315307617188,1093000
2019-06-17,FANG,98.43000030517578,102.2300033569336,98.1999969482422,101.58000183105467,79.57337951660156,1256400
2019-06-17,FANG,98.43000030517578,102.2300033569336,98.1999969482422,101.58000183105467,79.57337951660156,1256400
2019-06-18,FANG,102.25,105.45999908447266,102.25,104.54000091552734,81.8921127319336,1416700
2019-06-18,FANG,102.25,105.45999908447266,102.25,104.54000091552734,81.8921127319336,1416700
2019-06-19,FANG,104.0999984741211,105.4000015258789,102.81999969482422,104.12000274658205,81.56311798095703,1205700
2019-06-19,FANG,104.0999984741211,105.4000015258789,102.81999969482422,104.12000274658205,81.56311798095703,1205700
2019-06-20,FANG,106.80999755859376,108.19000244140624,105.56999969482422,107.58999633789062,84.28135681152344,1871900
2019-06-20,FANG,106.80999755859376,108.19000244140624,105.56999969482422,107.58999633789062,84.28135681152344,1871900
2019-06-21,FANG,107.9800033569336,109.9800033569336,107.11000061035156,109.79000091552734,86.00472259521484,2484200
2019-06-21,FANG,107.9800033569336,109.9800033569336,107.11000061035156,109.79000091552734,86.00472259521484,2484200
2019-06-24,FANG,109.91999816894533,110.2300033569336,107.08000183105467,107.63999938964844,84.32051086425781,1380200
2019-06-24,FANG,109.91999816894533,110.2300033569336,107.08000183105467,107.63999938964844,84.32051086425781,1380200
2019-06-25,FANG,107.1500015258789,107.80999755859376,105.0500030517578,105.22000122070312,82.42478942871094,1302600
2019-06-25,FANG,107.1500015258789,107.80999755859376,105.0500030517578,105.22000122070312,82.42478942871094,1302600
2019-06-26,FANG,106.62000274658205,109.02999877929688,105.5500030517578,107.2300033569336,83.99930572509766,1645400
2019-06-26,FANG,106.62000274658205,109.02999877929688,105.5500030517578,107.2300033569336,83.99930572509766,1645400
2019-06-27,FANG,107.5999984741211,108.94000244140624,107.36000061035156,107.48999786376952,84.2030029296875,1005600
2019-06-27,FANG,107.5999984741211,108.94000244140624,107.36000061035156,107.48999786376952,84.2030029296875,1005600
2019-06-28,FANG,108.4499969482422,109.5500030517578,107.94000244140624,108.97000122070312,85.36238861083984,1633900
2019-06-28,FANG,108.4499969482422,109.5500030517578,107.94000244140624,108.97000122070312,85.36238861083984,1633900
2019-07-01,FANG,111.0500030517578,111.1500015258789,108.16999816894533,109.3499984741211,85.6600341796875,1467900
2019-07-01,FANG,111.0500030517578,111.1500015258789,108.16999816894533,109.3499984741211,85.6600341796875,1467900
2019-07-02,FANG,109.29000091552734,109.3000030517578,103.95999908447266,104.16999816894533,81.60226440429688,1834000
2019-07-02,FANG,109.29000091552734,109.3000030517578,103.95999908447266,104.16999816894533,81.60226440429688,1834000
2019-07-03,FANG,104.51000213623048,105.2300033569336,103.94000244140624,105.1999969482422,82.40912628173828,584800
2019-07-03,FANG,104.51000213623048,105.2300033569336,103.94000244140624,105.1999969482422,82.40912628173828,584800
2019-07-05,FANG,106.0199966430664,108.66000366210938,106.0,107.41000366210938,84.14035034179688,1355900
2019-07-05,FANG,106.0199966430664,108.66000366210938,106.0,107.41000366210938,84.14035034179688,1355900
2019-07-08,FANG,106.88999938964844,108.20999908447266,105.72000122070312,106.95999908447266,83.78782653808594,804200
2019-07-08,FANG,106.88999938964844,108.20999908447266,105.72000122070312,106.95999908447266,83.78782653808594,804200
2019-07-09,FANG,106.4800033569336,107.0,105.12999725341795,106.97000122070312,83.79566192626953,1006300
2019-07-09,FANG,106.4800033569336,107.0,105.12999725341795,106.97000122070312,83.79566192626953,1006300
2019-07-10,FANG,108.4800033569336,110.38999938964844,107.7300033569336,109.68000030517578,85.9185562133789,1097200
2019-07-10,FANG,108.4800033569336,110.38999938964844,107.7300033569336,109.68000030517578,85.9185562133789,1097200
2019-07-11,FANG,109.58000183105467,109.76000213623048,107.7300033569336,109.31999969482422,85.63655090332031,1230900
2019-07-11,FANG,109.58000183105467,109.76000213623048,107.7300033569336,109.31999969482422,85.63655090332031,1230900
2019-07-12,FANG,109.8000030517578,111.83999633789062,109.72000122070312,110.83000183105467,86.81941986083984,1243600
2019-07-12,FANG,109.8000030517578,111.83999633789062,109.72000122070312,110.83000183105467,86.81941986083984,1243600
2019-07-15,FANG,110.81999969482422,111.23999786376952,106.3499984741211,106.41000366210938,83.35698699951172,1075200
2019-07-15,FANG,110.81999969482422,111.23999786376952,106.3499984741211,106.41000366210938,83.35698699951172,1075200
2019-07-16,FANG,106.54000091552734,107.4499969482422,102.83999633789062,104.11000061035156,81.55525970458984,1652000
2019-07-16,FANG,106.54000091552734,107.4499969482422,102.83999633789062,104.11000061035156,81.55525970458984,1652000
2019-07-17,FANG,103.8000030517578,104.9499969482422,101.70999908447266,101.79000091552734,79.73788452148438,1230500
2019-07-17,FANG,103.8000030517578,104.9499969482422,101.70999908447266,101.79000091552734,79.73788452148438,1230500
2019-07-18,FANG,101.97000122070312,103.62999725341795,101.0199966430664,103.58000183105467,81.14007568359375,1418600
2019-07-18,FANG,101.97000122070312,103.62999725341795,101.0199966430664,103.58000183105467,81.14007568359375,1418600
2019-07-19,FANG,103.86000061035156,105.06999969482422,103.04000091552734,104.61000061035156,81.94694519042969,1141900
2019-07-19,FANG,103.86000061035156,105.06999969482422,103.04000091552734,104.61000061035156,81.94694519042969,1141900
2019-07-22,FANG,104.55999755859376,106.5,103.37000274658205,103.48999786376952,81.069580078125,981600
2019-07-22,FANG,104.55999755859376,106.5,103.37000274658205,103.48999786376952,81.069580078125,981600
2019-07-23,FANG,103.77999877929688,104.81999969482422,103.23999786376952,104.44000244140624,81.81377410888672,738900
2019-07-23,FANG,103.77999877929688,104.81999969482422,103.23999786376952,104.44000244140624,81.81377410888672,738900
2019-07-24,FANG,103.87000274658205,106.33999633789062,103.87000274658205,104.4499969482422,81.82160186767578,802700
2019-07-24,FANG,103.87000274658205,106.33999633789062,103.87000274658205,104.4499969482422,81.82160186767578,802700
2019-07-25,FANG,104.54000091552734,104.91000366210938,100.68000030517578,101.4000015258789,79.43238067626953,1127400
2019-07-25,FANG,104.54000091552734,104.91000366210938,100.68000030517578,101.4000015258789,79.43238067626953,1127400
2019-07-26,FANG,101.68000030517578,102.48999786376952,100.2699966430664,101.98999786376952,79.89453887939453,1005500
2019-07-26,FANG,101.68000030517578,102.48999786376952,100.2699966430664,101.98999786376952,79.89453887939453,1005500
2019-07-29,FANG,101.81999969482422,102.08999633789062,99.04000091552734,99.7300033569336,78.1241455078125,1186300
2019-07-29,FANG,101.81999969482422,102.08999633789062,99.04000091552734,99.7300033569336,78.1241455078125,1186300
2019-07-30,FANG,99.25,103.27999877929688,98.91999816894533,102.83000183105467,80.55258178710938,1311900
2019-07-30,FANG,99.25,103.27999877929688,98.91999816894533,102.83000183105467,80.55258178710938,1311900
2019-07-31,FANG,102.48999786376952,104.98999786376952,102.0999984741211,103.43000030517578,81.02259063720703,1473000
2019-07-31,FANG,102.48999786376952,104.98999786376952,102.0999984741211,103.43000030517578,81.02259063720703,1473000
2019-08-01,FANG,99.6999969482422,100.16999816894533,95.02999877929688,97.4000015258789,76.2989501953125,4983800
2019-08-01,FANG,99.6999969482422,100.16999816894533,95.02999877929688,97.4000015258789,76.2989501953125,4983800
2019-08-02,FANG,97.87000274658205,99.12999725341795,94.83000183105467,97.48999786376952,76.36945343017578,2019200
2019-08-02,FANG,97.87000274658205,99.12999725341795,94.83000183105467,97.48999786376952,76.36945343017578,2019200
2019-08-05,FANG,95.0199966430664,95.48999786376952,91.30999755859376,91.4499969482422,71.63797760009766,2350900
2019-08-05,FANG,95.0199966430664,95.48999786376952,91.30999755859376,91.4499969482422,71.63797760009766,2350900
2019-08-06,FANG,91.8000030517578,93.0,88.79000091552734,91.05999755859376,71.33244323730469,2593600
2019-08-06,FANG,91.8000030517578,93.0,88.79000091552734,91.05999755859376,71.33244323730469,2593600
2019-08-07,FANG,88.0199966430664,93.73999786376952,86.68000030517578,92.73999786376952,72.64849853515625,3916400
2019-08-07,FANG,88.0199966430664,93.73999786376952,86.68000030517578,92.73999786376952,72.64849853515625,3916400
2019-08-08,FANG,94.0500030517578,95.5,93.5,95.1999969482422,74.57555389404297,4293900
2019-08-08,FANG,94.0500030517578,95.5,93.5,95.1999969482422,74.57555389404297,4293900
2019-08-09,FANG,95.33999633789062,98.26000213623048,94.26000213623048,96.41999816894533,75.53125762939453,1676100
2019-08-09,FANG,95.33999633789062,98.26000213623048,94.26000213623048,96.41999816894533,75.53125762939453,1676100
2019-08-12,FANG,96.05999755859376,97.8000030517578,95.2699966430664,96.87999725341795,75.89158630371094,1870000
2019-08-12,FANG,96.05999755859376,97.8000030517578,95.2699966430664,96.87999725341795,75.89158630371094,1870000
2019-08-13,FANG,97.02999877929688,100.75,96.38999938964844,99.94000244140624,78.2886734008789,1796900
2019-08-13,FANG,97.02999877929688,100.75,96.38999938964844,99.94000244140624,78.2886734008789,1796900
2019-08-14,FANG,97.33000183105467,98.0999984741211,96.16000366210938,96.30999755859376,75.44507598876953,1783100
2019-08-14,FANG,97.33000183105467,98.0999984741211,96.16000366210938,96.30999755859376,75.44507598876953,1783100
2019-08-15,FANG,95.66999816894533,97.13999938964844,94.30999755859376,95.80999755859376,75.20018768310547,1531100
2019-08-15,FANG,95.66999816894533,97.13999938964844,94.30999755859376,95.80999755859376,75.20018768310547,1531100
2019-08-16,FANG,95.97000122070312,97.83999633789062,95.58000183105467,97.26000213623048,76.33828735351562,1302500
2019-08-16,FANG,95.97000122070312,97.83999633789062,95.58000183105467,97.26000213623048,76.33828735351562,1302500
2019-08-19,FANG,99.0,100.23999786376952,98.06999969482422,99.95999908447266,78.45746612548828,1109000
2019-08-19,FANG,99.0,100.23999786376952,98.06999969482422,99.95999908447266,78.45746612548828,1109000
2019-08-20,FANG,99.23999786376952,100.5,98.69000244140624,99.27999877929688,77.92375946044922,1034000
2019-08-20,FANG,99.23999786376952,100.5,98.69000244140624,99.27999877929688,77.92375946044922,1034000
2019-08-21,FANG,100.4499969482422,101.5500030517578,99.45999908447266,100.0999984741211,78.56735229492188,961700
2019-08-21,FANG,100.4499969482422,101.5500030517578,99.45999908447266,100.0999984741211,78.56735229492188,961700
2019-08-22,FANG,100.41999816894533,100.6999969482422,99.13999938964844,99.2300033569336,77.88451385498047,905500
2019-08-22,FANG,100.41999816894533,100.6999969482422,99.13999938964844,99.2300033569336,77.88451385498047,905500
2019-08-23,FANG,97.61000061035156,98.63999938964844,94.22000122070312,94.5999984741211,74.25047302246094,1817400
2019-08-23,FANG,97.61000061035156,98.63999938964844,94.22000122070312,94.5999984741211,74.25047302246094,1817400
2019-08-26,FANG,96.58999633789062,96.73999786376952,93.11000061035156,93.5,73.38710021972656,1659800
2019-08-26,FANG,96.58999633789062,96.73999786376952,93.11000061035156,93.5,73.38710021972656,1659800
2019-08-27,FANG,93.8000030517578,94.3499984741211,91.37000274658205,92.37000274658205,72.50016021728516,1528600
2019-08-27,FANG,93.8000030517578,94.3499984741211,91.37000274658205,92.37000274658205,72.50016021728516,1528600
2019-08-28,FANG,93.20999908447266,97.75,92.8499984741211,96.62999725341795,75.84379577636719,1760500
2019-08-28,FANG,93.20999908447266,97.75,92.8499984741211,96.62999725341795,75.84379577636719,1760500
2019-08-29,FANG,97.5,100.0199966430664,97.5,98.58000183105467,77.37433624267578,1333000
2019-08-29,FANG,97.5,100.0199966430664,97.5,98.58000183105467,77.37433624267578,1333000
2019-08-30,FANG,98.77999877929688,99.8000030517578,96.8499984741211,98.08000183105467,76.9819107055664,1703700
2019-08-30,FANG,98.77999877929688,99.8000030517578,96.8499984741211,98.08000183105467,76.9819107055664,1703700
2019-09-03,FANG,95.29000091552734,97.31999969482422,93.86000061035156,97.0,76.13420867919922,1427100
2019-09-03,FANG,95.29000091552734,97.31999969482422,93.86000061035156,97.0,76.13420867919922,1427100
2019-09-04,FANG,98.91999816894533,99.58000183105467,97.73999786376952,97.81999969482422,76.77783203125,1160600
2019-09-04,FANG,98.91999816894533,99.58000183105467,97.73999786376952,97.81999969482422,76.77783203125,1160600
2019-09-05,FANG,98.41000366210938,99.9000015258789,97.55999755859376,97.6500015258789,76.64439392089844,1561800
2019-09-05,FANG,98.41000366210938,99.9000015258789,97.55999755859376,97.6500015258789,76.64439392089844,1561800
2019-09-06,FANG,95.77999877929688,97.0,95.08999633789062,95.5999984741211,75.03536987304688,1623800
2019-09-06,FANG,95.77999877929688,97.0,95.08999633789062,95.5999984741211,75.03536987304688,1623800
2019-09-09,FANG,96.66999816894533,97.61000061035156,95.23999786376952,96.54000091552734,75.77316284179688,2582100
2019-09-09,FANG,96.66999816894533,97.61000061035156,95.23999786376952,96.54000091552734,75.77316284179688,2582100
2019-09-10,FANG,97.3499984741211,101.5,97.01000213623048,99.45999908447266,78.0650405883789,2724600
2019-09-10,FANG,97.3499984741211,101.5,97.01000213623048,99.45999908447266,78.0650405883789,2724600
2019-09-11,FANG,100.0,101.37000274658205,97.79000091552734,98.72000122070312,77.4842300415039,1314200
2019-09-11,FANG,100.0,101.37000274658205,97.79000091552734,98.72000122070312,77.4842300415039,1314200
2019-09-12,FANG,96.48999786376952,97.4499969482422,95.56999969482422,96.16999816894533,75.48274230957031,1575400
2019-09-12,FANG,96.48999786376952,97.4499969482422,95.56999969482422,96.16999816894533,75.48274230957031,1575400
2019-09-13,FANG,96.61000061035156,97.58000183105467,95.52999877929688,96.7300033569336,75.92230224609375,1189600
2019-09-13,FANG,96.61000061035156,97.58000183105467,95.52999877929688,96.7300033569336,75.92230224609375,1189600
2019-09-16,FANG,104.0,105.9499969482422,101.80999755859376,105.04000091552734,82.44474029541016,3985100
2019-09-16,FANG,104.0,105.9499969482422,101.80999755859376,105.04000091552734,82.44474029541016,3985100
2019-09-17,FANG,104.75,105.3000030517578,100.37000274658205,100.4499969482422,78.8420639038086,2406400
2019-09-17,FANG,104.75,105.3000030517578,100.37000274658205,100.4499969482422,78.8420639038086,2406400
2019-09-18,FANG,99.3499984741211,99.5,97.19000244140624,98.25,77.11532592773438,1550000
2019-09-18,FANG,99.3499984741211,99.5,97.19000244140624,98.25,77.11532592773438,1550000
2019-09-19,FANG,99.58999633789062,99.83999633789062,96.94000244140624,97.33000183105467,76.39323425292969,1270700
2019-09-19,FANG,99.58999633789062,99.83999633789062,96.94000244140624,97.33000183105467,76.39323425292969,1270700
2019-09-20,FANG,97.3499984741211,98.19000244140624,95.8000030517578,96.81999969482422,75.99293518066406,3524400
2019-09-20,FANG,97.3499984741211,98.19000244140624,95.8000030517578,96.81999969482422,75.99293518066406,3524400
2019-09-23,FANG,96.6500015258789,99.13999938964844,96.44000244140624,98.29000091552734,77.146728515625,1797800
2019-09-23,FANG,96.6500015258789,99.13999938964844,96.44000244140624,98.29000091552734,77.146728515625,1797800
2019-09-24,FANG,97.5,98.29000091552734,93.58999633789062,94.48999786376952,74.16415405273438,2268100
2019-09-24,FANG,97.5,98.29000091552734,93.58999633789062,94.48999786376952,74.16415405273438,2268100
2019-09-25,FANG,93.5199966430664,93.9000015258789,91.06999969482422,93.23999786376952,73.18303680419922,2199000
2019-09-25,FANG,93.5199966430664,93.9000015258789,91.06999969482422,93.23999786376952,73.18303680419922,2199000
2019-09-26,FANG,92.75,93.0,89.08999633789062,90.12000274658205,70.73416900634766,2467300
2019-09-26,FANG,92.75,93.0,89.08999633789062,90.12000274658205,70.73416900634766,2467300
2019-09-27,FANG,89.0,90.9000015258789,88.9000015258789,89.98999786376953,70.63214874267578,1680800
2019-09-27,FANG,89.0,90.9000015258789,88.9000015258789,89.98999786376953,70.63214874267578,1680800
2019-09-30,FANG,89.80999755859375,90.4000015258789,88.5999984741211,89.91000366210938,70.56935119628906,1125800
2019-09-30,FANG,89.80999755859375,90.4000015258789,88.5999984741211,89.91000366210938,70.56935119628906,1125800
2019-10-01,FANG,88.94999694824219,89.48999786376953,85.0,85.0,66.71556091308594,3069100
2019-10-01,FANG,88.94999694824219,89.48999786376953,85.0,85.0,66.71556091308594,3069100
2019-10-02,FANG,84.6500015258789,85.18000030517578,82.44000244140625,83.12000274658203,65.23995971679688,2013100
2019-10-02,FANG,84.6500015258789,85.18000030517578,82.44000244140625,83.12000274658203,65.23995971679688,2013100
2019-10-03,FANG,82.31999969482422,86.58999633789062,82.31999969482422,85.88999938964844,67.41410827636719,2143400
2019-10-03,FANG,82.31999969482422,86.58999633789062,82.31999969482422,85.88999938964844,67.41410827636719,2143400
2019-10-04,FANG,86.22000122070312,86.69999694824219,83.98999786376953,85.41999816894531,67.04521179199219,1328400
2019-10-04,FANG,86.22000122070312,86.69999694824219,83.98999786376953,85.41999816894531,67.04521179199219,1328400
2019-10-07,FANG,85.36000061035156,85.6500015258789,83.36000061035156,83.37000274658203,65.4361801147461,1750400
2019-10-07,FANG,85.36000061035156,85.6500015258789,83.36000061035156,83.37000274658203,65.4361801147461,1750400
2019-10-08,FANG,82.4800033569336,82.87000274658203,80.7699966430664,80.81999969482422,63.43472290039063,1900200
2019-10-08,FANG,82.4800033569336,82.87000274658203,80.7699966430664,80.81999969482422,63.43472290039063,1900200
2019-10-09,FANG,81.83999633789062,82.38999938964844,80.75,81.55000305175781,64.0076904296875,1582500
2019-10-09,FANG,81.83999633789062,82.38999938964844,80.75,81.55000305175781,64.0076904296875,1582500
2019-10-10,FANG,81.63999938964844,82.80999755859375,81.13999938964844,82.54000091552734,64.78472900390625,1334000
2019-10-10,FANG,81.63999938964844,82.80999755859375,81.13999938964844,82.54000091552734,64.78472900390625,1334000
2019-10-11,FANG,83.48999786376953,84.68000030517578,82.95999908447266,83.63999938964844,65.6480941772461,1397300
2019-10-11,FANG,83.48999786376953,84.68000030517578,82.95999908447266,83.63999938964844,65.6480941772461,1397300
2019-10-14,FANG,82.18000030517578,84.69999694824219,80.93000030517578,83.95999908447266,65.8992691040039,1244200
2019-10-14,FANG,82.18000030517578,84.69999694824219,80.93000030517578,83.95999908447266,65.8992691040039,1244200
2019-10-15,FANG,83.0199966430664,85.94000244140625,82.66000366210938,84.83999633789062,66.5899658203125,2119200
2019-10-15,FANG,83.0199966430664,85.94000244140625,82.66000366210938,84.83999633789062,66.5899658203125,2119200
2019-10-16,FANG,84.04000091552734,85.47000122070312,83.33999633789062,83.43000030517578,65.4832763671875,1516900
2019-10-16,FANG,84.04000091552734,85.47000122070312,83.33999633789062,83.43000030517578,65.4832763671875,1516900
2019-10-17,FANG,83.81999969482422,85.11000061035156,83.1500015258789,84.04000091552734,65.96205139160156,1900500
2019-10-17,FANG,83.81999969482422,85.11000061035156,83.1500015258789,84.04000091552734,65.96205139160156,1900500
2019-10-18,FANG,84.26000213623047,84.87000274658203,81.94000244140625,81.97000122070312,64.33734893798828,1358600
2019-10-18,FANG,84.26000213623047,84.87000274658203,81.94000244140625,81.97000122070312,64.33734893798828,1358600
2019-10-21,FANG,82.25,83.04000091552734,81.69999694824219,82.73999786376953,64.94169616699219,1284200
2019-10-21,FANG,82.25,83.04000091552734,81.69999694824219,82.73999786376953,64.94169616699219,1284200
2019-10-22,FANG,83.30999755859375,87.06999969482422,82.83000183105469,85.69000244140625,67.25714111328125,1218600
2019-10-22,FANG,83.30999755859375,87.06999969482422,82.83000183105469,85.69000244140625,67.25714111328125,1218600
2019-10-23,FANG,85.47000122070312,87.87000274658203,84.13999938964844,87.16000366210938,68.4109115600586,1333500
2019-10-23,FANG,85.47000122070312,87.87000274658203,84.13999938964844,87.16000366210938,68.4109115600586,1333500
2019-10-24,FANG,87.95999908447266,88.4000015258789,86.04000091552734,86.91000366210938,68.21468353271484,1015200
2019-10-24,FANG,87.95999908447266,88.4000015258789,86.04000091552734,86.91000366210938,68.21468353271484,1015200
2019-10-25,FANG,86.83999633789062,88.26000213623047,86.18000030517578,87.45999908447266,68.64636993408203,961600
2019-10-25,FANG,86.83999633789062,88.26000213623047,86.18000030517578,87.45999908447266,68.64636993408203,961600
2019-10-28,FANG,87.9800033569336,88.81999969482422,86.01000213623047,86.5999984741211,67.97137451171875,1213500
2019-10-28,FANG,87.9800033569336,88.81999969482422,86.01000213623047,86.5999984741211,67.97137451171875,1213500
2019-10-29,FANG,85.80000305175781,88.33999633789062,85.43000030517578,87.91999816894531,69.00740814208984,1707800
2019-10-29,FANG,85.80000305175781,88.33999633789062,85.43000030517578,87.91999816894531,69.00740814208984,1707800
2019-10-30,FANG,87.12999725341797,88.23999786376953,84.08999633789062,84.37999725341797,66.22891998291016,1786700
2019-10-30,FANG,87.12999725341797,88.23999786376953,84.08999633789062,84.37999725341797,66.22891998291016,1786700
2019-10-31,FANG,84.0,85.77999877929688,82.83999633789062,85.76000213623047,67.31206512451172,1409000
2019-10-31,FANG,84.0,85.77999877929688,82.83999633789062,85.76000213623047,67.31206512451172,1409000
2019-11-01,FANG,86.54000091552734,87.4000015258789,85.80999755859375,86.79000091552734,68.1205062866211,1491200
2019-11-01,FANG,86.54000091552734,87.4000015258789,85.80999755859375,86.79000091552734,68.1205062866211,1491200
2019-11-04,FANG,88.19000244140625,90.87000274658205,88.01000213623047,90.36000061035156,70.92256927490234,2150000
2019-11-04,FANG,88.19000244140625,90.87000274658205,88.01000213623047,90.36000061035156,70.92256927490234,2150000
2019-11-05,FANG,91.0,92.79000091552734,90.08000183105467,90.2300033569336,70.8205337524414,2512500
2019-11-05,FANG,91.0,92.79000091552734,90.08000183105467,90.2300033569336,70.8205337524414,2512500
2019-11-06,FANG,80.02999877929688,80.69999694824219,76.51000213623047,77.19999694824219,60.59342956542969,13543100
2019-11-06,FANG,80.02999877929688,80.69999694824219,76.51000213623047,77.19999694824219,60.59342956542969,13543100
2019-11-07,FANG,77.75,79.18000030517578,74.55000305175781,75.55999755859375,59.30619430541992,5583200
2019-11-07,FANG,77.75,79.18000030517578,74.55000305175781,75.55999755859375,59.30619430541992,5583200
2019-11-08,FANG,74.8499984741211,76.52999877929688,74.25,75.43000030517578,59.20416641235352,2361000
2019-11-08,FANG,74.8499984741211,76.52999877929688,74.25,75.43000030517578,59.20416641235352,2361000
2019-11-11,FANG,74.22000122070312,77.1500015258789,73.70999908447266,76.77999877929688,60.26375579833984,3207700
2019-11-11,FANG,74.22000122070312,77.1500015258789,73.70999908447266,76.77999877929688,60.26375579833984,3207700
2019-11-12,FANG,77.80999755859375,79.55000305175781,77.0999984741211,78.01000213623047,61.22918319702149,2975600
2019-11-12,FANG,77.80999755859375,79.55000305175781,77.0999984741211,78.01000213623047,61.22918319702149,2975600
2019-11-13,FANG,77.30999755859375,78.54000091552734,76.22000122070312,77.01000213623047,60.44428634643555,2145700
2019-11-13,FANG,77.30999755859375,78.54000091552734,76.22000122070312,77.01000213623047,60.44428634643555,2145700
2019-11-14,FANG,76.86000061035156,78.01000213623047,75.87999725341797,76.29000091552734,60.02569961547852,1589300
2019-11-14,FANG,76.86000061035156,78.01000213623047,75.87999725341797,76.29000091552734,60.02569961547852,1589300
2019-11-15,FANG,76.55000305175781,77.87000274658203,76.08000183105469,77.08999633789062,60.6551399230957,2195500
2019-11-15,FANG,76.55000305175781,77.87000274658203,76.08000183105469,77.08999633789062,60.6551399230957,2195500
2019-11-18,FANG,76.69000244140625,76.70999908447266,75.30000305175781,75.7300033569336,59.5850830078125,1717100
2019-11-18,FANG,76.69000244140625,76.70999908447266,75.30000305175781,75.7300033569336,59.5850830078125,1717100
2019-11-19,FANG,75.12999725341797,75.43000030517578,73.86000061035156,74.19000244140625,58.37340545654297,1618800
2019-11-19,FANG,75.12999725341797,75.43000030517578,73.86000061035156,74.19000244140625,58.37340545654297,1618800
2019-11-20,FANG,74.25,76.18000030517578,73.18000030517578,75.29000091552734,59.23888397216797,1591600
2019-11-20,FANG,74.25,76.18000030517578,73.18000030517578,75.29000091552734,59.23888397216797,1591600
2019-11-21,FANG,75.55000305175781,76.12000274658203,74.1500015258789,75.56999969482422,59.459205627441406,3014900
2019-11-21,FANG,75.55000305175781,76.12000274658203,74.1500015258789,75.56999969482422,59.459205627441406,3014900
2019-11-22,FANG,75.55999755859375,76.58999633789062,74.94000244140625,75.33000183105469,59.27035903930664,1748100
2019-11-22,FANG,75.55999755859375,76.58999633789062,74.94000244140625,75.33000183105469,59.27035903930664,1748100
2019-11-25,FANG,75.04000091552734,77.2300033569336,74.22000122070312,77.12999725341797,60.686614990234375,2119600
2019-11-25,FANG,75.04000091552734,77.2300033569336,74.22000122070312,77.12999725341797,60.686614990234375,2119600
2019-11-26,FANG,77.31999969482422,77.5999984741211,76.06999969482422,77.0999984741211,60.66300582885742,2149300
2019-11-26,FANG,77.31999969482422,77.5999984741211,76.06999969482422,77.0999984741211,60.66300582885742,2149300
2019-11-27,FANG,77.61000061035156,79.0199966430664,76.86000061035156,78.5199966430664,61.78027725219727,1881400
2019-11-27,FANG,77.61000061035156,79.0199966430664,76.86000061035156,78.5199966430664,61.78027725219727,1881400
2019-11-29,FANG,77.48999786376953,78.38999938964844,76.70999908447266,77.33999633789062,60.85184860229492,946200
2019-11-29,FANG,77.48999786376953,78.38999938964844,76.70999908447266,77.33999633789062,60.85184860229492,946200
2019-12-02,FANG,77.58999633789062,78.48999786376953,76.75,77.87999725341797,61.2767333984375,1677200
2019-12-02,FANG,77.58999633789062,78.48999786376953,76.75,77.87999725341797,61.2767333984375,1677200
2019-12-03,FANG,76.87000274658203,77.44000244140625,76.22000122070312,76.91000366210938,60.51352691650391,1800300
2019-12-03,FANG,76.87000274658203,77.44000244140625,76.22000122070312,76.91000366210938,60.51352691650391,1800300
2019-12-04,FANG,77.30999755859375,81.08000183105469,77.16000366210938,80.55999755859375,63.38536834716797,2598900
2019-12-04,FANG,77.30999755859375,81.08000183105469,77.16000366210938,80.55999755859375,63.38536834716797,2598900
2019-12-05,FANG,80.81999969482422,81.5,79.30999755859375,79.94000244140625,62.8975715637207,2013700
2019-12-05,FANG,80.81999969482422,81.5,79.30999755859375,79.94000244140625,62.8975715637207,2013700
2019-12-06,FANG,80.37000274658203,83.5199966430664,80.33000183105469,83.2300033569336,65.48616790771484,2031900
2019-12-06,FANG,80.37000274658203,83.5199966430664,80.33000183105469,83.2300033569336,65.48616790771484,2031900
2019-12-09,FANG,82.61000061035156,84.33999633789062,82.0,83.77999877929688,65.91891479492188,1781600
2019-12-09,FANG,82.61000061035156,84.33999633789062,82.0,83.77999877929688,65.91891479492188,1781600
2019-12-10,FANG,83.86000061035156,84.62000274658203,83.25,83.45999908447266,65.66712188720703,1710000
2019-12-10,FANG,83.86000061035156,84.62000274658203,83.25,83.45999908447266,65.66712188720703,1710000
2019-12-11,FANG,83.66999816894531,84.33000183105469,83.02999877929688,83.83000183105469,65.95824432373047,3193800
2019-12-11,FANG,83.66999816894531,84.33000183105469,83.02999877929688,83.83000183105469,65.95824432373047,3193800
2019-12-12,FANG,83.91000366210938,86.86000061035156,83.83000183105469,86.2699966430664,67.8780517578125,1660500
2019-12-12,FANG,83.91000366210938,86.86000061035156,83.83000183105469,86.2699966430664,67.8780517578125,1660500
2019-12-13,FANG,86.69000244140625,87.75,85.05000305175781,85.08999633789062,66.94961547851562,1272000
2019-12-13,FANG,86.69000244140625,87.75,85.05000305175781,85.08999633789062,66.94961547851562,1272000
2019-12-16,FANG,85.63999938964844,87.91999816894531,85.63999938964844,87.69000244140625,68.9953384399414,2780200
2019-12-16,FANG,85.63999938964844,87.91999816894531,85.63999938964844,87.69000244140625,68.9953384399414,2780200
2019-12-17,FANG,87.81999969482422,88.41000366210938,86.33999633789062,86.61000061035156,68.14558410644531,1904100
2019-12-17,FANG,87.81999969482422,88.41000366210938,86.33999633789062,86.61000061035156,68.14558410644531,1904100
2019-12-18,FANG,86.62999725341797,88.20999908447266,86.61000061035156,87.08000183105469,68.515380859375,1594900
2019-12-18,FANG,86.62999725341797,88.20999908447266,86.61000061035156,87.08000183105469,68.515380859375,1594900
2019-12-19,FANG,87.25,87.91999816894531,86.0199966430664,87.4800033569336,68.8301010131836,2108400
2019-12-19,FANG,87.25,87.91999816894531,86.0199966430664,87.4800033569336,68.8301010131836,2108400
2019-12-20,FANG,88.16999816894531,89.19000244140625,87.16999816894531,88.0199966430664,69.2549819946289,4300900
2019-12-20,FANG,88.16999816894531,89.19000244140625,87.16999816894531,88.0199966430664,69.2549819946289,4300900
2019-12-23,FANG,88.38999938964844,89.44000244140625,88.19999694824219,89.02999877929688,70.0496597290039,1980300
2019-12-23,FANG,88.38999938964844,89.44000244140625,88.19999694824219,89.02999877929688,70.0496597290039,1980300
2019-12-24,FANG,89.26000213623047,90.91999816894533,89.02999877929688,90.18000030517578,70.95447540283203,745300
2019-12-24,FANG,89.26000213623047,90.91999816894533,89.02999877929688,90.18000030517578,70.95447540283203,745300
2019-12-26,FANG,90.4800033569336,92.05999755859376,90.43000030517578,91.30999755859376,71.84358978271484,1466900
2019-12-26,FANG,90.4800033569336,92.05999755859376,90.43000030517578,91.30999755859376,71.84358978271484,1466900
2019-12-27,FANG,91.6999969482422,92.0999984741211,90.5999984741211,90.7699966430664,71.41870880126953,1342400
2019-12-27,FANG,91.6999969482422,92.0999984741211,90.5999984741211,90.7699966430664,71.41870880126953,1342400
2019-12-30,FANG,91.37000274658205,92.12999725341795,90.8499984741211,91.06999969482422,71.6547622680664,1790300
2019-12-30,FANG,91.37000274658205,92.12999725341795,90.8499984741211,91.06999969482422,71.6547622680664,1790300
2019-12-31,FANG,90.7699966430664,93.12000274658205,90.61000061035156,92.86000061035156,73.0631332397461,1101500
2019-12-31,FANG,90.7699966430664,93.12000274658205,90.61000061035156,92.86000061035156,73.0631332397461,1101500
2020-01-02,FANG,93.3499984741211,93.66000366210938,91.48999786376952,92.6500015258789,72.89790344238281,1822000
2020-01-02,FANG,93.3499984741211,93.66000366210938,91.48999786376952,92.6500015258789,72.89790344238281,1822000
2020-01-03,FANG,95.0,95.75,93.43000030517578,94.41000366210938,74.2826919555664,2168500
2020-01-03,FANG,95.0,95.75,93.43000030517578,94.41000366210938,74.2826919555664,2168500
2020-01-06,FANG,95.66000366210938,95.91000366210938,93.97000122070312,94.9000015258789,74.66822814941406,2018200
2020-01-06,FANG,95.66000366210938,95.91000366210938,93.97000122070312,94.9000015258789,74.66822814941406,2018200
2020-01-07,FANG,94.6500015258789,96.54000091552734,94.6500015258789,96.41999816894533,75.86416625976562,2196900
2020-01-07,FANG,94.6500015258789,96.54000091552734,94.6500015258789,96.41999816894533,75.86416625976562,2196900
2020-01-08,FANG,96.4800033569336,96.91999816894533,92.61000061035156,93.33000183105467,73.4329605102539,1991100
2020-01-08,FANG,96.4800033569336,96.91999816894533,92.61000061035156,93.33000183105467,73.4329605102539,1991100
2020-01-09,FANG,93.29000091552734,94.63999938964844,92.02999877929688,94.1500015258789,74.07813262939453,1458900
2020-01-09,FANG,93.29000091552734,94.63999938964844,92.02999877929688,94.1500015258789,74.07813262939453,1458900
2020-01-10,FANG,93.68000030517578,93.68000030517578,91.91000366210938,92.26000213623048,72.59105682373047,1684400
2020-01-10,FANG,93.68000030517578,93.68000030517578,91.91000366210938,92.26000213623048,72.59105682373047,1684400
2020-01-13,FANG,91.98999786376952,92.11000061035156,90.31999969482422,90.4800033569336,71.19054412841797,2451800
2020-01-13,FANG,91.98999786376952,92.11000061035156,90.31999969482422,90.4800033569336,71.19054412841797,2451800
2020-01-14,FANG,90.56999969482422,91.76000213623048,89.91000366210938,91.26000213623048,71.80425262451172,2048500
2020-01-14,FANG,90.56999969482422,91.76000213623048,89.91000366210938,91.26000213623048,71.80425262451172,2048500
2020-01-15,FANG,90.7699966430664,91.72000122070312,89.56999969482422,91.30999755859376,71.84358978271484,1538700
2020-01-15,FANG,90.7699966430664,91.72000122070312,89.56999969482422,91.30999755859376,71.84358978271484,1538700
2020-01-16,FANG,91.70999908447266,92.73999786376952,90.41999816894533,90.73999786376952,71.39510345458984,1586900
2020-01-16,FANG,91.70999908447266,92.73999786376952,90.41999816894533,90.73999786376952,71.39510345458984,1586900
2020-01-17,FANG,90.88999938964844,91.6500015258789,89.30999755859375,89.54000091552734,70.45093536376953,1930400
2020-01-17,FANG,90.88999938964844,91.6500015258789,89.30999755859375,89.54000091552734,70.45093536376953,1930400
2020-01-21,FANG,89.41999816894531,89.68000030517578,87.51000213623047,88.31999969482422,69.49102020263672,2215800
2020-01-21,FANG,89.41999816894531,89.68000030517578,87.51000213623047,88.31999969482422,69.49102020263672,2215800
2020-01-22,FANG,87.87000274658203,88.06999969482422,85.27999877929688,85.44000244140625,67.22500610351562,2112200
2020-01-22,FANG,87.87000274658203,88.06999969482422,85.27999877929688,85.44000244140625,67.22500610351562,2112200
2020-01-23,FANG,84.81999969482422,86.18000030517578,83.01000213623047,84.69999694824219,66.64276885986328,2058300
2020-01-23,FANG,84.81999969482422,86.18000030517578,83.01000213623047,84.69999694824219,66.64276885986328,2058300
2020-01-24,FANG,84.01000213623047,84.01000213623047,81.87000274658203,82.83999633789062,65.17931365966797,1608500
2020-01-24,FANG,84.01000213623047,84.01000213623047,81.87000274658203,82.83999633789062,65.17931365966797,1608500
2020-01-27,FANG,81.23999786376953,81.5,79.16999816894531,79.37000274658203,62.4490852355957,2338600
2020-01-27,FANG,81.23999786376953,81.5,79.16999816894531,79.37000274658203,62.4490852355957,2338600
2020-01-28,FANG,80.25,80.41000366210938,78.70999908447266,79.12000274658203,62.25236892700195,2815100
2020-01-28,FANG,80.25,80.41000366210938,78.70999908447266,79.12000274658203,62.25236892700195,2815100
2020-01-29,FANG,79.94999694824219,80.5,77.5199966430664,77.56999969482422,61.03281784057617,1379400
2020-01-29,FANG,79.94999694824219,80.5,77.5199966430664,77.56999969482422,61.03281784057617,1379400
2020-01-30,FANG,76.26000213623047,77.13999938964844,74.37000274658203,76.48999786376953,60.18305587768555,3936700
2020-01-30,FANG,76.26000213623047,77.13999938964844,74.37000274658203,76.48999786376953,60.18305587768555,3936700
2020-01-31,FANG,75.5,75.81999969482422,73.55000305175781,74.4000015258789,58.53863143920898,2437700
2020-01-31,FANG,75.5,75.81999969482422,73.55000305175781,74.4000015258789,58.53863143920898,2437700
2020-02-03,FANG,74.19999694824219,74.51000213623047,72.51000213623047,73.08000183105469,57.50004959106445,2568400
2020-02-03,FANG,74.19999694824219,74.51000213623047,72.51000213623047,73.08000183105469,57.50004959106445,2568400
2020-02-04,FANG,74.55999755859375,75.16000366210938,72.98999786376953,73.22000122070312,57.61018753051758,2249200
2020-02-04,FANG,74.55999755859375,75.16000366210938,72.98999786376953,73.22000122070312,57.61018753051758,2249200
2020-02-05,FANG,74.94999694824219,78.3499984741211,74.68000030517578,77.4000015258789,60.89906692504883,2996200
2020-02-05,FANG,74.94999694824219,78.3499984741211,74.68000030517578,77.4000015258789,60.89906692504883,2996200
2020-02-06,FANG,77.66999816894531,77.83999633789062,75.72000122070312,76.2300033569336,59.97849655151367,1309600
2020-02-06,FANG,77.66999816894531,77.83999633789062,75.72000122070312,76.2300033569336,59.97849655151367,1309600
2020-02-07,FANG,75.30999755859375,75.68000030517578,73.81999969482422,74.23999786376953,58.412742614746094,1549500
2020-02-07,FANG,75.30999755859375,75.68000030517578,73.81999969482422,74.23999786376953,58.412742614746094,1549500
2020-02-10,FANG,73.27999877929688,73.77999877929688,71.72000122070312,72.0,56.65028381347656,3973100
2020-02-10,FANG,73.27999877929688,73.77999877929688,71.72000122070312,72.0,56.65028381347656,3973100
2020-02-11,FANG,73.12999725341797,73.47000122070312,72.08000183105469,72.51000213623047,57.05157470703125,1898200
2020-02-11,FANG,73.12999725341797,73.47000122070312,72.08000183105469,72.51000213623047,57.05157470703125,1898200
2020-02-12,FANG,72.87000274658203,75.08000183105469,72.87000274658203,74.3499984741211,58.499298095703125,1999300
2020-02-12,FANG,72.87000274658203,75.08000183105469,72.87000274658203,74.3499984741211,58.499298095703125,1999300
2020-02-13,FANG,74.23999786376953,74.93000030517578,73.69999694824219,74.54000091552734,58.64878845214844,2526600
2020-02-13,FANG,74.23999786376953,74.93000030517578,73.69999694824219,74.54000091552734,58.64878845214844,2526600
2020-02-14,FANG,75.0,75.26000213623047,73.91999816894531,74.97000122070312,58.987117767333984,2084200
2020-02-14,FANG,75.0,75.26000213623047,73.91999816894531,74.97000122070312,58.987117767333984,2084200
2020-02-18,FANG,74.51000213623047,75.56999969482422,73.87999725341797,74.55999755859375,58.66450881958008,2282400
2020-02-18,FANG,74.51000213623047,75.56999969482422,73.87999725341797,74.55999755859375,58.66450881958008,2282400
2020-02-19,FANG,77.37000274658203,79.97000122070312,77.19999694824219,79.29000091552734,62.38612365722656,4359300
2020-02-19,FANG,77.37000274658203,79.97000122070312,77.19999694824219,79.29000091552734,62.38612365722656,4359300
2020-02-20,FANG,80.4000015258789,81.58999633789062,78.25,78.4800033569336,61.74884033203125,2429400
2020-02-20,FANG,80.4000015258789,81.58999633789062,78.25,78.4800033569336,61.74884033203125,2429400
2020-02-21,FANG,77.30999755859375,77.30999755859375,75.52999877929688,76.4000015258789,60.112247467041016,2015200
2020-02-21,FANG,77.30999755859375,77.30999755859375,75.52999877929688,76.4000015258789,60.112247467041016,2015200
2020-02-24,FANG,73.19999694824219,73.30999755859375,70.36000061035156,71.08000183105469,55.92642211914063,2522700
2020-02-24,FANG,73.19999694824219,73.30999755859375,70.36000061035156,71.08000183105469,55.92642211914063,2522700
2020-02-25,FANG,71.36000061035156,71.6500015258789,66.38999938964844,67.16000366210938,52.84214019775391,3401300
2020-02-25,FANG,71.36000061035156,71.6500015258789,66.38999938964844,67.16000366210938,52.84214019775391,3401300
2020-02-26,FANG,67.20999908447266,67.70999908447266,63.09000015258789,63.13999938964844,49.67915725708008,3366500
2020-02-26,FANG,67.20999908447266,67.70999908447266,63.09000015258789,63.13999938964844,49.67915725708008,3366500
2020-02-27,FANG,60.43000030517578,62.52999877929688,57.630001068115234,59.47999954223633,46.799434661865234,4306000
2020-02-27,FANG,60.43000030517578,62.52999877929688,57.630001068115234,59.47999954223633,46.799434661865234,4306000
2020-02-28,FANG,57.130001068115234,62.130001068115234,57.0,62.0,48.78219223022461,4762200
2020-02-28,FANG,57.130001068115234,62.130001068115234,57.0,62.0,48.78219223022461,4762200
2020-03-02,FANG,62.75,62.77999877929688,59.61000061035156,62.13999938964844,49.18986511230469,3284100
2020-03-02,FANG,62.75,62.77999877929688,59.61000061035156,62.13999938964844,49.18986511230469,3284100
2020-03-03,FANG,62.09999847412109,64.23999786376953,61.060001373291016,61.7599983215332,48.88905715942383,3101200
2020-03-03,FANG,62.09999847412109,64.23999786376953,61.060001373291016,61.7599983215332,48.88905715942383,3101200
2020-03-04,FANG,62.47999954223633,62.61000061035156,59.75,61.06999969482422,48.34285354614258,2453500
2020-03-04,FANG,62.47999954223633,62.61000061035156,59.75,61.06999969482422,48.34285354614258,2453500
2020-03-05,FANG,60.150001525878906,60.2599983215332,57.16999816894531,58.209999084472656,46.07888412475586,2460900
2020-03-05,FANG,60.150001525878906,60.2599983215332,57.16999816894531,58.209999084472656,46.07888412475586,2460900
2020-03-06,FANG,55.54999923706055,55.93000030517578,47.5,48.560001373291016,38.439979553222656,6880600
2020-03-06,FANG,55.54999923706055,55.93000030517578,47.5,48.560001373291016,38.439979553222656,6880600
2020-03-09,FANG,29.059999465942383,29.5,23.3700008392334,26.8799991607666,21.27813720703125,19434300
2020-03-09,FANG,29.059999465942383,29.5,23.3700008392334,26.8799991607666,21.27813720703125,19434300
2020-03-10,FANG,30.0,31.8799991607666,25.989999771118164,29.68000030517578,23.494609832763672,11259800
2020-03-10,FANG,30.0,31.8799991607666,25.989999771118164,29.68000030517578,23.494609832763672,11259800
2020-03-11,FANG,28.309999465942383,28.309999465942383,25.01000022888184,26.200000762939453,20.739850997924805,7510100
2020-03-11,FANG,28.309999465942383,28.309999465942383,25.01000022888184,26.200000762939453,20.739850997924805,7510100
2020-03-12,FANG,23.65999984741211,26.489999771118164,22.559999465942383,25.6200008392334,20.28072929382324,7646900
2020-03-12,FANG,23.65999984741211,26.489999771118164,22.559999465942383,25.6200008392334,20.28072929382324,7646900
2020-03-13,FANG,27.8700008392334,28.18000030517578,25.350000381469727,27.190000534057617,21.523536682128903,6709900
2020-03-13,FANG,27.8700008392334,28.18000030517578,25.350000381469727,27.190000534057617,21.523536682128903,6709900
2020-03-16,FANG,22.82999992370605,27.280000686645508,20.239999771118164,23.489999771118164,18.59462547302246,5636300
2020-03-16,FANG,22.82999992370605,27.280000686645508,20.239999771118164,23.489999771118164,18.59462547302246,5636300
2020-03-17,FANG,23.68000030517578,24.0,19.920000076293945,20.229999542236328,16.01401710510254,6335400
2020-03-17,FANG,23.68000030517578,24.0,19.920000076293945,20.229999542236328,16.01401710510254,6335400
2020-03-18,FANG,18.3799991607666,18.90999984741211,14.550000190734863,15.5600004196167,12.317255973815918,7658200
2020-03-18,FANG,18.3799991607666,18.90999984741211,14.550000190734863,15.5600004196167,12.317255973815918,7658200
2020-03-19,FANG,15.880000114440918,19.36000061035156,15.270000457763672,18.690000534057617,14.79495620727539,7577400
2020-03-19,FANG,15.880000114440918,19.36000061035156,15.270000457763672,18.690000534057617,14.79495620727539,7577400
2020-03-20,FANG,19.34000015258789,20.809999465942383,17.510000228881836,18.59000015258789,14.715800285339355,8186000
2020-03-20,FANG,19.34000015258789,20.809999465942383,17.510000228881836,18.59000015258789,14.715800285339355,8186000
2020-03-23,FANG,18.690000534057617,21.489999771118164,17.489999771118164,20.3700008392334,16.124841690063477,6731200
2020-03-23,FANG,18.690000534057617,21.489999771118164,17.489999771118164,20.3700008392334,16.124841690063477,6731200
2020-03-24,FANG,22.25,24.68000030517578,22.07999992370605,24.1200008392334,19.09333229064941,6282000
2020-03-24,FANG,22.25,24.68000030517578,22.07999992370605,24.1200008392334,19.09333229064941,6282000
2020-03-25,FANG,24.600000381469727,25.96999931335449,22.170000076293945,24.170000076293945,19.132909774780277,5472600
2020-03-25,FANG,24.600000381469727,25.96999931335449,22.170000076293945,24.170000076293945,19.132909774780277,5472600
2020-03-26,FANG,24.15999984741211,26.81999969482422,23.96999931335449,25.950000762939453,20.541955947875977,5156700
2020-03-26,FANG,24.15999984741211,26.81999969482422,23.96999931335449,25.950000762939453,20.541955947875977,5156700
2020-03-27,FANG,24.780000686645508,24.82999992370605,23.299999237060547,23.8700008392334,18.89543342590332,3532600
2020-03-27,FANG,24.780000686645508,24.82999992370605,23.299999237060547,23.8700008392334,18.89543342590332,3532600
2020-03-30,FANG,22.76000022888184,23.88999938964844,22.0,23.59000015258789,18.67378807067871,4627000
2020-03-30,FANG,22.76000022888184,23.88999938964844,22.0,23.59000015258789,18.67378807067871,4627000
2020-03-31,FANG,24.6299991607666,27.280000686645508,24.32999992370605,26.200000762939453,20.739850997924805,5978800
2020-03-31,FANG,24.6299991607666,27.280000686645508,24.32999992370605,26.200000762939453,20.739850997924805,5978800
2020-04-01,FANG,25.190000534057617,25.6200008392334,23.700000762939453,25.06999969482422,19.845348358154297,5043300
2020-04-01,FANG,25.190000534057617,25.6200008392334,23.700000762939453,25.06999969482422,19.845348358154297,5043300
2020-04-02,FANG,26.59000015258789,33.18000030517578,26.440000534057617,29.049999237060547,22.995908737182617,10438900
2020-04-02,FANG,26.59000015258789,33.18000030517578,26.440000534057617,29.049999237060547,22.995908737182617,10438900
2020-04-03,FANG,31.21999931335449,32.880001068115234,27.790000915527344,31.59000015258789,25.006563186645508,9649600
2020-04-03,FANG,31.21999931335449,32.880001068115234,27.790000915527344,31.59000015258789,25.006563186645508,9649600
2020-04-06,FANG,32.20000076293945,32.4900016784668,29.6299991607666,32.099998474121094,25.410276412963867,5645200
2020-04-06,FANG,32.20000076293945,32.4900016784668,29.6299991607666,32.099998474121094,25.410276412963867,5645200
2020-04-07,FANG,33.650001525878906,38.09999847412109,32.47999954223633,33.0099983215332,26.13062858581543,6543400
2020-04-07,FANG,33.650001525878906,38.09999847412109,32.47999954223633,33.0099983215332,26.13062858581543,6543400
2020-04-08,FANG,34.25,37.65999984741211,33.66999816894531,37.47999954223633,29.6690731048584,5067400
2020-04-08,FANG,34.25,37.65999984741211,33.66999816894531,37.47999954223633,29.6690731048584,5067400
2020-04-09,FANG,40.380001068115234,41.0,33.22999954223633,34.86000061035156,27.5950870513916,8914200
2020-04-09,FANG,40.380001068115234,41.0,33.22999954223633,34.86000061035156,27.5950870513916,8914200
2020-04-13,FANG,36.95000076293945,37.18999862670898,32.720001220703125,33.08000183105469,26.18604850769043,5231200
2020-04-13,FANG,36.95000076293945,37.18999862670898,32.720001220703125,33.08000183105469,26.18604850769043,5231200
2020-04-14,FANG,32.790000915527344,33.869998931884766,31.100000381469727,31.649999618530277,25.05405807495117,5110200
2020-04-14,FANG,32.790000915527344,33.869998931884766,31.100000381469727,31.649999618530277,25.05405807495117,5110200
2020-04-15,FANG,29.479999542236328,30.479999542236328,28.600000381469727,30.229999542236328,23.929994583129883,5506700
2020-04-15,FANG,29.479999542236328,30.479999542236328,28.600000381469727,30.229999542236328,23.929994583129883,5506700
2020-04-16,FANG,30.489999771118164,30.5,27.459999084472656,28.030000686645508,22.188480377197266,5225200
2020-04-16,FANG,30.489999771118164,30.5,27.459999084472656,28.030000686645508,22.188480377197266,5225200
2020-04-17,FANG,28.3799991607666,31.57999992370605,28.270000457763672,31.520000457763672,24.951152801513672,5523300
2020-04-17,FANG,28.3799991607666,31.57999992370605,28.270000457763672,31.520000457763672,24.951152801513672,5523300
2020-04-20,FANG,29.0,32.47999954223633,28.549999237060547,30.86000061035156,24.428699493408203,4717700
2020-04-20,FANG,29.0,32.47999954223633,28.549999237060547,30.86000061035156,24.428699493408203,4717700
2020-04-21,FANG,29.46999931335449,31.540000915527344,29.149999618530277,31.399999618530277,24.856163024902344,4822500
2020-04-21,FANG,29.46999931335449,31.540000915527344,29.149999618530277,31.399999618530277,24.856163024902344,4822500
2020-04-22,FANG,33.20000076293945,34.650001525878906,32.97999954223633,34.2400016784668,27.10429573059082,4612900
2020-04-22,FANG,33.20000076293945,34.650001525878906,32.97999954223633,34.2400016784668,27.10429573059082,4612900
2020-04-23,FANG,35.45000076293945,37.83000183105469,34.849998474121094,37.09999847412109,29.368263244628903,5175800
2020-04-23,FANG,35.45000076293945,37.83000183105469,34.849998474121094,37.09999847412109,29.368263244628903,5175800
2020-04-24,FANG,37.880001068115234,39.4900016784668,35.15999984741211,35.779998779296875,28.323354721069336,5357000
2020-04-24,FANG,37.880001068115234,39.4900016784668,35.15999984741211,35.779998779296875,28.323354721069336,5357000
2020-04-27,FANG,34.81999969482422,36.75,33.119998931884766,36.220001220703125,28.67166328430176,3587000
2020-04-27,FANG,34.81999969482422,36.75,33.119998931884766,36.220001220703125,28.67166328430176,3587000
2020-04-28,FANG,37.63999938964844,38.290000915527344,35.79999923706055,38.0,30.080698013305664,4282800
2020-04-28,FANG,37.63999938964844,38.290000915527344,35.79999923706055,38.0,30.080698013305664,4282800
2020-04-29,FANG,40.040000915527344,44.25,39.630001068115234,44.18999862670898,34.98069381713867,5239400
2020-04-29,FANG,40.040000915527344,44.25,39.630001068115234,44.18999862670898,34.98069381713867,5239400
2020-04-30,FANG,44.18999862670898,44.650001525878906,40.83000183105469,43.540000915527344,34.46615982055664,5484800
2020-04-30,FANG,44.18999862670898,44.650001525878906,40.83000183105469,43.540000915527344,34.46615982055664,5484800
2020-05-01,FANG,42.11000061035156,42.72999954223633,38.959999084472656,40.27999877929688,31.885541915893555,3825500
2020-05-01,FANG,42.11000061035156,42.72999954223633,38.959999084472656,40.27999877929688,31.885541915893555,3825500
2020-05-04,FANG,38.84000015258789,42.54999923706055,38.27999877929688,42.52000045776367,33.65872573852539,3596000
2020-05-04,FANG,38.84000015258789,42.54999923706055,38.27999877929688,42.52000045776367,33.65872573852539,3596000
2020-05-05,FANG,45.540000915527344,45.880001068115234,39.83000183105469,40.33000183105469,31.925127029418945,5252200
2020-05-05,FANG,45.540000915527344,45.880001068115234,39.83000183105469,40.33000183105469,31.925127029418945,5252200
2020-05-06,FANG,40.54999923706055,41.77000045776367,38.900001525878906,38.91999816894531,30.80896759033203,2879900
2020-05-06,FANG,40.54999923706055,41.77000045776367,38.900001525878906,38.91999816894531,30.80896759033203,2879900
2020-05-07,FANG,40.2400016784668,41.65999984741211,39.7599983215332,40.369998931884766,31.956789016723636,2376700
2020-05-07,FANG,40.2400016784668,41.65999984741211,39.7599983215332,40.369998931884766,31.956789016723636,2376700
2020-05-08,FANG,41.560001373291016,42.4900016784668,40.70000076293945,42.08000183105469,33.3104248046875,2804900
2020-05-08,FANG,41.560001373291016,42.4900016784668,40.70000076293945,42.08000183105469,33.3104248046875,2804900
2020-05-11,FANG,41.88999938964844,42.5,40.91999816894531,41.02000045776367,32.4713249206543,2340700
2020-05-11,FANG,41.88999938964844,42.5,40.91999816894531,41.02000045776367,32.4713249206543,2340700
2020-05-12,FANG,41.619998931884766,41.900001525878906,40.040000915527344,40.869998931884766,32.35258865356445,2651300
2020-05-12,FANG,41.619998931884766,41.900001525878906,40.040000915527344,40.869998931884766,32.35258865356445,2651300
2020-05-13,FANG,40.13999938964844,40.13999938964844,37.209999084472656,37.790000915527344,30.191482543945312,3626200
2020-05-13,FANG,40.13999938964844,40.13999938964844,37.209999084472656,37.790000915527344,30.191482543945312,3626200
2020-05-14,FANG,37.2599983215332,39.52000045776367,35.810001373291016,38.18000030517578,30.50306701660156,2732800
2020-05-14,FANG,37.2599983215332,39.52000045776367,35.810001373291016,38.18000030517578,30.50306701660156,2732800
2020-05-15,FANG,38.380001068115234,39.77999877929688,38.0099983215332,38.77999877929688,30.98243522644043,2701900
2020-05-15,FANG,38.380001068115234,39.77999877929688,38.0099983215332,38.77999877929688,30.98243522644043,2701900
2020-05-18,FANG,41.709999084472656,43.650001525878906,41.40999984741211,43.43999862670898,34.70542907714844,2908600
2020-05-18,FANG,41.709999084472656,43.650001525878906,41.40999984741211,43.43999862670898,34.70542907714844,2908600
2020-05-19,FANG,43.77000045776367,44.20000076293945,41.81999969482422,41.84000015258789,33.427154541015625,2503800
2020-05-19,FANG,43.77000045776367,44.20000076293945,41.81999969482422,41.84000015258789,33.427154541015625,2503800
2020-05-20,FANG,42.790000915527344,44.02999877929688,42.68000030517578,43.65999984741211,34.88119888305664,2104300
2020-05-20,FANG,42.790000915527344,44.02999877929688,42.68000030517578,43.65999984741211,34.88119888305664,2104300
2020-05-21,FANG,43.630001068115234,44.2400016784668,42.060001373291016,42.88999938964844,34.26601791381836,1616800
2020-05-21,FANG,43.630001068115234,44.2400016784668,42.060001373291016,42.88999938964844,34.26601791381836,1616800
2020-05-22,FANG,42.56999969482422,43.0,41.380001068115234,42.93999862670898,34.30596923828125,1773800
2020-05-22,FANG,42.56999969482422,43.0,41.380001068115234,42.93999862670898,34.30596923828125,1773800
2020-05-26,FANG,44.4900016784668,45.43999862670898,43.77999877929688,44.900001525878906,35.871864318847656,2680900
2020-05-26,FANG,44.4900016784668,45.43999862670898,43.77999877929688,44.900001525878906,35.871864318847656,2680900
2020-05-27,FANG,45.41999816894531,46.18000030517578,42.79999923706055,44.29999923706055,35.39249801635742,2796200
2020-05-27,FANG,45.41999816894531,46.18000030517578,42.79999923706055,44.29999923706055,35.39249801635742,2796200
2020-05-28,FANG,44.59999847412109,44.720001220703125,42.5,43.02000045776367,34.3698844909668,1983000
2020-05-28,FANG,44.59999847412109,44.720001220703125,42.5,43.02000045776367,34.3698844909668,1983000
2020-05-29,FANG,42.59000015258789,43.27000045776367,41.5099983215332,42.58000183105469,34.01835632324219,4327500
2020-05-29,FANG,42.59000015258789,43.27000045776367,41.5099983215332,42.58000183105469,34.01835632324219,4327500
2020-06-01,FANG,42.29999923706055,44.060001373291016,41.380001068115234,43.72999954223633,34.93711853027344,2103300
2020-06-01,FANG,42.29999923706055,44.060001373291016,41.380001068115234,43.72999954223633,34.93711853027344,2103300
2020-06-02,FANG,44.25,45.709999084472656,44.18000030517578,45.61000061035156,36.43911361694336,1941800
2020-06-02,FANG,44.25,45.709999084472656,44.18000030517578,45.61000061035156,36.43911361694336,1941800
2020-06-03,FANG,46.58000183105469,47.81999969482422,45.630001068115234,47.58000183105469,38.012996673583984,2014500
2020-06-03,FANG,46.58000183105469,47.81999969482422,45.630001068115234,47.58000183105469,38.012996673583984,2014500
2020-06-04,FANG,47.29999923706055,48.380001068115234,46.20000076293945,47.68000030517578,38.09288787841797,1697800
2020-06-04,FANG,47.29999923706055,48.380001068115234,46.20000076293945,47.68000030517578,38.09288787841797,1697800
2020-06-05,FANG,51.58000183105469,53.40999984741211,50.59000015258789,52.209999084472656,41.71201705932617,4400900
2020-06-05,FANG,51.58000183105469,53.40999984741211,50.59000015258789,52.209999084472656,41.71201705932617,4400900
2020-06-08,FANG,55.290000915527344,59.88999938964844,54.08000183105469,59.81999969482422,47.79186630249024,4506800
2020-06-08,FANG,55.290000915527344,59.88999938964844,54.08000183105469,59.81999969482422,47.79186630249024,4506800
2020-06-09,FANG,57.25,57.27000045776367,53.29999923706055,53.91999816894531,43.07819747924805,4396800
2020-06-09,FANG,57.25,57.27000045776367,53.29999923706055,53.91999816894531,43.07819747924805,4396800
2020-06-10,FANG,52.43999862670898,53.31999969482422,50.15999984741211,50.16999816894531,40.082218170166016,2612300
2020-06-10,FANG,52.43999862670898,53.31999969482422,50.15999984741211,50.16999816894531,40.082218170166016,2612300
2020-06-11,FANG,44.900001525878906,47.77999877929688,44.22999954223633,44.36000061035156,35.44044876098633,3623300
2020-06-11,FANG,44.900001525878906,47.77999877929688,44.22999954223633,44.36000061035156,35.44044876098633,3623300
2020-06-12,FANG,47.7599983215332,48.72999954223633,44.400001525878906,46.959999084472656,37.51765441894531,2637300
2020-06-12,FANG,47.7599983215332,48.72999954223633,44.400001525878906,46.959999084472656,37.51765441894531,2637300
2020-06-15,FANG,43.880001068115234,49.06999969482422,43.15999984741211,48.119998931884766,38.44441986083984,2998500
2020-06-15,FANG,43.880001068115234,49.06999969482422,43.15999984741211,48.119998931884766,38.44441986083984,2998500
2020-06-16,FANG,51.52000045776367,51.86000061035156,48.040000915527344,49.970001220703125,39.92243194580078,2151500
2020-06-16,FANG,51.52000045776367,51.86000061035156,48.040000915527344,49.970001220703125,39.92243194580078,2151500
2020-06-17,FANG,49.810001373291016,49.84999847412109,46.5,46.54999923706055,37.19009017944336,2263800
2020-06-17,FANG,49.810001373291016,49.84999847412109,46.5,46.54999923706055,37.19009017944336,2263800
2020-06-18,FANG,46.43000030517578,47.970001220703125,45.75,46.59000015258789,37.222049713134766,2401200
2020-06-18,FANG,46.43000030517578,47.970001220703125,45.75,46.59000015258789,37.222049713134766,2401200
2020-06-19,FANG,47.68000030517578,48.20000076293945,45.68999862670898,46.72999954223633,37.33390426635742,5432500
2020-06-19,FANG,47.68000030517578,48.20000076293945,45.68999862670898,46.72999954223633,37.33390426635742,5432500
2020-06-22,FANG,46.84999847412109,46.959999084472656,45.04999923706055,46.09000015258789,36.82258605957031,2671400
2020-06-22,FANG,46.84999847412109,46.959999084472656,45.04999923706055,46.09000015258789,36.82258605957031,2671400
2020-06-23,FANG,47.150001525878906,47.650001525878906,45.959999084472656,46.310001373291016,36.99835586547852,2740100
2020-06-23,FANG,47.150001525878906,47.650001525878906,45.959999084472656,46.310001373291016,36.99835586547852,2740100
2020-06-24,FANG,45.5,45.5,41.75,41.900001525878906,33.47508239746094,4372000
2020-06-24,FANG,45.5,45.5,41.75,41.900001525878906,33.47508239746094,4372000
2020-06-25,FANG,41.77000045776367,43.650001525878906,40.83000183105469,43.619998931884766,34.849239349365234,3468600
2020-06-25,FANG,41.77000045776367,43.650001525878906,40.83000183105469,43.619998931884766,34.849239349365234,3468600
2020-06-26,FANG,42.84999847412109,42.97999954223633,40.45000076293945,41.130001068115234,32.85990524291992,3699000
2020-06-26,FANG,42.84999847412109,42.97999954223633,40.45000076293945,41.130001068115234,32.85990524291992,3699000
2020-06-29,FANG,40.400001525878906,41.88999938964844,39.91999816894531,41.43000030517578,33.09959411621094,2680100
2020-06-29,FANG,40.400001525878906,41.88999938964844,39.91999816894531,41.43000030517578,33.09959411621094,2680100
2020-06-30,FANG,40.790000915527344,42.15999984741211,39.84000015258789,41.81999969482422,33.411163330078125,2632400
2020-06-30,FANG,40.790000915527344,42.15999984741211,39.84000015258789,41.81999969482422,33.411163330078125,2632400
2020-07-01,FANG,42.36000061035156,42.84999847412109,39.52000045776367,39.59999847412109,31.637556076049805,4343000
2020-07-01,FANG,42.36000061035156,42.84999847412109,39.52000045776367,39.59999847412109,31.637556076049805,4343000
2020-07-02,FANG,40.93000030517578,42.540000915527344,40.31999969482422,41.560001373291016,33.20345687866211,3305900
2020-07-02,FANG,40.93000030517578,42.540000915527344,40.31999969482422,41.560001373291016,33.20345687866211,3305900
2020-07-06,FANG,42.66999816894531,43.130001068115234,41.29999923706055,42.880001068115234,34.25802993774414,2497900
2020-07-06,FANG,42.66999816894531,43.130001068115234,41.29999923706055,42.880001068115234,34.25802993774414,2497900
2020-07-07,FANG,41.9900016784668,42.43999862670898,40.11000061035156,40.119998931884766,32.0529899597168,2133100
2020-07-07,FANG,41.9900016784668,42.43999862670898,40.11000061035156,40.119998931884766,32.0529899597168,2133100
2020-07-08,FANG,40.27000045776367,41.06999969482422,39.84000015258789,40.22999954223633,32.14087677001953,2738300
2020-07-08,FANG,40.27000045776367,41.06999969482422,39.84000015258789,40.22999954223633,32.14087677001953,2738300
2020-07-09,FANG,40.04999923706055,40.43999862670898,37.369998931884766,37.5,29.95979881286621,3235300
2020-07-09,FANG,40.04999923706055,40.43999862670898,37.369998931884766,37.5,29.95979881286621,3235300
2020-07-10,FANG,37.369998931884766,39.0,36.90999984741211,38.93000030517578,31.102270126342773,2557200
2020-07-10,FANG,37.369998931884766,39.0,36.90999984741211,38.93000030517578,31.102270126342773,2557200
2020-07-13,FANG,39.11000061035156,39.68999862670898,36.900001525878906,37.09999847412109,29.640226364135746,3915700
2020-07-13,FANG,39.11000061035156,39.68999862670898,36.900001525878906,37.09999847412109,29.640226364135746,3915700
2020-07-14,FANG,37.150001525878906,39.41999816894531,36.79999923706055,39.27999877929688,31.381885528564453,2776800
2020-07-14,FANG,37.150001525878906,39.41999816894531,36.79999923706055,39.27999877929688,31.381885528564453,2776800
2020-07-15,FANG,39.880001068115234,40.20000076293945,38.13999938964844,39.900001525878906,31.877227783203125,3706300
2020-07-15,FANG,39.880001068115234,40.20000076293945,38.13999938964844,39.900001525878906,31.877227783203125,3706300
2020-07-16,FANG,39.08000183105469,40.52999877929688,38.16999816894531,39.5099983215332,31.565637588500977,1651600
2020-07-16,FANG,39.08000183105469,40.52999877929688,38.16999816894531,39.5099983215332,31.565637588500977,1651600
2020-07-17,FANG,39.59000015258789,40.33000183105469,38.68999862670898,39.02000045776367,31.174171447753903,1904100
2020-07-17,FANG,39.59000015258789,40.33000183105469,38.68999862670898,39.02000045776367,31.174171447753903,1904100
2020-07-20,FANG,39.04999923706055,40.11000061035156,38.560001373291016,38.58000183105469,30.82263946533203,1623700
2020-07-20,FANG,39.04999923706055,40.11000061035156,38.560001373291016,38.58000183105469,30.82263946533203,1623700
2020-07-21,FANG,40.22999954223633,42.81999969482422,40.15999984741211,42.11000061035156,33.64285659790039,3450300
2020-07-21,FANG,40.22999954223633,42.81999969482422,40.15999984741211,42.11000061035156,33.64285659790039,3450300
2020-07-22,FANG,41.36000061035156,41.88999938964844,40.369998931884766,41.70000076293945,33.31529235839844,1267800
2020-07-22,FANG,41.36000061035156,41.88999938964844,40.369998931884766,41.70000076293945,33.31529235839844,1267800
2020-07-23,FANG,41.18999862670898,41.88999938964844,40.61000061035156,41.06999969482422,32.81196975708008,1257200
2020-07-23,FANG,41.18999862670898,41.88999938964844,40.61000061035156,41.06999969482422,32.81196975708008,1257200
2020-07-24,FANG,41.380001068115234,41.869998931884766,40.31999969482422,40.72999954223633,32.54032516479492,1026000
2020-07-24,FANG,41.380001068115234,41.869998931884766,40.31999969482422,40.72999954223633,32.54032516479492,1026000
2020-07-27,FANG,41.0,41.09999847412109,39.68999862670898,40.04999923706055,31.997058868408203,1231600
2020-07-27,FANG,41.0,41.09999847412109,39.68999862670898,40.04999923706055,31.997058868408203,1231600
2020-07-28,FANG,39.63999938964844,40.27999877929688,38.7599983215332,38.880001068115234,31.06232261657715,1534200
2020-07-28,FANG,39.63999938964844,40.27999877929688,38.7599983215332,38.880001068115234,31.06232261657715,1534200
2020-07-29,FANG,39.040000915527344,40.81999969482422,38.65999984741211,40.7599983215332,32.564300537109375,1644400
2020-07-29,FANG,39.040000915527344,40.81999969482422,38.65999984741211,40.7599983215332,32.564300537109375,1644400
2020-07-30,FANG,39.369998931884766,39.95000076293945,38.4900016784668,39.5099983215332,31.565637588500977,1717900
2020-07-30,FANG,39.369998931884766,39.95000076293945,38.4900016784668,39.5099983215332,31.565637588500977,1717900
2020-07-31,FANG,39.41999816894531,40.06999969482422,39.119998931884766,39.86000061035156,31.84526824951172,2380400
2020-07-31,FANG,39.41999816894531,40.06999969482422,39.119998931884766,39.86000061035156,31.84526824951172,2380400
2020-08-03,FANG,39.869998931884766,40.63999938964844,38.83000183105469,40.0099983215332,31.965110778808597,2151000
2020-08-03,FANG,39.869998931884766,40.63999938964844,38.83000183105469,40.0099983215332,31.965110778808597,2151000
2020-08-04,FANG,39.77000045776367,41.45000076293945,39.27000045776367,41.06999969482422,32.81196975708008,2728200
2020-08-04,FANG,39.77000045776367,41.45000076293945,39.27000045776367,41.06999969482422,32.81196975708008,2728200
2020-08-05,FANG,42.150001525878906,43.2599983215332,41.02999877929688,41.630001068115234,33.25936508178711,1973900
2020-08-05,FANG,42.150001525878906,43.2599983215332,41.02999877929688,41.630001068115234,33.25936508178711,1973900
2020-08-06,FANG,41.09999847412109,41.70000076293945,40.34999847412109,40.72999954223633,32.54032516479492,1706300
2020-08-06,FANG,41.09999847412109,41.70000076293945,40.34999847412109,40.72999954223633,32.54032516479492,1706300
2020-08-07,FANG,40.290000915527344,42.20000076293945,39.900001525878906,42.0099983215332,33.562957763671875,1584200
2020-08-07,FANG,40.290000915527344,42.20000076293945,39.900001525878906,42.0099983215332,33.562957763671875,1584200
2020-08-10,FANG,42.2599983215332,44.880001068115234,42.2599983215332,44.66999816894531,35.688114166259766,2869300
2020-08-10,FANG,42.2599983215332,44.880001068115234,42.2599983215332,44.66999816894531,35.688114166259766,2869300
2020-08-11,FANG,45.68999862670898,46.95000076293945,44.20000076293945,44.45000076293945,35.51234436035156,2717200
2020-08-11,FANG,45.68999862670898,46.95000076293945,44.20000076293945,44.45000076293945,35.51234436035156,2717200
2020-08-12,FANG,45.11000061035156,45.7599983215332,44.09999847412109,44.56999969482422,35.91117858886719,1702400
2020-08-12,FANG,45.11000061035156,45.7599983215332,44.09999847412109,44.56999969482422,35.91117858886719,1702400
2020-08-13,FANG,44.45000076293945,45.0,43.880001068115234,44.58000183105469,35.91924285888672,1508000
2020-08-13,FANG,44.45000076293945,45.0,43.880001068115234,44.58000183105469,35.91924285888672,1508000
2020-08-14,FANG,44.400001525878906,45.810001373291016,44.09999847412109,45.5099983215332,36.66857147216797,1775400
2020-08-14,FANG,44.400001525878906,45.810001373291016,44.09999847412109,45.5099983215332,36.66857147216797,1775400
2020-08-17,FANG,45.310001373291016,45.79999923706055,44.34999847412109,45.08000183105469,36.32210159301758,1712400
2020-08-17,FANG,45.310001373291016,45.79999923706055,44.34999847412109,45.08000183105469,36.32210159301758,1712400
2020-08-18,FANG,44.63999938964844,45.33000183105469,44.33000183105469,44.4900016784668,35.846736907958984,1604500
2020-08-18,FANG,44.63999938964844,45.33000183105469,44.33000183105469,44.4900016784668,35.846736907958984,1604500
2020-08-19,FANG,44.45000076293945,44.77999877929688,43.20000076293945,43.29999923706055,34.887908935546875,1057500
2020-08-19,FANG,44.45000076293945,44.77999877929688,43.20000076293945,43.29999923706055,34.887908935546875,1057500
2020-08-20,FANG,42.41999816894531,42.810001373291016,40.619998931884766,40.630001068115234,32.73663330078125,2567000
2020-08-20,FANG,42.41999816894531,42.810001373291016,40.619998931884766,40.630001068115234,32.73663330078125,2567000
2020-08-21,FANG,40.0099983215332,40.380001068115234,39.060001373291016,39.209999084472656,31.59249496459961,2582500
2020-08-21,FANG,40.0099983215332,40.380001068115234,39.060001373291016,39.209999084472656,31.59249496459961,2582500
2020-08-24,FANG,39.63999938964844,40.88999938964844,39.150001525878906,40.04999923706055,32.26930236816406,1722200
2020-08-24,FANG,39.63999938964844,40.88999938964844,39.150001525878906,40.04999923706055,32.26930236816406,1722200
2020-08-25,FANG,40.52999877929688,41.2599983215332,40.060001373291016,41.060001373291016,33.083091735839844,1653300
2020-08-25,FANG,40.52999877929688,41.2599983215332,40.060001373291016,41.060001373291016,33.083091735839844,1653300
2020-08-26,FANG,40.97999954223633,41.36000061035156,39.33000183105469,39.38999938964844,31.737531661987305,1318800
2020-08-26,FANG,40.97999954223633,41.36000061035156,39.33000183105469,39.38999938964844,31.737531661987305,1318800
2020-08-27,FANG,39.7400016784668,40.119998931884766,39.15999984741211,39.77000045776367,32.043701171875,1690400
2020-08-27,FANG,39.7400016784668,40.119998931884766,39.15999984741211,39.77000045776367,32.043701171875,1690400
2020-08-28,FANG,39.959999084472656,40.58000183105469,39.619998931884766,40.13999938964844,32.341819763183594,1239000
2020-08-28,FANG,39.959999084472656,40.58000183105469,39.619998931884766,40.13999938964844,32.341819763183594,1239000
2020-08-31,FANG,40.15999984741211,40.20000076293945,38.95000076293945,38.959999084472656,31.39105796813965,1819300
2020-08-31,FANG,40.15999984741211,40.20000076293945,38.95000076293945,38.959999084472656,31.39105796813965,1819300
2020-09-01,FANG,38.79999923706055,39.16999816894531,38.18000030517578,38.47999954223633,31.00431251525879,2169400
2020-09-01,FANG,38.79999923706055,39.16999816894531,38.18000030517578,38.47999954223633,31.00431251525879,2169400
2020-09-02,FANG,38.130001068115234,38.2400016784668,36.25,36.31999969482422,29.26394844055176,4058600
2020-09-02,FANG,38.130001068115234,38.2400016784668,36.25,36.31999969482422,29.26394844055176,4058600
2020-09-03,FANG,36.36000061035156,36.93000030517578,35.47999954223633,35.77000045776367,28.82080078125,3410700
2020-09-03,FANG,36.36000061035156,36.93000030517578,35.47999954223633,35.77000045776367,28.82080078125,3410700
2020-09-04,FANG,36.22999954223633,36.43999862670898,34.97999954223633,35.529998779296875,28.627418518066406,2883800
2020-09-04,FANG,36.22999954223633,36.43999862670898,34.97999954223633,35.529998779296875,28.627418518066406,2883800
2020-09-08,FANG,34.70000076293945,34.84000015258789,31.920000076293945,31.989999771118164,25.77515411376953,3869100
2020-09-08,FANG,34.70000076293945,34.84000015258789,31.920000076293945,31.989999771118164,25.77515411376953,3869100
2020-09-09,FANG,32.61000061035156,32.61000061035156,31.549999237060547,32.189998626708984,25.93630027770996,4372900
2020-09-09,FANG,32.61000061035156,32.61000061035156,31.549999237060547,32.189998626708984,25.93630027770996,4372900
2020-09-10,FANG,32.22999954223633,32.22999954223633,30.07999992370605,30.07999992370605,24.23621940612793,2852300
2020-09-10,FANG,32.22999954223633,32.22999954223633,30.07999992370605,30.07999992370605,24.23621940612793,2852300
2020-09-11,FANG,30.149999618530277,30.489999771118164,29.1200008392334,29.6200008392334,23.865591049194336,3425800
2020-09-11,FANG,30.149999618530277,30.489999771118164,29.1200008392334,29.6200008392334,23.865591049194336,3425800
2020-09-14,FANG,30.25,31.479999542236328,29.75,31.059999465942383,25.025829315185547,3083900
2020-09-14,FANG,30.25,31.479999542236328,29.75,31.059999465942383,25.025829315185547,3083900
2020-09-15,FANG,31.190000534057617,31.71999931335449,30.36000061035156,30.5,24.57462310791016,2517700
2020-09-15,FANG,31.190000534057617,31.71999931335449,30.36000061035156,30.5,24.57462310791016,2517700
2020-09-16,FANG,30.8799991607666,33.880001068115234,30.600000381469727,32.90999984741211,26.51641845703125,3570800
2020-09-16,FANG,30.8799991607666,33.880001068115234,30.600000381469727,32.90999984741211,26.51641845703125,3570800
2020-09-17,FANG,32.060001373291016,33.81999969482422,31.809999465942383,33.790000915527344,27.225461959838867,3290200
2020-09-17,FANG,32.060001373291016,33.81999969482422,31.809999465942383,33.790000915527344,27.225461959838867,3290200
2020-09-18,FANG,33.4900016784668,34.0,32.9900016784668,33.77000045776367,27.209348678588867,4801000
2020-09-18,FANG,33.4900016784668,34.0,32.9900016784668,33.77000045776367,27.209348678588867,4801000
2020-09-21,FANG,32.54999923706055,32.790000915527344,31.030000686645508,32.08000183105469,25.84767723083496,2850900
2020-09-21,FANG,32.54999923706055,32.790000915527344,31.030000686645508,32.08000183105469,25.84767723083496,2850900
2020-09-22,FANG,32.369998931884766,33.099998474121094,30.940000534057617,31.61000061035156,25.46898460388184,2702700
2020-09-22,FANG,32.369998931884766,33.099998474121094,30.940000534057617,31.61000061035156,25.46898460388184,2702700
2020-09-23,FANG,31.61000061035156,32.02000045776367,29.86000061035156,29.899999618530277,24.09119033813477,2398000
2020-09-23,FANG,31.61000061035156,32.02000045776367,29.86000061035156,29.899999618530277,24.09119033813477,2398000
2020-09-24,FANG,29.8700008392334,30.93000030517578,28.850000381469727,29.989999771118164,24.16370391845703,2031200
2020-09-24,FANG,29.8700008392334,30.93000030517578,28.850000381469727,29.989999771118164,24.16370391845703,2031200
2020-09-25,FANG,29.600000381469727,30.13999938964844,28.84000015258789,29.899999618530277,24.09119033813477,3254500
2020-09-25,FANG,29.600000381469727,30.13999938964844,28.84000015258789,29.899999618530277,24.09119033813477,3254500
2020-09-28,FANG,30.809999465942383,32.029998779296875,30.65999984741211,31.489999771118164,25.372295379638672,2581200
2020-09-28,FANG,30.809999465942383,32.029998779296875,30.65999984741211,31.489999771118164,25.372295379638672,2581200
2020-09-29,FANG,31.06999969482422,31.309999465942383,30.26000022888184,31.200000762939453,25.13863754272461,2002600
2020-09-29,FANG,31.06999969482422,31.309999465942383,30.26000022888184,31.200000762939453,25.13863754272461,2002600
2020-09-30,FANG,31.31999969482422,31.770000457763672,29.989999771118164,30.1200008392334,24.26845359802246,2935100
2020-09-30,FANG,31.31999969482422,31.770000457763672,29.989999771118164,30.1200008392334,24.26845359802246,2935100
2020-10-01,FANG,30.01000022888184,30.01000022888184,28.59000015258789,29.09000015258789,23.438552856445312,4321700
2020-10-01,FANG,30.01000022888184,30.01000022888184,28.59000015258789,29.09000015258789,23.438552856445312,4321700
2020-10-02,FANG,28.170000076293945,30.96999931335449,28.049999237060547,30.46999931335449,24.55045318603516,3746800
2020-10-02,FANG,28.170000076293945,30.96999931335449,28.049999237060547,30.46999931335449,24.55045318603516,3746800
2020-10-05,FANG,31.0,31.280000686645508,30.229999542236328,30.8700008392334,24.872743606567383,2377900
2020-10-05,FANG,31.0,31.280000686645508,30.229999542236328,30.8700008392334,24.872743606567383,2377900
2020-10-06,FANG,31.6299991607666,32.43000030517578,29.030000686645508,29.209999084472656,23.53524208068848,3605300
2020-10-06,FANG,31.6299991607666,32.43000030517578,29.030000686645508,29.209999084472656,23.53524208068848,3605300
2020-10-07,FANG,29.649999618530277,29.8700008392334,28.920000076293945,29.46999931335449,23.74473190307617,3222600
2020-10-07,FANG,29.649999618530277,29.8700008392334,28.920000076293945,29.46999931335449,23.74473190307617,3222600
2020-10-08,FANG,29.850000381469727,31.149999618530277,29.5,31.1200008392334,25.07417297363281,2542400
2020-10-08,FANG,29.850000381469727,31.149999618530277,29.5,31.1200008392334,25.07417297363281,2542400
2020-10-09,FANG,31.5,31.86000061035156,30.420000076293945,30.690000534057617,24.727712631225582,2767900
2020-10-09,FANG,31.5,31.86000061035156,30.420000076293945,30.690000534057617,24.727712631225582,2767900
2020-10-12,FANG,30.34000015258789,31.520000457763672,29.56999969482422,31.200000762939453,25.13863754272461,1891700
2020-10-12,FANG,30.34000015258789,31.520000457763672,29.56999969482422,31.200000762939453,25.13863754272461,1891700
2020-10-13,FANG,30.82999992370605,31.450000762939453,30.3799991607666,30.40999984741211,24.50210952758789,1866100
2020-10-13,FANG,30.82999992370605,31.450000762939453,30.3799991607666,30.40999984741211,24.50210952758789,1866100
2020-10-14,FANG,30.690000534057617,32.38999938964844,30.479999542236328,30.489999771118164,24.56656837463379,2691400
2020-10-14,FANG,30.690000534057617,32.38999938964844,30.479999542236328,30.489999771118164,24.56656837463379,2691400
2020-10-15,FANG,29.90999984741211,30.6299991607666,29.209999084472656,30.6299991607666,24.67936897277832,2778900
2020-10-15,FANG,29.90999984741211,30.6299991607666,29.209999084472656,30.6299991607666,24.67936897277832,2778900
2020-10-16,FANG,30.520000457763672,30.59000015258789,29.200000762939453,29.290000915527344,23.59969711303711,2778000
2020-10-16,FANG,30.520000457763672,30.59000015258789,29.200000762939453,29.290000915527344,23.59969711303711,2778000
2020-10-19,FANG,29.68000030517578,29.690000534057617,28.01000022888184,28.040000915527344,22.5925407409668,4017700
2020-10-19,FANG,29.68000030517578,29.690000534057617,28.01000022888184,28.040000915527344,22.5925407409668,4017700
2020-10-20,FANG,28.38999938964844,29.07999992370605,27.57999992370605,28.450000762939453,22.922887802124023,2940000
2020-10-20,FANG,28.38999938964844,29.07999992370605,27.57999992370605,28.450000762939453,22.922887802124023,2940000
2020-10-21,FANG,28.209999084472656,28.440000534057617,27.51000022888184,27.709999084472656,22.32665061950684,3020000
2020-10-21,FANG,28.209999084472656,28.440000534057617,27.51000022888184,27.709999084472656,22.32665061950684,3020000
2020-10-22,FANG,27.770000457763672,29.399999618530277,27.690000534057617,29.170000076293945,23.50301170349121,3398000
2020-10-22,FANG,27.770000457763672,29.399999618530277,27.690000534057617,29.170000076293945,23.50301170349121,3398000
2020-10-23,FANG,29.299999237060547,29.65999984741211,28.6299991607666,29.030000686645508,23.390209197998047,2758800
2020-10-23,FANG,29.299999237060547,29.65999984741211,28.6299991607666,29.030000686645508,23.390209197998047,2758800
2020-10-26,FANG,28.540000915527344,28.739999771118164,27.239999771118164,27.530000686645508,22.18162727355957,2738100
2020-10-26,FANG,28.540000915527344,28.739999771118164,27.239999771118164,27.530000686645508,22.18162727355957,2738100
2020-10-27,FANG,27.350000381469727,27.440000534057617,26.450000762939453,26.56999969482422,21.40812492370605,4581200
2020-10-27,FANG,27.350000381469727,27.440000534057617,26.450000762939453,26.56999969482422,21.40812492370605,4581200
2020-10-28,FANG,25.5,26.06999969482422,24.51000022888184,24.600000381469727,19.82084274291992,5808200
2020-10-28,FANG,25.5,26.06999969482422,24.51000022888184,24.600000381469727,19.82084274291992,5808200
2020-10-29,FANG,24.0,25.6299991607666,23.6299991607666,25.540000915527344,20.57822799682617,4695000
2020-10-29,FANG,24.0,25.6299991607666,23.6299991607666,25.540000915527344,20.57822799682617,4695000
2020-10-30,FANG,25.38999938964844,25.989999771118164,24.850000381469727,25.959999084472656,20.91663360595703,3394700
2020-10-30,FANG,25.38999938964844,25.989999771118164,24.850000381469727,25.959999084472656,20.91663360595703,3394700
2020-11-02,FANG,26.450000762939453,28.209999084472656,25.43000030517578,27.709999084472656,22.32665061950684,4311300
2020-11-02,FANG,26.450000762939453,28.209999084472656,25.43000030517578,27.709999084472656,22.32665061950684,4311300
2020-11-03,FANG,28.709999084472656,29.46999931335449,27.850000381469727,28.1200008392334,22.65699958801269,4269200
2020-11-03,FANG,28.709999084472656,29.46999931335449,27.850000381469727,28.1200008392334,22.65699958801269,4269200
2020-11-04,FANG,28.040000915527344,28.82999992370605,26.899999618530277,27.1200008392334,21.85127830505371,3972000
2020-11-04,FANG,28.040000915527344,28.82999992370605,26.899999618530277,27.1200008392334,21.85127830505371,3972000
2020-11-05,FANG,27.299999237060547,27.82999992370605,26.15999984741211,26.200000762939453,21.110008239746094,3870000
2020-11-05,FANG,27.299999237060547,27.82999992370605,26.15999984741211,26.200000762939453,21.110008239746094,3870000
2020-11-06,FANG,26.07999992370605,26.350000381469727,24.56999969482422,24.739999771118164,19.933650970458984,4655900
2020-11-06,FANG,26.07999992370605,26.350000381469727,24.56999969482422,24.739999771118164,19.933650970458984,4655900
2020-11-09,FANG,28.25,33.599998474121094,28.01000022888184,32.400001525878906,26.105504989624023,10946900
2020-11-09,FANG,28.25,33.599998474121094,28.01000022888184,32.400001525878906,26.105504989624023,10946900
2020-11-10,FANG,33.439998626708984,33.79999923706055,31.5,33.72999954223633,27.495359420776367,5136900
2020-11-10,FANG,33.439998626708984,33.79999923706055,31.5,33.72999954223633,27.495359420776367,5136900
2020-11-11,FANG,34.099998474121094,34.22999954223633,32.47999954223633,32.849998474121094,26.778005599975582,4373600
2020-11-11,FANG,34.099998474121094,34.22999954223633,32.47999954223633,32.849998474121094,26.778005599975582,4373600
2020-11-12,FANG,31.799999237060547,33.2400016784668,31.13999938964844,31.65999984741211,25.807971954345703,2862200
2020-11-12,FANG,31.799999237060547,33.2400016784668,31.13999938964844,31.65999984741211,25.807971954345703,2862200
2020-11-13,FANG,32.150001525878906,34.20000076293945,32.130001068115234,33.599998474121094,27.389379501342773,3066800
2020-11-13,FANG,32.150001525878906,34.20000076293945,32.130001068115234,33.599998474121094,27.389379501342773,3066800
2020-11-16,FANG,35.45000076293945,36.310001373291016,35.09000015258789,35.93000030517578,29.288707733154297,4228600
2020-11-16,FANG,35.45000076293945,36.310001373291016,35.09000015258789,35.93000030517578,29.288707733154297,4228600
2020-11-17,FANG,35.02000045776367,37.36000061035156,34.70000076293945,37.310001373291016,30.41362571716309,3521400
2020-11-17,FANG,35.02000045776367,37.36000061035156,34.70000076293945,37.310001373291016,30.41362571716309,3521400
2020-11-18,FANG,37.75,39.84999847412109,37.119998931884766,37.7400016784668,30.76415061950684,5090200
2020-11-18,FANG,37.75,39.84999847412109,37.119998931884766,37.7400016784668,30.76415061950684,5090200
2020-11-19,FANG,37.08000183105469,39.650001525878906,36.459999084472656,39.43999862670898,32.14991760253906,6155600
2020-11-19,FANG,37.08000183105469,39.650001525878906,36.459999084472656,39.43999862670898,32.14991760253906,6155600
2020-11-20,FANG,39.38999938964844,40.0,38.59999847412109,39.84000015258789,32.475982666015625,3236500
2020-11-20,FANG,39.38999938964844,40.0,38.59999847412109,39.84000015258789,32.475982666015625,3236500
2020-11-23,FANG,40.72999954223633,44.790000915527344,40.59999847412109,44.4900016784668,36.26647186279297,5003500
2020-11-23,FANG,40.72999954223633,44.790000915527344,40.59999847412109,44.4900016784668,36.26647186279297,5003500
2020-11-24,FANG,46.52999877929688,47.25,45.0,47.13999938964844,38.42665481567383,5386400
2020-11-24,FANG,46.52999877929688,47.25,45.0,47.13999938964844,38.42665481567383,5386400
2020-11-25,FANG,46.310001373291016,47.150001525878906,44.18999862670898,45.38999938964844,37.000125885009766,4276800
2020-11-25,FANG,46.310001373291016,47.150001525878906,44.18999862670898,45.38999938964844,37.000125885009766,4276800
2020-11-27,FANG,44.61000061035156,44.75,42.5,43.52000045776367,35.47577667236328,3677400
2020-11-27,FANG,44.61000061035156,44.75,42.5,43.52000045776367,35.47577667236328,3677400
2020-11-30,FANG,42.810001373291016,43.290000915527344,39.77999877929688,39.959999084472656,32.57380294799805,16587200
2020-11-30,FANG,42.810001373291016,43.290000915527344,39.77999877929688,39.959999084472656,32.57380294799805,16587200
2020-12-01,FANG,41.52000045776367,41.93000030517578,39.540000915527344,39.84999847412109,32.484134674072266,4307200
2020-12-01,FANG,41.52000045776367,41.93000030517578,39.540000915527344,39.84999847412109,32.484134674072266,4307200
2020-12-02,FANG,39.59000015258789,42.36000061035156,39.29999923706055,40.52000045776367,33.03029251098633,4252800
2020-12-02,FANG,39.59000015258789,42.36000061035156,39.29999923706055,40.52000045776367,33.03029251098633,4252800
2020-12-03,FANG,41.08000183105469,42.58000183105469,40.59999847412109,41.90999984741211,34.16336441040039,3509900
2020-12-03,FANG,41.08000183105469,42.58000183105469,40.59999847412109,41.90999984741211,34.16336441040039,3509900
2020-12-04,FANG,43.09999847412109,47.38999938964844,43.09999847412109,47.220001220703125,38.49186325073242,6387500
2020-12-04,FANG,43.09999847412109,47.38999938964844,43.09999847412109,47.220001220703125,38.49186325073242,6387500
2020-12-07,FANG,46.38999938964844,47.150001525878906,45.13999938964844,45.63999938964844,37.203914642333984,3446900
2020-12-07,FANG,46.38999938964844,47.150001525878906,45.13999938964844,45.63999938964844,37.203914642333984,3446900
2020-12-08,FANG,45.0099983215332,46.97999954223633,44.720001220703125,46.13999938964844,37.61148834228516,3125200
2020-12-08,FANG,45.0099983215332,46.97999954223633,44.720001220703125,46.13999938964844,37.61148834228516,3125200
2020-12-09,FANG,46.77000045776367,48.31999969482422,46.13999938964844,47.33000183105469,38.58152770996094,4312000
2020-12-09,FANG,46.77000045776367,48.31999969482422,46.13999938964844,47.33000183105469,38.58152770996094,4312000
2020-12-10,FANG,47.119998931884766,51.18000030517578,47.119998931884766,49.93999862670898,40.709102630615234,4896100
2020-12-10,FANG,47.119998931884766,51.18000030517578,47.119998931884766,49.93999862670898,40.709102630615234,4896100
2020-12-11,FANG,50.06999969482422,50.290000915527344,48.75,50.11000061035156,40.8476791381836,2533300
2020-12-11,FANG,50.06999969482422,50.290000915527344,48.75,50.11000061035156,40.8476791381836,2533300
2020-12-14,FANG,51.310001373291016,51.52999877929688,46.90999984741211,46.95000076293945,38.271766662597656,3596800
2020-12-14,FANG,51.310001373291016,51.52999877929688,46.90999984741211,46.95000076293945,38.271766662597656,3596800
2020-12-15,FANG,47.84999847412109,48.630001068115234,46.220001220703125,48.15999984741211,39.25812149047852,2919900
2020-12-15,FANG,47.84999847412109,48.630001068115234,46.220001220703125,48.15999984741211,39.25812149047852,2919900
2020-12-16,FANG,48.45000076293945,48.5,47.0099983215332,47.650001525878906,38.842384338378906,2818500
2020-12-16,FANG,48.45000076293945,48.5,47.0099983215332,47.650001525878906,38.842384338378906,2818500
2020-12-17,FANG,48.18999862670898,48.27000045776367,46.56999969482422,47.38999938964844,38.63044357299805,2430500
2020-12-17,FANG,48.18999862670898,48.27000045776367,46.56999969482422,47.38999938964844,38.63044357299805,2430500
2020-12-18,FANG,46.97999954223633,47.77000045776367,45.380001068115234,45.84000015258789,37.36695098876953,6740600
2020-12-18,FANG,46.97999954223633,47.77000045776367,45.380001068115234,45.84000015258789,37.36695098876953,6740600
2020-12-21,FANG,42.2599983215332,45.2400016784668,42.0,45.02000045776367,36.69851303100586,6601700
2020-12-21,FANG,42.2599983215332,45.2400016784668,42.0,45.02000045776367,36.69851303100586,6601700
2020-12-22,FANG,45.02999877929688,45.13999938964844,43.709999084472656,44.04999923706055,35.90780258178711,3080500
2020-12-22,FANG,45.02999877929688,45.13999938964844,43.709999084472656,44.04999923706055,35.90780258178711,3080500
2020-12-23,FANG,44.880001068115234,48.38999938964844,44.619998931884766,47.79999923706055,38.96466445922852,4810500
2020-12-23,FANG,44.880001068115234,48.38999938964844,44.619998931884766,47.79999923706055,38.96466445922852,4810500
2020-12-24,FANG,47.77000045776367,48.43999862670898,46.54999923706055,48.25,39.33147811889648,1609100
2020-12-24,FANG,47.77000045776367,48.43999862670898,46.54999923706055,48.25,39.33147811889648,1609100
2020-12-28,FANG,48.650001525878906,48.7599983215332,47.20000076293945,47.630001068115234,38.82607650756836,2515600
2020-12-28,FANG,48.650001525878906,48.7599983215332,47.20000076293945,47.630001068115234,38.82607650756836,2515600
2020-12-29,FANG,47.900001525878906,48.38999938964844,46.18999862670898,47.0,38.31252670288086,2121700
2020-12-29,FANG,47.900001525878906,48.38999938964844,46.18999862670898,47.0,38.31252670288086,2121700
2020-12-30,FANG,46.869998931884766,49.630001068115234,46.7400016784668,49.27000045776367,40.16294097900391,2914400
2020-12-30,FANG,46.869998931884766,49.630001068115234,46.7400016784668,49.27000045776367,40.16294097900391,2914400
2020-12-31,FANG,49.0,49.619998931884766,48.25,48.400001525878906,39.453758239746094,2210900
2020-12-31,FANG,49.0,49.619998931884766,48.25,48.400001525878906,39.453758239746094,2210900
2021-01-04,FANG,49.0,50.09000015258789,47.560001373291016,48.93999862670898,39.89393997192383,2820800
2021-01-04,FANG,49.0,50.09000015258789,47.560001373291016,48.93999862670898,39.89393997192383,2820800
2021-01-05,FANG,49.77999877929688,55.95000076293945,49.560001373291016,53.66999816894531,43.74964141845703,6028500
2021-01-05,FANG,49.77999877929688,55.95000076293945,49.560001373291016,53.66999816894531,43.74964141845703,6028500
2021-01-06,FANG,54.869998931884766,57.790000915527344,53.91999816894531,56.31999969482422,45.90981674194336,4451400
2021-01-06,FANG,54.869998931884766,57.790000915527344,53.91999816894531,56.31999969482422,45.90981674194336,4451400
2021-01-07,FANG,57.459999084472656,59.06999969482422,56.16999816894531,56.790000915527344,46.29295349121094,3259900
2021-01-07,FANG,57.459999084472656,59.06999969482422,56.16999816894531,56.790000915527344,46.29295349121094,3259900
2021-01-08,FANG,57.209999084472656,58.400001525878906,55.630001068115234,56.7599983215332,46.26850128173828,2749400
2021-01-08,FANG,57.209999084472656,58.400001525878906,55.630001068115234,56.7599983215332,46.26850128173828,2749400
2021-01-11,FANG,54.68999862670898,58.61000061035156,54.09999847412109,58.29999923706055,47.52384185791016,2167500
2021-01-11,FANG,54.68999862670898,58.61000061035156,54.09999847412109,58.29999923706055,47.52384185791016,2167500
2021-01-12,FANG,59.31999969482422,63.130001068115234,58.810001373291016,62.869998931884766,51.249114990234375,4213900
2021-01-12,FANG,59.31999969482422,63.130001068115234,58.810001373291016,62.869998931884766,51.249114990234375,4213900
2021-01-13,FANG,62.70000076293945,62.75,61.209999084472656,61.540000915527344,50.16495513916016,2484200
2021-01-13,FANG,62.70000076293945,62.75,61.209999084472656,61.540000915527344,50.16495513916016,2484200
2021-01-14,FANG,62.4900016784668,64.06999969482422,61.540000915527344,61.93000030517578,50.48286819458008,3008600
2021-01-14,FANG,62.4900016784668,64.06999969482422,61.540000915527344,61.93000030517578,50.48286819458008,3008600
2021-01-15,FANG,61.06999969482422,61.150001525878906,58.41999816894531,59.2400016784668,48.29008865356445,2840000
2021-01-15,FANG,61.06999969482422,61.150001525878906,58.41999816894531,59.2400016784668,48.29008865356445,2840000
2021-01-19,FANG,60.5,61.11000061035156,59.79999923706055,60.02000045776367,48.92591094970703,1922800
2021-01-19,FANG,60.5,61.11000061035156,59.79999923706055,60.02000045776367,48.92591094970703,1922800
2021-01-20,FANG,60.36000061035156,61.63999938964844,59.90999984741211,60.619998931884766,49.41501235961914,2348200
2021-01-20,FANG,60.36000061035156,61.63999938964844,59.90999984741211,60.619998931884766,49.41501235961914,2348200
2021-01-21,FANG,60.09999847412109,61.09000015258789,57.5,60.77999877929688,49.545440673828125,4382700
2021-01-21,FANG,60.09999847412109,61.09000015258789,57.5,60.77999877929688,49.545440673828125,4382700
2021-01-22,FANG,58.630001068115234,63.9900016784668,57.810001373291016,63.7400016784668,51.95831298828125,4518300
2021-01-22,FANG,58.630001068115234,63.9900016784668,57.810001373291016,63.7400016784668,51.95831298828125,4518300
2021-01-25,FANG,62.34999847412109,64.9000015258789,59.45000076293945,61.33000183105469,49.9937744140625,3581000
2021-01-25,FANG,62.34999847412109,64.9000015258789,59.45000076293945,61.33000183105469,49.9937744140625,3581000
2021-01-26,FANG,62.31999969482422,64.11000061035156,59.34000015258789,59.61000061035156,48.59169769287109,2928500
2021-01-26,FANG,62.31999969482422,64.11000061035156,59.34000015258789,59.61000061035156,48.59169769287109,2928500
2021-01-27,FANG,57.7599983215332,60.15999984741211,56.130001068115234,56.59000015258789,46.12991714477539,4006700
2021-01-27,FANG,57.7599983215332,60.15999984741211,56.130001068115234,56.59000015258789,46.12991714477539,4006700
2021-01-28,FANG,57.900001525878906,60.65999984741211,57.02000045776367,60.310001373291016,49.16230773925781,3635000
2021-01-28,FANG,57.900001525878906,60.65999984741211,57.02000045776367,60.310001373291016,49.16230773925781,3635000
2021-01-29,FANG,59.790000915527344,60.90999984741211,56.36000061035156,56.68999862670898,46.21142578125,3138200
2021-01-29,FANG,59.790000915527344,60.90999984741211,56.36000061035156,56.68999862670898,46.21142578125,3138200
2021-02-01,FANG,58.369998931884766,58.75,56.34999847412109,57.97999954223633,47.26298141479492,1934800
2021-02-01,FANG,58.369998931884766,58.75,56.34999847412109,57.97999954223633,47.26298141479492,1934800
2021-02-02,FANG,59.900001525878906,60.47999954223633,58.290000915527344,58.41999816894531,47.62165451049805,1886200
2021-02-02,FANG,59.900001525878906,60.47999954223633,58.290000915527344,58.41999816894531,47.62165451049805,1886200
2021-02-03,FANG,59.18999862670898,64.3499984741211,58.63999938964844,63.58000183105469,51.8278923034668,4214000
2021-02-03,FANG,59.18999862670898,64.3499984741211,58.63999938964844,63.58000183105469,51.8278923034668,4214000
2021-02-04,FANG,64.72000122070312,65.88999938964844,63.04999923706055,65.3499984741211,53.27071762084961,2928500
2021-02-04,FANG,64.72000122070312,65.88999938964844,63.04999923706055,65.3499984741211,53.27071762084961,2928500
2021-02-05,FANG,66.66999816894531,66.66999816894531,64.23999786376953,64.44999694824219,52.53706741333008,1912800
2021-02-05,FANG,66.66999816894531,66.66999816894531,64.23999786376953,64.44999694824219,52.53706741333008,1912800
2021-02-08,FANG,65.97000122070312,69.5999984741211,65.6500015258789,68.93000030517578,56.188995361328125,2660700
2021-02-08,FANG,65.97000122070312,69.5999984741211,65.6500015258789,68.93000030517578,56.188995361328125,2660700
2021-02-09,FANG,68.5,68.6500015258789,66.5199966430664,66.97000122070312,54.59127807617188,2409400
2021-02-09,FANG,68.5,68.6500015258789,66.5199966430664,66.97000122070312,54.59127807617188,2409400
2021-02-10,FANG,67.54000091552734,69.9000015258789,66.69000244140625,68.87999725341797,56.14823913574219,2186400
2021-02-10,FANG,67.54000091552734,69.9000015258789,66.69000244140625,68.87999725341797,56.14823913574219,2186400
2021-02-11,FANG,68.33999633789062,69.2300033569336,65.55999755859375,67.7699966430664,55.24340057373047,1815400
2021-02-11,FANG,68.33999633789062,69.2300033569336,65.55999755859375,67.7699966430664,55.24340057373047,1815400
2021-02-12,FANG,66.9800033569336,69.69999694824219,66.62999725341797,69.12000274658203,56.343875885009766,1991300
2021-02-12,FANG,66.9800033569336,69.69999694824219,66.62999725341797,69.12000274658203,56.343875885009766,1991300
2021-02-16,FANG,70.55000305175781,72.1500015258789,68.83000183105469,68.97000122070312,56.22159957885742,2524100
2021-02-16,FANG,70.55000305175781,72.1500015258789,68.83000183105469,68.97000122070312,56.22159957885742,2524100
2021-02-17,FANG,69.16999816894531,70.19000244140625,67.4000015258789,68.83999633789062,56.11562728881836,1951300
2021-02-17,FANG,69.16999816894531,70.19000244140625,67.4000015258789,68.83999633789062,56.11562728881836,1951300
2021-02-18,FANG,68.2300033569336,68.66000366210938,64.69000244140625,65.13999938964844,53.09952926635742,2338300
2021-02-18,FANG,68.2300033569336,68.66000366210938,64.69000244140625,65.13999938964844,53.09952926635742,2338300
2021-02-19,FANG,65.44999694824219,66.94999694824219,65.16999816894531,65.56999969482422,53.45004653930664,2293800
2021-02-19,FANG,65.44999694824219,66.94999694824219,65.16999816894531,65.56999969482422,53.45004653930664,2293800
2021-02-22,FANG,67.37000274658203,70.77999877929688,66.27999877929688,68.4000015258789,55.7569580078125,3405900
2021-02-22,FANG,67.37000274658203,70.77999877929688,66.27999877929688,68.4000015258789,55.7569580078125,3405900
2021-02-23,FANG,67.05000305175781,71.44999694824219,63.04999923706055,71.01000213623047,57.88453674316406,5421100
2021-02-23,FANG,67.05000305175781,71.44999694824219,63.04999923706055,71.01000213623047,57.88453674316406,5421100
2021-02-24,FANG,71.8499984741211,74.5999984741211,70.6500015258789,73.80000305175781,60.1588249206543,2798400
2021-02-24,FANG,71.8499984741211,74.5999984741211,70.6500015258789,73.80000305175781,60.1588249206543,2798400
2021-02-25,FANG,74.5999984741211,74.87000274658203,69.05000305175781,69.05999755859375,56.29496383666992,2740600
2021-02-25,FANG,74.5999984741211,74.87000274658203,69.05000305175781,69.05999755859375,56.29496383666992,2740600
2021-02-26,FANG,68.73999786376953,70.18000030517578,65.2699966430664,69.27999877929688,56.47429656982422,2530500
2021-02-26,FANG,68.73999786376953,70.18000030517578,65.2699966430664,69.27999877929688,56.47429656982422,2530500
2021-03-01,FANG,70.95999908447266,74.47000122070312,70.41999816894531,73.66000366210938,60.044700622558594,3159600
2021-03-01,FANG,70.95999908447266,74.47000122070312,70.41999816894531,73.66000366210938,60.044700622558594,3159600
2021-03-02,FANG,73.08999633789062,74.13999938964844,69.88999938964844,71.01000213623047,57.88453674316406,2592800
2021-03-02,FANG,73.08999633789062,74.13999938964844,69.88999938964844,71.01000213623047,57.88453674316406,2592800
2021-03-03,FANG,72.06999969482422,78.02999877929688,72.06999969482422,74.44000244140625,61.0242805480957,3671300
2021-03-03,FANG,72.06999969482422,78.02999877929688,72.06999969482422,74.44000244140625,61.0242805480957,3671300
2021-03-04,FANG,75.52999877929688,82.86000061035156,75.51000213623047,81.26000213623047,66.61517333984375,5757800
2021-03-04,FANG,75.52999877929688,82.86000061035156,75.51000213623047,81.26000213623047,66.61517333984375,5757800
2021-03-05,FANG,84.0,88.75,82.58000183105469,85.2699966430664,69.9024658203125,6585400
2021-03-05,FANG,84.0,88.75,82.58000183105469,85.2699966430664,69.9024658203125,6585400
2021-03-08,FANG,86.9000015258789,87.75,81.81999969482422,84.16999816894531,69.0007095336914,3194400
2021-03-08,FANG,86.9000015258789,87.75,81.81999969482422,84.16999816894531,69.0007095336914,3194400
2021-03-09,FANG,83.0,83.61000061035156,79.93000030517578,81.02999877929688,66.42660522460938,3557600
2021-03-09,FANG,83.0,83.61000061035156,79.93000030517578,81.02999877929688,66.42660522460938,3557600
2021-03-10,FANG,81.08000183105469,82.75,78.79000091552734,80.94000244140625,66.3528060913086,2816800
2021-03-10,FANG,81.08000183105469,82.75,78.79000091552734,80.94000244140625,66.3528060913086,2816800
2021-03-11,FANG,82.30000305175781,85.97000122070312,81.41999816894531,84.04000091552734,68.89413452148438,2355000
2021-03-11,FANG,82.30000305175781,85.97000122070312,81.41999816894531,84.04000091552734,68.89413452148438,2355000
2021-03-12,FANG,83.48999786376953,84.87999725341797,81.68000030517578,82.01000213623047,67.22998046875,2146300
2021-03-12,FANG,83.48999786376953,84.87999725341797,81.68000030517578,82.01000213623047,67.22998046875,2146300
2021-03-15,FANG,82.5199966430664,84.41000366210938,81.63999938964844,84.29000091552734,69.09906768798828,2132400
2021-03-15,FANG,82.5199966430664,84.41000366210938,81.63999938964844,84.29000091552734,69.09906768798828,2132400
2021-03-16,FANG,82.0,83.0,79.44999694824219,82.08999633789062,67.29557800292969,5632100
2021-03-16,FANG,82.0,83.0,79.44999694824219,82.08999633789062,67.29557800292969,5632100
2021-03-17,FANG,81.12999725341797,82.95999908447266,79.01000213623047,81.41000366210938,66.73812103271484,2594400
2021-03-17,FANG,81.12999725341797,82.95999908447266,79.01000213623047,81.41000366210938,66.73812103271484,2594400
2021-03-18,FANG,80.36000061035156,81.5999984741211,74.55999755859375,75.16999816894531,61.62271118164063,3535700
2021-03-18,FANG,80.36000061035156,81.5999984741211,74.55999755859375,75.16999816894531,61.62271118164063,3535700
2021-03-19,FANG,75.51000213623047,79.02999877929688,74.26000213623047,75.80999755859375,62.14736557006836,9425400
2021-03-19,FANG,75.51000213623047,79.02999877929688,74.26000213623047,75.80999755859375,62.14736557006836,9425400
2021-03-22,FANG,76.05000305175781,76.69000244140625,74.16999816894531,75.30999755859375,61.73747634887695,2663300
2021-03-22,FANG,76.05000305175781,76.69000244140625,74.16999816894531,75.30999755859375,61.73747634887695,2663300
2021-03-23,FANG,72.19000244140625,75.27999877929688,71.3499984741211,72.12999725341797,59.13058090209961,3744100
2021-03-23,FANG,72.19000244140625,75.27999877929688,71.3499984741211,72.12999725341797,59.13058090209961,3744100
2021-03-24,FANG,74.27999877929688,77.4000015258789,74.22000122070312,74.38999938964844,60.98328399658203,2555300
2021-03-24,FANG,74.27999877929688,77.4000015258789,74.22000122070312,74.38999938964844,60.98328399658203,2555300
2021-03-25,FANG,72.0999984741211,74.36000061035156,69.52999877929688,73.80000305175781,60.49959945678711,3060000
2021-03-25,FANG,72.0999984741211,74.36000061035156,69.52999877929688,73.80000305175781,60.49959945678711,3060000
2021-03-26,FANG,76.66000366210938,77.36000061035156,73.47000122070312,75.79000091552734,62.13097381591797,2158200
2021-03-26,FANG,76.66000366210938,77.36000061035156,73.47000122070312,75.79000091552734,62.13097381591797,2158200
2021-03-29,FANG,74.69999694824219,75.83999633789062,72.69000244140625,74.23999786376953,60.86032104492188,1857300
2021-03-29,FANG,74.69999694824219,75.83999633789062,72.69000244140625,74.23999786376953,60.86032104492188,1857300
2021-03-30,FANG,73.48999786376953,75.72000122070312,72.62000274658203,74.4800033569336,61.05705642700195,1567600
2021-03-30,FANG,73.48999786376953,75.72000122070312,72.62000274658203,74.4800033569336,61.05705642700195,1567600
2021-03-31,FANG,74.38999938964844,75.19000244140625,73.12999725341797,73.48999786376953,60.2454833984375,2509100
2021-03-31,FANG,74.38999938964844,75.19000244140625,73.12999725341797,73.48999786376953,60.2454833984375,2509100
2021-04-01,FANG,74.18000030517578,81.2300033569336,74.06999969482422,81.22000122070312,66.58238220214844,4710600
2021-04-01,FANG,74.18000030517578,81.2300033569336,74.06999969482422,81.22000122070312,66.58238220214844,4710600
2021-04-05,FANG,80.9000015258789,81.0,75.16000366210938,75.4000015258789,61.81126022338867,3868400
2021-04-05,FANG,80.9000015258789,81.0,75.16000366210938,75.4000015258789,61.81126022338867,3868400
2021-04-06,FANG,76.5,78.94000244140625,75.25,75.45999908447266,61.860443115234375,2533100
2021-04-06,FANG,76.5,78.94000244140625,75.25,75.45999908447266,61.860443115234375,2533100
2021-04-07,FANG,75.02999877929688,76.91999816894531,74.87000274658203,76.30999755859375,62.55726623535156,2096400
2021-04-07,FANG,75.02999877929688,76.91999816894531,74.87000274658203,76.30999755859375,62.55726623535156,2096400
2021-04-08,FANG,75.61000061035156,75.62999725341797,73.58000183105469,75.19999694824219,61.64730072021485,3255900
2021-04-08,FANG,75.61000061035156,75.62999725341797,73.58000183105469,75.19999694824219,61.64730072021485,3255900
2021-04-09,FANG,75.69999694824219,76.54000091552734,74.04000091552734,74.80000305175781,61.31940078735352,1823800
2021-04-09,FANG,75.69999694824219,76.54000091552734,74.04000091552734,74.80000305175781,61.31940078735352,1823800
2021-04-12,FANG,75.54000091552734,76.58999633789062,73.2300033569336,73.87999725341797,60.5651969909668,1633600
2021-04-12,FANG,75.54000091552734,76.58999633789062,73.2300033569336,73.87999725341797,60.5651969909668,1633600
2021-04-13,FANG,74.69999694824219,76.86000061035156,74.01000213623047,75.76000213623047,62.10637283325195,1941400
2021-04-13,FANG,74.69999694824219,76.86000061035156,74.01000213623047,75.76000213623047,62.10637283325195,1941400
2021-04-14,FANG,76.87000274658203,81.41999816894531,76.87000274658203,80.33999633789062,65.86095428466797,2961400
2021-04-14,FANG,76.87000274658203,81.41999816894531,76.87000274658203,80.33999633789062,65.86095428466797,2961400
2021-04-15,FANG,79.16000366210938,79.95999908447266,77.93000030517578,79.08000183105469,64.82804870605469,1816900
2021-04-15,FANG,79.16000366210938,79.95999908447266,77.93000030517578,79.08000183105469,64.82804870605469,1816900
2021-04-16,FANG,79.55000305175781,79.88999938964844,77.43000030517578,77.54000091552734,63.56557846069336,1588200
2021-04-16,FANG,79.55000305175781,79.88999938964844,77.43000030517578,77.54000091552734,63.56557846069336,1588200
2021-04-19,FANG,78.0,79.91000366210938,77.04000091552734,77.66999816894531,63.672149658203125,1754400
2021-04-19,FANG,78.0,79.91000366210938,77.04000091552734,77.66999816894531,63.672149658203125,1754400
2021-04-20,FANG,77.25,77.26000213623047,73.12000274658203,74.2699966430664,60.88489532470703,2708500
2021-04-20,FANG,77.25,77.26000213623047,73.12000274658203,74.2699966430664,60.88489532470703,2708500
2021-04-21,FANG,73.20999908447266,75.83999633789062,72.33999633789062,75.26000213623047,61.69648742675781,1693000
2021-04-21,FANG,73.20999908447266,75.83999633789062,72.33999633789062,75.26000213623047,61.69648742675781,1693000
2021-04-22,FANG,75.58000183105469,76.1500015258789,73.66000366210938,75.27999877929688,61.71287536621094,1292700
2021-04-22,FANG,75.58000183105469,76.1500015258789,73.66000366210938,75.27999877929688,61.71287536621094,1292700
2021-04-23,FANG,75.87999725341797,76.69999694824219,74.75,76.12999725341797,62.4096908569336,1147400
2021-04-23,FANG,75.87999725341797,76.69999694824219,74.75,76.12999725341797,62.4096908569336,1147400
2021-04-26,FANG,75.55000305175781,78.26000213623047,75.55000305175781,77.45999908447266,63.49999237060547,1192000
2021-04-26,FANG,75.55000305175781,78.26000213623047,75.55000305175781,77.45999908447266,63.49999237060547,1192000
2021-04-27,FANG,77.58000183105469,79.5999984741211,77.30000305175781,79.31999969482422,65.0248031616211,1302400
2021-04-27,FANG,77.58000183105469,79.5999984741211,77.30000305175781,79.31999969482422,65.0248031616211,1302400
2021-04-28,FANG,79.94999694824219,84.58000183105469,79.81999969482422,83.68000030517578,68.59902954101562,2791100
2021-04-28,FANG,79.94999694824219,84.58000183105469,79.81999969482422,83.68000030517578,68.59902954101562,2791100
2021-04-29,FANG,85.0,87.5999984741211,83.56999969482422,84.33999633789062,69.14006805419922,2104800
2021-04-29,FANG,85.0,87.5999984741211,83.56999969482422,84.33999633789062,69.14006805419922,2104800
2021-04-30,FANG,83.27999877929688,85.08999633789062,81.36000061035156,81.7300033569336,67.00045776367188,1718100
2021-04-30,FANG,83.27999877929688,85.08999633789062,81.36000061035156,81.7300033569336,67.00045776367188,1718100
2021-05-03,FANG,83.4800033569336,84.55000305175781,82.01000213623047,83.91999816894531,68.79576873779297,1988800
2021-05-03,FANG,83.4800033569336,84.55000305175781,82.01000213623047,83.91999816894531,68.79576873779297,1988800
2021-05-04,FANG,83.83999633789062,84.48999786376953,78.30999755859375,79.19999694824219,64.92639923095703,4645800
2021-05-04,FANG,83.83999633789062,84.48999786376953,78.30999755859375,79.19999694824219,64.92639923095703,4645800
2021-05-05,FANG,80.06999969482422,86.0999984741211,78.75,83.12000274658203,68.13994598388672,4667800
2021-05-05,FANG,80.06999969482422,86.0999984741211,78.75,83.12000274658203,68.13994598388672,4667800
2021-05-06,FANG,83.41999816894531,83.52999877929688,79.83999633789062,82.25,67.4267349243164,2412900
2021-05-06,FANG,83.41999816894531,83.52999877929688,79.83999633789062,82.25,67.4267349243164,2412900
2021-05-07,FANG,80.5999984741211,84.4800033569336,80.1500015258789,84.20999908447266,69.03350067138672,2096300
2021-05-07,FANG,80.5999984741211,84.4800033569336,80.1500015258789,84.20999908447266,69.03350067138672,2096300
2021-05-10,FANG,85.45999908447266,87.18000030517578,82.23999786376953,82.76000213623047,67.8448257446289,2036400
2021-05-10,FANG,85.45999908447266,87.18000030517578,82.23999786376953,82.76000213623047,67.8448257446289,2036400
2021-05-11,FANG,79.63999938964844,81.80999755859375,77.27999877929688,79.80000305175781,65.41828155517578,2528200
2021-05-11,FANG,79.63999938964844,81.80999755859375,77.27999877929688,79.80000305175781,65.41828155517578,2528200
2021-05-12,FANG,80.56999969482422,85.86000061035156,78.75,79.4800033569336,65.48419952392578,3715300
2021-05-12,FANG,80.56999969482422,85.86000061035156,78.75,79.4800033569336,65.48419952392578,3715300
2021-05-13,FANG,78.0,80.63999938964844,75.0999984741211,76.19999694824219,62.78176498413086,3031000
2021-05-13,FANG,78.0,80.63999938964844,75.0999984741211,76.19999694824219,62.78176498413086,3031000
2021-05-14,FANG,77.69000244140625,79.30000305175781,76.69999694824219,78.69999694824219,64.84153747558594,2573900
2021-05-14,FANG,77.69000244140625,79.30000305175781,76.69999694824219,78.69999694824219,64.84153747558594,2573900
2021-05-17,FANG,78.4000015258789,80.5199966430664,77.76000213623047,80.36000061035156,66.20923614501953,2344800
2021-05-17,FANG,78.4000015258789,80.5199966430664,77.76000213623047,80.36000061035156,66.20923614501953,2344800
2021-05-18,FANG,80.66000366210938,81.19000244140625,78.69000244140625,80.0,65.91262817382812,2063900
2021-05-18,FANG,80.66000366210938,81.19000244140625,78.69000244140625,80.0,65.91262817382812,2063900
2021-05-19,FANG,77.23999786376953,79.02999877929688,75.45999908447266,77.91999816894531,64.19890594482422,2713000
2021-05-19,FANG,77.23999786376953,79.02999877929688,75.45999908447266,77.91999816894531,64.19890594482422,2713000
2021-05-20,FANG,77.75,77.76000213623047,74.5999984741211,76.52999877929688,63.05366134643555,2686900
2021-05-20,FANG,77.75,77.76000213623047,74.5999984741211,76.52999877929688,63.05366134643555,2686900
2021-05-21,FANG,77.9000015258789,79.26000213623047,75.9000015258789,76.30999755859375,62.87241363525391,2688600
2021-05-21,FANG,77.9000015258789,79.26000213623047,75.9000015258789,76.30999755859375,62.87241363525391,2688600
2021-05-24,FANG,76.81999969482422,77.69999694824219,75.33000183105469,77.30000305175781,63.688079833984375,2324900
2021-05-24,FANG,76.81999969482422,77.69999694824219,75.33000183105469,77.30000305175781,63.688079833984375,2324900
2021-05-25,FANG,77.44000244140625,77.87999725341797,75.33000183105469,75.4800033569336,62.18857955932617,1535600
2021-05-25,FANG,77.44000244140625,77.87999725341797,75.33000183105469,75.4800033569336,62.18857955932617,1535600
2021-05-26,FANG,75.4800033569336,78.55000305175781,75.1500015258789,78.29000091552734,64.50373840332031,2386200
2021-05-26,FANG,75.4800033569336,78.55000305175781,75.1500015258789,78.29000091552734,64.50373840332031,2386200
2021-05-27,FANG,78.95999908447266,80.25,78.11000061035156,79.33999633789062,65.36883544921875,1741600
2021-05-27,FANG,78.95999908447266,80.25,78.11000061035156,79.33999633789062,65.36883544921875,1741600
2021-05-28,FANG,79.87000274658203,80.23999786376953,78.54000091552734,80.06999969482422,65.9703140258789,1361500
2021-05-28,FANG,79.87000274658203,80.23999786376953,78.54000091552734,80.06999969482422,65.9703140258789,1361500
2021-06-01,FANG,82.87999725341797,86.83999633789062,82.4000015258789,86.61000061035156,71.3586654663086,4189300
2021-06-01,FANG,82.87999725341797,86.83999633789062,82.4000015258789,86.61000061035156,71.3586654663086,4189300
2021-06-02,FANG,87.23999786376953,89.06999969482422,85.05000305175781,86.44000244140625,71.21859741210938,2704700
2021-06-02,FANG,87.23999786376953,89.06999969482422,85.05000305175781,86.44000244140625,71.21859741210938,2704700
2021-06-03,FANG,85.9800033569336,87.54000091552734,84.5999984741211,86.5199966430664,71.28450012207031,2083100
2021-06-03,FANG,85.9800033569336,87.54000091552734,84.5999984741211,86.5199966430664,71.28450012207031,2083100
2021-06-04,FANG,87.30999755859375,87.87999725341797,84.02999877929688,85.81999969482422,70.70777893066406,2294200
2021-06-04,FANG,87.30999755859375,87.87999725341797,84.02999877929688,85.81999969482422,70.70777893066406,2294200
2021-06-07,FANG,86.30999755859375,87.8499984741211,85.75,87.19000244140625,71.83654022216797,1269800
2021-06-07,FANG,86.30999755859375,87.8499984741211,85.75,87.19000244140625,71.83654022216797,1269800
2021-06-08,FANG,87.18000030517578,90.18000030517578,85.0999984741211,89.63999938964844,73.85509490966797,2686300
2021-06-08,FANG,87.18000030517578,90.18000030517578,85.0999984741211,89.63999938964844,73.85509490966797,2686300
2021-06-09,FANG,90.12000274658205,92.11000061035156,87.8499984741211,88.27999877929688,72.73458862304688,2792100
2021-06-09,FANG,90.12000274658205,92.11000061035156,87.8499984741211,88.27999877929688,72.73458862304688,2792100
2021-06-10,FANG,90.30999755859376,90.75,85.95999908447266,86.98999786376953,71.67174530029297,1771300
2021-06-10,FANG,90.30999755859376,90.75,85.95999908447266,86.98999786376953,71.67174530029297,1771300
2021-06-11,FANG,87.1500015258789,88.44999694824219,86.70999908447266,87.2699966430664,71.90242767333984,1406800
2021-06-11,FANG,87.1500015258789,88.44999694824219,86.70999908447266,87.2699966430664,71.90242767333984,1406800
2021-06-14,FANG,88.45999908447266,89.61000061035156,85.37999725341797,86.44000244140625,71.21859741210938,1526300
2021-06-14,FANG,88.45999908447266,89.61000061035156,85.37999725341797,86.44000244140625,71.21859741210938,1526300
2021-06-15,FANG,87.2300033569336,91.13999938964844,87.04000091552734,90.8499984741211,74.85202026367188,2721500
2021-06-15,FANG,87.2300033569336,91.13999938964844,87.04000091552734,90.8499984741211,74.85202026367188,2721500
2021-06-16,FANG,90.06999969482422,91.75,88.87000274658203,90.37000274658205,74.45654296875,1672300
2021-06-16,FANG,90.06999969482422,91.75,88.87000274658203,90.37000274658205,74.45654296875,1672300
2021-06-17,FANG,89.94999694824219,91.25,84.13999938964844,86.88999938964844,71.58935546875,2811400
2021-06-17,FANG,89.94999694824219,91.25,84.13999938964844,86.88999938964844,71.58935546875,2811400
2021-06-18,FANG,84.41000366210938,87.23999786376953,84.19999694824219,86.18000030517578,71.0043716430664,4276700
2021-06-18,FANG,84.41000366210938,87.23999786376953,84.19999694824219,86.18000030517578,71.0043716430664,4276700
2021-06-21,FANG,86.62999725341797,92.30999755859376,86.51000213623047,91.5,75.38756561279297,2736700
2021-06-21,FANG,86.62999725341797,92.30999755859376,86.51000213623047,91.5,75.38756561279297,2736700
2021-06-22,FANG,90.47000122070312,91.66000366210938,88.63999938964844,91.33000183105467,75.24750518798828,2022300
2021-06-22,FANG,90.47000122070312,91.66000366210938,88.63999938964844,91.33000183105467,75.24750518798828,2022300
2021-06-23,FANG,92.36000061035156,95.77999877929688,91.80999755859376,91.91000366210938,75.72537231445312,2321800
2021-06-23,FANG,92.36000061035156,95.77999877929688,91.80999755859376,91.91000366210938,75.72537231445312,2321800
2021-06-24,FANG,91.2699966430664,94.45999908447266,91.11000061035156,94.25,77.6532974243164,1762500
2021-06-24,FANG,91.2699966430664,94.45999908447266,91.11000061035156,94.25,77.6532974243164,1762500
2021-06-25,FANG,94.7699966430664,96.63999938964844,93.55999755859376,96.30999755859376,79.3505630493164,4894100
2021-06-25,FANG,94.7699966430664,96.63999938964844,93.55999755859376,96.30999755859376,79.3505630493164,4894100
2021-06-28,FANG,95.52999877929688,95.94000244140624,91.87999725341795,92.47000122070312,76.18675994873047,2340300
2021-06-28,FANG,95.52999877929688,95.94000244140624,91.87999725341795,92.47000122070312,76.18675994873047,2340300
2021-06-29,FANG,93.31999969482422,95.2300033569336,91.9800033569336,92.62000274658205,76.31034851074219,1710900
2021-06-29,FANG,93.31999969482422,95.2300033569336,91.9800033569336,92.62000274658205,76.31034851074219,1710900
2021-06-30,FANG,93.52999877929688,95.41999816894533,92.61000061035156,93.88999938964844,77.35669708251953,2110500
2021-06-30,FANG,93.52999877929688,95.41999816894533,92.61000061035156,93.88999938964844,77.35669708251953,2110500
2021-07-01,FANG,97.0,102.52999877929688,95.08999633789062,99.5999984741211,82.06121826171875,5577400
2021-07-01,FANG,97.0,102.52999877929688,95.08999633789062,99.5999984741211,82.06121826171875,5577400
2021-07-02,FANG,97.76000213623048,99.05999755859376,96.75,98.05999755859376,80.79238891601562,1773000
2021-07-02,FANG,97.76000213623048,99.05999755859376,96.75,98.05999755859376,80.79238891601562,1773000
2021-07-06,FANG,98.26000213623048,98.61000061035156,90.97000122070312,91.16999816894533,75.11566162109375,3326500
2021-07-06,FANG,98.26000213623048,98.61000061035156,90.97000122070312,91.16999816894533,75.11566162109375,3326500
2021-07-07,FANG,91.25,92.6500015258789,86.80000305175781,87.98999786376953,72.49565124511719,3724000
2021-07-07,FANG,91.25,92.6500015258789,86.80000305175781,87.98999786376953,72.49565124511719,3724000
2021-07-08,FANG,85.70999908447266,89.12999725341797,85.3499984741211,88.19000244140625,72.66043090820312,3050300
2021-07-08,FANG,85.70999908447266,89.12999725341797,85.3499984741211,88.19000244140625,72.66043090820312,3050300
2021-07-09,FANG,89.41000366210938,90.75,88.0,89.41999816894531,73.67383575439453,1834200
2021-07-09,FANG,89.41000366210938,90.75,88.0,89.41999816894531,73.67383575439453,1834200
2021-07-12,FANG,88.06999969482422,90.41000366210938,86.91000366210938,89.83000183105469,74.01164245605469,1403000
2021-07-12,FANG,88.06999969482422,90.41000366210938,86.91000366210938,89.83000183105469,74.01164245605469,1403000
2021-07-13,FANG,89.83999633789062,91.12999725341795,88.19999694824219,90.04000091552734,74.18466186523438,1211900
2021-07-13,FANG,89.83999633789062,91.12999725341795,88.19999694824219,90.04000091552734,74.18466186523438,1211900
2021-07-14,FANG,90.8000030517578,91.37999725341795,84.05999755859375,84.58000183105469,69.68611907958984,2219300
2021-07-14,FANG,90.8000030517578,91.37999725341795,84.05999755859375,84.58000183105469,69.68611907958984,2219300
2021-07-15,FANG,83.1500015258789,84.62000274658203,80.7699966430664,81.73999786376953,67.34622192382812,2985800
2021-07-15,FANG,83.1500015258789,84.62000274658203,80.7699966430664,81.73999786376953,67.34622192382812,2985800
2021-07-16,FANG,82.56999969482422,82.91000366210938,78.01000213623047,78.36000061035156,64.5614242553711,1964600
2021-07-16,FANG,82.56999969482422,82.91000366210938,78.01000213623047,78.36000061035156,64.5614242553711,1964600
2021-07-19,FANG,74.2300033569336,76.27999877929688,71.3499984741211,73.19000244140625,60.30183029174805,4708000
2021-07-19,FANG,74.2300033569336,76.27999877929688,71.3499984741211,73.19000244140625,60.30183029174805,4708000
2021-07-20,FANG,72.66000366210938,76.25,71.87999725341797,74.91999816894531,61.7271614074707,2800200
2021-07-20,FANG,72.66000366210938,76.25,71.87999725341797,74.91999816894531,61.7271614074707,2800200
2021-07-21,FANG,75.75,80.36000061035156,75.75,79.33999633789062,65.36883544921875,2988100
2021-07-21,FANG,75.75,80.36000061035156,75.75,79.33999633789062,65.36883544921875,2988100
2021-07-22,FANG,79.1500015258789,79.38999938964844,76.88999938964844,78.66999816894531,64.81681823730469,1593800
2021-07-22,FANG,79.1500015258789,79.38999938964844,76.88999938964844,78.66999816894531,64.81681823730469,1593800
2021-07-23,FANG,79.9000015258789,79.9000015258789,77.02999877929688,78.23999786376953,64.4625473022461,1939000
2021-07-23,FANG,79.9000015258789,79.9000015258789,77.02999877929688,78.23999786376953,64.4625473022461,1939000
2021-07-26,FANG,78.25,81.43000030517578,78.11000061035156,80.25,66.11859893798828,2016500
2021-07-26,FANG,78.25,81.43000030517578,78.11000061035156,80.25,66.11859893798828,2016500
2021-07-27,FANG,79.0,79.69000244140625,77.68000030517578,78.55000305175781,64.71795654296875,1815900
2021-07-27,FANG,79.0,79.69000244140625,77.68000030517578,78.55000305175781,64.71795654296875,1815900
2021-07-28,FANG,78.81999969482422,80.66999816894531,78.01000213623047,79.58000183105469,65.56658172607422,2753200
2021-07-28,FANG,78.81999969482422,80.66999816894531,78.01000213623047,79.58000183105469,65.56658172607422,2753200
2021-07-29,FANG,80.62999725341797,80.80000305175781,78.6500015258789,79.54000091552734,65.53363037109375,1479200
2021-07-29,FANG,80.62999725341797,80.80000305175781,78.6500015258789,79.54000091552734,65.53363037109375,1479200
2021-07-30,FANG,79.27999877929688,79.41000366210938,76.25,77.12999725341797,63.54800415039063,2085100
2021-07-30,FANG,79.27999877929688,79.41000366210938,76.25,77.12999725341797,63.54800415039063,2085100
2021-08-02,FANG,77.63999938964844,79.7300033569336,75.91999816894531,76.75,63.23494338989258,2854500
2021-08-02,FANG,77.63999938964844,79.7300033569336,75.91999816894531,76.75,63.23494338989258,2854500
2021-08-03,FANG,75.5199966430664,81.26000213623047,75.5,80.52999877929688,66.34929656982422,4093400
2021-08-03,FANG,75.5199966430664,81.26000213623047,75.5,80.52999877929688,66.34929656982422,4093400
2021-08-04,FANG,78.61000061035156,80.25,76.0199966430664,76.41999816894531,62.96303176879883,2713700
2021-08-04,FANG,78.61000061035156,80.25,76.0199966430664,76.41999816894531,62.96303176879883,2713700
2021-08-05,FANG,77.43000030517578,80.66000366210938,76.27999877929688,79.83000183105469,65.7725601196289,2331200
2021-08-05,FANG,77.43000030517578,80.66000366210938,76.27999877929688,79.83000183105469,65.7725601196289,2331200
2021-08-06,FANG,81.16000366210938,82.29000091552734,79.33000183105469,80.05000305175781,65.9538345336914,1661600
2021-08-06,FANG,81.16000366210938,82.29000091552734,79.33000183105469,80.05000305175781,65.9538345336914,1661600
2021-08-09,FANG,78.2699966430664,79.12999725341797,76.58999633789062,77.2300033569336,63.630409240722656,2151200
2021-08-09,FANG,78.2699966430664,79.12999725341797,76.58999633789062,77.2300033569336,63.630409240722656,2151200
2021-08-10,FANG,78.43000030517578,79.75,77.98999786376953,78.12000274658203,64.36368560791016,2719400
2021-08-10,FANG,78.43000030517578,79.75,77.98999786376953,78.12000274658203,64.36368560791016,2719400
2021-08-11,FANG,77.2300033569336,79.0199966430664,75.20999908447266,79.01000213623047,65.47411346435547,1696600
2021-08-11,FANG,77.2300033569336,79.0199966430664,75.20999908447266,79.01000213623047,65.47411346435547,1696600
2021-08-12,FANG,78.69000244140625,79.86000061035156,77.31999969482422,79.37000274658203,65.77245330810547,972300
2021-08-12,FANG,78.69000244140625,79.86000061035156,77.31999969482422,79.37000274658203,65.77245330810547,972300
2021-08-13,FANG,79.5199966430664,79.5199966430664,75.52999877929688,75.63999938964844,62.68146133422852,1786600
2021-08-13,FANG,79.5199966430664,79.5199966430664,75.52999877929688,75.63999938964844,62.68146133422852,1786600
2021-08-16,FANG,74.2699966430664,74.5199966430664,72.1500015258789,72.54000091552734,60.11254501342773,2563800
2021-08-16,FANG,74.2699966430664,74.5199966430664,72.1500015258789,72.54000091552734,60.11254501342773,2563800
2021-08-17,FANG,72.0,74.25,71.4000015258789,71.87999725341797,59.56560516357422,1906700
2021-08-17,FANG,72.0,74.25,71.4000015258789,71.87999725341797,59.56560516357422,1906700
2021-08-18,FANG,72.0999984741211,73.19999694824219,69.69999694824219,69.80999755859375,57.85023498535156,1633800
2021-08-18,FANG,72.0999984741211,73.19999694824219,69.69999694824219,69.80999755859375,57.85023498535156,1633800
2021-08-19,FANG,68.16999816894531,69.19999694824219,65.93000030517578,67.87999725341797,56.25088882446289,4156600
2021-08-19,FANG,68.16999816894531,69.19999694824219,65.93000030517578,67.87999725341797,56.25088882446289,4156600
2021-08-20,FANG,67.01000213623047,68.55000305175781,66.12000274658203,68.18000030517578,56.49949264526367,2305800
2021-08-20,FANG,67.01000213623047,68.55000305175781,66.12000274658203,68.18000030517578,56.49949264526367,2305800
2021-08-23,FANG,71.48999786376953,73.2699966430664,70.91999816894531,72.19999694824219,59.83078384399414,3154700
2021-08-23,FANG,71.48999786376953,73.2699966430664,70.91999816894531,72.19999694824219,59.83078384399414,3154700
2021-08-24,FANG,73.66999816894531,74.72000122070312,72.79000091552734,74.19999694824219,61.48815155029297,2315800
2021-08-24,FANG,73.66999816894531,74.72000122070312,72.79000091552734,74.19999694824219,61.48815155029297,2315800
2021-08-25,FANG,74.37000274658203,75.36000061035156,73.30999755859375,75.01000213623047,62.15939712524414,1731000
2021-08-25,FANG,74.37000274658203,75.36000061035156,73.30999755859375,75.01000213623047,62.15939712524414,1731000
2021-08-26,FANG,74.5199966430664,74.5199966430664,72.4800033569336,73.08000183105469,60.560035705566406,1886200
2021-08-26,FANG,74.5199966430664,74.5199966430664,72.4800033569336,73.08000183105469,60.560035705566406,1886200
2021-08-27,FANG,74.19999694824219,77.06999969482422,74.19999694824219,76.6500015258789,63.5184326171875,2360000
2021-08-27,FANG,74.19999694824219,77.06999969482422,74.19999694824219,76.6500015258789,63.5184326171875,2360000
2021-08-30,FANG,77.9800033569336,78.0999984741211,75.77999877929688,76.27999877929688,63.21180725097656,1551200
2021-08-30,FANG,77.9800033569336,78.0999984741211,75.77999877929688,76.27999877929688,63.21180725097656,1551200
2021-08-31,FANG,75.88999938964844,78.05000305175781,74.86000061035156,77.13999938964844,63.92448043823242,1550600
2021-08-31,FANG,75.88999938964844,78.05000305175781,74.86000061035156,77.13999938964844,63.92448043823242,1550600
2021-09-01,FANG,77.16000366210938,77.30000305175781,73.26000213623047,74.16000366210938,61.45500183105469,4149500
2021-09-01,FANG,77.16000366210938,77.30000305175781,73.26000213623047,74.16000366210938,61.45500183105469,4149500
2021-09-02,FANG,75.26000213623047,78.19999694824219,74.95999908447266,76.56999969482422,63.4521369934082,2422800
2021-09-02,FANG,75.26000213623047,78.19999694824219,74.95999908447266,76.56999969482422,63.4521369934082,2422800
2021-09-03,FANG,76.41999816894531,76.9000015258789,74.66999816894531,75.55999755859375,62.61516189575195,1671700
2021-09-03,FANG,76.41999816894531,76.9000015258789,74.66999816894531,75.55999755859375,62.61516189575195,1671700
2021-09-07,FANG,75.25,76.72000122070312,73.97000122070312,74.93000030517578,62.09308624267578,2166800
2021-09-07,FANG,75.25,76.72000122070312,73.97000122070312,74.93000030517578,62.09308624267578,2166800
2021-09-08,FANG,75.83999633789062,76.91999816894531,73.94999694824219,74.69999694824219,61.902488708496094,1900500
2021-09-08,FANG,75.83999633789062,76.91999816894531,73.94999694824219,74.69999694824219,61.902488708496094,1900500
2021-09-09,FANG,74.06999969482422,77.43000030517578,73.30999755859375,75.66000366210938,62.698028564453125,1823800
2021-09-09,FANG,74.06999969482422,77.43000030517578,73.30999755859375,75.66000366210938,62.698028564453125,1823800
2021-09-10,FANG,77.37999725341797,77.38999938964844,74.91999816894531,75.04000091552734,62.18424987792969,1385400
2021-09-10,FANG,77.37999725341797,77.38999938964844,74.91999816894531,75.04000091552734,62.18424987792969,1385400
2021-09-13,FANG,76.16000366210938,78.94999694824219,76.16000366210938,77.80000305175781,64.47140502929688,2117300
2021-09-13,FANG,76.16000366210938,78.94999694824219,76.16000366210938,77.80000305175781,64.47140502929688,2117300
2021-09-14,FANG,78.83999633789062,78.88999938964844,75.05000305175781,75.68000030517578,62.71460723876953,1936600
2021-09-14,FANG,78.83999633789062,78.88999938964844,75.05000305175781,75.68000030517578,62.71460723876953,1936600
2021-09-15,FANG,77.63999938964844,81.97000122070312,77.38999938964844,81.58000183105469,67.60382080078125,3566300
2021-09-15,FANG,77.63999938964844,81.97000122070312,77.38999938964844,81.58000183105469,67.60382080078125,3566300
2021-09-16,FANG,80.94999694824219,81.04000091552734,78.93000030517578,80.06999969482422,66.35253143310547,1994800
2021-09-16,FANG,80.94999694824219,81.04000091552734,78.93000030517578,80.06999969482422,66.35253143310547,1994800
2021-09-17,FANG,82.9800033569336,84.3499984741211,82.0,82.62000274658203,68.46566009521484,6737600
2021-09-17,FANG,82.9800033569336,84.3499984741211,82.0,82.62000274658203,68.46566009521484,6737600
2021-09-20,FANG,78.77999877929688,80.83999633789062,77.20999908447266,79.11000061035156,65.55699920654297,3205500
2021-09-20,FANG,78.77999877929688,80.83999633789062,77.20999908447266,79.11000061035156,65.55699920654297,3205500
2021-09-21,FANG,80.33000183105469,81.02999877929688,78.13999938964844,80.04000091552734,66.32764434814453,2147000
2021-09-21,FANG,80.33000183105469,81.02999877929688,78.13999938964844,80.04000091552734,66.32764434814453,2147000
2021-09-22,FANG,81.8499984741211,85.25,81.80999755859375,84.37999725341797,69.92411804199219,2866600
2021-09-22,FANG,81.8499984741211,85.25,81.80999755859375,84.37999725341797,69.92411804199219,2866600
2021-09-23,FANG,84.69999694824219,88.76000213623047,84.47000122070312,87.86000061035156,72.80795288085938,2534300
2021-09-23,FANG,84.69999694824219,88.76000213623047,84.47000122070312,87.86000061035156,72.80795288085938,2534300
2021-09-24,FANG,87.2300033569336,90.87000274658205,86.75,88.72000122070312,73.5206069946289,2385400
2021-09-24,FANG,87.2300033569336,90.87000274658205,86.75,88.72000122070312,73.5206069946289,2385400
2021-09-27,FANG,91.54000091552734,95.72000122070312,91.52999877929688,95.4800033569336,79.12248992919922,3893100
2021-09-27,FANG,91.54000091552734,95.72000122070312,91.52999877929688,95.4800033569336,79.12248992919922,3893100
2021-09-28,FANG,97.0,97.43000030517578,93.38999938964844,94.9800033569336,78.70817565917969,3429100
2021-09-28,FANG,97.0,97.43000030517578,93.38999938964844,94.9800033569336,78.70817565917969,3429100
2021-09-29,FANG,94.30999755859376,96.9499969482422,94.05999755859376,96.0500030517578,79.59485626220703,2400300
2021-09-29,FANG,94.30999755859376,96.9499969482422,94.05999755859376,96.0500030517578,79.59485626220703,2400300
2021-09-30,FANG,95.56999969482422,97.69000244140624,94.48999786376952,94.66999816894533,78.45125579833984,2991200
2021-09-30,FANG,95.56999969482422,97.69000244140624,94.48999786376952,94.66999816894533,78.45125579833984,2991200
2021-10-01,FANG,95.2699966430664,98.95999908447266,94.80999755859376,98.86000061035156,81.9234390258789,2777100
2021-10-01,FANG,95.2699966430664,98.95999908447266,94.80999755859376,98.86000061035156,81.9234390258789,2777100
2021-10-04,FANG,100.44000244140624,104.93000030517578,99.0500030517578,103.37999725341795,85.6690673828125,4564700
2021-10-04,FANG,100.44000244140624,104.93000030517578,99.0500030517578,103.37999725341795,85.6690673828125,4564700
2021-10-05,FANG,105.0,107.5500030517578,102.19000244140624,104.16000366210938,86.31546020507812,4147300
2021-10-05,FANG,105.0,107.5500030517578,102.19000244140624,104.16000366210938,86.31546020507812,4147300
2021-10-06,FANG,100.62000274658205,104.58999633789062,100.16999816894533,104.11000061035156,86.27401733398438,3002700
2021-10-06,FANG,100.62000274658205,104.58999633789062,100.16999816894533,104.11000061035156,86.27401733398438,3002700
2021-10-07,FANG,104.22000122070312,105.7300033569336,102.5999984741211,105.12000274658205,87.11097717285156,2158700
2021-10-07,FANG,104.22000122070312,105.7300033569336,102.5999984741211,105.12000274658205,87.11097717285156,2158700
2021-10-08,FANG,106.54000091552734,110.5,106.23999786376952,109.9000015258789,91.07207489013672,3156400
2021-10-08,FANG,106.54000091552734,110.5,106.23999786376952,109.9000015258789,91.07207489013672,3156400
2021-10-11,FANG,112.02999877929688,114.0999984741211,110.12000274658205,110.7300033569336,91.75988006591795,3252500
2021-10-11,FANG,112.02999877929688,114.0999984741211,110.12000274658205,110.7300033569336,91.75988006591795,3252500
2021-10-12,FANG,110.5999984741211,113.01000213623048,108.23999786376952,110.0,91.15495300292967,2461000
2021-10-12,FANG,110.5999984741211,113.01000213623048,108.23999786376952,110.0,91.15495300292967,2461000
2021-10-13,FANG,107.4800033569336,109.62000274658205,104.83999633789062,108.19000244140624,89.65504455566406,2924600
2021-10-13,FANG,107.4800033569336,109.62000274658205,104.83999633789062,108.19000244140624,89.65504455566406,2924600
2021-10-14,FANG,110.0,110.63999938964844,106.22000122070312,108.83000183105467,90.18539428710938,2324100
2021-10-14,FANG,110.0,110.63999938964844,106.22000122070312,108.83000183105467,90.18539428710938,2324100
2021-10-15,FANG,110.16000366210938,110.8000030517578,107.9800033569336,108.27999877929688,89.72962951660156,2394200
2021-10-15,FANG,110.16000366210938,110.8000030517578,107.9800033569336,108.27999877929688,89.72962951660156,2394200
2021-10-18,FANG,111.0,114.7300033569336,108.5,109.26000213623048,90.5417251586914,3628900
2021-10-18,FANG,111.0,114.7300033569336,108.5,109.26000213623048,90.5417251586914,3628900
2021-10-19,FANG,109.76000213623048,111.36000061035156,108.41999816894533,110.94000244140624,91.93391418457033,1686500
2021-10-19,FANG,109.76000213623048,111.36000061035156,108.41999816894533,110.94000244140624,91.93391418457033,1686500
2021-10-20,FANG,109.0,111.4800033569336,108.51000213623048,111.1500015258789,92.10791778564452,1665900
2021-10-20,FANG,109.0,111.4800033569336,108.51000213623048,111.1500015258789,92.10791778564452,1665900
2021-10-21,FANG,110.44000244140624,110.86000061035156,107.76000213623048,108.93000030517578,90.26824951171876,1533000
2021-10-21,FANG,110.44000244140624,110.86000061035156,107.76000213623048,108.93000030517578,90.26824951171876,1533000
2021-10-22,FANG,109.87999725341795,111.12000274658205,108.58000183105467,109.33000183105467,90.59972381591795,2178100
2021-10-22,FANG,109.87999725341795,111.12000274658205,108.58000183105467,109.33000183105467,90.59972381591795,2178100
2021-10-25,FANG,111.26000213623048,112.88999938964844,108.97000122070312,109.41000366210938,90.66603088378906,2841100
2021-10-25,FANG,111.26000213623048,112.88999938964844,108.97000122070312,109.41000366210938,90.66603088378906,2841100
2021-10-26,FANG,110.4800033569336,112.45999908447266,109.62000274658205,111.69000244140624,92.55541229248048,1901700
2021-10-26,FANG,110.4800033569336,112.45999908447266,109.62000274658205,111.69000244140624,92.55541229248048,1901700
2021-10-27,FANG,109.5,111.62000274658205,107.37999725341795,107.58000183105467,89.1495590209961,2080200
2021-10-27,FANG,109.5,111.62000274658205,107.37999725341795,107.58000183105467,89.1495590209961,2080200
2021-10-28,FANG,106.6500015258789,109.05999755859376,106.4499969482422,109.01000213623048,90.33455657958984,1685000
2021-10-28,FANG,106.6500015258789,109.05999755859376,106.4499969482422,109.01000213623048,90.33455657958984,1685000
2021-10-29,FANG,109.0,109.30999755859376,105.47000122070312,107.19000244140624,88.82635498046875,2158500
2021-10-29,FANG,109.0,109.30999755859376,105.47000122070312,107.19000244140624,88.82635498046875,2158500
2021-11-01,FANG,109.83000183105467,112.12000274658205,109.3499984741211,111.61000061035156,92.48912811279295,3992000
2021-11-01,FANG,109.83000183105467,112.12000274658205,109.3499984741211,111.61000061035156,92.48912811279295,3992000
2021-11-02,FANG,109.75,116.11000061035156,108.0999984741211,114.4499969482422,94.8425750732422,4236000
2021-11-02,FANG,109.75,116.11000061035156,108.0999984741211,114.4499969482422,94.8425750732422,4236000
2021-11-03,FANG,113.37999725341795,115.23999786376952,110.51000213623048,111.80999755859376,92.65486907958984,2673400
2021-11-03,FANG,113.37999725341795,115.23999786376952,110.51000213623048,111.80999755859376,92.65486907958984,2673400
2021-11-04,FANG,114.45999908447266,116.38999938964844,110.91999816894533,112.76000213623048,93.44210815429688,2656000
2021-11-04,FANG,114.45999908447266,116.38999938964844,110.91999816894533,112.76000213623048,93.44210815429688,2656000
2021-11-05,FANG,114.41000366210938,115.38999938964844,112.55999755859376,113.79000091552734,94.295654296875,1870100
2021-11-05,FANG,114.41000366210938,115.38999938964844,112.55999755859376,113.79000091552734,94.295654296875,1870100
2021-11-08,FANG,115.2699966430664,117.70999908447266,114.8499984741211,115.70999908447266,95.88671875,2161800
2021-11-08,FANG,115.2699966430664,117.70999908447266,114.8499984741211,115.70999908447266,95.88671875,2161800
2021-11-09,FANG,115.0,116.1500015258789,110.69000244140624,112.98999786376952,94.03904724121094,2347300
2021-11-09,FANG,115.0,116.1500015258789,110.69000244140624,112.98999786376952,94.03904724121094,2347300
2021-11-10,FANG,112.38999938964844,112.4000015258789,105.66999816894533,107.16000366210938,89.1868896484375,2657600
2021-11-10,FANG,112.38999938964844,112.4000015258789,105.66999816894533,107.16000366210938,89.1868896484375,2657600
2021-11-11,FANG,107.58000183105467,109.9499969482422,107.55999755859376,108.7699966430664,90.52685546875,1649100
2021-11-11,FANG,107.58000183105467,109.9499969482422,107.55999755859376,108.7699966430664,90.52685546875,1649100
2021-11-12,FANG,108.2300033569336,110.97000122070312,107.69000244140624,109.9499969482422,91.50895690917967,1820400
2021-11-12,FANG,108.2300033569336,110.97000122070312,107.69000244140624,109.9499969482422,91.50895690917967,1820400
2021-11-15,FANG,109.73999786376952,111.87000274658205,106.76000213623048,111.16999816894533,92.52432250976562,1707800
2021-11-15,FANG,109.73999786376952,111.87000274658205,106.76000213623048,111.16999816894533,92.52432250976562,1707800
2021-11-16,FANG,112.0,112.75,109.68000030517578,110.18000030517578,91.70035552978516,2032400
2021-11-16,FANG,112.0,112.75,109.68000030517578,110.18000030517578,91.70035552978516,2032400
2021-11-17,FANG,108.33999633789062,111.23999786376952,106.61000061035156,107.23999786376952,89.25345611572266,2341200
2021-11-17,FANG,108.33999633789062,111.23999786376952,106.61000061035156,107.23999786376952,89.25345611572266,2341200
2021-11-18,FANG,107.5,110.33000183105467,105.86000061035156,107.95999908447266,89.85270690917969,1903100
2021-11-18,FANG,107.5,110.33000183105467,105.86000061035156,107.95999908447266,89.85270690917969,1903100
2021-11-19,FANG,104.56999969482422,105.79000091552734,100.77999877929688,102.16999816894533,85.03382110595703,4786700
2021-11-19,FANG,104.56999969482422,105.79000091552734,100.77999877929688,102.16999816894533,85.03382110595703,4786700
2021-11-22,FANG,102.3000030517578,108.05999755859376,102.23999786376952,105.47000122070312,87.78033447265625,2790200
2021-11-22,FANG,102.3000030517578,108.05999755859376,102.23999786376952,105.47000122070312,87.78033447265625,2790200
2021-11-23,FANG,108.5999984741211,111.29000091552734,108.01000213623048,110.19000244140624,91.70868682861328,2824600
2021-11-23,FANG,108.5999984741211,111.29000091552734,108.01000213623048,110.19000244140624,91.70868682861328,2824600
2021-11-24,FANG,108.6500015258789,114.93000030517578,108.5,114.1999969482422,95.04611206054688,2163700
2021-11-24,FANG,108.6500015258789,114.93000030517578,108.5,114.1999969482422,95.04611206054688,2163700
2021-11-26,FANG,105.3000030517578,108.33999633789062,102.4499969482422,107.4800033569336,89.45320892333984,3128400
2021-11-26,FANG,105.3000030517578,108.33999633789062,102.4499969482422,107.4800033569336,89.45320892333984,3128400
2021-11-29,FANG,111.70999908447266,115.76000213623048,108.37000274658205,109.93000030517578,91.49230194091795,4238700
2021-11-29,FANG,111.70999908447266,115.76000213623048,108.37000274658205,109.93000030517578,91.49230194091795,4238700
2021-11-30,FANG,106.12999725341795,111.29000091552734,105.91000366210938,106.7300033569336,88.82901000976562,15960100
2021-11-30,FANG,106.12999725341795,111.29000091552734,105.91000366210938,106.7300033569336,88.82901000976562,15960100
2021-12-01,FANG,109.52999877929688,109.88999938964844,102.91000366210938,103.0,85.72461700439453,4079700
2021-12-01,FANG,109.52999877929688,109.88999938964844,102.91000366210938,103.0,85.72461700439453,4079700
2021-12-02,FANG,101.52999877929688,107.68000030517578,99.5199966430664,106.43000030517578,88.5793228149414,2894300
2021-12-02,FANG,101.52999877929688,107.68000030517578,99.5199966430664,106.43000030517578,88.5793228149414,2894300
2021-12-03,FANG,108.16999816894533,109.19000244140624,103.66000366210938,106.0,88.22144317626953,2497100
2021-12-03,FANG,108.16999816894533,109.19000244140624,103.66000366210938,106.0,88.22144317626953,2497100
2021-12-06,FANG,108.13999938964844,109.73999786376952,105.5500030517578,108.2300033569336,90.0774383544922,1926900
2021-12-06,FANG,108.13999938964844,109.73999786376952,105.5500030517578,108.2300033569336,90.0774383544922,1926900
2021-12-07,FANG,110.16999816894533,116.87000274658205,109.9499969482422,115.58999633789062,96.2029800415039,2953800
2021-12-07,FANG,110.16999816894533,116.87000274658205,109.9499969482422,115.58999633789062,96.2029800415039,2953800
2021-12-08,FANG,116.0999984741211,116.62999725341795,113.08999633789062,113.62999725341795,94.57171630859376,2304500
2021-12-08,FANG,116.0999984741211,116.62999725341795,113.08999633789062,113.62999725341795,94.57171630859376,2304500
2021-12-09,FANG,112.38999938964844,113.43000030517578,109.81999969482422,110.33000183105467,91.82521057128906,1931500
2021-12-09,FANG,112.38999938964844,113.43000030517578,109.81999969482422,110.33000183105467,91.82521057128906,1931500
2021-12-10,FANG,111.5999984741211,112.23999786376952,107.75,111.18000030517578,92.53263854980467,1940800
2021-12-10,FANG,111.5999984741211,112.23999786376952,107.75,111.18000030517578,92.53263854980467,1940800
2021-12-13,FANG,109.88999938964844,110.91000366210938,105.5500030517578,106.61000061035156,88.7291259765625,2011900
2021-12-13,FANG,109.88999938964844,110.91000366210938,105.5500030517578,106.61000061035156,88.7291259765625,2011900
2021-12-14,FANG,104.63999938964844,107.55999755859376,103.5500030517578,104.06999969482422,86.61515045166016,2764200
2021-12-14,FANG,104.63999938964844,107.55999755859376,103.5500030517578,104.06999969482422,86.61515045166016,2764200
2021-12-15,FANG,104.55999755859376,104.55999755859376,99.02999877929688,103.75,86.34880828857422,3691000
2021-12-15,FANG,104.55999755859376,104.55999755859376,99.02999877929688,103.75,86.34880828857422,3691000
2021-12-16,FANG,105.58000183105467,108.2699966430664,104.79000091552734,105.3000030517578,87.63885498046875,2641200
2021-12-16,FANG,105.58000183105467,108.2699966430664,104.79000091552734,105.3000030517578,87.63885498046875,2641200
2021-12-17,FANG,103.66999816894533,104.8000030517578,100.6500015258789,102.43000030517578,85.25021362304688,5014400
2021-12-17,FANG,103.66999816894533,104.8000030517578,100.6500015258789,102.43000030517578,85.25021362304688,5014400
2021-12-20,FANG,97.62000274658205,99.98999786376952,95.0199966430664,99.12000274658205,82.49537658691406,2760900
2021-12-20,FANG,97.62000274658205,99.98999786376952,95.0199966430664,99.12000274658205,82.49537658691406,2760900
2021-12-21,FANG,101.41000366210938,105.31999969482422,100.87999725341795,104.9000015258789,87.3059310913086,2142800
2021-12-21,FANG,101.41000366210938,105.31999969482422,100.87999725341795,104.9000015258789,87.3059310913086,2142800
2021-12-22,FANG,103.81999969482422,107.0199966430664,102.9800033569336,105.69000244140624,87.96344757080078,1766700
2021-12-22,FANG,103.81999969482422,107.0199966430664,102.9800033569336,105.69000244140624,87.96344757080078,1766700
2021-12-23,FANG,106.0,107.4000015258789,105.23999786376952,105.94000244140624,88.17150115966797,1639900
2021-12-23,FANG,106.0,107.4000015258789,105.23999786376952,105.94000244140624,88.17150115966797,1639900
2021-12-27,FANG,105.93000030517578,111.22000122070312,104.12000274658205,111.13999938964844,92.49935150146484,2062700
2021-12-27,FANG,105.93000030517578,111.22000122070312,104.12000274658205,111.13999938964844,92.49935150146484,2062700
2021-12-28,FANG,111.62000274658205,112.33000183105467,109.08000183105467,110.16000366210938,91.6837158203125,1408400
2021-12-28,FANG,111.62000274658205,112.33000183105467,109.08000183105467,110.16000366210938,91.6837158203125,1408400
2021-12-29,FANG,109.94000244140624,111.22000122070312,108.5199966430664,108.70999908447266,90.47691345214844,1256500
2021-12-29,FANG,109.94000244140624,111.22000122070312,108.5199966430664,108.70999908447266,90.47691345214844,1256500
2021-12-30,FANG,108.70999908447266,109.91000366210938,107.16999816894533,107.30999755859376,89.31171417236328,1231300
2021-12-30,FANG,108.70999908447266,109.91000366210938,107.16999816894533,107.30999755859376,89.31171417236328,1231300
2021-12-31,FANG,106.11000061035156,108.31999969482422,105.47000122070312,107.8499984741211,89.76116180419922,1293700
2021-12-31,FANG,106.11000061035156,108.31999969482422,105.47000122070312,107.8499984741211,89.76116180419922,1293700
2022-01-03,FANG,107.58000183105467,112.43000030517578,107.5500030517578,111.83999633789062,93.08195495605467,2002000
2022-01-03,FANG,107.58000183105467,112.43000030517578,107.5500030517578,111.83999633789062,93.08195495605467,2002000
2022-01-04,FANG,113.30999755859376,119.6999969482422,112.73999786376952,119.1999969482422,99.20751190185548,4505400
2022-01-04,FANG,113.30999755859376,119.6999969482422,112.73999786376952,119.1999969482422,99.20751190185548,4505400
2022-01-05,FANG,121.37999725341795,123.48999786376952,117.31999969482422,118.11000061035156,98.30033111572266,3375500
2022-01-05,FANG,121.37999725341795,123.48999786376952,117.31999969482422,118.11000061035156,98.30033111572266,3375500
2022-01-06,FANG,122.9499969482422,124.41999816894533,121.12999725341795,123.6500015258789,102.9111328125,3343300
2022-01-06,FANG,122.9499969482422,124.41999816894533,121.12999725341795,123.6500015258789,102.9111328125,3343300
2022-01-07,FANG,124.0,124.69000244140624,120.22000122070312,121.5199966430664,101.13838958740234,2441400
2022-01-07,FANG,124.0,124.69000244140624,120.22000122070312,121.5199966430664,101.13838958740234,2441400
2022-01-10,FANG,121.5999984741211,121.81999969482422,117.68000030517578,121.3499984741211,100.99691009521484,2356800
2022-01-10,FANG,121.5999984741211,121.81999969482422,117.68000030517578,121.3499984741211,100.99691009521484,2356800
2022-01-11,FANG,122.22000122070312,124.91999816894533,118.88999938964844,124.36000061035156,103.50206756591795,3423500
2022-01-11,FANG,122.22000122070312,124.91999816894533,118.88999938964844,124.36000061035156,103.50206756591795,3423500
2022-01-12,FANG,125.61000061035156,125.69000244140624,122.27999877929688,124.56999969482422,103.67684936523438,3475000
2022-01-12,FANG,125.61000061035156,125.69000244140624,122.27999877929688,124.56999969482422,103.67684936523438,3475000
2022-01-13,FANG,124.19000244140624,127.2699966430664,123.52999877929688,124.08000183105467,103.2690200805664,2634300
2022-01-13,FANG,124.19000244140624,127.2699966430664,123.52999877929688,124.08000183105467,103.2690200805664,2634300
2022-01-14,FANG,124.5999984741211,129.33999633789062,124.5999984741211,129.2100067138672,107.5386199951172,1942200
2022-01-14,FANG,124.5999984741211,129.33999633789062,124.5999984741211,129.2100067138672,107.5386199951172,1942200
2022-01-18,FANG,130.38999938964844,131.75,123.8000030517578,125.94000244140624,104.81707000732422,4453700
2022-01-18,FANG,130.38999938964844,131.75,123.8000030517578,125.94000244140624,104.81707000732422,4453700
2022-01-19,FANG,127.01000213623048,127.8000030517578,123.51000213623048,125.70999908447266,104.6256332397461,2098600
2022-01-19,FANG,127.01000213623048,127.8000030517578,123.51000213623048,125.70999908447266,104.6256332397461,2098600
2022-01-20,FANG,123.0500030517578,129.1699981689453,121.6999969482422,121.91000366210938,101.4629898071289,2670500
2022-01-20,FANG,123.0500030517578,129.1699981689453,121.6999969482422,121.91000366210938,101.4629898071289,2670500
2022-01-21,FANG,119.22000122070312,120.76000213623048,115.41999816894533,117.98999786376952,98.20044708251952,3212200
2022-01-21,FANG,119.22000122070312,120.76000213623048,115.41999816894533,117.98999786376952,98.20044708251952,3212200
2022-01-24,FANG,112.9800033569336,120.13999938964844,109.20999908447266,119.41999816894533,99.3906021118164,3537000
2022-01-24,FANG,112.9800033569336,120.13999938964844,109.20999908447266,119.41999816894533,99.3906021118164,3537000
2022-01-25,FANG,118.58000183105467,128.1300048828125,115.19000244140624,126.9800033569336,105.68263244628906,3375500
2022-01-25,FANG,118.58000183105467,128.1300048828125,115.19000244140624,126.9800033569336,105.68263244628906,3375500
2022-01-26,FANG,129.72000122070312,131.58999633789062,125.1500015258789,127.4000015258789,106.0321807861328,3170400
2022-01-26,FANG,129.72000122070312,131.58999633789062,125.1500015258789,127.4000015258789,106.0321807861328,3170400
2022-01-27,FANG,131.5,134.05999755859375,126.01000213623048,128.63999938964844,107.06420135498048,2673700
2022-01-27,FANG,131.5,134.05999755859375,126.01000213623048,128.63999938964844,107.06420135498048,2673700
2022-01-28,FANG,129.25999450683594,130.52999877929688,125.05999755859376,128.72000122070312,107.13079833984376,2358700
2022-01-28,FANG,129.25999450683594,130.52999877929688,125.05999755859376,128.72000122070312,107.13079833984376,2358700
2022-01-31,FANG,128.0,129.6199951171875,125.1999969482422,126.16000366210938,105.00015258789062,2421900
2022-01-31,FANG,128.0,129.6199951171875,125.1999969482422,126.16000366210938,105.00015258789062,2421900
2022-02-01,FANG,124.81999969482422,131.22999572753906,122.5999984741211,130.2100067138672,108.37088775634766,3556400
2022-02-01,FANG,124.81999969482422,131.22999572753906,122.5999984741211,130.2100067138672,108.37088775634766,3556400
2022-02-02,FANG,129.99000549316406,131.82000732421875,127.23999786376952,130.97000122070312,109.00342559814452,2201100
2022-02-02,FANG,129.99000549316406,131.82000732421875,127.23999786376952,130.97000122070312,109.00342559814452,2201100
2022-02-03,FANG,129.42999267578125,130.60000610351562,126.73999786376952,129.38999938964844,107.68841552734376,1822000
2022-02-03,FANG,129.42999267578125,130.60000610351562,126.73999786376952,129.38999938964844,107.68841552734376,1822000
2022-02-04,FANG,131.63999938964844,135.6999969482422,130.8300018310547,132.05999755859375,109.91061401367188,2799500
2022-02-04,FANG,131.63999938964844,135.6999969482422,130.8300018310547,132.05999755859375,109.91061401367188,2799500
2022-02-07,FANG,131.0,133.08999633789062,128.4600067138672,130.17999267578125,108.34591674804688,2070100
2022-02-07,FANG,131.0,133.08999633789062,128.4600067138672,130.17999267578125,108.34591674804688,2070100
2022-02-08,FANG,129.14999389648438,129.61000061035156,122.08000183105467,124.37000274658205,103.51039123535156,3257900
2022-02-08,FANG,129.14999389648438,129.61000061035156,122.08000183105467,124.37000274658205,103.51039123535156,3257900
2022-02-09,FANG,124.48999786376952,129.49000549316406,124.48999786376952,128.8800048828125,107.2639617919922,1794100
2022-02-09,FANG,124.48999786376952,129.49000549316406,124.48999786376952,128.8800048828125,107.2639617919922,1794100
2022-02-10,FANG,128.08999633789062,134.08999633789062,127.55999755859376,130.4199981689453,108.54566192626952,2416700
2022-02-10,FANG,128.08999633789062,134.08999633789062,127.55999755859376,130.4199981689453,108.54566192626952,2416700
2022-02-11,FANG,131.82000732421875,136.5500030517578,129.91000366210938,135.57000732421875,112.83190155029295,3674500
2022-02-11,FANG,131.82000732421875,136.5500030517578,129.91000366210938,135.57000732421875,112.83190155029295,3674500
2022-02-14,FANG,134.0800018310547,135.5,128.9199981689453,130.47000122070312,108.5872802734375,2986200
2022-02-14,FANG,134.0800018310547,135.5,128.9199981689453,130.47000122070312,108.5872802734375,2986200
2022-02-15,FANG,126.0,128.41000366210938,123.12000274658205,127.87999725341795,106.4316864013672,2331200
2022-02-15,FANG,126.0,128.41000366210938,123.12000274658205,127.87999725341795,106.4316864013672,2331200
2022-02-16,FANG,129.0800018310547,133.61000061035156,128.19000244140625,129.82000732421875,108.0462875366211,2270900
2022-02-16,FANG,129.0800018310547,133.61000061035156,128.19000244140625,129.82000732421875,108.0462875366211,2270900
2022-02-17,FANG,129.6199951171875,132.9499969482422,129.1300048828125,129.69000244140625,107.93809509277344,1933200
2022-02-17,FANG,129.6199951171875,132.9499969482422,129.1300048828125,129.69000244140625,107.93809509277344,1933200
2022-02-18,FANG,128.0,132.47999572753906,127.37999725341795,131.47000122070312,109.4195556640625,2856800
2022-02-18,FANG,128.0,132.47999572753906,127.37999725341795,131.47000122070312,109.4195556640625,2856800
2022-02-22,FANG,134.9499969482422,136.32000732421875,126.25,128.02999877929688,106.55652618408205,4222400
2022-02-22,FANG,134.9499969482422,136.32000732421875,126.25,128.02999877929688,106.55652618408205,4222400
2022-02-23,FANG,129.55999755859375,134.60000610351562,127.72000122070312,129.55999755859375,107.82991027832033,3944000
2022-02-23,FANG,129.55999755859375,134.60000610351562,127.72000122070312,129.55999755859375,107.82991027832033,3944000
2022-02-24,FANG,133.1199951171875,133.1699981689453,123.16000366210938,127.88999938964844,106.43999481201172,4639500
2022-02-24,FANG,133.1199951171875,133.1699981689453,123.16000366210938,127.88999938964844,106.43999481201172,4639500
2022-02-25,FANG,127.56999969482422,133.97999572753906,127.56999969482422,133.27000427246094,110.91765594482422,3169100
2022-02-25,FANG,127.56999969482422,133.97999572753906,127.56999969482422,133.27000427246094,110.91765594482422,3169100
2022-02-28,FANG,132.25,138.47000122070312,131.25999450683594,138.10000610351562,114.9375457763672,3783500
2022-02-28,FANG,132.25,138.47000122070312,131.25999450683594,138.10000610351562,114.9375457763672,3783500
2022-03-01,FANG,139.6699981689453,142.08999633789062,133.9600067138672,136.8300018310547,113.88055419921876,3782000
2022-03-01,FANG,139.6699981689453,142.08999633789062,133.9600067138672,136.8300018310547,113.88055419921876,3782000
2022-03-02,FANG,140.19000244140625,140.22999572753906,135.44000244140625,136.6699981689453,113.74740600585938,2960700
2022-03-02,FANG,140.19000244140625,140.22999572753906,135.44000244140625,136.6699981689453,113.74740600585938,2960700
2022-03-03,FANG,133.85000610351562,135.94000244140625,132.97000122070312,134.1199951171875,112.11730194091795,2327100
2022-03-03,FANG,133.85000610351562,135.94000244140625,132.97000122070312,134.1199951171875,112.11730194091795,2327100
2022-03-04,FANG,134.5,139.5800018310547,134.3000030517578,137.8000030517578,115.19356536865234,3083700
2022-03-04,FANG,134.5,139.5800018310547,134.3000030517578,137.8000030517578,115.19356536865234,3083700
2022-03-07,FANG,139.11000061035156,140.22999572753906,130.3699951171875,134.44000244140625,112.38479614257812,4263200
2022-03-07,FANG,139.11000061035156,140.22999572753906,130.3699951171875,134.44000244140625,112.38479614257812,4263200
2022-03-08,FANG,136.00999450683594,140.72000122070312,129.35000610351562,134.44000244140625,112.38479614257812,4156700
2022-03-08,FANG,136.00999450683594,140.72000122070312,129.35000610351562,134.44000244140625,112.38479614257812,4156700
2022-03-09,FANG,132.85000610351562,132.85000610351562,125.88999938964844,130.0500030517578,108.71500396728516,4367400
2022-03-09,FANG,132.85000610351562,132.85000610351562,125.88999938964844,130.0500030517578,108.71500396728516,4367400
2022-03-10,FANG,130.9600067138672,134.60000610351562,129.35000610351562,134.07000732421875,112.07550811767578,3019700
2022-03-10,FANG,130.9600067138672,134.60000610351562,129.35000610351562,134.07000732421875,112.07550811767578,3019700
2022-03-11,FANG,132.0800018310547,134.05999755859375,129.24000549316406,129.6699981689453,108.39733123779295,2354700
2022-03-11,FANG,132.0800018310547,134.05999755859375,129.24000549316406,129.6699981689453,108.39733123779295,2354700
2022-03-14,FANG,127.87000274658205,128.6699981689453,122.6500015258789,126.19000244140624,105.4882354736328,2915000
2022-03-14,FANG,127.87000274658205,128.6699981689453,122.6500015258789,126.19000244140624,105.4882354736328,2915000
2022-03-15,FANG,120.8000030517578,126.0999984741211,119.43000030517578,124.55999755859376,104.12564086914062,3328700
2022-03-15,FANG,120.8000030517578,126.0999984741211,119.43000030517578,124.55999755859376,104.12564086914062,3328700
2022-03-16,FANG,124.62000274658205,126.73999786376952,123.33000183105467,125.62999725341795,105.02011108398438,3209300
2022-03-16,FANG,124.62000274658205,126.73999786376952,123.33000183105467,125.62999725341795,105.02011108398438,3209300
2022-03-17,FANG,128.77999877929688,134.8300018310547,128.72000122070312,133.8800048828125,111.91667175292967,3426900
2022-03-17,FANG,128.77999877929688,134.8300018310547,128.72000122070312,133.8800048828125,111.91667175292967,3426900
2022-03-18,FANG,133.6699981689453,135.4600067138672,131.0500030517578,131.4499969482422,109.88532257080078,4813900
2022-03-18,FANG,133.6699981689453,135.4600067138672,131.0500030517578,131.4499969482422,109.88532257080078,4813900
2022-03-21,FANG,135.0,140.49000549316406,134.27000427246094,139.8800048828125,116.9323501586914,4203600
2022-03-21,FANG,135.0,140.49000549316406,134.27000427246094,139.8800048828125,116.9323501586914,4203600
2022-03-22,FANG,139.3300018310547,139.6699981689453,135.82000732421875,137.35000610351562,114.81741333007812,2898000
2022-03-22,FANG,139.3300018310547,139.6699981689453,135.82000732421875,137.35000610351562,114.81741333007812,2898000
2022-03-23,FANG,140.22000122070312,142.85000610351562,138.25,142.63999938964844,119.23959350585938,2748800
2022-03-23,FANG,140.22000122070312,142.85000610351562,138.25,142.63999938964844,119.23959350585938,2748800
2022-03-24,FANG,142.5,144.8000030517578,141.38999938964844,143.19000244140625,119.69933319091795,2042100
2022-03-24,FANG,142.5,144.8000030517578,141.38999938964844,143.19000244140625,119.69933319091795,2042100
2022-03-25,FANG,141.9199981689453,147.99000549316406,141.9199981689453,146.50999450683594,122.4746551513672,2169400
2022-03-25,FANG,141.9199981689453,147.99000549316406,141.9199981689453,146.50999450683594,122.4746551513672,2169400
2022-03-28,FANG,142.02999877929688,142.52000427246094,139.2100067138672,140.6999969482422,117.61781311035156,1948600
2022-03-28,FANG,142.02999877929688,142.52000427246094,139.2100067138672,140.6999969482422,117.61781311035156,1948600
2022-03-29,FANG,135.8300018310547,139.13999938964844,133.3000030517578,138.72999572753906,115.97102355957033,2263600
2022-03-29,FANG,135.8300018310547,139.13999938964844,133.3000030517578,138.72999572753906,115.97102355957033,2263600
2022-03-30,FANG,141.4199981689453,142.4499969482422,138.1999969482422,139.14999389648438,116.32211303710938,1563300
2022-03-30,FANG,141.4199981689453,142.4499969482422,138.1999969482422,139.14999389648438,116.32211303710938,1563300
2022-03-31,FANG,137.63999938964844,141.2100067138672,137.0800018310547,137.0800018310547,114.59169006347656,1887700
2022-03-31,FANG,137.63999938964844,141.2100067138672,137.0800018310547,137.0800018310547,114.59169006347656,1887700
2022-04-01,FANG,137.17999267578125,140.50999450683594,136.4199981689453,138.44000244140625,115.72859954833984,1825100
2022-04-01,FANG,137.17999267578125,140.50999450683594,136.4199981689453,138.44000244140625,115.72859954833984,1825100
2022-04-04,FANG,140.0,140.92999267578125,137.5,139.58999633789062,116.68994140625,1403400
2022-04-04,FANG,140.0,140.92999267578125,137.5,139.58999633789062,116.68994140625,1403400
2022-04-05,FANG,139.1199951171875,142.99000549316406,135.1699981689453,135.47999572753906,113.2541732788086,1847900
2022-04-05,FANG,139.1199951171875,142.99000549316406,135.1699981689453,135.47999572753906,113.2541732788086,1847900
2022-04-06,FANG,137.32000732421875,138.3800048828125,133.47999572753906,135.05999755859375,112.903076171875,1650800
2022-04-06,FANG,137.32000732421875,138.3800048828125,133.47999572753906,135.05999755859375,112.903076171875,1650800
2022-04-07,FANG,137.30999755859375,138.1699981689453,132.92999267578125,136.9499969482422,114.48304748535156,1877300
2022-04-07,FANG,137.30999755859375,138.1699981689453,132.92999267578125,136.9499969482422,114.48304748535156,1877300
2022-04-08,FANG,136.3800048828125,142.38999938964844,136.3800048828125,141.99000549316406,118.69622802734376,2257300
2022-04-08,FANG,136.3800048828125,142.38999938964844,136.3800048828125,141.99000549316406,118.69622802734376,2257300
2022-04-11,FANG,138.94000244140625,139.1699981689453,133.5399932861328,135.11000061035156,112.94487762451172,2391300
2022-04-11,FANG,138.94000244140625,139.1699981689453,133.5399932861328,135.11000061035156,112.94487762451172,2391300
2022-04-12,FANG,137.27000427246094,142.08999633789062,137.27000427246094,139.17999267578125,116.3471908569336,1659800
2022-04-12,FANG,137.27000427246094,142.08999633789062,137.27000427246094,139.17999267578125,116.3471908569336,1659800
2022-04-13,FANG,141.3000030517578,142.77999877929688,138.67999267578125,140.33999633789062,117.31687927246094,1626000
2022-04-13,FANG,141.3000030517578,142.77999877929688,138.67999267578125,140.33999633789062,117.31687927246094,1626000
2022-04-14,FANG,139.00999450683594,140.9199981689453,137.64999389648438,138.44000244140625,115.72859954833984,1589200
2022-04-14,FANG,139.00999450683594,140.9199981689453,137.64999389648438,138.44000244140625,115.72859954833984,1589200
2022-04-18,FANG,139.5800018310547,141.0500030517578,137.4199981689453,140.0,117.03268432617188,1716300
2022-04-18,FANG,139.5800018310547,141.0500030517578,137.4199981689453,140.0,117.03268432617188,1716300
2022-04-19,FANG,138.9499969482422,140.5800018310547,137.02000427246094,137.9199981689453,115.29389190673828,1950700
2022-04-19,FANG,138.9499969482422,140.5800018310547,137.02000427246094,137.9199981689453,115.29389190673828,1950700
2022-04-20,FANG,139.0399932861328,142.16000366210938,137.4499969482422,141.89999389648438,118.6209716796875,1882600
2022-04-20,FANG,139.0399932861328,142.16000366210938,137.4499969482422,141.89999389648438,118.6209716796875,1882600
2022-04-21,FANG,143.6199951171875,145.97000122070312,136.69000244140625,137.35000610351562,114.81741333007812,2427300
2022-04-21,FANG,143.6199951171875,145.97000122070312,136.69000244140625,137.35000610351562,114.81741333007812,2427300
2022-04-22,FANG,136.77000427246094,137.47000122070312,129.57000732421875,130.10000610351562,108.7567901611328,2228000
2022-04-22,FANG,136.77000427246094,137.47000122070312,129.57000732421875,130.10000610351562,108.7567901611328,2228000
2022-04-25,FANG,125.25,126.87999725341795,119.76000213623048,125.81999969482422,105.17893981933594,2901100
2022-04-25,FANG,125.25,126.87999725341795,119.76000213623048,125.81999969482422,105.17893981933594,2901100
2022-04-26,FANG,125.38999938964844,129.5500030517578,124.73999786376952,125.38999938964844,104.8194808959961,1587200
2022-04-26,FANG,125.38999938964844,129.5500030517578,124.73999786376952,125.38999938964844,104.8194808959961,1587200
2022-04-27,FANG,126.48999786376952,128.07000732421875,121.5999984741211,126.63999938964844,105.86441040039062,1549900
2022-04-27,FANG,126.48999786376952,128.07000732421875,121.5999984741211,126.63999938964844,105.86441040039062,1549900
2022-04-28,FANG,127.91999816894533,131.5399932861328,123.23999786376952,129.47000122070312,108.23015594482422,1896300
2022-04-28,FANG,127.91999816894533,131.5399932861328,123.23999786376952,129.47000122070312,108.23015594482422,1896300
2022-04-29,FANG,129.85000610351562,132.0500030517578,125.30999755859376,126.2300033569336,105.52167510986328,1748800
2022-04-29,FANG,129.85000610351562,132.0500030517578,125.30999755859376,126.2300033569336,105.52167510986328,1748800
2022-05-02,FANG,124.0,127.63999938964844,122.5500030517578,127.5,106.58332061767578,2298000
2022-05-02,FANG,124.0,127.63999938964844,122.5500030517578,127.5,106.58332061767578,2298000
2022-05-03,FANG,133.8699951171875,136.7899932861328,128.35000610351562,136.11000061035156,113.78082275390624,3555100
2022-05-03,FANG,133.8699951171875,136.7899932861328,128.35000610351562,136.11000061035156,113.78082275390624,3555100
2022-05-04,FANG,140.25,142.86000061035156,136.5500030517578,142.49000549316406,119.11416625976562,2581900
2022-05-04,FANG,140.25,142.86000061035156,136.5500030517578,142.49000549316406,119.11416625976562,2581900
2022-05-05,FANG,143.60000610351562,144.94000244140625,135.47999572753906,138.58999633789062,115.85397338867188,2854100
2022-05-05,FANG,143.60000610351562,144.94000244140625,135.47999572753906,138.58999633789062,115.85397338867188,2854100
2022-05-06,FANG,141.47999572753906,143.60000610351562,137.60000610351562,142.92999267578125,119.48200225830078,2732200
2022-05-06,FANG,141.47999572753906,143.60000610351562,137.60000610351562,142.92999267578125,119.48200225830078,2732200
2022-05-09,FANG,138.60000610351562,139.47999572753906,127.91000366210938,129.49000549316406,108.2468719482422,3314700
2022-05-09,FANG,138.60000610351562,139.47999572753906,127.91000366210938,129.49000549316406,108.2468719482422,3314700
2022-05-10,FANG,132.6199951171875,135.74000549316406,125.0,129.83999633789062,108.53944396972656,3144900
2022-05-10,FANG,132.6199951171875,135.74000549316406,125.0,129.83999633789062,108.53944396972656,3144900
2022-05-11,FANG,129.0800018310547,133.1300048828125,125.0,125.2699966430664,107.2382354736328,2705600
2022-05-11,FANG,129.0800018310547,133.1300048828125,125.0,125.2699966430664,107.2382354736328,2705600
2022-05-12,FANG,123.5,127.68000030517578,121.83000183105467,127.04000091552734,108.75344848632812,3362800
2022-05-12,FANG,123.5,127.68000030517578,121.83000183105467,127.04000091552734,108.75344848632812,3362800
2022-05-13,FANG,129.86000061035156,135.77999877929688,129.75999450683594,133.42999267578125,114.2236557006836,2781600
2022-05-13,FANG,129.86000061035156,135.77999877929688,129.75999450683594,133.42999267578125,114.2236557006836,2781600
2022-05-16,FANG,133.08999633789062,135.1300048828125,131.1199951171875,131.3000030517578,112.40027618408205,3959200
2022-05-16,FANG,133.08999633789062,135.1300048828125,131.1199951171875,131.3000030517578,112.40027618408205,3959200
2022-05-17,FANG,133.86000061035156,133.86000061035156,129.47000122070312,131.4499969482422,112.52867126464844,2993400
2022-05-17,FANG,133.86000061035156,133.86000061035156,129.47000122070312,131.4499969482422,112.52867126464844,2993400
2022-05-18,FANG,132.10000610351562,132.25,126.4000015258789,128.36000061035156,109.88345336914062,3284800
2022-05-18,FANG,132.10000610351562,132.25,126.4000015258789,128.36000061035156,109.88345336914062,3284800
2022-05-19,FANG,124.81999969482422,132.1300048828125,124.69000244140624,129.82000732421875,111.13330841064452,2942600
2022-05-19,FANG,124.81999969482422,132.1300048828125,124.69000244140624,129.82000732421875,111.13330841064452,2942600
2022-05-20,FANG,130.75,133.92999267578125,127.1999969482422,130.27999877929688,111.5270767211914,3060100
2022-05-20,FANG,130.75,133.92999267578125,127.1999969482422,130.27999877929688,111.5270767211914,3060100
2022-05-23,FANG,131.5,136.22000122070312,129.82000732421875,136.11000061035156,116.5178680419922,3308000
2022-05-23,FANG,131.5,136.22000122070312,129.82000732421875,136.11000061035156,116.5178680419922,3308000
2022-05-24,FANG,135.07000732421875,136.6199951171875,131.77999877929688,135.77999877929688,116.23538208007812,2542900
2022-05-24,FANG,135.07000732421875,136.6199951171875,131.77999877929688,135.77999877929688,116.23538208007812,2542900
2022-05-25,FANG,137.86000061035156,142.63999938964844,137.2100067138672,141.75,121.34606170654295,3404000
2022-05-25,FANG,137.86000061035156,142.63999938964844,137.2100067138672,141.75,121.34606170654295,3404000
2022-05-26,FANG,143.77999877929688,147.92999267578125,143.3000030517578,146.42999267578125,125.35238647460938,3329200
2022-05-26,FANG,143.77999877929688,147.92999267578125,143.3000030517578,146.42999267578125,125.35238647460938,3329200
2022-05-27,FANG,146.02000427246094,153.07000732421875,145.4600067138672,152.66000366210938,130.68563842773438,3007600
2022-05-27,FANG,146.02000427246094,153.07000732421875,145.4600067138672,152.66000366210938,130.68563842773438,3007600
2022-05-31,FANG,157.00999450683594,159.69000244140625,150.61000061035156,152.02000427246094,130.1377716064453,5259000
2022-05-31,FANG,157.00999450683594,159.69000244140625,150.61000061035156,152.02000427246094,130.1377716064453,5259000
2022-06-01,FANG,154.0,156.38999938964844,150.88999938964844,152.88999938964844,130.8825225830078,3194600
2022-06-01,FANG,154.0,156.38999938964844,150.88999938964844,152.88999938964844,130.8825225830078,3194600
2022-06-02,FANG,151.35000610351562,155.6999969482422,149.25,153.89999389648438,131.7471466064453,2084900
2022-06-02,FANG,151.35000610351562,155.6999969482422,149.25,153.89999389648438,131.7471466064453,2084900
2022-06-03,FANG,153.66000366210938,155.72000122070312,153.0500030517578,154.66000366210938,132.39776611328125,1787700
2022-06-03,FANG,153.66000366210938,155.72000122070312,153.0500030517578,154.66000366210938,132.39776611328125,1787700
2022-06-06,FANG,155.75999450683594,156.86000061035156,153.25,155.80999755859375,133.38221740722656,1561900
2022-06-06,FANG,155.75999450683594,156.86000061035156,153.25,155.80999755859375,133.38221740722656,1561900
2022-06-07,FANG,154.72999572753906,161.05999755859375,154.44000244140625,160.39999389648438,137.31150817871094,2588100
2022-06-07,FANG,154.72999572753906,161.05999755859375,154.44000244140625,160.39999389648438,137.31150817871094,2588100
2022-06-08,FANG,161.5399932861328,162.24000549316406,158.82000732421875,160.30999755859375,137.2344512939453,2131500
2022-06-08,FANG,161.5399932861328,162.24000549316406,158.82000732421875,160.30999755859375,137.2344512939453,2131500
2022-06-09,FANG,159.6699981689453,161.24000549316406,157.6699981689453,157.8300018310547,135.1114501953125,2012400
2022-06-09,FANG,159.6699981689453,161.24000549316406,157.6699981689453,157.8300018310547,135.1114501953125,2012400
2022-06-10,FANG,155.2100067138672,158.0399932861328,152.88999938964844,155.49000549316406,133.10826110839844,2074600
2022-06-10,FANG,155.2100067138672,158.0399932861328,152.88999938964844,155.49000549316406,133.10826110839844,2074600
2022-06-13,FANG,149.49000549316406,150.4600067138672,142.14999389648438,147.8000030517578,126.52520751953124,3571800
2022-06-13,FANG,149.49000549316406,150.4600067138672,142.14999389648438,147.8000030517578,126.52520751953124,3571800
2022-06-14,FANG,151.77999877929688,154.27999877929688,147.22999572753906,149.6300048828125,128.09176635742188,2928600
2022-06-14,FANG,151.77999877929688,154.27999877929688,147.22999572753906,149.6300048828125,128.09176635742188,2928600
2022-06-15,FANG,148.91000366210938,151.0,144.1199951171875,146.75999450683594,125.6348876953125,3256400
2022-06-15,FANG,148.91000366210938,151.0,144.1199951171875,146.75999450683594,125.6348876953125,3256400
2022-06-16,FANG,141.6699981689453,143.6699981689453,132.60000610351562,133.67999267578125,114.43765258789062,4887500
2022-06-16,FANG,141.6699981689453,143.6699981689453,132.60000610351562,133.67999267578125,114.43765258789062,4887500
2022-06-17,FANG,132.11000061035156,133.25,119.55999755859376,122.29000091552734,104.68719482421876,9385900
2022-06-17,FANG,132.11000061035156,133.25,119.55999755859376,122.29000091552734,104.68719482421876,9385900
2022-06-21,FANG,127.25,133.39999389648438,127.0,132.27999877929688,113.23918151855467,4853800
2022-06-21,FANG,127.25,133.39999389648438,127.0,132.27999877929688,113.23918151855467,4853800
2022-06-22,FANG,123.5,129.00999450683594,122.30999755859376,126.0999984741211,107.94876861572266,4888000
2022-06-22,FANG,123.5,129.00999450683594,122.30999755859376,126.0999984741211,107.94876861572266,4888000
2022-06-23,FANG,127.0,128.33999633789062,117.37000274658205,119.23999786376952,102.0762176513672,4647300
2022-06-23,FANG,127.0,128.33999633789062,117.37000274658205,119.23999786376952,102.0762176513672,4647300
2022-06-24,FANG,121.5500030517578,125.80999755859376,118.0500030517578,119.6999969482422,102.46998596191406,8195200
2022-06-24,FANG,121.5500030517578,125.80999755859376,118.0500030517578,119.6999969482422,102.46998596191406,8195200
2022-06-27,FANG,121.0,125.91000366210938,119.83000183105467,124.38999938964844,106.48489379882812,3281100
2022-06-27,FANG,121.0,125.91000366210938,119.83000183105467,124.38999938964844,106.48489379882812,3281100
2022-06-28,FANG,128.75,131.42999267578125,125.8000030517578,129.8000030517578,111.11617279052734,3428400
2022-06-28,FANG,128.75,131.42999267578125,125.8000030517578,129.8000030517578,111.11617279052734,3428400
2022-06-29,FANG,131.17999267578125,132.6199951171875,122.08000183105467,122.30999755859376,104.70431518554688,3422600
2022-06-29,FANG,131.17999267578125,132.6199951171875,122.08000183105467,122.30999755859376,104.70431518554688,3422600
2022-06-30,FANG,119.2300033569336,123.9800033569336,118.56999969482422,121.1500015258789,103.71127319335938,2875400
2022-06-30,FANG,119.2300033569336,123.9800033569336,118.56999969482422,121.1500015258789,103.71127319335938,2875400
2022-07-01,FANG,121.83999633789062,123.0500030517578,116.13999938964844,121.20999908447266,103.76264190673828,2392300
2022-07-01,FANG,121.83999633789062,123.0500030517578,116.13999938964844,121.20999908447266,103.76264190673828,2392300
2022-07-05,FANG,117.25,118.1500015258789,111.02999877929688,114.13999938964844,97.71031951904295,4823400
2022-07-05,FANG,117.25,118.1500015258789,111.02999877929688,114.13999938964844,97.71031951904295,4823400
2022-07-06,FANG,112.33000183105467,114.91000366210938,106.25,110.27999877929688,94.40593719482422,4696800
2022-07-06,FANG,112.33000183105467,114.91000366210938,106.25,110.27999877929688,94.40593719482422,4696800
2022-07-07,FANG,114.12999725341795,117.9000015258789,114.12999725341795,116.3000030517578,99.55940246582033,3716200
2022-07-07,FANG,114.12999725341795,117.9000015258789,114.12999725341795,116.3000030517578,99.55940246582033,3716200
2022-07-08,FANG,118.27999877929688,118.5999984741211,113.63999938964844,116.33000183105467,99.58509063720705,2328100
2022-07-08,FANG,118.27999877929688,118.5999984741211,113.63999938964844,116.33000183105467,99.58509063720705,2328100
2022-07-11,FANG,114.47000122070312,116.0,111.69000244140624,114.38999938964844,97.92433166503906,1796900
2022-07-11,FANG,114.47000122070312,116.0,111.69000244140624,114.38999938964844,97.92433166503906,1796900
2022-07-12,FANG,110.33999633789062,112.3000030517578,107.9000015258789,110.41000366210938,94.5172348022461,2649200
2022-07-12,FANG,110.33999633789062,112.3000030517578,107.9000015258789,110.41000366210938,94.5172348022461,2649200
2022-07-13,FANG,108.83000183105467,113.63999938964844,108.83000183105467,110.58999633789062,94.67131805419922,1872500
2022-07-13,FANG,108.83000183105467,113.63999938964844,108.83000183105467,110.58999633789062,94.67131805419922,1872500
2022-07-14,FANG,106.0,107.9000015258789,103.70999908447266,106.70999908447266,91.34981536865234,3025100
2022-07-14,FANG,106.0,107.9000015258789,103.70999908447266,106.70999908447266,91.34981536865234,3025100
2022-07-15,FANG,109.04000091552734,109.79000091552734,107.0999984741211,109.13999938964844,93.4300308227539,1941300
2022-07-15,FANG,109.04000091552734,109.79000091552734,107.0999984741211,109.13999938964844,93.4300308227539,1941300
2022-07-18,FANG,112.77999877929688,114.43000030517578,111.81999969482422,112.5199966430664,96.32351684570312,2007800
2022-07-18,FANG,112.77999877929688,114.43000030517578,111.81999969482422,112.5199966430664,96.32351684570312,2007800
2022-07-19,FANG,112.61000061035156,117.05999755859376,111.86000061035156,116.54000091552734,99.76487731933594,1652800
2022-07-19,FANG,112.61000061035156,117.05999755859376,111.86000061035156,116.54000091552734,99.76487731933594,1652800
2022-07-20,FANG,115.05999755859376,119.43000030517578,113.86000061035156,118.7699966430664,101.67386627197266,1655900
2022-07-20,FANG,115.05999755859376,119.43000030517578,113.86000061035156,118.7699966430664,101.67386627197266,1655900
2022-07-21,FANG,115.08000183105467,116.5999984741211,112.62999725341795,115.97000122070312,99.2769012451172,1392500
2022-07-21,FANG,115.08000183105467,116.5999984741211,112.62999725341795,115.97000122070312,99.2769012451172,1392500
2022-07-22,FANG,116.62999725341795,117.5,112.6500015258789,113.43000030517578,97.1025161743164,1710400
2022-07-22,FANG,116.62999725341795,117.5,112.6500015258789,113.43000030517578,97.1025161743164,1710400
2022-07-25,FANG,116.91000366210938,121.11000061035156,114.33999633789062,119.98999786376952,102.71826171875,2881300
2022-07-25,FANG,116.91000366210938,121.11000061035156,114.33999633789062,119.98999786376952,102.71826171875,2881300
2022-07-26,FANG,122.1999969482422,122.98999786376952,116.1999969482422,118.27999877929688,101.25439453125,1921700
2022-07-26,FANG,122.1999969482422,122.98999786376952,116.1999969482422,118.27999877929688,101.25439453125,1921700
2022-07-27,FANG,118.81999969482422,123.91000366210938,118.55999755859376,123.29000091552734,105.54322814941406,2038800
2022-07-27,FANG,118.81999969482422,123.91000366210938,118.55999755859376,123.29000091552734,105.54322814941406,2038800
2022-07-28,FANG,124.68000030517578,125.58000183105467,121.97000122070312,123.61000061035156,105.8171844482422,1874700
2022-07-28,FANG,124.68000030517578,125.58000183105467,121.97000122070312,123.61000061035156,105.8171844482422,1874700
2022-07-29,FANG,126.4800033569336,128.6699981689453,124.62000274658205,128.02000427246094,109.5923843383789,2478300
2022-07-29,FANG,126.4800033569336,128.6699981689453,124.62000274658205,128.02000427246094,109.5923843383789,2478300
2022-08-01,FANG,125.81999969482422,127.3000030517578,122.5,125.91999816894533,107.79468536376952,2799800
2022-08-01,FANG,125.81999969482422,127.3000030517578,122.5,125.91999816894533,107.79468536376952,2799800
2022-08-02,FANG,124.6500015258789,128.97000122070312,123.38999938964844,127.54000091552734,109.1814956665039,3512000
2022-08-02,FANG,124.6500015258789,128.97000122070312,123.38999938964844,127.54000091552734,109.1814956665039,3512000
2022-08-03,FANG,129.41000366210938,129.60000610351562,120.6999969482422,121.37999725341795,103.90816497802734,2596600
2022-08-03,FANG,129.41000366210938,129.60000610351562,120.6999969482422,121.37999725341795,103.90816497802734,2596600
2022-08-04,FANG,119.81999969482422,121.05999755859376,116.0,116.4499969482422,99.68780517578124,3202700
2022-08-04,FANG,119.81999969482422,121.05999755859376,116.0,116.4499969482422,99.68780517578124,3202700
2022-08-05,FANG,114.88999938964844,123.01000213623048,114.36000061035156,121.37000274658205,103.89962005615234,2479600
2022-08-05,FANG,114.88999938964844,123.01000213623048,114.36000061035156,121.37000274658205,103.89962005615234,2479600
2022-08-08,FANG,121.4000015258789,124.6500015258789,120.8000030517578,123.13999938964844,105.41483306884766,2461600
2022-08-08,FANG,121.4000015258789,124.6500015258789,120.8000030517578,123.13999938964844,105.41483306884766,2461600
2022-08-09,FANG,125.4800033569336,127.62999725341795,123.52999877929688,124.54000091552734,106.6133041381836,2718000
2022-08-09,FANG,125.4800033569336,127.62999725341795,123.52999877929688,124.54000091552734,106.6133041381836,2718000
2022-08-10,FANG,124.36000061035156,127.23999786376952,121.44000244140624,126.04000091552734,107.89739990234376,2571400
2022-08-10,FANG,124.36000061035156,127.23999786376952,121.44000244140624,126.04000091552734,107.89739990234376,2571400
2022-08-11,FANG,128.82000732421875,134.35000610351562,128.67999267578125,132.77999877929688,113.66720581054688,2690000
2022-08-11,FANG,128.82000732421875,134.35000610351562,128.67999267578125,132.77999877929688,113.66720581054688,2690000
2022-08-12,FANG,131.6199951171875,133.4499969482422,130.1300048828125,133.1300048828125,113.96685028076172,2517200
2022-08-12,FANG,131.6199951171875,133.4499969482422,130.1300048828125,133.1300048828125,113.96685028076172,2517200
2022-08-15,FANG,125.1999969482422,128.58999633789062,122.2300033569336,127.93000030517578,112.08316802978516,2960700
2022-08-15,FANG,125.1999969482422,128.58999633789062,122.2300033569336,127.93000030517578,112.08316802978516,2960700
2022-08-16,FANG,128.8300018310547,129.77000427246094,123.8499984741211,125.58999633789062,110.03302001953124,2159800
2022-08-16,FANG,128.8300018310547,129.77000427246094,123.8499984741211,125.58999633789062,110.03302001953124,2159800
2022-08-17,FANG,125.69000244140624,128.35000610351562,124.5999984741211,125.7699966430664,110.19073486328124,1905600
2022-08-17,FANG,125.69000244140624,128.35000610351562,124.5999984741211,125.7699966430664,110.19073486328124,1905600
2022-08-18,FANG,127.2300033569336,131.07000732421875,127.0,130.07000732421875,113.95808410644533,2334700
2022-08-18,FANG,127.2300033569336,131.07000732421875,127.0,130.07000732421875,113.95808410644533,2334700
2022-08-19,FANG,128.64999389648438,131.58999633789062,128.24000549316406,130.38999938964844,114.2384262084961,1786900
2022-08-19,FANG,128.64999389648438,131.58999633789062,128.24000549316406,130.38999938964844,114.2384262084961,1786900
2022-08-22,FANG,129.0,131.58999633789062,125.26000213623048,131.17999267578125,114.93058776855467,1885900
2022-08-22,FANG,129.0,131.58999633789062,125.26000213623048,131.17999267578125,114.93058776855467,1885900
2022-08-23,FANG,134.47000122070312,139.10000610351562,134.10000610351562,135.1199951171875,118.38253784179688,3278200
2022-08-23,FANG,134.47000122070312,139.10000610351562,134.10000610351562,135.1199951171875,118.38253784179688,3278200
2022-08-24,FANG,134.8000030517578,138.02000427246094,134.41000366210938,136.64999389648438,119.7229995727539,3554400
2022-08-24,FANG,134.8000030517578,138.02000427246094,134.41000366210938,136.64999389648438,119.7229995727539,3554400
2022-08-25,FANG,137.9600067138672,138.13999938964844,134.17999267578125,136.27999877929688,119.3988265991211,2759900
2022-08-25,FANG,137.9600067138672,138.13999938964844,134.17999267578125,136.27999877929688,119.3988265991211,2759900
2022-08-26,FANG,135.5800018310547,137.61000061035156,133.42999267578125,133.92999267578125,117.33995056152344,2587000
2022-08-26,FANG,135.5800018310547,137.61000061035156,133.42999267578125,133.92999267578125,117.33995056152344,2587000
2022-08-29,FANG,133.97000122070312,141.77000427246094,132.77000427246094,139.25999450683594,122.00968933105467,3585500
2022-08-29,FANG,133.97000122070312,141.77000427246094,132.77000427246094,139.25999450683594,122.00968933105467,3585500
2022-08-30,FANG,135.75999450683594,136.13999938964844,131.4499969482422,134.07000732421875,117.46261596679688,2509300
2022-08-30,FANG,135.75999450683594,136.13999938964844,131.4499969482422,134.07000732421875,117.46261596679688,2509300
2022-08-31,FANG,130.3699951171875,135.8699951171875,129.30999755859375,133.27999877929688,116.77046966552734,2777500
2022-08-31,FANG,130.3699951171875,135.8699951171875,129.30999755859375,133.27999877929688,116.77046966552734,2777500
2022-09-01,FANG,130.5,131.27000427246094,127.8000030517578,130.3000030517578,114.15958404541016,2306300
2022-09-01,FANG,130.5,131.27000427246094,127.8000030517578,130.3000030517578,114.15958404541016,2306300
2022-09-02,FANG,134.74000549316406,135.97999572753906,132.24000549316406,133.8699951171875,117.28738403320312,1756400
2022-09-02,FANG,134.74000549316406,135.97999572753906,132.24000549316406,133.8699951171875,117.28738403320312,1756400
2022-09-06,FANG,136.2899932861328,136.97999572753906,132.61000061035156,134.00999450683594,117.4100112915039,2783300
2022-09-06,FANG,136.2899932861328,136.97999572753906,132.61000061035156,134.00999450683594,117.4100112915039,2783300
2022-09-07,FANG,129.86000061035156,132.64999389648438,129.05999755859375,131.57000732421875,115.27228546142578,2227000
2022-09-07,FANG,129.86000061035156,132.64999389648438,129.05999755859375,131.57000732421875,115.27228546142578,2227000
2022-09-08,FANG,131.67999267578125,132.58999633789062,129.97000122070312,132.19000244140625,115.8154754638672,1653600
2022-09-08,FANG,131.67999267578125,132.58999633789062,129.97000122070312,132.19000244140625,115.8154754638672,1653600
2022-09-09,FANG,135.4499969482422,136.47000122070312,134.0,135.02000427246094,118.294921875,1732300
2022-09-09,FANG,135.4499969482422,136.47000122070312,134.0,135.02000427246094,118.294921875,1732300
2022-09-12,FANG,137.82000732421875,139.69000244140625,136.30999755859375,137.3699951171875,120.35381317138672,2061400
2022-09-12,FANG,137.82000732421875,139.69000244140625,136.30999755859375,137.3699951171875,120.35381317138672,2061400
2022-09-13,FANG,135.83999633789062,140.2899932861328,134.16000366210938,134.7100067138672,118.0233383178711,1939500
2022-09-13,FANG,135.83999633789062,140.2899932861328,134.16000366210938,134.7100067138672,118.0233383178711,1939500
2022-09-14,FANG,136.9600067138672,141.1300048828125,136.66000366210938,140.1699981689453,122.80697631835938,2149300
2022-09-14,FANG,136.9600067138672,141.1300048828125,136.66000366210938,140.1699981689453,122.80697631835938,2149300
2022-09-15,FANG,136.3800048828125,138.16000366210938,134.3000030517578,134.6300048828125,117.95323181152344,1963300
2022-09-15,FANG,136.3800048828125,138.16000366210938,134.3000030517578,134.6300048828125,117.95323181152344,1963300
2022-09-16,FANG,132.55999755859375,133.1999969482422,128.75,132.6199951171875,116.19221496582033,5496100
2022-09-16,FANG,132.55999755859375,133.1999969482422,128.75,132.6199951171875,116.19221496582033,5496100
2022-09-19,FANG,126.72000122070312,132.5500030517578,126.51000213623048,130.92999267578125,114.7115478515625,1987500
2022-09-19,FANG,126.72000122070312,132.5500030517578,126.51000213623048,130.92999267578125,114.7115478515625,1987500
2022-09-20,FANG,129.88999938964844,131.77999877929688,127.4499969482422,130.7899932861328,114.58889770507812,2355600
2022-09-20,FANG,129.88999938964844,131.77999877929688,127.4499969482422,130.7899932861328,114.58889770507812,2355600
2022-09-21,FANG,133.67999267578125,134.35000610351562,128.74000549316406,128.8000030517578,112.84539794921876,1969000
2022-09-21,FANG,133.67999267578125,134.35000610351562,128.74000549316406,128.8000030517578,112.84539794921876,1969000
2022-09-22,FANG,131.77999877929688,132.5,126.48999786376952,126.54000091552734,110.8653335571289,1569600
2022-09-22,FANG,131.77999877929688,132.5,126.48999786376952,126.54000091552734,110.8653335571289,1569600
2022-09-23,FANG,121.04000091552734,121.12999725341795,113.66000366210938,115.1999969482422,100.93004608154295,3556600
2022-09-23,FANG,121.04000091552734,121.12999725341795,113.66000366210938,115.1999969482422,100.93004608154295,3556600
2022-09-26,FANG,114.16000366210938,115.8000030517578,110.97000122070312,111.20999908447266,97.4342803955078,2549500
2022-09-26,FANG,114.16000366210938,115.8000030517578,110.97000122070312,111.20999908447266,97.4342803955078,2549500
2022-09-27,FANG,113.72000122070312,115.5500030517578,111.7300033569336,113.48999786376952,99.43186950683594,3214900
2022-09-27,FANG,113.72000122070312,115.5500030517578,111.7300033569336,113.48999786376952,99.43186950683594,3214900
2022-09-28,FANG,114.23999786376952,120.29000091552734,113.79000091552734,119.4000015258789,104.60977935791016,2517900
2022-09-28,FANG,114.23999786376952,120.29000091552734,113.79000091552734,119.4000015258789,104.60977935791016,2517900
2022-09-29,FANG,118.4800033569336,121.23999786376952,115.9499969482422,120.91000366210938,105.93274688720705,1725600
2022-09-29,FANG,118.4800033569336,121.23999786376952,115.9499969482422,120.91000366210938,105.93274688720705,1725600
2022-09-30,FANG,119.26000213623048,121.68000030517578,117.98999786376952,120.45999908447266,105.53849029541016,2004000
2022-09-30,FANG,119.26000213623048,121.68000030517578,117.98999786376952,120.45999908447266,105.53849029541016,2004000
2022-10-03,FANG,126.4000015258789,131.0,125.62000274658205,129.52000427246094,113.47620391845705,2517000
2022-10-03,FANG,126.4000015258789,131.0,125.62000274658205,129.52000427246094,113.47620391845705,2517000
2022-10-04,FANG,133.49000549316406,136.8300018310547,131.2100067138672,136.3000030517578,119.41635131835938,2452800
2022-10-04,FANG,133.49000549316406,136.8300018310547,131.2100067138672,136.3000030517578,119.41635131835938,2452800
2022-10-05,FANG,134.72000122070312,140.4600067138672,134.7100067138672,139.3699951171875,122.1060562133789,3323900
2022-10-05,FANG,134.72000122070312,140.4600067138672,134.7100067138672,139.3699951171875,122.1060562133789,3323900
2022-10-06,FANG,138.14999389648438,143.16000366210938,138.00999450683594,142.3300018310547,124.6994400024414,2422400
2022-10-06,FANG,138.14999389648438,143.16000366210938,138.00999450683594,142.3300018310547,124.6994400024414,2422400
2022-10-07,FANG,142.5,144.0800018310547,140.27999877929688,142.42999267578125,124.78705596923828,2081000
2022-10-07,FANG,142.5,144.0800018310547,140.27999877929688,142.42999267578125,124.78705596923828,2081000
2022-10-10,FANG,141.0500030517578,144.2100067138672,138.02999877929688,140.30999755859375,122.92964935302734,1731300
2022-10-10,FANG,141.0500030517578,144.2100067138672,138.02999877929688,140.30999755859375,122.92964935302734,1731300
2022-10-11,FANG,136.41000366210938,141.9199981689453,136.02999877929688,139.3699951171875,122.1060562133789,2605500
2022-10-11,FANG,136.41000366210938,141.9199981689453,136.02999877929688,139.3699951171875,122.1060562133789,2605500
2022-10-12,FANG,139.11000061035156,142.63999938964844,137.0399932861328,141.1699981689453,123.68311309814452,2969900
2022-10-12,FANG,139.11000061035156,142.63999938964844,137.0399932861328,141.1699981689453,123.68311309814452,2969900
2022-10-13,FANG,138.97000122070312,147.5,138.55999755859375,145.27999877929688,127.28400421142578,2637200
2022-10-13,FANG,138.97000122070312,147.5,138.55999755859375,145.27999877929688,127.28400421142578,2637200
2022-10-14,FANG,144.32000732421875,146.66000366210938,139.08999633789062,139.36000061035156,122.09732055664062,3216900
2022-10-14,FANG,144.32000732421875,146.66000366210938,139.08999633789062,139.36000061035156,122.09732055664062,3216900
2022-10-17,FANG,142.2899932861328,144.5500030517578,139.02999877929688,139.4600067138672,122.1849365234375,1925100
2022-10-17,FANG,142.2899932861328,144.5500030517578,139.02999877929688,139.4600067138672,122.1849365234375,1925100
2022-10-18,FANG,141.44000244140625,142.77000427246094,138.5800018310547,141.85000610351562,124.27888488769533,1645600
2022-10-18,FANG,141.44000244140625,142.77000427246094,138.5800018310547,141.85000610351562,124.27888488769533,1645600
2022-10-19,FANG,141.41000366210938,147.1300048828125,141.41000366210938,146.02999877929688,127.94109344482422,2078800
2022-10-19,FANG,141.41000366210938,147.1300048828125,141.41000366210938,146.02999877929688,127.94109344482422,2078800
2022-10-20,FANG,147.91000366210938,148.9600067138672,145.57000732421875,146.58999633789062,128.43173217773438,1743200
2022-10-20,FANG,147.91000366210938,148.9600067138672,145.57000732421875,146.58999633789062,128.43173217773438,1743200
2022-10-21,FANG,147.1199951171875,152.4199981689453,146.5500030517578,152.32000732421875,133.4519500732422,2486500
2022-10-21,FANG,147.1199951171875,152.4199981689453,146.5500030517578,152.32000732421875,133.4519500732422,2486500
2022-10-24,FANG,151.3000030517578,155.80999755859375,150.77000427246094,153.25999450683594,134.27549743652344,2026600
2022-10-24,FANG,151.3000030517578,155.80999755859375,150.77000427246094,153.25999450683594,134.27549743652344,2026600
2022-10-25,FANG,152.8699951171875,154.80999755859375,151.74000549316406,153.36000061035156,134.36312866210938,1711100
2022-10-25,FANG,152.8699951171875,154.80999755859375,151.74000549316406,153.36000061035156,134.36312866210938,1711100
2022-10-26,FANG,154.2100067138672,157.5,153.50999450683594,155.3800048828125,136.13290405273438,1690100
2022-10-26,FANG,154.2100067138672,157.5,153.50999450683594,155.3800048828125,136.13290405273438,1690100
2022-10-27,FANG,158.52999877929688,158.6300048828125,153.00999450683594,153.35000610351562,134.35435485839844,2421100
2022-10-27,FANG,158.52999877929688,158.6300048828125,153.00999450683594,153.35000610351562,134.35435485839844,2421100
2022-10-28,FANG,155.8000030517578,156.6300048828125,149.7899932861328,153.82000732421875,134.76614379882812,2005400
2022-10-28,FANG,155.8000030517578,156.6300048828125,149.7899932861328,153.82000732421875,134.76614379882812,2005400
2022-10-31,FANG,151.82000732421875,158.8800048828125,151.6199951171875,157.11000061035156,137.64859008789062,2053300
2022-10-31,FANG,151.82000732421875,158.8800048828125,151.6199951171875,157.11000061035156,137.64859008789062,2053300
2022-11-01,FANG,160.0,160.86000061035156,157.52000427246094,158.6300048828125,138.98036193847656,1773700
2022-11-01,FANG,160.0,160.86000061035156,157.52000427246094,158.6300048828125,138.98036193847656,1773700
2022-11-02,FANG,157.6999969482422,158.57000732421875,153.6199951171875,154.8300018310547,135.6510467529297,1988900
2022-11-02,FANG,157.6999969482422,158.57000732421875,153.6199951171875,154.8300018310547,135.6510467529297,1988900
2022-11-03,FANG,154.19000244140625,160.75,153.60000610351562,158.52999877929688,138.8927001953125,2226700
2022-11-03,FANG,154.19000244140625,160.75,153.60000610351562,158.52999877929688,138.8927001953125,2226700
2022-11-04,FANG,162.49000549316406,162.7899932861328,157.63999938964844,161.3699951171875,141.38092041015625,2899900
2022-11-04,FANG,162.49000549316406,162.7899932861328,157.63999938964844,161.3699951171875,141.38092041015625,2899900
2022-11-07,FANG,162.6999969482422,165.6699981689453,161.58999633789062,163.49000549316406,143.23828125,3424400
2022-11-07,FANG,162.6999969482422,165.6699981689453,161.58999633789062,163.49000549316406,143.23828125,3424400
2022-11-08,FANG,162.86000061035156,166.3800048828125,161.0,163.5500030517578,143.29087829589844,2653400
2022-11-08,FANG,162.86000061035156,166.3800048828125,161.0,163.5500030517578,143.29087829589844,2653400
2022-11-09,FANG,161.5,162.5399932861328,156.6999969482422,157.5500030517578,138.0341033935547,2815400
2022-11-09,FANG,161.5,162.5399932861328,156.6999969482422,157.5500030517578,138.0341033935547,2815400
2022-11-10,FANG,159.57000732421875,160.47000122070312,156.8699951171875,160.27999877929688,140.42593383789062,2117600
2022-11-10,FANG,159.57000732421875,160.47000122070312,156.8699951171875,160.27999877929688,140.42593383789062,2117600
2022-11-11,FANG,164.0,166.47999572753906,163.13999938964844,164.35000610351562,143.9917755126953,2691200
2022-11-11,FANG,164.0,166.47999572753906,163.13999938964844,164.35000610351562,143.9917755126953,2691200
2022-11-14,FANG,163.27999877929688,166.58999633789062,163.00999450683594,163.57000732421875,143.3083953857422,1865000
2022-11-14,FANG,163.27999877929688,166.58999633789062,163.00999450683594,163.57000732421875,143.3083953857422,1865000
2022-11-15,FANG,164.19000244140625,168.9499969482422,162.57000732421875,167.02999877929688,146.33981323242188,3313800
2022-11-15,FANG,164.19000244140625,168.9499969482422,162.57000732421875,167.02999877929688,146.33981323242188,3313800
2022-11-16,FANG,163.2899932861328,164.13999938964844,158.6300048828125,158.97999572753906,141.19741821289062,3438600
2022-11-16,FANG,163.2899932861328,164.13999938964844,158.6300048828125,158.97999572753906,141.19741821289062,3438600
2022-11-17,FANG,156.44000244140625,161.91000366210938,155.50999450683594,161.77999877929688,143.68426513671875,2038000
2022-11-17,FANG,156.44000244140625,161.91000366210938,155.50999450683594,161.77999877929688,143.68426513671875,2038000
2022-11-18,FANG,156.47999572753906,156.86000061035156,152.14999389648438,156.22000122070312,138.74615478515625,3815400
2022-11-18,FANG,156.47999572753906,156.86000061035156,152.14999389648438,156.22000122070312,138.74615478515625,3815400
2022-11-21,FANG,151.91000366210938,152.17999267578125,142.13999938964844,149.99000549316406,133.2130126953125,4481900
2022-11-21,FANG,151.91000366210938,152.17999267578125,142.13999938964844,149.99000549316406,133.2130126953125,4481900
2022-11-22,FANG,152.39999389648438,153.7899932861328,149.8000030517578,151.44000244140625,134.5008087158203,2863300
2022-11-22,FANG,152.39999389648438,153.7899932861328,149.8000030517578,151.44000244140625,134.5008087158203,2863300
2022-11-23,FANG,148.75,150.5800018310547,146.89999389648438,149.99000549316406,133.2130126953125,2309800
2022-11-23,FANG,148.75,150.5800018310547,146.89999389648438,149.99000549316406,133.2130126953125,2309800
2022-11-25,FANG,151.3000030517578,151.88999938964844,149.0800018310547,149.32000732421875,132.61795043945312,984100
2022-11-25,FANG,151.3000030517578,151.88999938964844,149.0800018310547,149.32000732421875,132.61795043945312,984100
2022-11-28,FANG,143.6199951171875,146.14999389648438,142.75,143.72999572753906,127.65324401855467,3470000
2022-11-28,FANG,143.6199951171875,146.14999389648438,142.75,143.72999572753906,127.65324401855467,3470000
2022-11-29,FANG,146.55999755859375,148.25999450683594,145.17999267578125,146.74000549316406,130.32655334472656,2099200
2022-11-29,FANG,146.55999755859375,148.25999450683594,145.17999267578125,146.74000549316406,130.32655334472656,2099200
2022-11-30,FANG,148.94000244140625,149.4600067138672,144.5399932861328,148.02000427246094,131.46336364746094,2796600
2022-11-30,FANG,148.94000244140625,149.4600067138672,144.5399932861328,148.02000427246094,131.46336364746094,2796600
2022-12-01,FANG,149.1999969482422,149.80999755859375,144.3000030517578,144.6999969482422,128.5146942138672,2171600
2022-12-01,FANG,149.1999969482422,149.80999755859375,144.3000030517578,144.6999969482422,128.5146942138672,2171600
2022-12-02,FANG,144.4199981689453,146.41000366210938,142.6999969482422,145.4600067138672,129.18971252441406,2402900
2022-12-02,FANG,144.4199981689453,146.41000366210938,142.6999969482422,145.4600067138672,129.18971252441406,2402900
2022-12-05,FANG,148.22000122070312,149.89999389648438,140.57000732421875,142.0,126.11671447753906,2496400
2022-12-05,FANG,148.22000122070312,149.89999389648438,140.57000732421875,142.0,126.11671447753906,2496400
2022-12-06,FANG,140.36000061035156,143.60000610351562,137.52000427246094,138.2100067138672,122.75067138671876,2009500
2022-12-06,FANG,140.36000061035156,143.60000610351562,137.52000427246094,138.2100067138672,122.75067138671876,2009500
2022-12-07,FANG,138.7899932861328,140.7100067138672,136.47000122070312,136.55999755859375,121.2852020263672,1795200
2022-12-07,FANG,138.7899932861328,140.7100067138672,136.47000122070312,136.55999755859375,121.2852020263672,1795200
2022-12-08,FANG,140.3300018310547,141.25999450683594,132.47000122070312,132.8800048828125,118.0168228149414,3625400
2022-12-08,FANG,140.3300018310547,141.25999450683594,132.47000122070312,132.8800048828125,118.0168228149414,3625400
2022-12-09,FANG,132.60000610351562,135.1699981689453,129.49000549316406,129.60000610351562,115.10370635986328,2872100
2022-12-09,FANG,132.60000610351562,135.1699981689453,129.49000549316406,129.60000610351562,115.10370635986328,2872100
2022-12-12,FANG,130.6999969482422,134.49000549316406,129.6999969482422,134.2100067138672,119.19808197021484,3968200
2022-12-12,FANG,130.6999969482422,134.49000549316406,129.6999969482422,134.2100067138672,119.19808197021484,3968200
2022-12-13,FANG,136.19000244140625,138.61000061035156,134.91000366210938,136.32000732421875,121.0720672607422,4811300
2022-12-13,FANG,136.19000244140625,138.61000061035156,134.91000366210938,136.32000732421875,121.0720672607422,4811300
2022-12-14,FANG,137.5,139.94000244140625,135.8800048828125,136.83999633789062,121.53387451171876,4133300
2022-12-14,FANG,137.5,139.94000244140625,135.8800048828125,136.83999633789062,121.53387451171876,4133300
2022-12-15,FANG,135.0,138.0800018310547,134.30999755859375,137.3800048828125,122.01348114013672,2998200
2022-12-15,FANG,135.0,138.0800018310547,134.30999755859375,137.3800048828125,122.01348114013672,2998200
2022-12-16,FANG,134.36000061035156,136.74000549316406,132.80999755859375,134.32000732421875,119.29578399658205,12724100
2022-12-16,FANG,134.36000061035156,136.74000549316406,132.80999755859375,134.32000732421875,119.29578399658205,12724100
2022-12-19,FANG,134.6699981689453,136.3300018310547,132.60000610351562,133.5800018310547,118.6385269165039,1879400
2022-12-19,FANG,134.6699981689453,136.3300018310547,132.60000610351562,133.5800018310547,118.6385269165039,1879400
2022-12-20,FANG,133.1999969482422,136.19000244140625,132.75,134.94000244140625,119.8464126586914,1668400
2022-12-20,FANG,133.1999969482422,136.19000244140625,132.75,134.94000244140625,119.8464126586914,1668400
2022-12-21,FANG,137.85000610351562,138.1199951171875,135.5,137.0,121.6759796142578,2396500
2022-12-21,FANG,137.85000610351562,138.1199951171875,135.5,137.0,121.6759796142578,2396500
2022-12-22,FANG,137.39999389648438,137.52000427246094,129.6699981689453,132.8800048828125,118.0168228149414,2354400
2022-12-22,FANG,137.39999389648438,137.52000427246094,129.6699981689453,132.8800048828125,118.0168228149414,2354400
2022-12-23,FANG,135.10000610351562,137.10000610351562,134.00999450683594,137.02999877929688,121.70264434814452,1759500
2022-12-23,FANG,135.10000610351562,137.10000610351562,134.00999450683594,137.02999877929688,121.70264434814452,1759500
2022-12-27,FANG,137.64999389648438,138.19000244140625,136.4199981689453,137.5800018310547,122.19112396240234,1560200
2022-12-27,FANG,137.64999389648438,138.19000244140625,136.4199981689453,137.5800018310547,122.19112396240234,1560200
2022-12-28,FANG,137.3300018310547,137.47000122070312,133.91000366210938,134.47000122070312,119.42899322509766,1719700
2022-12-28,FANG,137.3300018310547,137.47000122070312,133.91000366210938,134.47000122070312,119.42899322509766,1719700
2022-12-29,FANG,132.97000122070312,137.17999267578125,132.50999450683594,136.27999877929688,121.0365219116211,1406400
2022-12-29,FANG,132.97000122070312,137.17999267578125,132.50999450683594,136.27999877929688,121.0365219116211,1406400
2022-12-30,FANG,135.55999755859375,137.25999450683594,135.0,136.77999877929688,121.48057556152344,1487000
2022-12-30,FANG,135.55999755859375,137.25999450683594,135.0,136.77999877929688,121.48057556152344,1487000
2023-01-03,FANG,134.97000122070312,136.32000732421875,129.61000061035156,131.3800048828125,116.68462371826172,2406400
2023-01-03,FANG,134.97000122070312,136.32000732421875,129.61000061035156,131.3800048828125,116.68462371826172,2406400
2023-01-04,FANG,129.11000061035156,133.19000244140625,128.0800018310547,130.6199951171875,116.0096206665039,1724400
2023-01-04,FANG,129.11000061035156,133.19000244140625,128.0800018310547,130.6199951171875,116.0096206665039,1724400
2023-01-05,FANG,131.0800018310547,135.24000549316406,130.25999450683594,134.0399932861328,119.04708099365234,2407600
2023-01-05,FANG,131.0800018310547,135.24000549316406,130.25999450683594,134.0399932861328,119.04708099365234,2407600
2023-01-06,FANG,136.5,139.3800048828125,135.6999969482422,138.13999938964844,122.68846130371094,2473700
2023-01-06,FANG,136.5,139.3800048828125,135.6999969482422,138.13999938964844,122.68846130371094,2473700
2023-01-09,FANG,140.83999633789062,143.36000061035156,140.27000427246094,141.49000549316406,125.66376495361328,2453400
2023-01-09,FANG,140.83999633789062,143.36000061035156,140.27000427246094,141.49000549316406,125.66376495361328,2453400
2023-01-10,FANG,142.52000427246094,143.1199951171875,139.77000427246094,141.9499969482422,126.07233428955078,1756100
2023-01-10,FANG,142.52000427246094,143.1199951171875,139.77000427246094,141.9499969482422,126.07233428955078,1756100
2023-01-11,FANG,144.1999969482422,144.57000732421875,140.24000549316406,142.24000549316406,126.32988739013672,2199600
2023-01-11,FANG,144.1999969482422,144.57000732421875,140.24000549316406,142.24000549316406,126.32988739013672,2199600
2023-01-12,FANG,142.5500030517578,146.72999572753906,142.5500030517578,145.3300018310547,129.07423400878906,1959900
2023-01-12,FANG,142.5500030517578,146.72999572753906,142.5500030517578,145.3300018310547,129.07423400878906,1959900
2023-01-13,FANG,145.5399932861328,146.0,143.8699951171875,145.24000549316406,128.99432373046875,1526600
2023-01-13,FANG,145.5399932861328,146.0,143.8699951171875,145.24000549316406,128.99432373046875,1526600
2023-01-17,FANG,146.1699981689453,147.27999877929688,145.3699951171875,145.72999572753906,129.4294891357422,1883600
2023-01-17,FANG,146.1699981689453,147.27999877929688,145.3699951171875,145.72999572753906,129.4294891357422,1883600
2023-01-18,FANG,146.44000244140625,149.63999938964844,143.91000366210938,144.10000610351562,127.98181915283205,2183500
2023-01-18,FANG,146.44000244140625,149.63999938964844,143.91000366210938,144.10000610351562,127.98181915283205,2183500
2023-01-19,FANG,143.22999572753906,146.89999389648438,141.77000427246094,146.42999267578125,130.0511932373047,1808100
2023-01-19,FANG,143.22999572753906,146.89999389648438,141.77000427246094,146.42999267578125,130.0511932373047,1808100
2023-01-20,FANG,146.64999389648438,147.88999938964844,145.19000244140625,147.5500030517578,131.04592895507812,1534600
2023-01-20,FANG,146.64999389648438,147.88999938964844,145.19000244140625,147.5500030517578,131.04592895507812,1534600
2023-01-23,FANG,149.0,150.2100067138672,148.30999755859375,149.35000610351562,132.6445770263672,1467200
2023-01-23,FANG,149.0,150.2100067138672,148.30999755859375,149.35000610351562,132.6445770263672,1467200
2023-01-24,FANG,149.9499969482422,150.5,146.50999450683594,147.24000549316406,130.7706298828125,1213300
2023-01-24,FANG,149.9499969482422,150.5,146.50999450683594,147.24000549316406,130.7706298828125,1213300
2023-01-25,FANG,147.4499969482422,147.4600067138672,143.3000030517578,147.0800018310547,130.62847900390625,1646200
2023-01-25,FANG,147.4499969482422,147.4600067138672,143.3000030517578,147.0800018310547,130.62847900390625,1646200
2023-01-26,FANG,149.3000030517578,149.99000549316406,146.55999755859375,149.88999938964844,133.1241912841797,2409400
2023-01-26,FANG,149.3000030517578,149.99000549316406,146.55999755859375,149.88999938964844,133.1241912841797,2409400
2023-01-27,FANG,150.0,152.7899932861328,149.55999755859375,150.9600067138672,134.07452392578125,1632700
2023-01-27,FANG,150.0,152.7899932861328,149.55999755859375,150.9600067138672,134.07452392578125,1632700
2023-01-30,FANG,148.69000244140625,149.0,145.2100067138672,145.33999633789062,129.08309936523438,2423400
2023-01-30,FANG,148.69000244140625,149.0,145.2100067138672,145.33999633789062,129.08309936523438,2423400
2023-01-31,FANG,145.05999755859375,147.60000610351562,143.8699951171875,146.1199951171875,129.77589416503906,1632700
2023-01-31,FANG,145.05999755859375,147.60000610351562,143.8699951171875,146.1199951171875,129.77589416503906,1632700
2023-02-01,FANG,145.0,145.6300048828125,140.9199981689453,143.35000610351562,127.31572723388672,2554200
2023-02-01,FANG,145.0,145.6300048828125,140.9199981689453,143.35000610351562,127.31572723388672,2554200
2023-02-02,FANG,142.97000122070312,142.97000122070312,137.02999877929688,137.57000732421875,122.18223571777344,2727100
2023-02-02,FANG,142.97000122070312,142.97000122070312,137.02999877929688,137.57000732421875,122.18223571777344,2727100
2023-02-03,FANG,138.39999389648438,141.33999633789062,137.66000366210938,138.39999389648438,122.91939544677734,1553300
2023-02-03,FANG,138.39999389648438,141.33999633789062,137.66000366210938,138.39999389648438,122.91939544677734,1553300
2023-02-06,FANG,138.08999633789062,140.0,135.0500030517578,137.1199951171875,121.78257751464844,1748300
2023-02-06,FANG,138.08999633789062,140.0,135.0500030517578,137.1199951171875,121.78257751464844,1748300
2023-02-07,FANG,138.22000122070312,143.6999969482422,136.5,143.55999755859375,127.50221252441406,2406600
2023-02-07,FANG,138.22000122070312,143.6999969482422,136.5,143.55999755859375,127.50221252441406,2406600
2023-02-08,FANG,144.8800048828125,145.25999450683594,142.52999877929688,144.2899932861328,128.1505584716797,2029300
2023-02-08,FANG,144.8800048828125,145.25999450683594,142.52999877929688,144.2899932861328,128.1505584716797,2029300
2023-02-09,FANG,144.24000549316406,144.64999389648438,141.22999572753906,141.47000122070312,125.6460189819336,1997500
2023-02-09,FANG,144.24000549316406,144.64999389648438,141.22999572753906,141.47000122070312,125.6460189819336,1997500
2023-02-10,FANG,144.02999877929688,149.3699951171875,143.5800018310547,149.2899932861328,132.5912628173828,2817400
2023-02-10,FANG,144.02999877929688,149.3699951171875,143.5800018310547,149.2899932861328,132.5912628173828,2817400
2023-02-13,FANG,147.9199981689453,150.38999938964844,147.2100067138672,148.22999572753906,131.6498565673828,2778100
2023-02-13,FANG,147.9199981689453,150.38999938964844,147.2100067138672,148.22999572753906,131.6498565673828,2778100
2023-02-14,FANG,146.3300018310547,150.72999572753906,146.0,149.8699951171875,133.10643005371094,1617600
2023-02-14,FANG,146.3300018310547,150.72999572753906,146.0,149.8699951171875,133.10643005371094,1617600
2023-02-15,FANG,147.5500030517578,147.69000244140625,143.86000061035156,145.63999938964844,129.3495635986328,3966400
2023-02-15,FANG,147.5500030517578,147.69000244140625,143.86000061035156,145.63999938964844,129.3495635986328,3966400
2023-02-16,FANG,144.80999755859375,145.9199981689453,141.6999969482422,141.75999450683594,125.90355682373048,2541700
2023-02-16,FANG,144.80999755859375,145.9199981689453,141.6999969482422,141.75999450683594,125.90355682373048,2541700
2023-02-17,FANG,139.27999877929688,139.27999877929688,133.3000030517578,134.67999267578125,119.61549377441406,4160500
2023-02-17,FANG,139.27999877929688,139.27999877929688,133.3000030517578,134.67999267578125,119.61549377441406,4160500
2023-02-21,FANG,135.30999755859375,135.89999389648438,133.3800048828125,134.2100067138672,119.19808197021484,2601800
2023-02-21,FANG,135.30999755859375,135.89999389648438,133.3800048828125,134.2100067138672,119.19808197021484,2601800
2023-02-22,FANG,136.8000030517578,142.44000244140625,135.0500030517578,137.2899932861328,121.93355560302734,3629600
2023-02-22,FANG,136.8000030517578,142.44000244140625,135.0500030517578,137.2899932861328,121.93355560302734,3629600
2023-02-23,FANG,138.8000030517578,142.4600067138672,137.69000244140625,141.60000610351562,125.76148223876952,2938100
2023-02-23,FANG,138.8000030517578,142.4600067138672,137.69000244140625,141.60000610351562,125.76148223876952,2938100
2023-02-24,FANG,140.17999267578125,143.77999877929688,139.24000549316406,142.3800048828125,126.45423126220705,2199400
2023-02-24,FANG,140.17999267578125,143.77999877929688,139.24000549316406,142.3800048828125,126.45423126220705,2199400
2023-02-27,FANG,143.16000366210938,145.27000427246094,141.8300018310547,144.36000061035156,128.21275329589844,2280900
2023-02-27,FANG,143.16000366210938,145.27000427246094,141.8300018310547,144.36000061035156,128.21275329589844,2280900
2023-02-28,FANG,146.41000366210938,146.58999633789062,140.52000427246094,140.5800018310547,124.85555267333984,2517100
2023-02-28,FANG,146.41000366210938,146.58999633789062,140.52000427246094,140.5800018310547,124.85555267333984,2517100
2023-03-01,FANG,140.2899932861328,145.14999389648438,139.22999572753906,144.6199951171875,128.44366455078125,3477500
2023-03-01,FANG,140.2899932861328,145.14999389648438,139.22999572753906,144.6199951171875,128.44366455078125,3477500
2023-03-02,FANG,141.0,144.58999633789062,139.60000610351562,144.16000366210938,130.70118713378906,2394800
2023-03-02,FANG,141.0,144.58999633789062,139.60000610351562,144.16000366210938,130.70118713378906,2394800
2023-03-03,FANG,142.0,146.8800048828125,141.25999450683594,146.75999450683594,133.05844116210938,3427400
2023-03-03,FANG,142.0,146.8800048828125,141.25999450683594,146.75999450683594,133.05844116210938,3427400
2023-03-06,FANG,145.0,145.42999267578125,143.1999969482422,143.5500030517578,130.14816284179688,2250100
2023-03-06,FANG,145.0,145.42999267578125,143.1999969482422,143.5500030517578,130.14816284179688,2250100
2023-03-07,FANG,142.47000122070312,143.47999572753906,139.42999267578125,142.74000549316406,129.4137725830078,2709800
2023-03-07,FANG,142.47000122070312,143.47999572753906,139.42999267578125,142.74000549316406,129.4137725830078,2709800
2023-03-08,FANG,141.3000030517578,145.5399932861328,140.38999938964844,142.49000549316406,129.18710327148438,2536200
2023-03-08,FANG,141.3000030517578,145.5399932861328,140.38999938964844,142.49000549316406,129.18710327148438,2536200
2023-03-09,FANG,143.05999755859375,145.4600067138672,139.58999633789062,139.94000244140625,126.87516021728516,1704800
2023-03-09,FANG,143.05999755859375,145.4600067138672,139.58999633789062,139.94000244140625,126.87516021728516,1704800
2023-03-10,FANG,139.60000610351562,141.67999267578125,135.2899932861328,135.91000366210938,123.22142028808594,2090800
2023-03-10,FANG,139.60000610351562,141.67999267578125,135.2899932861328,135.91000366210938,123.22142028808594,2090800
2023-03-13,FANG,131.30999755859375,134.67999267578125,127.5500030517578,131.5399932861328,119.2593994140625,2957300
2023-03-13,FANG,131.30999755859375,134.67999267578125,127.5500030517578,131.5399932861328,119.2593994140625,2957300
2023-03-14,FANG,131.30999755859375,136.5399932861328,130.3800048828125,132.63999938964844,120.25669860839844,2618600
2023-03-14,FANG,131.30999755859375,136.5399932861328,130.3800048828125,132.63999938964844,120.25669860839844,2618600
2023-03-15,FANG,127.25,127.25,121.0999984741211,122.73999786376952,111.2809600830078,5858600
2023-03-15,FANG,127.25,127.25,121.0999984741211,122.73999786376952,111.2809600830078,5858600
2023-03-16,FANG,120.0199966430664,125.76000213623048,119.01000213623048,125.52999877929688,113.81048583984376,3899100
2023-03-16,FANG,120.0199966430664,125.76000213623048,119.01000213623048,125.52999877929688,113.81048583984376,3899100
2023-03-17,FANG,125.11000061035156,126.0,121.72000122070312,123.12000274658205,111.62548828125,6217600
2023-03-17,FANG,125.11000061035156,126.0,121.72000122070312,123.12000274658205,111.62548828125,6217600
2023-03-20,FANG,123.05999755859376,126.87999725341795,123.05999755859376,125.61000061035156,113.88302612304688,2594200
2023-03-20,FANG,123.05999755859376,126.87999725341795,123.05999755859376,125.61000061035156,113.88302612304688,2594200
2023-03-21,FANG,128.5,131.10000610351562,128.36000061035156,130.6199951171875,118.42528533935548,3064200
2023-03-21,FANG,128.5,131.10000610351562,128.36000061035156,130.6199951171875,118.42528533935548,3064200
2023-03-22,FANG,130.97000122070312,131.82000732421875,127.8000030517578,127.95999908447266,116.0136260986328,1719200
2023-03-22,FANG,130.97000122070312,131.82000732421875,127.8000030517578,127.95999908447266,116.0136260986328,1719200
2023-03-23,FANG,128.5800018310547,130.69000244140625,125.33999633789062,126.62999725341795,114.80780029296876,1877900
2023-03-23,FANG,128.5800018310547,130.69000244140625,125.33999633789062,126.62999725341795,114.80780029296876,1877900
2023-03-24,FANG,123.51000213623048,126.5,121.83999633789062,125.41999816894533,113.71076965332033,2350300
2023-03-24,FANG,123.51000213623048,126.5,121.83999633789062,125.41999816894533,113.71076965332033,2350300
2023-03-27,FANG,126.48999786376952,129.33999633789062,125.41000366210938,128.55999755859375,116.55760955810548,1742800
2023-03-27,FANG,126.48999786376952,129.33999633789062,125.41000366210938,128.55999755859375,116.55760955810548,1742800
2023-03-28,FANG,128.02000427246094,131.27000427246094,127.47000122070312,130.7100067138672,118.50689697265624,1117300
2023-03-28,FANG,128.02000427246094,131.27000427246094,127.47000122070312,130.7100067138672,118.50689697265624,1117300
2023-03-29,FANG,132.42999267578125,133.11000061035156,131.32000732421875,132.7899932861328,120.39268493652344,1343200
2023-03-29,FANG,132.42999267578125,133.11000061035156,131.32000732421875,132.7899932861328,120.39268493652344,1343200
2023-03-30,FANG,134.3699951171875,134.3800048828125,132.39999389648438,133.3000030517578,120.85507202148438,1753100
2023-03-30,FANG,134.3699951171875,134.3800048828125,132.39999389648438,133.3000030517578,120.85507202148438,1753100
2023-03-31,FANG,133.5399932861328,135.60000610351562,133.4499969482422,135.1699981689453,122.55049896240234,1946000
2023-03-31,FANG,133.5399932861328,135.60000610351562,133.4499969482422,135.1699981689453,122.55049896240234,1946000
2023-04-03,FANG,143.08999633789062,145.8000030517578,141.47999572753906,144.42999267578125,130.94598388671875,4018300
2023-04-03,FANG,143.08999633789062,145.8000030517578,141.47999572753906,144.42999267578125,130.94598388671875,4018300
2023-04-04,FANG,145.69000244140625,145.86000061035156,139.22999572753906,141.64999389648438,128.42550659179688,2252100
2023-04-04,FANG,145.69000244140625,145.86000061035156,139.22999572753906,141.64999389648438,128.42550659179688,2252100
2023-04-05,FANG,142.3300018310547,143.77000427246094,140.61000061035156,142.97999572753906,129.63134765625,1985100
2023-04-05,FANG,142.3300018310547,143.77000427246094,140.61000061035156,142.97999572753906,129.63134765625,1985100
2023-04-06,FANG,142.22999572753906,142.44000244140625,140.3000030517578,140.5500030517578,127.42821502685548,1683600
2023-04-06,FANG,142.22999572753906,142.44000244140625,140.3000030517578,140.5500030517578,127.42821502685548,1683600
2023-04-10,FANG,142.25,146.1199951171875,142.25,143.19000244140625,129.82174682617188,2581200
2023-04-10,FANG,142.25,146.1199951171875,142.25,143.19000244140625,129.82174682617188,2581200
2023-04-11,FANG,143.72000122070312,146.3800048828125,143.67999267578125,145.1699981689453,131.6168975830078,2228100
2023-04-11,FANG,143.72000122070312,146.3800048828125,143.67999267578125,145.1699981689453,131.6168975830078,2228100
2023-04-12,FANG,147.0,147.0800018310547,144.30999755859375,145.00999450683594,131.47181701660156,1486200
2023-04-12,FANG,147.0,147.0800018310547,144.30999755859375,145.00999450683594,131.47181701660156,1486200
2023-04-13,FANG,144.7100067138672,146.89999389648438,144.5,145.74000549316406,132.1336669921875,1663400
2023-04-13,FANG,144.7100067138672,146.89999389648438,144.5,145.74000549316406,132.1336669921875,1663400
2023-04-14,FANG,146.22000122070312,148.49000549316406,145.05999755859375,146.74000549316406,133.04031372070312,1531300
2023-04-14,FANG,146.22000122070312,148.49000549316406,145.05999755859375,146.74000549316406,133.04031372070312,1531300
2023-04-17,FANG,146.74000549316406,147.35000610351562,144.4199981689453,144.60000610351562,131.10011291503906,1255500
2023-04-17,FANG,146.74000549316406,147.35000610351562,144.4199981689453,144.60000610351562,131.10011291503906,1255500
2023-04-18,FANG,143.97999572753906,145.3300018310547,142.77000427246094,144.67999267578125,131.172607421875,1365300
2023-04-18,FANG,143.97999572753906,145.3300018310547,142.77000427246094,144.67999267578125,131.172607421875,1365300
2023-04-19,FANG,142.72000122070312,143.7100067138672,141.82000732421875,143.6699981689453,130.25694274902344,1250800
2023-04-19,FANG,142.72000122070312,143.7100067138672,141.82000732421875,143.6699981689453,130.25694274902344,1250800
2023-04-20,FANG,142.0,142.64999389648438,139.6999969482422,141.94000244140625,128.68844604492188,1555000
2023-04-20,FANG,142.0,142.64999389648438,139.6999969482422,141.94000244140625,128.68844604492188,1555000
2023-04-21,FANG,141.89999389648438,142.22000122070312,139.91000366210938,141.08999633789062,127.91783142089844,1342300
2023-04-21,FANG,141.89999389648438,142.22000122070312,139.91000366210938,141.08999633789062,127.91783142089844,1342300
2023-04-24,FANG,140.6300048828125,144.00999450683594,140.25999450683594,143.49000549316406,130.09375,1934300
2023-04-24,FANG,140.6300048828125,144.00999450683594,140.25999450683594,143.49000549316406,130.09375,1934300
2023-04-25,FANG,141.80999755859375,142.2100067138672,138.7899932861328,139.3300018310547,126.32212829589844,1444300
2023-04-25,FANG,141.80999755859375,142.2100067138672,138.7899932861328,139.3300018310547,126.32212829589844,1444300
2023-04-26,FANG,138.00999450683594,139.39999389648438,135.8000030517578,136.92999267578125,124.14616394042967,1607000
2023-04-26,FANG,138.00999450683594,139.39999389648438,135.8000030517578,136.92999267578125,124.14616394042967,1607000
2023-04-27,FANG,136.89999389648438,138.49000549316406,135.47999572753906,138.05999755859375,125.17069244384766,1543300
2023-04-27,FANG,136.89999389648438,138.49000549316406,135.47999572753906,138.05999755859375,125.17069244384766,1543300
2023-04-28,FANG,137.92999267578125,142.94000244140625,137.25,142.1999969482422,128.9241485595703,1670900
2023-04-28,FANG,137.92999267578125,142.94000244140625,137.25,142.1999969482422,128.9241485595703,1670900
2023-05-01,FANG,139.9499969482422,142.33999633789062,139.41000366210938,141.92999267578125,128.67935180664062,2382500
2023-05-01,FANG,139.9499969482422,142.33999633789062,139.41000366210938,141.92999267578125,128.67935180664062,2382500
2023-05-02,FANG,139.3800048828125,139.3800048828125,131.55999755859375,135.0500030517578,122.44168090820312,5074300
2023-05-02,FANG,139.3800048828125,139.3800048828125,131.55999755859375,135.0500030517578,122.44168090820312,5074300
2023-05-03,FANG,131.6300048828125,132.9600067138672,128.27000427246094,128.77999877929688,116.757080078125,3241800
2023-05-03,FANG,131.6300048828125,132.9600067138672,128.27000427246094,128.77999877929688,116.757080078125,3241800
2023-05-04,FANG,129.22000122070312,131.13999938964844,125.93000030517578,125.98999786376952,114.22754669189452,3582300
2023-05-04,FANG,129.22000122070312,131.13999938964844,125.93000030517578,125.98999786376952,114.22754669189452,3582300
2023-05-05,FANG,130.30999755859375,133.72999572753906,129.10000610351562,132.8000030517578,120.40176391601562,2272100
2023-05-05,FANG,130.30999755859375,133.72999572753906,129.10000610351562,132.8000030517578,120.40176391601562,2272100
2023-05-08,FANG,135.92999267578125,136.6199951171875,132.22999572753906,132.58999633789062,120.21137237548828,1589600
2023-05-08,FANG,135.92999267578125,136.6199951171875,132.22999572753906,132.58999633789062,120.21137237548828,1589600
2023-05-09,FANG,131.05999755859375,134.67999267578125,130.55999755859375,132.91000366210938,120.5014877319336,1420000
2023-05-09,FANG,131.05999755859375,134.67999267578125,130.55999755859375,132.91000366210938,120.5014877319336,1420000
2023-05-10,FANG,133.4199981689453,133.72999572753906,130.0500030517578,130.49000549316406,119.05086517333984,1541200
2023-05-10,FANG,133.4199981689453,133.72999572753906,130.0500030517578,130.49000549316406,119.05086517333984,1541200
2023-05-11,FANG,127.6500015258789,129.42999267578125,126.62000274658205,127.66000366210938,116.46896362304688,2231200
2023-05-11,FANG,127.6500015258789,129.42999267578125,126.62000274658205,127.66000366210938,116.46896362304688,2231200
2023-05-12,FANG,128.91000366210938,129.47999572753906,127.16999816894533,128.0,116.77915954589844,1705100
2023-05-12,FANG,128.91000366210938,129.47999572753906,127.16999816894533,128.0,116.77915954589844,1705100
2023-05-15,FANG,128.7100067138672,129.5500030517578,127.55999755859376,128.9600067138672,117.65502166748048,1650700
2023-05-15,FANG,128.7100067138672,129.5500030517578,127.55999755859376,128.9600067138672,117.65502166748048,1650700
2023-05-16,FANG,128.32000732421875,128.75999450683594,124.83000183105467,124.86000061035156,113.91442108154295,1591600
2023-05-16,FANG,128.32000732421875,128.75999450683594,124.83000183105467,124.86000061035156,113.91442108154295,1591600
2023-05-17,FANG,126.20999908447266,128.57000732421875,124.88999938964844,127.58000183105467,116.39598083496094,1471900
2023-05-17,FANG,126.20999908447266,128.57000732421875,124.88999938964844,127.58000183105467,116.39598083496094,1471900
2023-05-18,FANG,126.72000122070312,128.82000732421875,125.68000030517578,128.74000549316406,117.45429229736328,1211600
2023-05-18,FANG,126.72000122070312,128.82000732421875,125.68000030517578,128.74000549316406,117.45429229736328,1211600
2023-05-19,FANG,130.50999450683594,131.8000030517578,129.55999755859375,130.22000122070312,118.80455780029295,1486200
2023-05-19,FANG,130.50999450683594,131.8000030517578,129.55999755859375,130.22000122070312,118.80455780029295,1486200
2023-05-22,FANG,130.4600067138672,133.64999389648438,130.22000122070312,132.4499969482422,120.83905792236328,1669000
2023-05-22,FANG,130.4600067138672,133.64999389648438,130.22000122070312,132.4499969482422,120.83905792236328,1669000
2023-05-23,FANG,133.8800048828125,134.58999633789062,132.19000244140625,132.92999267578125,121.27696228027344,1202500
2023-05-23,FANG,133.8800048828125,134.58999633789062,132.19000244140625,132.92999267578125,121.27696228027344,1202500
2023-05-24,FANG,134.3000030517578,135.10000610351562,132.08999633789062,134.3800048828125,122.59988403320312,1611200
2023-05-24,FANG,134.3000030517578,135.10000610351562,132.08999633789062,134.3800048828125,122.59988403320312,1611200
2023-05-25,FANG,130.39999389648438,131.6199951171875,129.4499969482422,131.0,119.51615142822266,1483700
2023-05-25,FANG,130.39999389648438,131.6199951171875,129.4499969482422,131.0,119.51615142822266,1483700
2023-05-26,FANG,131.92999267578125,132.11000061035156,129.8000030517578,130.99000549316406,119.50706481933594,1425100
2023-05-26,FANG,131.92999267578125,132.11000061035156,129.8000030517578,130.99000549316406,119.50706481933594,1425100
2023-05-30,FANG,129.14999389648438,129.6999969482422,127.77999877929688,129.49000549316406,118.13854217529295,1580800
2023-05-30,FANG,129.14999389648438,129.6999969482422,127.77999877929688,129.49000549316406,118.13854217529295,1580800
2023-05-31,FANG,127.0500030517578,128.32000732421875,126.01000213623048,127.1500015258789,116.00366973876952,2308900
2023-05-31,FANG,127.0500030517578,128.32000732421875,126.01000213623048,127.1500015258789,116.00366973876952,2308900
2023-06-01,FANG,127.5,130.4499969482422,126.19000244140624,128.10000610351562,116.8704071044922,1380900
2023-06-01,FANG,127.5,130.4499969482422,126.19000244140624,128.10000610351562,116.8704071044922,1380900
2023-06-02,FANG,130.4600067138672,132.16000366210938,129.14999389648438,131.35000610351562,119.8354949951172,2126300
2023-06-02,FANG,130.4600067138672,132.16000366210938,129.14999389648438,131.35000610351562,119.8354949951172,2126300
2023-06-05,FANG,134.39999389648438,134.75,130.27000427246094,130.32000732421875,118.89578247070312,1651000
2023-06-05,FANG,134.39999389648438,134.75,130.27000427246094,130.32000732421875,118.89578247070312,1651000
2023-06-06,FANG,128.0,131.58999633789062,128.0,130.9600067138672,119.47966766357422,1162700
2023-06-06,FANG,128.0,131.58999633789062,128.0,130.9600067138672,119.47966766357422,1162700
2023-06-07,FANG,131.8300018310547,135.36000061035156,131.77000427246094,134.17999267578125,122.41739654541016,1910900
2023-06-07,FANG,131.8300018310547,135.36000061035156,131.77000427246094,134.17999267578125,122.41739654541016,1910900
2023-06-08,FANG,134.17999267578125,134.63999938964844,131.33999633789062,133.33999633789062,121.6510238647461,1307600
2023-06-08,FANG,134.17999267578125,134.63999938964844,131.33999633789062,133.33999633789062,121.6510238647461,1307600
2023-06-09,FANG,132.85000610351562,134.1199951171875,131.55999755859375,132.27999877929688,120.68395233154295,1098700
2023-06-09,FANG,132.85000610351562,134.1199951171875,131.55999755859375,132.27999877929688,120.68395233154295,1098700
2023-06-12,FANG,129.4199981689453,132.0,128.5500030517578,129.74000549316406,118.36661529541016,1697400
2023-06-12,FANG,129.4199981689453,132.0,128.5500030517578,129.74000549316406,118.36661529541016,1697400
2023-06-13,FANG,131.47000122070312,133.7899932861328,129.8000030517578,130.05999755859375,118.65857696533205,1650500
2023-06-13,FANG,131.47000122070312,133.7899932861328,129.8000030517578,130.05999755859375,118.65857696533205,1650500
2023-06-14,FANG,131.92999267578125,132.16000366210938,125.4800033569336,126.77999877929688,115.66609954833984,2260300
2023-06-14,FANG,131.92999267578125,132.16000366210938,125.4800033569336,126.77999877929688,115.66609954833984,2260300
2023-06-15,FANG,127.54000091552734,129.5800018310547,126.2699966430664,126.66000366210938,115.55662536621094,2961500
2023-06-15,FANG,127.54000091552734,129.5800018310547,126.2699966430664,126.66000366210938,115.55662536621094,2961500
2023-06-16,FANG,127.01000213623048,129.08999633789062,126.01000213623048,128.74000549316406,117.45429229736328,4054000
2023-06-16,FANG,127.01000213623048,129.08999633789062,126.01000213623048,128.74000549316406,117.45429229736328,4054000
2023-06-20,FANG,127.63999938964844,127.9000015258789,125.26000213623048,126.97000122070312,115.8394546508789,2092900
2023-06-20,FANG,127.63999938964844,127.9000015258789,125.26000213623048,126.97000122070312,115.8394546508789,2092900
2023-06-21,FANG,127.0500030517578,129.0800018310547,126.56999969482422,127.66999816894533,116.47808074951172,1710000
2023-06-21,FANG,127.0500030517578,129.0800018310547,126.56999969482422,127.66999816894533,116.47808074951172,1710000
2023-06-22,FANG,126.38999938964844,126.58000183105467,124.51000213623048,125.8499984741211,114.81763458251952,1324300
2023-06-22,FANG,126.38999938964844,126.58000183105467,124.51000213623048,125.8499984741211,114.81763458251952,1324300
2023-06-23,FANG,124.4499969482422,125.66000366210938,123.41000366210938,125.4000015258789,114.40708923339844,3578500
2023-06-23,FANG,124.4499969482422,125.66000366210938,123.41000366210938,125.4000015258789,114.40708923339844,3578500
2023-06-26,FANG,125.95999908447266,128.02999877929688,125.87999725341795,127.22000122070312,116.06753540039062,1296100
2023-06-26,FANG,125.95999908447266,128.02999877929688,125.87999725341795,127.22000122070312,116.06753540039062,1296100
2023-06-27,FANG,127.16999816894533,128.4199981689453,126.4000015258789,127.31999969482422,116.15877532958984,1586600
2023-06-27,FANG,127.16999816894533,128.4199981689453,126.4000015258789,127.31999969482422,116.15877532958984,1586600
2023-06-28,FANG,127.83000183105467,128.6300048828125,125.69000244140624,128.61000061035156,117.33567810058594,1435400
2023-06-28,FANG,127.83000183105467,128.6300048828125,125.69000244140624,128.61000061035156,117.33567810058594,1435400
2023-06-29,FANG,129.0,130.4499969482422,128.74000549316406,130.00999450683594,118.61295318603516,1143300
2023-06-29,FANG,129.0,130.4499969482422,128.74000549316406,130.00999450683594,118.61295318603516,1143300
2023-06-30,FANG,131.0,132.5,129.80999755859375,131.36000061035156,119.84461975097656,1282400
2023-06-30,FANG,131.0,132.5,129.80999755859375,131.36000061035156,119.84461975097656,1282400
2023-07-03,FANG,131.58999633789062,133.0,131.2100067138672,131.9499969482422,120.38289642333984,663100
2023-07-03,FANG,131.58999633789062,133.0,131.2100067138672,131.9499969482422,120.38289642333984,663100
2023-07-05,FANG,132.8300018310547,132.8300018310547,129.97000122070312,130.60000610351562,119.1512451171875,2062300
2023-07-05,FANG,132.8300018310547,132.8300018310547,129.97000122070312,130.60000610351562,119.1512451171875,2062300
2023-07-06,FANG,129.8800048828125,130.75999450683594,125.7300033569336,127.16999816894533,116.02191925048828,1833300
2023-07-06,FANG,129.8800048828125,130.75999450683594,125.7300033569336,127.16999816894533,116.02191925048828,1833300
2023-07-07,FANG,126.70999908447266,134.2899932861328,126.70999908447266,132.39999389648438,120.79344177246094,2328400
2023-07-07,FANG,126.70999908447266,134.2899932861328,126.70999908447266,132.39999389648438,120.79344177246094,2328400
2023-07-10,FANG,132.5800018310547,134.36000061035156,132.2100067138672,134.08999633789062,122.33528900146484,1587400
2023-07-10,FANG,132.5800018310547,134.36000061035156,132.2100067138672,134.08999633789062,122.33528900146484,1587400
2023-07-11,FANG,134.9600067138672,137.94000244140625,134.4199981689453,137.13999938964844,125.117919921875,2162500
2023-07-11,FANG,134.9600067138672,137.94000244140625,134.4199981689453,137.13999938964844,125.117919921875,2162500
2023-07-12,FANG,137.97999572753906,140.02000427246094,137.50999450683594,139.50999450683594,127.2801742553711,2066000
2023-07-12,FANG,137.97999572753906,140.02000427246094,137.50999450683594,139.50999450683594,127.2801742553711,2066000
2023-07-13,FANG,140.1199951171875,140.92999267578125,137.17999267578125,139.41000366210938,127.18892669677734,2138000
2023-07-13,FANG,140.1199951171875,140.92999267578125,137.17999267578125,139.41000366210938,127.18892669677734,2138000
2023-07-14,FANG,138.63999938964844,138.63999938964844,135.1699981689453,135.66000366210938,123.76766967773438,1747500
2023-07-14,FANG,138.63999938964844,138.63999938964844,135.1699981689453,135.66000366210938,123.76766967773438,1747500
2023-07-17,FANG,135.07000732421875,136.42999267578125,134.67999267578125,135.47000122070312,123.59431457519533,1253000
2023-07-17,FANG,135.07000732421875,136.42999267578125,134.67999267578125,135.47000122070312,123.59431457519533,1253000
2023-07-18,FANG,135.22999572753906,139.7100067138672,135.17999267578125,138.80999755859375,126.64152526855467,1934900
2023-07-18,FANG,135.22999572753906,139.7100067138672,135.17999267578125,138.80999755859375,126.64152526855467,1934900
2023-07-19,FANG,138.77999877929688,140.97000122070312,137.91000366210938,138.89999389648438,126.72362518310548,1336100
2023-07-19,FANG,138.77999877929688,140.97000122070312,137.91000366210938,138.89999389648438,126.72362518310548,1336100
2023-07-20,FANG,140.6300048828125,141.75,139.4499969482422,140.02000427246094,127.74543762207033,2001200
2023-07-20,FANG,140.6300048828125,141.75,139.4499969482422,140.02000427246094,127.74543762207033,2001200
2023-07-21,FANG,140.72000122070312,142.1699981689453,139.75999450683594,141.24000549316406,128.8585205078125,4011400
2023-07-21,FANG,140.72000122070312,142.1699981689453,139.75999450683594,141.24000549316406,128.8585205078125,4011400
2023-07-24,FANG,142.1999969482422,145.13999938964844,141.97999572753906,144.4499969482422,131.787109375,3024500
2023-07-24,FANG,142.1999969482422,145.13999938964844,141.97999572753906,144.4499969482422,131.787109375,3024500
2023-07-25,FANG,144.3800048828125,146.85000610351562,144.0,146.0399932861328,133.23770141601562,2444400
2023-07-25,FANG,144.3800048828125,146.85000610351562,144.0,146.0399932861328,133.23770141601562,2444400
2023-07-26,FANG,144.67999267578125,146.0399932861328,144.02999877929688,144.99000549316406,132.27978515625,1298100
2023-07-26,FANG,144.67999267578125,146.0399932861328,144.02999877929688,144.99000549316406,132.27978515625,1298100
2023-07-27,FANG,145.92999267578125,146.6300048828125,143.72000122070312,144.35000610351562,131.69589233398438,1558600
2023-07-27,FANG,145.92999267578125,146.6300048828125,143.72000122070312,144.35000610351562,131.69589233398438,1558600
2023-07-28,FANG,144.89999389648438,145.6699981689453,142.7100067138672,145.63999938964844,132.87277221679688,1737000
2023-07-28,FANG,144.89999389648438,145.6699981689453,142.7100067138672,145.63999938964844,132.87277221679688,1737000
2023-07-31,FANG,144.9600067138672,147.5,144.9600067138672,147.32000732421875,134.405517578125,2219800
2023-07-31,FANG,144.9600067138672,147.5,144.9600067138672,147.32000732421875,134.405517578125,2219800
2023-08-01,FANG,146.1999969482422,148.5,144.8300018310547,147.8800048828125,134.91641235351562,3894300
2023-08-01,FANG,146.1999969482422,148.5,144.8300018310547,147.8800048828125,134.91641235351562,3894300
2023-08-02,FANG,147.49000549316406,147.75,145.02000427246094,146.7899932861328,133.92198181152344,2429800
2023-08-02,FANG,147.49000549316406,147.75,145.02000427246094,146.7899932861328,133.92198181152344,2429800
2023-08-03,FANG,147.85000610351562,150.5,146.72000122070312,148.41000366210938,135.39996337890625,2520700
2023-08-03,FANG,147.85000610351562,150.5,146.72000122070312,148.41000366210938,135.39996337890625,2520700
2023-08-04,FANG,149.64999389648438,150.2100067138672,148.0800018310547,148.57000732421875,135.54592895507812,1640300
2023-08-04,FANG,149.64999389648438,150.2100067138672,148.0800018310547,148.57000732421875,135.54592895507812,1640300
2023-08-07,FANG,149.55999755859375,150.1300048828125,148.0800018310547,148.58999633789062,135.56417846679688,1416700
2023-08-07,FANG,149.55999755859375,150.1300048828125,148.0800018310547,148.58999633789062,135.56417846679688,1416700
2023-08-08,FANG,145.22999572753906,149.30999755859375,144.24000549316406,149.1999969482422,136.12071228027344,1942300
2023-08-08,FANG,145.22999572753906,149.30999755859375,144.24000549316406,149.1999969482422,136.12071228027344,1942300
2023-08-09,FANG,149.55999755859375,151.75,149.1300048828125,150.42999267578125,138.0199432373047,2306600
2023-08-09,FANG,149.55999755859375,151.75,149.1300048828125,150.42999267578125,138.0199432373047,2306600
2023-08-10,FANG,150.42999267578125,151.72999572753906,148.66000366210938,149.6999969482422,137.3501739501953,1668300
2023-08-10,FANG,150.42999267578125,151.72999572753906,148.66000366210938,149.6999969482422,137.3501739501953,1668300
2023-08-11,FANG,149.16000366210938,150.57000732421875,148.55999755859375,149.66000366210938,137.31346130371094,1650100
2023-08-11,FANG,149.16000366210938,150.57000732421875,148.55999755859375,149.66000366210938,137.31346130371094,1650100
2023-08-14,FANG,149.75999450683594,150.05999755859375,148.32000732421875,148.94000244140625,136.65286254882812,1347900
2023-08-14,FANG,149.75999450683594,150.05999755859375,148.32000732421875,148.94000244140625,136.65286254882812,1347900
2023-08-15,FANG,147.72000122070312,148.30999755859375,146.22000122070312,147.41000366210938,135.2490997314453,1713900
2023-08-15,FANG,147.72000122070312,148.30999755859375,146.22000122070312,147.41000366210938,135.2490997314453,1713900
2023-08-16,FANG,147.72000122070312,149.07000732421875,146.5399932861328,146.9199981689453,134.7995147705078,1564600
2023-08-16,FANG,147.72000122070312,149.07000732421875,146.5399932861328,146.9199981689453,134.7995147705078,1564600
2023-08-17,FANG,149.38999938964844,150.13999938964844,147.27999877929688,147.50999450683594,135.3408203125,1166300
2023-08-17,FANG,149.38999938964844,150.13999938964844,147.27999877929688,147.50999450683594,135.3408203125,1166300
2023-08-18,FANG,146.0399932861328,148.6300048828125,145.69000244140625,148.0399932861328,135.82711791992188,1497700
2023-08-18,FANG,146.0399932861328,148.6300048828125,145.69000244140625,148.0399932861328,135.82711791992188,1497700
2023-08-21,FANG,149.3699951171875,150.30999755859375,147.1300048828125,148.4499969482422,136.20327758789062,2390900
2023-08-21,FANG,149.3699951171875,150.30999755859375,147.1300048828125,148.4499969482422,136.20327758789062,2390900
2023-08-22,FANG,148.77000427246094,149.4499969482422,147.91000366210938,148.3000030517578,136.06565856933594,1384300
2023-08-22,FANG,148.77000427246094,149.4499969482422,147.91000366210938,148.3000030517578,136.06565856933594,1384300
2023-08-23,FANG,146.97000122070312,148.30999755859375,145.33999633789062,148.22000122070312,135.99224853515625,1876300
2023-08-23,FANG,146.97000122070312,148.30999755859375,145.33999633789062,148.22000122070312,135.99224853515625,1876300
2023-08-24,FANG,147.27000427246094,149.82000732421875,147.02999877929688,149.00999450683594,136.7170867919922,2932500
2023-08-24,FANG,147.27000427246094,149.82000732421875,147.02999877929688,149.00999450683594,136.7170867919922,2932500
2023-08-25,FANG,149.6300048828125,150.00999450683594,147.72999572753906,149.5500030517578,137.21255493164062,1598200
2023-08-25,FANG,149.6300048828125,150.00999450683594,147.72999572753906,149.5500030517578,137.21255493164062,1598200
2023-08-28,FANG,150.0,151.97000122070312,149.8000030517578,150.67999267578125,138.24929809570312,1237900
2023-08-28,FANG,150.0,151.97000122070312,149.8000030517578,150.67999267578125,138.24929809570312,1237900
2023-08-29,FANG,150.0,151.25,149.25,151.19000244140625,138.7172393798828,1175100
2023-08-29,FANG,150.0,151.25,149.25,151.19000244140625,138.7172393798828,1175100
2023-08-30,FANG,151.5,152.0399932861328,151.07000732421875,151.30999755859375,138.82733154296875,1518000
2023-08-30,FANG,151.5,152.0399932861328,151.07000732421875,151.30999755859375,138.82733154296875,1518000
2023-08-31,FANG,151.7899932861328,152.0399932861328,150.25,151.77999877929688,139.25856018066406,1370600
2023-08-31,FANG,151.7899932861328,152.0399932861328,150.25,151.77999877929688,139.25856018066406,1370600
2023-09-01,FANG,152.89999389648438,155.22000122070312,152.47000122070312,154.66000366210938,141.90098571777344,2555600
2023-09-01,FANG,152.89999389648438,155.22000122070312,152.47000122070312,154.66000366210938,141.90098571777344,2555600
2023-09-05,FANG,154.92999267578125,156.44000244140625,153.89999389648438,154.19000244140625,141.46974182128906,2018700
2023-09-05,FANG,154.92999267578125,156.44000244140625,153.89999389648438,154.19000244140625,141.46974182128906,2018700
2023-09-06,FANG,153.5399932861328,156.75999450683594,153.52000427246094,156.10000610351562,143.2222137451172,2533900
2023-09-06,FANG,153.5399932861328,156.75999450683594,153.52000427246094,156.10000610351562,143.2222137451172,2533900
2023-09-07,FANG,155.89999389648438,157.19000244140625,154.35000610351562,154.8699951171875,142.09364318847656,1840700
2023-09-07,FANG,155.89999389648438,157.19000244140625,154.35000610351562,154.8699951171875,142.09364318847656,1840700
2023-09-08,FANG,156.10000610351562,157.7100067138672,155.50999450683594,156.02999877929688,143.15794372558594,1414800
2023-09-08,FANG,156.10000610351562,157.7100067138672,155.50999450683594,156.02999877929688,143.15794372558594,1414800
2023-09-11,FANG,157.49000549316406,157.8300018310547,151.75,152.55999755859375,139.97421264648438,2383900
2023-09-11,FANG,157.49000549316406,157.8300018310547,151.75,152.55999755859375,139.97421264648438,2383900
2023-09-12,FANG,154.5,157.25999450683594,154.22999572753906,156.30999755859375,143.41485595703125,2837700
2023-09-12,FANG,154.5,157.25999450683594,154.22999572753906,156.30999755859375,143.41485595703125,2837700
2023-09-13,FANG,156.9499969482422,157.02999877929688,153.86000061035156,155.7899932861328,142.937744140625,1322200
2023-09-13,FANG,156.9499969482422,157.02999877929688,153.86000061035156,155.7899932861328,142.937744140625,1322200
2023-09-14,FANG,158.0,158.6300048828125,157.4499969482422,157.9199981689453,144.89202880859375,1488800
2023-09-14,FANG,158.0,158.6300048828125,157.4499969482422,157.9199981689453,144.89202880859375,1488800
2023-09-15,FANG,156.8000030517578,158.5,154.92999267578125,155.75,142.90106201171875,3351100
2023-09-15,FANG,156.8000030517578,158.5,154.92999267578125,155.75,142.90106201171875,3351100
2023-09-18,FANG,157.08999633789062,157.4199981689453,155.33999633789062,156.25999450683594,143.3689727783203,1018200
2023-09-18,FANG,157.08999633789062,157.4199981689453,155.33999633789062,156.25999450683594,143.3689727783203,1018200
2023-09-19,FANG,157.50999450683594,157.88999938964844,154.58999633789062,155.38999938964844,142.5707550048828,1117900
2023-09-19,FANG,157.50999450683594,157.88999938964844,154.58999633789062,155.38999938964844,142.5707550048828,1117900
2023-09-20,FANG,154.60000610351562,155.75,152.7100067138672,152.88999938964844,140.27700805664062,1378100
2023-09-20,FANG,154.60000610351562,155.75,152.7100067138672,152.88999938964844,140.27700805664062,1378100
2023-09-21,FANG,153.4499969482422,153.5500030517578,150.4600067138672,151.36000061035156,138.8732147216797,2660800
2023-09-21,FANG,153.4499969482422,153.5500030517578,150.4600067138672,151.36000061035156,138.8732147216797,2660800
2023-09-22,FANG,151.99000549316406,153.35000610351562,150.16000366210938,150.57000732421875,138.14837646484375,1367300
2023-09-22,FANG,151.99000549316406,153.35000610351562,150.16000366210938,150.57000732421875,138.14837646484375,1367300
2023-09-25,FANG,150.82000732421875,152.92999267578125,150.35000610351562,152.63999938964844,140.04762268066406,1974600
2023-09-25,FANG,150.82000732421875,152.92999267578125,150.35000610351562,152.63999938964844,140.04762268066406,1974600
2023-09-26,FANG,151.72000122070312,154.2899932861328,151.60000610351562,153.05999755859375,140.43296813964844,1392300
2023-09-26,FANG,151.72000122070312,154.2899932861328,151.60000610351562,153.05999755859375,140.43296813964844,1392300
2023-09-27,FANG,155.2100067138672,158.47000122070312,154.4499969482422,157.22999572753906,144.2589569091797,3027800
2023-09-27,FANG,155.2100067138672,158.47000122070312,154.4499969482422,157.22999572753906,144.2589569091797,3027800
2023-09-28,FANG,157.22999572753906,158.8800048828125,156.22999572753906,157.13999938964844,144.17637634277344,1221100
2023-09-28,FANG,157.22999572753906,158.8800048828125,156.22999572753906,157.13999938964844,144.17637634277344,1221100
2023-09-29,FANG,157.3000030517578,157.4199981689453,154.08999633789062,154.8800048828125,142.1028289794922,1851600
2023-09-29,FANG,157.3000030517578,157.4199981689453,154.08999633789062,154.8800048828125,142.1028289794922,1851600
2023-10-02,FANG,155.14999389648438,155.32000732421875,148.75,150.1999969482422,137.8089141845703,1678100
2023-10-02,FANG,155.14999389648438,155.32000732421875,148.75,150.1999969482422,137.8089141845703,1678100
2023-10-03,FANG,149.77999877929688,150.88999938964844,148.36000061035156,150.88999938964844,138.44198608398438,1693800
2023-10-03,FANG,149.77999877929688,150.88999938964844,148.36000061035156,150.88999938964844,138.44198608398438,1693800
2023-10-04,FANG,149.57000732421875,149.57000732421875,144.22999572753906,145.50999450683594,133.50579833984375,2536200
2023-10-04,FANG,149.57000732421875,149.57000732421875,144.22999572753906,145.50999450683594,133.50579833984375,2536200
2023-10-05,FANG,143.3800048828125,146.10000610351562,143.0800018310547,145.1199951171875,133.14797973632812,1718300
2023-10-05,FANG,143.3800048828125,146.10000610351562,143.0800018310547,145.1199951171875,133.14797973632812,1718300
2023-10-06,FANG,147.8000030517578,153.0,146.16000366210938,151.22999572753906,138.75393676757812,4441200
2023-10-06,FANG,147.8000030517578,153.0,146.16000366210938,151.22999572753906,138.75393676757812,4441200
2023-10-09,FANG,155.82000732421875,157.41000366210938,154.88999938964844,156.47000122070312,143.56166076660156,2184400
2023-10-09,FANG,155.82000732421875,157.41000366210938,154.88999938964844,156.47000122070312,143.56166076660156,2184400
2023-10-10,FANG,156.47000122070312,157.9600067138672,155.2899932861328,156.3800048828125,143.4790802001953,1661600
2023-10-10,FANG,156.47000122070312,157.9600067138672,155.2899932861328,156.3800048828125,143.4790802001953,1661600
2023-10-11,FANG,156.10000610351562,159.0800018310547,155.6300048828125,158.85000610351562,145.74530029296875,3028200
2023-10-11,FANG,156.10000610351562,159.0800018310547,155.6300048828125,158.85000610351562,145.74530029296875,3028200
2023-10-12,FANG,160.67999267578125,163.14999389648438,160.13999938964844,162.36000061035156,148.96572875976562,3206300
2023-10-12,FANG,160.67999267578125,163.14999389648438,160.13999938964844,162.36000061035156,148.96572875976562,3206300
2023-10-13,FANG,165.75,168.3300018310547,165.72999572753906,166.57000732421875,152.82843017578125,2908300
2023-10-13,FANG,165.75,168.3300018310547,165.72999572753906,166.57000732421875,152.82843017578125,2908300
2023-10-16,FANG,167.9199981689453,168.1300048828125,165.0800018310547,167.41000366210938,153.59915161132812,1661700
2023-10-16,FANG,167.9199981689453,168.1300048828125,165.0800018310547,167.41000366210938,153.59915161132812,1661700
2023-10-17,FANG,167.27000427246094,169.60000610351562,167.1999969482422,168.47000122070312,154.57168579101562,1925700
2023-10-17,FANG,167.27000427246094,169.60000610351562,167.1999969482422,168.47000122070312,154.57168579101562,1925700
2023-10-18,FANG,169.69000244140625,171.39999389648438,168.89999389648438,169.9199981689453,155.90206909179688,1996000
2023-10-18,FANG,169.69000244140625,171.39999389648438,168.89999389648438,169.9199981689453,155.90206909179688,1996000
2023-10-19,FANG,169.4199981689453,170.6699981689453,167.75999450683594,168.9199981689453,154.98455810546875,1580300
2023-10-19,FANG,169.4199981689453,170.6699981689453,167.75999450683594,168.9199981689453,154.98455810546875,1580300
2023-10-20,FANG,168.9199981689453,169.61000061035156,166.00999450683594,166.47999572753906,152.745849609375,2465500
2023-10-20,FANG,168.9199981689453,169.61000061035156,166.00999450683594,166.47999572753906,152.745849609375,2465500
2023-10-23,FANG,164.6199951171875,167.38999938964844,163.74000549316406,165.32000732421875,151.6815643310547,2548800
2023-10-23,FANG,164.6199951171875,167.38999938964844,163.74000549316406,165.32000732421875,151.6815643310547,2548800
2023-10-24,FANG,165.8000030517578,166.3800048828125,163.17999267578125,163.25999450683594,149.79148864746094,1604600
2023-10-24,FANG,165.8000030517578,166.3800048828125,163.17999267578125,163.25999450683594,149.79148864746094,1604600
2023-10-25,FANG,163.8000030517578,165.1300048828125,162.3300018310547,164.67999267578125,151.09434509277344,1596700
2023-10-25,FANG,163.8000030517578,165.1300048828125,162.3300018310547,164.67999267578125,151.09434509277344,1596700
2023-10-26,FANG,163.02999877929688,163.63999938964844,159.72999572753906,161.72000122070312,148.3785400390625,2669100
2023-10-26,FANG,163.02999877929688,163.63999938964844,159.72999572753906,161.72000122070312,148.3785400390625,2669100
2023-10-27,FANG,162.0,162.07000732421875,157.9199981689453,160.0500030517578,146.84629821777344,1589100
2023-10-27,FANG,162.0,162.07000732421875,157.9199981689453,160.0500030517578,146.84629821777344,1589100
2023-10-30,FANG,160.25999450683594,161.25999450683594,157.0500030517578,158.42999267578125,145.35995483398438,1496200
2023-10-30,FANG,160.25999450683594,161.25999450683594,157.0500030517578,158.42999267578125,145.35995483398438,1496200
2023-10-31,FANG,158.9499969482422,161.16000366210938,157.3300018310547,160.32000732421875,147.09405517578125,1342500
2023-10-31,FANG,158.9499969482422,161.16000366210938,157.3300018310547,160.32000732421875,147.09405517578125,1342500
2023-11-01,FANG,161.94000244140625,162.58999633789062,158.7100067138672,159.41000366210938,146.25912475585938,1700500
2023-11-01,FANG,161.94000244140625,162.58999633789062,158.7100067138672,159.41000366210938,146.25912475585938,1700500
2023-11-02,FANG,158.3699951171875,163.47999572753906,157.60000610351562,163.24000549316406,149.77313232421875,1621200
2023-11-02,FANG,158.3699951171875,163.47999572753906,157.60000610351562,163.24000549316406,149.77313232421875,1621200
2023-11-03,FANG,163.47000122070312,164.0399932861328,160.8699951171875,162.10000610351562,148.7272186279297,1294200
2023-11-03,FANG,163.47000122070312,164.0399932861328,160.8699951171875,162.10000610351562,148.7272186279297,1294200
2023-11-06,FANG,162.41000366210938,163.0800018310547,159.10000610351562,160.13999938964844,146.9288787841797,1914800
2023-11-06,FANG,162.41000366210938,163.0800018310547,159.10000610351562,160.13999938964844,146.9288787841797,1914800
2023-11-07,FANG,157.82000732421875,160.07000732421875,153.57000732421875,158.7899932861328,145.6902313232422,3074600
2023-11-07,FANG,157.82000732421875,160.07000732421875,153.57000732421875,158.7899932861328,145.6902313232422,3074600
2023-11-08,FANG,157.5500030517578,159.5399932861328,155.1699981689453,155.97000122070312,143.1029052734375,2448500
2023-11-08,FANG,157.5500030517578,159.5399932861328,155.1699981689453,155.97000122070312,143.1029052734375,2448500
2023-11-09,FANG,156.63999938964844,158.2899932861328,155.38999938964844,155.5800018310547,142.74510192871094,1785400
2023-11-09,FANG,156.63999938964844,158.2899932861328,155.38999938964844,155.5800018310547,142.74510192871094,1785400
2023-11-10,FANG,157.66000366210938,158.66000366210938,155.8699951171875,157.7100067138672,144.6993408203125,1692200
2023-11-10,FANG,157.66000366210938,158.66000366210938,155.8699951171875,157.7100067138672,144.6993408203125,1692200
2023-11-13,FANG,158.02000427246094,159.35000610351562,157.35000610351562,158.17999267578125,145.1305694580078,1289700
2023-11-13,FANG,158.02000427246094,159.35000610351562,157.35000610351562,158.17999267578125,145.1305694580078,1289700
2023-11-14,FANG,159.0500030517578,159.75,158.1300048828125,159.16000366210938,146.0297393798828,2417800
2023-11-14,FANG,159.0500030517578,159.75,158.1300048828125,159.16000366210938,146.0297393798828,2417800
2023-11-15,FANG,155.4199981689453,157.91000366210938,155.4199981689453,155.7899932861328,146.02972412109375,1785600
2023-11-15,FANG,155.4199981689453,157.91000366210938,155.4199981689453,155.7899932861328,146.02972412109375,1785600
2023-11-16,FANG,154.7899932861328,154.9600067138672,148.6699981689453,152.5,142.9458770751953,3097600
2023-11-16,FANG,154.7899932861328,154.9600067138672,148.6699981689453,152.5,142.9458770751953,3097600
2023-11-17,FANG,154.02999877929688,157.4499969482422,153.5,156.14999389648438,146.3671875,2182700
2023-11-17,FANG,154.02999877929688,157.4499969482422,153.5,156.14999389648438,146.3671875,2182700
2023-11-20,FANG,157.02999877929688,158.22999572753906,155.61000061035156,156.14999389648438,146.3671875,1421400
2023-11-20,FANG,157.02999877929688,158.22999572753906,155.61000061035156,156.14999389648438,146.3671875,1421400
2023-11-21,FANG,155.24000549316406,155.60000610351562,153.57000732421875,155.08999633789062,145.3735809326172,1127800
2023-11-21,FANG,155.24000549316406,155.60000610351562,153.57000732421875,155.08999633789062,145.3735809326172,1127800
2023-11-22,FANG,150.97999572753906,154.6300048828125,149.99000549316406,154.16000366210938,144.50184631347656,1363500
2023-11-22,FANG,150.97999572753906,154.6300048828125,149.99000549316406,154.16000366210938,144.50184631347656,1363500
2023-11-24,FANG,154.49000549316406,156.25999450683594,154.42999267578125,154.6300048828125,144.94239807128906,549800
2023-11-24,FANG,154.49000549316406,156.25999450683594,154.42999267578125,154.6300048828125,144.94239807128906,549800
2023-11-27,FANG,153.7899932861328,154.3800048828125,152.55999755859375,154.02000427246094,144.37063598632812,1232200
2023-11-27,FANG,153.7899932861328,154.3800048828125,152.55999755859375,154.02000427246094,144.37063598632812,1232200
2023-11-28,FANG,154.41000366210938,155.72000122070312,153.5399932861328,153.99000549316406,144.342529296875,1066600
2023-11-28,FANG,154.41000366210938,155.72000122070312,153.5399932861328,153.99000549316406,144.342529296875,1066600
2023-11-29,FANG,154.44000244140625,154.88999938964844,153.02000427246094,153.7899932861328,144.15504455566406,1031500
2023-11-29,FANG,154.44000244140625,154.88999938964844,153.02000427246094,153.7899932861328,144.15504455566406,1031500
2023-11-30,FANG,155.16000366210938,157.47999572753906,151.1300048828125,154.41000366210938,144.73619079589844,2406800
2023-11-30,FANG,155.16000366210938,157.47999572753906,151.1300048828125,154.41000366210938,144.73619079589844,2406800
2023-12-01,FANG,154.3000030517578,156.77000427246094,153.66000366210938,154.27000427246094,144.60496520996094,1353900
2023-12-01,FANG,154.3000030517578,156.77000427246094,153.66000366210938,154.27000427246094,144.60496520996094,1353900
2023-12-04,FANG,152.72000122070312,154.10000610351562,152.11000061035156,153.86000061035156,144.22067260742188,1372900
2023-12-04,FANG,152.72000122070312,154.10000610351562,152.11000061035156,153.86000061035156,144.22067260742188,1372900
2023-12-05,FANG,154.2100067138672,154.49000549316406,150.0500030517578,150.14999389648438,140.74307250976562,1842800
2023-12-05,FANG,154.2100067138672,154.49000549316406,150.0500030517578,150.14999389648438,140.74307250976562,1842800
2023-12-06,FANG,148.74000549316406,149.10000610351562,145.6999969482422,146.47999572753906,137.302978515625,3304500
2023-12-06,FANG,148.74000549316406,149.10000610351562,145.6999969482422,146.47999572753906,137.302978515625,3304500
2023-12-07,FANG,147.92999267578125,148.72000122070312,146.52000427246094,147.58999633789062,138.34344482421875,2245500
2023-12-07,FANG,147.92999267578125,148.72000122070312,146.52000427246094,147.58999633789062,138.34344482421875,2245500
2023-12-08,FANG,148.24000549316406,150.41000366210938,148.0,148.72999572753906,139.41204833984375,1596100
2023-12-08,FANG,148.24000549316406,150.41000366210938,148.0,148.72999572753906,139.41204833984375,1596100
2023-12-11,FANG,148.47999572753906,150.25,148.32000732421875,149.5399932861328,140.17129516601562,1992800
2023-12-11,FANG,148.47999572753906,150.25,148.32000732421875,149.5399932861328,140.17129516601562,1992800
2023-12-12,FANG,148.27000427246094,148.92999267578125,146.82000732421875,147.8800048828125,138.61529541015625,2404800
2023-12-12,FANG,148.27000427246094,148.92999267578125,146.82000732421875,147.8800048828125,138.61529541015625,2404800
2023-12-13,FANG,148.08999633789062,149.75,147.36000061035156,149.4600067138672,140.09629821777344,1840400
2023-12-13,FANG,148.08999633789062,149.75,147.36000061035156,149.4600067138672,140.09629821777344,1840400
2023-12-14,FANG,151.0500030517578,154.13999938964844,150.8800048828125,153.44000244140625,143.82696533203125,2552900
2023-12-14,FANG,151.0500030517578,154.13999938964844,150.8800048828125,153.44000244140625,143.82696533203125,2552900
2023-12-15,FANG,152.6699981689453,154.0,150.8699951171875,153.11000061035156,143.51763916015625,4063700
2023-12-15,FANG,152.6699981689453,154.0,150.8699951171875,153.11000061035156,143.51763916015625,4063700
2023-12-18,FANG,156.52000427246094,157.85000610351562,155.6300048828125,155.6300048828125,145.8797607421875,1883400
2023-12-18,FANG,156.52000427246094,157.85000610351562,155.6300048828125,155.6300048828125,145.8797607421875,1883400
2023-12-19,FANG,155.5500030517578,157.42999267578125,154.8800048828125,157.14999389648438,147.30453491210938,1578800
2023-12-19,FANG,155.5500030517578,157.42999267578125,154.8800048828125,157.14999389648438,147.30453491210938,1578800
2023-12-20,FANG,157.1199951171875,159.44000244140625,155.6699981689453,155.8300018310547,146.06724548339844,1581400
2023-12-20,FANG,157.1199951171875,159.44000244140625,155.6699981689453,155.8300018310547,146.06724548339844,1581400
2023-12-21,FANG,156.4499969482422,156.72000122070312,154.57000732421875,156.25999450683594,146.4702911376953,1292300
2023-12-21,FANG,156.4499969482422,156.72000122070312,154.57000732421875,156.25999450683594,146.4702911376953,1292300
2023-12-22,FANG,157.5399932861328,158.32000732421875,155.97999572753906,156.38999938964844,146.59213256835938,1258500
2023-12-22,FANG,157.5399932861328,158.32000732421875,155.97999572753906,156.38999938964844,146.59213256835938,1258500
2023-12-26,FANG,157.6199951171875,159.99000549316406,157.6199951171875,159.0,149.03863525390625,1038900
2023-12-26,FANG,157.6199951171875,159.99000549316406,157.6199951171875,159.0,149.03863525390625,1038900
2023-12-27,FANG,159.0,159.74000549316406,157.3800048828125,158.08999633789062,148.18563842773438,911800
2023-12-27,FANG,159.0,159.74000549316406,157.3800048828125,158.08999633789062,148.18563842773438,911800
2023-12-28,FANG,157.47999572753906,157.69000244140625,155.27000427246094,155.3300018310547,145.5985565185547,1167000
2023-12-28,FANG,157.47999572753906,157.69000244140625,155.27000427246094,155.3300018310547,145.5985565185547,1167000
2023-12-29,FANG,156.0,156.36000061035156,154.72999572753906,155.0800018310547,145.36424255371094,2267700
2023-12-29,FANG,156.0,156.36000061035156,154.72999572753906,155.0800018310547,145.36424255371094,2267700
2024-01-02,FANG,156.57000732421875,158.6199951171875,156.32000732421875,157.00999450683594,147.17327880859375,1400300
2024-01-02,FANG,156.57000732421875,158.6199951171875,156.32000732421875,157.00999450683594,147.17327880859375,1400300
2024-01-03,FANG,157.69000244140625,160.88999938964844,156.36000061035156,160.1699981689453,150.1353302001953,1391300
2024-01-03,FANG,157.69000244140625,160.88999938964844,156.36000061035156,160.1699981689453,150.1353302001953,1391300
2024-01-04,FANG,161.07000732421875,161.6199951171875,155.52000427246094,155.82000732421875,146.05787658691406,1815200
2024-01-04,FANG,161.07000732421875,161.6199951171875,155.52000427246094,155.82000732421875,146.05787658691406,1815200
2024-01-05,FANG,156.8000030517578,157.64999389648438,154.63999938964844,155.9499969482422,146.17970275878906,1654700
2024-01-05,FANG,156.8000030517578,157.64999389648438,154.63999938964844,155.9499969482422,146.17970275878906,1654700
2024-01-08,FANG,152.8000030517578,155.75999450683594,150.7100067138672,155.75999450683594,146.00161743164062,2130700
2024-01-08,FANG,152.8000030517578,155.75999450683594,150.7100067138672,155.75999450683594,146.00161743164062,2130700
2024-01-09,FANG,156.02999877929688,156.19000244140625,152.22999572753906,152.75999450683594,143.18955993652344,1356800
2024-01-09,FANG,156.02999877929688,156.19000244140625,152.22999572753906,152.75999450683594,143.18955993652344,1356800
2024-01-10,FANG,152.19000244140625,152.3000030517578,149.8699951171875,151.36000061035156,141.8772735595703,1470200
2024-01-10,FANG,152.19000244140625,152.3000030517578,149.8699951171875,151.36000061035156,141.8772735595703,1470200
2024-01-11,FANG,151.99000549316406,152.57000732421875,150.3699951171875,151.38999938964844,141.9053955078125,1234700
2024-01-11,FANG,151.99000549316406,152.57000732421875,150.3699951171875,151.38999938964844,141.9053955078125,1234700
2024-01-12,FANG,153.99000549316406,154.58999633789062,152.0500030517578,153.83999633789062,144.201904296875,1472500
2024-01-12,FANG,153.99000549316406,154.58999633789062,152.0500030517578,153.83999633789062,144.201904296875,1472500
2024-01-16,FANG,153.02999877929688,153.36000061035156,150.6999969482422,151.16000366210938,141.68980407714844,1423100
2024-01-16,FANG,153.02999877929688,153.36000061035156,150.6999969482422,151.16000366210938,141.68980407714844,1423100
2024-01-17,FANG,149.38999938964844,151.32000732421875,148.8699951171875,149.77999877929688,140.39625549316406,1448100
2024-01-17,FANG,149.38999938964844,151.32000732421875,148.8699951171875,149.77999877929688,140.39625549316406,1448100
2024-01-18,FANG,149.72000122070312,150.3300018310547,148.30999755859375,149.74000549316406,140.35877990722656,1460800
2024-01-18,FANG,149.72000122070312,150.3300018310547,148.30999755859375,149.74000549316406,140.35877990722656,1460800
2024-01-19,FANG,149.72999572753906,151.11000061035156,149.02000427246094,151.05999755859375,141.5960693359375,1344100
2024-01-19,FANG,149.72999572753906,151.11000061035156,149.02000427246094,151.05999755859375,141.5960693359375,1344100
2024-01-22,FANG,151.27999877929688,153.25999450683594,150.16000366210938,151.94000244140625,142.42095947265625,2268600
2024-01-22,FANG,151.27999877929688,153.25999450683594,150.16000366210938,151.94000244140625,142.42095947265625,2268600
2024-01-23,FANG,150.99000549316406,153.08999633789062,150.7100067138672,151.47000122070312,141.98037719726562,1307300
2024-01-23,FANG,150.99000549316406,153.08999633789062,150.7100067138672,151.47000122070312,141.98037719726562,1307300
2024-01-24,FANG,152.38999938964844,153.61000061035156,151.25,153.1999969482422,143.60198974609375,1470200
2024-01-24,FANG,152.38999938964844,153.61000061035156,151.25,153.1999969482422,143.60198974609375,1470200
2024-01-25,FANG,154.63999938964844,156.41000366210938,152.47000122070312,156.32000732421875,146.52655029296875,2399500
2024-01-25,FANG,154.63999938964844,156.41000366210938,152.47000122070312,156.32000732421875,146.52655029296875,2399500
2024-01-26,FANG,156.5,157.08999633789062,154.25,156.24000549316406,146.45155334472656,1443200
2024-01-26,FANG,156.5,157.08999633789062,154.25,156.24000549316406,146.45155334472656,1443200
2024-01-29,FANG,155.89999389648438,155.89999389648438,153.7100067138672,154.86000061035156,145.1580047607422,2775200
2024-01-29,FANG,155.89999389648438,155.89999389648438,153.7100067138672,154.86000061035156,145.1580047607422,2775200
2024-01-30,FANG,153.82000732421875,157.3800048828125,153.39999389648438,156.92999267578125,147.09832763671875,2002400
2024-01-30,FANG,153.82000732421875,157.3800048828125,153.39999389648438,156.92999267578125,147.09832763671875,2002400
2024-01-31,FANG,156.80999755859375,156.80999755859375,153.5,153.74000549316406,144.10816955566406,1636100
2024-01-31,FANG,156.80999755859375,156.80999755859375,153.5,153.74000549316406,144.10816955566406,1636100
2024-02-01,FANG,154.5,155.16000366210938,151.3300018310547,152.72000122070312,143.15208435058594,1578800
2024-02-01,FANG,154.5,155.16000366210938,151.3300018310547,152.72000122070312,143.15208435058594,1578800
2024-02-02,FANG,152.57000732421875,152.89999389648438,150.19000244140625,150.22000122070312,140.80870056152344,1282800
2024-02-02,FANG,152.57000732421875,152.89999389648438,150.19000244140625,150.22000122070312,140.80870056152344,1282800
2024-02-05,FANG,149.82000732421875,150.55999755859375,147.92999267578125,149.6199951171875,140.24627685546875,1613000
2024-02-05,FANG,149.82000732421875,150.55999755859375,147.92999267578125,149.6199951171875,140.24627685546875,1613000
2024-02-06,FANG,150.39999389648438,152.7899932861328,150.0,151.99000549316406,142.46780395507812,1927200
2024-02-06,FANG,150.39999389648438,152.7899932861328,150.0,151.99000549316406,142.46780395507812,1927200
2024-02-07,FANG,151.97999572753906,152.8000030517578,150.7100067138672,151.4499969482422,141.96163940429688,1754700
2024-02-07,FANG,151.97999572753906,152.8000030517578,150.7100067138672,151.4499969482422,141.96163940429688,1754700
2024-02-08,FANG,151.5,154.38999938964844,151.30999755859375,153.47999572753906,143.86444091796875,1674700
2024-02-08,FANG,151.5,154.38999938964844,151.30999755859375,153.47999572753906,143.86444091796875,1674700
2024-02-09,FANG,153.7100067138672,154.22000122070312,151.25,151.74000549316406,142.23345947265625,1015100
2024-02-09,FANG,153.7100067138672,154.22000122070312,151.25,151.74000549316406,142.23345947265625,1015100
2024-02-12,FANG,160.0,168.1199951171875,158.6199951171875,165.97999572753906,155.58135986328125,7276300
2024-02-12,FANG,160.0,168.1199951171875,158.6199951171875,165.97999572753906,155.58135986328125,7276300
2024-02-13,FANG,167.30999755859375,169.66000366210938,163.57000732421875,165.60000610351562,155.22512817382812,3354200
2024-02-13,FANG,167.30999755859375,169.66000366210938,163.57000732421875,165.60000610351562,155.22512817382812,3354200
2024-02-14,FANG,167.7100067138672,170.27999877929688,166.11000061035156,169.86000061035156,159.21824645996094,3724500
2024-02-14,FANG,167.7100067138672,170.27999877929688,166.11000061035156,169.86000061035156,159.21824645996094,3724500
2024-02-15,FANG,170.5800018310547,179.52999877929688,170.27000427246094,178.52000427246094,167.33570861816406,3728700
2024-02-15,FANG,170.5800018310547,179.52999877929688,170.27000427246094,178.52000427246094,167.33570861816406,3728700
2024-02-16,FANG,179.42999267578125,181.5399932861328,178.07000732421875,179.4199981689453,168.1793212890625,2540900
2024-02-16,FANG,179.42999267578125,181.5399932861328,178.07000732421875,179.4199981689453,168.1793212890625,2540900
2024-02-20,FANG,179.57000732421875,180.13999938964844,177.25999450683594,178.05999755859375,166.90452575683594,2792200
2024-02-20,FANG,179.57000732421875,180.13999938964844,177.25999450683594,178.05999755859375,166.90452575683594,2792200
2024-02-21,FANG,182.22999572753903,183.9600067138672,178.27999877929688,179.75,168.48863220214844,3442900
2024-02-21,FANG,182.22999572753903,183.9600067138672,178.27999877929688,179.75,168.48863220214844,3442900
2024-02-22,FANG,179.63999938964844,180.3600006103516,176.38999938964844,176.72999572753906,165.65785217285156,2346100
2024-02-22,FANG,179.63999938964844,180.3600006103516,176.38999938964844,176.72999572753906,165.65785217285156,2346100
2024-02-23,FANG,175.36000061035156,177.7899932861328,174.38999938964844,176.36000061035156,165.31101989746094,2092400
2024-02-23,FANG,175.36000061035156,177.7899932861328,174.38999938964844,176.36000061035156,165.31101989746094,2092400
2024-02-26,FANG,175.7899932861328,177.94000244140625,174.64999389648438,177.11000061035156,166.01402282714844,1374200
2024-02-26,FANG,175.7899932861328,177.94000244140625,174.64999389648438,177.11000061035156,166.01402282714844,1374200
2024-02-27,FANG,177.42999267578125,178.25999450683594,176.13999938964844,177.9499969482422,166.8013916015625,1499100
2024-02-27,FANG,177.42999267578125,178.25999450683594,176.13999938964844,177.9499969482422,166.8013916015625,1499100
2024-02-28,FANG,177.1300048828125,179.82000732421875,176.72999572753906,179.75999450683594,168.4980010986328,1458000
2024-02-28,FANG,177.1300048828125,179.82000732421875,176.72999572753906,179.75999450683594,168.4980010986328,1458000
2024-02-29,FANG,180.6499938964844,182.9900054931641,180.0,182.5200042724609,171.08509826660156,2029400
2024-02-29,FANG,180.6499938964844,182.9900054931641,180.0,182.5200042724609,171.08509826660156,2029400
2024-03-01,FANG,183.33999633789065,185.77999877929688,183.1499938964844,185.1699981689453,173.56906127929688,1774300
2024-03-01,FANG,183.33999633789065,185.77999877929688,183.1499938964844,185.1699981689453,173.56906127929688,1774300
2024-03-04,FANG,183.1000061035156,183.1000061035156,178.2100067138672,178.88999938964844,170.518798828125,1320000
2024-03-04,FANG,183.1000061035156,183.1000061035156,178.2100067138672,178.88999938964844,170.518798828125,1320000
2024-03-05,FANG,179.02000427246094,182.1199951171875,178.88999938964844,180.05999755859375,171.63406372070312,1141500
2024-03-05,FANG,179.02000427246094,182.1199951171875,178.88999938964844,180.05999755859375,171.63406372070312,1141500
2024-03-06,FANG,180.9900054931641,181.8300018310547,179.3000030517578,181.17999267578125,172.70166015625,1736600
2024-03-06,FANG,180.9900054931641,181.8300018310547,179.3000030517578,181.17999267578125,172.70166015625,1736600
2024-03-07,FANG,181.5500030517578,183.6199951171875,181.5,182.80999755859372,174.25538635253906,1551100
2024-03-07,FANG,181.5500030517578,183.6199951171875,181.5,182.80999755859372,174.25538635253906,1551100
2024-03-08,FANG,182.6999969482422,184.88999938964844,182.3300018310547,183.2899932861328,174.71292114257812,1251800
2024-03-08,FANG,182.6999969482422,184.88999938964844,182.3300018310547,183.2899932861328,174.71292114257812,1251800
2024-03-11,FANG,182.52999877929688,184.6100006103516,181.5500030517578,184.5,175.86631774902344,1290800
2024-03-11,FANG,182.52999877929688,184.6100006103516,181.5500030517578,184.5,175.86631774902344,1290800
2024-03-12,FANG,185.5,185.8699951171875,183.72000122070312,184.5200042724609,175.8853759765625,1099200
2024-03-12,FANG,185.5,185.8699951171875,183.72000122070312,184.5200042724609,175.8853759765625,1099200
2024-03-13,FANG,186.75,188.6000061035156,185.9900054931641,187.55999755859372,178.78309631347656,1436900
2024-03-13,FANG,186.75,188.6000061035156,185.9900054931641,187.55999755859372,178.78309631347656,1436900
2024-03-14,FANG,188.00999450683597,189.6999969482422,187.7899932861328,189.5,180.63232421875,1467800
2024-03-14,FANG,188.00999450683597,189.6999969482422,187.7899932861328,189.5,180.63232421875,1467800
2024-03-15,FANG,189.08999633789065,191.3800048828125,187.8500061035156,189.94000244140625,181.05172729492188,3367100
2024-03-15,FANG,189.08999633789065,191.3800048828125,187.8500061035156,189.94000244140625,181.05172729492188,3367100
2024-03-18,FANG,190.72000122070312,191.2899932861328,188.7899932861328,190.05999755859372,181.1661376953125,1170300
2024-03-18,FANG,190.72000122070312,191.2899932861328,188.7899932861328,190.05999755859372,181.1661376953125,1170300
2024-03-19,FANG,189.91000366210935,192.8600006103516,189.5,192.6199951171875,183.60630798339844,1288700
2024-03-19,FANG,189.91000366210935,192.8600006103516,189.5,192.6199951171875,183.60630798339844,1288700
2024-03-20,FANG,191.6999969482422,193.00999450683597,190.0800018310547,192.8999938964844,183.87319946289065,1373600
2024-03-20,FANG,191.6999969482422,193.00999450683597,190.0800018310547,192.8999938964844,183.87319946289065,1373600
2024-03-21,FANG,193.22000122070312,194.6699981689453,192.3800048828125,194.3999938964844,185.3030242919922,1326900
2024-03-21,FANG,193.22000122070312,194.6699981689453,192.3800048828125,194.3999938964844,185.3030242919922,1326900
2024-03-22,FANG,195.0,195.1199951171875,193.00999450683597,194.6999969482422,185.58897399902344,1080300
2024-03-22,FANG,195.0,195.1199951171875,193.00999450683597,194.6999969482422,185.58897399902344,1080300
2024-03-25,FANG,195.72999572753903,197.3800048828125,195.72999572753903,196.58999633789065,187.3905487060547,1332700
2024-03-25,FANG,195.72999572753903,197.3800048828125,195.72999572753903,196.58999633789065,187.3905487060547,1332700
2024-03-26,FANG,196.58999633789065,198.1199951171875,194.0800018310547,194.25,185.16004943847656,1541900
2024-03-26,FANG,196.58999633789065,198.1199951171875,194.0800018310547,194.25,185.16004943847656,1541900
2024-03-27,FANG,193.8800048828125,196.55999755859372,193.4499969482422,196.52999877929688,187.33335876464844,987000
2024-03-27,FANG,193.8800048828125,196.55999755859372,193.4499969482422,196.52999877929688,187.33335876464844,987000
2024-03-28,FANG,198.00999450683597,198.52999877929688,196.5,198.1699981689453,188.8966064453125,1052600
2024-03-28,FANG,198.00999450683597,198.52999877929688,196.5,198.1699981689453,188.8966064453125,1052600
2024-04-01,FANG,199.3500061035156,199.8699951171875,197.57000732421875,199.4499969482422,190.11672973632807,1148300
2024-04-01,FANG,199.3500061035156,199.8699951171875,197.57000732421875,199.4499969482422,190.11672973632807,1148300
2024-04-02,FANG,200.0,200.66000366210935,198.1499938964844,200.3699951171875,190.99365234375,1543800
2024-04-02,FANG,200.0,200.66000366210935,198.1499938964844,200.3699951171875,190.99365234375,1543800
2024-04-03,FANG,201.00999450683597,203.47000122070312,200.9600067138672,203.22000122070312,193.71031188964844,1490100
2024-04-03,FANG,201.00999450683597,203.47000122070312,200.9600067138672,203.22000122070312,193.71031188964844,1490100
2024-04-04,FANG,203.63999938964844,203.97000122070312,200.57000732421875,201.0500030517578,191.641845703125,1459700
2024-04-04,FANG,203.63999938964844,203.97000122070312,200.57000732421875,201.0500030517578,191.641845703125,1459700
2024-04-05,FANG,201.3999938964844,205.02999877929688,200.3000030517578,204.32000732421875,194.75885009765625,1519800
2024-04-05,FANG,201.3999938964844,205.02999877929688,200.3000030517578,204.32000732421875,194.75885009765625,1519800
2024-04-08,FANG,204.5800018310547,208.4900054931641,203.3999938964844,206.57000732421875,196.90353393554688,1830400
2024-04-08,FANG,204.5800018310547,208.4900054931641,203.3999938964844,206.57000732421875,196.90353393554688,1830400
2024-04-09,FANG,207.5500030517578,208.4900054931641,204.75,205.52999877929688,195.9122009277344,1830200
2024-04-09,FANG,207.5500030517578,208.4900054931641,204.75,205.52999877929688,195.9122009277344,1830200
2024-04-10,FANG,204.0,206.80999755859372,203.75999450683597,206.22999572753903,196.57943725585935,1182900
2024-04-10,FANG,204.0,206.80999755859372,203.75999450683597,206.22999572753903,196.57943725585935,1182900
2024-04-11,FANG,207.0,208.2899932861328,203.6000061035156,208.25999450683597,198.5144500732422,1250200
2024-04-11,FANG,207.0,208.2899932861328,203.6000061035156,208.25999450683597,198.5144500732422,1250200
2024-04-12,FANG,209.3600006103516,211.9600067138672,205.0,206.33999633789065,196.68429565429688,1526900
2024-04-12,FANG,209.3600006103516,211.9600067138672,205.0,206.33999633789065,196.68429565429688,1526900
2024-04-15,FANG,207.91000366210935,209.47999572753903,204.6100006103516,205.3500061035156,195.7406311035156,1229200
2024-04-15,FANG,207.91000366210935,209.47999572753903,204.6100006103516,205.3500061035156,195.7406311035156,1229200
2024-04-16,FANG,203.9600067138672,205.1999969482422,201.82000732421875,203.9499969482422,194.40614318847656,1331900
2024-04-16,FANG,203.9600067138672,205.1999969482422,201.82000732421875,203.9499969482422,194.40614318847656,1331900
2024-04-17,FANG,203.6100006103516,204.9900054931641,199.3699951171875,201.1499938964844,191.73715209960935,1578200
2024-04-17,FANG,203.6100006103516,204.9900054931641,199.3699951171875,201.1499938964844,191.73715209960935,1578200
2024-04-18,FANG,202.07000732421875,202.75999450683597,198.7400054931641,199.6000061035156,190.2596740722656,1063300
2024-04-18,FANG,202.07000732421875,202.75999450683597,198.7400054931641,199.6000061035156,190.2596740722656,1063300
2024-04-19,FANG,201.22999572753903,203.8500061035156,200.1000061035156,200.7400054931641,191.3463592529297,1800800
2024-04-19,FANG,201.22999572753903,203.8500061035156,200.1000061035156,200.7400054931641,191.3463592529297,1800800
2024-04-22,FANG,200.0,203.69000244140625,198.0500030517578,202.5800018310547,193.1002349853516,1416100
2024-04-22,FANG,200.0,203.69000244140625,198.0500030517578,202.5800018310547,193.1002349853516,1416100
2024-04-23,FANG,201.50999450683597,204.52999877929688,200.5,204.3699951171875,194.8064727783203,960400
2024-04-23,FANG,201.50999450683597,204.52999877929688,200.5,204.3699951171875,194.8064727783203,960400
2024-04-24,FANG,203.7100067138672,206.6499938964844,202.9199981689453,205.2400054931641,195.63577270507807,1289500
2024-04-24,FANG,203.7100067138672,206.6499938964844,202.9199981689453,205.2400054931641,195.63577270507807,1289500
2024-04-25,FANG,205.63999938964844,207.66000366210935,203.42999267578125,207.1000061035156,197.4087371826172,1093800
2024-04-25,FANG,205.63999938964844,207.66000366210935,203.42999267578125,207.1000061035156,197.4087371826172,1093800
2024-04-26,FANG,205.17999267578125,208.8500061035156,204.8600006103516,207.75999450683597,198.03782653808597,1184000
2024-04-26,FANG,205.17999267578125,208.8500061035156,204.8600006103516,207.75999450683597,198.03782653808597,1184000
2024-04-29,FANG,206.7400054931641,207.47000122070312,204.27999877929688,205.8600006103516,196.2267608642578,1663400
2024-04-29,FANG,206.7400054931641,207.47000122070312,204.27999877929688,205.8600006103516,196.2267608642578,1663400
2024-04-30,FANG,204.5800018310547,205.6100006103516,200.72000122070312,201.1300048828125,191.7180938720703,2042700
2024-04-30,FANG,204.5800018310547,205.6100006103516,200.72000122070312,201.1300048828125,191.7180938720703,2042700
2024-05-01,FANG,203.0,203.5,193.19000244140625,196.00999450683597,186.83767700195312,2875200
2024-05-01,FANG,203.0,203.5,193.19000244140625,196.00999450683597,186.83767700195312,2875200
2024-05-02,FANG,196.82000732421875,198.1499938964844,195.0399932861328,197.6300048828125,188.38189697265625,1933200
2024-05-02,FANG,196.82000732421875,198.1499938964844,195.0399932861328,197.6300048828125,188.38189697265625,1933200
2024-05-03,FANG,196.5800018310547,201.5399932861328,196.2899932861328,201.5,192.07080078125,1873700
2024-05-03,FANG,196.5800018310547,201.5399932861328,196.2899932861328,201.5,192.07080078125,1873700
2024-05-06,FANG,202.50999450683597,205.7400054931641,202.16000366210935,204.19000244140625,194.63491821289065,1791600
2024-05-06,FANG,202.50999450683597,205.7400054931641,202.16000366210935,204.19000244140625,194.63491821289065,1791600
2024-05-07,FANG,204.44000244140625,205.47000122070312,203.0399932861328,203.67999267578125,194.14874267578125,1244800
2024-05-07,FANG,204.44000244140625,205.47000122070312,203.0399932861328,203.67999267578125,194.14874267578125,1244800
2024-05-08,FANG,202.3600006103516,204.7700042724609,201.75999450683597,203.22000122070312,193.71031188964844,1390200
2024-05-08,FANG,202.3600006103516,204.7700042724609,201.75999450683597,203.22000122070312,193.71031188964844,1390200
2024-05-09,FANG,203.2899932861328,204.6699981689453,202.8999938964844,203.72000122070312,194.18690490722656,1032900
2024-05-09,FANG,203.2899932861328,204.6699981689453,202.8999938964844,203.72000122070312,194.18690490722656,1032900
2024-05-10,FANG,204.3999938964844,205.5800018310547,200.9499969482422,202.19000244140625,192.72848510742188,1732200
2024-05-10,FANG,204.3999938964844,205.5800018310547,200.9499969482422,202.19000244140625,192.72848510742188,1732200
2024-05-13,FANG,203.19000244140625,203.2899932861328,200.1300048828125,200.7700042724609,191.37496948242188,1384100
2024-05-13,FANG,203.19000244140625,203.2899932861328,200.1300048828125,200.7700042724609,191.37496948242188,1384100
2024-05-14,FANG,198.5200042724609,199.9199981689453,197.05999755859372,198.0500030517578,190.65298461914065,1474600
2024-05-14,FANG,198.5200042724609,199.9199981689453,197.05999755859372,198.0500030517578,190.65298461914065,1474600
2024-05-15,FANG,197.08999633789065,197.8000030517578,193.52999877929688,196.7400054931641,189.3918914794922,1614800
2024-05-15,FANG,197.08999633789065,197.8000030517578,193.52999877929688,196.7400054931641,189.3918914794922,1614800
2024-05-16,FANG,196.8800048828125,197.57000732421875,194.47999572753903,194.58999633789065,187.3221893310547,1145200
2024-05-16,FANG,196.8800048828125,197.57000732421875,194.47999572753903,194.58999633789065,187.3221893310547,1145200
2024-05-17,FANG,195.3600006103516,198.27999877929688,194.8300018310547,197.6699981689453,190.2871551513672,1011900
2024-05-17,FANG,195.3600006103516,198.27999877929688,194.8300018310547,197.6699981689453,190.2871551513672,1011900
2024-05-20,FANG,197.82000732421875,199.0800018310547,197.0,197.8300018310547,190.4411773681641,929000
2024-05-20,FANG,197.82000732421875,199.0800018310547,197.0,197.8300018310547,190.4411773681641,929000
2024-05-21,FANG,196.4600067138672,199.1000061035156,196.33999633789065,196.55999755859372,189.21861267089844,834100
2024-05-21,FANG,196.4600067138672,199.1000061035156,196.33999633789065,196.55999755859372,189.21861267089844,834100
2024-05-22,FANG,196.25,196.33999633789065,191.47999572753903,192.33999633789065,185.15621948242188,1179200
2024-05-22,FANG,196.25,196.33999633789065,191.47999572753903,192.33999633789065,185.15621948242188,1179200
2024-05-23,FANG,194.02999877929688,195.1699981689453,191.75999450683597,191.9600067138672,184.79042053222656,1394600
2024-05-23,FANG,194.02999877929688,195.1699981689453,191.75999450683597,191.9600067138672,184.79042053222656,1394600
2024-05-24,FANG,193.75999450683597,194.8800048828125,193.1699981689453,193.4600067138672,186.23439025878903,688400
2024-05-24,FANG,193.75999450683597,194.8800048828125,193.1699981689453,193.4600067138672,186.23439025878903,688400
2024-05-28,FANG,195.2400054931641,198.1699981689453,195.1999969482422,197.75999450683597,190.373779296875,1304000
2024-05-28,FANG,195.2400054931641,198.1699981689453,195.1999969482422,197.75999450683597,190.373779296875,1304000
2024-05-29,FANG,197.57000732421875,197.7899932861328,193.2700042724609,195.0200042724609,187.73614501953125,1527700
2024-05-29,FANG,197.57000732421875,197.7899932861328,193.2700042724609,195.0200042724609,187.73614501953125,1527700
2024-05-30,FANG,194.5399932861328,197.88999938964844,194.5399932861328,197.33999633789065,189.969482421875,1288500
2024-05-30,FANG,194.5399932861328,197.88999938964844,194.5399932861328,197.33999633789065,189.969482421875,1288500
2024-05-31,FANG,197.52999877929688,199.4600067138672,196.9600067138672,199.25999450683597,191.81776428222656,2933800
2024-05-31,FANG,197.52999877929688,199.4600067138672,196.9600067138672,199.25999450683597,191.81776428222656,2933800
2024-06-03,FANG,198.4499969482422,198.8300018310547,186.47999572753903,190.7100067138672,183.58709716796875,2775100
2024-06-03,FANG,198.4499969482422,198.8300018310547,186.47999572753903,190.7100067138672,183.58709716796875,2775100
2024-06-04,FANG,188.72999572753903,189.2899932861328,185.1000061035156,189.22000122070312,182.1527557373047,1744900
2024-06-04,FANG,188.72999572753903,189.2899932861328,185.1000061035156,189.22000122070312,182.1527557373047,1744900
2024-06-05,FANG,189.22000122070312,190.00999450683597,188.4900054931641,189.19000244140625,182.12388610839844,825700
2024-06-05,FANG,189.22000122070312,190.00999450683597,188.4900054931641,189.19000244140625,182.12388610839844,825700
2024-06-06,FANG,188.8800048828125,191.5500030517578,188.8000030517578,191.0399932861328,183.9047698974609,1181400
2024-06-06,FANG,188.8800048828125,191.5500030517578,188.8000030517578,191.0399932861328,183.9047698974609,1181400
2024-06-07,FANG,191.0399932861328,191.6000061035156,189.77999877929688,190.3000030517578,183.19241333007807,1027800
2024-06-07,FANG,191.0399932861328,191.6000061035156,189.77999877929688,190.3000030517578,183.19241333007807,1027800
2024-06-10,FANG,190.75999450683597,195.0,190.6199951171875,193.97000122070312,186.7253570556641,961200
2024-06-10,FANG,190.75999450683597,195.0,190.6199951171875,193.97000122070312,186.7253570556641,961200
2024-06-11,FANG,192.6100006103516,193.72999572753903,191.2400054931641,193.6699981689453,186.43655395507807,716300
2024-06-11,FANG,192.6100006103516,193.72999572753903,191.2400054931641,193.6699981689453,186.43655395507807,716300
2024-06-12,FANG,195.25999450683597,196.0,192.3500061035156,193.6499938964844,186.4172821044922,1056800
2024-06-12,FANG,195.25999450683597,196.0,192.3500061035156,193.6499938964844,186.4172821044922,1056800
2024-06-13,FANG,192.5,192.8699951171875,188.2700042724609,190.3500061035156,183.2405548095703,1268800
2024-06-13,FANG,192.5,192.8699951171875,188.2700042724609,190.3500061035156,183.2405548095703,1268800
2024-06-14,FANG,189.8999938964844,190.0,185.69000244140625,185.97000122070312,179.02415466308594,978300
2024-06-14,FANG,189.8999938964844,190.0,185.69000244140625,185.97000122070312,179.02415466308594,978300
2024-06-17,FANG,186.55999755859372,188.1300048828125,185.1000061035156,187.55999755859372,180.55474853515625,1235300
2024-06-17,FANG,186.55999755859372,188.1300048828125,185.1000061035156,187.55999755859372,180.55474853515625,1235300
2024-06-18,FANG,188.7899932861328,189.8600006103516,188.2100067138672,188.8699951171875,181.81581115722656,1124300
2024-06-18,FANG,188.7899932861328,189.8600006103516,188.2100067138672,188.8699951171875,181.81581115722656,1124300
2024-06-20,FANG,189.50999450683597,193.6000061035156,189.50999450683597,192.72999572753903,185.5316619873047,1960000
2024-06-20,FANG,189.50999450683597,193.6000061035156,189.50999450683597,192.72999572753903,185.5316619873047,1960000
2024-06-21,FANG,193.57000732421875,193.6999969482422,190.3300018310547,190.8800048828125,183.7507781982422,3342900
2024-06-21,FANG,193.57000732421875,193.6999969482422,190.3300018310547,190.8800048828125,183.7507781982422,3342900
2024-06-24,FANG,192.1199951171875,199.1499938964844,191.8500061035156,198.02999877929688,190.6337127685547,1809700
2024-06-24,FANG,192.1199951171875,199.1499938964844,191.8500061035156,198.02999877929688,190.6337127685547,1809700
2024-06-25,FANG,197.88999938964844,198.6300048828125,196.3300018310547,197.8800048828125,190.48931884765625,1441900
2024-06-25,FANG,197.88999938964844,198.6300048828125,196.3300018310547,197.8800048828125,190.48931884765625,1441900
2024-06-26,FANG,198.16000366210935,198.16000366210935,195.00999450683597,196.9600067138672,189.6036834716797,1258000
2024-06-26,FANG,198.16000366210935,198.16000366210935,195.00999450683597,196.9600067138672,189.6036834716797,1258000
2024-06-27,FANG,198.25,199.38999938964844,196.6499938964844,199.19000244140625,191.7503967285156,1036500
2024-06-27,FANG,198.25,199.38999938964844,196.6499938964844,199.19000244140625,191.7503967285156,1036500
2024-06-28,FANG,200.5399932861328,202.8699951171875,199.07000732421875,200.19000244140625,192.71304321289065,2105900
2024-06-28,FANG,200.5399932861328,202.8699951171875,199.07000732421875,200.19000244140625,192.71304321289065,2105900
2024-07-01,FANG,201.82000732421875,204.38999938964844,199.77999877929688,203.7100067138672,196.10157775878903,1230300
2024-07-01,FANG,201.82000732421875,204.38999938964844,199.77999877929688,203.7100067138672,196.10157775878903,1230300
2024-07-02,FANG,205.4900054931641,208.6199951171875,203.8000030517578,204.8999938964844,197.2471160888672,1763200
2024-07-02,FANG,205.4900054931641,208.6199951171875,203.8000030517578,204.8999938964844,197.2471160888672,1763200
2024-07-03,FANG,206.0800018310547,208.7700042724609,204.3300018310547,206.92999267578125,199.2012939453125,741100
2024-07-03,FANG,206.0800018310547,208.7700042724609,204.3300018310547,206.92999267578125,199.2012939453125,741100
2024-07-05,FANG,206.4499969482422,207.47999572753903,202.30999755859372,203.52999877929688,195.92828369140625,761300
2024-07-05,FANG,206.4499969482422,207.47999572753903,202.30999755859372,203.52999877929688,195.92828369140625,761300
2024-07-08,FANG,202.3699951171875,203.5500030517578,201.0399932861328,203.3500061035156,195.7550201416016,774800
2024-07-08,FANG,202.3699951171875,203.5500030517578,201.0399932861328,203.3500061035156,195.7550201416016,774800
2024-07-09,FANG,200.9499969482422,204.6199951171875,199.6199951171875,202.6000061035156,195.03302001953125,993300
2024-07-09,FANG,200.9499969482422,204.6199951171875,199.6199951171875,202.6000061035156,195.03302001953125,993300
2024-07-10,FANG,202.07000732421875,202.6499938964844,200.75,202.38999938964844,194.83087158203125,970900
2024-07-10,FANG,202.07000732421875,202.6499938964844,200.75,202.38999938964844,194.83087158203125,970900
2024-07-11,FANG,202.50999450683597,208.3000030517578,201.5800018310547,207.1699981689453,199.43234252929688,1249100
2024-07-11,FANG,202.50999450683597,208.3000030517578,201.5800018310547,207.1699981689453,199.43234252929688,1249100
2024-07-12,FANG,207.3699951171875,208.6499938964844,203.42999267578125,204.1699981689453,196.5443878173828,1128200
2024-07-12,FANG,207.3699951171875,208.6499938964844,203.42999267578125,204.1699981689453,196.5443878173828,1128200
2024-07-15,FANG,205.0,212.1000061035156,204.3600006103516,210.92999267578125,203.05191040039065,1410700
2024-07-15,FANG,205.0,212.1000061035156,204.3600006103516,210.92999267578125,203.05191040039065,1410700
2024-07-16,FANG,209.8500061035156,210.6100006103516,208.17999267578125,209.05999755859372,201.25173950195312,1077600
2024-07-16,FANG,209.8500061035156,210.6100006103516,208.17999267578125,209.05999755859372,201.25173950195312,1077600
2024-07-17,FANG,210.5800018310547,214.5,209.3500061035156,210.94000244140625,203.0615081787109,1485200
2024-07-17,FANG,210.5800018310547,214.5,209.3500061035156,210.94000244140625,203.0615081787109,1485200
2024-07-18,FANG,211.07000732421875,212.27999877929688,206.63999938964844,210.02999877929688,202.1855010986328,893900
2024-07-18,FANG,211.07000732421875,212.27999877929688,206.63999938964844,210.02999877929688,202.1855010986328,893900
2024-07-19,FANG,208.9900054931641,209.57000732421875,205.33999633789065,205.47000122070312,197.7958221435547,1348100
2024-07-19,FANG,208.9900054931641,209.57000732421875,205.33999633789065,205.47000122070312,197.7958221435547,1348100
2024-07-22,FANG,205.3699951171875,205.7400054931641,202.0800018310547,204.67999267578125,197.0353240966797,930500
2024-07-22,FANG,205.3699951171875,205.7400054931641,202.0800018310547,204.67999267578125,197.0353240966797,930500
2024-07-23,FANG,204.33999633789065,204.5,198.2899932861328,198.3600006103516,190.95138549804688,1390300
2024-07-23,FANG,204.33999633789065,204.5,198.2899932861328,198.3600006103516,190.95138549804688,1390300
2024-07-24,FANG,199.8300018310547,201.92999267578125,198.30999755859372,198.8300018310547,191.40382385253903,1178900
2024-07-24,FANG,199.8300018310547,201.92999267578125,198.30999755859372,198.8300018310547,191.40382385253903,1178900
2024-07-25,FANG,198.3999938964844,202.19000244140625,197.5200042724609,199.8000030517578,192.33761596679688,1067800
2024-07-25,FANG,198.3999938964844,202.19000244140625,197.5200042724609,199.8000030517578,192.33761596679688,1067800
2024-07-26,FANG,199.5200042724609,201.32000732421875,197.72999572753903,200.75999450683597,193.26174926757807,775700
2024-07-26,FANG,199.5200042724609,201.32000732421875,197.72999572753903,200.75999450683597,193.26174926757807,775700
2024-07-29,FANG,201.6000061035156,202.27999877929688,196.4900054931641,198.2700042724609,190.86474609375,853000
2024-07-29,FANG,201.6000061035156,202.27999877929688,196.4900054931641,198.2700042724609,190.86474609375,853000
2024-07-30,FANG,198.5,200.44000244140625,197.3000030517578,198.0800018310547,190.6818389892578,1525100
2024-07-30,FANG,198.5,200.44000244140625,197.3000030517578,198.0800018310547,190.6818389892578,1525100
2024-07-31,FANG,203.0200042724609,203.97999572753903,198.97999572753903,202.30999755859372,194.7538604736328,1245800
2024-07-31,FANG,203.0200042724609,203.97999572753903,198.97999572753903,202.30999755859372,194.7538604736328,1245800
2024-08-01,FANG,201.33999633789065,203.75999450683597,195.8600006103516,198.22000122070312,190.8166046142578,1525000
2024-08-01,FANG,201.33999633789065,203.75999450683597,195.8600006103516,198.22000122070312,190.8166046142578,1525000
2024-08-02,FANG,195.0,195.57000732421875,185.97999572753903,189.05999755859372,181.9987335205078,1999200
2024-08-02,FANG,195.0,195.57000732421875,185.97999572753903,189.05999755859372,181.9987335205078,1999200
2024-08-05,FANG,184.1300048828125,186.8800048828125,179.61000061035156,185.17999267578125,178.2636260986328,2421900
2024-08-05,FANG,184.1300048828125,186.8800048828125,179.61000061035156,185.17999267578125,178.2636260986328,2421900
2024-08-06,FANG,192.3800048828125,194.83999633789065,187.0,189.6999969482422,182.6148223876953,1953100
2024-08-06,FANG,192.3800048828125,194.83999633789065,187.0,189.6999969482422,182.6148223876953,1953100
2024-08-07,FANG,193.6100006103516,196.66000366210935,191.1100006103516,191.3800048828125,184.23208618164065,1454900
2024-08-07,FANG,193.6100006103516,196.66000366210935,191.1100006103516,191.3800048828125,184.23208618164065,1454900
2024-08-08,FANG,191.0,199.16000366210935,191.0,197.4900054931641,190.1138916015625,1319600
2024-08-08,FANG,191.0,199.16000366210935,191.0,197.4900054931641,190.1138916015625,1319600
2024-08-09,FANG,197.08999633789065,201.7100067138672,195.55999755859372,199.7700042724609,192.3087310791016,1289100
2024-08-09,FANG,197.08999633789065,201.7100067138672,195.55999755859372,199.7700042724609,192.3087310791016,1289100
2024-08-12,FANG,200.69000244140625,202.8699951171875,199.57000732421875,201.2899932861328,193.77194213867188,1114700
2024-08-12,FANG,200.69000244140625,202.8699951171875,199.57000732421875,201.2899932861328,193.77194213867188,1114700
2024-08-13,FANG,198.7700042724609,199.2400054931641,195.57000732421875,196.13999938964844,188.8142852783203,1783000
2024-08-13,FANG,198.7700042724609,199.2400054931641,195.57000732421875,196.13999938964844,188.8142852783203,1783000
2024-08-14,FANG,196.1499938964844,196.92999267578125,195.16000366210935,196.4499969482422,189.1127166748047,1066700
2024-08-14,FANG,196.1499938964844,196.92999267578125,195.16000366210935,196.4499969482422,189.1127166748047,1066700
2024-08-15,FANG,194.7899932861328,197.82000732421875,194.47999572753903,196.5800018310547,191.5191345214844,1220000
2024-08-15,FANG,194.7899932861328,197.82000732421875,194.47999572753903,196.5800018310547,191.5191345214844,1220000
2024-08-16,FANG,193.88999938964844,196.1999969482422,193.4900054931641,194.82000732421875,189.804443359375,1163700
2024-08-16,FANG,193.88999938964844,196.1999969482422,193.4900054931641,194.82000732421875,189.804443359375,1163700
2024-08-19,FANG,195.67999267578125,198.50999450683597,195.25,195.83999633789065,190.79818725585935,1189700
2024-08-19,FANG,195.67999267578125,198.50999450683597,195.25,195.83999633789065,190.79818725585935,1189700
2024-08-20,FANG,195.69000244140625,195.69000244140625,189.55999755859372,189.75,184.86497497558597,1114600
2024-08-20,FANG,195.69000244140625,195.69000244140625,189.55999755859372,189.75,184.86497497558597,1114600
2024-08-21,FANG,191.94000244140625,192.97999572753903,189.8600006103516,191.1199951171875,186.1996917724609,1105500
2024-08-21,FANG,191.94000244140625,192.97999572753903,189.8600006103516,191.1199951171875,186.1996917724609,1105500
2024-08-22,FANG,191.5,193.44000244140625,190.7899932861328,191.72999572753903,186.79397583007807,893400
2024-08-22,FANG,191.5,193.44000244140625,190.7899932861328,191.72999572753903,186.79397583007807,893400
2024-08-23,FANG,193.0800018310547,195.91000366210935,192.92999267578125,195.22000122070312,190.19415283203125,755500
2024-08-23,FANG,193.0800018310547,195.91000366210935,192.92999267578125,195.22000122070312,190.19415283203125,755500
2024-08-26,FANG,197.6499938964844,199.25999450683597,194.42999267578125,197.27999877929688,192.20111083984372,1127100
2024-08-26,FANG,197.6499938964844,199.25999450683597,194.42999267578125,197.27999877929688,192.20111083984372,1127100
2024-08-27,FANG,197.1499938964844,197.8999938964844,193.8800048828125,194.7100067138672,189.69728088378903,876600
2024-08-27,FANG,197.1499938964844,197.8999938964844,193.8800048828125,194.7100067138672,189.69728088378903,876600
2024-08-28,FANG,193.4499969482422,195.47000122070312,193.08999633789065,194.57000732421875,189.56089782714844,698700
2024-08-28,FANG,193.4499969482422,195.47000122070312,193.08999633789065,194.57000732421875,189.56089782714844,698700
2024-08-29,FANG,197.08999633789065,198.6300048828125,194.4199981689453,196.7899932861328,191.7237091064453,1054700
2024-08-29,FANG,197.08999633789065,198.6300048828125,194.4199981689453,196.7899932861328,191.7237091064453,1054700
2024-08-30,FANG,194.25,195.6000061035156,192.75999450683597,195.1100006103516,190.08697509765625,1811900
2024-08-30,FANG,194.25,195.6000061035156,192.75999450683597,195.1100006103516,190.08697509765625,1811900
2024-09-03,FANG,191.42999267578125,191.42999267578125,186.3999938964844,187.47999572753903,182.6534118652344,1414100
2024-09-03,FANG,191.42999267578125,191.42999267578125,186.3999938964844,187.47999572753903,182.6534118652344,1414100
2024-09-04,FANG,188.3600006103516,189.25,184.22999572753903,184.27999877929688,179.53579711914062,1098600
2024-09-04,FANG,188.3600006103516,189.25,184.22999572753903,184.27999877929688,179.53579711914062,1098600
2024-09-05,FANG,185.8999938964844,186.3300018310547,182.88999938964844,184.00999450683597,179.27273559570312,1312600
2024-09-05,FANG,185.8999938964844,186.3300018310547,182.88999938964844,184.00999450683597,179.27273559570312,1312600
2024-09-06,FANG,183.63999938964844,185.3800048828125,178.80999755859375,179.72999572753906,175.10293579101562,1505600
2024-09-06,FANG,183.63999938964844,185.3800048828125,178.80999755859375,179.72999572753906,175.10293579101562,1505600
2024-09-09,FANG,180.5200042724609,180.83999633789065,178.80999755859375,179.2100067138672,174.59634399414062,1442900
2024-09-09,FANG,180.5200042724609,180.83999633789065,178.80999755859375,179.2100067138672,174.59634399414062,1442900
2024-09-10,FANG,178.8300018310547,179.2100067138672,168.9199981689453,171.49000549316406,167.0750732421875,3135100
2024-09-10,FANG,178.8300018310547,179.2100067138672,168.9199981689453,171.49000549316406,167.0750732421875,3135100
2024-09-11,FANG,172.4199981689453,172.4199981689453,167.83999633789062,168.5,164.1620330810547,2580700
2024-09-11,FANG,172.4199981689453,172.4199981689453,167.83999633789062,168.5,164.1620330810547,2580700
2024-09-12,FANG,169.97000122070312,177.97000122070312,167.92999267578125,170.86000061035156,166.4613037109375,2673900
2024-09-12,FANG,169.97000122070312,177.97000122070312,167.92999267578125,170.86000061035156,166.4613037109375,2673900
2024-09-13,FANG,171.22999572753906,174.5500030517578,171.22999572753906,172.4199981689453,167.9811248779297,1464800
2024-09-13,FANG,171.22999572753906,174.5500030517578,171.22999572753906,172.4199981689453,167.9811248779297,1464800
2024-09-16,FANG,174.0,176.24000549316406,171.83999633789062,174.80999755859375,170.30960083007812,1638300
2024-09-16,FANG,174.0,176.24000549316406,171.83999633789062,174.80999755859375,170.30960083007812,1638300
2024-09-17,FANG,174.2100067138672,180.3300018310547,174.2100067138672,179.77000427246094,175.14190673828125,1817500
2024-09-17,FANG,174.2100067138672,180.3300018310547,174.2100067138672,179.77000427246094,175.14190673828125,1817500
2024-09-18,FANG,179.50999450683594,182.8999938964844,177.8800048828125,178.1199951171875,173.5343780517578,1609800
2024-09-18,FANG,179.50999450683594,182.8999938964844,177.8800048828125,178.1199951171875,173.5343780517578,1609800
2024-09-19,FANG,182.3999938964844,183.8800048828125,179.3300018310547,181.6300048828125,176.9540252685547,1175100
2024-09-19,FANG,182.3999938964844,183.8800048828125,179.3300018310547,181.6300048828125,176.9540252685547,1175100
2024-09-20,FANG,179.27000427246094,182.17999267578125,178.0500030517578,181.0,176.34022521972656,7855300
2024-09-20,FANG,179.27000427246094,182.17999267578125,178.0500030517578,181.0,176.34022521972656,7855300
2024-09-23,FANG,182.2400054931641,186.19000244140625,181.63999938964844,185.25,180.48081970214844,3249300
2024-09-23,FANG,182.2400054931641,186.19000244140625,181.63999938964844,185.25,180.48081970214844,3249300
2024-09-24,FANG,188.0,189.1199951171875,184.19000244140625,185.42999267578125,180.6561737060547,3046800
2024-09-24,FANG,188.0,189.1199951171875,184.19000244140625,185.42999267578125,180.6561737060547,3046800
2024-09-25,FANG,185.42999267578125,185.83999633789065,179.86000061035156,180.52999877929688,175.88233947753906,1740600
2024-09-25,FANG,185.42999267578125,185.83999633789065,179.86000061035156,180.52999877929688,175.88233947753906,1740600
2024-09-26,FANG,176.0399932861328,177.13999938964844,168.08999633789062,168.86000061035156,164.5127716064453,4646800
2024-09-26,FANG,176.0399932861328,177.13999938964844,168.08999633789062,168.86000061035156,164.5127716064453,4646800
2024-09-27,FANG,170.5500030517578,173.25,169.3699951171875,170.6300048828125,166.23721313476562,5079300
2024-09-27,FANG,170.5500030517578,173.25,169.3699951171875,170.6300048828125,166.23721313476562,5079300
2024-09-30,FANG,170.11000061035156,172.5800018310547,168.75999450683594,172.39999389648438,167.96163940429688,2768200
2024-09-30,FANG,170.11000061035156,172.5800018310547,168.75999450683594,172.39999389648438,167.96163940429688,2768200
2024-10-01,FANG,170.9199981689453,178.7899932861328,169.99000549316406,177.52000427246094,172.94984436035156,3149200
2024-10-01,FANG,170.9199981689453,178.7899932861328,169.99000549316406,177.52000427246094,172.94984436035156,3149200
2024-10-02,FANG,182.6199951171875,183.3000030517578,178.52999877929688,181.2899932861328,176.6227569580078,3037900
2024-10-02,FANG,182.6199951171875,183.3000030517578,178.52999877929688,181.2899932861328,176.6227569580078,3037900
2024-10-03,FANG,181.8699951171875,188.82000732421875,180.8800048828125,188.3000030517578,183.4523162841797,3018800
2024-10-03,FANG,181.8699951171875,188.82000732421875,180.8800048828125,188.3000030517578,183.4523162841797,3018800
2024-10-04,FANG,191.55999755859372,195.5500030517578,189.5,194.6100006103516,189.5998687744141,3491700
2024-10-04,FANG,191.55999755859372,195.5500030517578,189.5,194.6100006103516,189.5998687744141,3491700
2024-10-07,FANG,195.9499969482422,200.47000122070312,195.0,199.5,194.3639678955078,3780800
2024-10-07,FANG,195.9499969482422,200.47000122070312,195.0,199.5,194.3639678955078,3780800
2024-10-08,FANG,196.1199951171875,196.88999938964844,191.8300018310547,193.7700042724609,188.781494140625,10794600
2024-10-08,FANG,196.1199951171875,196.88999938964844,191.8300018310547,193.7700042724609,188.781494140625,10794600
2024-10-09,FANG,192.3800048828125,194.7100067138672,190.80999755859372,193.75,188.76199340820312,2270800
2024-10-09,FANG,192.3800048828125,194.7100067138672,190.80999755859372,193.75,188.76199340820312,2270800
2024-10-10,FANG,194.6999969482422,197.67999267578125,193.9600067138672,194.05999755859372,189.0640106201172,1431600
2024-10-10,FANG,194.6999969482422,197.67999267578125,193.9600067138672,194.05999755859372,189.0640106201172,1431600
2024-10-11,FANG,192.66000366210935,196.0,192.4499969482422,194.9600067138672,189.94085693359372,1366800
2024-10-11,FANG,192.66000366210935,196.0,192.4499969482422,194.9600067138672,189.94085693359372,1366800
2024-10-14,FANG,192.4199981689453,193.30999755859372,189.7400054931641,190.6999969482422,185.7905120849609,1560500
2024-10-14,FANG,192.4199981689453,193.30999755859372,189.7400054931641,190.6999969482422,185.7905120849609,1560500
2024-10-15,FANG,183.66000366210935,184.2400054931641,179.64999389648438,179.77000427246094,175.14190673828125,2845200
2024-10-15,FANG,183.66000366210935,184.2400054931641,179.64999389648438,179.77000427246094,175.14190673828125,2845200
2024-10-16,FANG,180.22000122070312,183.6199951171875,180.22000122070312,182.4600067138672,177.7626495361328,1916600
2024-10-16,FANG,180.22000122070312,183.6199951171875,180.22000122070312,182.4600067138672,177.7626495361328,1916600
2024-10-17,FANG,182.07000732421875,184.08999633789065,180.75,183.9600067138672,179.2240447998047,1753800
2024-10-17,FANG,182.07000732421875,184.08999633789065,180.75,183.9600067138672,179.2240447998047,1753800
2024-10-18,FANG,183.44000244140625,184.8699951171875,181.7899932861328,183.9900054931641,179.25328063964844,1214200
2024-10-18,FANG,183.44000244140625,184.8699951171875,181.7899932861328,183.9900054931641,179.25328063964844,1214200
2024-10-21,FANG,185.25999450683597,186.7400054931641,182.0399932861328,182.41000366210935,177.71392822265625,1461000
2024-10-21,FANG,185.25999450683597,186.7400054931641,182.0399932861328,182.41000366210935,177.71392822265625,1461000
2024-10-22,FANG,184.22000122070312,185.0500030517578,182.27999877929688,184.02999877929688,179.292236328125,1068000
2024-10-22,FANG,184.22000122070312,185.0500030517578,182.27999877929688,184.02999877929688,179.292236328125,1068000
2024-10-23,FANG,182.33999633789065,183.25,179.9600067138672,181.1199951171875,176.45713806152344,1415100
2024-10-23,FANG,182.33999633789065,183.25,179.9600067138672,181.1199951171875,176.45713806152344,1415100
2024-10-24,FANG,182.3500061035156,183.13999938964844,180.2700042724609,180.91000366210935,176.2525634765625,1072700
2024-10-24,FANG,182.3500061035156,183.13999938964844,180.2700042724609,180.91000366210935,176.2525634765625,1072700
2024-10-25,FANG,182.6199951171875,184.50999450683597,181.8500061035156,184.3800048828125,179.63320922851562,2150800
2024-10-25,FANG,182.6199951171875,184.50999450683597,181.8500061035156,184.3800048828125,179.63320922851562,2150800
2024-10-28,FANG,177.77000427246094,179.89999389648438,177.1199951171875,178.19000244140625,173.60256958007812,1788200
2024-10-28,FANG,177.77000427246094,179.89999389648438,177.1199951171875,178.19000244140625,173.60256958007812,1788200
2024-10-29,FANG,177.75999450683594,179.1999969482422,175.16000366210938,175.63999938964844,171.1182403564453,1690800
2024-10-29,FANG,177.75999450683594,179.1999969482422,175.16000366210938,175.63999938964844,171.1182403564453,1690800
2024-10-30,FANG,176.86000061035156,178.22999572753906,175.63999938964844,176.64999389648438,172.10220336914062,1568200
2024-10-30,FANG,176.86000061035156,178.22999572753906,175.63999938964844,176.64999389648438,172.10220336914062,1568200
2024-10-31,FANG,178.35000610351562,179.1300048828125,175.7899932861328,176.77000427246094,172.21914672851562,2028700
2024-10-31,FANG,178.35000610351562,179.1300048828125,175.7899932861328,176.77000427246094,172.21914672851562,2028700
2024-11-01,FANG,177.39999389648438,178.86000061035156,175.0800018310547,175.80999755859375,171.28384399414062,1946100
2024-11-01,FANG,177.39999389648438,178.86000061035156,175.0800018310547,175.80999755859375,171.28384399414062,1946100
2024-11-04,FANG,178.19000244140625,181.3300018310547,177.5,179.75999450683594,175.13214111328125,1918600
2024-11-04,FANG,178.19000244140625,181.3300018310547,177.5,179.75999450683594,175.13214111328125,1918600
2024-11-05,FANG,174.89999389648438,178.88999938964844,173.72000122070312,175.6300048828125,171.10848999023438,3691100
2024-11-05,FANG,174.89999389648438,178.88999938964844,173.72000122070312,175.6300048828125,171.10848999023438,3691100
2024-11-06,FANG,180.0,185.7899932861328,177.0,183.6199951171875,178.89279174804688,3017300
2024-11-06,FANG,180.0,185.7899932861328,177.0,183.6199951171875,178.89279174804688,3017300
2024-11-07,FANG,182.4600067138672,183.2100067138672,179.41000366210938,181.58999633789065,176.9150390625,1727300
2024-11-07,FANG,182.4600067138672,183.2100067138672,179.41000366210938,181.58999633789065,176.9150390625,1727300
2024-11-08,FANG,180.6000061035156,182.19000244140625,179.22999572753906,181.8800048828125,177.19757080078125,2579100
2024-11-08,FANG,180.6000061035156,182.19000244140625,179.22999572753906,181.8800048828125,177.19757080078125,2579100
2024-11-11,FANG,181.9600067138672,182.08999633789065,179.0,179.1300048828125,174.51837158203125,2803600
2024-11-11,FANG,181.9600067138672,182.08999633789065,179.0,179.1300048828125,174.51837158203125,2803600
2024-11-12,FANG,180.47999572753903,182.4900054931641,179.7899932861328,179.91000366210938,175.27830505371094,1788200
2024-11-12,FANG,180.47999572753903,182.4900054931641,179.7899932861328,179.91000366210938,175.27830505371094,1788200
2024-11-13,FANG,181.0,183.6199951171875,177.5,182.2400054931641,177.54830932617188,1469300
2024-11-13,FANG,181.0,183.6199951171875,177.5,182.2400054931641,177.54830932617188,1469300
2024-11-14,FANG,182.8500061035156,184.08999633789065,180.5,182.4199981689453,178.60574340820312,1366000
2024-11-14,FANG,182.8500061035156,184.08999633789065,180.5,182.4199981689453,178.60574340820312,1366000
2024-11-15,FANG,182.4199981689453,183.9900054931641,176.0,176.60000610351562,172.90740966796875,2123400
2024-11-15,FANG,182.4199981689453,183.9900054931641,176.0,176.60000610351562,172.90740966796875,2123400
2024-11-18,FANG,178.49000549316406,183.6499938964844,177.60000610351562,181.8999938964844,178.0966033935547,1967600
2024-11-18,FANG,178.49000549316406,183.6499938964844,177.60000610351562,181.8999938964844,178.0966033935547,1967600
2024-11-19,FANG,180.6199951171875,182.75,179.08999633789062,180.1199951171875,176.3538055419922,1632800
2024-11-19,FANG,180.6199951171875,182.75,179.08999633789062,180.1199951171875,176.3538055419922,1632800
2024-11-20,FANG,180.0399932861328,182.5800018310547,180.0,181.4600067138672,177.66580200195312,1647800
2024-11-20,FANG,180.0399932861328,182.5800018310547,180.0,181.4600067138672,177.66580200195312,1647800
2024-11-21,FANG,183.25,185.67999267578125,182.5,182.6999969482422,178.8798828125,2140300
2024-11-21,FANG,183.25,185.67999267578125,182.5,182.6999969482422,178.8798828125,2140300
2024-11-22,FANG,182.0,186.07000732421875,181.5,185.2899932861328,181.41571044921875,2188900
2024-11-22,FANG,182.0,186.07000732421875,181.5,185.2899932861328,181.41571044921875,2188900
2024-11-25,FANG,184.4900054931641,184.58999633789065,178.9199981689453,179.5500030517578,175.7957305908203,2957900
2024-11-25,FANG,184.4900054931641,184.58999633789065,178.9199981689453,179.5500030517578,175.7957305908203,2957900
2024-11-26,FANG,179.72999572753906,180.5500030517578,175.1300048828125,175.97000122070312,172.29058837890625,2466800
2024-11-26,FANG,179.72999572753906,180.5500030517578,175.1300048828125,175.97000122070312,172.29058837890625,2466800
2024-11-27,FANG,176.52000427246094,178.8000030517578,175.89999389648438,176.19000244140625,172.5059814453125,1490400
2024-11-27,FANG,176.52000427246094,178.8000030517578,175.89999389648438,176.19000244140625,172.5059814453125,1490400
2024-11-29,FANG,176.1999969482422,178.41000366210938,176.00999450683594,177.58999633789062,173.87672424316406,820300
2024-11-29,FANG,176.1999969482422,178.41000366210938,176.00999450683594,177.58999633789062,173.87672424316406,820300
2024-12-02,FANG,177.77000427246094,178.27999877929688,173.92999267578125,175.8300018310547,172.15353393554688,1719200
2024-12-02,FANG,177.77000427246094,178.27999877929688,173.92999267578125,175.8300018310547,172.15353393554688,1719200
2024-12-03,FANG,178.0399932861328,178.27000427246094,174.3300018310547,175.75999450683594,172.08497619628906,1804400
2024-12-03,FANG,178.0399932861328,178.27000427246094,174.3300018310547,175.75999450683594,172.08497619628906,1804400
2024-12-04,FANG,176.0,176.32000732421875,168.69000244140625,170.99000549316406,167.4147186279297,2437500
2024-12-04,FANG,176.0,176.32000732421875,168.69000244140625,170.99000549316406,167.4147186279297,2437500
2024-12-05,FANG,171.4499969482422,174.1300048828125,171.4499969482422,172.67999267578125,169.0693817138672,2157300
2024-12-05,FANG,171.4499969482422,174.1300048828125,171.4499969482422,172.67999267578125,169.0693817138672,2157300
2024-12-06,FANG,171.85000610351562,171.89999389648438,164.80999755859375,166.8300018310547,163.34170532226562,3104700
2024-12-06,FANG,171.85000610351562,171.89999389648438,164.80999755859375,166.8300018310547,163.34170532226562,3104700
2024-12-09,FANG,169.52000427246094,169.97999572753906,166.72999572753906,167.1199951171875,163.62564086914062,1775700
2024-12-09,FANG,169.52000427246094,169.97999572753906,166.72999572753906,167.1199951171875,163.62564086914062,1775700
2024-12-10,FANG,167.72000122070312,167.88999938964844,162.5800018310547,163.14999389648438,159.73863220214844,2298900
2024-12-10,FANG,167.72000122070312,167.88999938964844,162.5800018310547,163.14999389648438,159.73863220214844,2298900
2024-12-11,FANG,164.36000061035156,164.8000030517578,162.5399932861328,163.89999389648438,160.4729461669922,2662900
2024-12-11,FANG,164.36000061035156,164.8000030517578,162.5399932861328,163.89999389648438,160.4729461669922,2662900
2024-12-12,FANG,163.7100067138672,164.0500030517578,161.92999267578125,162.22999572753906,158.83787536621094,1627900
2024-12-12,FANG,163.7100067138672,164.0500030517578,161.92999267578125,162.22999572753906,158.83787536621094,1627900
2024-12-13,FANG,162.61000061035156,164.0399932861328,161.0,163.33999633789062,159.9246826171875,1718100
2024-12-13,FANG,162.61000061035156,164.0399932861328,161.0,163.33999633789062,159.9246826171875,1718100
2024-12-16,FANG,162.66000366210938,162.66000366210938,158.50999450683594,158.92999267578125,155.6068878173828,2370800
2024-12-16,FANG,162.66000366210938,162.66000366210938,158.50999450683594,158.92999267578125,155.6068878173828,2370800
2024-12-17,FANG,157.89999389648438,160.33999633789062,155.8000030517578,160.13999938964844,156.79159545898438,2714400
2024-12-17,FANG,157.89999389648438,160.33999633789062,155.8000030517578,160.13999938964844,156.79159545898438,2714400
2024-12-18,FANG,161.02000427246094,161.74000549316406,155.97000122070312,156.0800018310547,152.8164825439453,2546800
2024-12-18,FANG,161.02000427246094,161.74000549316406,155.97000122070312,156.0800018310547,152.8164825439453,2546800
2024-12-19,FANG,158.60000610351562,159.33999633789062,152.8300018310547,153.05999755859375,149.859619140625,2963100
2024-12-19,FANG,158.60000610351562,159.33999633789062,152.8300018310547,153.05999755859375,149.859619140625,2963100
2024-12-20,FANG,152.16000366210938,156.22000122070312,152.0,154.94000244140625,151.7003173828125,7837400
2024-12-20,FANG,152.16000366210938,156.22000122070312,152.0,154.94000244140625,151.7003173828125,7837400
2024-12-23,FANG,154.9600067138672,156.5800018310547,153.72999572753906,156.10000610351562,152.8360595703125,2107300
2024-12-23,FANG,154.9600067138672,156.5800018310547,153.72999572753906,156.10000610351562,152.8360595703125,2107300
2024-12-24,FANG,157.42999267578125,158.10000610351562,155.1999969482422,157.77000427246094,154.4711456298828,823200
2024-12-24,FANG,157.42999267578125,158.10000610351562,155.1999969482422,157.77000427246094,154.4711456298828,823200
2024-12-26,FANG,158.27999877929688,159.58999633789062,156.6999969482422,158.02999877929688,154.7257080078125,1163800
2024-12-26,FANG,158.27999877929688,159.58999633789062,156.6999969482422,158.02999877929688,154.7257080078125,1163800
2024-12-27,FANG,157.8699951171875,159.5500030517578,156.77000427246094,158.33999633789062,155.0292205810547,1723500
2024-12-27,FANG,157.8699951171875,159.5500030517578,156.77000427246094,158.33999633789062,155.0292205810547,1723500
2024-12-30,FANG,158.50999450683594,161.9499969482422,157.36000061035156,160.97999572753906,157.614013671875,2086900
2024-12-30,FANG,158.50999450683594,161.9499969482422,157.36000061035156,160.97999572753906,157.614013671875,2086900
2024-12-31,FANG,160.99000549316406,164.25999450683594,160.69000244140625,163.8300018310547,160.40443420410156,2491900
2024-12-31,FANG,160.99000549316406,164.25999450683594,160.69000244140625,163.8300018310547,160.40443420410156,2491900
2025-01-02,FANG,166.14999389648438,168.22000122070312,165.1999969482422,166.77999877929688,163.29273986816406,1787600
2025-01-02,FANG,166.14999389648438,168.22000122070312,165.1999969482422,166.77999877929688,163.29273986816406,1787600
2025-01-03,FANG,168.35000610351562,171.92999267578125,167.67999267578125,170.9600067138672,167.38536071777344,2016400
2025-01-03,FANG,168.35000610351562,171.92999267578125,167.67999267578125,170.9600067138672,167.38536071777344,2016400
2025-01-06,FANG,171.77999877929688,175.0800018310547,168.82000732421875,169.63999938964844,166.0929412841797,2121400
2025-01-06,FANG,171.77999877929688,175.0800018310547,168.82000732421875,169.63999938964844,166.0929412841797,2121400
2025-01-07,FANG,170.24000549316406,173.27999877929688,169.25,172.4199981689453,168.81480407714844,2127400
2025-01-07,FANG,170.24000549316406,173.27999877929688,169.25,172.4199981689453,168.81480407714844,2127400
2025-01-08,FANG,171.5500030517578,173.0,169.47000122070312,170.99000549316406,167.4147186279297,1666000
2025-01-08,FANG,171.5500030517578,173.0,169.47000122070312,170.99000549316406,167.4147186279297,1666000
2025-01-10,FANG,174.88999938964844,177.25999450683594,171.6999969482422,174.77000427246094,171.11569213867188,2725200
2025-01-10,FANG,174.88999938964844,177.25999450683594,171.6999969482422,174.77000427246094,171.11569213867188,2725200
2025-01-13,FANG,176.07000732421875,180.08999633789062,175.7100067138672,177.61000061035156,173.8963165283203,3038500
2025-01-13,FANG,176.07000732421875,180.08999633789062,175.7100067138672,177.61000061035156,173.8963165283203,3038500
2025-01-14,FANG,177.0,178.8699951171875,175.69000244140625,177.67999267578125,173.96482849121094,1734400
2025-01-14,FANG,177.0,178.8699951171875,175.69000244140625,177.67999267578125,173.96482849121094,1734400
2025-01-15,FANG,178.49000549316406,180.25,177.67999267578125,179.55999755859375,175.8055419921875,1669800
2025-01-15,FANG,178.49000549316406,180.25,177.67999267578125,179.55999755859375,175.8055419921875,1669800
2025-01-16,FANG,178.6199951171875,180.1699981689453,177.64999389648438,179.1199951171875,175.37472534179688,1377800
2025-01-16,FANG,178.6199951171875,180.1699981689453,177.64999389648438,179.1199951171875,175.37472534179688,1377800
2025-01-17,FANG,180.3600006103516,180.91000366210935,178.52999877929688,180.17999267578125,176.4125518798828,1812000
2025-01-17,FANG,180.3600006103516,180.91000366210935,178.52999877929688,180.17999267578125,176.4125518798828,1812000
2025-01-21,FANG,178.44000244140625,178.72999572753906,175.77000427246094,176.9499969482422,173.25010681152344,2151200
2025-01-21,FANG,178.44000244140625,178.72999572753906,175.77000427246094,176.9499969482422,173.25010681152344,2151200
2025-01-22,FANG,176.22999572753906,179.64999389648438,174.97000122070312,177.58999633789062,173.87672424316406,1608400
2025-01-22,FANG,176.22999572753906,179.64999389648438,174.97000122070312,177.58999633789062,173.87672424316406,1608400
2025-01-23,FANG,179.0800018310547,180.2899932861328,175.8300018310547,176.6300048828125,172.93679809570312,1888600
2025-01-23,FANG,179.0800018310547,180.2899932861328,175.8300018310547,176.6300048828125,172.93679809570312,1888600
2025-01-24,FANG,177.16000366210938,177.69000244140625,172.50999450683594,173.25999450683594,169.63723754882812,1940300
2025-01-24,FANG,177.16000366210938,177.69000244140625,172.50999450683594,173.25999450683594,169.63723754882812,1940300
2025-01-27,FANG,173.66000366210938,175.69000244140625,170.2100067138672,171.60000610351562,168.011962890625,1773100
2025-01-27,FANG,173.66000366210938,175.69000244140625,170.2100067138672,171.60000610351562,168.011962890625,1773100
2025-01-28,FANG,171.4499969482422,173.4600067138672,167.16000366210938,169.25,165.7111053466797,1731200
2025-01-28,FANG,171.4499969482422,173.4600067138672,167.16000366210938,169.25,165.7111053466797,1731200
2025-01-29,FANG,168.99000549316406,171.5800018310547,167.72000122070312,170.86000061035156,167.28744506835938,1316300
2025-01-29,FANG,168.99000549316406,171.5800018310547,167.72000122070312,170.86000061035156,167.28744506835938,1316300
2025-01-30,FANG,172.32000732421875,173.02000427246094,169.44000244140625,170.41000366210938,166.8468475341797,1284500
2025-01-30,FANG,172.32000732421875,173.02000427246094,169.44000244140625,170.41000366210938,166.8468475341797,1284500
2025-01-31,FANG,169.52999877929688,169.8699951171875,163.94000244140625,164.36000061035156,160.92335510253906,2917300
2025-01-31,FANG,169.52999877929688,169.8699951171875,163.94000244140625,164.36000061035156,160.92335510253906,2917300
2025-02-03,FANG,165.17999267578125,165.97999572753906,161.58999633789062,164.47999572753906,161.0408477783203,2217700
2025-02-03,FANG,165.17999267578125,165.97999572753906,161.58999633789062,164.47999572753906,161.0408477783203,2217700
2025-02-04,FANG,163.83999633789062,167.58999633789062,160.57000732421875,166.3000030517578,162.8227996826172,1991400
2025-02-04,FANG,163.83999633789062,167.58999633789062,160.57000732421875,166.3000030517578,162.8227996826172,1991400
2025-02-05,FANG,165.89999389648438,165.89999389648438,161.50999450683594,164.75999450683594,161.3149871826172,1985300
2025-02-05,FANG,165.89999389648438,165.89999389648438,161.50999450683594,164.75999450683594,161.3149871826172,1985300
2025-02-06,FANG,166.24000549316406,166.41000366210938,158.99000549316406,160.02999877929688,156.6838836669922,2122300
2025-02-06,FANG,166.24000549316406,166.41000366210938,158.99000549316406,160.02999877929688,156.6838836669922,2122300
2025-02-07,FANG,160.66000366210938,161.0,157.89999389648438,158.1300048828125,154.82362365722656,1974200
2025-02-07,FANG,160.66000366210938,161.0,157.89999389648438,158.1300048828125,154.82362365722656,1974200
2025-02-10,FANG,159.69000244140625,161.75,159.32000732421875,161.66000366210938,158.27981567382812,1697300
2025-02-10,FANG,159.69000244140625,161.75,159.32000732421875,161.66000366210938,158.27981567382812,1697300
2025-02-11,FANG,162.89999389648438,164.63999938964844,161.6999969482422,162.00999450683594,158.6224822998047,1722300
2025-02-11,FANG,162.89999389648438,164.63999938964844,161.6999969482422,162.00999450683594,158.6224822998047,1722300
2025-02-12,FANG,161.19000244140625,161.30999755859375,155.13999938964844,155.4600067138672,152.20945739746094,2391400
2025-02-12,FANG,161.19000244140625,161.30999755859375,155.13999938964844,155.4600067138672,152.20945739746094,2391400
2025-02-13,FANG,155.4600067138672,157.14999389648438,154.2899932861328,156.1699981689453,152.9045867919922,2256900
2025-02-13,FANG,155.4600067138672,157.14999389648438,154.2899932861328,156.1699981689453,152.9045867919922,2256900
2025-02-14,FANG,156.8800048828125,160.5800018310547,153.25999450683594,156.99000549316406,153.7074432373047,3073900
2025-02-14,FANG,156.8800048828125,160.5800018310547,153.25999450683594,156.99000549316406,153.7074432373047,3073900
2025-02-18,FANG,161.19000244140625,161.58999633789062,154.3800048828125,156.75999450683594,153.4822540283203,2500200
2025-02-18,FANG,161.19000244140625,161.58999633789062,154.3800048828125,156.75999450683594,153.4822540283203,2500200
2025-02-19,FANG,158.8300018310547,162.38999938964844,158.52000427246094,160.25999450683594,156.90907287597656,2086300
2025-02-19,FANG,158.8300018310547,162.38999938964844,158.52000427246094,160.25999450683594,156.90907287597656,2086300
2025-02-20,FANG,160.3000030517578,162.83999633789062,159.4600067138672,162.08999633789062,158.70082092285156,2352500
2025-02-20,FANG,160.3000030517578,162.83999633789062,159.4600067138672,162.08999633789062,158.70082092285156,2352500
2025-02-21,FANG,160.88999938964844,161.47999572753906,155.58999633789062,156.1199951171875,152.8556365966797,3936400
2025-02-21,FANG,160.88999938964844,161.47999572753906,155.58999633789062,156.1199951171875,152.8556365966797,3936400
2025-02-24,FANG,156.1199951171875,156.8000030517578,155.02999877929688,155.22999572753906,151.9842529296875,3883400
2025-02-24,FANG,156.1199951171875,156.8000030517578,155.02999877929688,155.22999572753906,151.9842529296875,3883400
2025-02-25,FANG,157.2100067138672,161.47000122070312,151.69000244140625,151.9199981689453,148.7434539794922,4696100
2025-02-25,FANG,157.2100067138672,161.47000122070312,151.69000244140625,151.9199981689453,148.7434539794922,4696100
2025-02-26,FANG,151.8300018310547,154.0,151.0,152.42999267578125,149.24278259277344,3301800
2025-02-26,FANG,151.8300018310547,154.0,151.0,152.42999267578125,149.24278259277344,3301800
2025-02-27,FANG,155.6199951171875,156.97999572753906,151.74000549316406,155.58999633789062,152.33673095703125,3137200
2025-02-27,FANG,155.6199951171875,156.97999572753906,151.74000549316406,155.58999633789062,152.33673095703125,3137200
2025-02-28,FANG,155.00999450683594,159.41000366210938,152.61000061035156,158.9600067138672,155.63626098632812,3361400
2025-02-28,FANG,155.00999450683594,159.41000366210938,152.61000061035156,158.9600067138672,155.63626098632812,3361400
2025-03-03,FANG,159.9600067138672,160.44000244140625,147.6999969482422,148.0,144.90541076660156,3495000
2025-03-03,FANG,159.9600067138672,160.44000244140625,147.6999969482422,148.0,144.90541076660156,3495000
2025-03-04,FANG,145.99000549316406,147.52999877929688,140.80999755859375,145.0399932861328,142.00730895996094,5029500
2025-03-04,FANG,145.99000549316406,147.52999877929688,140.80999755859375,145.0399932861328,142.00730895996094,5029500
2025-03-05,FANG,143.4199981689453,143.75999450683594,139.57000732421875,142.6999969482422,139.71624755859375,3759200
2025-03-05,FANG,143.4199981689453,143.75999450683594,139.57000732421875,142.6999969482422,139.71624755859375,3759200
2025-03-06,FANG,141.1300048828125,142.44000244140625,138.94000244140625,139.89999389648438,137.9414520263672,3351300
2025-03-06,FANG,141.1300048828125,142.44000244140625,138.94000244140625,139.89999389648438,137.9414520263672,3351300
2025-03-07,FANG,140.8000030517578,144.14999389648438,139.50999450683594,140.11000061035156,138.14849853515625,2813700
2025-03-07,FANG,140.8000030517578,144.14999389648438,139.50999450683594,140.11000061035156,138.14849853515625,2813700
2025-03-10,FANG,139.75,141.94000244140625,137.08999633789062,140.5800018310547,138.61192321777344,3438400
2025-03-10,FANG,139.75,141.94000244140625,137.08999633789062,140.5800018310547,138.61192321777344,3438400
2025-03-11,FANG,141.8699951171875,146.0,141.25,144.64999389648438,142.62493896484375,2319200
2025-03-11,FANG,141.8699951171875,146.0,141.25,144.64999389648438,142.62493896484375,2319200
2025-03-12,FANG,144.47000122070312,148.36000061035156,143.25,146.5500030517578,144.49835205078125,2411000
2025-03-12,FANG,144.47000122070312,148.36000061035156,143.25,146.5500030517578,144.49835205078125,2411000
2025-03-13,FANG,145.30999755859375,146.91000366210938,142.60000610351562,145.8000030517578,143.75885009765625,2641900
2025-03-13,FANG,145.30999755859375,146.91000366210938,142.60000610351562,145.8000030517578,143.75885009765625,2641900
2025-03-14,FANG,146.52000427246094,151.02000427246094,145.22000122070312,150.1999969482422,148.0972442626953,2738700
2025-03-14,FANG,146.52000427246094,151.02000427246094,145.22000122070312,150.1999969482422,148.0972442626953,2738700
2025-03-17,FANG,150.8000030517578,153.97999572753906,150.25,153.02999877929688,150.8876190185547,1979600
2025-03-17,FANG,150.8000030517578,153.97999572753906,150.25,153.02999877929688,150.8876190185547,1979600
2025-03-18,FANG,153.99000549316406,155.02000427246094,152.1199951171875,155.0,152.83004760742188,2352900
2025-03-18,FANG,153.99000549316406,155.02000427246094,152.1199951171875,155.0,152.83004760742188,2352900
2025-03-19,FANG,155.3300018310547,158.57000732421875,155.1999969482422,157.60000610351562,155.39366149902344,2974500
2025-03-19,FANG,155.3300018310547,158.57000732421875,155.1999969482422,157.60000610351562,155.39366149902344,2974500
2025-03-20,FANG,156.8300018310547,159.25,155.9600067138672,158.47999572753906,156.26133728027344,2048800
2025-03-20,FANG,156.8300018310547,159.25,155.9600067138672,158.47999572753906,156.26133728027344,2048800
2025-03-21,FANG,156.8000030517578,158.72999572753906,156.16000366210938,158.5,156.28106689453125,7798100
2025-03-21,FANG,156.8000030517578,158.72999572753906,156.16000366210938,158.5,156.28106689453125,7798100
2025-03-24,FANG,158.85000610351562,161.44000244140625,158.5500030517578,161.00999450683594,158.7559051513672,2042200
2025-03-24,FANG,158.85000610351562,161.44000244140625,158.5500030517578,161.00999450683594,158.7559051513672,2042200
2025-03-25,FANG,162.0,163.25999450683594,160.57000732421875,161.60000610351562,159.33766174316406,2324100
2025-03-25,FANG,162.0,163.25999450683594,160.57000732421875,161.60000610351562,159.33766174316406,2324100
2025-03-26,FANG,162.83999633789062,165.1300048828125,162.33999633789062,163.08999633789062,160.80679321289062,2373500
2025-03-26,FANG,162.83999633789062,165.1300048828125,162.33999633789062,163.08999633789062,160.80679321289062,2373500
2025-03-27,FANG,162.63999938964844,163.2100067138672,159.63999938964844,160.22999572753906,157.98683166503906,1468100
2025-03-27,FANG,162.63999938964844,163.2100067138672,159.63999938964844,160.22999572753906,157.98683166503906,1468100
2025-03-28,FANG,159.92999267578125,160.9600067138672,155.85000610351562,157.5399932861328,155.33448791503906,1635700
2025-03-28,FANG,159.92999267578125,160.9600067138672,155.85000610351562,157.5399932861328,155.33448791503906,1635700
2025-03-31,FANG,157.6300048828125,161.60000610351562,156.8000030517578,159.8800048828125,157.64173889160156,2068900
2025-03-31,FANG,157.6300048828125,161.60000610351562,156.8000030517578,159.8800048828125,157.64173889160156,2068900
2025-04-01,FANG,160.24000549316406,161.13999938964844,157.85000610351562,160.8699951171875,158.6178741455078,1455900
2025-04-01,FANG,160.24000549316406,161.13999938964844,157.85000610351562,160.8699951171875,158.6178741455078,1455900
2025-04-02,FANG,159.0399932861328,161.77999877929688,158.25999450683594,161.49000549316406,159.2292022705078,1394900
2025-04-02,FANG,159.0399932861328,161.77999877929688,158.25999450683594,161.49000549316406,159.2292022705078,1394900
2025-04-03,FANG,151.05999755859375,153.02000427246094,141.10000610351562,141.27999877929688,139.30213928222656,5414200
2025-04-03,FANG,151.05999755859375,153.02000427246094,141.10000610351562,141.27999877929688,139.30213928222656,5414200
2025-04-04,FANG,134.0500030517578,135.82000732421875,123.1500015258789,123.37000274658205,121.64286041259766,5425100
2025-04-04,FANG,134.0500030517578,135.82000732421875,123.1500015258789,123.37000274658205,121.64286041259766,5425100
2025-04-07,FANG,120.86000061035156,129.25,117.02999877929688,124.52999877929688,122.78662109375,5480200
2025-04-07,FANG,120.86000061035156,129.25,117.02999877929688,124.52999877929688,122.78662109375,5480200
2025-04-08,FANG,129.25,129.64999389648438,117.41000366210938,119.25,117.58053588867188,3368700
2025-04-08,FANG,129.25,129.64999389648438,117.41000366210938,119.25,117.58053588867188,3368700
2025-04-09,FANG,115.83000183105467,137.35000610351562,114.0,134.92999267578125,133.04103088378906,5370800
2025-04-09,FANG,115.83000183105467,137.35000610351562,114.0,134.92999267578125,133.04103088378906,5370800
2025-04-10,FANG,129.25,130.02999877929688,119.6500015258789,123.16000366210938,121.43580627441406,4367600
2025-04-10,FANG,129.25,130.02999877929688,119.6500015258789,123.16000366210938,121.43580627441406,4367600
2025-04-11,FANG,123.08999633789062,129.02999877929688,121.02999877929688,129.00999450683594,127.20389556884766,3928700
2025-04-11,FANG,123.08999633789062,129.02999877929688,121.02999877929688,129.00999450683594,127.20389556884766,3928700
2025-04-14,FANG,131.80999755859375,132.9600067138672,125.87000274658205,127.63999938964844,125.85308074951172,2523500
2025-04-14,FANG,131.80999755859375,132.9600067138672,125.87000274658205,127.63999938964844,125.85308074951172,2523500
2025-04-15,FANG,126.69000244140624,130.02000427246094,126.69000244140624,127.13999938964844,125.36007690429688,1690700
2025-04-15,FANG,126.69000244140624,130.02000427246094,126.69000244140624,127.13999938964844,125.36007690429688,1690700
2025-04-16,FANG,127.7300033569336,132.5800018310547,127.70999908447266,130.22000122070312,128.39697265625,2047300
2025-04-16,FANG,127.7300033569336,132.5800018310547,127.70999908447266,130.22000122070312,128.39697265625,2047300
2025-04-17,FANG,132.5800018310547,139.22000122070312,132.5800018310547,137.63999938964844,135.7130889892578,3667400
2025-04-17,FANG,132.5800018310547,139.22000122070312,132.5800018310547,137.63999938964844,135.7130889892578,3667400
2025-04-21,FANG,134.17999267578125,134.35000610351562,130.32000732421875,132.35000610351562,130.4971466064453,2180300
2025-04-21,FANG,134.17999267578125,134.35000610351562,130.32000732421875,132.35000610351562,130.4971466064453,2180300
2025-04-22,FANG,135.1199951171875,137.97000122070312,134.3800048828125,136.5399932861328,134.62847900390625,1731900
2025-04-22,FANG,135.1199951171875,137.97000122070312,134.3800048828125,136.5399932861328,134.62847900390625,1731900
2025-04-23,FANG,137.7899932861328,140.0,134.38999938964844,135.5399932861328,133.64248657226562,2130200
2025-04-23,FANG,137.7899932861328,140.0,134.38999938964844,135.5399932861328,133.64248657226562,2130200
2025-04-24,FANG,136.94000244140625,137.80999755859375,135.11000061035156,136.16000366210938,134.25381469726562,2054400
2025-04-24,FANG,136.94000244140625,137.80999755859375,135.11000061035156,136.16000366210938,134.25381469726562,2054400
2025-04-25,FANG,135.11000061035156,137.25,134.85000610351562,136.75999450683594,134.84539794921875,1608400
2025-04-25,FANG,135.11000061035156,137.25,134.85000610351562,136.75999450683594,134.84539794921875,1608400
2025-04-28,FANG,136.41000366210938,138.60000610351562,136.24000549316406,137.82000732421875,135.89056396484375,1664800
2025-04-28,FANG,136.41000366210938,138.60000610351562,136.24000549316406,137.82000732421875,135.89056396484375,1664800
2025-04-29,FANG,137.80999755859375,138.00999450683594,135.33999633789062,136.64999389648438,134.7369384765625,1665100
2025-04-29,FANG,137.80999755859375,138.00999450683594,135.33999633789062,136.64999389648438,134.7369384765625,1665100
2025-04-30,FANG,134.44000244140625,134.60000610351562,130.50999450683594,132.00999450683594,130.1619110107422,1980000
2025-04-30,FANG,134.44000244140625,134.60000610351562,130.50999450683594,132.00999450683594,130.1619110107422,1980000
2025-05-01,FANG,131.30999755859375,136.39999389648438,130.89999389648438,134.8300018310547,132.9424285888672,2158100
2025-05-01,FANG,131.30999755859375,136.39999389648438,130.89999389648438,134.8300018310547,132.9424285888672,2158100
2025-05-02,FANG,136.55999755859375,137.85000610351562,133.82000732421875,136.80999755859375,134.8946990966797,2368000
2025-05-02,FANG,136.55999755859375,137.85000610351562,133.82000732421875,136.80999755859375,134.8946990966797,2368000
2025-05-05,FANG,134.0,135.05999755859375,132.0500030517578,133.0800018310547,131.21693420410156,2865800
2025-05-05,FANG,134.0,135.05999755859375,132.0500030517578,133.0800018310547,131.21693420410156,2865800
2025-05-06,FANG,133.89999389648438,137.0,131.32000732421875,131.97999572753906,130.13232421875,3775900
2025-05-06,FANG,133.89999389648438,137.0,131.32000732421875,131.97999572753906,130.13232421875,3775900
2025-05-07,FANG,132.77000427246094,132.88999938964844,127.75,129.57000732421875,127.75607299804688,2549200
2025-05-07,FANG,132.77000427246094,132.88999938964844,127.75,129.57000732421875,127.75607299804688,2549200
2025-05-08,FANG,130.47999572753906,137.3300018310547,130.47999572753906,136.17999267578125,134.2735137939453,2555000
2025-05-08,FANG,130.47999572753906,137.3300018310547,130.47999572753906,136.17999267578125,134.2735137939453,2555000
2025-05-09,FANG,138.0,139.35000610351562,136.64999389648438,137.88999938964844,135.9595947265625,1944500
2025-05-09,FANG,138.0,139.35000610351562,136.64999389648438,137.88999938964844,135.9595947265625,1944500
2025-05-12,FANG,144.83999633789062,147.75,142.07000732421875,142.9199981689453,140.91917419433594,2264700
2025-05-12,FANG,144.83999633789062,147.75,142.07000732421875,142.9199981689453,140.91917419433594,2264700
2025-05-13,FANG,143.61000061035156,147.69000244140625,142.89999389648438,146.1699981689453,144.1236572265625,2010200
2025-05-13,FANG,143.61000061035156,147.69000244140625,142.89999389648438,146.1699981689453,144.1236572265625,2010200
2025-05-14,FANG,144.52999877929688,145.9499969482422,143.97999572753906,144.82000732421875,142.79257202148438,1621500
2025-05-14,FANG,144.52999877929688,145.9499969482422,143.97999572753906,144.82000732421875,142.79257202148438,1621500
2025-05-15,FANG,140.19000244140625,142.02000427246094,138.52000427246094,141.9499969482422,140.93592834472656,2596100
2025-05-15,FANG,140.19000244140625,142.02000427246094,138.52000427246094,141.9499969482422,140.93592834472656,2596100
2025-05-16,FANG,142.77000427246094,142.77000427246094,139.22000122070312,141.1300048828125,140.12179565429688,2291900
2025-05-16,FANG,142.77000427246094,142.77000427246094,139.22000122070312,141.1300048828125,140.12179565429688,2291900
2025-05-19,FANG,139.92999267578125,140.24000549316406,137.6199951171875,139.35000610351562,138.35450744628906,1476400
2025-05-19,FANG,139.92999267578125,140.24000549316406,137.6199951171875,139.35000610351562,138.35450744628906,1476400
2025-05-20,FANG,139.17999267578125,139.82000732421875,137.44000244140625,138.35000610351562,137.3616485595703,1104900
2025-05-20,FANG,139.17999267578125,139.82000732421875,137.44000244140625,138.35000610351562,137.3616485595703,1104900
2025-05-21,FANG,138.35000610351562,138.6699981689453,136.1199951171875,136.30999755859375,135.33621215820312,1650200
2025-05-21,FANG,138.35000610351562,138.6699981689453,136.1199951171875,136.30999755859375,135.33621215820312,1650200
2025-05-22,FANG,134.75999450683594,136.86000061035156,132.1999969482422,136.2899932861328,135.3163604736328,1928900
2025-05-22,FANG,134.75999450683594,136.86000061035156,132.1999969482422,136.2899932861328,135.3163604736328,1928900
2025-05-23,FANG,134.30999755859375,136.6199951171875,133.75,135.86000061035156,134.88943481445312,1766200
2025-05-23,FANG,134.30999755859375,136.6199951171875,133.75,135.86000061035156,134.88943481445312,1766200
2025-05-27,FANG,137.7899932861328,138.11000061035156,135.5399932861328,137.49000549316406,136.50779724121094,1787100
2025-05-27,FANG,137.7899932861328,138.11000061035156,135.5399932861328,137.49000549316406,136.50779724121094,1787100
2025-05-28,FANG,139.22000122070312,139.22000122070312,135.94000244140625,136.27999877929688,135.30642700195312,1904900
2025-05-28,FANG,139.22000122070312,139.22000122070312,135.94000244140625,136.27999877929688,135.30642700195312,1904900
2025-05-29,FANG,137.47000122070312,138.19000244140625,136.1300048828125,137.80999755859375,136.82550048828125,2103100
2025-05-29,FANG,137.47000122070312,138.19000244140625,136.1300048828125,137.80999755859375,136.82550048828125,2103100
2025-05-30,FANG,136.63999938964844,136.7100067138672,133.75,134.5500030517578,133.5887908935547,4362800
2025-05-30,FANG,136.63999938964844,136.7100067138672,133.75,134.5500030517578,133.5887908935547,4362800
2025-06-02,FANG,138.4499969482422,139.02999877929688,135.86000061035156,137.58999633789062,136.60707092285156,2118500
2025-06-02,FANG,138.4499969482422,139.02999877929688,135.86000061035156,137.58999633789062,136.60707092285156,2118500
2025-06-03,FANG,138.0,143.3000030517578,135.8800048828125,142.27999877929688,141.26356506347656,2770700
2025-06-03,FANG,138.0,143.3000030517578,135.8800048828125,142.27999877929688,141.26356506347656,2770700
2025-06-04,FANG,142.13999938964844,144.0,138.3800048828125,139.35000610351562,138.35450744628906,2444000
2025-06-04,FANG,142.13999938964844,144.0,138.3800048828125,139.35000610351562,138.35450744628906,2444000
2025-06-05,FANG,140.25999450683594,140.39999389648438,136.8300018310547,137.4499969482422,136.46807861328125,2062800
2025-06-05,FANG,140.25999450683594,140.39999389648438,136.8300018310547,137.4499969482422,136.46807861328125,2062800
2025-06-06,FANG,139.27000427246094,141.2100067138672,139.0,140.55999755859375,139.5558624267578,1776700
2025-06-06,FANG,139.27000427246094,141.2100067138672,139.0,140.55999755859375,139.5558624267578,1776700
2025-06-09,FANG,141.4199981689453,143.32000732421875,140.35000610351562,142.1300048828125,141.11465454101562,1735600
2025-06-09,FANG,141.4199981689453,143.32000732421875,140.35000610351562,142.1300048828125,141.11465454101562,1735600
2025-06-10,FANG,143.0,147.55999755859375,142.75,145.57000732421875,144.5300750732422,2282200
2025-06-10,FANG,143.0,147.55999755859375,142.75,145.57000732421875,144.5300750732422,2282200
2025-06-11,FANG,145.8000030517578,149.36000061035156,144.3000030517578,148.9199981689453,147.85614013671875,3217700
2025-06-11,FANG,145.8000030517578,149.36000061035156,144.3000030517578,148.9199981689453,147.85614013671875,3217700
2025-06-12,FANG,147.14999389648438,149.38999938964844,145.88999938964844,149.3300018310547,148.26321411132812,1758700
2025-06-12,FANG,147.14999389648438,149.38999938964844,145.88999938964844,149.3300018310547,148.26321411132812,1758700
2025-06-13,FANG,157.33999633789062,158.0,152.52000427246094,154.91000366210938,153.8033447265625,5208100
2025-06-13,FANG,157.33999633789062,158.0,152.52000427246094,154.91000366210938,153.8033447265625,5208100
2025-06-16,FANG,154.13999938964844,155.22000122070312,148.8300018310547,151.02999877929688,149.95106506347656,3828700
2025-06-16,FANG,154.13999938964844,155.22000122070312,148.8300018310547,151.02999877929688,149.95106506347656,3828700
2025-06-17,FANG,153.07000732421875,156.02999877929688,151.11000061035156,152.92999267578125,151.8374786376953,3360000
2025-06-17,FANG,153.07000732421875,156.02999877929688,151.11000061035156,152.92999267578125,151.8374786376953,3360000
2025-06-18,FANG,153.42999267578125,155.11000061035156,148.44000244140625,148.77999877929688,147.71713256835938,2978500
2025-06-18,FANG,153.42999267578125,155.11000061035156,148.44000244140625,148.77999877929688,147.71713256835938,2978500
2025-06-20,FANG,150.3300018310547,150.6999969482422,148.11000061035156,148.85000610351562,147.78663635253906,4309700
2025-06-20,FANG,150.3300018310547,150.6999969482422,148.11000061035156,148.85000610351562,147.78663635253906,4309700
2025-06-23,FANG,151.0,151.0,140.77999877929688,141.14999389648438,140.14163208007812,4574200
2025-06-23,FANG,151.0,151.0,140.77999877929688,141.14999389648438,140.14163208007812,4574200
2025-06-24,FANG,138.27999877929688,141.22999572753906,137.10000610351562,139.35000610351562,138.35450744628906,3222300
2025-06-24,FANG,138.27999877929688,141.22999572753906,137.10000610351562,139.35000610351562,138.35450744628906,3222300
2025-06-25,FANG,139.02000427246094,140.63999938964844,137.74000549316406,138.0399932861328,137.05384826660156,2068400
2025-06-25,FANG,139.02000427246094,140.63999938964844,137.74000549316406,138.0399932861328,137.05384826660156,2068400
2025-06-26,FANG,138.72000122070312,141.60000610351562,137.77000427246094,140.8699951171875,139.8636474609375,1581900
2025-06-26,FANG,138.72000122070312,141.60000610351562,137.77000427246094,140.8699951171875,139.8636474609375,1581900
2025-06-27,FANG,140.58999633789062,141.32000732421875,138.99000549316406,139.77000427246094,138.77151489257812,2781700
2025-06-27,FANG,140.58999633789062,141.32000732421875,138.99000549316406,139.77000427246094,138.77151489257812,2781700
2025-06-30,FANG,139.16000366210938,139.16000366210938,136.9499969482422,137.39999389648438,136.41842651367188,2386100
2025-06-30,FANG,139.16000366210938,139.16000366210938,136.9499969482422,137.39999389648438,136.41842651367188,2386100
2025-07-01,FANG,137.8000030517578,141.89999389648438,136.39999389648438,140.1999969482422,139.19842529296875,2014200
2025-07-01,FANG,137.8000030517578,141.89999389648438,136.39999389648438,140.1999969482422,139.19842529296875,2014200
2025-07-02,FANG,141.97000122070312,142.8699951171875,138.9499969482422,141.97000122070312,140.95579528808594,1852400
2025-07-02,FANG,141.97000122070312,142.8699951171875,138.9499969482422,141.97000122070312,140.95579528808594,1852400
2025-07-03,FANG,141.6999969482422,142.2100067138672,140.25,140.89999389648438,139.89341735839844,1199600
2025-07-03,FANG,141.6999969482422,142.2100067138672,140.25,140.89999389648438,139.89341735839844,1199600
2025-07-07,FANG,140.2899932861328,141.2100067138672,135.99000549316406,137.9199981689453,136.93472290039062,1717300
2025-07-07,FANG,140.2899932861328,141.2100067138672,135.99000549316406,137.9199981689453,136.93472290039062,1717300
2025-07-08,FANG,137.63999938964844,145.24000549316406,137.35000610351562,143.75999450683594,142.7329864501953,2482000
2025-07-08,FANG,137.63999938964844,145.24000549316406,137.35000610351562,143.75999450683594,142.7329864501953,2482000
2025-07-09,FANG,143.5399932861328,144.0,141.50999450683594,142.1199951171875,141.10470581054688,1237300
2025-07-09,FANG,143.5399932861328,144.0,141.50999450683594,142.1199951171875,141.10470581054688,1237300
2025-07-10,FANG,141.08999633789062,143.1999969482422,139.36000061035156,143.02999877929688,142.00820922851562,1793300
2025-07-10,FANG,141.08999633789062,143.1999969482422,139.36000061035156,143.02999877929688,142.00820922851562,1793300
2025-07-11,FANG,142.69000244140625,145.4600067138672,141.94000244140625,144.3300018310547,143.29893493652344,1333400
2025-07-11,FANG,142.69000244140625,145.4600067138672,141.94000244140625,144.3300018310547,143.29893493652344,1333400
2025-07-14,FANG,143.77000427246094,143.77000427246094,140.3000030517578,141.9600067138672,140.94586181640625,1549900
2025-07-14,FANG,143.77000427246094,143.77000427246094,140.3000030517578,141.9600067138672,140.94586181640625,1549900
2025-07-15,FANG,142.2899932861328,142.66000366210938,137.83999633789062,137.8800048828125,136.89500427246094,2913500
2025-07-15,FANG,142.2899932861328,142.66000366210938,137.83999633789062,137.8800048828125,136.89500427246094,2913500
2025-07-16,FANG,137.77999877929688,138.66000366210938,134.66000366210938,136.47000122070312,135.49508666992188,2179700
2025-07-16,FANG,137.77999877929688,138.66000366210938,134.66000366210938,136.47000122070312,135.49508666992188,2179700
2025-07-17,FANG,136.49000549316406,141.25999450683594,136.30999755859375,140.92999267578125,139.92320251464844,1727700
2025-07-17,FANG,136.49000549316406,141.25999450683594,136.30999755859375,140.92999267578125,139.92320251464844,1727700
2025-07-18,FANG,143.0,145.08999633789062,141.32000732421875,141.3699951171875,140.3600616455078,2388400
2025-07-18,FANG,143.0,145.08999633789062,141.32000732421875,141.3699951171875,140.3600616455078,2388400
2025-07-21,FANG,141.27999877929688,141.6699981689453,139.75,139.83999633789062,138.84100341796875,1296200
2025-07-21,FANG,141.27999877929688,141.6699981689453,139.75,139.83999633789062,138.84100341796875,1296200
2025-07-22,FANG,140.1699981689453,143.4499969482422,140.00999450683594,141.82000732421875,140.80686950683594,1540500
2025-07-22,FANG,140.1699981689453,143.4499969482422,140.00999450683594,141.82000732421875,140.80686950683594,1540500
2025-07-23,FANG,142.60000610351562,144.0800018310547,141.60000610351562,143.69000244140625,142.6634979248047,1249100
2025-07-23,FANG,142.60000610351562,144.0800018310547,141.60000610351562,143.69000244140625,142.6634979248047,1249100
2025-07-24,FANG,143.1999969482422,146.1699981689453,142.44000244140625,145.3000030517578,144.26199340820312,1851200
2025-07-24,FANG,143.1999969482422,146.1699981689453,142.44000244140625,145.3000030517578,144.26199340820312,1851200
2025-07-25,FANG,145.60000610351562,146.1699981689453,143.25999450683594,144.61000061035156,143.57693481445312,1035600
2025-07-25,FANG,145.60000610351562,146.1699981689453,143.25999450683594,144.61000061035156,143.57693481445312,1035600
2025-07-28,FANG,145.99000549316406,150.99000549316406,145.99000549316406,150.52000427246094,149.44471740722656,1686800
2025-07-28,FANG,145.99000549316406,150.99000549316406,145.99000549316406,150.52000427246094,149.44471740722656,1686800
2025-07-29,FANG,150.52000427246094,153.0500030517578,149.22000122070312,152.5,151.4105682373047,2587200
2025-07-29,FANG,150.52000427246094,153.0500030517578,149.22000122070312,152.5,151.4105682373047,2587200
2025-07-30,FANG,151.61000061035156,151.92999267578125,149.49000549316406,151.0,149.92127990722656,2019300
2025-07-30,FANG,151.61000061035156,151.92999267578125,149.49000549316406,151.0,149.92127990722656,2019300
2025-07-31,FANG,149.0,152.1999969482422,147.75999450683594,148.66000366210938,147.59799194335938,1866000
2025-07-31,FANG,149.0,152.1999969482422,147.75999450683594,148.66000366210938,147.59799194335938,1866000
2025-08-01,FANG,148.44000244140625,148.99000549316406,144.82000732421875,146.13999938964844,145.0959930419922,2830900
2025-08-01,FANG,148.44000244140625,148.99000549316406,144.82000732421875,146.13999938964844,145.0959930419922,2830900
2025-08-04,FANG,145.0,148.19000244140625,144.6999969482422,147.77999877929688,146.72427368164062,2536100
2025-08-04,FANG,145.0,148.19000244140625,144.6999969482422,147.77999877929688,146.72427368164062,2536100
2025-08-05,FANG,147.77999877929688,147.77999877929688,140.69000244140625,145.67999267578125,144.6392822265625,3845200
2025-08-05,FANG,147.77999877929688,147.77999877929688,140.69000244140625,145.67999267578125,144.6392822265625,3845200
2025-08-06,FANG,147.0,149.00999450683594,142.83999633789062,144.36000061035156,143.32872009277344,2171900
2025-08-06,FANG,147.0,149.00999450683594,142.83999633789062,144.36000061035156,143.32872009277344,2171900
2025-08-07,FANG,145.6300048828125,147.6999969482422,140.85000610351562,141.1199951171875,140.11184692382812,2202600
2025-08-07,FANG,145.6300048828125,147.6999969482422,140.85000610351562,141.1199951171875,140.11184692382812,2202600
2025-08-08,FANG,142.0,144.67999267578125,140.3000030517578,142.02999877929688,141.01535034179688,1684600
2025-08-08,FANG,142.0,144.67999267578125,140.3000030517578,142.02999877929688,141.01535034179688,1684600
2025-08-11,FANG,141.0,141.47999572753906,136.1999969482422,136.83999633789062,135.8624267578125,3044700
2025-08-11,FANG,141.0,141.47999572753906,136.1999969482422,136.83999633789062,135.8624267578125,3044700
2025-08-12,FANG,137.6999969482422,140.82000732421875,137.1199951171875,138.49000549316406,137.5006561279297,2581300
2025-08-12,FANG,137.6999969482422,140.82000732421875,137.1199951171875,138.49000549316406,137.5006561279297,2581300
2025-08-13,FANG,138.0,140.17999267578125,137.6999969482422,139.97999572753906,138.97999572753906,1945500
2025-08-13,FANG,138.0,140.17999267578125,137.6999969482422,139.97999572753906,138.97999572753906,1945500
2025-08-14,FANG,139.02000427246094,141.0800018310547,136.88999938964844,140.77000427246094,140.77000427246094,1483400
2025-08-14,FANG,139.02000427246094,141.0800018310547,136.88999938964844,140.77000427246094,140.77000427246094,1483400
2025-08-15,FANG,140.77000427246094,142.66000366210938,139.5800018310547,140.22000122070312,140.22000122070312,1889700
2025-08-15,FANG,140.77000427246094,142.66000366210938,139.5800018310547,140.22000122070312,140.22000122070312,1889700
2025-08-18,FANG,139.3300018310547,140.1699981689453,137.1999969482422,139.52000427246094,139.52000427246094,1408000
2025-08-18,FANG,139.3300018310547,140.1699981689453,137.1999969482422,139.52000427246094,139.52000427246094,1408000
2025-08-19,FANG,138.4600067138672,140.63999938964844,137.80999755859375,138.9600067138672,138.9600067138672,1324000
2025-08-19,FANG,138.4600067138672,140.63999938964844,137.80999755859375,138.9600067138672,138.9600067138672,1324000
2025-08-20,FANG,139.41000366210938,140.4499969482422,137.64999389648438,137.8699951171875,137.8699951171875,1582000
2025-08-20,FANG,139.41000366210938,140.4499969482422,137.64999389648438,137.8699951171875,137.8699951171875,1582000
2025-08-21,FANG,137.66000366210938,138.97999572753906,136.41000366210938,138.0,138.0,1734700
2025-08-21,FANG,137.66000366210938,138.97999572753906,136.41000366210938,138.0,138.0,1734700
2025-08-22,FANG,138.89999389648438,143.7899932861328,138.50999450683594,143.27999877929688,143.27999877929688,2029200
2025-08-22,FANG,138.89999389648438,143.7899932861328,138.50999450683594,143.27999877929688,143.27999877929688,2029200
2025-08-25,FANG,143.39999389648438,145.55999755859375,142.14999389648438,145.27000427246094,145.27000427246094,1623100
2025-08-25,FANG,143.39999389648438,145.55999755859375,142.14999389648438,145.27000427246094,145.27000427246094,1623100
2025-08-26,FANG,144.27999877929688,144.5500030517578,142.25999450683594,143.9600067138672,143.9600067138672,2046200
2025-08-26,FANG,144.27999877929688,144.5500030517578,142.25999450683594,143.9600067138672,143.9600067138672,2046200
2025-08-27,FANG,144.16000366210938,147.66000366210938,143.9600067138672,147.05999755859375,147.05999755859375,1987800
2025-08-27,FANG,144.16000366210938,147.66000366210938,143.9600067138672,147.05999755859375,147.05999755859375,1987800
2025-08-28,FANG,147.61000061035156,149.3699951171875,145.91000366210938,149.1699981689453,149.1699981689453,1061400
2025-08-28,FANG,147.61000061035156,149.3699951171875,145.91000366210938,149.1699981689453,149.1699981689453,1061400
2025-08-29,FANG,148.50999450683594,150.1199951171875,148.3000030517578,148.75999450683594,148.75999450683594,1214100
2025-08-29,FANG,148.50999450683594,150.1199951171875,148.3000030517578,148.75999450683594,148.75999450683594,1214100
2025-09-02,FANG,148.4600067138672,150.11000061035156,146.9499969482422,149.86000061035156,149.86000061035156,1558700
2025-09-02,FANG,148.4600067138672,150.11000061035156,146.9499969482422,149.86000061035156,149.86000061035156,1558700
2025-09-03,FANG,148.00999450683594,148.69000244140625,141.52000427246094,142.2899932861328,142.2899932861328,1952800
2025-09-03,FANG,148.00999450683594,148.69000244140625,141.52000427246094,142.2899932861328,142.2899932861328,1952800
2025-09-04,FANG,141.94000244140625,143.8000030517578,140.5399932861328,142.74000549316406,142.74000549316406,1572700
2025-09-04,FANG,141.94000244140625,143.8000030517578,140.5399932861328,142.74000549316406,142.74000549316406,1572700
2025-09-05,FANG,140.77999877929688,142.0500030517578,137.07000732421875,138.7100067138672,138.7100067138672,1995100
2025-09-05,FANG,140.77999877929688,142.0500030517578,137.07000732421875,138.7100067138672,138.7100067138672,1995100
2025-09-08,FANG,139.6199951171875,139.89999389648438,135.64999389648438,137.27999877929688,137.27999877929688,2052100
2025-09-08,FANG,139.6199951171875,139.89999389648438,135.64999389648438,137.27999877929688,137.27999877929688,2052100
2025-09-09,FANG,138.02999877929688,139.89999389648438,136.22999572753906,136.2899932861328,136.2899932861328,2149800
2025-09-09,FANG,138.02999877929688,139.89999389648438,136.22999572753906,136.2899932861328,136.2899932861328,2149800
2025-09-10,FANG,136.99000549316406,140.11000061035156,136.1199951171875,139.63999938964844,139.63999938964844,2005900
2025-09-10,FANG,136.99000549316406,140.11000061035156,136.1199951171875,139.63999938964844,139.63999938964844,2005900
2025-09-11,FANG,137.5,139.3699951171875,137.0,138.4199981689453,138.4199981689453,1573000
2025-09-11,FANG,137.5,139.3699951171875,137.0,138.4199981689453,138.4199981689453,1573000
2025-09-12,FANG,138.82000732421875,140.1999969482422,136.83999633789062,136.8800048828125,136.8800048828125,1752000
2025-09-12,FANG,138.82000732421875,140.1999969482422,136.83999633789062,136.8800048828125,136.8800048828125,1752000
2025-09-15,FANG,137.4600067138672,137.50999450683594,134.3000030517578,134.52999877929688,134.52999877929688,3109100
2025-09-15,FANG,137.4600067138672,137.50999450683594,134.3000030517578,134.52999877929688,134.52999877929688,3109100
2025-09-16,FANG,135.63999938964844,140.07000732421875,135.58999633789062,138.4199981689453,138.4199981689453,2752100
2025-09-16,FANG,135.63999938964844,140.07000732421875,135.58999633789062,138.4199981689453,138.4199981689453,2752100
2025-09-17,FANG,137.72999572753906,142.3300018310547,136.5,140.47000122070312,140.47000122070312,2225200
2025-09-17,FANG,137.72999572753906,142.3300018310547,136.5,140.47000122070312,140.47000122070312,2225200
2025-09-18,FANG,140.80999755859375,141.17999267578125,138.7100067138672,140.63999938964844,140.63999938964844,1954500
2025-09-18,FANG,140.80999755859375,141.17999267578125,138.7100067138672,140.63999938964844,140.63999938964844,1954500
2025-09-19,FANG,140.6999969482422,140.6999969482422,137.6999969482422,139.6699981689453,139.6699981689453,4089400
2025-09-19,FANG,140.6999969482422,140.6999969482422,137.6999969482422,139.6699981689453,139.6699981689453,4089400
2025-09-22,FANG,138.22000122070312,139.30999755859375,136.1300048828125,138.8300018310547,138.8300018310547,2136700
2025-09-22,FANG,138.22000122070312,139.30999755859375,136.1300048828125,138.8300018310547,138.8300018310547,2136700
2025-09-23,FANG,139.6999969482422,146.52000427246094,139.6999969482422,142.17999267578125,142.17999267578125,2423600
2025-09-23,FANG,139.6999969482422,146.52000427246094,139.6999969482422,142.17999267578125,142.17999267578125,2423600
2025-09-24,FANG,144.3000030517578,148.13999938964844,144.2100067138672,144.61000061035156,144.61000061035156,1998900
2025-09-24,FANG,144.3000030517578,148.13999938964844,144.2100067138672,144.61000061035156,144.61000061035156,1998900
2025-09-25,FANG,144.61000061035156,147.1999969482422,143.91000366210938,145.7899932861328,145.7899932861328,1306500
2025-09-25,FANG,144.61000061035156,147.1999969482422,143.91000366210938,145.7899932861328,145.7899932861328,1306500
2025-09-26,FANG,146.22999572753906,151.0,145.30999755859375,148.25,148.25,1646100
2025-09-26,FANG,146.22999572753906,151.0,145.30999755859375,148.25,148.25,1646100
2025-09-29,FANG,146.72999572753906,147.14999389648438,142.89999389648438,143.5800018310547,143.5800018310547,1808100
2025-09-29,FANG,146.72999572753906,147.14999389648438,142.89999389648438,143.5800018310547,143.5800018310547,1808100
2025-09-30,FANG,141.74000549316406,144.1300048828125,140.75,143.10000610351562,143.10000610351562,2488400
2025-09-30,FANG,141.74000549316406,144.1300048828125,140.75,143.10000610351562,143.10000610351562,2488400
2025-10-01,FANG,141.61000061035156,144.44000244140625,141.39999389648438,143.5399932861328,143.5399932861328,1497300
2025-10-01,FANG,141.61000061035156,144.44000244140625,141.39999389648438,143.5399932861328,143.5399932861328,1497300
2025-10-02,FANG,142.2100067138672,147.6999969482422,142.07000732421875,143.19000244140625,143.19000244140625,2614600
2025-10-02,FANG,142.2100067138672,147.6999969482422,142.07000732421875,143.19000244140625,143.19000244140625,2614600
2025-10-03,FANG,143.5800018310547,147.91000366210938,143.5800018310547,147.47000122070312,147.47000122070312,2012300
2025-10-03,FANG,143.5800018310547,147.91000366210938,143.5800018310547,147.47000122070312,147.47000122070312,2012300
2025-10-06,FANG,149.00999450683594,152.49000549316406,148.5500030517578,149.10000610351562,149.10000610351562,2499600
2025-10-06,FANG,149.00999450683594,152.49000549316406,148.5500030517578,149.10000610351562,149.10000610351562,2499600
2025-10-07,FANG,147.6999969482422,149.07000732421875,145.66000366210938,148.91000366210938,148.91000366210938,1358100
2025-10-07,FANG,147.6999969482422,149.07000732421875,145.66000366210938,148.91000366210938,148.91000366210938,1358100
2025-10-08,FANG,149.14999389648438,149.14999389648438,146.49000549316406,147.5050048828125,147.5050048828125,137229
2025-10-08,FANG,149.14999389648438,149.14999389648438,146.49000549316406,147.5050048828125,147.5050048828125,137229
2025-10-01,FANG,141.61000061035156,144.44000244140625,141.39999389648438,143.5399932861328,143.5399932861328,1497300
2025-10-02,FANG,142.2100067138672,147.6999969482422,142.07000732421875,143.19000244140625,143.19000244140625,2614600
2025-10-03,FANG,143.5800018310547,147.91000366210938,143.5800018310547,147.47000122070312,147.47000122070312,2012300
2025-10-06,FANG,149.00999450683594,152.49000549316406,148.5500030517578,149.10000610351562,149.10000610351562,2499600
2025-10-07,FANG,147.6999969482422,149.07000732421875,145.66000366210938,148.91000366210938,148.91000366210938,1358100
2025-10-08,FANG,149.14999389648438,149.14999389648438,146.49000549316406,147.47000122070312,147.47000122070312,173062
2025-10-01,FANG,141.61000061035156,144.44000244140625,141.39999389648438,143.5399932861328,143.5399932861328,1497300
2025-10-02,FANG,142.2100067138672,147.6999969482422,142.07000732421875,143.19000244140625,143.19000244140625,2614600
2025-10-03,FANG,143.5800018310547,147.91000366210938,143.5800018310547,147.47000122070312,147.47000122070312,2012300
2025-10-06,FANG,149.00999450683594,152.49000549316406,148.5500030517578,149.10000610351562,149.10000610351562,2499600
2025-10-07,FANG,147.6999969482422,149.07000732421875,145.66000366210938,148.91000366210938,148.91000366210938,1358100
2025-10-08,FANG,149.14999389648438,149.14999389648438,146.49000549316406,147.47000122070312,147.47000122070312,173062
