Date,Ticker,Open,High,Low,Close,Adj Close,Volume
2013-12-12,HLT,43.70759963989258,44.97983932495117,43.60499954223633,44.11800003051758,41.74475860595703,12935478
2013-12-12,HLT,43.70759963989258,44.97983932495117,43.60499954223633,44.11800003051758,41.74475860595703,12935478
2013-12-13,HLT,45.12348175048828,45.92375946044922,44.22060012817383,45.34920120239258,42.90972900390625,1224854
2013-12-13,HLT,45.12348175048828,45.92375946044922,44.22060012817383,45.34920120239258,42.90972900390625,1224854
2013-12-16,HLT,47.36016082763672,52.8390007019043,44.15903854370117,44.15903854370117,41.78359222412109,4717690
2013-12-16,HLT,47.36016082763672,52.8390007019043,44.15903854370117,44.15903854370117,41.78359222412109,4717690
2013-12-17,HLT,44.34371948242188,45.12348175048828,44.28216171264648,44.75411987304688,42.34664916992188,2313840
2013-12-17,HLT,44.34371948242188,45.12348175048828,44.28216171264648,44.75411987304688,42.34664916992188,2313840
2013-12-18,HLT,44.79515838623047,45.51335906982422,44.446319580078125,44.79515838623047,42.38547897338867,2857846
2013-12-18,HLT,44.79515838623047,45.51335906982422,44.446319580078125,44.79515838623047,42.38547897338867,2857846
2013-12-19,HLT,44.63100051879883,45.98532104492188,44.22060012817383,45.71855926513672,43.25921630859375,1469103
2013-12-19,HLT,44.63100051879883,45.98532104492188,44.22060012817383,45.71855926513672,43.25921630859375,1469103
2013-12-20,HLT,46.16999816894531,46.27259826660156,44.856719970703125,45.00035858154297,42.57965469360352,994834
2013-12-20,HLT,46.16999816894531,46.27259826660156,44.856719970703125,45.00035858154297,42.57965469360352,994834
2013-12-23,HLT,45.16452026367188,45.533878326416016,44.241119384765625,44.241119384765625,41.86125946044922,1220712
2013-12-23,HLT,45.16452026367188,45.533878326416016,44.241119384765625,44.241119384765625,41.86125946044922,1220712
2013-12-24,HLT,44.32320022583008,44.46683883666992,43.39979934692383,44.138519287109375,41.76417922973633,1234064
2013-12-24,HLT,44.32320022583008,44.46683883666992,43.39979934692383,44.138519287109375,41.76417922973633,1234064
2013-12-26,HLT,44.241119384765625,45.061920166015625,44.22060012817383,44.52840042114258,42.13307571411133,1309211
2013-12-26,HLT,44.241119384765625,45.061920166015625,44.22060012817383,44.52840042114258,42.13307571411133,1309211
2013-12-27,HLT,44.32320022583008,44.81568145751953,44.22060012817383,44.32320022583008,41.938926696777344,1090302
2013-12-27,HLT,44.32320022583008,44.81568145751953,44.22060012817383,44.32320022583008,41.938926696777344,1090302
2013-12-30,HLT,44.56943893432617,45.08243942260742,44.32320022583008,44.91828155517578,42.50199890136719,871832
2013-12-30,HLT,44.56943893432617,45.08243942260742,44.32320022583008,44.91828155517578,42.50199890136719,871832
2013-12-31,HLT,45.14400100708008,46.10844039916992,45.04140090942383,45.65700149536133,43.20098114013672,1134308
2013-12-31,HLT,45.14400100708008,46.10844039916992,45.04140090942383,45.65700149536133,43.20098114013672,1134308
2014-01-02,HLT,45.65700149536133,45.86220169067383,44.67203903198242,44.856719970703125,42.44374847412109,1763791
2014-01-02,HLT,45.65700149536133,45.86220169067383,44.67203903198242,44.856719970703125,42.44374847412109,1763791
2014-01-03,HLT,44.73360061645508,45.32867813110352,44.63100051879883,45.16452026367188,42.734989166259766,461257
2014-01-03,HLT,44.73360061645508,45.32867813110352,44.63100051879883,45.16452026367188,42.734989166259766,461257
2014-01-06,HLT,45.12348175048828,45.39023971557617,44.65151977539063,45.14400100708008,42.71557235717773,1172320
2014-01-06,HLT,45.12348175048828,45.39023971557617,44.65151977539063,45.14400100708008,42.71557235717773,1172320
2014-01-07,HLT,45.14400100708008,45.34920120239258,44.93880081176758,45.14400100708008,42.71557235717773,1992593
2014-01-07,HLT,45.14400100708008,45.34920120239258,44.93880081176758,45.14400100708008,42.71557235717773,1992593
2014-01-08,HLT,45.20555877685547,45.20555877685547,44.73360061645508,45.20555877685547,42.7738151550293,1154240
2014-01-08,HLT,45.20555877685547,45.20555877685547,44.73360061645508,45.20555877685547,42.7738151550293,1154240
2014-01-09,HLT,45.14400100708008,45.18503952026367,44.548919677734375,44.87723922729492,42.46315383911133,459600
2014-01-09,HLT,45.14400100708008,45.18503952026367,44.548919677734375,44.87723922729492,42.46315383911133,459600
2014-01-10,HLT,44.65151977539063,44.856719970703125,44.26163864135742,44.50788116455078,42.11367034912109,812329
2014-01-10,HLT,44.65151977539063,44.856719970703125,44.26163864135742,44.50788116455078,42.11367034912109,812329
2014-01-13,HLT,44.241119384765625,44.79515838623047,44.241119384765625,44.56943893432617,42.171913146972656,728216
2014-01-13,HLT,44.241119384765625,44.79515838623047,44.241119384765625,44.56943893432617,42.171913146972656,728216
2014-01-14,HLT,44.548919677734375,45.369720458984375,44.40528106689453,45.34920120239258,42.90972900390625,1251608
2014-01-14,HLT,44.548919677734375,45.369720458984375,44.40528106689453,45.34920120239258,42.90972900390625,1251608
2014-01-15,HLT,45.24660110473633,45.49283981323242,44.79515838623047,44.959320068359375,42.54083251953125,915253
2014-01-15,HLT,45.24660110473633,45.49283981323242,44.79515838623047,44.959320068359375,42.54083251953125,915253
2014-01-16,HLT,44.93880081176758,45.20555877685547,44.50788116455078,45.061920166015625,42.63790512084961,1130019
2014-01-16,HLT,44.93880081176758,45.20555877685547,44.50788116455078,45.061920166015625,42.63790512084961,1130019
2014-01-17,HLT,45.061920166015625,46.29312133789063,44.73360061645508,45.65700149536133,43.20098114013672,2702290
2014-01-17,HLT,45.061920166015625,46.29312133789063,44.73360061645508,45.65700149536133,43.20098114013672,2702290
2014-01-21,HLT,46.190521240234375,46.354679107666016,44.81568145751953,44.97983932495117,42.56023406982422,1280214
2014-01-21,HLT,46.190521240234375,46.354679107666016,44.81568145751953,44.97983932495117,42.56023406982422,1280214
2014-01-22,HLT,45.12348175048828,46.14947891235352,44.93880081176758,46.087921142578125,43.60871124267578,1428655
2014-01-22,HLT,45.12348175048828,46.14947891235352,44.93880081176758,46.087921142578125,43.60871124267578,1428655
2014-01-23,HLT,46.02635955810547,46.498321533203125,45.34920120239258,46.498321533203125,43.997032165527344,936062
2014-01-23,HLT,46.02635955810547,46.498321533203125,45.34920120239258,46.498321533203125,43.997032165527344,936062
2014-01-24,HLT,45.86220169067383,46.12895965576172,45.32867813110352,46.06740188598633,43.58929443359375,891033
2014-01-24,HLT,45.86220169067383,46.12895965576172,45.32867813110352,46.06740188598633,43.58929443359375,891033
2014-01-27,HLT,46.06740188598633,46.06740188598633,44.91828155517578,45.12348175048828,42.6961555480957,1099610
2014-01-27,HLT,46.06740188598633,46.06740188598633,44.91828155517578,45.12348175048828,42.6961555480957,1099610
2014-01-28,HLT,44.81568145751953,45.14400100708008,44.63100051879883,44.93880081176758,42.52141952514648,686209
2014-01-28,HLT,44.81568145751953,45.14400100708008,44.63100051879883,44.93880081176758,42.52141952514648,686209
2014-01-29,HLT,44.75411987304688,44.89775848388672,44.241119384765625,44.446319580078125,42.0554084777832,437865
2014-01-29,HLT,44.75411987304688,44.89775848388672,44.241119384765625,44.446319580078125,42.0554084777832,437865
2014-01-30,HLT,44.65151977539063,44.77463912963867,44.32320022583008,44.446319580078125,42.0554084777832,520273
2014-01-30,HLT,44.65151977539063,44.77463912963867,44.32320022583008,44.446319580078125,42.0554084777832,520273
2014-01-31,HLT,44.138519287109375,44.50788116455078,43.78968048095703,44.42580032348633,42.03600692749024,428606
2014-01-31,HLT,44.138519287109375,44.50788116455078,43.78968048095703,44.42580032348633,42.03600692749024,428606
2014-02-03,HLT,44.42580032348633,44.52840042114258,42.76367950439453,42.98939895629883,40.676876068115234,1115010
2014-02-03,HLT,44.42580032348633,44.52840042114258,42.76367950439453,42.98939895629883,40.676876068115234,1115010
2014-02-04,HLT,43.09199905395508,43.256160736083984,42.76367950439453,43.15356063842773,40.83219146728516,835770
2014-02-04,HLT,43.09199905395508,43.256160736083984,42.76367950439453,43.15356063842773,40.83219146728516,835770
2014-02-05,HLT,42.78419876098633,43.00991821289063,42.16859817504883,42.68159866333008,40.38563537597656,694786
2014-02-05,HLT,42.78419876098633,43.00991821289063,42.16859817504883,42.68159866333008,40.38563537597656,694786
2014-02-06,HLT,42.76367950439453,43.50239944458008,42.72264099121094,43.50239944458008,41.16226577758789,294103
2014-02-06,HLT,42.76367950439453,43.50239944458008,42.72264099121094,43.50239944458008,41.16226577758789,294103
2014-02-07,HLT,43.625518798828125,44.87723922729492,43.54344177246094,44.42580032348633,42.03600692749024,513012
2014-02-07,HLT,43.625518798828125,44.87723922729492,43.54344177246094,44.42580032348633,42.03600692749024,513012
2014-02-10,HLT,44.46683883666992,44.50788116455078,43.70759963989258,43.93331909179688,41.57001495361328,562427
2014-02-10,HLT,44.46683883666992,44.50788116455078,43.70759963989258,43.93331909179688,41.57001495361328,562427
2014-02-11,HLT,44.58995819091797,44.67203903198242,44.035919189453125,44.50788116455078,42.11367034912109,642446
2014-02-11,HLT,44.58995819091797,44.67203903198242,44.035919189453125,44.50788116455078,42.11367034912109,642446
2014-02-12,HLT,44.61048126220703,45.04140090942383,44.36423873901367,44.91828155517578,42.50199890136719,436647
2014-02-12,HLT,44.61048126220703,45.04140090942383,44.36423873901367,44.91828155517578,42.50199890136719,436647
2014-02-13,HLT,44.69255828857422,45.18503952026367,44.42580032348633,45.04140090942383,42.61848449707031,551608
2014-02-13,HLT,44.69255828857422,45.18503952026367,44.42580032348633,45.04140090942383,42.61848449707031,551608
2014-02-14,HLT,45.14400100708008,45.24660110473633,44.856719970703125,45.14400100708008,42.71557235717773,647856
2014-02-14,HLT,45.14400100708008,45.24660110473633,44.856719970703125,45.14400100708008,42.71557235717773,647856
2014-02-18,HLT,45.14400100708008,45.14400100708008,44.58995819091797,44.65151977539063,42.24957275390625,616179
2014-02-18,HLT,45.14400100708008,45.14400100708008,44.58995819091797,44.65151977539063,42.24957275390625,616179
2014-02-19,HLT,44.65151977539063,45.04140090942383,44.11800003051758,44.17956161499024,41.80302047729492,441033
2014-02-19,HLT,44.65151977539063,45.04140090942383,44.11800003051758,44.17956161499024,41.80302047729492,441033
2014-02-20,HLT,44.11800003051758,44.46683883666992,43.728118896484375,44.09748077392578,41.72534942626953,602096
2014-02-20,HLT,44.11800003051758,44.46683883666992,43.728118896484375,44.09748077392578,41.72534942626953,602096
2014-02-21,HLT,44.11800003051758,45.533878326416016,44.05643844604492,45.45180130004883,43.00680923461914,1166082
2014-02-21,HLT,44.11800003051758,45.533878326416016,44.05643844604492,45.45180130004883,43.00680923461914,1166082
2014-02-24,HLT,45.57492065429688,46.16999816894531,45.22608184814453,45.677520751953125,43.22038650512695,743177
2014-02-24,HLT,45.57492065429688,46.16999816894531,45.22608184814453,45.677520751953125,43.22038650512695,743177
2014-02-25,HLT,45.65700149536133,46.33415985107422,45.57492065429688,45.90324020385742,43.43396759033203,823197
2014-02-25,HLT,45.65700149536133,46.33415985107422,45.57492065429688,45.90324020385742,43.43396759033203,823197
2014-02-26,HLT,45.98532104492188,46.53936004638672,45.75960159301758,46.252079010009766,43.76404571533203,1072027
2014-02-26,HLT,45.98532104492188,46.53936004638672,45.75960159301758,46.252079010009766,43.76404571533203,1072027
2014-02-27,HLT,45.98532104492188,46.90871810913086,44.73360061645508,46.14947891235352,43.66695022583008,2187817
2014-02-27,HLT,45.98532104492188,46.90871810913086,44.73360061645508,46.14947891235352,43.66695022583008,2187817
2014-02-28,HLT,46.16999816894531,46.33415985107422,45.30815887451172,45.882720947265625,43.41455841064453,970565
2014-02-28,HLT,46.16999816894531,46.33415985107422,45.30815887451172,45.882720947265625,43.41455841064453,970565
2014-03-03,HLT,45.59543991088867,46.16999816894531,45.369720458984375,46.14947891235352,43.66695022583008,676754
2014-03-03,HLT,45.59543991088867,46.16999816894531,45.369720458984375,46.14947891235352,43.66695022583008,676754
2014-03-04,HLT,47.01131820678711,47.40119934082031,46.087921142578125,46.29312133789063,43.80287170410156,2307018
2014-03-04,HLT,47.01131820678711,47.40119934082031,46.087921142578125,46.29312133789063,43.80287170410156,2307018
2014-03-05,HLT,46.10844039916992,46.97027969360352,46.06740188598633,46.72404098510742,44.21062088012695,668713
2014-03-05,HLT,46.10844039916992,46.97027969360352,46.06740188598633,46.72404098510742,44.21062088012695,668713
2014-03-06,HLT,46.72404098510742,46.90871810913086,45.96480178833008,46.12895965576172,43.64754867553711,682407
2014-03-06,HLT,46.72404098510742,46.90871810913086,45.96480178833008,46.12895965576172,43.64754867553711,682407
2014-03-07,HLT,46.06740188598633,46.84716033935547,45.96480178833008,46.600921630859375,44.09411239624024,642349
2014-03-07,HLT,46.06740188598633,46.84716033935547,45.96480178833008,46.600921630859375,44.09411239624024,642349
2014-03-10,HLT,46.703521728515625,46.88819885253906,45.61595916748047,45.92375946044922,43.45337677001953,922027
2014-03-10,HLT,46.703521728515625,46.88819885253906,45.61595916748047,45.92375946044922,43.45337677001953,922027
2014-03-11,HLT,45.944278717041016,46.087921142578125,45.14400100708008,45.369720458984375,42.92913436889648,835429
2014-03-11,HLT,45.944278717041016,46.087921142578125,45.14400100708008,45.369720458984375,42.92913436889648,835429
2014-03-12,HLT,45.22608184814453,45.96480178833008,44.67203903198242,45.86220169067383,43.39513397216797,788645
2014-03-12,HLT,45.22608184814453,45.96480178833008,44.67203903198242,45.86220169067383,43.39513397216797,788645
2014-03-13,HLT,45.61595916748047,46.02635955810547,45.061920166015625,45.24660110473633,42.81265640258789,992690
2014-03-13,HLT,45.61595916748047,46.02635955810547,45.061920166015625,45.24660110473633,42.81265640258789,992690
2014-03-14,HLT,45.061920166015625,45.677520751953125,44.87723922729492,45.20555877685547,42.7738151550293,609064
2014-03-14,HLT,45.061920166015625,45.677520751953125,44.87723922729492,45.20555877685547,42.7738151550293,609064
2014-03-17,HLT,45.369720458984375,45.944278717041016,45.32867813110352,45.39023971557617,42.94856262207031,369250
2014-03-17,HLT,45.369720458984375,45.944278717041016,45.32867813110352,45.39023971557617,42.94856262207031,369250
2014-03-18,HLT,45.34920120239258,46.354679107666016,45.267120361328125,46.31364059448242,43.82228088378906,677778
2014-03-18,HLT,45.34920120239258,46.354679107666016,45.267120361328125,46.31364059448242,43.82228088378906,677778
2014-03-19,HLT,46.21104049682617,46.23155975341797,45.47232055664063,45.677520751953125,43.22038650512695,733382
2014-03-19,HLT,46.21104049682617,46.23155975341797,45.47232055664063,45.677520751953125,43.22038650512695,733382
2014-03-20,HLT,45.65700149536133,46.00584030151367,45.369720458984375,45.49283981323242,43.04563903808594,652729
2014-03-20,HLT,45.65700149536133,46.00584030151367,45.369720458984375,45.49283981323242,43.04563903808594,652729
2014-03-21,HLT,45.69804000854492,47.175479888916016,45.45180130004883,47.175479888916016,44.63776779174805,3026754
2014-03-21,HLT,45.69804000854492,47.175479888916016,45.45180130004883,47.175479888916016,44.63776779174805,3026754
2014-03-24,HLT,47.072879791259766,47.38068008422852,46.087921142578125,46.703521728515625,44.19118118286133,966033
2014-03-24,HLT,47.072879791259766,47.38068008422852,46.087921142578125,46.703521728515625,44.19118118286133,966033
2014-03-25,HLT,46.74456024169922,46.99079895019531,46.12895965576172,46.12895965576172,43.64754867553711,781774
2014-03-25,HLT,46.74456024169922,46.99079895019531,46.12895965576172,46.12895965576172,43.64754867553711,781774
2014-03-26,HLT,46.16999816894531,46.31364059448242,45.73907852172852,45.841678619384766,43.37571716308594,781969
2014-03-26,HLT,46.16999816894531,46.31364059448242,45.73907852172852,45.841678619384766,43.37571716308594,781969
2014-03-27,HLT,45.780120849609375,46.21104049682617,45.49283981323242,45.61595916748047,43.16213607788086,670517
2014-03-27,HLT,45.780120849609375,46.21104049682617,45.49283981323242,45.61595916748047,43.16213607788086,670517
2014-03-28,HLT,45.49283981323242,45.92375946044922,45.04140090942383,45.65700149536133,43.20098114013672,2073051
2014-03-28,HLT,45.49283981323242,45.92375946044922,45.04140090942383,45.65700149536133,43.20098114013672,2073051
2014-03-31,HLT,45.841678619384766,46.02635955810547,45.14400100708008,45.636478424072266,43.18156814575195,4896930
2014-03-31,HLT,45.841678619384766,46.02635955810547,45.14400100708008,45.636478424072266,43.18156814575195,4896930
2014-04-01,HLT,45.59543991088867,46.58039855957031,45.57492065429688,46.27259826660156,43.78345489501953,1052534
2014-04-01,HLT,45.59543991088867,46.58039855957031,45.57492065429688,46.27259826660156,43.78345489501953,1052534
2014-04-02,HLT,46.16999816894531,46.55987930297852,46.06740188598633,46.10844039916992,43.62812042236328,1061550
2014-04-02,HLT,46.16999816894531,46.55987930297852,46.06740188598633,46.10844039916992,43.62812042236328,1061550
2014-04-03,HLT,46.16999816894531,46.33415985107422,45.18503952026367,45.18503952026367,42.75440216064453,959357
2014-04-03,HLT,46.16999816894531,46.33415985107422,45.18503952026367,45.18503952026367,42.75440216064453,959357
2014-04-04,HLT,45.20555877685547,45.24660110473633,44.241119384765625,44.30268096923828,41.91950225830078,2767300
2014-04-04,HLT,45.20555877685547,45.24660110473633,44.241119384765625,44.30268096923828,41.91950225830078,2767300
2014-04-07,HLT,44.32320022583008,44.384761810302734,43.625518798828125,43.85123825073242,41.49234008789063,694298
2014-04-07,HLT,44.32320022583008,44.384761810302734,43.625518798828125,43.85123825073242,41.49234008789063,694298
2014-04-08,HLT,43.81019973754883,43.91279983520508,43.37928009033203,43.83071899414063,41.472930908203125,686160
2014-04-08,HLT,43.81019973754883,43.91279983520508,43.37928009033203,43.83071899414063,41.472930908203125,686160
2014-04-09,HLT,43.97436141967773,44.42580032348633,43.87176132202149,44.138519287109375,41.76417922973633,864815
2014-04-09,HLT,43.97436141967773,44.42580032348633,43.87176132202149,44.138519287109375,41.76417922973633,864815
2014-04-10,HLT,44.05643844604492,44.26163864135742,43.17407989501953,43.46136093139648,41.12345123291016,527973
2014-04-10,HLT,44.05643844604492,44.26163864135742,43.17407989501953,43.46136093139648,41.12345123291016,527973
2014-04-11,HLT,43.29719924926758,43.87176132202149,43.00991821289063,43.60499954223633,41.25934600830078,760136
2014-04-11,HLT,43.29719924926758,43.87176132202149,43.00991821289063,43.60499954223633,41.25934600830078,760136
2014-04-14,HLT,43.68708038330078,44.34371948242188,43.317718505859375,43.81019973754883,41.45351791381836,515400
2014-04-14,HLT,43.68708038330078,44.34371948242188,43.317718505859375,43.81019973754883,41.45351791381836,515400
2014-04-15,HLT,44.138519287109375,44.138519287109375,43.09199905395508,43.87176132202149,41.51177215576172,484990
2014-04-15,HLT,44.138519287109375,44.138519287109375,43.09199905395508,43.87176132202149,41.51177215576172,484990
2014-04-16,HLT,43.64604187011719,44.36423873901367,43.563961029052734,44.32320022583008,41.938926696777344,523977
2014-04-16,HLT,43.64604187011719,44.36423873901367,43.563961029052734,44.32320022583008,41.938926696777344,523977
2014-04-17,HLT,44.20008087158203,44.856719970703125,43.70759963989258,44.67203903198242,42.26899337768555,805166
2014-04-17,HLT,44.20008087158203,44.856719970703125,43.70759963989258,44.67203903198242,42.26899337768555,805166
2014-04-21,HLT,44.56943893432617,44.56943893432617,43.85123825073242,44.035919189453125,41.66709899902344,498148
2014-04-21,HLT,44.56943893432617,44.56943893432617,43.85123825073242,44.035919189453125,41.66709899902344,498148
2014-04-22,HLT,44.01539993286133,44.56943893432617,43.97436141967773,44.138519287109375,41.76417922973633,511745
2014-04-22,HLT,44.01539993286133,44.56943893432617,43.97436141967773,44.138519287109375,41.76417922973633,511745
2014-04-23,HLT,44.076961517333984,44.42580032348633,43.83071899414063,44.09748077392578,41.72534942626953,469883
2014-04-23,HLT,44.076961517333984,44.42580032348633,43.83071899414063,44.09748077392578,41.72534942626953,469883
2014-04-24,HLT,44.241119384765625,44.46683883666992,44.035919189453125,44.11800003051758,41.74475860595703,302339
2014-04-24,HLT,44.241119384765625,44.46683883666992,44.035919189453125,44.11800003051758,41.74475860595703,302339
2014-04-25,HLT,44.11800003051758,44.15903854370117,43.58448028564453,43.769161224365234,41.41468048095703,204922
2014-04-25,HLT,44.11800003051758,44.15903854370117,43.58448028564453,43.769161224365234,41.41468048095703,204922
2014-04-28,HLT,43.78968048095703,43.97436141967773,43.19459915161133,43.85123825073242,41.49234008789063,625682
2014-04-28,HLT,43.78968048095703,43.97436141967773,43.19459915161133,43.85123825073242,41.49234008789063,625682
2014-04-29,HLT,44.36423873901367,44.48735809326172,43.03044128417969,43.27667999267578,40.94869613647461,1292836
2014-04-29,HLT,44.36423873901367,44.48735809326172,43.03044128417969,43.27667999267578,40.94869613647461,1292836
2014-04-30,HLT,43.52291870117188,44.83620071411133,43.39979934692383,44.79515838623047,42.38547897338867,920906
2014-04-30,HLT,43.52291870117188,44.83620071411133,43.39979934692383,44.79515838623047,42.38547897338867,920906
2014-05-01,HLT,44.71308135986328,45.41075897216797,44.01539993286133,45.30815887451172,42.870887756347656,700536
2014-05-01,HLT,44.71308135986328,45.41075897216797,44.01539993286133,45.30815887451172,42.870887756347656,700536
2014-05-02,HLT,45.30815887451172,46.51884078979492,45.22608184814453,45.24660110473633,42.81265640258789,991033
2014-05-02,HLT,45.30815887451172,46.51884078979492,45.22608184814453,45.24660110473633,42.81265640258789,991033
2014-05-05,HLT,45.02088165283203,45.533878326416016,44.77463912963867,45.47232055664063,43.02622222900391,410867
2014-05-05,HLT,45.02088165283203,45.533878326416016,44.77463912963867,45.47232055664063,43.02622222900391,410867
2014-05-06,HLT,45.34920120239258,45.71855926513672,44.93880081176758,45.47232055664063,43.02622222900391,683187
2014-05-06,HLT,45.34920120239258,45.71855926513672,44.93880081176758,45.47232055664063,43.02622222900391,683187
2014-05-07,HLT,46.78559875488281,47.15496063232422,45.369720458984375,46.498321533203125,43.997032165527344,1038060
2014-05-07,HLT,46.78559875488281,47.15496063232422,45.369720458984375,46.498321533203125,43.997032165527344,1038060
2014-05-08,HLT,46.703521728515625,46.90871810913086,46.29312133789063,46.457279205322266,43.95821380615234,1212865
2014-05-08,HLT,46.703521728515625,46.90871810913086,46.29312133789063,46.457279205322266,43.95821380615234,1212865
2014-05-09,HLT,48.6939582824707,48.83760070800781,46.74456024169922,47.33964157104492,44.793094635009766,3461111
2014-05-09,HLT,48.6939582824707,48.83760070800781,46.74456024169922,47.33964157104492,44.793094635009766,3461111
2014-05-12,HLT,48.11940002441406,48.32460021972656,46.51884078979492,47.15496063232422,44.61835479736328,1586745
2014-05-12,HLT,48.11940002441406,48.32460021972656,46.51884078979492,47.15496063232422,44.61835479736328,1586745
2014-05-13,HLT,47.40119934082031,47.64744186401367,46.97027969360352,47.19599914550781,44.65718460083008,1098538
2014-05-13,HLT,47.40119934082031,47.64744186401367,46.97027969360352,47.19599914550781,44.65718460083008,1098538
2014-05-14,HLT,47.19599914550781,47.31911849975586,45.73907852172852,46.27259826660156,43.78345489501953,1191764
2014-05-14,HLT,47.19599914550781,47.31911849975586,45.73907852172852,46.27259826660156,43.78345489501953,1191764
2014-05-15,HLT,46.37519836425781,46.37519836425781,44.446319580078125,44.93880081176758,42.52141952514648,1821394
2014-05-15,HLT,46.37519836425781,46.37519836425781,44.446319580078125,44.93880081176758,42.52141952514648,1821394
2014-05-16,HLT,45.14400100708008,45.267120361328125,43.99488067626953,44.87723922729492,42.46315383911133,1228850
2014-05-16,HLT,45.14400100708008,45.267120361328125,43.99488067626953,44.87723922729492,42.46315383911133,1228850
2014-05-19,HLT,44.93880081176758,45.16452026367188,44.56943893432617,44.959320068359375,42.54083251953125,970419
2014-05-19,HLT,44.93880081176758,45.16452026367188,44.56943893432617,44.959320068359375,42.54083251953125,970419
2014-05-20,HLT,45.00035858154297,45.12348175048828,43.85123825073242,43.93331909179688,41.57001495361328,1359211
2014-05-20,HLT,45.00035858154297,45.12348175048828,43.85123825073242,43.93331909179688,41.57001495361328,1359211
2014-05-21,HLT,44.11800003051758,45.14400100708008,44.01539993286133,44.83620071411133,42.42432403564453,1872807
2014-05-21,HLT,44.11800003051758,45.14400100708008,44.01539993286133,44.83620071411133,42.42432403564453,1872807
2014-05-22,HLT,44.81568145751953,45.24660110473633,44.81568145751953,45.12348175048828,42.6961555480957,1002388
2014-05-22,HLT,44.81568145751953,45.24660110473633,44.81568145751953,45.12348175048828,42.6961555480957,1002388
2014-05-23,HLT,45.69804000854492,45.841678619384766,45.16452026367188,45.24660110473633,42.81265640258789,527778
2014-05-23,HLT,45.69804000854492,45.841678619384766,45.16452026367188,45.24660110473633,42.81265640258789,527778
2014-05-27,HLT,45.51335906982422,45.82115936279297,45.04140090942383,45.636478424072266,43.18156814575195,1164815
2014-05-27,HLT,45.51335906982422,45.82115936279297,45.04140090942383,45.636478424072266,43.18156814575195,1164815
2014-05-28,HLT,45.80064010620117,46.23155975341797,45.14400100708008,45.16452026367188,42.734989166259766,1054191
2014-05-28,HLT,45.80064010620117,46.23155975341797,45.14400100708008,45.16452026367188,42.734989166259766,1054191
2014-05-29,HLT,45.267120361328125,45.55440139770508,44.89775848388672,45.51335906982422,43.065059661865234,732943
2014-05-29,HLT,45.267120361328125,45.55440139770508,44.89775848388672,45.51335906982422,43.065059661865234,732943
2014-05-30,HLT,45.41075897216797,46.47779846191406,45.41075897216797,46.41624069213867,43.91936492919922,1272563
2014-05-30,HLT,45.41075897216797,46.47779846191406,45.41075897216797,46.41624069213867,43.91936492919922,1272563
2014-06-02,HLT,46.41624069213867,46.86767959594727,45.96480178833008,46.74456024169922,44.23002624511719,1202437
2014-06-02,HLT,46.41624069213867,46.86767959594727,45.96480178833008,46.74456024169922,44.23002624511719,1202437
2014-06-03,HLT,46.53936004638672,47.01131820678711,46.04687881469727,46.600921630859375,44.09411239624024,1484600
2014-06-03,HLT,46.53936004638672,47.01131820678711,46.04687881469727,46.600921630859375,44.09411239624024,1484600
2014-06-04,HLT,46.43675994873047,47.09339904785156,46.354679107666016,46.72404098510742,44.21062088012695,665692
2014-06-04,HLT,46.43675994873047,47.09339904785156,46.354679107666016,46.72404098510742,44.21062088012695,665692
2014-06-05,HLT,46.72404098510742,47.29859924316406,46.37519836425781,47.23704147338867,44.696022033691406,878947
2014-06-05,HLT,46.72404098510742,47.29859924316406,46.37519836425781,47.23704147338867,44.696022033691406,878947
2014-06-06,HLT,47.23704147338867,47.93471908569336,46.62144088745117,47.77056121826172,45.20083236694336,1235331
2014-06-06,HLT,47.23704147338867,47.93471908569336,46.62144088745117,47.77056121826172,45.20083236694336,1235331
2014-06-09,HLT,47.77056121826172,48.11940002441406,47.072879791259766,47.79108047485352,45.220252990722656,1235283
2014-06-09,HLT,47.77056121826172,48.11940002441406,47.072879791259766,47.79108047485352,45.220252990722656,1235283
2014-06-10,HLT,47.52431869506836,48.570838928222656,47.52431869506836,48.07836151123047,45.49208068847656,1351852
2014-06-10,HLT,47.52431869506836,48.570838928222656,47.52431869506836,48.07836151123047,45.49208068847656,1351852
2014-06-11,HLT,47.175479888916016,47.33964157104492,46.47779846191406,46.80612182617188,44.28827667236328,3671150
2014-06-11,HLT,47.175479888916016,47.33964157104492,46.47779846191406,46.80612182617188,44.28827667236328,3671150
2014-06-12,HLT,46.354679107666016,46.84716033935547,46.00584030151367,46.12895965576172,43.64754867553711,1815838
2014-06-12,HLT,46.354679107666016,46.84716033935547,46.00584030151367,46.12895965576172,43.64754867553711,1815838
2014-06-13,HLT,46.06740188598633,46.27259826660156,45.49283981323242,45.73907852172852,43.27864074707031,2073733
2014-06-13,HLT,46.06740188598633,46.27259826660156,45.49283981323242,45.73907852172852,43.27864074707031,2073733
2014-06-16,HLT,45.75960159301758,46.68299865722656,45.16452026367188,45.57492065429688,43.123294830322266,2613743
2014-06-16,HLT,45.75960159301758,46.68299865722656,45.16452026367188,45.57492065429688,43.123294830322266,2613743
2014-06-17,HLT,45.55440139770508,46.252079010009766,45.55440139770508,45.841678619384766,43.37571716308594,1243762
2014-06-17,HLT,45.55440139770508,46.252079010009766,45.55440139770508,45.841678619384766,43.37571716308594,1243762
2014-06-18,HLT,45.75960159301758,46.087921142578125,45.61595916748047,45.86220169067383,43.39513397216797,1400341
2014-06-18,HLT,45.75960159301758,46.087921142578125,45.61595916748047,45.86220169067383,43.39513397216797,1400341
2014-06-19,HLT,45.92375946044922,46.33415985107422,45.75960159301758,45.82115936279297,43.35629653930664,1299220
2014-06-19,HLT,45.92375946044922,46.33415985107422,45.75960159301758,45.82115936279297,43.35629653930664,1299220
2014-06-20,HLT,46.087921142578125,46.087921142578125,45.677520751953125,45.677520751953125,43.22038650512695,1644786
2014-06-20,HLT,46.087921142578125,46.087921142578125,45.677520751953125,45.677520751953125,43.22038650512695,1644786
2014-06-23,HLT,45.90324020385742,46.16999816894531,45.57492065429688,45.841678619384766,43.37571716308594,1575341
2014-06-23,HLT,45.90324020385742,46.16999816894531,45.57492065429688,45.841678619384766,43.37571716308594,1575341
2014-06-24,HLT,45.841678619384766,46.99079895019531,45.780120849609375,46.16999816894531,43.68636703491211,5474172
2014-06-24,HLT,45.841678619384766,46.99079895019531,45.780120849609375,46.16999816894531,43.68636703491211,5474172
2014-06-25,HLT,46.99079895019531,47.77056121826172,46.74456024169922,47.11391830444336,44.57952117919922,27335234
2014-06-25,HLT,46.99079895019531,47.77056121826172,46.74456024169922,47.11391830444336,44.57952117919922,27335234
2014-06-26,HLT,47.05236053466797,47.23704147338867,46.765079498291016,46.90871810913086,44.385345458984375,7572904
2014-06-26,HLT,47.05236053466797,47.23704147338867,46.765079498291016,46.90871810913086,44.385345458984375,7572904
2014-06-27,HLT,46.99079895019531,47.40119934082031,46.58039855957031,46.80612182617188,44.28827667236328,6862768
2014-06-27,HLT,46.99079895019531,47.40119934082031,46.58039855957031,46.80612182617188,44.28827667236328,6862768
2014-06-30,HLT,46.78559875488281,47.87316131591797,46.64196014404297,47.81159973144531,45.23966598510742,3204776
2014-06-30,HLT,46.78559875488281,47.87316131591797,46.64196014404297,47.81159973144531,45.23966598510742,3204776
2014-07-01,HLT,47.79108047485352,48.673439025878906,47.68848037719727,48.48876190185547,45.880401611328125,5010185
2014-07-01,HLT,47.79108047485352,48.673439025878906,47.68848037719727,48.48876190185547,45.880401611328125,5010185
2014-07-02,HLT,48.22200012207031,49.06332015991211,48.057838439941406,48.96072006225586,46.32696914672852,3300682
2014-07-02,HLT,48.22200012207031,49.06332015991211,48.057838439941406,48.96072006225586,46.32696914672852,3300682
2014-07-03,HLT,48.96072006225586,50.88959884643555,48.96072006225586,50.88959884643555,48.15209579467773,5482115
2014-07-03,HLT,48.96072006225586,50.88959884643555,48.96072006225586,50.88959884643555,48.15209579467773,5482115
2014-07-07,HLT,50.47919845581055,50.70492172241211,50.06880187988281,50.27399826049805,47.56961441040039,3754386
2014-07-07,HLT,50.47919845581055,50.70492172241211,50.06880187988281,50.27399826049805,47.56961441040039,3754386
2014-07-08,HLT,50.06880187988281,50.08932113647461,49.227481842041016,49.63787841796875,46.96770477294922,2931238
2014-07-08,HLT,50.06880187988281,50.08932113647461,49.227481842041016,49.63787841796875,46.96770477294922,2931238
2014-07-09,HLT,49.86360168457031,50.82804107666016,49.57632064819336,50.72544097900391,47.99676513671875,2832797
2014-07-09,HLT,49.86360168457031,50.82804107666016,49.57632064819336,50.72544097900391,47.99676513671875,2832797
2014-07-10,HLT,49.84307861328125,50.72544097900391,49.802040100097656,50.315040588378906,47.60844421386719,1868665
2014-07-10,HLT,49.84307861328125,50.72544097900391,49.802040100097656,50.315040588378906,47.60844421386719,1868665
2014-07-11,HLT,49.26852035522461,50.315040588378906,49.26852035522461,49.90464019775391,47.22011566162109,1384454
2014-07-11,HLT,49.26852035522461,50.315040588378906,49.26852035522461,49.90464019775391,47.22011566162109,1384454
2014-07-14,HLT,50.39712142944336,50.9716796875,50.06880187988281,50.19192123413086,47.491947174072266,2394786
2014-07-14,HLT,50.39712142944336,50.9716796875,50.06880187988281,50.19192123413086,47.491947174072266,2394786
2014-07-15,HLT,50.1713981628418,50.72544097900391,50.08932113647461,50.41764068603516,47.70552444458008,1918129
2014-07-15,HLT,50.1713981628418,50.72544097900391,50.08932113647461,50.41764068603516,47.70552444458008,1918129
2014-07-16,HLT,50.49972152709961,50.68439865112305,49.9456787109375,50.43815994262695,47.72494888305664,1315741
2014-07-16,HLT,50.49972152709961,50.68439865112305,49.9456787109375,50.43815994262695,47.72494888305664,1315741
2014-07-17,HLT,50.1303596496582,50.68439865112305,49.24800109863281,49.391639709472656,46.73471832275391,3192105
2014-07-17,HLT,50.1303596496582,50.68439865112305,49.24800109863281,49.391639709472656,46.73471832275391,3192105
2014-07-18,HLT,49.740478515625,50.41764068603516,49.5352783203125,50.3765983581543,47.666690826416016,1820517
2014-07-18,HLT,49.740478515625,50.41764068603516,49.5352783203125,50.3765983581543,47.666690826416016,1820517
2014-07-21,HLT,50.1713981628418,51.1563606262207,50.1713981628418,50.9511604309082,48.21034240722656,2381969
2014-07-21,HLT,50.1713981628418,51.1563606262207,50.1713981628418,50.9511604309082,48.21034240722656,2381969
2014-07-22,HLT,51.07427978515625,51.8335189819336,50.7869987487793,51.5667610168457,48.79283142089844,2022904
2014-07-22,HLT,51.07427978515625,51.8335189819336,50.7869987487793,51.5667610168457,48.79283142089844,2022904
2014-07-23,HLT,51.423118591308594,52.51068115234375,51.382080078125,52.34651947021485,49.53063583374024,3073294
2014-07-23,HLT,51.423118591308594,52.51068115234375,51.382080078125,52.34651947021485,49.53063583374024,3073294
2014-07-24,HLT,52.32600021362305,52.98263931274414,51.79248046875,51.89508056640625,49.103492736816406,3345858
2014-07-24,HLT,52.32600021362305,52.98263931274414,51.79248046875,51.89508056640625,49.103492736816406,3345858
2014-07-25,HLT,51.68988037109375,52.4080810546875,51.443641662597656,51.87456130981445,49.08406829833984,920224
2014-07-25,HLT,51.68988037109375,52.4080810546875,51.443641662597656,51.87456130981445,49.08406829833984,920224
2014-07-28,HLT,51.87456130981445,52.30548095703125,51.48468017578125,51.79248046875,49.00641632080078,1143421
2014-07-28,HLT,51.87456130981445,52.30548095703125,51.48468017578125,51.79248046875,49.00641632080078,1143421
2014-07-29,HLT,52.0181999206543,52.07976150512695,51.1563606262207,51.25896072387695,48.5015869140625,1686598
2014-07-29,HLT,52.0181999206543,52.07976150512695,51.1563606262207,51.25896072387695,48.5015869140625,1686598
2014-07-30,HLT,51.6077995300293,51.95663833618164,50.15087890625,50.64336013793945,47.91909790039063,3035088
2014-07-30,HLT,51.6077995300293,51.95663833618164,50.15087890625,50.64336013793945,47.91909790039063,3035088
2014-07-31,HLT,50.109840393066406,50.45867919921875,49.26852035522461,49.67892074584961,47.00654602050781,2718372
2014-07-31,HLT,50.109840393066406,50.45867919921875,49.26852035522461,49.67892074584961,47.00654602050781,2718372
2014-08-01,HLT,50.27399826049805,50.3765983581543,47.50379943847656,49.84307861328125,47.1618766784668,4673246
2014-08-01,HLT,50.27399826049805,50.3765983581543,47.50379943847656,49.84307861328125,47.1618766784668,4673246
2014-08-04,HLT,49.88412094116211,50.02775955200195,49.124881744384766,49.61735916137695,46.94829177856445,1665302
2014-08-04,HLT,49.88412094116211,50.02775955200195,49.124881744384766,49.61735916137695,46.94829177856445,1665302
2014-08-05,HLT,49.494239807128906,49.65840148925781,48.22200012207031,48.673439025878906,46.05515670776367,2776949
2014-08-05,HLT,49.494239807128906,49.65840148925781,48.22200012207031,48.673439025878906,46.05515670776367,2776949
2014-08-06,HLT,48.24251937866211,48.406681060791016,47.60639953613281,48.11940002441406,45.530906677246094,2932359
2014-08-06,HLT,48.24251937866211,48.406681060791016,47.60639953613281,48.11940002441406,45.530906677246094,2932359
2014-08-07,HLT,48.48876190185547,49.18643951416016,48.406681060791016,48.59135818481445,45.97747802734375,2239279
2014-08-07,HLT,48.48876190185547,49.18643951416016,48.406681060791016,48.59135818481445,45.97747802734375,2239279
2014-08-08,HLT,48.673439025878906,49.00175857543945,48.057838439941406,48.65291976928711,46.035736083984375,1580750
2014-08-08,HLT,48.673439025878906,49.00175857543945,48.057838439941406,48.65291976928711,46.035736083984375,1580750
2014-08-11,HLT,49.14540100097656,49.78152084350586,48.94020080566406,49.37112045288086,46.715293884277344,809454
2014-08-11,HLT,49.14540100097656,49.78152084350586,48.94020080566406,49.37112045288086,46.715293884277344,809454
2014-08-12,HLT,49.18643951416016,49.61735916137695,48.94020080566406,49.47372055053711,46.8123893737793,689571
2014-08-12,HLT,49.18643951416016,49.61735916137695,48.94020080566406,49.47372055053711,46.8123893737793,689571
2014-08-13,HLT,49.67892074584961,50.43815994262695,49.391639709472656,50.25347900390625,47.55018615722656,1191082
2014-08-13,HLT,49.67892074584961,50.43815994262695,49.391639709472656,50.25347900390625,47.55018615722656,1191082
2014-08-14,HLT,50.39712142944336,50.7664794921875,50.25347900390625,50.7459602355957,48.01618576049805,924220
2014-08-14,HLT,50.39712142944336,50.7664794921875,50.25347900390625,50.7459602355957,48.01618576049805,924220
2014-08-15,HLT,51.033241271972656,51.1973991394043,50.04827880859375,50.622840881347656,47.89968490600586,1224756
2014-08-15,HLT,51.033241271972656,51.1973991394043,50.04827880859375,50.622840881347656,47.89968490600586,1224756
2014-08-18,HLT,51.09479904174805,51.32051849365234,50.622840881347656,51.27947998046875,48.52100372314453,1073051
2014-08-18,HLT,51.09479904174805,51.32051849365234,50.622840881347656,51.27947998046875,48.52100372314453,1073051
2014-08-19,HLT,51.32051849365234,51.8129997253418,51.11531829833984,51.52571868896485,48.753997802734375,1098830
2014-08-19,HLT,51.32051849365234,51.8129997253418,51.11531829833984,51.52571868896485,48.753997802734375,1098830
2014-08-20,HLT,51.32051849365234,52.26443862915039,51.1768798828125,52.202880859375,49.394718170166016,1634308
2014-08-20,HLT,51.32051849365234,52.26443862915039,51.1768798828125,52.202880859375,49.394718170166016,1634308
2014-08-21,HLT,52.12080001831055,52.61328125,52.05923843383789,52.4080810546875,49.58889389038086,1219932
2014-08-21,HLT,52.12080001831055,52.61328125,52.05923843383789,52.4080810546875,49.58889389038086,1219932
2014-08-22,HLT,52.32600021362305,52.8390007019043,52.28496170043945,52.61328125,49.78305435180664,946930
2014-08-22,HLT,52.32600021362305,52.8390007019043,52.28496170043945,52.61328125,49.78305435180664,946930
2014-08-25,HLT,52.6338005065918,52.77743911743164,52.1823616027832,52.77743911743164,49.938385009765625,1304142
2014-08-25,HLT,52.6338005065918,52.77743911743164,52.1823616027832,52.77743911743164,49.938385009765625,1304142
2014-08-26,HLT,52.73640060424805,52.92108154296875,52.3875617980957,52.6338005065918,49.80247116088867,961842
2014-08-26,HLT,52.73640060424805,52.92108154296875,52.3875617980957,52.6338005065918,49.80247116088867,961842
2014-08-27,HLT,52.67483901977539,53.18783950805664,52.61328125,52.859519958496094,50.01605224609375,1292934
2014-08-27,HLT,52.67483901977539,53.18783950805664,52.61328125,52.859519958496094,50.01605224609375,1292934
2014-08-28,HLT,52.551719665527344,52.859519958496094,52.202880859375,52.6543197631836,49.82189178466797,1369055
2014-08-28,HLT,52.551719665527344,52.859519958496094,52.202880859375,52.6543197631836,49.82189178466797,1369055
2014-08-29,HLT,52.6543197631836,52.75691986083984,51.71039962768555,51.95663833618164,49.16172790527344,5281433
2014-08-29,HLT,52.6543197631836,52.75691986083984,51.71039962768555,51.95663833618164,49.16172790527344,5281433
2014-09-02,HLT,52.36703872680664,52.98263931274414,51.6077995300293,52.243919372558594,49.43356323242188,1346394
2014-09-02,HLT,52.36703872680664,52.98263931274414,51.6077995300293,52.243919372558594,49.43356323242188,1346394
2014-09-03,HLT,52.44911956787109,52.61328125,51.75143814086914,51.87456130981445,49.08406829833984,2212476
2014-09-03,HLT,52.44911956787109,52.61328125,51.75143814086914,51.87456130981445,49.08406829833984,2212476
2014-09-04,HLT,52.07976150512695,52.69535827636719,51.46416091918945,51.9976806640625,49.200565338134766,1593421
2014-09-04,HLT,52.07976150512695,52.69535827636719,51.46416091918945,51.9976806640625,49.200565338134766,1593421
2014-09-05,HLT,52.038719177246094,53.14680099487305,51.6077995300293,52.859519958496094,50.01605224609375,1606092
2014-09-05,HLT,52.038719177246094,53.14680099487305,51.6077995300293,52.859519958496094,50.01605224609375,1606092
2014-09-08,HLT,52.67483901977539,52.92108154296875,52.46963882446289,52.69535827636719,49.860721588134766,582310
2014-09-08,HLT,52.67483901977539,52.92108154296875,52.46963882446289,52.69535827636719,49.860721588134766,582310
2014-09-09,HLT,52.53120040893555,52.90055847167969,52.12080001831055,52.34651947021485,49.53063583374024,1520663
2014-09-09,HLT,52.53120040893555,52.90055847167969,52.12080001831055,52.34651947021485,49.53063583374024,1520663
2014-09-10,HLT,52.4286003112793,52.46963882446289,51.75143814086914,51.87456130981445,49.08406829833984,1757554
2014-09-10,HLT,52.4286003112793,52.46963882446289,51.75143814086914,51.87456130981445,49.08406829833984,1757554
2014-09-11,HLT,50.88959884643555,51.71039962768555,50.60232162475586,50.9716796875,48.22976303100586,3296248
2014-09-11,HLT,50.88959884643555,51.71039962768555,50.60232162475586,50.9716796875,48.22976303100586,3296248
2014-09-12,HLT,50.84856033325195,50.9921989440918,49.76100158691406,50.06880187988281,47.37546157836914,2576462
2014-09-12,HLT,50.84856033325195,50.9921989440918,49.76100158691406,50.06880187988281,47.37546157836914,2576462
2014-09-15,HLT,50.06880187988281,50.23295974731445,49.43267822265625,49.5147590637207,46.8512077331543,1700975
2014-09-15,HLT,50.06880187988281,50.23295974731445,49.43267822265625,49.5147590637207,46.8512077331543,1700975
2014-09-16,HLT,49.391639709472656,50.72544097900391,49.26852035522461,50.5817985534668,47.86084747314453,1901901
2014-09-16,HLT,49.391639709472656,50.72544097900391,49.26852035522461,50.5817985534668,47.86084747314453,1901901
2014-09-17,HLT,50.66387939453125,51.54624176025391,50.561279296875,51.32051849365234,48.559818267822266,2660185
2014-09-17,HLT,50.66387939453125,51.54624176025391,50.561279296875,51.32051849365234,48.559818267822266,2660185
2014-09-18,HLT,51.382080078125,51.66936111450195,50.66387939453125,50.7459602355957,48.01618576049805,1769006
2014-09-18,HLT,51.382080078125,51.66936111450195,50.66387939453125,50.7459602355957,48.01618576049805,1769006
2014-09-19,HLT,50.910118103027344,50.9921989440918,50.43815994262695,50.7869987487793,48.05501556396485,2259405
2014-09-19,HLT,50.910118103027344,50.9921989440918,50.43815994262695,50.7869987487793,48.05501556396485,2259405
2014-09-22,HLT,50.7664794921875,50.9511604309082,50.3560791015625,50.910118103027344,48.171512603759766,2198489
2014-09-22,HLT,50.7664794921875,50.9511604309082,50.3560791015625,50.910118103027344,48.171512603759766,2198489
2014-09-23,HLT,50.7459602355957,50.9511604309082,50.5817985534668,50.66387939453125,47.93851089477539,2152875
2014-09-23,HLT,50.7459602355957,50.9511604309082,50.5817985534668,50.66387939453125,47.93851089477539,2152875
2014-09-24,HLT,50.7664794921875,50.9921989440918,50.43815994262695,50.68439865112305,47.957916259765625,1537135
2014-09-24,HLT,50.7664794921875,50.9921989440918,50.43815994262695,50.68439865112305,47.957916259765625,1537135
2014-09-25,HLT,50.622840881347656,50.64336013793945,50.04827880859375,50.27399826049805,47.56961441040039,2197612
2014-09-25,HLT,50.622840881347656,50.64336013793945,50.04827880859375,50.27399826049805,47.56961441040039,2197612
2014-09-26,HLT,50.29452133178711,50.9511604309082,49.98672103881836,50.930641174316406,48.19091796875,1887086
2014-09-26,HLT,50.29452133178711,50.9511604309082,49.98672103881836,50.930641174316406,48.19091796875,1887086
2014-09-29,HLT,50.5407600402832,50.80752182006836,50.212440490722656,50.3765983581543,47.666690826416016,1417982
2014-09-29,HLT,50.5407600402832,50.80752182006836,50.212440490722656,50.3765983581543,47.666690826416016,1417982
2014-09-30,HLT,50.315040588378906,50.7664794921875,49.90464019775391,50.5407600402832,47.82201385498047,2636598
2014-09-30,HLT,50.315040588378906,50.7664794921875,49.90464019775391,50.5407600402832,47.82201385498047,2636598
2014-10-01,HLT,50.3560791015625,50.47919845581055,48.6939582824707,49.24800109863281,46.59880828857422,3817593
2014-10-01,HLT,50.3560791015625,50.47919845581055,48.6939582824707,49.24800109863281,46.59880828857422,3817593
2014-10-02,HLT,49.24800109863281,49.5147590637207,48.570838928222656,49.20695877075195,46.559967041015625,2136306
2014-10-02,HLT,49.24800109863281,49.5147590637207,48.570838928222656,49.20695877075195,46.559967041015625,2136306
2014-10-03,HLT,49.63787841796875,50.02775955200195,49.43267822265625,49.90464019775391,47.22011566162109,661209
2014-10-03,HLT,49.63787841796875,50.02775955200195,49.43267822265625,49.90464019775391,47.22011566162109,661209
2014-10-06,HLT,50.49972152709961,50.910118103027344,49.47372055053711,49.67892074584961,47.00654602050781,2113402
2014-10-06,HLT,50.49972152709961,50.910118103027344,49.47372055053711,49.67892074584961,47.00654602050781,2113402
2014-10-07,HLT,49.24800109863281,49.65840148925781,48.94020080566406,49.20695877075195,46.559967041015625,1424708
2014-10-07,HLT,49.24800109863281,49.65840148925781,48.94020080566406,49.20695877075195,46.559967041015625,1424708
2014-10-08,HLT,49.3095588684082,49.391639709472656,48.34511947631836,49.08383941650391,46.44347381591797,1802632
2014-10-08,HLT,49.3095588684082,49.391639709472656,48.34511947631836,49.08383941650391,46.44347381591797,1802632
2014-10-09,HLT,49.37112045288086,49.494239807128906,47.893680572509766,47.95523834228516,45.37557601928711,2234552
2014-10-09,HLT,49.37112045288086,49.494239807128906,47.893680572509766,47.95523834228516,45.37557601928711,2234552
2014-10-10,HLT,47.83211898803711,47.893680572509766,46.64196014404297,46.72404098510742,44.21062088012695,2639035
2014-10-10,HLT,47.83211898803711,47.893680572509766,46.64196014404297,46.72404098510742,44.21062088012695,2639035
2014-10-13,HLT,46.84716033935547,46.97027969360352,45.16452026367188,45.22608184814453,42.79322814941406,4251754
2014-10-13,HLT,46.84716033935547,46.97027969360352,45.16452026367188,45.22608184814453,42.79322814941406,4251754
2014-10-14,HLT,45.65700149536133,46.00584030151367,44.36423873901367,45.20555877685547,42.7738151550293,3008285
2014-10-14,HLT,45.65700149536133,46.00584030151367,44.36423873901367,45.20555877685547,42.7738151550293,3008285
2014-10-15,HLT,43.93331909179688,45.45180130004883,42.51744079589844,44.34371948242188,41.95833969116211,5587817
2014-10-15,HLT,43.93331909179688,45.45180130004883,42.51744079589844,44.34371948242188,41.95833969116211,5587817
2014-10-16,HLT,43.60499954223633,45.86220169067383,43.37928009033203,44.856719970703125,42.44374847412109,5365595
2014-10-16,HLT,43.60499954223633,45.86220169067383,43.37928009033203,44.856719970703125,42.44374847412109,5365595
2014-10-17,HLT,45.98532104492188,47.66796112060547,45.98532104492188,46.80612182617188,44.28827667236328,3238207
2014-10-17,HLT,45.98532104492188,47.66796112060547,45.98532104492188,46.80612182617188,44.28827667236328,3238207
2014-10-20,HLT,46.86767959594727,48.55031967163086,46.765079498291016,48.468238830566406,45.860984802246094,2321735
2014-10-20,HLT,46.86767959594727,48.55031967163086,46.765079498291016,48.468238830566406,45.860984802246094,2321735
2014-10-21,HLT,49.24800109863281,50.3355598449707,49.20695877075195,50.29452133178711,47.58902740478516,2224756
2014-10-21,HLT,49.24800109863281,50.3355598449707,49.20695877075195,50.29452133178711,47.58902740478516,2224756
2014-10-22,HLT,50.49972152709961,50.622840881347656,49.08383941650391,49.26852035522461,46.61821365356445,1728947
2014-10-22,HLT,50.49972152709961,50.622840881347656,49.08383941650391,49.26852035522461,46.61821365356445,1728947
2014-10-23,HLT,49.98672103881836,50.19192123413086,48.981239318847656,49.330078125,46.67646026611328,1345175
2014-10-23,HLT,49.98672103881836,50.19192123413086,48.981239318847656,49.330078125,46.67646026611328,1345175
2014-10-24,HLT,49.18643951416016,49.82255935668945,48.73500061035156,49.740478515625,47.06479263305664,761257
2014-10-24,HLT,49.18643951416016,49.82255935668945,48.73500061035156,49.740478515625,47.06479263305664,761257
2014-10-27,HLT,49.740478515625,49.86360168457031,48.77603912353516,49.61735916137695,46.94829177856445,925634
2014-10-27,HLT,49.740478515625,49.86360168457031,48.77603912353516,49.61735916137695,46.94829177856445,925634
2014-10-28,HLT,49.699440002441406,50.49972152709961,49.24800109863281,49.98672103881836,47.29777908325195,2384795
2014-10-28,HLT,49.699440002441406,50.49972152709961,49.24800109863281,49.98672103881836,47.29777908325195,2384795
2014-10-29,HLT,50.23295974731445,50.82804107666016,49.86360168457031,50.39712142944336,47.68611145019531,1636014
2014-10-29,HLT,50.23295974731445,50.82804107666016,49.86360168457031,50.39712142944336,47.68611145019531,1636014
2014-10-30,HLT,50.02775955200195,51.730918884277344,49.86360168457031,51.32051849365234,48.559818267822266,2099854
2014-10-30,HLT,50.02775955200195,51.730918884277344,49.86360168457031,51.32051849365234,48.559818267822266,2099854
2014-10-31,HLT,51.9771614074707,52.6338005065918,50.88959884643555,51.79248046875,49.00641632080078,3463402
2014-10-31,HLT,51.9771614074707,52.6338005065918,50.88959884643555,51.79248046875,49.00641632080078,3463402
2014-11-03,HLT,50.9921989440918,52.46963882446289,50.86907958984375,51.8129997253418,49.02582550048828,2772807
2014-11-03,HLT,50.9921989440918,52.46963882446289,50.86907958984375,51.8129997253418,49.02582550048828,2772807
2014-11-04,HLT,50.622840881347656,50.910118103027344,50.06880187988281,50.47919845581055,47.76376724243164,24618616
2014-11-04,HLT,50.622840881347656,50.910118103027344,50.06880187988281,50.47919845581055,47.76376724243164,24618616
2014-11-05,HLT,50.80752182006836,51.50519943237305,50.5817985534668,51.382080078125,48.61806869506836,7300049
2014-11-05,HLT,50.80752182006836,51.50519943237305,50.5817985534668,51.382080078125,48.61806869506836,7300049
2014-11-06,HLT,51.382080078125,51.71039962768555,51.1563606262207,51.4025993347168,48.63750457763672,3861257
2014-11-06,HLT,51.382080078125,51.71039962768555,51.1563606262207,51.4025993347168,48.63750457763672,3861257
2014-11-07,HLT,51.64884185791016,51.71039962768555,50.910118103027344,51.23844146728516,48.48217010498047,2379435
2014-11-07,HLT,51.64884185791016,51.71039962768555,50.910118103027344,51.23844146728516,48.48217010498047,2379435
2014-11-10,HLT,51.32051849365234,51.66936111450195,51.135841369628906,51.5872802734375,48.81224060058594,2507261
2014-11-10,HLT,51.32051849365234,51.66936111450195,51.135841369628906,51.5872802734375,48.81224060058594,2507261
2014-11-11,HLT,51.5667610168457,51.91559982299805,51.4025993347168,51.730918884277344,48.948150634765625,2884649
2014-11-11,HLT,51.5667610168457,51.91559982299805,51.4025993347168,51.730918884277344,48.948150634765625,2884649
2014-11-12,HLT,51.71039962768555,52.05923843383789,51.07427978515625,51.95663833618164,49.16172790527344,2179922
2014-11-12,HLT,51.71039962768555,52.05923843383789,51.07427978515625,51.95663833618164,49.16172790527344,2179922
2014-11-13,HLT,52.12080001831055,52.36703872680664,51.1768798828125,52.05923843383789,49.2588119506836,2876316
2014-11-13,HLT,52.12080001831055,52.36703872680664,51.1768798828125,52.05923843383789,49.2588119506836,2876316
2014-11-14,HLT,52.12080001831055,52.98263931274414,51.7719612121582,52.96212005615234,50.113128662109375,4424318
2014-11-14,HLT,52.12080001831055,52.98263931274414,51.7719612121582,52.96212005615234,50.113128662109375,4424318
2014-11-17,HLT,52.57223892211914,52.859519958496094,52.038719177246094,52.16183853149414,49.35589218139648,1568324
2014-11-17,HLT,52.57223892211914,52.859519958496094,52.038719177246094,52.16183853149414,49.35589218139648,1568324
2014-11-18,HLT,52.16183853149414,52.8390007019043,51.9771614074707,52.551719665527344,49.72479248046875,1838158
2014-11-18,HLT,52.16183853149414,52.8390007019043,51.9771614074707,52.551719665527344,49.72479248046875,1838158
2014-11-19,HLT,52.36703872680664,52.71588134765625,52.0181999206543,52.36703872680664,49.5500602722168,1343519
2014-11-19,HLT,52.36703872680664,52.71588134765625,52.0181999206543,52.36703872680664,49.5500602722168,1343519
2014-11-20,HLT,52.26443862915039,52.44911956787109,51.52571868896485,52.2234001159668,49.41413879394531,2426901
2014-11-20,HLT,52.26443862915039,52.44911956787109,51.52571868896485,52.2234001159668,49.41413879394531,2426901
2014-11-21,HLT,52.8390007019043,52.859519958496094,52.32600021362305,52.36703872680664,49.5500602722168,2745127
2014-11-21,HLT,52.8390007019043,52.859519958496094,52.32600021362305,52.36703872680664,49.5500602722168,2745127
2014-11-24,HLT,52.67483901977539,53.20835876464844,52.59275817871094,52.94160079956055,50.093711853027344,2041033
2014-11-24,HLT,52.67483901977539,53.20835876464844,52.59275817871094,52.94160079956055,50.093711853027344,2041033
2014-11-25,HLT,52.92108154296875,53.680320739746094,52.859519958496094,53.6598014831543,50.77327346801758,2261940
2014-11-25,HLT,52.92108154296875,53.680320739746094,52.859519958496094,53.6598014831543,50.77327346801758,2261940
2014-11-26,HLT,53.59823989868164,53.72135925292969,53.16732025146485,53.39303970336914,50.52087020874024,1306628
2014-11-26,HLT,53.59823989868164,53.72135925292969,53.16732025146485,53.39303970336914,50.52087020874024,1306628
2014-11-28,HLT,53.6598014831543,54.0702018737793,53.639278411865234,53.80344009399414,50.90918731689453,751072
2014-11-28,HLT,53.6598014831543,54.0702018737793,53.639278411865234,53.80344009399414,50.90918731689453,751072
2014-12-01,HLT,53.61875915527344,53.74187850952149,52.1823616027832,52.1823616027832,49.37530899047852,2709016
2014-12-01,HLT,53.61875915527344,53.74187850952149,52.1823616027832,52.1823616027832,49.37530899047852,2709016
2014-12-02,HLT,52.46963882446289,52.71588134765625,52.30548095703125,52.34651947021485,49.53063583374024,2625536
2014-12-02,HLT,52.46963882446289,52.71588134765625,52.30548095703125,52.34651947021485,49.53063583374024,2625536
2014-12-03,HLT,52.34651947021485,53.31095886230469,52.30548095703125,53.2288818359375,50.365535736083984,2231871
2014-12-03,HLT,52.34651947021485,53.31095886230469,52.30548095703125,53.2288818359375,50.365535736083984,2231871
2014-12-04,HLT,53.14680099487305,53.80344009399414,52.8390007019043,53.35200119018555,50.48204040527344,4503509
2014-12-04,HLT,53.14680099487305,53.80344009399414,52.8390007019043,53.35200119018555,50.48204040527344,4503509
2014-12-05,HLT,53.53667831420898,54.2959213256836,53.53667831420898,54.21384048461914,51.29751586914063,2260770
2014-12-05,HLT,53.53667831420898,54.2959213256836,53.53667831420898,54.21384048461914,51.29751586914063,2260770
2014-12-08,HLT,54.13175964355469,54.35747909545898,53.76240158081055,54.04967880249024,51.142189025878906,1060283
2014-12-08,HLT,54.13175964355469,54.35747909545898,53.76240158081055,54.04967880249024,51.142189025878906,1060283
2014-12-09,HLT,53.29043960571289,53.90604019165039,52.51068115234375,53.82395935058594,50.92859649658203,1532700
2014-12-09,HLT,53.29043960571289,53.90604019165039,52.51068115234375,53.82395935058594,50.92859649658203,1532700
2014-12-10,HLT,53.639278411865234,54.193321228027344,53.2494010925293,53.33147811889648,50.46262741088867,1456140
2014-12-10,HLT,53.639278411865234,54.193321228027344,53.2494010925293,53.33147811889648,50.46262741088867,1456140
2014-12-11,HLT,53.639278411865234,54.43955993652344,53.61875915527344,53.885520935058594,50.98685073852539,1591228
2014-12-11,HLT,53.639278411865234,54.43955993652344,53.61875915527344,53.885520935058594,50.98685073852539,1591228
2014-12-12,HLT,53.70083999633789,53.885520935058594,53.0442008972168,53.08523941040039,50.22962951660156,1711696
2014-12-12,HLT,53.70083999633789,53.885520935058594,53.0442008972168,53.08523941040039,50.22962951660156,1711696
2014-12-15,HLT,53.434078216552734,53.61875915527344,51.8335189819336,51.95663833618164,49.16172790527344,4511891
2014-12-15,HLT,53.434078216552734,53.61875915527344,51.8335189819336,51.95663833618164,49.16172790527344,4511891
2014-12-16,HLT,51.48468017578125,51.8129997253418,50.7664794921875,50.7664794921875,48.03559875488281,4312719
2014-12-16,HLT,51.48468017578125,51.8129997253418,50.7664794921875,50.7664794921875,48.03559875488281,4312719
2014-12-17,HLT,51.09479904174805,52.12080001831055,50.39712142944336,51.91559982299805,49.12290191650391,2926949
2014-12-17,HLT,51.09479904174805,52.12080001831055,50.39712142944336,51.91559982299805,49.12290191650391,2926949
2014-12-18,HLT,52.59275817871094,53.10575866699219,52.14131927490234,53.08523941040039,50.22962951660156,2347076
2014-12-18,HLT,52.59275817871094,53.10575866699219,52.14131927490234,53.08523941040039,50.22962951660156,2347076
2014-12-19,HLT,53.2288818359375,53.76240158081055,52.8184814453125,53.72135925292969,50.83152770996094,3023197
2014-12-19,HLT,53.2288818359375,53.76240158081055,52.8184814453125,53.72135925292969,50.83152770996094,3023197
2014-12-22,HLT,53.72135925292969,54.0702018737793,53.26992034912109,53.35200119018555,50.48204040527344,1819883
2014-12-22,HLT,53.72135925292969,54.0702018737793,53.26992034912109,53.35200119018555,50.48204040527344,1819883
2014-12-23,HLT,53.76240158081055,53.885520935058594,53.41355895996094,53.55720138549805,50.67619323730469,1849464
2014-12-23,HLT,53.76240158081055,53.885520935058594,53.41355895996094,53.55720138549805,50.67619323730469,1849464
2014-12-24,HLT,53.4546012878418,54.0702018737793,53.372520446777344,53.78292083740234,50.88977813720703,561891
2014-12-24,HLT,53.4546012878418,54.0702018737793,53.372520446777344,53.78292083740234,50.88977813720703,561891
2014-12-26,HLT,54.00864028930664,54.2959213256836,53.90604019165039,53.92655944824219,51.025691986083984,314571
2014-12-26,HLT,54.00864028930664,54.2959213256836,53.90604019165039,53.92655944824219,51.025691986083984,314571
2014-12-29,HLT,53.80344009399414,53.82395935058594,53.2288818359375,53.57772064208984,50.69561004638672,1188207
2014-12-29,HLT,53.80344009399414,53.82395935058594,53.2288818359375,53.57772064208984,50.69561004638672,1188207
2014-12-30,HLT,53.4546012878418,53.82395935058594,53.31095886230469,53.53667831420898,50.65678024291992,824415
2014-12-30,HLT,53.4546012878418,53.82395935058594,53.31095886230469,53.53667831420898,50.65678024291992,824415
2014-12-31,HLT,53.57772064208984,54.254878997802734,53.49563980102539,53.53667831420898,50.65678024291992,1115546
2014-12-31,HLT,53.57772064208984,54.254878997802734,53.49563980102539,53.53667831420898,50.65678024291992,1115546
2015-01-02,HLT,53.76240158081055,53.90604019165039,52.28496170043945,53.2288818359375,50.365535736083984,1791667
2015-01-02,HLT,53.76240158081055,53.90604019165039,52.28496170043945,53.2288818359375,50.365535736083984,1791667
2015-01-05,HLT,52.8390007019043,53.0442008972168,51.29999923706055,51.50519943237305,48.73458099365234,2112135
2015-01-05,HLT,52.8390007019043,53.0442008972168,51.29999923706055,51.50519943237305,48.73458099365234,2112135
2015-01-06,HLT,51.4025993347168,51.423118591308594,49.98672103881836,51.033241271972656,48.28800201416016,3422661
2015-01-06,HLT,51.4025993347168,51.423118591308594,49.98672103881836,51.033241271972656,48.28800201416016,3422661
2015-01-07,HLT,51.64884185791016,52.05923843383789,51.135841369628906,51.85403823852539,49.06465148925781,2239425
2015-01-07,HLT,51.64884185791016,52.05923843383789,51.135841369628906,51.85403823852539,49.06465148925781,2239425
2015-01-08,HLT,52.30548095703125,53.39303970336914,52.14131927490234,53.29043960571289,50.42378234863281,2098489
2015-01-08,HLT,52.30548095703125,53.39303970336914,52.14131927490234,53.29043960571289,50.42378234863281,2098489
2015-01-09,HLT,53.29043960571289,53.41355895996094,52.6338005065918,52.75691986083984,49.9189682006836,2061257
2015-01-09,HLT,53.29043960571289,53.41355895996094,52.6338005065918,52.75691986083984,49.9189682006836,2061257
2015-01-12,HLT,52.71588134765625,52.71588134765625,52.0181999206543,52.2234001159668,49.41413879394531,1670565
2015-01-12,HLT,52.71588134765625,52.71588134765625,52.0181999206543,52.2234001159668,49.41413879394531,1670565
2015-01-13,HLT,53.26992034912109,53.8650016784668,51.9976806640625,52.6338005065918,49.80247116088867,2895955
2015-01-13,HLT,53.26992034912109,53.8650016784668,51.9976806640625,52.6338005065918,49.80247116088867,2895955
2015-01-14,HLT,52.038719177246094,53.20835876464844,51.62831878662109,53.20835876464844,50.34611892700195,1962719
2015-01-14,HLT,52.038719177246094,53.20835876464844,51.62831878662109,53.20835876464844,50.34611892700195,1962719
2015-01-15,HLT,53.29043960571289,53.35200119018555,52.44911956787109,52.53120040893555,49.70539093017578,1157456
2015-01-15,HLT,53.29043960571289,53.35200119018555,52.44911956787109,52.53120040893555,49.70539093017578,1157456
2015-01-16,HLT,52.28496170043945,53.10575866699219,52.05923843383789,53.064720153808594,50.21021270751953,1285965
2015-01-16,HLT,52.28496170043945,53.10575866699219,52.05923843383789,53.064720153808594,50.21021270751953,1285965
2015-01-20,HLT,53.10575866699219,53.2288818359375,52.26443862915039,52.90055847167969,50.05487823486328,1490838
2015-01-20,HLT,53.10575866699219,53.2288818359375,52.26443862915039,52.90055847167969,50.05487823486328,1490838
2015-01-21,HLT,52.73640060424805,53.35200119018555,52.32600021362305,53.10575866699219,50.2490348815918,1183821
2015-01-21,HLT,52.73640060424805,53.35200119018555,52.32600021362305,53.10575866699219,50.2490348815918,1183821
2015-01-22,HLT,53.35200119018555,55.075679779052734,53.08523941040039,54.87047958374024,51.9188346862793,2673977
2015-01-22,HLT,53.35200119018555,55.075679779052734,53.08523941040039,54.87047958374024,51.9188346862793,2673977
2015-01-23,HLT,54.89099884033203,55.19879913330078,54.41904067993164,54.501121520996094,51.56934356689453,1493275
2015-01-23,HLT,54.89099884033203,55.19879913330078,54.41904067993164,54.501121520996094,51.56934356689453,1493275
2015-01-26,HLT,54.52164077758789,55.280879974365234,54.35747909545898,55.21931838989258,52.248905181884766,1615887
2015-01-26,HLT,54.52164077758789,55.280879974365234,54.35747909545898,55.21931838989258,52.248905181884766,1615887
2015-01-27,HLT,54.64476013183594,54.97307968139648,53.885520935058594,54.31644058227539,51.39459228515625,1399123
2015-01-27,HLT,54.64476013183594,54.97307968139648,53.885520935058594,54.31644058227539,51.39459228515625,1399123
2015-01-28,HLT,54.84996032714844,55.21931838989258,54.17279815673828,54.27539825439453,51.355770111083984,3175780
2015-01-28,HLT,54.84996032714844,55.21931838989258,54.17279815673828,54.27539825439453,51.355770111083984,3175780
2015-01-29,HLT,54.17279815673828,54.460079193115234,53.61875915527344,54.13175964355469,51.21985626220703,2703168
2015-01-29,HLT,54.17279815673828,54.460079193115234,53.61875915527344,54.13175964355469,51.21985626220703,2703168
2015-01-30,HLT,53.76240158081055,54.17279815673828,53.20835876464844,53.29043960571289,50.42378234863281,1681871
2015-01-30,HLT,53.76240158081055,54.17279815673828,53.20835876464844,53.29043960571289,50.42378234863281,1681871
2015-02-02,HLT,53.35200119018555,53.6598014831543,52.4286003112793,53.59823989868164,50.71501541137695,3069591
2015-02-02,HLT,53.35200119018555,53.6598014831543,52.4286003112793,53.59823989868164,50.71501541137695,3069591
2015-02-03,HLT,53.76240158081055,54.54216003417969,53.51615905761719,54.52164077758789,51.58874130249024,1687183
2015-02-03,HLT,53.76240158081055,54.54216003417969,53.51615905761719,54.52164077758789,51.58874130249024,1687183
2015-02-04,HLT,54.78839874267578,54.91151809692383,53.72135925292969,54.02915954589844,51.12276458740234,2346199
2015-02-04,HLT,54.78839874267578,54.91151809692383,53.72135925292969,54.02915954589844,51.12276458740234,2346199
2015-02-05,HLT,53.98812103271485,55.13724136352539,53.98812103271485,55.13724136352539,52.17124176025391,1186647
2015-02-05,HLT,53.98812103271485,55.13724136352539,53.98812103271485,55.13724136352539,52.17124176025391,1186647
2015-02-06,HLT,55.34244155883789,55.91699981689453,54.04967880249024,54.09072113037109,51.18101501464844,4544103
2015-02-06,HLT,55.34244155883789,55.91699981689453,54.04967880249024,54.09072113037109,51.18101501464844,4544103
2015-02-09,HLT,54.11124038696289,54.78839874267578,53.76240158081055,54.35747909545898,51.43342971801758,2400487
2015-02-09,HLT,54.11124038696289,54.78839874267578,53.76240158081055,54.35747909545898,51.43342971801758,2400487
2015-02-10,HLT,55.11671829223633,56.368438720703125,54.93204116821289,56.34791946411133,53.31679916381836,3182992
2015-02-10,HLT,55.11671829223633,56.368438720703125,54.93204116821289,56.34791946411133,53.31679916381836,3182992
2015-02-11,HLT,56.368438720703125,58.87187957763672,56.26583862304688,57.78432083129883,54.67592239379883,6616667
2015-02-11,HLT,56.368438720703125,58.87187957763672,56.26583862304688,57.78432083129883,54.67592239379883,6616667
2015-02-12,HLT,58.215240478515625,58.74876022338867,57.68172073364258,58.35887908935547,55.219573974609375,4064717
2015-02-12,HLT,58.215240478515625,58.74876022338867,57.68172073364258,58.35887908935547,55.219573974609375,4064717
2015-02-13,HLT,58.789798736572266,59.38488006591797,58.37939834594727,58.62564086914063,55.47198486328125,3179240
2015-02-13,HLT,58.789798736572266,59.38488006591797,58.37939834594727,58.62564086914063,55.47198486328125,3179240
2015-02-17,HLT,58.62564086914063,59.30279922485352,58.15367889404297,58.789798736572266,55.627323150634766,2797758
2015-02-17,HLT,58.62564086914063,59.30279922485352,58.15367889404297,58.789798736572266,55.627323150634766,2797758
2015-02-18,HLT,58.174198150634766,58.830841064453125,57.230281829833984,58.56407928466797,55.41374969482422,4485234
2015-02-18,HLT,58.174198150634766,58.830841064453125,57.230281829833984,58.56407928466797,55.41374969482422,4485234
2015-02-19,HLT,58.56407928466797,58.87187957763672,58.174198150634766,58.174198150634766,55.04483795166016,2530945
2015-02-19,HLT,58.56407928466797,58.87187957763672,58.174198150634766,58.174198150634766,55.04483795166016,2530945
2015-02-20,HLT,57.86640167236328,58.50252151489258,57.68172073364258,58.174198150634766,55.04483795166016,1913402
2015-02-20,HLT,57.86640167236328,58.50252151489258,57.68172073364258,58.174198150634766,55.04483795166016,1913402
2015-02-23,HLT,57.86640167236328,58.010040283203125,57.16872024536133,57.291839599609375,54.20993041992188,2179142
2015-02-23,HLT,57.86640167236328,58.010040283203125,57.16872024536133,57.291839599609375,54.20993041992188,2179142
2015-02-24,HLT,57.20975875854492,57.45600128173828,56.79935836791992,57.02508163452149,53.95753479003906,2516764
2015-02-24,HLT,57.20975875854492,57.45600128173828,56.79935836791992,57.02508163452149,53.95753479003906,2516764
2015-02-25,HLT,57.08663940429688,57.394439697265625,56.90195846557617,57.291839599609375,54.20993041992188,2689766
2015-02-25,HLT,57.08663940429688,57.394439697265625,56.90195846557617,57.291839599609375,54.20993041992188,2689766
2015-02-26,HLT,57.37392044067383,57.53807830810547,56.67623901367188,57.47652053833008,54.38469696044922,2964961
2015-02-26,HLT,57.37392044067383,57.53807830810547,56.67623901367188,57.47652053833008,54.38469696044922,2964961
2015-02-27,HLT,57.45600128173828,58.05107879638672,57.45600128173828,58.010040283203125,54.889495849609375,2306238
2015-02-27,HLT,57.45600128173828,58.05107879638672,57.45600128173828,58.010040283203125,54.889495849609375,2306238
2015-03-02,HLT,58.15367889404297,59.32331848144531,57.98952102661133,59.241241455078125,56.05447769165039,2030750
2015-03-02,HLT,58.15367889404297,59.32331848144531,57.98952102661133,59.241241455078125,56.05447769165039,2030750
2015-03-03,HLT,59.17967987060547,60.06203842163086,58.44095993041992,60.06203842163086,56.83112335205078,4133041
2015-03-03,HLT,59.17967987060547,60.06203842163086,58.44095993041992,60.06203842163086,56.83112335205078,4133041
2015-03-04,HLT,59.83631896972656,59.85683822631836,58.48199844360352,59.42591857910156,56.22922134399414,4532164
2015-03-04,HLT,59.83631896972656,59.85683822631836,58.48199844360352,59.42591857910156,56.22922134399414,4532164
2015-03-05,HLT,59.44644165039063,60.18516159057617,59.38488006591797,59.56956100463867,56.36513900756836,1934893
2015-03-05,HLT,59.44644165039063,60.18516159057617,59.38488006591797,59.56956100463867,56.36513900756836,1934893
2015-03-06,HLT,59.097599029541016,59.30279922485352,57.90744018554688,57.94847869873047,54.83125686645508,2665010
2015-03-06,HLT,59.097599029541016,59.30279922485352,57.90744018554688,57.94847869873047,54.83125686645508,2665010
2015-03-09,HLT,58.276798248291016,58.276798248291016,57.68172073364258,58.03055953979492,54.90891647338867,1806579
2015-03-09,HLT,58.276798248291016,58.276798248291016,57.68172073364258,58.03055953979492,54.90891647338867,1806579
2015-03-10,HLT,57.189239501953125,57.702239990234375,56.79935836791992,57.27132034301758,54.19053268432617,2936550
2015-03-10,HLT,57.189239501953125,57.702239990234375,56.79935836791992,57.27132034301758,54.19053268432617,2936550
2015-03-11,HLT,57.189239501953125,57.702239990234375,57.08663940429688,57.53807830810547,54.44292831420898,2876901
2015-03-11,HLT,57.189239501953125,57.702239990234375,57.08663940429688,57.53807830810547,54.44292831420898,2876901
2015-03-12,HLT,57.90744018554688,59.11811828613281,57.90744018554688,58.09212112426758,54.967166900634766,2314620
2015-03-12,HLT,57.90744018554688,59.11811828613281,57.90744018554688,58.09212112426758,54.967166900634766,2314620
2015-03-13,HLT,58.010040283203125,58.29732131958008,57.394439697265625,57.76380157470703,54.65650939941406,3998684
2015-03-13,HLT,58.010040283203125,58.29732131958008,57.394439697265625,57.76380157470703,54.65650939941406,3998684
2015-03-16,HLT,58.03055953979492,59.71319961547852,58.03055953979492,59.46696090698242,56.26805114746094,2623538
2015-03-16,HLT,58.03055953979492,59.71319961547852,58.03055953979492,59.46696090698242,56.26805114746094,2623538
2015-03-17,HLT,59.30279922485352,59.507999420166016,58.89239883422852,59.28227996826172,56.09331893920898,1725536
2015-03-17,HLT,59.30279922485352,59.507999420166016,58.89239883422852,59.28227996826172,56.09331893920898,1725536
2015-03-18,HLT,59.20019912719727,60.18516159057617,58.789798736572266,60.12360000610352,56.88937759399414,1586891
2015-03-18,HLT,59.20019912719727,60.18516159057617,58.789798736572266,60.12360000610352,56.88937759399414,1586891
2015-03-19,HLT,59.89788055419922,60.55451965332031,59.83631896972656,60.45191955566406,57.20002746582031,1693713
2015-03-19,HLT,59.89788055419922,60.55451965332031,59.83631896972656,60.45191955566406,57.20002746582031,1693713
2015-03-20,HLT,60.82128143310547,60.96492004394531,60.02099990844727,60.14411926269531,56.908782958984375,3327534
2015-03-20,HLT,60.82128143310547,60.96492004394531,60.02099990844727,60.14411926269531,56.908782958984375,3327534
2015-03-23,HLT,60.18516159057617,60.94440078735352,59.85683822631836,60.47243881225586,57.21944427490234,2032505
2015-03-23,HLT,60.18516159057617,60.94440078735352,59.85683822631836,60.47243881225586,57.21944427490234,2032505
2015-03-24,HLT,60.34931945800781,60.78023910522461,59.83631896972656,60.49296188354492,57.23886489868164,3181530
2015-03-24,HLT,60.34931945800781,60.78023910522461,59.83631896972656,60.49296188354492,57.23886489868164,3181530
2015-03-25,HLT,60.431400299072266,60.45191955566406,58.89239883422852,58.994998931884766,55.82147979736328,3669981
2015-03-25,HLT,60.431400299072266,60.45191955566406,58.89239883422852,58.994998931884766,55.82147979736328,3669981
2015-03-26,HLT,58.584598541259766,60.28776168823242,58.37939834594727,59.87736129760742,56.656375885009766,4954630
2015-03-26,HLT,58.584598541259766,60.28776168823242,58.37939834594727,59.87736129760742,56.656375885009766,4954630
2015-03-27,HLT,59.75423812866211,61.33427810668945,59.59008026123047,61.047000885009766,57.76308822631836,4743811
2015-03-27,HLT,59.75423812866211,61.33427810668945,59.59008026123047,61.047000885009766,57.76308822631836,4743811
2015-03-30,HLT,61.37532043457031,61.68312072753906,60.55451965332031,60.800758361816406,57.53009414672852,2529678
2015-03-30,HLT,61.37532043457031,61.68312072753906,60.55451965332031,60.800758361816406,57.53009414672852,2529678
2015-03-31,HLT,60.71868133544922,61.252201080322266,60.41088104248047,60.78023910522461,57.510684967041016,5110136
2015-03-31,HLT,60.71868133544922,61.252201080322266,60.41088104248047,60.78023910522461,57.510684967041016,5110136
2015-04-01,HLT,60.903358459472656,60.94440078735352,59.69268035888672,60.08256149291992,56.85054397583008,2307554
2015-04-01,HLT,60.903358459472656,60.94440078735352,59.69268035888672,60.08256149291992,56.85054397583008,2307554
2015-04-02,HLT,60.18516159057617,60.96492004394531,60.12360000610352,60.24671936035156,57.005859375,3461306
2015-04-02,HLT,60.18516159057617,60.96492004394531,60.12360000610352,60.24671936035156,57.005859375,3461306
2015-04-06,HLT,60.02099990844727,61.005958557128906,59.95943832397461,60.78023910522461,57.510684967041016,3101218
2015-04-06,HLT,60.02099990844727,61.005958557128906,59.95943832397461,60.78023910522461,57.510684967041016,3101218
2015-04-07,HLT,60.96492004394531,60.96492004394531,59.85683822631836,59.89788055419922,56.67578506469727,1719055
2015-04-07,HLT,60.96492004394531,60.96492004394531,59.85683822631836,59.89788055419922,56.67578506469727,1719055
2015-04-08,HLT,61.724159240722656,62.647560119628906,61.19063949584961,62.60652160644531,59.23873519897461,5736940
2015-04-08,HLT,61.724159240722656,62.647560119628906,61.19063949584961,62.60652160644531,59.23873519897461,5736940
2015-04-09,HLT,62.42184066772461,64.02239990234375,61.88832092285156,63.81719970703125,60.38427734375,4197953
2015-04-09,HLT,62.42184066772461,64.02239990234375,61.88832092285156,63.81719970703125,60.38427734375,4197953
2015-04-10,HLT,63.83771896362305,64.30967712402344,62.97587966918945,63.5093994140625,60.09303283691406,2825000
2015-04-10,HLT,63.83771896362305,64.30967712402344,62.97587966918945,63.5093994140625,60.09303283691406,2825000
2015-04-13,HLT,62.647560119628906,63.20159912109375,62.36027908325195,62.544960021972656,59.18048477172852,1597417
2015-04-13,HLT,62.647560119628906,63.20159912109375,62.36027908325195,62.544960021972656,59.18048477172852,1597417
2015-04-14,HLT,62.50392150878906,62.544960021972656,61.66260147094727,62.11404037475586,58.77273941040039,1335478
2015-04-14,HLT,62.50392150878906,62.544960021972656,61.66260147094727,62.11404037475586,58.77273941040039,1335478
2015-04-15,HLT,62.52444076538086,62.97587966918945,61.99092102050781,61.99092102050781,58.65624237060547,1367739
2015-04-15,HLT,62.52444076538086,62.97587966918945,61.99092102050781,61.99092102050781,58.65624237060547,1367739
2015-04-16,HLT,61.970401763916016,62.442359924316406,61.06752014160156,61.27272033691406,57.9766731262207,1969883
2015-04-16,HLT,61.970401763916016,62.442359924316406,61.06752014160156,61.27272033691406,57.9766731262207,1969883
2015-04-17,HLT,60.75971984863281,61.252201080322266,60.36983871459961,60.739200592041016,57.47185897827149,1767739
2015-04-17,HLT,60.75971984863281,61.252201080322266,60.36983871459961,60.739200592041016,57.47185897827149,1767739
2015-04-20,HLT,60.94440078735352,61.90884017944336,60.86231994628906,61.27272033691406,57.9766731262207,1898830
2015-04-20,HLT,60.94440078735352,61.90884017944336,60.86231994628906,61.27272033691406,57.9766731262207,1898830
2015-04-21,HLT,61.60103988647461,62.0524787902832,61.29323959350586,61.78572082519531,58.46209335327149,1441131
2015-04-21,HLT,61.60103988647461,62.0524787902832,61.29323959350586,61.78572082519531,58.46209335327149,1441131
2015-04-22,HLT,61.68312072753906,62.15507888793945,61.10855865478516,61.60103988647461,58.28732681274414,1569396
2015-04-22,HLT,61.68312072753906,62.15507888793945,61.10855865478516,61.60103988647461,58.28732681274414,1569396
2015-04-23,HLT,61.60103988647461,62.50392150878906,61.41635894775391,62.19612121582031,58.85040283203125,1418713
2015-04-23,HLT,61.60103988647461,62.50392150878906,61.41635894775391,62.19612121582031,58.85040283203125,1418713
2015-04-24,HLT,62.60652160644531,62.79119873046875,62.0524787902832,62.134559631347656,58.79215240478516,961014
2015-04-24,HLT,62.60652160644531,62.79119873046875,62.0524787902832,62.134559631347656,58.79215240478516,961014
2015-04-27,HLT,62.42184066772461,62.97587966918945,60.78023910522461,60.82128143310547,57.54952239990234,2141472
2015-04-27,HLT,62.42184066772461,62.97587966918945,60.78023910522461,60.82128143310547,57.54952239990234,2141472
2015-04-28,HLT,60.92388153076172,61.29323959350586,59.918399810791016,60.41088104248047,57.16119003295898,2873051
2015-04-28,HLT,60.92388153076172,61.29323959350586,59.918399810791016,60.41088104248047,57.16119003295898,2873051
2015-04-29,HLT,62.4628791809082,64.84320068359375,60.78023910522461,61.06752014160156,57.78251647949219,6059211
2015-04-29,HLT,62.4628791809082,64.84320068359375,60.78023910522461,61.06752014160156,57.78251647949219,6059211
2015-04-30,HLT,60.92388153076172,61.005958557128906,58.74876022338867,59.42591857910156,56.22922134399414,3870127
2015-04-30,HLT,60.92388153076172,61.005958557128906,58.74876022338867,59.42591857910156,56.22922134399414,3870127
2015-05-01,HLT,59.87736129760742,61.37532043457031,59.54904174804688,61.211158752441406,57.918434143066406,2465205
2015-05-01,HLT,59.87736129760742,61.37532043457031,59.54904174804688,61.211158752441406,57.918434143066406,2465205
2015-05-04,HLT,61.23168182373047,61.560001373291016,60.16463851928711,60.30828094482422,57.064109802246094,1499513
2015-05-04,HLT,61.23168182373047,61.560001373291016,60.16463851928711,60.30828094482422,57.064109802246094,1499513
2015-05-05,HLT,60.14411926269531,60.26723861694336,59.26176071166992,59.59008026123047,56.384544372558594,1408674
2015-05-05,HLT,60.14411926269531,60.26723861694336,59.26176071166992,59.59008026123047,56.384544372558594,1408674
2015-05-06,HLT,59.71319961547852,59.97996139526367,59.07707977294922,59.63111877441406,56.42338180541992,1674074
2015-05-06,HLT,59.71319961547852,59.97996139526367,59.07707977294922,59.63111877441406,56.42338180541992,1674074
2015-05-07,HLT,59.71319961547852,60.65711975097656,59.651641845703125,60.49296188354492,57.23886489868164,1530848
2015-05-07,HLT,59.71319961547852,60.65711975097656,59.651641845703125,60.49296188354492,57.23886489868164,1530848
2015-05-08,HLT,61.41635894775391,62.4833984375,61.08803939819336,61.76520156860352,58.44267272949219,2040058
2015-05-08,HLT,61.41635894775391,62.4833984375,61.08803939819336,61.76520156860352,58.44267272949219,2040058
2015-05-11,HLT,60.96492004394531,61.252201080322266,60.69815826416016,60.92388153076172,57.6465950012207,12699220
2015-05-11,HLT,60.96492004394531,61.252201080322266,60.69815826416016,60.92388153076172,57.6465950012207,12699220
2015-05-12,HLT,60.65711975097656,60.903358459472656,60.24671936035156,60.39036178588867,57.141788482666016,3094591
2015-05-12,HLT,60.65711975097656,60.903358459472656,60.24671936035156,60.39036178588867,57.141788482666016,3094591
2015-05-13,HLT,60.49296188354492,60.69815826416016,59.63111877441406,59.73371887207031,56.52045440673828,2891228
2015-05-13,HLT,60.49296188354492,60.69815826416016,59.63111877441406,59.73371887207031,56.52045440673828,2891228
2015-05-14,HLT,60.36983871459961,61.06752014160156,59.93891906738281,60.53400039672852,57.27768325805664,6242154
2015-05-14,HLT,60.36983871459961,61.06752014160156,59.93891906738281,60.53400039672852,57.27768325805664,6242154
2015-05-15,HLT,60.82128143310547,61.23168182373047,60.41088104248047,60.53400039672852,57.27768325805664,5011647
2015-05-15,HLT,60.82128143310547,61.23168182373047,60.41088104248047,60.53400039672852,57.27768325805664,5011647
2015-05-18,HLT,60.47243881225586,60.82128143310547,60.39036178588867,60.55451965332031,57.297096252441406,3451462
2015-05-18,HLT,60.47243881225586,60.82128143310547,60.39036178588867,60.55451965332031,57.297096252441406,3451462
2015-05-19,HLT,60.71868133544922,61.08803939819336,60.55451965332031,60.71868133544922,57.45245361328125,2385770
2015-05-19,HLT,60.71868133544922,61.08803939819336,60.55451965332031,60.71868133544922,57.45245361328125,2385770
2015-05-20,HLT,60.69815826416016,60.92388153076172,60.06203842163086,60.78023910522461,57.510684967041016,2086842
2015-05-20,HLT,60.69815826416016,60.92388153076172,60.06203842163086,60.78023910522461,57.510684967041016,2086842
2015-05-21,HLT,60.800758361816406,60.800758361816406,60.02099990844727,60.08256149291992,56.85054397583008,9917398
2015-05-21,HLT,60.800758361816406,60.800758361816406,60.02099990844727,60.08256149291992,56.85054397583008,9917398
2015-05-22,HLT,60.06203842163086,60.34931945800781,59.67216110229492,60.226200103759766,56.9864501953125,3617057
2015-05-22,HLT,60.06203842163086,60.34931945800781,59.67216110229492,60.226200103759766,56.9864501953125,3617057
2015-05-26,HLT,60.86231994628906,60.96492004394531,59.69268035888672,59.85683822631836,56.63694763183594,3009454
2015-05-26,HLT,60.86231994628906,60.96492004394531,59.69268035888672,59.85683822631836,56.63694763183594,3009454
2015-05-27,HLT,60.14411926269531,60.59555816650391,59.73371887207031,60.39036178588867,57.141788482666016,3195175
2015-05-27,HLT,60.14411926269531,60.59555816650391,59.73371887207031,60.39036178588867,57.141788482666016,3195175
2015-05-28,HLT,60.18516159057617,60.49296188354492,59.63111877441406,60.34931945800781,57.10295486450195,3095370
2015-05-28,HLT,60.18516159057617,60.49296188354492,59.63111877441406,60.34931945800781,57.10295486450195,3095370
2015-05-29,HLT,60.16463851928711,60.328800201416016,59.405399322509766,59.42591857910156,56.22922134399414,4467203
2015-05-29,HLT,60.16463851928711,60.328800201416016,59.405399322509766,59.42591857910156,56.22922134399414,4467203
2015-06-01,HLT,59.71319961547852,60.14411926269531,59.507999420166016,59.85683822631836,56.63694763183594,3460136
2015-06-01,HLT,59.71319961547852,60.14411926269531,59.507999420166016,59.85683822631836,56.63694763183594,3460136
2015-06-02,HLT,59.69268035888672,60.02099990844727,59.52851867675781,59.89788055419922,56.67578506469727,2869981
2015-06-02,HLT,59.69268035888672,60.02099990844727,59.52851867675781,59.89788055419922,56.67578506469727,2869981
2015-06-03,HLT,60.226200103759766,60.636600494384766,60.02099990844727,60.10308074951172,56.86994934082031,3361404
2015-06-03,HLT,60.226200103759766,60.636600494384766,60.02099990844727,60.10308074951172,56.86994934082031,3361404
2015-06-04,HLT,59.63111877441406,60.55451965332031,59.54904174804688,60.06203842163086,56.83112335205078,2536404
2015-06-04,HLT,59.63111877441406,60.55451965332031,59.54904174804688,60.06203842163086,56.83112335205078,2536404
2015-06-05,HLT,60.06203842163086,60.36983871459961,59.89788055419922,60.30828094482422,57.064109802246094,3076559
2015-06-05,HLT,60.06203842163086,60.36983871459961,59.89788055419922,60.30828094482422,57.064109802246094,3076559
2015-06-08,HLT,60.30828094482422,60.34931945800781,58.87187957763672,59.01551818847656,55.84089279174805,7089425
2015-06-08,HLT,60.30828094482422,60.34931945800781,58.87187957763672,59.01551818847656,55.84089279174805,7089425
2015-06-09,HLT,59.097599029541016,60.00048065185547,59.07707977294922,59.87736129760742,56.656375885009766,4935770
2015-06-09,HLT,59.097599029541016,60.00048065185547,59.07707977294922,59.87736129760742,56.656375885009766,4935770
2015-06-10,HLT,59.815799713134766,60.16463851928711,58.72824096679688,58.830841064453125,55.66615676879883,5560721
2015-06-10,HLT,59.815799713134766,60.16463851928711,58.72824096679688,58.830841064453125,55.66615676879883,5560721
2015-06-11,HLT,59.13864135742188,59.38488006591797,58.76927947998047,59.097599029541016,55.918556213378906,3791326
2015-06-11,HLT,59.13864135742188,59.38488006591797,58.76927947998047,59.097599029541016,55.918556213378906,3791326
2015-06-12,HLT,58.789798736572266,59.05656051635742,58.25627899169922,58.687198638916016,55.530250549316406,3875049
2015-06-12,HLT,58.789798736572266,59.05656051635742,58.25627899169922,58.687198638916016,55.530250549316406,3875049
2015-06-15,HLT,58.89239883422852,59.28227996826172,58.25627899169922,58.31784057617188,55.18074798583984,7119347
2015-06-15,HLT,58.89239883422852,59.28227996826172,58.25627899169922,58.31784057617188,55.18074798583984,7119347
2015-06-16,HLT,58.215240478515625,58.420440673828125,57.43547821044922,57.51755905151367,54.42351913452149,7338060
2015-06-16,HLT,58.215240478515625,58.420440673828125,57.43547821044922,57.51755905151367,54.42351913452149,7338060
2015-06-17,HLT,57.45600128173828,57.66120147705078,56.61468124389648,57.31235885620117,54.22935485839844,12383918
2015-06-17,HLT,57.45600128173828,57.66120147705078,56.61468124389648,57.31235885620117,54.22935485839844,12383918
2015-06-18,HLT,57.47652053833008,58.830841064453125,57.47652053833008,58.19472122192383,55.06425094604492,18487135
2015-06-18,HLT,57.47652053833008,58.830841064453125,57.47652053833008,58.19472122192383,55.06425094604492,18487135
2015-06-19,HLT,58.03055953979492,58.54356002807617,57.57912063598633,57.64067840576172,54.540000915527344,6731140
2015-06-19,HLT,58.03055953979492,58.54356002807617,57.57912063598633,57.64067840576172,54.540000915527344,6731140
2015-06-22,HLT,58.03055953979492,58.60512161254883,57.57912063598633,57.599639892578125,54.50117874145508,5411160
2015-06-22,HLT,58.03055953979492,58.60512161254883,57.57912063598633,57.599639892578125,54.50117874145508,5411160
2015-06-23,HLT,57.55860137939453,57.88692092895508,57.14820098876953,57.66120147705078,54.55942916870117,4901949
2015-06-23,HLT,57.55860137939453,57.88692092895508,57.14820098876953,57.66120147705078,54.55942916870117,4901949
2015-06-24,HLT,57.64067840576172,58.15367889404297,57.31235885620117,57.41495895385742,54.32643127441406,2976267
2015-06-24,HLT,57.64067840576172,58.15367889404297,57.31235885620117,57.41495895385742,54.32643127441406,2976267
2015-06-25,HLT,57.599639892578125,57.94847869873047,57.20975875854492,57.43547821044922,54.345848083496094,4327096
2015-06-25,HLT,57.599639892578125,57.94847869873047,57.20975875854492,57.43547821044922,54.345848083496094,4327096
2015-06-26,HLT,57.51755905151367,58.09212112426758,57.06612014770508,57.62015914916992,54.52059555053711,12658772
2015-06-26,HLT,57.51755905151367,58.09212112426758,57.06612014770508,57.62015914916992,54.52059555053711,12658772
2015-06-29,HLT,56.94300079345703,57.43547821044922,56.01959991455078,56.08116149902344,53.06439971923828,4051998
2015-06-29,HLT,56.94300079345703,57.43547821044922,56.01959991455078,56.08116149902344,53.06439971923828,4051998
2015-06-30,HLT,56.53260040283203,56.778839111328125,56.12220001220703,56.53260040283203,53.49153900146485,2729435
2015-06-30,HLT,56.53260040283203,56.778839111328125,56.12220001220703,56.53260040283203,53.49153900146485,2729435
2015-07-01,HLT,57.08663940429688,57.51755905151367,56.75831985473633,57.00455856323242,53.93811798095703,2653021
2015-07-01,HLT,57.08663940429688,57.51755905151367,56.75831985473633,57.00455856323242,53.93811798095703,2653021
2015-07-02,HLT,57.47652053833008,57.64067840576172,56.65571975708008,57.00455856323242,53.93811798095703,1649464
2015-07-02,HLT,57.47652053833008,57.64067840576172,56.65571975708008,57.00455856323242,53.93811798095703,1649464
2015-07-06,HLT,56.69675827026367,57.49703979492188,56.20428085327149,57.04560089111328,53.97695159912109,2684308
2015-07-06,HLT,56.69675827026367,57.49703979492188,56.20428085327149,57.04560089111328,53.97695159912109,2684308
2015-07-07,HLT,57.04560089111328,57.27132034301758,56.20428085327149,57.14820098876953,54.07402801513672,3029971
2015-07-07,HLT,57.04560089111328,57.27132034301758,56.20428085327149,57.14820098876953,54.07402801513672,3029971
2015-07-08,HLT,56.717281341552734,56.75831985473633,55.588680267333984,55.83491897583008,52.83138275146485,3127729
2015-07-08,HLT,56.717281341552734,56.75831985473633,55.588680267333984,55.83491897583008,52.83138275146485,3127729
2015-07-09,HLT,56.45051956176758,56.96352005004883,55.91699981689453,55.97856140136719,52.96731185913086,2805068
2015-07-09,HLT,56.45051956176758,56.96352005004883,55.91699981689453,55.97856140136719,52.96731185913086,2805068
2015-07-10,HLT,56.73780059814453,57.49703979492188,56.51208114624024,57.230281829833984,54.15169906616211,3384698
2015-07-10,HLT,56.73780059814453,57.49703979492188,56.51208114624024,57.230281829833984,54.15169906616211,3384698
2015-07-13,HLT,57.90744018554688,58.19472122192383,57.702239990234375,57.80484008789063,54.69533920288086,3257261
2015-07-13,HLT,57.90744018554688,58.19472122192383,57.702239990234375,57.80484008789063,54.69533920288086,3257261
2015-07-14,HLT,57.90744018554688,58.31784057617188,57.74327850341797,58.23575973510742,55.10308074951172,2311696
2015-07-14,HLT,57.90744018554688,58.31784057617188,57.74327850341797,58.23575973510742,55.10308074951172,2311696
2015-07-15,HLT,58.37939834594727,58.523040771484375,57.68172073364258,57.74327850341797,54.63710021972656,2591277
2015-07-15,HLT,58.37939834594727,58.523040771484375,57.68172073364258,57.74327850341797,54.63710021972656,2591277
2015-07-16,HLT,58.33835983276367,58.46147918701172,57.86640167236328,57.96900177001953,54.85068130493164,2772758
2015-07-16,HLT,58.33835983276367,58.46147918701172,57.86640167236328,57.96900177001953,54.85068130493164,2772758
2015-07-17,HLT,58.13315963745117,58.37939834594727,57.62015914916992,58.010040283203125,54.889495849609375,2515351
2015-07-17,HLT,58.13315963745117,58.37939834594727,57.62015914916992,58.010040283203125,54.889495849609375,2515351
2015-07-20,HLT,58.010040283203125,58.276798248291016,57.68172073364258,58.112640380859375,54.98658752441406,1899854
2015-07-20,HLT,58.010040283203125,58.276798248291016,57.68172073364258,58.112640380859375,54.98658752441406,1899854
2015-07-21,HLT,57.78432083129883,57.90744018554688,57.27132034301758,57.49703979492188,54.40409851074219,2794883
2015-07-21,HLT,57.78432083129883,57.90744018554688,57.27132034301758,57.49703979492188,54.40409851074219,2794883
2015-07-22,HLT,57.43547821044922,57.64067840576172,57.12768173217773,57.43547821044922,54.345848083496094,1991959
2015-07-22,HLT,57.43547821044922,57.64067840576172,57.12768173217773,57.43547821044922,54.345848083496094,1991959
2015-07-23,HLT,57.394439697265625,57.43547821044922,54.93204116821289,55.50659942626953,52.52074813842773,7144786
2015-07-23,HLT,57.394439697265625,57.43547821044922,54.93204116821289,55.50659942626953,52.52074813842773,7144786
2015-07-24,HLT,55.60919952392578,55.67076110839844,54.00864028930664,55.05516052246094,52.09357452392578,5884113
2015-07-24,HLT,55.60919952392578,55.67076110839844,54.00864028930664,55.05516052246094,52.09357452392578,5884113
2015-07-27,HLT,54.43955993652344,54.97307968139648,53.885520935058594,54.37799835205078,51.45283889770508,4668470
2015-07-27,HLT,54.43955993652344,54.97307968139648,53.885520935058594,54.37799835205078,51.45283889770508,4668470
2015-07-28,HLT,54.58319854736328,55.05516052246094,54.00864028930664,54.35747909545898,51.43342971801758,4083528
2015-07-28,HLT,54.58319854736328,55.05516052246094,54.00864028930664,54.35747909545898,51.43342971801758,4083528
2015-07-29,HLT,55.48608016967773,57.27132034301758,55.30139923095703,56.86091995239258,53.80220031738281,9417446
2015-07-29,HLT,55.48608016967773,57.27132034301758,55.30139923095703,56.86091995239258,53.80220031738281,9417446
2015-07-30,HLT,56.59415817260742,56.778839111328125,54.41904067993164,54.460079193115234,51.530517578125,7572173
2015-07-30,HLT,56.59415817260742,56.778839111328125,54.41904067993164,54.460079193115234,51.530517578125,7572173
2015-07-31,HLT,55.03464126586914,55.50659942626953,54.33695983886719,55.09619903564453,52.13240814208984,4404630
2015-07-31,HLT,55.03464126586914,55.50659942626953,54.33695983886719,55.09619903564453,52.13240814208984,4404630
2015-08-03,HLT,55.34244155883789,55.34244155883789,54.21384048461914,54.43955993652344,51.51107406616211,2408187
2015-08-03,HLT,55.34244155883789,55.34244155883789,54.21384048461914,54.43955993652344,51.51107406616211,2408187
2015-08-04,HLT,54.35747909545898,54.767879486083984,53.4546012878418,53.680320739746094,50.79269790649414,3695760
2015-08-04,HLT,54.35747909545898,54.767879486083984,53.4546012878418,53.680320739746094,50.79269790649414,3695760
2015-08-05,HLT,53.76240158081055,54.80892181396485,52.59275817871094,52.90055847167969,50.05487823486328,8778899
2015-08-05,HLT,53.76240158081055,54.80892181396485,52.59275817871094,52.90055847167969,50.05487823486328,8778899
2015-08-06,HLT,52.79795837402344,52.79795837402344,51.64884185791016,52.71588134765625,49.8801383972168,7624464
2015-08-06,HLT,52.79795837402344,52.79795837402344,51.64884185791016,52.71588134765625,49.8801383972168,7624464
2015-08-07,HLT,52.71588134765625,53.29043960571289,52.1823616027832,53.16732025146485,50.30729293823242,4402973
2015-08-07,HLT,52.71588134765625,53.29043960571289,52.1823616027832,53.16732025146485,50.30729293823242,4402973
2015-08-10,HLT,53.57772064208984,53.90604019165039,53.39303970336914,53.78292083740234,50.88977813720703,4218665
2015-08-10,HLT,53.57772064208984,53.90604019165039,53.39303970336914,53.78292083740234,50.88977813720703,4218665
2015-08-11,HLT,53.41355895996094,53.82395935058594,52.94160079956055,53.18783950805664,50.32670593261719,2923099
2015-08-11,HLT,53.41355895996094,53.82395935058594,52.94160079956055,53.18783950805664,50.32670593261719,2923099
2015-08-12,HLT,52.98263931274414,53.14680099487305,51.85403823852539,53.023681640625,50.3072395324707,3113304
2015-08-12,HLT,52.98263931274414,53.14680099487305,51.85403823852539,53.023681640625,50.3072395324707,3113304
2015-08-13,HLT,53.064720153808594,53.31095886230469,52.49016189575195,53.023681640625,50.3072395324707,2706140
2015-08-13,HLT,53.064720153808594,53.31095886230469,52.49016189575195,53.023681640625,50.3072395324707,2706140
2015-08-14,HLT,52.859519958496094,53.00315856933594,52.10028076171875,52.57223892211914,49.87892150878906,2190253
2015-08-14,HLT,52.859519958496094,53.00315856933594,52.10028076171875,52.57223892211914,49.87892150878906,2190253
2015-08-17,HLT,52.46963882446289,53.4546012878418,52.26443862915039,53.39303970336914,50.65767288208008,1915643
2015-08-17,HLT,52.46963882446289,53.4546012878418,52.26443862915039,53.39303970336914,50.65767288208008,1915643
2015-08-18,HLT,53.4751205444336,53.4751205444336,52.92108154296875,53.023681640625,50.3072395324707,1209016
2015-08-18,HLT,53.4751205444336,53.4751205444336,52.92108154296875,53.023681640625,50.3072395324707,1209016
2015-08-19,HLT,52.90055847167969,53.2494010925293,52.36703872680664,52.75691986083984,50.05414581298828,2112476
2015-08-19,HLT,52.90055847167969,53.2494010925293,52.36703872680664,52.75691986083984,50.05414581298828,2112476
2015-08-20,HLT,52.0181999206543,52.30548095703125,51.09479904174805,51.217918395996094,48.59397888183594,3251657
2015-08-20,HLT,52.0181999206543,52.30548095703125,51.09479904174805,51.217918395996094,48.59397888183594,3251657
2015-08-21,HLT,50.5817985534668,51.1563606262207,50.109840393066406,50.27399826049805,47.69843292236328,2970517
2015-08-21,HLT,50.5817985534668,51.1563606262207,50.109840393066406,50.27399826049805,47.69843292236328,2970517
2015-08-24,HLT,47.44224166870117,50.08932113647461,42.948360443115234,48.63240051269531,46.14093017578125,3293713
2015-08-24,HLT,47.44224166870117,50.08932113647461,42.948360443115234,48.63240051269531,46.14093017578125,3293713
2015-08-25,HLT,50.43815994262695,50.561279296875,48.304080963134766,48.304080963134766,45.82942199707031,5663158
2015-08-25,HLT,50.43815994262695,50.561279296875,48.304080963134766,48.304080963134766,45.82942199707031,5663158
2015-08-26,HLT,49.5147590637207,50.109840393066406,48.304080963134766,49.9251594543457,47.36745071411133,3280897
2015-08-26,HLT,49.5147590637207,50.109840393066406,48.304080963134766,49.9251594543457,47.36745071411133,3280897
2015-08-27,HLT,50.520240783691406,51.341041564941406,49.82255935668945,51.05376052856445,48.43824005126953,4370809
2015-08-27,HLT,50.520240783691406,51.341041564941406,49.82255935668945,51.05376052856445,48.43824005126953,4370809
2015-08-28,HLT,50.64336013793945,51.46416091918945,50.39712142944336,51.382080078125,48.74972534179688,2156238
2015-08-28,HLT,50.64336013793945,51.46416091918945,50.39712142944336,51.382080078125,48.74972534179688,2156238
2015-08-31,HLT,51.29999923706055,51.64884185791016,50.7459602355957,50.9511604309082,48.34089660644531,2129971
2015-08-31,HLT,51.29999923706055,51.64884185791016,50.7459602355957,50.9511604309082,48.34089660644531,2129971
2015-09-01,HLT,49.90464019775391,50.49972152709961,49.124881744384766,49.45320129394531,46.91968536376953,2140741
2015-09-01,HLT,49.90464019775391,50.49972152709961,49.124881744384766,49.45320129394531,46.91968536376953,2140741
2015-09-02,HLT,50.1303596496582,50.23295974731445,49.5352783203125,50.04827880859375,47.48427200317383,2212963
2015-09-02,HLT,50.1303596496582,50.23295974731445,49.5352783203125,50.04827880859375,47.48427200317383,2212963
2015-09-03,HLT,50.19192123413086,51.423118591308594,50.08932113647461,50.72544097900391,48.126731872558594,2826657
2015-09-03,HLT,50.19192123413086,51.423118591308594,50.08932113647461,50.72544097900391,48.126731872558594,2826657
2015-09-04,HLT,49.86360168457031,50.7664794921875,49.63787841796875,50.47919845581055,47.89311218261719,3508967
2015-09-04,HLT,49.86360168457031,50.7664794921875,49.63787841796875,50.47919845581055,47.89311218261719,3508967
2015-09-08,HLT,51.3615608215332,52.10028076171875,51.1768798828125,52.0181999206543,49.353271484375,2448148
2015-09-08,HLT,51.3615608215332,52.10028076171875,51.1768798828125,52.0181999206543,49.353271484375,2448148
2015-09-09,HLT,52.46963882446289,52.8184814453125,51.85403823852539,52.12080001831055,49.45061492919922,4203996
2015-09-09,HLT,52.46963882446289,52.8184814453125,51.85403823852539,52.12080001831055,49.45061492919922,4203996
2015-09-10,HLT,52.12080001831055,52.71588134765625,51.62831878662109,52.243919372558594,49.567420959472656,3903752
2015-09-10,HLT,52.12080001831055,52.71588134765625,51.62831878662109,52.243919372558594,49.567420959472656,3903752
2015-09-11,HLT,51.95663833618164,52.551719665527344,51.7719612121582,52.51068115234375,49.82052993774414,2344396
2015-09-11,HLT,51.95663833618164,52.551719665527344,51.7719612121582,52.51068115234375,49.82052993774414,2344396
2015-09-14,HLT,52.46963882446289,52.71588134765625,52.07976150512695,52.26443862915039,49.58688735961914,2525292
2015-09-14,HLT,52.46963882446289,52.71588134765625,52.07976150512695,52.26443862915039,49.58688735961914,2525292
2015-09-15,HLT,52.26443862915039,52.26443862915039,50.9716796875,51.32051849365234,48.69132232666016,6693957
2015-09-15,HLT,52.26443862915039,52.26443862915039,50.9716796875,51.32051849365234,48.69132232666016,6693957
2015-09-16,HLT,51.48468017578125,52.51068115234375,51.4025993347168,52.26443862915039,49.58688735961914,3557212
2015-09-16,HLT,51.48468017578125,52.51068115234375,51.4025993347168,52.26443862915039,49.58688735961914,3557212
2015-09-17,HLT,52.26443862915039,53.14680099487305,52.07976150512695,52.16183853149414,49.48954391479492,2200292
2015-09-17,HLT,52.26443862915039,53.14680099487305,52.07976150512695,52.16183853149414,49.48954391479492,2200292
2015-09-18,HLT,50.910118103027344,50.910118103027344,49.124881744384766,49.16592025756836,46.647098541259766,6746004
2015-09-18,HLT,50.910118103027344,50.910118103027344,49.124881744384766,49.16592025756836,46.647098541259766,6746004
2015-09-21,HLT,49.45320129394531,49.96620178222656,49.14540100097656,49.3095588684082,46.78339767456055,2727778
2015-09-21,HLT,49.45320129394531,49.96620178222656,49.14540100097656,49.3095588684082,46.78339767456055,2727778
2015-09-22,HLT,48.63240051269531,48.79655838012695,47.91419982910156,48.59135818481445,46.10198974609375,3014376
2015-09-22,HLT,48.63240051269531,48.79655838012695,47.91419982910156,48.59135818481445,46.10198974609375,3014376
2015-09-23,HLT,48.468238830566406,48.6939582824707,47.852638244628906,47.93471908569336,45.47898483276367,3154240
2015-09-23,HLT,48.468238830566406,48.6939582824707,47.852638244628906,47.93471908569336,45.47898483276367,3154240
2015-09-24,HLT,47.81159973144531,48.098880767822266,47.21651840209961,47.585880279541016,45.14802551269531,3421735
2015-09-24,HLT,47.81159973144531,48.098880767822266,47.21651840209961,47.585880279541016,45.14802551269531,3421735
2015-09-25,HLT,47.852638244628906,47.93471908569336,47.05236053466797,47.38068008422852,44.95333099365234,2958674
2015-09-25,HLT,47.852638244628906,47.93471908569336,47.05236053466797,47.38068008422852,44.95333099365234,2958674
2015-09-28,HLT,47.072879791259766,47.15496063232422,45.08243942260742,45.22608184814453,42.90911102294922,3792544
2015-09-28,HLT,47.072879791259766,47.15496063232422,45.08243942260742,45.22608184814453,42.90911102294922,3792544
2015-09-29,HLT,45.41075897216797,45.636478424072266,44.61048126220703,44.93880081176758,42.63655471801758,2987135
2015-09-29,HLT,45.41075897216797,45.636478424072266,44.61048126220703,44.93880081176758,42.63655471801758,2987135
2015-09-30,HLT,45.34920120239258,47.072879791259766,45.14400100708008,47.072879791259766,44.66130065917969,4732018
2015-09-30,HLT,45.34920120239258,47.072879791259766,45.14400100708008,47.072879791259766,44.66130065917969,4732018
2015-10-01,HLT,47.19599914550781,49.16592025756836,47.175479888916016,48.18096160888672,45.71261596679688,7969834
2015-10-01,HLT,47.19599914550781,49.16592025756836,47.175479888916016,48.18096160888672,45.71261596679688,7969834
2015-10-02,HLT,47.50379943847656,48.55031967163086,46.80612182617188,48.38616180419922,45.90729522705078,16812671
2015-10-02,HLT,47.50379943847656,48.55031967163086,46.80612182617188,48.38616180419922,45.90729522705078,16812671
2015-10-05,HLT,48.673439025878906,49.227481842041016,48.570838928222656,49.16592025756836,46.647098541259766,2934552
2015-10-05,HLT,48.673439025878906,49.227481842041016,48.570838928222656,49.16592025756836,46.647098541259766,2934552
2015-10-06,HLT,49.3095588684082,49.59683990478516,48.63240051269531,48.817081451416016,46.31615447998047,2053070
2015-10-06,HLT,49.3095588684082,49.59683990478516,48.63240051269531,48.817081451416016,46.31615447998047,2053070
2015-10-07,HLT,48.94020080566406,50.1303596496582,48.83760070800781,49.67892074584961,47.13382339477539,3078265
2015-10-07,HLT,48.94020080566406,50.1303596496582,48.83760070800781,49.67892074584961,47.13382339477539,3078265
2015-10-08,HLT,49.61735916137695,51.5667610168457,49.35060119628906,51.07427978515625,48.45769882202149,3393762
2015-10-08,HLT,49.61735916137695,51.5667610168457,49.35060119628906,51.07427978515625,48.45769882202149,3393762
2015-10-09,HLT,51.11531829833984,51.8335189819336,50.68439865112305,51.730918884277344,49.08070755004883,2792446
2015-10-09,HLT,51.11531829833984,51.8335189819336,50.68439865112305,51.730918884277344,49.08070755004883,2792446
2015-10-12,HLT,51.66936111450195,52.26443862915039,51.48468017578125,51.75143814086914,49.10018157958984,1810867
2015-10-12,HLT,51.66936111450195,52.26443862915039,51.48468017578125,51.75143814086914,49.10018157958984,1810867
2015-10-13,HLT,51.1563606262207,51.89508056640625,50.88959884643555,51.29999923706055,48.6718635559082,2813207
2015-10-13,HLT,51.1563606262207,51.89508056640625,50.88959884643555,51.29999923706055,48.6718635559082,2813207
2015-10-14,HLT,51.1768798828125,51.52571868896485,50.00724029541016,50.109840393066406,47.542667388916016,2675731
2015-10-14,HLT,51.1768798828125,51.52571868896485,50.00724029541016,50.109840393066406,47.542667388916016,2675731
2015-10-15,HLT,50.5407600402832,50.7869987487793,48.981239318847656,50.64336013793945,48.048866271972656,4074269
2015-10-15,HLT,50.5407600402832,50.7869987487793,48.981239318847656,50.64336013793945,48.048866271972656,4074269
2015-10-16,HLT,50.15087890625,50.520240783691406,49.24800109863281,49.699440002441406,47.15330505371094,3176949
2015-10-16,HLT,50.15087890625,50.520240783691406,49.24800109863281,49.699440002441406,47.15330505371094,3176949
2015-10-19,HLT,49.61735916137695,50.02775955200195,49.391639709472656,49.59683990478516,47.05595397949219,1995565
2015-10-19,HLT,49.61735916137695,50.02775955200195,49.391639709472656,49.59683990478516,47.05595397949219,1995565
2015-10-20,HLT,49.802040100097656,51.1563606262207,49.7199592590332,51.135841369628906,48.516109466552734,3006043
2015-10-20,HLT,49.802040100097656,51.1563606262207,49.7199592590332,51.135841369628906,48.516109466552734,3006043
2015-10-21,HLT,51.4025993347168,52.05923843383789,50.25347900390625,50.3765983581543,47.79577255249024,2132749
2015-10-21,HLT,51.4025993347168,52.05923843383789,50.25347900390625,50.3765983581543,47.79577255249024,2132749
2015-10-22,HLT,50.88959884643555,52.202880859375,50.72544097900391,51.75143814086914,49.10018157958984,3245517
2015-10-22,HLT,50.88959884643555,52.202880859375,50.72544097900391,51.75143814086914,49.10018157958984,3245517
2015-10-23,HLT,51.11531829833984,51.85403823852539,50.29452133178711,50.39712142944336,47.81523895263672,5183187
2015-10-23,HLT,51.11531829833984,51.85403823852539,50.29452133178711,50.39712142944336,47.81523895263672,5183187
2015-10-26,HLT,50.41764068603516,51.5872802734375,50.3355598449707,51.29999923706055,48.6718635559082,2367593
2015-10-26,HLT,50.41764068603516,51.5872802734375,50.3355598449707,51.29999923706055,48.6718635559082,2367593
2015-10-27,HLT,51.341041564941406,52.94160079956055,50.47919845581055,51.93611907958984,49.27538299560547,4740205
2015-10-27,HLT,51.341041564941406,52.94160079956055,50.47919845581055,51.93611907958984,49.27538299560547,4740205
2015-10-28,HLT,53.434078216552734,53.90604019165039,50.06880187988281,51.48468017578125,48.84708404541016,8571053
2015-10-28,HLT,53.434078216552734,53.90604019165039,50.06880187988281,51.48468017578125,48.84708404541016,8571053
2015-10-29,HLT,50.88959884643555,51.730918884277344,50.27399826049805,51.6077995300293,48.963905334472656,2736257
2015-10-29,HLT,50.88959884643555,51.730918884277344,50.27399826049805,51.6077995300293,48.963905334472656,2736257
2015-10-30,HLT,51.62831878662109,51.8129997253418,50.930641174316406,51.27947998046875,48.65239334106445,1805361
2015-10-30,HLT,51.62831878662109,51.8129997253418,50.930641174316406,51.27947998046875,48.65239334106445,1805361
2015-11-02,HLT,51.64884185791016,52.30548095703125,51.32051849365234,51.89508056640625,49.23645782470703,2283480
2015-11-02,HLT,51.64884185791016,52.30548095703125,51.32051849365234,51.89508056640625,49.23645782470703,2283480
2015-11-03,HLT,51.68988037109375,52.75691986083984,51.1563606262207,52.46963882446289,49.78157424926758,2887135
2015-11-03,HLT,51.68988037109375,52.75691986083984,51.1563606262207,52.46963882446289,49.78157424926758,2887135
2015-11-04,HLT,52.67483901977539,52.73640060424805,51.79248046875,52.14131927490234,49.4700813293457,2219786
2015-11-04,HLT,52.67483901977539,52.73640060424805,51.79248046875,52.14131927490234,49.4700813293457,2219786
2015-11-05,HLT,52.05923843383789,53.10575866699219,51.93611907958984,52.67483901977539,49.97626495361328,1775097
2015-11-05,HLT,52.05923843383789,53.10575866699219,51.93611907958984,52.67483901977539,49.97626495361328,1775097
2015-11-06,HLT,52.73640060424805,53.372520446777344,52.243919372558594,52.61328125,49.9178581237793,1513938
2015-11-06,HLT,52.73640060424805,53.372520446777344,52.243919372558594,52.61328125,49.9178581237793,1513938
2015-11-09,HLT,52.30548095703125,52.49016189575195,51.423118591308594,52.202880859375,49.52848434448242,1966179
2015-11-09,HLT,52.30548095703125,52.49016189575195,51.423118591308594,52.202880859375,49.52848434448242,1966179
2015-11-10,HLT,52.16183853149414,52.79795837402344,51.9771614074707,52.73640060424805,50.0346794128418,1924220
2015-11-10,HLT,52.16183853149414,52.79795837402344,51.9771614074707,52.73640060424805,50.0346794128418,1924220
2015-11-11,HLT,53.00315856933594,53.14680099487305,52.46963882446289,52.53120040893555,49.839988708496094,1589133
2015-11-11,HLT,53.00315856933594,53.14680099487305,52.46963882446289,52.53120040893555,49.839988708496094,1589133
2015-11-12,HLT,51.9976806640625,52.05923843383789,51.32051849365234,51.54624176025391,48.90549087524414,2146053
2015-11-12,HLT,51.9976806640625,52.05923843383789,51.32051849365234,51.54624176025391,48.90549087524414,2146053
2015-11-13,HLT,51.32051849365234,51.443641662597656,49.9251594543457,50.109840393066406,47.542667388916016,2519883
2015-11-13,HLT,51.32051849365234,51.443641662597656,49.9251594543457,50.109840393066406,47.542667388916016,2519883
2015-11-16,HLT,49.65840148925781,49.699440002441406,47.585880279541016,48.919681549072266,46.41349029541016,10488986
2015-11-16,HLT,49.65840148925781,49.699440002441406,47.585880279541016,48.919681549072266,46.41349029541016,10488986
2015-11-17,HLT,49.289039611816406,49.37112045288086,47.278079986572266,47.50379943847656,45.07015228271485,6608138
2015-11-17,HLT,49.289039611816406,49.37112045288086,47.278079986572266,47.50379943847656,45.07015228271485,6608138
2015-11-18,HLT,47.60639953613281,48.13991928100586,47.072879791259766,48.03731918334961,45.57632446289063,5659016
2015-11-18,HLT,47.60639953613281,48.13991928100586,47.072879791259766,48.03731918334961,45.57632446289063,5659016
2015-11-19,HLT,48.22200012207031,48.50928115844727,47.79108047485352,48.22200012207031,45.75154113769531,2292593
2015-11-19,HLT,48.22200012207031,48.50928115844727,47.79108047485352,48.22200012207031,45.75154113769531,2292593
2015-11-20,HLT,48.79655838012695,49.14540100097656,47.91419982910156,48.26303863525391,45.790489196777344,2115984
2015-11-20,HLT,48.79655838012695,49.14540100097656,47.91419982910156,48.26303863525391,45.790489196777344,2115984
2015-11-23,HLT,48.32460021972656,49.37112045288086,48.32460021972656,48.50928115844727,46.024112701416016,1807407
2015-11-23,HLT,48.32460021972656,49.37112045288086,48.32460021972656,48.50928115844727,46.024112701416016,1807407
2015-11-24,HLT,47.40119934082031,48.22200012207031,47.278079986572266,48.11940002441406,45.789794921875,2924805
2015-11-24,HLT,47.40119934082031,48.22200012207031,47.278079986572266,48.11940002441406,45.789794921875,2924805
2015-11-25,HLT,48.18096160888672,48.52980041503906,47.68848037719727,47.893680572509766,45.57500076293945,2450634
2015-11-25,HLT,48.18096160888672,48.52980041503906,47.68848037719727,47.893680572509766,45.57500076293945,2450634
2015-11-27,HLT,47.72951889038086,47.996280670166016,47.60639953613281,47.81159973144531,45.49689102172852,906628
2015-11-27,HLT,47.72951889038086,47.996280670166016,47.60639953613281,47.81159973144531,45.49689102172852,906628
2015-11-30,HLT,47.79108047485352,47.93471908569336,47.03184127807617,47.64744186401367,45.34068298339844,2455263
2015-11-30,HLT,47.79108047485352,47.93471908569336,47.03184127807617,47.64744186401367,45.34068298339844,2455263
2015-12-01,HLT,48.01679992675781,48.468238830566406,47.60639953613281,48.406681060791016,46.063175201416016,1907310
2015-12-01,HLT,48.01679992675781,48.468238830566406,47.60639953613281,48.406681060791016,46.063175201416016,1907310
2015-12-02,HLT,48.304080963134766,48.36563873291016,47.483280181884766,47.79108047485352,45.47736740112305,2069250
2015-12-02,HLT,48.304080963134766,48.36563873291016,47.483280181884766,47.79108047485352,45.47736740112305,2069250
2015-12-03,HLT,48.77603912353516,48.8991584777832,46.252079010009766,46.86767959594727,44.59867858886719,2999074
2015-12-03,HLT,48.77603912353516,48.8991584777832,46.252079010009766,46.86767959594727,44.59867858886719,2999074
2015-12-04,HLT,47.11391830444336,47.62691879272461,46.84716033935547,47.29859924316406,45.00873565673828,2127388
2015-12-04,HLT,47.11391830444336,47.62691879272461,46.84716033935547,47.29859924316406,45.00873565673828,2127388
2015-12-07,HLT,47.33964157104492,47.50379943847656,45.96480178833008,46.51884078979492,44.2667236328125,2941520
2015-12-07,HLT,47.33964157104492,47.50379943847656,45.96480178833008,46.51884078979492,44.2667236328125,2941520
2015-12-08,HLT,45.51335906982422,46.41624069213867,45.39023971557617,46.21104049682617,43.97382736206055,1987232
2015-12-08,HLT,45.51335906982422,46.41624069213867,45.39023971557617,46.21104049682617,43.97382736206055,1987232
2015-12-09,HLT,46.06740188598633,46.765079498291016,44.61048126220703,44.61048126220703,42.45075225830078,5317057
2015-12-09,HLT,46.06740188598633,46.765079498291016,44.61048126220703,44.61048126220703,42.45075225830078,5317057
2015-12-10,HLT,44.856719970703125,45.57492065429688,44.67203903198242,45.32867813110352,43.13418197631836,3769444
2015-12-10,HLT,44.856719970703125,45.57492065429688,44.67203903198242,45.32867813110352,43.13418197631836,3769444
2015-12-11,HLT,44.67203903198242,44.91828155517578,44.11800003051758,44.73360061645508,42.56791687011719,3626218
2015-12-11,HLT,44.67203903198242,44.91828155517578,44.11800003051758,44.73360061645508,42.56791687011719,3626218
2015-12-14,HLT,44.40528106689453,44.89775848388672,42.907318115234375,43.66656112670898,41.55253601074219,5520322
2015-12-14,HLT,44.40528106689453,44.89775848388672,42.907318115234375,43.66656112670898,41.55253601074219,5520322
2015-12-15,HLT,44.15903854370117,44.58995819091797,43.70759963989258,43.78968048095703,41.66969680786133,3442495
2015-12-15,HLT,44.15903854370117,44.58995819091797,43.70759963989258,43.78968048095703,41.66969680786133,3442495
2015-12-16,HLT,44.20008087158203,48.65291976928711,44.01539993286133,46.06740188598633,43.83713912963867,9301706
2015-12-16,HLT,44.20008087158203,48.65291976928711,44.01539993286133,46.06740188598633,43.83713912963867,9301706
2015-12-17,HLT,46.92924118041992,46.94976043701172,45.34920120239258,45.39023971557617,43.192752838134766,3477973
2015-12-17,HLT,46.92924118041992,46.94976043701172,45.34920120239258,45.39023971557617,43.192752838134766,3477973
2015-12-18,HLT,45.18503952026367,45.90324020385742,43.87176132202149,44.035919189453125,41.90400314331055,3741277
2015-12-18,HLT,45.18503952026367,45.90324020385742,43.87176132202149,44.035919189453125,41.90400314331055,3741277
2015-12-21,HLT,44.17956161499024,44.40528106689453,43.54344177246094,43.85123825073242,41.72826385498047,4114181
2015-12-21,HLT,44.17956161499024,44.40528106689453,43.54344177246094,43.85123825073242,41.72826385498047,4114181
2015-12-22,HLT,43.81019973754883,45.12348175048828,43.66656112670898,44.65151977539063,42.48981094360352,4923782
2015-12-22,HLT,43.81019973754883,45.12348175048828,43.66656112670898,44.65151977539063,42.48981094360352,4923782
2015-12-23,HLT,44.67203903198242,45.39023971557617,44.035919189453125,45.22608184814453,43.03654861450195,3595175
2015-12-23,HLT,44.67203903198242,45.39023971557617,44.035919189453125,45.22608184814453,43.03654861450195,3595175
2015-12-24,HLT,45.18503952026367,45.39023971557617,44.75411987304688,44.87723922729492,42.70459747314453,717349
2015-12-24,HLT,45.18503952026367,45.39023971557617,44.75411987304688,44.87723922729492,42.70459747314453,717349
2015-12-28,HLT,44.79515838623047,45.08243942260742,44.22060012817383,44.69255828857422,42.52885818481445,1498684
2015-12-28,HLT,44.79515838623047,45.08243942260742,44.22060012817383,44.69255828857422,42.52885818481445,1498684
2015-12-29,HLT,44.959320068359375,45.10295867919922,44.34371948242188,44.71308135986328,42.548377990722656,1268665
2015-12-29,HLT,44.959320068359375,45.10295867919922,44.34371948242188,44.71308135986328,42.548377990722656,1268665
2015-12-30,HLT,44.46683883666992,44.89775848388672,44.26163864135742,44.32320022583008,42.177371978759766,1604337
2015-12-30,HLT,44.46683883666992,44.89775848388672,44.26163864135742,44.32320022583008,42.177371978759766,1604337
2015-12-31,HLT,44.28216171264648,44.83620071411133,43.91279983520508,43.91279983520508,41.78684616088867,1688060
2015-12-31,HLT,44.28216171264648,44.83620071411133,43.91279983520508,43.91279983520508,41.78684616088867,1688060
2016-01-04,HLT,43.50239944458008,43.64604187011719,42.37379837036133,43.27667999267578,41.1815185546875,3512135
2016-01-04,HLT,43.50239944458008,43.64604187011719,42.37379837036133,43.27667999267578,41.1815185546875,3512135
2016-01-05,HLT,43.29719924926758,43.81019973754883,42.92784118652344,43.29719924926758,41.201053619384766,2215351
2016-01-05,HLT,43.29719924926758,43.81019973754883,42.92784118652344,43.29719924926758,41.201053619384766,2215351
2016-01-06,HLT,42.53796005249024,42.66107940673828,40.7116813659668,41.040000915527344,39.053131103515625,6963304
2016-01-06,HLT,42.53796005249024,42.66107940673828,40.7116813659668,41.040000915527344,39.053131103515625,6963304
2016-01-07,HLT,40.26023864746094,40.69115829467773,39.2752799987793,39.5009994506836,37.588626861572266,13039474
2016-01-07,HLT,40.26023864746094,40.69115829467773,39.2752799987793,39.5009994506836,37.588626861572266,13039474
2016-01-08,HLT,39.97296142578125,40.62960052490234,39.2547607421875,39.29579925537109,37.393367767333984,3435916
2016-01-08,HLT,39.97296142578125,40.62960052490234,39.2547607421875,39.29579925537109,37.393367767333984,3435916
2016-01-11,HLT,39.52151870727539,40.3012809753418,38.98799896240234,39.4804801940918,37.569114685058594,4270858
2016-01-11,HLT,39.52151870727539,40.3012809753418,38.98799896240234,39.4804801940918,37.569114685058594,4270858
2016-01-12,HLT,39.870361328125,40.36283874511719,39.4394416809082,40.13711929321289,38.19396209716797,3502242
2016-01-12,HLT,39.870361328125,40.36283874511719,39.4394416809082,40.13711929321289,38.19396209716797,3502242
2016-01-13,HLT,39.99348068237305,40.19868087768555,37.94147872924805,38.0440788269043,36.20225143432617,5022417
2016-01-13,HLT,39.99348068237305,40.19868087768555,37.94147872924805,38.0440788269043,36.20225143432617,5022417
2016-01-14,HLT,37.12068176269531,37.818359375,36.135719299316406,37.75680160522461,35.92887878417969,5821296
2016-01-14,HLT,37.12068176269531,37.818359375,36.135719299316406,37.75680160522461,35.92887878417969,5821296
2016-01-15,HLT,36.546119689941406,36.73080062866211,35.54064178466797,36.42300033569336,34.65964889526367,5868129
2016-01-15,HLT,36.546119689941406,36.73080062866211,35.54064178466797,36.42300033569336,34.65964889526367,5868129
2016-01-19,HLT,36.7718391418457,36.91548156738281,34.76087951660156,35.520118713378906,33.80048751831055,3537671
2016-01-19,HLT,36.7718391418457,36.91548156738281,34.76087951660156,35.520118713378906,33.80048751831055,3537671
2016-01-20,HLT,34.92504119873047,37.03860092163086,33.16032028198242,36.40248107910156,34.64012908935547,8575390
2016-01-20,HLT,34.92504119873047,37.03860092163086,33.16032028198242,36.40248107910156,34.64012908935547,8575390
2016-01-21,HLT,36.381961822509766,38.2492790222168,36.340919494628906,37.67472076416016,35.85078048706055,7649805
2016-01-21,HLT,36.381961822509766,38.2492790222168,36.340919494628906,37.67472076416016,35.85078048706055,7649805
2016-01-22,HLT,38.290321350097656,38.72124099731445,36.93600082397461,37.49003982543945,35.6750373840332,4069152
2016-01-22,HLT,38.290321350097656,38.72124099731445,36.93600082397461,37.49003982543945,35.6750373840332,4069152
2016-01-25,HLT,37.469520568847656,37.71575927734375,35.47908020019531,35.7458381652832,34.01526641845703,4192008
2016-01-25,HLT,37.469520568847656,37.71575927734375,35.47908020019531,35.7458381652832,34.01526641845703,4192008
2016-01-26,HLT,36.09468078613281,38.0235595703125,35.86896133422852,37.94147872924805,36.1046142578125,4570614
2016-01-26,HLT,36.09468078613281,38.0235595703125,35.86896133422852,37.94147872924805,36.1046142578125,4570614
2016-01-27,HLT,37.6131591796875,37.96200180053711,36.52560043334961,36.7718391418457,34.99160385131836,3543177
2016-01-27,HLT,37.6131591796875,37.96200180053711,36.52560043334961,36.7718391418457,34.99160385131836,3543177
2016-01-28,HLT,37.26432037353516,37.28483963012695,35.13024139404297,35.253360748291016,33.54664993286133,4624415
2016-01-28,HLT,37.26432037353516,37.28483963012695,35.13024139404297,35.253360748291016,33.54664993286133,4624415
2016-01-29,HLT,35.43804168701172,36.546119689941406,35.23284149169922,36.546119689941406,34.77680969238281,4175292
2016-01-29,HLT,35.43804168701172,36.546119689941406,35.23284149169922,36.546119689941406,34.77680969238281,4175292
2016-02-01,HLT,36.46403884887695,37.059120178222656,35.9510383605957,36.85391998291016,35.06972122192383,2887232
2016-02-01,HLT,36.46403884887695,37.059120178222656,35.9510383605957,36.85391998291016,35.06972122192383,2887232
2016-02-02,HLT,36.27936172485352,36.27936172485352,35.06867980957031,35.45856094360352,33.74189758300781,3482310
2016-02-02,HLT,36.27936172485352,36.27936172485352,35.06867980957031,35.45856094360352,33.74189758300781,3482310
2016-02-03,HLT,35.68428039550781,35.930519104003906,34.04267883300781,35.725318908691406,33.995758056640625,3050975
2016-02-03,HLT,35.68428039550781,35.930519104003906,34.04267883300781,35.725318908691406,33.995758056640625,3050975
2016-02-04,HLT,35.37648010253906,37.24380111694336,35.29439926147461,37.12068176269531,35.32355880737305,3505750
2016-02-04,HLT,35.37648010253906,37.24380111694336,35.29439926147461,37.12068176269531,35.32355880737305,3505750
2016-02-05,HLT,36.99755859375,37.161720275878906,35.80739974975586,36.11520004272461,34.36675262451172,3374805
2016-02-05,HLT,36.99755859375,37.161720275878906,35.80739974975586,36.11520004272461,34.36675262451172,3374805
2016-02-08,HLT,35.70479965209961,36.17676162719727,35.04816055297852,35.86896133422852,34.13243103027344,5068324
2016-02-08,HLT,35.70479965209961,36.17676162719727,35.04816055297852,35.86896133422852,34.13243103027344,5068324
2016-02-09,HLT,35.70479965209961,37.407958984375,35.33544158935547,36.19728088378906,34.444862365722656,3629191
2016-02-09,HLT,35.70479965209961,37.407958984375,35.33544158935547,36.19728088378906,34.444862365722656,3629191
2016-02-10,HLT,36.381961822509766,37.65420150756836,36.3614387512207,37.10015869140625,35.30401992797852,3420322
2016-02-10,HLT,36.381961822509766,37.65420150756836,36.3614387512207,37.10015869140625,35.30401992797852,3420322
2016-02-11,HLT,36.27936172485352,36.89495849609375,35.971561431884766,36.62820053100586,34.854915618896484,5605799
2016-02-11,HLT,36.27936172485352,36.89495849609375,35.971561431884766,36.62820053100586,34.854915618896484,5605799
2016-02-12,HLT,37.14120101928711,38.2492790222168,36.93600082397461,38.0440788269043,36.20225143432617,4209893
2016-02-12,HLT,37.14120101928711,38.2492790222168,36.93600082397461,38.0440788269043,36.20225143432617,4209893
2016-02-16,HLT,38.6596794128418,39.2342414855957,37.879920959472656,38.96747970581055,37.08094787597656,3867398
2016-02-16,HLT,38.6596794128418,39.2342414855957,37.879920959472656,38.96747970581055,37.08094787597656,3867398
2016-02-17,HLT,39.19319915771485,40.60908126831055,39.19319915771485,40.42440032958984,38.46733474731445,4682310
2016-02-17,HLT,39.19319915771485,40.60908126831055,39.19319915771485,40.42440032958984,38.46733474731445,4682310
2016-02-18,HLT,40.28076171875,40.97843933105469,39.0700798034668,40.23971939086914,38.29158782958984,4251657
2016-02-18,HLT,40.28076171875,40.97843933105469,39.0700798034668,40.23971939086914,38.29158782958984,4251657
2016-02-19,HLT,40.03451919555664,40.93740081787109,39.17267990112305,40.793758392333984,38.81881332397461,5255507
2016-02-19,HLT,40.03451919555664,40.93740081787109,39.17267990112305,40.793758392333984,38.81881332397461,5255507
2016-02-22,HLT,41.36832046508789,42.04547882080078,40.11660003662109,40.83480072021485,38.85786819458008,3418470
2016-02-22,HLT,41.36832046508789,42.04547882080078,40.11660003662109,40.83480072021485,38.85786819458008,3418470
2016-02-23,HLT,40.732200622558594,41.67612075805664,40.58855819702149,40.793758392333984,38.81881332397461,2867300
2016-02-23,HLT,40.732200622558594,41.67612075805664,40.58855819702149,40.793758392333984,38.81881332397461,2867300
2016-02-24,HLT,40.42440032958984,40.9168815612793,39.4599609375,40.81428146362305,38.838340759277344,3419055
2016-02-24,HLT,40.42440032958984,40.9168815612793,39.4599609375,40.81428146362305,38.838340759277344,3419055
2016-02-25,HLT,40.89635848999024,41.614559173583984,40.36283874511719,41.45040130615234,39.44366836547852,2662622
2016-02-25,HLT,40.89635848999024,41.614559173583984,40.36283874511719,41.45040130615234,39.44366836547852,2662622
2016-02-26,HLT,43.60499954223633,43.99488067626953,41.553001403808594,42.47639846801758,40.41998672485352,6245224
2016-02-26,HLT,43.60499954223633,43.99488067626953,41.553001403808594,42.47639846801758,40.41998672485352,6245224
2016-02-29,HLT,42.47639846801758,42.70212173461914,41.347801208496094,42.64056015014648,40.57619857788086,5197222
2016-02-29,HLT,42.47639846801758,42.70212173461914,41.347801208496094,42.64056015014648,40.57619857788086,5197222
2016-03-01,HLT,43.05096054077149,43.39979934692383,42.33275985717773,42.98939895629883,40.90815353393555,2996735
2016-03-01,HLT,43.05096054077149,43.39979934692383,42.33275985717773,42.98939895629883,40.90815353393555,2996735
2016-03-02,HLT,43.00991821289063,43.91279983520508,42.98939895629883,43.89228057861328,41.7673225402832,3146637
2016-03-02,HLT,43.00991821289063,43.91279983520508,42.98939895629883,43.89228057861328,41.7673225402832,3146637
2016-03-03,HLT,43.81019973754883,44.446319580078125,43.58448028564453,44.30268096923828,42.15786743164063,2253216
2016-03-03,HLT,43.81019973754883,44.446319580078125,43.58448028564453,44.30268096923828,42.15786743164063,2253216
2016-03-04,HLT,44.48735809326172,44.93880081176758,44.05643844604492,44.91828155517578,42.74365615844727,2764181
2016-03-04,HLT,44.48735809326172,44.93880081176758,44.05643844604492,44.91828155517578,42.74365615844727,2764181
2016-03-07,HLT,44.69255828857422,45.02088165283203,44.138519287109375,44.241119384765625,42.09926986694336,2571881
2016-03-07,HLT,44.69255828857422,45.02088165283203,44.138519287109375,44.241119384765625,42.09926986694336,2571881
2016-03-08,HLT,43.87176132202149,43.97436141967773,42.92784118652344,42.96887969970703,40.888633728027344,2872076
2016-03-08,HLT,43.87176132202149,43.97436141967773,42.92784118652344,42.96887969970703,40.888633728027344,2872076
2016-03-09,HLT,43.215118408203125,43.317718505859375,42.10704040527344,42.62004089355469,40.556671142578125,2338548
2016-03-09,HLT,43.215118408203125,43.317718505859375,42.10704040527344,42.62004089355469,40.556671142578125,2338548
2016-03-10,HLT,42.907318115234375,43.00991821289063,41.26572036743164,42.08652114868164,40.04898834228516,2573977
2016-03-10,HLT,42.907318115234375,43.00991821289063,41.26572036743164,42.08652114868164,40.04898834228516,2573977
2016-03-11,HLT,42.66107940673828,43.625518798828125,41.94287872314453,43.625518798828125,41.51346969604492,2795517
2016-03-11,HLT,42.66107940673828,43.625518798828125,41.94287872314453,43.625518798828125,41.51346969604492,2795517
2016-03-14,HLT,44.40528106689453,44.58995819091797,43.66656112670898,43.728118896484375,41.61111068725586,4016472
2016-03-14,HLT,44.40528106689453,44.58995819091797,43.66656112670898,43.728118896484375,41.61111068725586,4016472
2016-03-15,HLT,43.39979934692383,43.563961029052734,42.92784118652344,43.33824157714844,41.24009323120117,2036404
2016-03-15,HLT,43.39979934692383,43.563961029052734,42.92784118652344,43.33824157714844,41.24009323120117,2036404
2016-03-16,HLT,43.05096054077149,43.70759963989258,42.80472183227539,43.563961029052734,41.59274291992188,3070029
2016-03-16,HLT,43.05096054077149,43.70759963989258,42.80472183227539,43.563961029052734,41.59274291992188,3070029
2016-03-17,HLT,43.37928009033203,43.64604187011719,42.57899856567383,43.58448028564453,41.61233901977539,2348051
2016-03-17,HLT,43.37928009033203,43.64604187011719,42.57899856567383,43.58448028564453,41.61233901977539,2348051
2016-03-18,HLT,43.87176132202149,45.39023971557617,43.87176132202149,45.16452026367188,43.12088394165039,4138548
2016-03-18,HLT,43.87176132202149,45.39023971557617,43.87176132202149,45.16452026367188,43.12088394165039,4138548
2016-03-21,HLT,45.39023971557617,46.37519836425781,45.267120361328125,45.98532104492188,43.904541015625,4822466
2016-03-21,HLT,45.39023971557617,46.37519836425781,45.267120361328125,45.98532104492188,43.904541015625,4822466
2016-03-22,HLT,45.39023971557617,45.90324020385742,45.08243942260742,45.71855926513672,43.649864196777344,4440984
2016-03-22,HLT,45.39023971557617,45.90324020385742,45.08243942260742,45.71855926513672,43.649864196777344,4440984
2016-03-23,HLT,45.69804000854492,45.82115936279297,44.75411987304688,45.02088165283203,42.98375701904297,2723441
2016-03-23,HLT,45.69804000854492,45.82115936279297,44.75411987304688,45.02088165283203,42.98375701904297,2723441
2016-03-24,HLT,44.81568145751953,45.28763961791992,44.42580032348633,45.28763961791992,43.23844909667969,3913109
2016-03-24,HLT,44.81568145751953,45.28763961791992,44.42580032348633,45.28763961791992,43.23844909667969,3913109
2016-03-28,HLT,45.57492065429688,46.087921142578125,44.56943893432617,45.71855926513672,43.649864196777344,3011452
2016-03-28,HLT,45.57492065429688,46.087921142578125,44.56943893432617,45.71855926513672,43.649864196777344,3011452
2016-03-29,HLT,45.73907852172852,46.16999816894531,45.369720458984375,46.087921142578125,44.00250625610352,3021004
2016-03-29,HLT,45.73907852172852,46.16999816894531,45.369720458984375,46.087921142578125,44.00250625610352,3021004
2016-03-30,HLT,46.457279205322266,46.74456024169922,45.92375946044922,46.64196014404297,44.5314826965332,3100049
2016-03-30,HLT,46.457279205322266,46.74456024169922,45.92375946044922,46.64196014404297,44.5314826965332,3100049
2016-03-31,HLT,46.662479400634766,46.97027969360352,46.12895965576172,46.21104049682617,44.12004852294922,1922125
2016-03-31,HLT,46.662479400634766,46.97027969360352,46.12895965576172,46.21104049682617,44.12004852294922,1922125
2016-04-01,HLT,45.267120361328125,45.45180130004883,44.076961517333984,45.16452026367188,43.12088394165039,7315205
2016-04-01,HLT,45.267120361328125,45.45180130004883,44.076961517333984,45.16452026367188,43.12088394165039,7315205
2016-04-04,HLT,45.22608184814453,45.780120849609375,44.83620071411133,45.533878326416016,43.47352981567383,2209454
2016-04-04,HLT,45.22608184814453,45.780120849609375,44.83620071411133,45.533878326416016,43.47352981567383,2209454
2016-04-05,HLT,45.08243942260742,45.14400100708008,44.48735809326172,44.81568145751953,42.78783416748047,3276657
2016-04-05,HLT,45.08243942260742,45.14400100708008,44.48735809326172,44.81568145751953,42.78783416748047,3276657
2016-04-06,HLT,44.75411987304688,45.677520751953125,44.384761810302734,45.65700149536133,43.59109115600586,3131433
2016-04-06,HLT,44.75411987304688,45.677520751953125,44.384761810302734,45.65700149536133,43.59109115600586,3131433
2016-04-07,HLT,45.24660110473633,45.533878326416016,44.959320068359375,45.34920120239258,43.29721450805664,3204532
2016-04-07,HLT,45.24660110473633,45.533878326416016,44.959320068359375,45.34920120239258,43.29721450805664,3204532
2016-04-08,HLT,45.882720947265625,46.41624069213867,45.57492065429688,45.75960159301758,43.68904113769531,2762963
2016-04-08,HLT,45.882720947265625,46.41624069213867,45.57492065429688,45.75960159301758,43.68904113769531,2762963
2016-04-11,HLT,46.02635955810547,46.55987930297852,45.73907852172852,45.75960159301758,43.68904113769531,2507505
2016-04-11,HLT,46.02635955810547,46.55987930297852,45.73907852172852,45.75960159301758,43.68904113769531,2507505
2016-04-12,HLT,46.37519836425781,46.90871810913086,45.944278717041016,46.087921142578125,44.00250625610352,4462037
2016-04-12,HLT,46.37519836425781,46.90871810913086,45.944278717041016,46.087921142578125,44.00250625610352,4462037
2016-04-13,HLT,46.23155975341797,46.82664108276367,46.00584030151367,46.78559875488281,44.66861724853516,2841910
2016-04-13,HLT,46.23155975341797,46.82664108276367,46.00584030151367,46.78559875488281,44.66861724853516,2841910
2016-04-14,HLT,46.92924118041992,47.21651840209961,46.58039855957031,46.600921630859375,44.4922981262207,2260234
2016-04-14,HLT,46.92924118041992,47.21651840209961,46.58039855957031,46.600921630859375,44.4922981262207,2260234
2016-04-15,HLT,46.41624069213867,46.68299865722656,45.71855926513672,46.14947891235352,44.061279296875,2432700
2016-04-15,HLT,46.41624069213867,46.68299865722656,45.71855926513672,46.14947891235352,44.061279296875,2432700
2016-04-18,HLT,46.12895965576172,46.23155975341797,45.41075897216797,45.61595916748047,43.55188751220703,3384211
2016-04-18,HLT,46.12895965576172,46.23155975341797,45.41075897216797,45.61595916748047,43.55188751220703,3384211
2016-04-19,HLT,45.65700149536133,46.06740188598633,45.30815887451172,45.780120849609375,43.708641052246094,2436550
2016-04-19,HLT,45.65700149536133,46.06740188598633,45.30815887451172,45.780120849609375,43.708641052246094,2436550
2016-04-20,HLT,45.944278717041016,45.96480178833008,44.97983932495117,44.97983932495117,42.94456481933594,5996491
2016-04-20,HLT,45.944278717041016,45.96480178833008,44.97983932495117,44.97983932495117,42.94456481933594,5996491
2016-04-21,HLT,45.18503952026367,46.16999816894531,45.18503952026367,45.39023971557617,43.33639907836914,4251901
2016-04-21,HLT,45.18503952026367,46.16999816894531,45.18503952026367,45.39023971557617,43.33639907836914,4251901
2016-04-22,HLT,45.24660110473633,45.636478424072266,44.11800003051758,44.42580032348633,42.41559982299805,4794006
2016-04-22,HLT,45.24660110473633,45.636478424072266,44.11800003051758,44.42580032348633,42.41559982299805,4794006
2016-04-25,HLT,44.50788116455078,45.18503952026367,44.50788116455078,44.61048126220703,42.5919189453125,3844152
2016-04-25,HLT,44.50788116455078,45.18503952026367,44.50788116455078,44.61048126220703,42.5919189453125,3844152
2016-04-26,HLT,44.61048126220703,44.81568145751953,43.54344177246094,44.40528106689453,42.39599609375,5203606
2016-04-26,HLT,44.61048126220703,44.81568145751953,43.54344177246094,44.40528106689453,42.39599609375,5203606
2016-04-27,HLT,44.076961517333984,46.16999816894531,43.97436141967773,45.71855926513672,43.649864196777344,4117251
2016-04-27,HLT,44.076961517333984,46.16999816894531,43.97436141967773,45.71855926513672,43.649864196777344,4117251
2016-04-28,HLT,45.533878326416016,46.51884078979492,45.267120361328125,45.636478424072266,43.57148742675781,4018860
2016-04-28,HLT,45.533878326416016,46.51884078979492,45.267120361328125,45.636478424072266,43.57148742675781,4018860
2016-04-29,HLT,45.59543991088867,45.69804000854492,44.89775848388672,45.24660110473633,43.19926071166992,2915497
2016-04-29,HLT,45.59543991088867,45.69804000854492,44.89775848388672,45.24660110473633,43.19926071166992,2915497
2016-05-02,HLT,45.533878326416016,45.69804000854492,45.02088165283203,45.65700149536133,43.59109115600586,3118372
2016-05-02,HLT,45.533878326416016,45.69804000854492,45.02088165283203,45.65700149536133,43.59109115600586,3118372
2016-05-03,HLT,45.18503952026367,45.82115936279297,45.10295867919922,45.55440139770508,43.49312973022461,3166959
2016-05-03,HLT,45.18503952026367,45.82115936279297,45.10295867919922,45.55440139770508,43.49312973022461,3166959
2016-05-04,HLT,45.18503952026367,45.57492065429688,44.91828155517578,45.22608184814453,43.179664611816406,4359600
2016-05-04,HLT,45.18503952026367,45.57492065429688,44.91828155517578,45.22608184814453,43.179664611816406,4359600
2016-05-05,HLT,45.32867813110352,45.69804000854492,45.08243942260742,45.22608184814453,43.179664611816406,1761940
2016-05-05,HLT,45.32867813110352,45.69804000854492,45.08243942260742,45.22608184814453,43.179664611816406,1761940
2016-05-06,HLT,44.87723922729492,45.41075897216797,44.63100051879883,45.20555877685547,43.16007614135742,2451608
2016-05-06,HLT,44.87723922729492,45.41075897216797,44.63100051879883,45.20555877685547,43.16007614135742,2451608
2016-05-09,HLT,45.16452026367188,45.47232055664063,44.81568145751953,45.431278228759766,43.37557220458984,2113694
2016-05-09,HLT,45.16452026367188,45.47232055664063,44.81568145751953,45.431278228759766,43.37557220458984,2113694
2016-05-10,HLT,45.75960159301758,47.03184127807617,45.24660110473633,46.86767959594727,44.74698638916016,4084893
2016-05-10,HLT,45.75960159301758,47.03184127807617,45.24660110473633,46.86767959594727,44.74698638916016,4084893
2016-05-11,HLT,46.55987930297852,46.84716033935547,45.55440139770508,45.71855926513672,43.649864196777344,4019834
2016-05-11,HLT,46.55987930297852,46.84716033935547,45.55440139770508,45.71855926513672,43.649864196777344,4019834
2016-05-12,HLT,45.80064010620117,45.92375946044922,44.48735809326172,45.00035858154297,42.96416091918945,3265546
2016-05-12,HLT,45.80064010620117,45.92375946044922,44.48735809326172,45.00035858154297,42.96416091918945,3265546
2016-05-13,HLT,44.81568145751953,45.41075897216797,44.035919189453125,44.11800003051758,42.12171173095703,2875585
2016-05-13,HLT,44.81568145751953,45.41075897216797,44.035919189453125,44.11800003051758,42.12171173095703,2875585
2016-05-16,HLT,44.22060012817383,44.83620071411133,44.05643844604492,44.65151977539063,42.63111114501953,2151072
2016-05-16,HLT,44.22060012817383,44.83620071411133,44.05643844604492,44.65151977539063,42.63111114501953,2151072
2016-05-17,HLT,44.48735809326172,45.061920166015625,44.15903854370117,44.63100051879883,42.61151885986328,3917544
2016-05-17,HLT,44.48735809326172,45.061920166015625,44.15903854370117,44.63100051879883,42.61151885986328,3917544
2016-05-18,HLT,44.17956161499024,44.73360061645508,42.84576034545898,43.256160736083984,41.432220458984375,5630994
2016-05-18,HLT,44.17956161499024,44.73360061645508,42.84576034545898,43.256160736083984,41.432220458984375,5630994
2016-05-19,HLT,41.922359466552734,42.39432144165039,41.553001403808594,42.31224060058594,40.52811050415039,8099805
2016-05-19,HLT,41.922359466552734,42.39432144165039,41.553001403808594,42.31224060058594,40.52811050415039,8099805
2016-05-20,HLT,42.35327911376953,42.68159866333008,42.06600189208984,42.14807891845703,40.37086868286133,3129825
2016-05-20,HLT,42.35327911376953,42.68159866333008,42.06600189208984,42.14807891845703,40.37086868286133,3129825
2016-05-23,HLT,42.06600189208984,42.64056015014648,41.9634017944336,42.31224060058594,40.52811050415039,3892982
2016-05-23,HLT,42.06600189208984,42.64056015014648,41.9634017944336,42.31224060058594,40.52811050415039,3892982
2016-05-24,HLT,42.57899856567383,43.05096054077149,42.02495956420898,42.76367950439453,40.96051406860352,2877047
2016-05-24,HLT,42.57899856567383,43.05096054077149,42.02495956420898,42.76367950439453,40.96051406860352,2877047
2016-05-25,HLT,42.78419876098633,43.256160736083984,42.04547882080078,43.00991821289063,41.19635772705078,4668129
2016-05-25,HLT,42.78419876098633,43.256160736083984,42.04547882080078,43.00991821289063,41.19635772705078,4668129
2016-05-26,HLT,43.07147979736328,43.09199905395508,41.9634017944336,42.06600189208984,40.292240142822266,2600828
2016-05-26,HLT,43.07147979736328,43.09199905395508,41.9634017944336,42.06600189208984,40.292240142822266,2600828
2016-05-27,HLT,42.127559661865234,42.76367950439453,42.06600189208984,42.57899856567383,40.78363037109375,2296248
2016-05-27,HLT,42.127559661865234,42.76367950439453,42.06600189208984,42.57899856567383,40.78363037109375,2296248
2016-05-31,HLT,42.66107940673828,42.88679885864258,42.18912124633789,42.64056015014648,40.84259033203125,3399074
2016-05-31,HLT,42.66107940673828,42.88679885864258,42.18912124633789,42.64056015014648,40.84259033203125,3399074
2016-06-01,HLT,42.64056015014648,43.03044128417969,42.55847930908203,42.96887969970703,41.15705871582031,1708382
2016-06-01,HLT,42.64056015014648,43.03044128417969,42.55847930908203,42.96887969970703,41.15705871582031,1708382
2016-06-02,HLT,43.00991821289063,44.58995819091797,42.80472183227539,44.34371948242188,42.473934173583984,4807749
2016-06-02,HLT,43.00991821289063,44.58995819091797,42.80472183227539,44.34371948242188,42.473934173583984,4807749
2016-06-03,HLT,44.15903854370117,44.63100051879883,43.60499954223633,44.56943893432617,42.690128326416016,6970760
2016-06-03,HLT,44.15903854370117,44.63100051879883,43.60499954223633,44.56943893432617,42.690128326416016,6970760
2016-06-06,HLT,44.63100051879883,45.30815887451172,44.56943893432617,45.16452026367188,43.26011276245117,5536501
2016-06-06,HLT,44.63100051879883,45.30815887451172,44.56943893432617,45.16452026367188,43.26011276245117,5536501
2016-06-07,HLT,45.20555877685547,45.39023971557617,44.73360061645508,44.79515838623047,42.90633392333984,2055702
2016-06-07,HLT,45.20555877685547,45.39023971557617,44.73360061645508,44.79515838623047,42.90633392333984,2055702
2016-06-08,HLT,44.87723922729492,45.08243942260742,44.076961517333984,44.56943893432617,42.690128326416016,2732505
2016-06-08,HLT,44.87723922729492,45.08243942260742,44.076961517333984,44.56943893432617,42.690128326416016,2732505
2016-06-09,HLT,44.36423873901367,44.52840042114258,43.91279983520508,44.32320022583008,42.45428085327149,1697612
2016-06-09,HLT,44.36423873901367,44.52840042114258,43.91279983520508,44.32320022583008,42.45428085327149,1697612
2016-06-10,HLT,43.83071899414063,43.85123825073242,43.11251831054688,43.46136093139648,41.62875747680664,2509649
2016-06-10,HLT,43.83071899414063,43.85123825073242,43.11251831054688,43.46136093139648,41.62875747680664,2509649
2016-06-13,HLT,43.39979934692383,44.01539993286133,43.19459915161133,43.46136093139648,41.62875747680664,2520078
2016-06-13,HLT,43.39979934692383,44.01539993286133,43.19459915161133,43.46136093139648,41.62875747680664,2520078
2016-06-14,HLT,43.15356063842773,43.64604187011719,43.11251831054688,43.37928009033203,41.55015563964844,2849561
2016-06-14,HLT,43.15356063842773,43.64604187011719,43.11251831054688,43.37928009033203,41.55015563964844,2849561
2016-06-15,HLT,43.60499954223633,45.08243942260742,43.50239944458008,44.48735809326172,42.61150741577149,4476608
2016-06-15,HLT,43.60499954223633,45.08243942260742,43.50239944458008,44.48735809326172,42.61150741577149,4476608
2016-06-16,HLT,44.22060012817383,44.73360061645508,43.54344177246094,44.61048126220703,42.72944641113281,3610185
2016-06-16,HLT,44.22060012817383,44.73360061645508,43.54344177246094,44.61048126220703,42.72944641113281,3610185
2016-06-17,HLT,44.61048126220703,46.14947891235352,44.61048126220703,46.10844039916992,44.16424560546875,5036111
2016-06-17,HLT,44.61048126220703,46.14947891235352,44.61048126220703,46.10844039916992,44.16424560546875,5036111
2016-06-20,HLT,46.600921630859375,47.77056121826172,46.53936004638672,47.52431869506836,45.520416259765625,6271296
2016-06-20,HLT,46.600921630859375,47.77056121826172,46.53936004638672,47.52431869506836,45.520416259765625,6271296
2016-06-21,HLT,47.483280181884766,47.54484176635742,46.703521728515625,46.92924118041992,44.95042037963867,4007310
2016-06-21,HLT,47.483280181884766,47.54484176635742,46.703521728515625,46.92924118041992,44.95042037963867,4007310
2016-06-22,HLT,47.13444137573242,47.585880279541016,46.78559875488281,46.92924118041992,44.95042037963867,2609747
2016-06-22,HLT,47.13444137573242,47.585880279541016,46.78559875488281,46.92924118041992,44.95042037963867,2609747
2016-06-23,HLT,47.54484176635742,48.42720031738281,47.29859924316406,48.07836151123047,46.05109786987305,5248197
2016-06-23,HLT,47.54484176635742,48.42720031738281,47.29859924316406,48.07836151123047,46.05109786987305,5248197
2016-06-24,HLT,46.04687881469727,46.88819885253906,44.61048126220703,44.83620071411133,42.945648193359375,8209600
2016-06-24,HLT,46.04687881469727,46.88819885253906,44.61048126220703,44.83620071411133,42.945648193359375,8209600
2016-06-27,HLT,44.384761810302734,44.384761810302734,42.80472183227539,43.35876083374024,41.53049850463867,6493421
2016-06-27,HLT,44.384761810302734,44.384761810302734,42.80472183227539,43.35876083374024,41.53049850463867,6493421
2016-06-28,HLT,44.035919189453125,44.50788116455078,43.35876083374024,44.15903854370117,42.29703521728516,3747417
2016-06-28,HLT,44.035919189453125,44.50788116455078,43.35876083374024,44.15903854370117,42.29703521728516,3747417
2016-06-29,HLT,44.75411987304688,46.58039855957031,44.75411987304688,45.73907852172852,43.810455322265625,5680312
2016-06-29,HLT,44.75411987304688,46.58039855957031,44.75411987304688,45.73907852172852,43.810455322265625,5680312
2016-06-30,HLT,45.944278717041016,46.252079010009766,45.431278228759766,46.23155975341797,44.282169342041016,4422320
2016-06-30,HLT,45.944278717041016,46.252079010009766,45.431278228759766,46.23155975341797,44.282169342041016,4422320
2016-07-01,HLT,46.33415985107422,47.05236053466797,46.33415985107422,46.94976043701172,44.97008514404297,1968713
2016-07-01,HLT,46.33415985107422,47.05236053466797,46.33415985107422,46.94976043701172,44.97008514404297,1968713
2016-07-05,HLT,46.703521728515625,46.82664108276367,45.51335906982422,45.92375946044922,43.98735046386719,2250975
2016-07-05,HLT,46.703521728515625,46.82664108276367,45.51335906982422,45.92375946044922,43.98735046386719,2250975
2016-07-06,HLT,45.75960159301758,46.33415985107422,45.49283981323242,46.31364059448242,44.36079406738281,2381335
2016-07-06,HLT,45.75960159301758,46.33415985107422,45.49283981323242,46.31364059448242,44.36079406738281,2381335
2016-07-07,HLT,46.41624069213867,47.21651840209961,46.37519836425781,46.86767959594727,44.89147186279297,3424610
2016-07-07,HLT,46.41624069213867,47.21651840209961,46.37519836425781,46.86767959594727,44.89147186279297,3424610
2016-07-08,HLT,47.46276092529297,47.91419982910156,47.33964157104492,47.87316131591797,45.85454559326172,1721394
2016-07-08,HLT,47.46276092529297,47.91419982910156,47.33964157104492,47.87316131591797,45.85454559326172,1721394
2016-07-11,HLT,48.22200012207031,48.36563873291016,47.95523834228516,48.13991928100586,46.11005401611328,1814181
2016-07-11,HLT,48.22200012207031,48.36563873291016,47.95523834228516,48.13991928100586,46.11005401611328,1814181
2016-07-12,HLT,48.61188125610352,49.124881744384766,48.44771957397461,48.75551986694336,46.699703216552734,5553655
2016-07-12,HLT,48.61188125610352,49.124881744384766,48.44771957397461,48.75551986694336,46.699703216552734,5553655
2016-07-13,HLT,48.714481353759766,48.79655838012695,47.64744186401367,48.468238830566406,46.42452239990234,3316618
2016-07-13,HLT,48.714481353759766,48.79655838012695,47.64744186401367,48.468238830566406,46.42452239990234,3316618
2016-07-14,HLT,48.85811996459961,49.06332015991211,48.52980041503906,48.65291976928711,46.6014289855957,1434942
2016-07-14,HLT,48.85811996459961,49.06332015991211,48.52980041503906,48.65291976928711,46.6014289855957,1434942
2016-07-15,HLT,48.38616180419922,49.04280090332031,48.13991928100586,48.817081451416016,46.7586669921875,1852827
2016-07-15,HLT,48.38616180419922,49.04280090332031,48.13991928100586,48.817081451416016,46.7586669921875,1852827
2016-07-18,HLT,48.85811996459961,49.35060119628906,48.75551986694336,49.227481842041016,47.15175628662109,3150828
2016-07-18,HLT,48.85811996459961,49.35060119628906,48.75551986694336,49.227481842041016,47.15175628662109,3150828
2016-07-19,HLT,48.52980041503906,49.3095588684082,48.28356170654297,49.02228164672852,46.95521545410156,3320224
2016-07-19,HLT,48.52980041503906,49.3095588684082,48.28356170654297,49.02228164672852,46.95521545410156,3320224
2016-07-20,HLT,49.3095588684082,49.57632064819336,48.83760070800781,49.24800109863281,47.17141342163086,3272856
2016-07-20,HLT,49.3095588684082,49.57632064819336,48.83760070800781,49.24800109863281,47.17141342163086,3272856
2016-07-21,HLT,49.08383941650391,50.1303596496582,48.96072006225586,49.18643951416016,47.11243438720703,4259942
2016-07-21,HLT,49.08383941650391,50.1303596496582,48.96072006225586,49.18643951416016,47.11243438720703,4259942
2016-07-22,HLT,49.18643951416016,49.98672103881836,48.96072006225586,49.9456787109375,47.83967208862305,3713548
2016-07-22,HLT,49.18643951416016,49.98672103881836,48.96072006225586,49.9456787109375,47.83967208862305,3713548
2016-07-25,HLT,49.88412094116211,50.109840393066406,49.06332015991211,49.124881744384766,47.05348587036133,3072612
2016-07-25,HLT,49.88412094116211,50.109840393066406,49.06332015991211,49.124881744384766,47.05348587036133,3072612
2016-07-26,HLT,49.04280090332031,49.3095588684082,48.878639221191406,48.981239318847656,46.915897369384766,4405214
2016-07-26,HLT,49.04280090332031,49.3095588684082,48.878639221191406,48.981239318847656,46.915897369384766,4405214
2016-07-27,HLT,48.63240051269531,48.83760070800781,47.46276092529297,47.54484176635742,45.54006576538086,8082115
2016-07-27,HLT,48.63240051269531,48.83760070800781,47.46276092529297,47.54484176635742,45.54006576538086,8082115
2016-07-28,HLT,47.38068008422852,47.40119934082031,46.41624069213867,46.97027969360352,44.98973083496094,5283236
2016-07-28,HLT,47.38068008422852,47.40119934082031,46.41624069213867,46.97027969360352,44.98973083496094,5283236
2016-07-29,HLT,46.80612182617188,47.64744186401367,46.703521728515625,47.585880279541016,45.579383850097656,5408869
2016-07-29,HLT,46.80612182617188,47.64744186401367,46.703521728515625,47.585880279541016,45.579383850097656,5408869
2016-08-01,HLT,47.50379943847656,47.95523834228516,47.23704147338867,47.852638244628906,45.83489990234375,2403314
2016-08-01,HLT,47.50379943847656,47.95523834228516,47.23704147338867,47.852638244628906,45.83489990234375,2403314
2016-08-02,HLT,47.56536102294922,47.97576141357422,46.354679107666016,46.92924118041992,44.95042037963867,2429971
2016-08-02,HLT,47.56536102294922,47.97576141357422,46.354679107666016,46.92924118041992,44.95042037963867,2429971
2016-08-03,HLT,46.72404098510742,47.46276092529297,46.29312133789063,46.84716033935547,44.87180709838867,3318470
2016-08-03,HLT,46.72404098510742,47.46276092529297,46.29312133789063,46.84716033935547,44.87180709838867,3318470
2016-08-04,HLT,46.84716033935547,47.44224166870117,46.68299865722656,47.36016082763672,45.36318206787109,2374756
2016-08-04,HLT,46.84716033935547,47.44224166870117,46.68299865722656,47.36016082763672,45.36318206787109,2374756
2016-08-05,HLT,47.66796112060547,48.304080963134766,47.54484176635742,48.11940002441406,46.09040832519531,1965058
2016-08-05,HLT,47.66796112060547,48.304080963134766,47.54484176635742,48.11940002441406,46.09040832519531,1965058
2016-08-08,HLT,48.22200012207031,49.20695877075195,48.13991928100586,48.878639221191406,46.817626953125,3835624
2016-08-08,HLT,48.22200012207031,49.20695877075195,48.13991928100586,48.878639221191406,46.817626953125,3835624
2016-08-09,HLT,48.75551986694336,49.289039611816406,48.406681060791016,48.59135818481445,46.542457580566406,6379971
2016-08-09,HLT,48.75551986694336,49.289039611816406,48.406681060791016,48.59135818481445,46.542457580566406,6379971
2016-08-10,HLT,48.673439025878906,48.94020080566406,48.03731918334961,48.34511947631836,46.30659866333008,3879337
2016-08-10,HLT,48.673439025878906,48.94020080566406,48.03731918334961,48.34511947631836,46.30659866333008,3879337
2016-08-11,HLT,48.570838928222656,49.00175857543945,48.406681060791016,48.55031967163086,46.503150939941406,4978558
2016-08-11,HLT,48.570838928222656,49.00175857543945,48.406681060791016,48.55031967163086,46.503150939941406,4978558
2016-08-12,HLT,48.36563873291016,49.1043586730957,48.28356170654297,49.06332015991211,46.99451446533203,3507456
2016-08-12,HLT,48.36563873291016,49.1043586730957,48.28356170654297,49.06332015991211,46.99451446533203,3507456
2016-08-15,HLT,49.227481842041016,49.5147590637207,48.85811996459961,49.494239807128906,47.407264709472656,2933772
2016-08-15,HLT,49.227481842041016,49.5147590637207,48.85811996459961,49.494239807128906,47.407264709472656,2933772
2016-08-16,HLT,49.43267822265625,50.109840393066406,49.20695877075195,50.00724029541016,47.898624420166016,3383967
2016-08-16,HLT,49.43267822265625,50.109840393066406,49.20695877075195,50.00724029541016,47.898624420166016,3383967
2016-08-17,HLT,49.86360168457031,49.96620178222656,49.5147590637207,49.82255935668945,47.859222412109375,7279483
2016-08-17,HLT,49.86360168457031,49.96620178222656,49.5147590637207,49.82255935668945,47.859222412109375,7279483
2016-08-18,HLT,49.7199592590332,49.9456787109375,49.5352783203125,49.55580139160156,47.602970123291016,6605166
2016-08-18,HLT,49.7199592590332,49.9456787109375,49.5352783203125,49.55580139160156,47.602970123291016,6605166
2016-08-19,HLT,49.35060119628906,49.61735916137695,49.227481842041016,49.59683990478516,47.642391204833984,2358187
2016-08-19,HLT,49.35060119628906,49.61735916137695,49.227481842041016,49.59683990478516,47.642391204833984,2358187
2016-08-22,HLT,49.494239807128906,49.699440002441406,49.3095588684082,49.55580139160156,47.602970123291016,1300341
2016-08-22,HLT,49.494239807128906,49.699440002441406,49.3095588684082,49.55580139160156,47.602970123291016,1300341
2016-08-23,HLT,49.65840148925781,49.9251594543457,49.494239807128906,49.5147590637207,47.56355285644531,1938548
2016-08-23,HLT,49.65840148925781,49.9251594543457,49.494239807128906,49.5147590637207,47.56355285644531,1938548
2016-08-24,HLT,49.5147590637207,49.88412094116211,49.124881744384766,49.59683990478516,47.642391204833984,2204678
2016-08-24,HLT,49.5147590637207,49.88412094116211,49.124881744384766,49.59683990478516,47.642391204833984,2204678
2016-08-25,HLT,49.494239807128906,49.67892074584961,49.227481842041016,49.65840148925781,47.70153427124024,1580214
2016-08-25,HLT,49.494239807128906,49.67892074584961,49.227481842041016,49.65840148925781,47.70153427124024,1580214
2016-08-26,HLT,49.57632064819336,49.90464019775391,48.981239318847656,49.289039611816406,47.34672164916992,2453363
2016-08-26,HLT,49.57632064819336,49.90464019775391,48.981239318847656,49.289039611816406,47.34672164916992,2453363
2016-08-29,HLT,49.26852035522461,49.61735916137695,49.20695877075195,49.24800109863281,47.30729293823242,1917300
2016-08-29,HLT,49.26852035522461,49.61735916137695,49.20695877075195,49.24800109863281,47.30729293823242,1917300
2016-08-30,HLT,49.37112045288086,49.47372055053711,48.570838928222656,48.79655838012695,46.87363815307617,4598635
2016-08-30,HLT,49.37112045288086,49.47372055053711,48.570838928222656,48.79655838012695,46.87363815307617,4598635
2016-08-31,HLT,48.304080963134766,49.20695877075195,48.304080963134766,48.981239318847656,47.051048278808594,2733382
2016-08-31,HLT,48.304080963134766,49.20695877075195,48.304080963134766,48.981239318847656,47.051048278808594,2733382
2016-09-01,HLT,49.37112045288086,49.37112045288086,48.42720031738281,48.77603912353516,46.85393524169922,4685673
2016-09-01,HLT,49.37112045288086,49.37112045288086,48.42720031738281,48.77603912353516,46.85393524169922,4685673
2016-09-02,HLT,48.50928115844727,49.14540100097656,48.48876190185547,48.714481353759766,46.7948112487793,1457359
2016-09-02,HLT,48.50928115844727,49.14540100097656,48.48876190185547,48.714481353759766,46.7948112487793,1457359
2016-09-06,HLT,48.714481353759766,48.79655838012695,48.13991928100586,48.48876190185547,46.57797622680664,1354045
2016-09-06,HLT,48.714481353759766,48.79655838012695,48.13991928100586,48.48876190185547,46.57797622680664,1354045
2016-09-07,HLT,48.50928115844727,48.75551986694336,48.38616180419922,48.52980041503906,46.61741256713867,1443860
2016-09-07,HLT,48.50928115844727,48.75551986694336,48.38616180419922,48.52980041503906,46.61741256713867,1443860
2016-09-08,HLT,48.44771957397461,48.65291976928711,47.93471908569336,48.03731918334961,46.14433670043945,1987232
2016-09-08,HLT,48.44771957397461,48.65291976928711,47.93471908569336,48.03731918334961,46.14433670043945,1987232
2016-09-09,HLT,47.60639953613281,47.79108047485352,46.58039855957031,46.64196014404297,44.803958892822266,4347173
2016-09-09,HLT,47.60639953613281,47.79108047485352,46.58039855957031,46.64196014404297,44.803958892822266,4347173
2016-09-12,HLT,46.27259826660156,47.50379943847656,46.16999816894531,47.29859924316406,45.43472671508789,3783138
2016-09-12,HLT,46.27259826660156,47.50379943847656,46.16999816894531,47.29859924316406,45.43472671508789,3783138
2016-09-13,HLT,46.80612182617188,47.31911849975586,46.74456024169922,47.05236053466797,45.19819641113281,2821637
2016-09-13,HLT,46.80612182617188,47.31911849975586,46.74456024169922,47.05236053466797,45.19819641113281,2821637
2016-09-14,HLT,47.03184127807617,47.66796112060547,46.62144088745117,47.46276092529297,45.592411041259766,2957212
2016-09-14,HLT,47.03184127807617,47.66796112060547,46.62144088745117,47.46276092529297,45.592411041259766,2957212
2016-09-15,HLT,47.278079986572266,47.77056121826172,47.278079986572266,47.40119934082031,45.53327941894531,2129483
2016-09-15,HLT,47.278079986572266,47.77056121826172,47.278079986572266,47.40119934082031,45.53327941894531,2129483
2016-09-16,HLT,47.23704147338867,47.56536102294922,47.09339904785156,47.25756072998047,45.39530563354492,2340741
2016-09-16,HLT,47.23704147338867,47.56536102294922,47.09339904785156,47.25756072998047,45.39530563354492,2340741
2016-09-19,HLT,47.44224166870117,47.70899963378906,47.11391830444336,47.23704147338867,45.37559127807617,1670029
2016-09-19,HLT,47.44224166870117,47.70899963378906,47.11391830444336,47.23704147338867,45.37559127807617,1670029
2016-09-20,HLT,47.46276092529297,48.13991928100586,47.42171859741211,47.83211898803711,45.94722366333008,2565302
2016-09-20,HLT,47.46276092529297,48.13991928100586,47.42171859741211,47.83211898803711,45.94722366333008,2565302
2016-09-21,HLT,47.81159973144531,47.893680572509766,47.01131820678711,47.83211898803711,45.94722366333008,4356238
2016-09-21,HLT,47.81159973144531,47.893680572509766,47.01131820678711,47.83211898803711,45.94722366333008,4356238
2016-09-22,HLT,48.057838439941406,48.570838928222656,48.01679992675781,48.36563873291016,46.45970916748047,2025195
2016-09-22,HLT,48.057838439941406,48.570838928222656,48.01679992675781,48.36563873291016,46.45970916748047,2025195
2016-09-23,HLT,48.098880767822266,48.63240051269531,48.057838439941406,48.42720031738281,46.51884841918945,1511501
2016-09-23,HLT,48.098880767822266,48.63240051269531,48.057838439941406,48.42720031738281,46.51884841918945,1511501
2016-09-26,HLT,47.996280670166016,48.160438537597656,47.03184127807617,47.09339904785156,45.23760223388672,3066423
2016-09-26,HLT,47.996280670166016,48.160438537597656,47.03184127807617,47.09339904785156,45.23760223388672,3066423
2016-09-27,HLT,47.175479888916016,47.50379943847656,47.09339904785156,47.31911849975586,45.45443344116211,1780409
2016-09-27,HLT,47.175479888916016,47.50379943847656,47.09339904785156,47.31911849975586,45.45443344116211,1780409
2016-09-28,HLT,47.483280181884766,47.62691879272461,46.662479400634766,46.90871810913086,45.06020736694336,6334211
2016-09-28,HLT,47.483280181884766,47.62691879272461,46.662479400634766,46.90871810913086,45.06020736694336,6334211
2016-09-29,HLT,46.78559875488281,47.40119934082031,46.498321533203125,46.82664108276367,44.98135757446289,4898928
2016-09-29,HLT,46.78559875488281,47.40119934082031,46.498321533203125,46.82664108276367,44.98135757446289,4898928
2016-09-30,HLT,46.88819885253906,47.44224166870117,46.78559875488281,47.05236053466797,45.19819641113281,2799464
2016-09-30,HLT,46.88819885253906,47.44224166870117,46.78559875488281,47.05236053466797,45.19819641113281,2799464
2016-10-03,HLT,47.072879791259766,47.38068008422852,46.82664108276367,46.94976043701172,45.09962844848633,1738548
2016-10-03,HLT,47.072879791259766,47.38068008422852,46.82664108276367,46.94976043701172,45.09962844848633,1738548
2016-10-04,HLT,47.15496063232422,47.278079986572266,46.62144088745117,46.84716033935547,45.00107955932617,3495565
2016-10-04,HLT,47.15496063232422,47.278079986572266,46.62144088745117,46.84716033935547,45.00107955932617,3495565
2016-10-05,HLT,46.80612182617188,47.03184127807617,46.53936004638672,46.662479400634766,44.82366180419922,2435770
2016-10-05,HLT,46.80612182617188,47.03184127807617,46.53936004638672,46.662479400634766,44.82366180419922,2435770
2016-10-06,HLT,46.68299865722656,46.82664108276367,46.00584030151367,46.23155975341797,44.40972518920898,3090692
2016-10-06,HLT,46.68299865722656,46.82664108276367,46.00584030151367,46.23155975341797,44.40972518920898,3090692
2016-10-07,HLT,46.252079010009766,46.51884078979492,45.82115936279297,46.02635955810547,44.21261215209961,1582164
2016-10-07,HLT,46.252079010009766,46.51884078979492,45.82115936279297,46.02635955810547,44.21261215209961,1582164
2016-10-10,HLT,46.29312133789063,47.09339904785156,46.23155975341797,46.84716033935547,45.00107955932617,3368129
2016-10-10,HLT,46.29312133789063,47.09339904785156,46.23155975341797,46.84716033935547,45.00107955932617,3368129
2016-10-11,HLT,46.72404098510742,46.84716033935547,46.16999816894531,46.27259826660156,44.44914627075195,3558187
2016-10-11,HLT,46.72404098510742,46.84716033935547,46.16999816894531,46.27259826660156,44.44914627075195,3558187
2016-10-12,HLT,46.31364059448242,46.80612182617188,46.16999816894531,46.68299865722656,44.843379974365234,3019688
2016-10-12,HLT,46.31364059448242,46.80612182617188,46.16999816894531,46.68299865722656,44.843379974365234,3019688
2016-10-13,HLT,46.12895965576172,46.92924118041992,45.636478424072266,46.62144088745117,44.78424072265625,3303119
2016-10-13,HLT,46.12895965576172,46.92924118041992,45.636478424072266,46.62144088745117,44.78424072265625,3303119
2016-10-14,HLT,46.78559875488281,47.36016082763672,46.72404098510742,46.97027969360352,45.11934280395508,4657895
2016-10-14,HLT,46.78559875488281,47.36016082763672,46.72404098510742,46.97027969360352,45.11934280395508,4657895
2016-10-17,HLT,46.80612182617188,47.23704147338867,46.64196014404297,46.68299865722656,44.843379974365234,2450828
2016-10-17,HLT,46.80612182617188,47.23704147338867,46.64196014404297,46.68299865722656,44.843379974365234,2450828
2016-10-18,HLT,47.11391830444336,47.44224166870117,46.84716033935547,47.25756072998047,45.39530563354492,2298002
2016-10-18,HLT,47.11391830444336,47.44224166870117,46.84716033935547,47.25756072998047,45.39530563354492,2298002
2016-10-19,HLT,47.46276092529297,47.87316131591797,47.25756072998047,47.40119934082031,45.53327941894531,1922271
2016-10-19,HLT,47.46276092529297,47.87316131591797,47.25756072998047,47.40119934082031,45.53327941894531,1922271
2016-10-20,HLT,47.40119934082031,47.54484176635742,46.84716033935547,47.19599914550781,45.33615493774414,3499123
2016-10-20,HLT,47.40119934082031,47.54484176635742,46.84716033935547,47.19599914550781,45.33615493774414,3499123
2016-10-21,HLT,46.99079895019531,47.42171859741211,46.68299865722656,47.01131820678711,45.15874862670898,2714035
2016-10-21,HLT,46.99079895019531,47.42171859741211,46.68299865722656,47.01131820678711,45.15874862670898,2714035
2016-10-24,HLT,48.26303863525391,48.75551986694336,46.99079895019531,47.072879791259766,45.217891693115234,9890984
2016-10-24,HLT,48.26303863525391,48.75551986694336,46.99079895019531,47.072879791259766,45.217891693115234,9890984
2016-10-25,HLT,46.765079498291016,47.01131820678711,46.43675994873047,46.64196014404297,44.803958892822266,3552534
2016-10-25,HLT,46.765079498291016,47.01131820678711,46.43675994873047,46.64196014404297,44.803958892822266,3552534
2016-10-26,HLT,45.369720458984375,46.00584030151367,45.14400100708008,45.80064010620117,43.995792388916016,7565497
2016-10-26,HLT,45.369720458984375,46.00584030151367,45.14400100708008,45.80064010620117,43.995792388916016,7565497
2016-10-27,HLT,44.73360061645508,45.882720947265625,44.73360061645508,45.65700149536133,43.857818603515625,5190448
2016-10-27,HLT,44.73360061645508,45.882720947265625,44.73360061645508,45.65700149536133,43.857818603515625,5190448
2016-10-28,HLT,45.69804000854492,46.00584030151367,45.32867813110352,45.65700149536133,43.857818603515625,3663694
2016-10-28,HLT,45.69804000854492,46.00584030151367,45.32867813110352,45.65700149536133,43.857818603515625,3663694
2016-10-31,HLT,46.37519836425781,46.58039855957031,46.10844039916992,46.37519836425781,44.54770278930664,5513158
2016-10-31,HLT,46.37519836425781,46.58039855957031,46.10844039916992,46.37519836425781,44.54770278930664,5513158
2016-11-01,HLT,46.68299865722656,46.68299865722656,45.45180130004883,46.04687881469727,44.23233413696289,3070712
2016-11-01,HLT,46.68299865722656,46.68299865722656,45.45180130004883,46.04687881469727,44.23233413696289,3070712
2016-11-02,HLT,46.04687881469727,46.55987930297852,45.69804000854492,45.75960159301758,43.95636367797852,3854435
2016-11-02,HLT,46.04687881469727,46.55987930297852,45.69804000854492,45.75960159301758,43.95636367797852,3854435
2016-11-03,HLT,45.98532104492188,46.68299865722656,45.65700149536133,45.71855926513672,43.91694641113281,3421637
2016-11-03,HLT,45.98532104492188,46.68299865722656,45.65700149536133,45.71855926513672,43.91694641113281,3421637
2016-11-04,HLT,45.677520751953125,46.72404098510742,45.677520751953125,46.354679107666016,44.52798461914063,4480263
2016-11-04,HLT,45.677520751953125,46.72404098510742,45.677520751953125,46.354679107666016,44.52798461914063,4480263
2016-11-07,HLT,46.88819885253906,47.072879791259766,46.662479400634766,47.01131820678711,45.15874862670898,3188986
2016-11-07,HLT,46.88819885253906,47.072879791259766,46.662479400634766,47.01131820678711,45.15874862670898,3188986
2016-11-08,HLT,46.29312133789063,48.160438537597656,46.02635955810547,47.81159973144531,46.06826400756836,4341423
2016-11-08,HLT,46.29312133789063,48.160438537597656,46.02635955810547,47.81159973144531,46.06826400756836,4341423
2016-11-09,HLT,47.36016082763672,48.6939582824707,46.53936004638672,48.44771957397461,46.681190490722656,4268616
2016-11-09,HLT,47.36016082763672,48.6939582824707,46.53936004638672,48.44771957397461,46.681190490722656,4268616
2016-11-10,HLT,48.406681060791016,48.55031967163086,47.93471908569336,48.13991928100586,46.38460922241211,10535575
2016-11-10,HLT,48.406681060791016,48.55031967163086,47.93471908569336,48.13991928100586,46.38460922241211,10535575
2016-11-11,HLT,48.24251937866211,48.6939582824707,48.07836151123047,48.65291976928711,46.878902435302734,3630799
2016-11-11,HLT,48.24251937866211,48.6939582824707,48.07836151123047,48.65291976928711,46.878902435302734,3630799
2016-11-14,HLT,48.817081451416016,50.27399826049805,48.52980041503906,49.90464019775391,48.0849838256836,6655848
2016-11-14,HLT,48.817081451416016,50.27399826049805,48.52980041503906,49.90464019775391,48.0849838256836,6655848
2016-11-15,HLT,49.90464019775391,50.3560791015625,49.78152084350586,50.25347900390625,48.42111206054688,3906140
2016-11-15,HLT,49.90464019775391,50.3560791015625,49.78152084350586,50.25347900390625,48.42111206054688,3906140
2016-11-16,HLT,50.08932113647461,50.82804107666016,50.08932113647461,50.3765983581543,48.53973388671875,4199854
2016-11-16,HLT,50.08932113647461,50.82804107666016,50.08932113647461,50.3765983581543,48.53973388671875,4199854
2016-11-17,HLT,50.3765983581543,50.64336013793945,49.9251594543457,50.41764068603516,48.57927322387695,5008528
2016-11-17,HLT,50.3765983581543,50.64336013793945,49.9251594543457,50.41764068603516,48.57927322387695,5008528
2016-11-18,HLT,50.43815994262695,50.561279296875,49.96620178222656,50.109840393066406,48.28269958496094,3329435
2016-11-18,HLT,50.43815994262695,50.561279296875,49.96620178222656,50.109840393066406,48.28269958496094,3329435
2016-11-21,HLT,50.3355598449707,50.5817985534668,50.1713981628418,50.5407600402832,48.69790267944336,3861062
2016-11-21,HLT,50.3355598449707,50.5817985534668,50.1713981628418,50.5407600402832,48.69790267944336,3861062
2016-11-22,HLT,50.66387939453125,51.033241271972656,50.561279296875,50.9921989440918,49.13288879394531,3022417
2016-11-22,HLT,50.66387939453125,51.033241271972656,50.561279296875,50.9921989440918,49.13288879394531,3022417
2016-11-23,HLT,50.9716796875,51.423118591308594,50.622840881347656,51.3615608215332,49.48877716064453,3400926
2016-11-23,HLT,50.9716796875,51.423118591308594,50.622840881347656,51.3615608215332,49.48877716064453,3400926
2016-11-25,HLT,51.50519943237305,52.2234001159668,51.443641662597656,51.93611907958984,50.04239654541016,1087622
2016-11-25,HLT,51.50519943237305,52.2234001159668,51.443641662597656,51.93611907958984,50.04239654541016,1087622
2016-11-28,HLT,51.64884185791016,51.85403823852539,50.88959884643555,50.910118103027344,49.05380630493164,5419396
2016-11-28,HLT,51.64884185791016,51.85403823852539,50.88959884643555,50.910118103027344,49.05380630493164,5419396
2016-11-29,HLT,51.07427978515625,51.5667610168457,50.82804107666016,50.910118103027344,49.05380630493164,5103850
2016-11-29,HLT,51.07427978515625,51.5667610168457,50.82804107666016,50.910118103027344,49.05380630493164,5103850
2016-11-30,HLT,50.88959884643555,51.5872802734375,50.561279296875,51.443641662597656,49.56786346435547,5181579
2016-11-30,HLT,50.88959884643555,51.5872802734375,50.561279296875,51.443641662597656,49.56786346435547,5181579
2016-12-01,HLT,51.68988037109375,52.07976150512695,51.25896072387695,51.730918884277344,49.844669342041016,8746540
2016-12-01,HLT,51.68988037109375,52.07976150512695,51.25896072387695,51.730918884277344,49.844669342041016,8746540
2016-12-02,HLT,51.62831878662109,52.05923843383789,51.52571868896485,51.8335189819336,49.94352340698242,4477290
2016-12-02,HLT,51.62831878662109,52.05923843383789,51.52571868896485,51.8335189819336,49.94352340698242,4477290
2016-12-05,HLT,52.96212005615234,53.639278411865234,52.51068115234375,53.53667831420898,51.584590911865234,8980263
2016-12-05,HLT,52.96212005615234,53.639278411865234,52.51068115234375,53.53667831420898,51.584590911865234,8980263
2016-12-06,HLT,53.70083999633789,54.04967880249024,53.372520446777344,53.98812103271485,52.01957321166992,7967593
2016-12-06,HLT,53.70083999633789,54.04967880249024,53.372520446777344,53.98812103271485,52.01957321166992,7967593
2016-12-07,HLT,54.09072113037109,55.97856140136719,53.885520935058594,55.48608016967773,53.46290969848633,8609211
2016-12-07,HLT,54.09072113037109,55.97856140136719,53.885520935058594,55.48608016967773,53.46290969848633,8609211
2016-12-08,HLT,55.50659942626953,56.060638427734375,53.74187850952149,53.84447860717773,51.88116455078125,5862232
2016-12-08,HLT,55.50659942626953,56.060638427734375,53.74187850952149,53.84447860717773,51.88116455078125,5862232
2016-12-09,HLT,54.13175964355469,55.05516052246094,53.885520935058594,54.41904067993164,52.43478012084961,3599561
2016-12-09,HLT,54.13175964355469,55.05516052246094,53.885520935058594,54.41904067993164,52.43478012084961,3599561
2016-12-12,HLT,53.98812103271485,54.17279815673828,52.79795837402344,53.33147811889648,51.38687515258789,6675049
2016-12-12,HLT,53.98812103271485,54.17279815673828,52.79795837402344,53.33147811889648,51.38687515258789,6675049
2016-12-13,HLT,53.57772064208984,54.254878997802734,53.4546012878418,54.13175964355469,52.15797805786133,4144103
2016-12-13,HLT,53.57772064208984,54.254878997802734,53.4546012878418,54.13175964355469,52.15797805786133,4144103
2016-12-14,HLT,54.23435974121094,55.17827987670898,53.96760177612305,54.74736022949219,52.75112533569336,7132943
2016-12-14,HLT,54.23435974121094,55.17827987670898,53.96760177612305,54.74736022949219,52.75112533569336,7132943
2016-12-15,HLT,55.36296081542969,56.20428085327149,55.01411819458008,56.04011917114258,53.99675369262695,7545760
2016-12-15,HLT,55.36296081542969,56.20428085327149,55.01411819458008,56.04011917114258,53.99675369262695,7545760
2016-12-16,HLT,56.18376159667969,56.573638916015625,55.77336120605469,56.49156188964844,54.43172836303711,8102242
2016-12-16,HLT,56.18376159667969,56.573638916015625,55.77336120605469,56.49156188964844,54.43172836303711,8102242
2016-12-19,HLT,56.53260040283203,57.189239501953125,56.368438720703125,56.84040069580078,54.767845153808594,10293177
2016-12-19,HLT,56.53260040283203,57.189239501953125,56.368438720703125,56.84040069580078,54.767845153808594,10293177
2016-12-20,HLT,56.96352005004883,57.35340118408203,56.69675827026367,56.922481536865234,54.8469352722168,6540741
2016-12-20,HLT,56.96352005004883,57.35340118408203,56.69675827026367,56.922481536865234,54.8469352722168,6540741
2016-12-21,HLT,57.10715866088867,57.35340118408203,56.81988143920898,56.90195846557617,54.82715606689453,5141423
2016-12-21,HLT,57.10715866088867,57.35340118408203,56.81988143920898,56.90195846557617,54.82715606689453,5141423
2016-12-22,HLT,56.98403930664063,57.20975875854492,56.12220001220703,56.32740020751953,54.2735595703125,3401462
2016-12-22,HLT,56.98403930664063,57.20975875854492,56.12220001220703,56.32740020751953,54.2735595703125,3401462
2016-12-23,HLT,56.20428085327149,56.43000030517578,56.01959991455078,56.16323852539063,54.11537551879883,1534990
2016-12-23,HLT,56.20428085327149,56.43000030517578,56.01959991455078,56.16323852539063,54.11537551879883,1534990
2016-12-27,HLT,56.45051956176758,56.65571975708008,56.12220001220703,56.28636169433594,54.23401641845703,3147368
2016-12-27,HLT,56.45051956176758,56.65571975708008,56.12220001220703,56.28636169433594,54.23401641845703,3147368
2016-12-28,HLT,56.471038818359375,56.55311965942383,55.44504165649414,55.50659942626953,53.482669830322266,5389474
2016-12-28,HLT,56.471038818359375,56.55311965942383,55.44504165649414,55.50659942626953,53.482669830322266,5389474
2016-12-29,HLT,55.67076110839844,55.99908065795898,55.30139923095703,55.91699981689453,53.878116607666016,1376170
2016-12-29,HLT,55.67076110839844,55.99908065795898,55.30139923095703,55.91699981689453,53.878116607666016,1376170
2016-12-30,HLT,55.91699981689453,56.12220001220703,55.46556091308594,55.81439971923828,53.77925491333008,2213255
2016-12-30,HLT,55.91699981689453,56.12220001220703,55.46556091308594,55.81439971923828,53.77925491333008,2213255
2017-01-03,HLT,56.573638916015625,56.67623901367188,55.40399932861328,56.20428085327149,54.15491485595703,3328021
2017-01-03,HLT,56.573638916015625,56.67623901367188,55.40399932861328,56.20428085327149,54.15491485595703,3328021
2017-01-04,HLT,57.29999923706055,59.7599983215332,57.29999923706055,58.0,55.88516998291016,5614500
2017-01-04,HLT,57.29999923706055,59.7599983215332,57.29999923706055,58.0,55.88516998291016,5614500
2017-01-05,HLT,58.060001373291016,58.41999816894531,56.84000015258789,57.31999969482422,55.22996520996094,5122200
2017-01-05,HLT,58.060001373291016,58.41999816894531,56.84000015258789,57.31999969482422,55.22996520996094,5122200
2017-01-06,HLT,57.18000030517578,57.560001373291016,56.22999954223633,57.470001220703125,55.37448501586914,3359000
2017-01-06,HLT,57.18000030517578,57.560001373291016,56.22999954223633,57.470001220703125,55.37448501586914,3359000
2017-01-09,HLT,57.29999923706055,57.29999923706055,56.47999954223633,56.959999084472656,54.883087158203125,3921800
2017-01-09,HLT,57.29999923706055,57.29999923706055,56.47999954223633,56.959999084472656,54.883087158203125,3921800
2017-01-10,HLT,56.959999084472656,57.0,55.77999877929688,56.02000045776367,53.97737121582031,3384700
2017-01-10,HLT,56.959999084472656,57.0,55.77999877929688,56.02000045776367,53.97737121582031,3384700
2017-01-11,HLT,55.7599983215332,56.310001373291016,55.709999084472656,56.0,53.95808792114258,2781500
2017-01-11,HLT,55.7599983215332,56.310001373291016,55.709999084472656,56.0,53.95808792114258,2781500
2017-01-12,HLT,56.11000061035156,56.29999923706055,55.0,55.400001525878906,53.37996292114258,7378600
2017-01-12,HLT,56.11000061035156,56.29999923706055,55.0,55.400001525878906,53.37996292114258,7378600
2017-01-13,HLT,55.56999969482422,56.25,55.47999954223633,56.220001220703125,54.17007827758789,3058600
2017-01-13,HLT,55.56999969482422,56.25,55.47999954223633,56.220001220703125,54.17007827758789,3058600
2017-01-17,HLT,56.31999969482422,56.31999969482422,55.68000030517578,56.09000015258789,54.04481887817383,2828900
2017-01-17,HLT,56.31999969482422,56.31999969482422,55.68000030517578,56.09000015258789,54.04481887817383,2828900
2017-01-18,HLT,56.130001068115234,56.95000076293945,56.02000045776367,56.95000076293945,54.87345123291016,2854600
2017-01-18,HLT,56.130001068115234,56.95000076293945,56.02000045776367,56.95000076293945,54.87345123291016,2854600
2017-01-19,HLT,57.4900016784668,57.90999984741211,57.27999877929688,57.5,55.40339279174805,4200900
2017-01-19,HLT,57.4900016784668,57.90999984741211,57.27999877929688,57.5,55.40339279174805,4200900
2017-01-20,HLT,57.540000915527344,58.08000183105469,57.540000915527344,57.70000076293945,55.59611129760742,2350500
2017-01-20,HLT,57.540000915527344,58.08000183105469,57.540000915527344,57.70000076293945,55.59611129760742,2350500
2017-01-23,HLT,57.709999084472656,57.84000015258789,57.18999862670898,57.75,55.64427947998047,2315200
2017-01-23,HLT,57.709999084472656,57.84000015258789,57.18999862670898,57.75,55.64427947998047,2315200
2017-01-24,HLT,58.0099983215332,58.29999923706055,57.709999084472656,58.09999847412109,55.98151779174805,1857100
2017-01-24,HLT,58.0099983215332,58.29999923706055,57.709999084472656,58.09999847412109,55.98151779174805,1857100
2017-01-25,HLT,58.09999847412109,58.93999862670898,58.09999847412109,58.77999877929688,56.63671875,1993100
2017-01-25,HLT,58.09999847412109,58.93999862670898,58.09999847412109,58.77999877929688,56.63671875,1993100
2017-01-26,HLT,59.04999923706055,59.27000045776367,58.68000030517578,58.75,56.60782241821289,2989000
2017-01-26,HLT,59.04999923706055,59.27000045776367,58.68000030517578,58.75,56.60782241821289,2989000
2017-01-27,HLT,58.869998931884766,59.0,58.470001220703125,58.54999923706055,56.41511154174805,1336000
2017-01-27,HLT,58.869998931884766,59.0,58.470001220703125,58.54999923706055,56.41511154174805,1336000
2017-01-30,HLT,58.2400016784668,58.380001068115234,57.630001068115234,58.040000915527344,55.923709869384766,1719500
2017-01-30,HLT,58.2400016784668,58.380001068115234,57.630001068115234,58.040000915527344,55.923709869384766,1719500
2017-01-31,HLT,57.77000045776367,57.959999084472656,57.56999969482422,57.58000183105469,55.48048400878906,2273900
2017-01-31,HLT,57.77000045776367,57.959999084472656,57.56999969482422,57.58000183105469,55.48048400878906,2273900
2017-02-01,HLT,57.93000030517578,58.11000061035156,57.22999954223633,57.34999847412109,55.25885772705078,3689900
2017-02-01,HLT,57.93000030517578,58.11000061035156,57.22999954223633,57.34999847412109,55.25885772705078,3689900
2017-02-02,HLT,57.52999877929688,57.68999862670898,57.130001068115234,57.29999923706055,55.21068954467773,2620000
2017-02-02,HLT,57.52999877929688,57.68999862670898,57.130001068115234,57.29999923706055,55.21068954467773,2620000
2017-02-03,HLT,57.33000183105469,57.81999969482422,57.29999923706055,57.79999923706055,55.69244766235352,1353200
2017-02-03,HLT,57.33000183105469,57.81999969482422,57.29999923706055,57.79999923706055,55.69244766235352,1353200
2017-02-06,HLT,57.560001373291016,58.22999954223633,57.38999938964844,57.720001220703125,55.615379333496094,1710400
2017-02-06,HLT,57.560001373291016,58.22999954223633,57.38999938964844,57.720001220703125,55.615379333496094,1710400
2017-02-07,HLT,57.97999954223633,58.2400016784668,57.630001068115234,57.810001373291016,55.70208358764648,2061400
2017-02-07,HLT,57.97999954223633,58.2400016784668,57.630001068115234,57.810001373291016,55.70208358764648,2061400
2017-02-08,HLT,57.720001220703125,58.43000030517578,57.470001220703125,58.2599983215332,56.13568115234375,1024900
2017-02-08,HLT,57.720001220703125,58.43000030517578,57.470001220703125,58.2599983215332,56.13568115234375,1024900
2017-02-09,HLT,58.2599983215332,58.91999816894531,58.18999862670898,58.63999938964844,56.50182342529297,1476800
2017-02-09,HLT,58.2599983215332,58.91999816894531,58.18999862670898,58.63999938964844,56.50182342529297,1476800
2017-02-10,HLT,58.84000015258789,58.84000015258789,58.47999954223633,58.68999862670898,56.55000686645508,1191000
2017-02-10,HLT,58.84000015258789,58.84000015258789,58.47999954223633,58.68999862670898,56.55000686645508,1191000
2017-02-13,HLT,58.869998931884766,59.16999816894531,58.63999938964844,58.84999847412109,56.70417022705078,1915300
2017-02-13,HLT,58.869998931884766,59.16999816894531,58.63999938964844,58.84999847412109,56.70417022705078,1915300
2017-02-14,HLT,58.790000915527344,58.90999984741211,58.41999816894531,58.470001220703125,56.33804321289063,2317300
2017-02-14,HLT,58.790000915527344,58.90999984741211,58.41999816894531,58.470001220703125,56.33804321289063,2317300
2017-02-15,HLT,58.41999816894531,59.84000015258789,57.5,59.459999084472656,57.29192352294922,4716200
2017-02-15,HLT,58.41999816894531,59.84000015258789,57.5,59.459999084472656,57.29192352294922,4716200
2017-02-16,HLT,59.540000915527344,60.4900016784668,59.13999938964844,59.2400016784668,57.07994842529297,3145300
2017-02-16,HLT,59.540000915527344,60.4900016784668,59.13999938964844,59.2400016784668,57.07994842529297,3145300
2017-02-17,HLT,59.02999877929688,59.02999877929688,58.060001373291016,58.5,56.36692810058594,2778200
2017-02-17,HLT,59.02999877929688,59.02999877929688,58.060001373291016,58.5,56.36692810058594,2778200
2017-02-21,HLT,58.650001525878906,58.650001525878906,57.97999954223633,58.02000045776367,55.904441833496094,2058800
2017-02-21,HLT,58.650001525878906,58.650001525878906,57.97999954223633,58.02000045776367,55.904441833496094,2058800
2017-02-22,HLT,57.869998931884766,58.13999938964844,57.59999847412109,57.84999847412109,55.74063873291016,2581000
2017-02-22,HLT,57.869998931884766,58.13999938964844,57.59999847412109,57.84999847412109,55.74063873291016,2581000
2017-02-23,HLT,58.09000015258789,58.209999084472656,57.119998931884766,57.209999084472656,55.12397766113281,1614900
2017-02-23,HLT,58.09000015258789,58.209999084472656,57.119998931884766,57.209999084472656,55.12397766113281,1614900
2017-02-24,HLT,57.31999969482422,58.0099983215332,57.18000030517578,57.77999877929688,55.67319107055664,1511300
2017-02-24,HLT,57.31999969482422,58.0099983215332,57.18000030517578,57.77999877929688,55.67319107055664,1511300
2017-02-27,HLT,57.77000045776367,58.09999847412109,57.40999984741211,58.02000045776367,55.904441833496094,1396000
2017-02-27,HLT,57.77000045776367,58.09999847412109,57.40999984741211,58.02000045776367,55.904441833496094,1396000
2017-02-28,HLT,58.040000915527344,58.18000030517578,57.04999923706055,57.20000076293945,55.11433410644531,2634800
2017-02-28,HLT,58.040000915527344,58.18000030517578,57.04999923706055,57.20000076293945,55.11433410644531,2634800
2017-03-01,HLT,57.88999938964844,58.18999862670898,57.52000045776367,57.70000076293945,55.59611129760742,2753700
2017-03-01,HLT,57.88999938964844,58.18999862670898,57.52000045776367,57.70000076293945,55.59611129760742,2753700
2017-03-02,HLT,57.52000045776367,58.34000015258789,57.34000015258789,58.16999816894531,56.04896926879883,2835800
2017-03-02,HLT,57.52000045776367,58.34000015258789,57.34000015258789,58.16999816894531,56.04896926879883,2835800
2017-03-03,HLT,57.720001220703125,57.790000915527344,56.470001220703125,57.75,55.64427947998047,3303400
2017-03-03,HLT,57.720001220703125,57.790000915527344,56.470001220703125,57.75,55.64427947998047,3303400
2017-03-06,HLT,57.43999862670898,57.59999847412109,56.970001220703125,57.310001373291016,55.2203254699707,1804300
2017-03-06,HLT,57.43999862670898,57.59999847412109,56.970001220703125,57.310001373291016,55.2203254699707,1804300
2017-03-07,HLT,57.220001220703125,57.220001220703125,56.29999923706055,56.63999938964844,54.57475662231445,2394200
2017-03-07,HLT,57.220001220703125,57.220001220703125,56.29999923706055,56.63999938964844,54.57475662231445,2394200
2017-03-08,HLT,56.93000030517578,56.9900016784668,56.27000045776367,56.290000915527344,54.38153839111328,2710800
2017-03-08,HLT,56.93000030517578,56.9900016784668,56.27000045776367,56.290000915527344,54.38153839111328,2710800
2017-03-09,HLT,56.310001373291016,56.61000061035156,55.790000915527344,55.84000015258789,53.94679260253906,1606800
2017-03-09,HLT,56.310001373291016,56.61000061035156,55.790000915527344,55.84000015258789,53.94679260253906,1606800
2017-03-10,HLT,56.06999969482422,56.5,55.93999862670898,56.47999954223633,54.56509399414063,2443200
2017-03-10,HLT,56.06999969482422,56.5,55.93999862670898,56.47999954223633,54.56509399414063,2443200
2017-03-13,HLT,56.5,57.52000045776367,56.41999816894531,57.5099983215332,55.5601692199707,1811900
2017-03-13,HLT,56.5,57.52000045776367,56.41999816894531,57.5099983215332,55.5601692199707,1811900
2017-03-14,HLT,57.34000015258789,57.5,57.06999969482422,57.290000915527344,55.34762191772461,1818300
2017-03-14,HLT,57.34000015258789,57.5,57.06999969482422,57.290000915527344,55.34762191772461,1818300
2017-03-15,HLT,57.45000076293945,58.369998931884766,57.380001068115234,58.150001525878906,56.17848587036133,1993500
2017-03-15,HLT,57.45000076293945,58.369998931884766,57.380001068115234,58.150001525878906,56.17848587036133,1993500
2017-03-16,HLT,58.209999084472656,58.79999923706055,58.06999969482422,58.209999084472656,56.23644256591797,1580700
2017-03-16,HLT,58.209999084472656,58.79999923706055,58.06999969482422,58.209999084472656,56.23644256591797,1580700
2017-03-17,HLT,58.59000015258789,58.650001525878906,57.84000015258789,57.91999816894531,55.95626449584961,1267500
2017-03-17,HLT,58.59000015258789,58.650001525878906,57.84000015258789,57.91999816894531,55.95626449584961,1267500
2017-03-20,HLT,57.91999816894531,58.09000015258789,57.310001373291016,57.5,55.55051803588867,999800
2017-03-20,HLT,57.91999816894531,58.09000015258789,57.310001373291016,57.5,55.55051803588867,999800
2017-03-21,HLT,57.88999938964844,58.34999847412109,56.630001068115234,56.68999862670898,54.76796722412109,2149600
2017-03-21,HLT,57.88999938964844,58.34999847412109,56.630001068115234,56.68999862670898,54.76796722412109,2149600
2017-03-22,HLT,56.619998931884766,57.83000183105469,56.38999938964844,57.70000076293945,55.74372863769531,1514500
2017-03-22,HLT,56.619998931884766,57.83000183105469,56.38999938964844,57.70000076293945,55.74372863769531,1514500
2017-03-23,HLT,57.810001373291016,58.810001373291016,57.70000076293945,58.31999969482422,56.342716217041016,1996900
2017-03-23,HLT,57.810001373291016,58.810001373291016,57.70000076293945,58.31999969482422,56.342716217041016,1996900
2017-03-24,HLT,58.369998931884766,58.790000915527344,58.040000915527344,58.310001373291016,56.33306503295898,1066700
2017-03-24,HLT,58.369998931884766,58.790000915527344,58.040000915527344,58.310001373291016,56.33306503295898,1066700
2017-03-27,HLT,57.959999084472656,58.02999877929688,57.33000183105469,57.84999847412109,55.88864135742188,2572000
2017-03-27,HLT,57.959999084472656,58.02999877929688,57.33000183105469,57.84999847412109,55.88864135742188,2572000
2017-03-28,HLT,57.91999816894531,59.09999847412109,57.54999923706055,58.66999816894531,56.68084335327149,1871500
2017-03-28,HLT,57.91999816894531,59.09999847412109,57.54999923706055,58.66999816894531,56.68084335327149,1871500
2017-03-29,HLT,58.43999862670898,58.959999084472656,58.34999847412109,58.61000061035156,56.62287902832031,1549100
2017-03-29,HLT,58.43999862670898,58.959999084472656,58.34999847412109,58.61000061035156,56.62287902832031,1549100
2017-03-30,HLT,58.619998931884766,59.43999862670898,58.59999847412109,58.77000045776367,56.77745056152344,1965400
2017-03-30,HLT,58.619998931884766,59.43999862670898,58.59999847412109,58.77000045776367,56.77745056152344,1965400
2017-03-31,HLT,58.65999984741211,59.18000030517578,58.36000061035156,58.459999084472656,56.47795867919922,2283900
2017-03-31,HLT,58.65999984741211,59.18000030517578,58.36000061035156,58.459999084472656,56.47795867919922,2283900
2017-04-03,HLT,57.869998931884766,58.45000076293945,57.04999923706055,57.619998931884766,55.66645050048828,3273200
2017-04-03,HLT,57.869998931884766,58.45000076293945,57.04999923706055,57.619998931884766,55.66645050048828,3273200
2017-04-04,HLT,57.40999984741211,57.52999877929688,56.7599983215332,57.06999969482422,55.13508987426758,2188500
2017-04-04,HLT,57.40999984741211,57.52999877929688,56.7599983215332,57.06999969482422,55.13508987426758,2188500
2017-04-05,HLT,57.310001373291016,57.68999862670898,56.68999862670898,56.75,54.82594680786133,2314200
2017-04-05,HLT,57.310001373291016,57.68999862670898,56.68999862670898,56.75,54.82594680786133,2314200
2017-04-06,HLT,56.9900016784668,57.119998931884766,56.540000915527344,57.09999847412109,55.16406631469727,1107200
2017-04-06,HLT,56.9900016784668,57.119998931884766,56.540000915527344,57.09999847412109,55.16406631469727,1107200
2017-04-07,HLT,57.08000183105469,57.08000183105469,55.90999984741211,56.59999847412109,54.68102645874024,3066200
2017-04-07,HLT,57.08000183105469,57.08000183105469,55.90999984741211,56.59999847412109,54.68102645874024,3066200
2017-04-10,HLT,57.34999847412109,57.54999923706055,56.880001068115234,57.18000030517578,55.24136734008789,2651000
2017-04-10,HLT,57.34999847412109,57.54999923706055,56.880001068115234,57.18000030517578,55.24136734008789,2651000
2017-04-11,HLT,57.34999847412109,57.540000915527344,56.93999862670898,57.47999954223633,55.53118896484375,1369500
2017-04-11,HLT,57.34999847412109,57.540000915527344,56.93999862670898,57.47999954223633,55.53118896484375,1369500
2017-04-12,HLT,57.619998931884766,57.630001068115234,57.15999984741211,57.41999816894531,55.47321701049805,1929600
2017-04-12,HLT,57.619998931884766,57.630001068115234,57.15999984741211,57.41999816894531,55.47321701049805,1929600
2017-04-13,HLT,57.38999938964844,57.7599983215332,57.09999847412109,57.11000061035156,55.17375183105469,2129200
2017-04-13,HLT,57.38999938964844,57.7599983215332,57.09999847412109,57.11000061035156,55.17375183105469,2129200
2017-04-17,HLT,57.34000015258789,57.47999954223633,56.95000076293945,57.33000183105469,55.386268615722656,1965800
2017-04-17,HLT,57.34000015258789,57.47999954223633,56.95000076293945,57.33000183105469,55.386268615722656,1965800
2017-04-18,HLT,57.09999847412109,57.400001525878906,56.2400016784668,56.86000061035156,54.93220138549805,1730100
2017-04-18,HLT,57.09999847412109,57.400001525878906,56.2400016784668,56.86000061035156,54.93220138549805,1730100
2017-04-19,HLT,57.16999816894531,57.36000061035156,56.65999984741211,56.91999816894531,54.99017333984375,1939800
2017-04-19,HLT,57.16999816894531,57.36000061035156,56.65999984741211,56.91999816894531,54.99017333984375,1939800
2017-04-20,HLT,57.09000015258789,57.84999847412109,56.27999877929688,57.59000015258789,55.63746643066406,5217200
2017-04-20,HLT,57.09000015258789,57.84999847412109,56.27999877929688,57.59000015258789,55.63746643066406,5217200
2017-04-21,HLT,57.63999938964844,57.63999938964844,57.150001525878906,57.34999847412109,55.40559387207031,1197800
2017-04-21,HLT,57.63999938964844,57.63999938964844,57.150001525878906,57.34999847412109,55.40559387207031,1197800
2017-04-24,HLT,58.0,58.16999816894531,57.77000045776367,58.040000915527344,56.07220077514648,2150700
2017-04-24,HLT,58.0,58.16999816894531,57.77000045776367,58.040000915527344,56.07220077514648,2150700
2017-04-25,HLT,58.20000076293945,58.72999954223633,58.119998931884766,58.540000915527344,56.55525588989258,1330000
2017-04-25,HLT,58.20000076293945,58.72999954223633,58.119998931884766,58.540000915527344,56.55525588989258,1330000
2017-04-26,HLT,58.380001068115234,61.02000045776367,58.27999877929688,60.59999847412109,58.54541015625,4502400
2017-04-26,HLT,58.380001068115234,61.02000045776367,58.27999877929688,60.59999847412109,58.54541015625,4502400
2017-04-27,HLT,60.7400016784668,60.7400016784668,59.880001068115234,60.2400016784668,58.19760513305664,1695400
2017-04-27,HLT,60.7400016784668,60.7400016784668,59.880001068115234,60.2400016784668,58.19760513305664,1695400
2017-04-28,HLT,60.36000061035156,60.369998931884766,58.40999984741211,58.970001220703125,56.97068405151367,3223000
2017-04-28,HLT,60.36000061035156,60.369998931884766,58.40999984741211,58.970001220703125,56.97068405151367,3223000
2017-05-01,HLT,59.400001525878906,60.04999923706055,58.900001525878906,59.31999969482422,57.30879974365234,2957200
2017-05-01,HLT,59.400001525878906,60.04999923706055,58.900001525878906,59.31999969482422,57.30879974365234,2957200
2017-05-02,HLT,61.459999084472656,61.81999969482422,59.959999084472656,61.4900016784668,59.40523910522461,4208800
2017-05-02,HLT,61.459999084472656,61.81999969482422,59.959999084472656,61.4900016784668,59.40523910522461,4208800
2017-05-03,HLT,61.45000076293945,61.869998931884766,60.7599983215332,61.0,58.93184661865234,2471700
2017-05-03,HLT,61.45000076293945,61.869998931884766,60.7599983215332,61.0,58.93184661865234,2471700
2017-05-04,HLT,61.150001525878906,61.290000915527344,60.119998931884766,60.5,58.44880294799805,2316300
2017-05-04,HLT,61.150001525878906,61.290000915527344,60.119998931884766,60.5,58.44880294799805,2316300
2017-05-05,HLT,60.68000030517578,61.119998931884766,60.66999816894531,61.06999969482422,58.99947738647461,2605500
2017-05-05,HLT,60.68000030517578,61.119998931884766,60.66999816894531,61.06999969482422,58.99947738647461,2605500
2017-05-08,HLT,61.06999969482422,61.400001525878906,60.5099983215332,60.68000030517578,58.62268829345703,2005800
2017-05-08,HLT,61.06999969482422,61.400001525878906,60.5099983215332,60.68000030517578,58.62268829345703,2005800
2017-05-09,HLT,61.79999923706055,63.40999984741211,61.63999938964844,62.33000183105469,60.216758728027344,3562100
2017-05-09,HLT,61.79999923706055,63.40999984741211,61.63999938964844,62.33000183105469,60.216758728027344,3562100
2017-05-10,HLT,62.15999984741211,62.400001525878906,61.59000015258789,62.119998931884766,60.15864944458008,1954500
2017-05-10,HLT,62.15999984741211,62.400001525878906,61.59000015258789,62.119998931884766,60.15864944458008,1954500
2017-05-11,HLT,61.79999923706055,62.36000061035156,61.5099983215332,62.209999084472656,60.24580383300781,1348800
2017-05-11,HLT,61.79999923706055,62.36000061035156,61.5099983215332,62.209999084472656,60.24580383300781,1348800
2017-05-12,HLT,62.09999847412109,62.310001373291016,61.84999847412109,62.09999847412109,60.1392822265625,1163800
2017-05-12,HLT,62.09999847412109,62.310001373291016,61.84999847412109,62.09999847412109,60.1392822265625,1163800
2017-05-15,HLT,62.2400016784668,62.75,62.11000061035156,62.619998931884766,60.64286804199219,2124900
2017-05-15,HLT,62.2400016784668,62.75,62.11000061035156,62.619998931884766,60.64286804199219,2124900
2017-05-16,HLT,62.68999862670898,62.869998931884766,62.15999984741211,62.43000030517578,60.45885467529297,2114800
2017-05-16,HLT,62.68999862670898,62.869998931884766,62.15999984741211,62.43000030517578,60.45885467529297,2114800
2017-05-17,HLT,61.81999969482422,61.880001068115234,61.02000045776367,61.29999923706055,59.36454391479492,1765200
2017-05-17,HLT,61.81999969482422,61.880001068115234,61.02000045776367,61.29999923706055,59.36454391479492,1765200
2017-05-18,HLT,61.29999923706055,62.810001373291016,60.959999084472656,62.43999862670898,60.468544006347656,2239500
2017-05-18,HLT,61.29999923706055,62.810001373291016,60.959999084472656,62.43999862670898,60.468544006347656,2239500
2017-05-19,HLT,62.79999923706055,64.05000305175781,62.619998931884766,63.84999847412109,61.834022521972656,2605400
2017-05-19,HLT,62.79999923706055,64.05000305175781,62.619998931884766,63.84999847412109,61.834022521972656,2605400
2017-05-22,HLT,63.77999877929688,65.31999969482422,63.66999816894531,65.25,63.18983840942383,3643600
2017-05-22,HLT,63.77999877929688,65.31999969482422,63.66999816894531,65.25,63.18983840942383,3643600
2017-05-23,HLT,65.5,66.38999938964844,64.91000366210938,65.48999786376953,63.422245025634766,4021800
2017-05-23,HLT,65.5,66.38999938964844,64.91000366210938,65.48999786376953,63.422245025634766,4021800
2017-05-24,HLT,65.7699966430664,66.29000091552734,65.0999984741211,65.4800033569336,63.41258239746094,3024100
2017-05-24,HLT,65.7699966430664,66.29000091552734,65.0999984741211,65.4800033569336,63.41258239746094,3024100
2017-05-25,HLT,65.76000213623047,66.11000061035156,65.12999725341797,65.12999725341797,63.0735969543457,2766600
2017-05-25,HLT,65.76000213623047,66.11000061035156,65.12999725341797,65.12999725341797,63.0735969543457,2766600
2017-05-26,HLT,65.16000366210938,65.55000305175781,64.94000244140625,65.33999633789062,63.276981353759766,1445800
2017-05-26,HLT,65.16000366210938,65.55000305175781,64.94000244140625,65.33999633789062,63.276981353759766,1445800
2017-05-30,HLT,65.26000213623047,65.69999694824219,65.12999725341797,65.54000091552734,63.470680236816406,1104500
2017-05-30,HLT,65.26000213623047,65.69999694824219,65.12999725341797,65.54000091552734,63.470680236816406,1104500
2017-05-31,HLT,65.8499984741211,66.58000183105469,65.3499984741211,66.47000122070312,64.37129974365234,3402000
2017-05-31,HLT,65.8499984741211,66.58000183105469,65.3499984741211,66.47000122070312,64.37129974365234,3402000
2017-06-01,HLT,66.70999908447266,67.5,66.31999969482422,66.63999938964844,64.53593444824219,2001900
2017-06-01,HLT,66.70999908447266,67.5,66.31999969482422,66.63999938964844,64.53593444824219,2001900
2017-06-02,HLT,66.97000122070312,67.54000091552734,66.52999877929688,67.41000366210938,65.28162384033203,1590400
2017-06-02,HLT,66.97000122070312,67.54000091552734,66.52999877929688,67.41000366210938,65.28162384033203,1590400
2017-06-05,HLT,67.66999816894531,67.79000091552734,66.97000122070312,66.98999786376953,64.8748779296875,1599200
2017-06-05,HLT,67.66999816894531,67.79000091552734,66.97000122070312,66.98999786376953,64.8748779296875,1599200
2017-06-06,HLT,66.58000183105469,66.70999908447266,65.55000305175781,65.76000213623047,63.6837158203125,1999400
2017-06-06,HLT,66.58000183105469,66.70999908447266,65.55000305175781,65.76000213623047,63.6837158203125,1999400
2017-06-07,HLT,65.76000213623047,66.2699966430664,65.41999816894531,66.1500015258789,64.06143951416016,2661200
2017-06-07,HLT,65.76000213623047,66.2699966430664,65.41999816894531,66.1500015258789,64.06143951416016,2661200
2017-06-08,HLT,65.26000213623047,65.5,64.66000366210938,65.0199966430664,62.96708297729492,8180400
2017-06-08,HLT,65.26000213623047,65.5,64.66000366210938,65.0199966430664,62.96708297729492,8180400
2017-06-09,HLT,65.3499984741211,65.86000061035156,64.0199966430664,64.75,62.705604553222656,7990900
2017-06-09,HLT,65.3499984741211,65.86000061035156,64.0199966430664,64.75,62.705604553222656,7990900
2017-06-12,HLT,66.30999755859375,66.45999908447266,65.25,65.8499984741211,63.77088165283203,10162800
2017-06-12,HLT,66.30999755859375,66.45999908447266,65.25,65.8499984741211,63.77088165283203,10162800
2017-06-13,HLT,66.13999938964844,66.69000244140625,66.0199966430664,66.44999694824219,64.3519287109375,5087200
2017-06-13,HLT,66.13999938964844,66.69000244140625,66.0199966430664,66.44999694824219,64.3519287109375,5087200
2017-06-14,HLT,66.62000274658203,66.86000061035156,65.87999725341797,66.25,64.15824890136719,7387200
2017-06-14,HLT,66.62000274658203,66.86000061035156,65.87999725341797,66.25,64.15824890136719,7387200
2017-06-15,HLT,65.80999755859375,66.98999786376953,65.52999877929688,66.8499984741211,64.73931884765625,4511100
2017-06-15,HLT,65.80999755859375,66.98999786376953,65.52999877929688,66.8499984741211,64.73931884765625,4511100
2017-06-16,HLT,67.2699966430664,67.29000091552734,66.4000015258789,66.41000366210938,64.31320190429688,33236400
2017-06-16,HLT,67.2699966430664,67.29000091552734,66.4000015258789,66.41000366210938,64.31320190429688,33236400
2017-06-19,HLT,66.58999633789062,67.30999755859375,66.30000305175781,66.83999633789062,64.72962188720703,4391000
2017-06-19,HLT,66.58999633789062,67.30999755859375,66.30000305175781,66.83999633789062,64.72962188720703,4391000
2017-06-20,HLT,67.04000091552734,67.06999969482422,65.69000244140625,65.87999725341797,63.79994583129883,4031600
2017-06-20,HLT,67.04000091552734,67.06999969482422,65.69000244140625,65.87999725341797,63.79994583129883,4031600
2017-06-21,HLT,66.30000305175781,66.3499984741211,65.27999877929688,65.5999984741211,63.52876663208008,3997000
2017-06-21,HLT,66.30000305175781,66.3499984741211,65.27999877929688,65.5999984741211,63.52876663208008,3997000
2017-06-22,HLT,65.44999694824219,65.47000122070312,64.88999938964844,65.19999694824219,63.14139175415039,2623500
2017-06-22,HLT,65.44999694824219,65.47000122070312,64.88999938964844,65.19999694824219,63.14139175415039,2623500
2017-06-23,HLT,65.0999984741211,65.55999755859375,64.76000213623047,65.4000015258789,63.3350830078125,3110900
2017-06-23,HLT,65.0999984741211,65.55999755859375,64.76000213623047,65.4000015258789,63.3350830078125,3110900
2017-06-26,HLT,65.37999725341797,65.55000305175781,64.9800033569336,65.2300033569336,63.170448303222656,1736200
2017-06-26,HLT,65.37999725341797,65.55000305175781,64.9800033569336,65.2300033569336,63.170448303222656,1736200
2017-06-27,HLT,65.05000305175781,65.0999984741211,63.41999816894531,63.45000076293945,61.4466552734375,3272200
2017-06-27,HLT,65.05000305175781,65.0999984741211,63.41999816894531,63.45000076293945,61.4466552734375,3272200
2017-06-28,HLT,63.79999923706055,64.06999969482422,63.16999816894531,63.36000061035156,61.3594970703125,2607000
2017-06-28,HLT,63.79999923706055,64.06999969482422,63.16999816894531,63.36000061035156,61.3594970703125,2607000
2017-06-29,HLT,63.25,63.34000015258789,61.65999984741211,62.25,60.28454208374024,3666800
2017-06-29,HLT,63.25,63.34000015258789,61.65999984741211,62.25,60.28454208374024,3666800
2017-06-30,HLT,62.650001525878906,62.90999984741211,61.81999969482422,61.84999847412109,59.89717102050781,3556000
2017-06-30,HLT,62.650001525878906,62.90999984741211,61.81999969482422,61.84999847412109,59.89717102050781,3556000
2017-07-03,HLT,61.97999954223633,62.08000183105469,61.29999923706055,61.310001373291016,59.37422943115234,1967400
2017-07-03,HLT,61.97999954223633,62.08000183105469,61.29999923706055,61.310001373291016,59.37422943115234,1967400
2017-07-05,HLT,61.310001373291016,61.79999923706055,60.7400016784668,61.5099983215332,59.56789779663086,3681400
2017-07-05,HLT,61.310001373291016,61.79999923706055,60.7400016784668,61.5099983215332,59.56789779663086,3681400
2017-07-06,HLT,61.02000045776367,61.540000915527344,60.619998931884766,61.08000183105469,59.1514892578125,2926200
2017-07-06,HLT,61.02000045776367,61.540000915527344,60.619998931884766,61.08000183105469,59.1514892578125,2926200
2017-07-07,HLT,61.209999084472656,62.0099983215332,61.02000045776367,61.7599983215332,59.810020446777344,4443300
2017-07-07,HLT,61.209999084472656,62.0099983215332,61.02000045776367,61.7599983215332,59.810020446777344,4443300
2017-07-10,HLT,61.7599983215332,62.290000915527344,61.630001068115234,62.20000076293945,60.236114501953125,4126300
2017-07-10,HLT,61.7599983215332,62.290000915527344,61.630001068115234,62.20000076293945,60.236114501953125,4126300
2017-07-11,HLT,61.88999938964844,62.61000061035156,61.81999969482422,62.459999084472656,60.487911224365234,5848800
2017-07-11,HLT,61.88999938964844,62.61000061035156,61.81999969482422,62.459999084472656,60.487911224365234,5848800
2017-07-12,HLT,62.79999923706055,62.970001220703125,61.84000015258789,61.93000030517578,59.97464370727539,2444000
2017-07-12,HLT,62.79999923706055,62.970001220703125,61.84000015258789,61.93000030517578,59.97464370727539,2444000
2017-07-13,HLT,62.040000915527344,62.380001068115234,61.77999877929688,62.08000183105469,60.11990737915039,1780200
2017-07-13,HLT,62.040000915527344,62.380001068115234,61.77999877929688,62.08000183105469,60.11990737915039,1780200
2017-07-14,HLT,61.959999084472656,62.540000915527344,61.75,62.45000076293945,60.47823333740234,3466500
2017-07-14,HLT,61.959999084472656,62.540000915527344,61.75,62.45000076293945,60.47823333740234,3466500
2017-07-17,HLT,62.400001525878906,62.880001068115234,62.18000030517578,62.619998931884766,60.64286804199219,1403100
2017-07-17,HLT,62.400001525878906,62.880001068115234,62.18000030517578,62.619998931884766,60.64286804199219,1403100
2017-07-18,HLT,62.560001373291016,62.900001525878906,62.33000183105469,62.4900016784668,60.516971588134766,2219600
2017-07-18,HLT,62.560001373291016,62.900001525878906,62.33000183105469,62.4900016784668,60.516971588134766,2219600
2017-07-19,HLT,62.43999862670898,62.650001525878906,62.09000015258789,62.119998931884766,60.15864944458008,1810300
2017-07-19,HLT,62.43999862670898,62.650001525878906,62.09000015258789,62.119998931884766,60.15864944458008,1810300
2017-07-20,HLT,62.11000061035156,62.22999954223633,61.5099983215332,62.0099983215332,60.05211639404297,2172100
2017-07-20,HLT,62.11000061035156,62.22999954223633,61.5099983215332,62.0099983215332,60.05211639404297,2172100
2017-07-21,HLT,61.880001068115234,62.4900016784668,61.84000015258789,62.470001220703125,60.49760818481445,1871200
2017-07-21,HLT,61.880001068115234,62.4900016784668,61.84000015258789,62.470001220703125,60.49760818481445,1871200
2017-07-24,HLT,62.5,62.790000915527344,61.9900016784668,62.0099983215332,60.05211639404297,1923400
2017-07-24,HLT,62.5,62.790000915527344,61.9900016784668,62.0099983215332,60.05211639404297,1923400
2017-07-25,HLT,62.31999969482422,63.130001068115234,61.720001220703125,63.08000183105469,61.08834457397461,3711500
2017-07-25,HLT,62.31999969482422,63.130001068115234,61.720001220703125,63.08000183105469,61.08834457397461,3711500
2017-07-26,HLT,63.900001525878906,64.66000366210938,62.02999877929688,62.52000045776367,60.546024322509766,6574700
2017-07-26,HLT,63.900001525878906,64.66000366210938,62.02999877929688,62.52000045776367,60.546024322509766,6574700
2017-07-27,HLT,62.83000183105469,62.83000183105469,61.75,62.560001373291016,60.584754943847656,2882500
2017-07-27,HLT,62.83000183105469,62.83000183105469,61.75,62.560001373291016,60.584754943847656,2882500
2017-07-28,HLT,62.22999954223633,62.75,62.22999954223633,62.459999084472656,60.487911224365234,1184800
2017-07-28,HLT,62.22999954223633,62.75,62.22999954223633,62.459999084472656,60.487911224365234,1184800
2017-07-31,HLT,62.810001373291016,62.869998931884766,62.290000915527344,62.52999877929688,60.555694580078125,2068100
2017-07-31,HLT,62.810001373291016,62.869998931884766,62.290000915527344,62.52999877929688,60.555694580078125,2068100
2017-08-01,HLT,62.880001068115234,63.34999847412109,62.43999862670898,62.77000045776367,60.788116455078125,2659200
2017-08-01,HLT,62.880001068115234,63.34999847412109,62.43999862670898,62.77000045776367,60.788116455078125,2659200
2017-08-02,HLT,62.68999862670898,63.58000183105469,61.27999877929688,61.97999954223633,60.02306365966797,2185900
2017-08-02,HLT,62.68999862670898,63.58000183105469,61.27999877929688,61.97999954223633,60.02306365966797,2185900
2017-08-03,HLT,62.09999847412109,62.650001525878906,62.0,62.130001068115234,60.1683349609375,1957400
2017-08-03,HLT,62.09999847412109,62.650001525878906,62.0,62.130001068115234,60.1683349609375,1957400
2017-08-04,HLT,62.310001373291016,63.130001068115234,62.13999938964844,62.97999954223633,60.99149703979492,2891400
2017-08-04,HLT,62.310001373291016,63.130001068115234,62.13999938964844,62.97999954223633,60.99149703979492,2891400
2017-08-07,HLT,63.34000015258789,63.869998931884766,63.02000045776367,63.77000045776367,61.75655746459961,3245100
2017-08-07,HLT,63.34000015258789,63.869998931884766,63.02000045776367,63.77000045776367,61.75655746459961,3245100
2017-08-08,HLT,62.84000015258789,63.18000030517578,61.7400016784668,62.08000183105469,60.11990737915039,2852100
2017-08-08,HLT,62.84000015258789,63.18000030517578,61.7400016784668,62.08000183105469,60.11990737915039,2852100
2017-08-09,HLT,61.7599983215332,61.79999923706055,60.9900016784668,61.369998931884766,59.43232727050781,2983200
2017-08-09,HLT,61.7599983215332,61.79999923706055,60.9900016784668,61.369998931884766,59.43232727050781,2983200
2017-08-10,HLT,60.9900016784668,61.40999984741211,60.650001525878906,61.0,59.07402038574219,2226600
2017-08-10,HLT,60.9900016784668,61.40999984741211,60.650001525878906,61.0,59.07402038574219,2226600
2017-08-11,HLT,60.91999816894531,61.560001373291016,60.77000045776367,61.29999923706055,59.36454391479492,1682900
2017-08-11,HLT,60.91999816894531,61.560001373291016,60.77000045776367,61.29999923706055,59.36454391479492,1682900
2017-08-14,HLT,61.869998931884766,61.93999862670898,61.31999969482422,61.75,59.800323486328125,2410300
2017-08-14,HLT,61.869998931884766,61.93999862670898,61.31999969482422,61.75,59.800323486328125,2410300
2017-08-15,HLT,61.970001220703125,62.400001525878906,61.619998931884766,62.209999084472656,60.24580383300781,2022800
2017-08-15,HLT,61.970001220703125,62.400001525878906,61.619998931884766,62.209999084472656,60.24580383300781,2022800
2017-08-16,HLT,62.29999923706055,62.7599983215332,62.09999847412109,62.43999862670898,60.61470031738281,2149400
2017-08-16,HLT,62.29999923706055,62.7599983215332,62.09999847412109,62.43999862670898,60.61470031738281,2149400
2017-08-17,HLT,62.02999877929688,62.38999938964844,60.68000030517578,60.81999969482422,59.04206085205078,2701800
2017-08-17,HLT,62.02999877929688,62.38999938964844,60.68000030517578,60.81999969482422,59.04206085205078,2701800
2017-08-18,HLT,60.720001220703125,61.52999877929688,60.540000915527344,61.060001373291016,59.27504348754883,2654300
2017-08-18,HLT,60.720001220703125,61.52999877929688,60.540000915527344,61.060001373291016,59.27504348754883,2654300
2017-08-21,HLT,61.209999084472656,61.900001525878906,61.09999847412109,61.77999877929688,59.97399139404297,1689200
2017-08-21,HLT,61.209999084472656,61.900001525878906,61.09999847412109,61.77999877929688,59.97399139404297,1689200
2017-08-22,HLT,61.880001068115234,63.369998931884766,61.79999923706055,63.31999969482422,61.468971252441406,1820200
2017-08-22,HLT,61.880001068115234,63.369998931884766,61.79999923706055,63.31999969482422,61.468971252441406,1820200
2017-08-23,HLT,62.88999938964844,63.400001525878906,62.720001220703125,63.119998931884766,61.27481842041016,1286000
2017-08-23,HLT,62.88999938964844,63.400001525878906,62.720001220703125,63.119998931884766,61.27481842041016,1286000
2017-08-24,HLT,63.470001220703125,63.720001220703125,62.84000015258789,62.90999984741211,61.07095336914063,1445800
2017-08-24,HLT,63.470001220703125,63.720001220703125,62.84000015258789,62.90999984741211,61.07095336914063,1445800
2017-08-25,HLT,63.15999984741211,63.709999084472656,63.0099983215332,63.47999954223633,61.624298095703125,1365000
2017-08-25,HLT,63.15999984741211,63.709999084472656,63.0099983215332,63.47999954223633,61.624298095703125,1365000
2017-08-28,HLT,63.720001220703125,63.77000045776367,62.91999816894531,63.16999816894531,61.32335662841797,1517800
2017-08-28,HLT,63.720001220703125,63.77000045776367,62.91999816894531,63.16999816894531,61.32335662841797,1517800
2017-08-29,HLT,62.81999969482422,63.0,62.52999877929688,62.88999938964844,61.05152893066406,1795400
2017-08-29,HLT,62.81999969482422,63.0,62.52999877929688,62.88999938964844,61.05152893066406,1795400
2017-08-30,HLT,62.93000030517578,64.80000305175781,62.810001373291016,64.31999969482422,62.43974304199219,2070500
2017-08-30,HLT,62.93000030517578,64.80000305175781,62.810001373291016,64.31999969482422,62.43974304199219,2070500
2017-08-31,HLT,64.33000183105469,64.76000213623047,64.02999877929688,64.33000183105469,62.44945526123047,2797900
2017-08-31,HLT,64.33000183105469,64.76000213623047,64.02999877929688,64.33000183105469,62.44945526123047,2797900
2017-09-01,HLT,64.69999694824219,64.87000274658203,64.27999877929688,64.58999633789062,62.70184326171875,1273100
2017-09-01,HLT,64.69999694824219,64.87000274658203,64.27999877929688,64.58999633789062,62.70184326171875,1273100
2017-09-05,HLT,64.41999816894531,64.45999908447266,62.900001525878906,63.59999847412109,61.74079132080078,2696600
2017-09-05,HLT,64.41999816894531,64.45999908447266,62.900001525878906,63.59999847412109,61.74079132080078,2696600
2017-09-06,HLT,63.79999923706055,64.0,63.290000915527344,63.66999816894531,61.80874252319336,1495600
2017-09-06,HLT,63.79999923706055,64.0,63.290000915527344,63.66999816894531,61.80874252319336,1495600
2017-09-07,HLT,63.880001068115234,64.16999816894531,63.52999877929688,63.88999938964844,62.022308349609375,1518000
2017-09-07,HLT,63.880001068115234,64.16999816894531,63.52999877929688,63.88999938964844,62.022308349609375,1518000
2017-09-08,HLT,63.88999938964844,65.33999633789062,63.7400016784668,65.13999938964844,63.23577880859375,2551700
2017-09-08,HLT,63.88999938964844,65.33999633789062,63.7400016784668,65.13999938964844,63.23577880859375,2551700
2017-09-11,HLT,65.66999816894531,66.30000305175781,65.58999633789062,65.94999694824219,64.02207946777344,2604400
2017-09-11,HLT,65.66999816894531,66.30000305175781,65.58999633789062,65.94999694824219,64.02207946777344,2604400
2017-09-12,HLT,65.9800033569336,66.25,65.66000366210938,66.06999969482422,64.13858032226562,1213100
2017-09-12,HLT,65.9800033569336,66.25,65.66000366210938,66.06999969482422,64.13858032226562,1213100
2017-09-13,HLT,65.87000274658203,66.86000061035156,65.83000183105469,66.68000030517578,64.73075103759766,1863500
2017-09-13,HLT,65.87000274658203,66.86000061035156,65.83000183105469,66.68000030517578,64.73075103759766,1863500
2017-09-14,HLT,66.5999984741211,66.72000122070312,65.91000366210938,66.5199966430664,64.57543182373047,1726800
2017-09-14,HLT,66.5999984741211,66.72000122070312,65.91000366210938,66.5199966430664,64.57543182373047,1726800
2017-09-15,HLT,66.45999908447266,66.88999938964844,66.06999969482422,66.62999725341797,64.68221282958984,2449200
2017-09-15,HLT,66.45999908447266,66.88999938964844,66.06999969482422,66.62999725341797,64.68221282958984,2449200
2017-09-18,HLT,66.58999633789062,66.80999755859375,66.33000183105469,66.55999755859375,64.6142578125,2207000
2017-09-18,HLT,66.58999633789062,66.80999755859375,66.33000183105469,66.55999755859375,64.6142578125,2207000
2017-09-19,HLT,66.55999755859375,67.06999969482422,66.20999908447266,66.88999938964844,64.93461608886719,1977200
2017-09-19,HLT,66.55999755859375,67.06999969482422,66.20999908447266,66.88999938964844,64.93461608886719,1977200
2017-09-20,HLT,67.0199966430664,67.36000061035156,66.63999938964844,67.04000091552734,65.08024597167969,1440800
2017-09-20,HLT,67.0199966430664,67.36000061035156,66.63999938964844,67.04000091552734,65.08024597167969,1440800
2017-09-21,HLT,66.98999786376953,67.5199966430664,66.81999969482422,67.33999633789062,65.37145233154297,1184600
2017-09-21,HLT,66.98999786376953,67.5199966430664,66.81999969482422,67.33999633789062,65.37145233154297,1184600
2017-09-22,HLT,67.33999633789062,68.37000274658203,67.18000030517578,68.19000244140625,66.19660186767578,2072700
2017-09-22,HLT,67.33999633789062,68.37000274658203,67.18000030517578,68.19000244140625,66.19660186767578,2072700
2017-09-25,HLT,68.19000244140625,69.3499984741211,67.9800033569336,68.70999908447266,66.70140838623047,2245600
2017-09-25,HLT,68.19000244140625,69.3499984741211,67.9800033569336,68.70999908447266,66.70140838623047,2245600
2017-09-26,HLT,69.08000183105469,69.5199966430664,68.80000305175781,69.5,67.46833038330078,2773200
2017-09-26,HLT,69.08000183105469,69.5199966430664,68.80000305175781,69.5,67.46833038330078,2773200
2017-09-27,HLT,69.69000244140625,69.73999786376953,68.69000244140625,69.11000061035156,67.0897216796875,1930400
2017-09-27,HLT,69.69000244140625,69.73999786376953,68.69000244140625,69.11000061035156,67.0897216796875,1930400
2017-09-28,HLT,69.02999877929688,69.55000305175781,68.97000122070312,69.36000061035156,67.3324203491211,1485200
2017-09-28,HLT,69.02999877929688,69.55000305175781,68.97000122070312,69.36000061035156,67.3324203491211,1485200
2017-09-29,HLT,68.94999694824219,69.44999694824219,68.44000244140625,69.44999694824219,67.41976165771484,7072200
2017-09-29,HLT,68.94999694824219,69.44999694824219,68.44000244140625,69.44999694824219,67.41976165771484,7072200
2017-10-02,HLT,69.25,69.69000244140625,69.16000366210938,69.43000030517578,67.40035247802734,2902500
2017-10-02,HLT,69.25,69.69000244140625,69.16000366210938,69.43000030517578,67.40035247802734,2902500
2017-10-03,HLT,69.48999786376953,69.51000213623047,68.72000122070312,68.86000061035156,66.8470230102539,2494000
2017-10-03,HLT,69.48999786376953,69.51000213623047,68.72000122070312,68.86000061035156,66.8470230102539,2494000
2017-10-04,HLT,68.87000274658203,69.02999877929688,68.5999984741211,68.91000366210938,66.89558410644531,1905900
2017-10-04,HLT,68.87000274658203,69.02999877929688,68.5999984741211,68.91000366210938,66.89558410644531,1905900
2017-10-05,HLT,68.94000244140625,69.61000061035156,68.80000305175781,69.37000274658203,67.34212493896484,2302300
2017-10-05,HLT,68.94000244140625,69.61000061035156,68.80000305175781,69.37000274658203,67.34212493896484,2302300
2017-10-06,HLT,69.36000061035156,69.69999694824219,69.19999694824219,69.4800033569336,67.44889068603516,1987600
2017-10-06,HLT,69.36000061035156,69.69999694824219,69.19999694824219,69.4800033569336,67.44889068603516,1987600
2017-10-09,HLT,69.5,69.97000122070312,69.45999908447266,69.66000366210938,67.62364196777344,1358300
2017-10-09,HLT,69.5,69.97000122070312,69.45999908447266,69.66000366210938,67.62364196777344,1358300
2017-10-10,HLT,69.80000305175781,69.97000122070312,69.51000213623047,69.91999816894531,67.87602996826172,1799700
2017-10-10,HLT,69.80000305175781,69.97000122070312,69.51000213623047,69.91999816894531,67.87602996826172,1799700
2017-10-11,HLT,70.0,70.3499984741211,69.83000183105469,70.22000122070312,68.1672592163086,3004100
2017-10-11,HLT,70.0,70.3499984741211,69.83000183105469,70.22000122070312,68.1672592163086,3004100
2017-10-12,HLT,70.1500015258789,70.5,69.83999633789062,70.37999725341797,68.32258605957031,2080900
2017-10-12,HLT,70.1500015258789,70.5,69.83999633789062,70.37999725341797,68.32258605957031,2080900
2017-10-13,HLT,70.58000183105469,71.37999725341797,70.4000015258789,71.16000366210938,69.07978057861328,2326200
2017-10-13,HLT,70.58000183105469,71.37999725341797,70.4000015258789,71.16000366210938,69.07978057861328,2326200
2017-10-16,HLT,71.08999633789062,71.26000213623047,70.62000274658203,71.12999725341797,69.05066680908203,1904000
2017-10-16,HLT,71.08999633789062,71.26000213623047,70.62000274658203,71.12999725341797,69.05066680908203,1904000
2017-10-17,HLT,71.04000091552734,71.22000122070312,70.72000122070312,71.22000122070312,69.1380386352539,1549200
2017-10-17,HLT,71.04000091552734,71.22000122070312,70.72000122070312,71.22000122070312,69.1380386352539,1549200
2017-10-18,HLT,71.54000091552734,71.54000091552734,70.87999725341797,71.05999755859375,68.98272705078125,2171600
2017-10-18,HLT,71.54000091552734,71.54000091552734,70.87999725341797,71.05999755859375,68.98272705078125,2171600
2017-10-19,HLT,70.94999694824219,71.12000274658203,70.33000183105469,71.0999984741211,69.02152252197266,2170400
2017-10-19,HLT,70.94999694824219,71.12000274658203,70.33000183105469,71.0999984741211,69.02152252197266,2170400
2017-10-20,HLT,71.37000274658203,71.41000366210938,70.5199966430664,71.04000091552734,68.96328735351562,1726400
2017-10-20,HLT,71.37000274658203,71.41000366210938,70.5199966430664,71.04000091552734,68.96328735351562,1726400
2017-10-23,HLT,71.2699966430664,71.2699966430664,70.38999938964844,70.41999816894531,68.3614273071289,1402300
2017-10-23,HLT,71.2699966430664,71.2699966430664,70.38999938964844,70.41999816894531,68.3614273071289,1402300
2017-10-24,HLT,70.79000091552734,71.16000366210938,70.52999877929688,71.13999938964844,69.06037902832031,3208200
2017-10-24,HLT,70.79000091552734,71.16000366210938,70.52999877929688,71.13999938964844,69.06037902832031,3208200
2017-10-25,HLT,71.16000366210938,71.41000366210938,70.80999755859375,71.31999969482422,69.23512268066406,2611800
2017-10-25,HLT,71.16000366210938,71.41000366210938,70.80999755859375,71.31999969482422,69.23512268066406,2611800
2017-10-26,HLT,72.0999984741211,72.93000030517578,70.9000015258789,72.4800033569336,70.36122131347656,3318400
2017-10-26,HLT,72.0999984741211,72.93000030517578,70.9000015258789,72.4800033569336,70.36122131347656,3318400
2017-10-27,HLT,71.80000305175781,72.80999755859375,71.58999633789062,71.91000366210938,69.80787658691406,2916400
2017-10-27,HLT,71.80000305175781,72.80999755859375,71.58999633789062,71.91000366210938,69.80787658691406,2916400
2017-10-30,HLT,71.76000213623047,72.81999969482422,71.69999694824219,72.6500015258789,70.5262222290039,2571500
2017-10-30,HLT,71.76000213623047,72.81999969482422,71.69999694824219,72.6500015258789,70.5262222290039,2571500
2017-10-31,HLT,72.6500015258789,72.8499984741211,72.25,72.27999877929688,70.16703796386719,2688300
2017-10-31,HLT,72.6500015258789,72.8499984741211,72.25,72.27999877929688,70.16703796386719,2688300
2017-11-01,HLT,72.93000030517578,73.08000183105469,72.37000274658203,72.44000244140625,70.32237243652344,1871000
2017-11-01,HLT,72.93000030517578,73.08000183105469,72.37000274658203,72.44000244140625,70.32237243652344,1871000
2017-11-02,HLT,72.97000122070312,73.30999755859375,71.88999938964844,72.44000244140625,70.32237243652344,1924600
2017-11-02,HLT,72.97000122070312,73.30999755859375,71.88999938964844,72.44000244140625,70.32237243652344,1924600
2017-11-03,HLT,72.37999725341797,73.16999816894531,72.33000183105469,73.16000366210938,71.02131652832031,1653400
2017-11-03,HLT,72.37999725341797,73.16999816894531,72.33000183105469,73.16000366210938,71.02131652832031,1653400
2017-11-06,HLT,72.58999633789062,73.44999694824219,72.58999633789062,73.38999938964844,71.24459838867188,1352500
2017-11-06,HLT,72.58999633789062,73.44999694824219,72.58999633789062,73.38999938964844,71.24459838867188,1352500
2017-11-07,HLT,73.4000015258789,73.76000213623047,72.55000305175781,72.61000061035156,70.48738861083984,1809000
2017-11-07,HLT,73.4000015258789,73.76000213623047,72.55000305175781,72.61000061035156,70.48738861083984,1809000
2017-11-08,HLT,72.66999816894531,73.44999694824219,72.36000061035156,72.9000015258789,70.76892852783203,1473500
2017-11-08,HLT,72.66999816894531,73.44999694824219,72.36000061035156,72.9000015258789,70.76892852783203,1473500
2017-11-09,HLT,72.4000015258789,72.76000213623047,71.69999694824219,72.05000305175781,69.94378662109375,2326400
2017-11-09,HLT,72.4000015258789,72.76000213623047,71.69999694824219,72.05000305175781,69.94378662109375,2326400
2017-11-10,HLT,72.22000122070312,72.83000183105469,71.62999725341797,72.69000244140625,70.56507110595703,2117700
2017-11-10,HLT,72.22000122070312,72.83000183105469,71.62999725341797,72.69000244140625,70.56507110595703,2117700
2017-11-13,HLT,72.44999694824219,72.72000122070312,72.25,72.62000274658203,70.49713134765625,1819800
2017-11-13,HLT,72.44999694824219,72.72000122070312,72.25,72.62000274658203,70.49713134765625,1819800
2017-11-14,HLT,71.93000030517578,72.97000122070312,71.87000274658203,72.91000366210938,70.77862548828125,1810500
2017-11-14,HLT,71.93000030517578,72.97000122070312,71.87000274658203,72.91000366210938,70.77862548828125,1810500
2017-11-15,HLT,72.52999877929688,73.68000030517578,72.19000244140625,73.37999725341797,71.23491668701172,2939000
2017-11-15,HLT,72.52999877929688,73.68000030517578,72.19000244140625,73.37999725341797,71.23491668701172,2939000
2017-11-16,HLT,73.75,74.30999755859375,73.27999877929688,74.0199966430664,72.00337982177734,1829100
2017-11-16,HLT,73.75,74.30999755859375,73.27999877929688,74.0199966430664,72.00337982177734,1829100
2017-11-17,HLT,74.05000305175781,74.44000244140625,73.95999908447266,74.11000061035156,72.0909194946289,2443900
2017-11-17,HLT,74.05000305175781,74.44000244140625,73.95999908447266,74.11000061035156,72.0909194946289,2443900
2017-11-20,HLT,74.16999816894531,74.62999725341797,74.05000305175781,74.30999755859375,72.28545379638672,1152800
2017-11-20,HLT,74.16999816894531,74.62999725341797,74.05000305175781,74.30999755859375,72.28545379638672,1152800
2017-11-21,HLT,74.76000213623047,76.22000122070312,74.75,75.63999938964844,73.5792236328125,2922700
2017-11-21,HLT,74.76000213623047,76.22000122070312,74.75,75.63999938964844,73.5792236328125,2922700
2017-11-22,HLT,75.70999908447266,76.12999725341797,75.19000244140625,75.68000030517578,73.61814880371094,1404200
2017-11-22,HLT,75.70999908447266,76.12999725341797,75.19000244140625,75.68000030517578,73.61814880371094,1404200
2017-11-24,HLT,75.77999877929688,75.9000015258789,75.47000122070312,75.76000213623047,73.69596862792969,470400
2017-11-24,HLT,75.77999877929688,75.9000015258789,75.47000122070312,75.76000213623047,73.69596862792969,470400
2017-11-27,HLT,75.76000213623047,76.16000366210938,75.66999816894531,76.0,73.92943572998047,1407000
2017-11-27,HLT,75.76000213623047,76.16000366210938,75.66999816894531,76.0,73.92943572998047,1407000
2017-11-28,HLT,76.05000305175781,76.52999877929688,75.75,76.12999725341797,74.05584716796875,1887600
2017-11-28,HLT,76.05000305175781,76.52999877929688,75.75,76.12999725341797,74.05584716796875,1887600
2017-11-29,HLT,76.12999725341797,76.9000015258789,76.02999877929688,76.55999755859375,74.47416687011719,1874500
2017-11-29,HLT,76.12999725341797,76.9000015258789,76.02999877929688,76.55999755859375,74.47416687011719,1874500
2017-11-30,HLT,76.56999969482422,77.79000091552734,76.12999725341797,77.55999755859375,75.4469223022461,2553700
2017-11-30,HLT,76.56999969482422,77.79000091552734,76.12999725341797,77.55999755859375,75.4469223022461,2553700
2017-12-01,HLT,77.2699966430664,77.91999816894531,76.25,77.25,75.14537811279297,2164600
2017-12-01,HLT,77.2699966430664,77.91999816894531,76.25,77.25,75.14537811279297,2164600
2017-12-04,HLT,78.02999877929688,78.62000274658203,77.5199966430664,77.66000366210938,75.54419708251953,2348600
2017-12-04,HLT,78.02999877929688,78.62000274658203,77.5199966430664,77.66000366210938,75.54419708251953,2348600
2017-12-05,HLT,77.69999694824219,78.30999755859375,77.61000061035156,77.62999725341797,75.51500701904297,1493500
2017-12-05,HLT,77.69999694824219,78.30999755859375,77.61000061035156,77.62999725341797,75.51500701904297,1493500
2017-12-06,HLT,77.75,77.86000061035156,76.62999725341797,76.75,74.65899658203125,1435000
2017-12-06,HLT,77.75,77.86000061035156,76.62999725341797,76.75,74.65899658203125,1435000
2017-12-07,HLT,76.83000183105469,77.38999938964844,76.5999984741211,77.27999877929688,75.17454528808594,2254400
2017-12-07,HLT,76.83000183105469,77.38999938964844,76.5999984741211,77.27999877929688,75.17454528808594,2254400
2017-12-08,HLT,77.61000061035156,78.4000015258789,77.5,78.37999725341797,76.24459075927734,2142500
2017-12-08,HLT,77.61000061035156,78.4000015258789,77.5,78.37999725341797,76.24459075927734,2142500
2017-12-11,HLT,78.16000366210938,78.30000305175781,77.25,77.47000122070312,75.359375,1589800
2017-12-11,HLT,78.16000366210938,78.30000305175781,77.25,77.47000122070312,75.359375,1589800
2017-12-12,HLT,77.56999969482422,77.58000183105469,76.93000030517578,77.0,74.90217590332031,2246600
2017-12-12,HLT,77.56999969482422,77.58000183105469,76.93000030517578,77.0,74.90217590332031,2246600
2017-12-13,HLT,77.22000122070312,77.62000274658203,76.73999786376953,76.75,74.65899658203125,2245600
2017-12-13,HLT,77.22000122070312,77.62000274658203,76.73999786376953,76.75,74.65899658203125,2245600
2017-12-14,HLT,77.08999633789062,77.08999633789062,76.01000213623047,76.0199966430664,73.9488754272461,1739500
2017-12-14,HLT,77.08999633789062,77.08999633789062,76.01000213623047,76.0199966430664,73.9488754272461,1739500
2017-12-15,HLT,76.44000244140625,77.37000274658203,76.27999877929688,77.08999633789062,74.98971557617188,3694500
2017-12-15,HLT,76.44000244140625,77.37000274658203,76.27999877929688,77.08999633789062,74.98971557617188,3694500
2017-12-18,HLT,77.48999786376953,78.56999969482422,77.37999725341797,78.08999633789062,75.96248626708984,2275100
2017-12-18,HLT,77.48999786376953,78.56999969482422,77.37999725341797,78.08999633789062,75.96248626708984,2275100
2017-12-19,HLT,78.38999938964844,78.45999908447266,77.62999725341797,77.80999755859375,75.6900863647461,1449000
2017-12-19,HLT,78.38999938964844,78.45999908447266,77.62999725341797,77.80999755859375,75.6900863647461,1449000
2017-12-20,HLT,77.91999816894531,78.62999725341797,77.55999755859375,78.3499984741211,76.21541595458984,1327500
2017-12-20,HLT,77.91999816894531,78.62999725341797,77.55999755859375,78.3499984741211,76.21541595458984,1327500
2017-12-21,HLT,78.48999786376953,79.94999694824219,78.48999786376953,79.37000274658203,77.20761108398438,2047100
2017-12-21,HLT,78.48999786376953,79.94999694824219,78.48999786376953,79.37000274658203,77.20761108398438,2047100
2017-12-22,HLT,79.37999725341797,79.69999694824219,79.25,79.3499984741211,77.18815612792969,1415700
2017-12-22,HLT,79.37999725341797,79.69999694824219,79.25,79.3499984741211,77.18815612792969,1415700
2017-12-26,HLT,79.4000015258789,79.95999908447266,79.26000213623047,79.37000274658203,77.20761108398438,909600
2017-12-26,HLT,79.4000015258789,79.95999908447266,79.26000213623047,79.37000274658203,77.20761108398438,909600
2017-12-27,HLT,79.45999908447266,80.37999725341797,79.31999969482422,80.1500015258789,77.96636199951172,939200
2017-12-27,HLT,79.45999908447266,80.37999725341797,79.31999969482422,80.1500015258789,77.96636199951172,939200
2017-12-28,HLT,80.18000030517578,80.54000091552734,80.0,80.44999694824219,78.2582015991211,828900
2017-12-28,HLT,80.18000030517578,80.54000091552734,80.0,80.44999694824219,78.2582015991211,828900
2017-12-29,HLT,80.79000091552734,80.94000244140625,79.83999633789062,79.86000061035156,77.68424987792969,1539700
2017-12-29,HLT,80.79000091552734,80.94000244140625,79.83999633789062,79.86000061035156,77.68424987792969,1539700
2018-01-02,HLT,80.27999877929688,80.33999633789062,78.93000030517578,79.68000030517578,77.50916290283203,1701500
2018-01-02,HLT,80.27999877929688,80.33999633789062,78.93000030517578,79.68000030517578,77.50916290283203,1701500
2018-01-03,HLT,79.80999755859375,80.9000015258789,79.62000274658203,80.8499984741211,78.64729309082031,1425600
2018-01-03,HLT,79.80999755859375,80.9000015258789,79.62000274658203,80.8499984741211,78.64729309082031,1425600
2018-01-04,HLT,80.86000061035156,81.2300033569336,80.2300033569336,80.25,78.06364440917969,1548200
2018-01-04,HLT,80.86000061035156,81.2300033569336,80.2300033569336,80.25,78.06364440917969,1548200
2018-01-05,HLT,80.23999786376953,80.23999786376953,78.91000366210938,79.29000091552734,77.12979125976562,2273600
2018-01-05,HLT,80.23999786376953,80.23999786376953,78.91000366210938,79.29000091552734,77.12979125976562,2273600
2018-01-08,HLT,80.30000305175781,81.05999755859375,79.52999877929688,80.94000244140625,78.7348403930664,2483100
2018-01-08,HLT,80.30000305175781,81.05999755859375,79.52999877929688,80.94000244140625,78.7348403930664,2483100
2018-01-09,HLT,81.11000061035156,82.06999969482422,80.97000122070312,81.93000030517578,79.69786834716797,1354800
2018-01-09,HLT,81.11000061035156,82.06999969482422,80.97000122070312,81.93000030517578,79.69786834716797,1354800
2018-01-10,HLT,81.66000366210938,82.11000061035156,81.38999938964844,81.6500015258789,79.42549896240234,1745500
2018-01-10,HLT,81.66000366210938,82.11000061035156,81.38999938964844,81.6500015258789,79.42549896240234,1745500
2018-01-11,HLT,81.9800033569336,83.22000122070312,81.63999938964844,83.06999969482422,80.8067855834961,3886400
2018-01-11,HLT,81.9800033569336,83.22000122070312,81.63999938964844,83.06999969482422,80.8067855834961,3886400
2018-01-12,HLT,83.25,84.70999908447266,83.0999984741211,83.94999694824219,81.66284942626953,1870000
2018-01-12,HLT,83.25,84.70999908447266,83.0999984741211,83.94999694824219,81.66284942626953,1870000
2018-01-16,HLT,84.56999969482422,84.98999786376953,82.9800033569336,83.4000015258789,81.1278076171875,1530600
2018-01-16,HLT,84.56999969482422,84.98999786376953,82.9800033569336,83.4000015258789,81.1278076171875,1530600
2018-01-17,HLT,82.9000015258789,84.51000213623047,82.9000015258789,84.02999877929688,81.74063873291016,1440300
2018-01-17,HLT,82.9000015258789,84.51000213623047,82.9000015258789,84.02999877929688,81.74063873291016,1440300
2018-01-18,HLT,84.18000030517578,84.81999969482422,83.91000366210938,83.94999694824219,81.66284942626953,1314400
2018-01-18,HLT,84.18000030517578,84.81999969482422,83.91000366210938,83.94999694824219,81.66284942626953,1314400
2018-01-19,HLT,84.63999938964844,86.05000305175781,84.4800033569336,85.48999786376953,83.16087341308594,2206800
2018-01-19,HLT,84.63999938964844,86.05000305175781,84.4800033569336,85.48999786376953,83.16087341308594,2206800
2018-01-22,HLT,85.41999816894531,85.79000091552734,85.0199966430664,85.7699966430664,83.4332275390625,1541400
2018-01-22,HLT,85.41999816894531,85.79000091552734,85.0199966430664,85.7699966430664,83.4332275390625,1541400
2018-01-23,HLT,85.69000244140625,86.9800033569336,85.56999969482422,86.52999877929688,84.17253875732422,1632600
2018-01-23,HLT,85.69000244140625,86.9800033569336,85.56999969482422,86.52999877929688,84.17253875732422,1632600
2018-01-24,HLT,86.80000305175781,86.98999786376953,85.12999725341797,85.79000091552734,83.45269775390625,2134200
2018-01-24,HLT,86.80000305175781,86.98999786376953,85.12999725341797,85.79000091552734,83.45269775390625,2134200
2018-01-25,HLT,86.04000091552734,86.75,85.4000015258789,86.62999725341797,84.26981353759766,1467800
2018-01-25,HLT,86.04000091552734,86.75,85.4000015258789,86.62999725341797,84.26981353759766,1467800
2018-01-26,HLT,86.94000244140625,87.69000244140625,86.33000183105469,87.69000244140625,85.3009262084961,944700
2018-01-26,HLT,86.94000244140625,87.69000244140625,86.33000183105469,87.69000244140625,85.3009262084961,944700
2018-01-29,HLT,87.44000244140625,88.11000061035156,87.02999877929688,87.27999877929688,84.90209197998047,1599100
2018-01-29,HLT,87.44000244140625,88.11000061035156,87.02999877929688,87.27999877929688,84.90209197998047,1599100
2018-01-30,HLT,86.5,87.43000030517578,86.36000061035156,86.41000366210938,84.0558090209961,1678600
2018-01-30,HLT,86.5,87.43000030517578,86.36000061035156,86.41000366210938,84.0558090209961,1678600
2018-01-31,HLT,86.5199966430664,87.0,85.62999725341797,85.6500015258789,83.3165283203125,1857400
2018-01-31,HLT,86.5199966430664,87.0,85.62999725341797,85.6500015258789,83.3165283203125,1857400
2018-02-01,HLT,85.33000183105469,86.29000091552734,85.0999984741211,85.76000213623047,83.42352294921875,2139900
2018-02-01,HLT,85.33000183105469,86.29000091552734,85.0999984741211,85.76000213623047,83.42352294921875,2139900
2018-02-02,HLT,85.55000305175781,85.80000305175781,82.30999755859375,82.6500015258789,80.39824676513672,2718400
2018-02-02,HLT,85.55000305175781,85.80000305175781,82.30999755859375,82.6500015258789,80.39824676513672,2718400
2018-02-05,HLT,82.12999725341797,83.01000213623047,79.81999969482422,79.91000366210938,77.73289489746094,2386200
2018-02-05,HLT,82.12999725341797,83.01000213623047,79.81999969482422,79.91000366210938,77.73289489746094,2386200
2018-02-06,HLT,78.58000183105469,80.97000122070312,77.77999877929688,80.69000244140625,78.49164581298828,4634700
2018-02-06,HLT,78.58000183105469,80.97000122070312,77.77999877929688,80.69000244140625,78.49164581298828,4634700
2018-02-07,HLT,80.98999786376953,83.27999877929688,80.54000091552734,82.0199966430664,79.78539276123047,3526600
2018-02-07,HLT,80.98999786376953,83.27999877929688,80.54000091552734,82.0199966430664,79.78539276123047,3526600
2018-02-08,HLT,81.94999694824219,82.37000274658203,78.63999938964844,78.66000366210938,76.51696014404297,5065800
2018-02-08,HLT,81.94999694824219,82.37000274658203,78.63999938964844,78.66000366210938,76.51696014404297,5065800
2018-02-09,HLT,79.2300033569336,81.2300033569336,77.55999755859375,80.43000030517578,78.23873901367188,3239100
2018-02-09,HLT,79.2300033569336,81.2300033569336,77.55999755859375,80.43000030517578,78.23873901367188,3239100
2018-02-12,HLT,80.91000366210938,82.16000366210938,80.58999633789062,81.81999969482422,79.59085845947266,2435900
2018-02-12,HLT,80.91000366210938,82.16000366210938,80.58999633789062,81.81999969482422,79.59085845947266,2435900
2018-02-13,HLT,81.73999786376953,83.56999969482422,81.66000366210938,83.20999908447266,80.94297790527344,2515600
2018-02-13,HLT,81.73999786376953,83.56999969482422,81.66000366210938,83.20999908447266,80.94297790527344,2515600
2018-02-14,HLT,82.12000274658203,87.11000061035156,82.01000213623047,85.97000122070312,83.62782287597656,3946800
2018-02-14,HLT,82.12000274658203,87.11000061035156,82.01000213623047,85.97000122070312,83.62782287597656,3946800
2018-02-15,HLT,86.08999633789062,86.30999755859375,84.33000183105469,84.55999755859375,82.2562026977539,3023900
2018-02-15,HLT,86.08999633789062,86.30999755859375,84.33000183105469,84.55999755859375,82.2562026977539,3023900
2018-02-16,HLT,84.45999908447266,84.72000122070312,83.26000213623047,83.2699966430664,81.00135803222656,2543100
2018-02-16,HLT,84.45999908447266,84.72000122070312,83.26000213623047,83.2699966430664,81.00135803222656,2543100
2018-02-20,HLT,82.7300033569336,84.69999694824219,82.7300033569336,84.30999755859375,82.01303100585938,1977800
2018-02-20,HLT,82.7300033569336,84.69999694824219,82.7300033569336,84.30999755859375,82.01303100585938,1977800
2018-02-21,HLT,84.43000030517578,86.44000244140625,84.26000213623047,84.29000091552734,81.99356842041016,1772100
2018-02-21,HLT,84.43000030517578,86.44000244140625,84.26000213623047,84.29000091552734,81.99356842041016,1772100
2018-02-22,HLT,84.73999786376953,84.9000015258789,83.12000274658203,83.37999725341797,81.10835266113281,1863500
2018-02-22,HLT,84.73999786376953,84.9000015258789,83.12000274658203,83.37999725341797,81.10835266113281,1863500
2018-02-23,HLT,83.75,83.97000122070312,83.08000183105469,83.80999755859375,81.52664184570312,1565700
2018-02-23,HLT,83.75,83.97000122070312,83.08000183105469,83.80999755859375,81.52664184570312,1565700
2018-02-26,HLT,84.02999877929688,84.29000091552734,82.12999725341797,82.13999938964844,79.90213012695312,2888400
2018-02-26,HLT,84.02999877929688,84.29000091552734,82.12999725341797,82.13999938964844,79.90213012695312,2888400
2018-02-27,HLT,82.36000061035156,82.62000274658203,79.80999755859375,79.83999633789062,77.66481018066406,3865900
2018-02-27,HLT,82.36000061035156,82.62000274658203,79.80999755859375,79.83999633789062,77.66481018066406,3865900
2018-02-28,HLT,80.4000015258789,82.08000183105469,79.77999877929688,80.79000091552734,78.58892059326172,4025700
2018-02-28,HLT,80.4000015258789,82.08000183105469,79.77999877929688,80.79000091552734,78.58892059326172,4025700
2018-03-01,HLT,80.51000213623047,80.66000366210938,78.79000091552734,79.3499984741211,77.33174133300781,2515200
2018-03-01,HLT,80.51000213623047,80.66000366210938,78.79000091552734,79.3499984741211,77.33174133300781,2515200
2018-03-02,HLT,78.7300033569336,79.12000274658203,77.2300033569336,78.9000015258789,76.8931884765625,2814000
2018-03-02,HLT,78.7300033569336,79.12000274658203,77.2300033569336,78.9000015258789,76.8931884765625,2814000
2018-03-05,HLT,78.29000091552734,78.69000244140625,77.08000183105469,78.22000122070312,76.2304916381836,2719000
2018-03-05,HLT,78.29000091552734,78.69000244140625,77.08000183105469,78.22000122070312,76.2304916381836,2719000
2018-03-06,HLT,78.62000274658203,79.37000274658203,78.41000366210938,78.94000244140625,76.93217468261719,2230600
2018-03-06,HLT,78.62000274658203,79.37000274658203,78.41000366210938,78.94000244140625,76.93217468261719,2230600
2018-03-07,HLT,78.25,79.31999969482422,78.12999725341797,79.19999694824219,77.18553924560547,1459500
2018-03-07,HLT,78.25,79.31999969482422,78.12999725341797,79.19999694824219,77.18553924560547,1459500
2018-03-08,HLT,79.52999877929688,79.88999938964844,79.0,79.20999908447266,77.1952896118164,2322800
2018-03-08,HLT,79.52999877929688,79.88999938964844,79.0,79.20999908447266,77.1952896118164,2322800
2018-03-09,HLT,80.01000213623047,81.80000305175781,79.70999908447266,81.47000122070312,79.3978271484375,2912800
2018-03-09,HLT,80.01000213623047,81.80000305175781,79.70999908447266,81.47000122070312,79.3978271484375,2912800
2018-03-12,HLT,81.5199966430664,81.70999908447266,80.69000244140625,81.12999725341797,79.06645965576172,1836800
2018-03-12,HLT,81.5199966430664,81.70999908447266,80.69000244140625,81.12999725341797,79.06645965576172,1836800
2018-03-13,HLT,81.41999816894531,81.81999969482422,81.05999755859375,81.25,79.18342590332031,1641600
2018-03-13,HLT,81.41999816894531,81.81999969482422,81.05999755859375,81.25,79.18342590332031,1641600
2018-03-14,HLT,81.47000122070312,81.54000091552734,81.05000305175781,81.23999786376953,79.17366027832031,1594300
2018-03-14,HLT,81.47000122070312,81.54000091552734,81.05000305175781,81.23999786376953,79.17366027832031,1594300
2018-03-15,HLT,81.4000015258789,82.25,81.05000305175781,81.88999938964844,79.80713653564453,2285800
2018-03-15,HLT,81.4000015258789,82.25,81.05000305175781,81.88999938964844,79.80713653564453,2285800
2018-03-16,HLT,82.0,82.54000091552734,81.44000244140625,81.51000213623047,79.43677520751953,2204400
2018-03-16,HLT,82.0,82.54000091552734,81.44000244140625,81.51000213623047,79.43677520751953,2204400
2018-03-19,HLT,81.30999755859375,81.76000213623047,80.87999725341797,81.30000305175781,79.23213195800781,2027200
2018-03-19,HLT,81.30999755859375,81.76000213623047,80.87999725341797,81.30000305175781,79.23213195800781,2027200
2018-03-20,HLT,81.61000061035156,82.12999725341797,81.2699966430664,81.3499984741211,79.2808609008789,1028300
2018-03-20,HLT,81.61000061035156,82.12999725341797,81.2699966430664,81.3499984741211,79.2808609008789,1028300
2018-03-21,HLT,81.30000305175781,82.22000122070312,81.19000244140625,81.83999633789062,79.7583999633789,1233200
2018-03-21,HLT,81.30000305175781,82.22000122070312,81.19000244140625,81.83999633789062,79.7583999633789,1233200
2018-03-22,HLT,81.25,81.5999984741211,80.41000366210938,80.44000244140625,78.39402770996094,3031600
2018-03-22,HLT,81.25,81.5999984741211,80.41000366210938,80.44000244140625,78.39402770996094,3031600
2018-03-23,HLT,80.48999786376953,80.55999755859375,78.05999755859375,78.16999816894531,76.18174743652344,1682800
2018-03-23,HLT,80.48999786376953,80.55999755859375,78.05999755859375,78.16999816894531,76.18174743652344,1682800
2018-03-26,HLT,79.04000091552734,80.08000183105469,78.44999694824219,79.9800033569336,77.94572448730469,1278200
2018-03-26,HLT,79.04000091552734,80.08000183105469,78.44999694824219,79.9800033569336,77.94572448730469,1278200
2018-03-27,HLT,80.16000366210938,80.55000305175781,78.4800033569336,78.79000091552734,76.7859878540039,1585700
2018-03-27,HLT,80.16000366210938,80.55000305175781,78.4800033569336,78.79000091552734,76.7859878540039,1585700
2018-03-28,HLT,78.73999786376953,78.95999908447266,77.79000091552734,78.30999755859375,76.31819152832031,2199000
2018-03-28,HLT,78.73999786376953,78.95999908447266,77.79000091552734,78.30999755859375,76.31819152832031,2199000
2018-03-29,HLT,78.7699966430664,79.52999877929688,78.47000122070312,78.76000213623047,76.75675964355469,2481600
2018-03-29,HLT,78.7699966430664,79.52999877929688,78.47000122070312,78.76000213623047,76.75675964355469,2481600
2018-04-02,HLT,78.72000122070312,79.04000091552734,75.66000366210938,77.06999969482422,75.10972595214844,2722000
2018-04-02,HLT,78.72000122070312,79.04000091552734,75.66000366210938,77.06999969482422,75.10972595214844,2722000
2018-04-03,HLT,77.5,77.94000244140625,76.61000061035156,77.52999877929688,75.55803680419922,2575600
2018-04-03,HLT,77.5,77.94000244140625,76.61000061035156,77.52999877929688,75.55803680419922,2575600
2018-04-04,HLT,76.37000274658203,78.33000183105469,76.33000183105469,78.02999877929688,76.04529571533203,3074700
2018-04-04,HLT,76.37000274658203,78.33000183105469,76.33000183105469,78.02999877929688,76.04529571533203,3074700
2018-04-05,HLT,77.2300033569336,79.37000274658203,75.94999694824219,79.04000091552734,77.02961730957031,6840100
2018-04-05,HLT,77.2300033569336,79.37000274658203,75.94999694824219,79.04000091552734,77.02961730957031,6840100
2018-04-06,HLT,78.69000244140625,79.29000091552734,76.68000030517578,77.51000213623047,75.53855895996094,3295400
2018-04-06,HLT,78.69000244140625,79.29000091552734,76.68000030517578,77.51000213623047,75.53855895996094,3295400
2018-04-09,HLT,76.83999633789062,79.48999786376953,76.0,76.1500015258789,74.21312713623047,7557400
2018-04-09,HLT,76.83999633789062,79.48999786376953,76.0,76.1500015258789,74.21312713623047,7557400
2018-04-10,HLT,76.73999786376953,76.79000091552734,74.61000061035156,75.01000213623047,73.10211944580078,11745800
2018-04-10,HLT,76.73999786376953,76.79000091552734,74.61000061035156,75.01000213623047,73.10211944580078,11745800
2018-04-11,HLT,77.38999938964844,80.3499984741211,77.04000091552734,79.61000061035156,77.58512115478516,52096400
2018-04-11,HLT,77.38999938964844,80.3499984741211,77.04000091552734,79.61000061035156,77.58512115478516,52096400
2018-04-12,HLT,80.38999938964844,80.94000244140625,79.33999633789062,79.94999694824219,77.91647338867188,10665700
2018-04-12,HLT,80.38999938964844,80.94000244140625,79.33999633789062,79.94999694824219,77.91647338867188,10665700
2018-04-13,HLT,80.48999786376953,81.33000183105469,78.25,79.61000061035156,77.58512115478516,14439600
2018-04-13,HLT,80.48999786376953,81.33000183105469,78.25,79.61000061035156,77.58512115478516,14439600
2018-04-16,HLT,80.08999633789062,80.66999816894531,79.5999984741211,80.52999877929688,78.48172760009766,4265300
2018-04-16,HLT,80.08999633789062,80.66999816894531,79.5999984741211,80.52999877929688,78.48172760009766,4265300
2018-04-17,HLT,81.44999694824219,82.41000366210938,80.69000244140625,81.16000366210938,79.095703125,3876700
2018-04-17,HLT,81.44999694824219,82.41000366210938,80.69000244140625,81.16000366210938,79.095703125,3876700
2018-04-18,HLT,81.66999816894531,82.98999786376953,81.52999877929688,82.18000030517578,80.08976745605469,3523800
2018-04-18,HLT,81.66999816894531,82.98999786376953,81.52999877929688,82.18000030517578,80.08976745605469,3523800
2018-04-19,HLT,82.0,82.80000305175781,81.69000244140625,81.9800033569336,79.89484405517578,2552100
2018-04-19,HLT,82.0,82.80000305175781,81.69000244140625,81.9800033569336,79.89484405517578,2552100
2018-04-20,HLT,82.05000305175781,82.66999816894531,81.66000366210938,82.33000183105469,80.2359390258789,2257600
2018-04-20,HLT,82.05000305175781,82.66999816894531,81.66000366210938,82.33000183105469,80.2359390258789,2257600
2018-04-23,HLT,82.27999877929688,82.52999877929688,81.81999969482422,82.08999633789062,80.00202941894531,1795400
2018-04-23,HLT,82.27999877929688,82.52999877929688,81.81999969482422,82.08999633789062,80.00202941894531,1795400
2018-04-24,HLT,82.5999984741211,83.12000274658203,80.87999725341797,82.04000091552734,79.95330810546875,4170200
2018-04-24,HLT,82.5999984741211,83.12000274658203,80.87999725341797,82.04000091552734,79.95330810546875,4170200
2018-04-25,HLT,81.72000122070312,82.3499984741211,81.3499984741211,81.83000183105469,79.74864959716797,2865400
2018-04-25,HLT,81.72000122070312,82.3499984741211,81.3499984741211,81.83000183105469,79.74864959716797,2865400
2018-04-26,HLT,81.93000030517578,82.79000091552734,80.4800033569336,81.93000030517578,79.84610748291016,5691200
2018-04-26,HLT,81.93000030517578,82.79000091552734,80.4800033569336,81.93000030517578,79.84610748291016,5691200
2018-04-27,HLT,82.3499984741211,82.56999969482422,79.98999786376953,80.16999816894531,78.13087463378906,4380100
2018-04-27,HLT,82.3499984741211,82.56999969482422,79.98999786376953,80.16999816894531,78.13087463378906,4380100
2018-04-30,HLT,80.30000305175781,80.73999786376953,78.79000091552734,78.83999633789062,76.83467864990234,3476400
2018-04-30,HLT,80.30000305175781,80.73999786376953,78.79000091552734,78.83999633789062,76.83467864990234,3476400
2018-05-01,HLT,78.76000213623047,80.30999755859375,78.66000366210938,80.23999786376953,78.1990966796875,3243800
2018-05-01,HLT,78.76000213623047,80.30999755859375,78.66000366210938,80.23999786376953,78.1990966796875,3243800
2018-05-02,HLT,79.95999908447266,80.66000366210938,79.26000213623047,79.44999694824219,77.42919921875,2916700
2018-05-02,HLT,79.95999908447266,80.66000366210938,79.26000213623047,79.44999694824219,77.42919921875,2916700
2018-05-03,HLT,79.23999786376953,80.18000030517578,78.44000244140625,79.87000274658203,77.83853149414062,3083100
2018-05-03,HLT,79.23999786376953,80.18000030517578,78.44000244140625,79.87000274658203,77.83853149414062,3083100
2018-05-04,HLT,79.5999984741211,81.5199966430664,79.08000183105469,81.16000366210938,79.095703125,2639600
2018-05-04,HLT,79.5999984741211,81.5199966430664,79.08000183105469,81.16000366210938,79.095703125,2639600
2018-05-07,HLT,81.5999984741211,81.5999984741211,80.8499984741211,81.3499984741211,79.2808609008789,2087600
2018-05-07,HLT,81.5999984741211,81.5999984741211,80.8499984741211,81.3499984741211,79.2808609008789,2087600
2018-05-08,HLT,81.47000122070312,82.6500015258789,80.91999816894531,82.43000030517578,80.33340454101562,3219600
2018-05-08,HLT,81.47000122070312,82.6500015258789,80.91999816894531,82.43000030517578,80.33340454101562,3219600
2018-05-09,HLT,82.97000122070312,83.19999694824219,81.61000061035156,82.8499984741211,80.74272918701172,2410400
2018-05-09,HLT,82.97000122070312,83.19999694824219,81.61000061035156,82.8499984741211,80.74272918701172,2410400
2018-05-10,HLT,83.16000366210938,83.2300033569336,82.30999755859375,82.76000213623047,80.80130004882812,2207800
2018-05-10,HLT,83.16000366210938,83.2300033569336,82.30999755859375,82.76000213623047,80.80130004882812,2207800
2018-05-11,HLT,82.83000183105469,83.73999786376953,82.47000122070312,83.51000213623047,81.53353881835938,1750400
2018-05-11,HLT,82.83000183105469,83.73999786376953,82.47000122070312,83.51000213623047,81.53353881835938,1750400
2018-05-14,HLT,83.48999786376953,83.7300033569336,82.7300033569336,82.97000122070312,81.0063247680664,2590500
2018-05-14,HLT,83.48999786376953,83.7300033569336,82.7300033569336,82.97000122070312,81.0063247680664,2590500
2018-05-15,HLT,82.81999969482422,83.25,82.58999633789062,83.0199966430664,81.05513000488281,1908600
2018-05-15,HLT,82.81999969482422,83.25,82.58999633789062,83.0199966430664,81.05513000488281,1908600
2018-05-16,HLT,83.12000274658203,84.41999816894531,82.62999725341797,84.19999694824219,82.20721435546875,2379200
2018-05-16,HLT,83.12000274658203,84.41999816894531,82.62999725341797,84.19999694824219,82.20721435546875,2379200
2018-05-17,HLT,84.38999938964844,84.4000015258789,83.12999725341797,83.30000305175781,81.32849884033203,1309300
2018-05-17,HLT,84.38999938964844,84.4000015258789,83.12999725341797,83.30000305175781,81.32849884033203,1309300
2018-05-18,HLT,83.62999725341797,84.68000030517578,82.4000015258789,83.83999633789062,81.855712890625,8072300
2018-05-18,HLT,83.62999725341797,84.68000030517578,82.4000015258789,83.83999633789062,81.855712890625,8072300
2018-05-21,HLT,84.45999908447266,84.58000183105469,83.23999786376953,83.91999816894531,81.93384552001953,2129700
2018-05-21,HLT,84.45999908447266,84.58000183105469,83.23999786376953,83.91999816894531,81.93384552001953,2129700
2018-05-22,HLT,84.08999633789062,84.25,82.62000274658203,82.76000213623047,80.80130004882812,1645200
2018-05-22,HLT,84.08999633789062,84.25,82.62000274658203,82.76000213623047,80.80130004882812,1645200
2018-05-23,HLT,82.69000244140625,82.80000305175781,81.98999786376953,82.33000183105469,80.38148498535156,2283800
2018-05-23,HLT,82.69000244140625,82.80000305175781,81.98999786376953,82.33000183105469,80.38148498535156,2283800
2018-05-24,HLT,82.4800033569336,82.94000244140625,81.98999786376953,82.02999877929688,80.08857727050781,2888700
2018-05-24,HLT,82.4800033569336,82.94000244140625,81.98999786376953,82.02999877929688,80.08857727050781,2888700
2018-05-25,HLT,81.8499984741211,82.38999938964844,81.43000030517578,81.83000183105469,79.89329528808594,1892700
2018-05-25,HLT,81.8499984741211,82.38999938964844,81.43000030517578,81.83000183105469,79.89329528808594,1892700
2018-05-29,HLT,80.97000122070312,81.56999969482422,80.01000213623047,80.33000183105469,78.42880249023438,2184800
2018-05-29,HLT,80.97000122070312,81.56999969482422,80.01000213623047,80.33000183105469,78.42880249023438,2184800
2018-05-30,HLT,80.8499984741211,82.02999877929688,80.8499984741211,81.7300033569336,79.79566955566406,2049800
2018-05-30,HLT,80.8499984741211,82.02999877929688,80.8499984741211,81.7300033569336,79.79566955566406,2049800
2018-05-31,HLT,81.5999984741211,81.63999938964844,80.56999969482422,80.70999908447266,78.7998046875,2874200
2018-05-31,HLT,81.5999984741211,81.63999938964844,80.56999969482422,80.70999908447266,78.7998046875,2874200
2018-06-01,HLT,81.08999633789062,83.11000061035156,81.08999633789062,82.6500015258789,80.69389343261719,2495200
2018-06-01,HLT,81.08999633789062,83.11000061035156,81.08999633789062,82.6500015258789,80.69389343261719,2495200
2018-06-04,HLT,83.18000030517578,83.30999755859375,82.27999877929688,83.19000244140625,81.22113037109375,1716200
2018-06-04,HLT,83.18000030517578,83.30999755859375,82.27999877929688,83.19000244140625,81.22113037109375,1716200
2018-06-05,HLT,82.9000015258789,83.83000183105469,82.72000122070312,83.06999969482422,81.10395050048828,1911400
2018-06-05,HLT,82.9000015258789,83.83000183105469,82.72000122070312,83.06999969482422,81.10395050048828,1911400
2018-06-06,HLT,83.04000091552734,84.7300033569336,82.87999725341797,84.68000030517578,82.67584991455078,3572900
2018-06-06,HLT,83.04000091552734,84.7300033569336,82.87999725341797,84.68000030517578,82.67584991455078,3572900
2018-06-07,HLT,84.87999725341797,84.87999725341797,83.69999694824219,84.16999816894531,82.17790985107422,1772700
2018-06-07,HLT,84.87999725341797,84.87999725341797,83.69999694824219,84.16999816894531,82.17790985107422,1772700
2018-06-08,HLT,84.08999633789062,84.41000366210938,83.4000015258789,84.13999938964844,82.14862823486328,1677800
2018-06-08,HLT,84.08999633789062,84.41000366210938,83.4000015258789,84.13999938964844,82.14862823486328,1677800
2018-06-11,HLT,84.2300033569336,84.5,83.80000305175781,83.98999786376953,82.00216674804688,1792300
2018-06-11,HLT,84.2300033569336,84.5,83.80000305175781,83.98999786376953,82.00216674804688,1792300
2018-06-12,HLT,84.5,84.87999725341797,82.66999816894531,83.80999755859375,81.82643127441406,3559300
2018-06-12,HLT,84.5,84.87999725341797,82.66999816894531,83.80999755859375,81.82643127441406,3559300
2018-06-13,HLT,84.0,84.02999877929688,82.31999969482422,82.7300033569336,80.7719955444336,3605200
2018-06-13,HLT,84.0,84.02999877929688,82.31999969482422,82.7300033569336,80.7719955444336,3605200
2018-06-14,HLT,83.12000274658203,83.44000244140625,82.7300033569336,82.93000030517578,80.9672622680664,2126300
2018-06-14,HLT,83.12000274658203,83.44000244140625,82.7300033569336,82.93000030517578,80.9672622680664,2126300
2018-06-15,HLT,82.75,84.0199966430664,82.33000183105469,83.83999633789062,81.855712890625,2953200
2018-06-15,HLT,82.75,84.0199966430664,82.33000183105469,83.83999633789062,81.855712890625,2953200
2018-06-18,HLT,83.08999633789062,84.41999816894531,83.08999633789062,84.33000183105469,82.3341293334961,1854400
2018-06-18,HLT,83.08999633789062,84.41999816894531,83.08999633789062,84.33000183105469,82.3341293334961,1854400
2018-06-19,HLT,83.68000030517578,83.83999633789062,82.05000305175781,82.9800033569336,81.0160903930664,2104500
2018-06-19,HLT,83.68000030517578,83.83999633789062,82.05000305175781,82.9800033569336,81.0160903930664,2104500
2018-06-20,HLT,83.19000244140625,83.91999816894531,81.9800033569336,82.01000213623047,80.06903076171875,3178800
2018-06-20,HLT,83.19000244140625,83.91999816894531,81.9800033569336,82.01000213623047,80.06903076171875,3178800
2018-06-21,HLT,81.91999816894531,82.30999755859375,80.77999877929688,81.0199966430664,79.10247802734375,3822800
2018-06-21,HLT,81.91999816894531,82.30999755859375,80.77999877929688,81.0199966430664,79.10247802734375,3822800
2018-06-22,HLT,81.62000274658203,81.72000122070312,80.52999877929688,80.87000274658203,78.95603942871094,2755900
2018-06-22,HLT,81.62000274658203,81.72000122070312,80.52999877929688,80.87000274658203,78.95603942871094,2755900
2018-06-25,HLT,80.05999755859375,80.55000305175781,78.68000030517578,79.2699966430664,77.39387512207031,3203000
2018-06-25,HLT,80.05999755859375,80.55000305175781,78.68000030517578,79.2699966430664,77.39387512207031,3203000
2018-06-26,HLT,79.29000091552734,79.72000122070312,78.94999694824219,79.19000244140625,77.31578826904297,3457300
2018-06-26,HLT,79.29000091552734,79.72000122070312,78.94999694824219,79.19000244140625,77.31578826904297,3457300
2018-06-27,HLT,79.55000305175781,79.9000015258789,78.19999694824219,78.26000213623047,76.40778350830078,3220400
2018-06-27,HLT,79.55000305175781,79.9000015258789,78.19999694824219,78.26000213623047,76.40778350830078,3220400
2018-06-28,HLT,78.12000274658203,78.25,76.79000091552734,78.25,76.39802551269531,5142900
2018-06-28,HLT,78.12000274658203,78.25,76.79000091552734,78.25,76.39802551269531,5142900
2018-06-29,HLT,78.37999725341797,79.98999786376953,78.12999725341797,79.16000366210938,77.28648376464844,3544900
2018-06-29,HLT,78.37999725341797,79.98999786376953,78.12999725341797,79.16000366210938,77.28648376464844,3544900
2018-07-02,HLT,78.48999786376953,79.30999755859375,77.5199966430664,79.30000305175781,77.42317962646484,3065800
2018-07-02,HLT,78.48999786376953,79.30999755859375,77.5199966430664,79.30000305175781,77.42317962646484,3065800
2018-07-03,HLT,79.41999816894531,79.81999969482422,79.01000213623047,79.44999694824219,77.56961059570312,1719600
2018-07-03,HLT,79.41999816894531,79.81999969482422,79.01000213623047,79.44999694824219,77.56961059570312,1719600
2018-07-05,HLT,79.6500015258789,79.94000244140625,78.8499984741211,79.69000244140625,77.803955078125,3350600
2018-07-05,HLT,79.6500015258789,79.94000244140625,78.8499984741211,79.69000244140625,77.803955078125,3350600
2018-07-06,HLT,79.52999877929688,81.0,79.4000015258789,80.55999755859375,78.65336608886719,2278500
2018-07-06,HLT,79.52999877929688,81.0,79.4000015258789,80.55999755859375,78.65336608886719,2278500
2018-07-09,HLT,81.01000213623047,81.68000030517578,80.55999755859375,80.94000244140625,79.02436065673828,2949900
2018-07-09,HLT,81.01000213623047,81.68000030517578,80.55999755859375,80.94000244140625,79.02436065673828,2949900
2018-07-10,HLT,80.94000244140625,82.29000091552734,80.87999725341797,81.27999877929688,79.35630798339844,2915100
2018-07-10,HLT,80.94000244140625,82.29000091552734,80.87999725341797,81.27999877929688,79.35630798339844,2915100
2018-07-11,HLT,80.5,81.0,80.0199966430664,80.61000061035156,78.7021713256836,3803800
2018-07-11,HLT,80.5,81.0,80.0199966430664,80.61000061035156,78.7021713256836,3803800
2018-07-12,HLT,81.0,81.12999725341797,80.3499984741211,81.0,79.08293914794922,3367900
2018-07-12,HLT,81.0,81.12999725341797,80.3499984741211,81.0,79.08293914794922,3367900
2018-07-13,HLT,80.98999786376953,81.16000366210938,80.66999816894531,80.97000122070312,79.05365753173828,2124700
2018-07-13,HLT,80.98999786376953,81.16000366210938,80.66999816894531,80.97000122070312,79.05365753173828,2124700
2018-07-16,HLT,81.18000030517578,81.18000030517578,79.79000091552734,80.08000183105469,78.18473052978516,2285600
2018-07-16,HLT,81.18000030517578,81.18000030517578,79.79000091552734,80.08000183105469,78.18473052978516,2285600
2018-07-17,HLT,80.22000122070312,81.16999816894531,79.80000305175781,81.06999969482422,79.15129089355469,3353300
2018-07-17,HLT,80.22000122070312,81.16999816894531,79.80000305175781,81.06999969482422,79.15129089355469,3353300
2018-07-18,HLT,81.20999908447266,83.25,81.20999908447266,82.95999908447266,80.99657440185547,5303800
2018-07-18,HLT,81.20999908447266,83.25,81.20999908447266,82.95999908447266,80.99657440185547,5303800
2018-07-19,HLT,83.0,83.48999786376953,81.97000122070312,82.13999938964844,80.19595336914062,2773400
2018-07-19,HLT,83.0,83.48999786376953,81.97000122070312,82.13999938964844,80.19595336914062,2773400
2018-07-20,HLT,81.94999694824219,82.70999908447266,81.58000183105469,81.95999908447266,80.02023315429688,2435600
2018-07-20,HLT,81.94999694824219,82.70999908447266,81.58000183105469,81.95999908447266,80.02023315429688,2435600
2018-07-23,HLT,82.0,82.26000213623047,81.54000091552734,81.61000061035156,79.67852020263672,3686800
2018-07-23,HLT,82.0,82.26000213623047,81.54000091552734,81.61000061035156,79.67852020263672,3686800
2018-07-24,HLT,81.6500015258789,81.83999633789062,79.68000030517578,80.48999786376953,78.58501434326172,4260700
2018-07-24,HLT,81.6500015258789,81.83999633789062,79.68000030517578,80.48999786376953,78.58501434326172,4260700
2018-07-25,HLT,80.06999969482422,80.55000305175781,77.63999938964844,80.37000274658203,78.46788024902344,5891600
2018-07-25,HLT,80.06999969482422,80.55000305175781,77.63999938964844,80.37000274658203,78.46788024902344,5891600
2018-07-26,HLT,79.91999816894531,80.69000244140625,79.2699966430664,79.61000061035156,77.725830078125,2774500
2018-07-26,HLT,79.91999816894531,80.69000244140625,79.2699966430664,79.61000061035156,77.725830078125,2774500
2018-07-27,HLT,79.91000366210938,80.20999908447266,78.19000244140625,78.44999694824219,76.59329223632812,2683400
2018-07-27,HLT,79.91000366210938,80.20999908447266,78.19000244140625,78.44999694824219,76.59329223632812,2683400
2018-07-30,HLT,78.12999725341797,78.5999984741211,77.06999969482422,77.27999877929688,75.45098114013672,3132200
2018-07-30,HLT,78.12999725341797,78.5999984741211,77.06999969482422,77.27999877929688,75.45098114013672,3132200
2018-07-31,HLT,77.41999816894531,78.83000183105469,77.41000366210938,78.66000366210938,76.79832458496094,2744000
2018-07-31,HLT,77.41999816894531,78.83000183105469,77.41000366210938,78.66000366210938,76.79832458496094,2744000
2018-08-01,HLT,79.19999694824219,79.47000122070312,78.2300033569336,78.54000091552734,76.68116760253906,2667200
2018-08-01,HLT,79.19999694824219,79.47000122070312,78.2300033569336,78.54000091552734,76.68116760253906,2667200
2018-08-02,HLT,77.86000061035156,78.44000244140625,77.12000274658203,78.44000244140625,76.58354187011719,3687600
2018-08-02,HLT,77.86000061035156,78.44000244140625,77.12000274658203,78.44000244140625,76.58354187011719,3687600
2018-08-03,HLT,78.4800033569336,78.58999633789062,77.87999725341797,78.18000030517578,76.3297119140625,1969100
2018-08-03,HLT,78.4800033569336,78.58999633789062,77.87999725341797,78.18000030517578,76.3297119140625,1969100
2018-08-06,HLT,78.05999755859375,78.26000213623047,77.56999969482422,78.12999725341797,76.28089141845703,3835100
2018-08-06,HLT,78.05999755859375,78.26000213623047,77.56999969482422,78.12999725341797,76.28089141845703,3835100
2018-08-07,HLT,77.66000366210938,78.11000061035156,76.94000244140625,77.5999984741211,75.7634048461914,3777900
2018-08-07,HLT,77.66000366210938,78.11000061035156,76.94000244140625,77.5999984741211,75.7634048461914,3777900
2018-08-08,HLT,77.66000366210938,78.0999984741211,76.16999816894531,76.88999938964844,75.07022094726562,2935100
2018-08-08,HLT,77.66000366210938,78.0999984741211,76.16999816894531,76.88999938964844,75.07022094726562,2935100
2018-08-09,HLT,76.83999633789062,77.08000183105469,75.97000122070312,76.1500015258789,74.49305725097656,3906400
2018-08-09,HLT,76.83999633789062,77.08000183105469,75.97000122070312,76.1500015258789,74.49305725097656,3906400
2018-08-10,HLT,76.08999633789062,76.41999816894531,75.38999938964844,75.6500015258789,74.0039291381836,3268300
2018-08-10,HLT,76.08999633789062,76.41999816894531,75.38999938964844,75.6500015258789,74.0039291381836,3268300
2018-08-13,HLT,75.63999938964844,76.08000183105469,74.83999633789062,75.30999755859375,73.67132568359375,3066500
2018-08-13,HLT,75.63999938964844,76.08000183105469,74.83999633789062,75.30999755859375,73.67132568359375,3066500
2018-08-14,HLT,75.62000274658203,76.73999786376953,75.04000091552734,76.54000091552734,74.87460327148438,2763700
2018-08-14,HLT,75.62000274658203,76.73999786376953,75.04000091552734,76.54000091552734,74.87460327148438,2763700
2018-08-15,HLT,75.91999816894531,76.38999938964844,75.48999786376953,76.22000122070312,74.5615234375,2919400
2018-08-15,HLT,75.91999816894531,76.38999938964844,75.48999786376953,76.22000122070312,74.5615234375,2919400
2018-08-16,HLT,76.91999816894531,77.91999816894531,76.58000183105469,77.23999786376953,75.5593490600586,3373600
2018-08-16,HLT,76.91999816894531,77.91999816894531,76.58000183105469,77.23999786376953,75.5593490600586,3373600
2018-08-17,HLT,76.52999877929688,77.30000305175781,75.97000122070312,77.19999694824219,75.52021026611328,1964800
2018-08-17,HLT,76.52999877929688,77.30000305175781,75.97000122070312,77.19999694824219,75.52021026611328,1964800
2018-08-20,HLT,77.19000244140625,77.54000091552734,76.12000274658203,76.29000091552734,74.6300048828125,2430700
2018-08-20,HLT,77.19000244140625,77.54000091552734,76.12000274658203,76.29000091552734,74.6300048828125,2430700
2018-08-21,HLT,76.22000122070312,77.25,76.22000122070312,76.7300033569336,75.0604476928711,2324900
2018-08-21,HLT,76.22000122070312,77.25,76.22000122070312,76.7300033569336,75.0604476928711,2324900
2018-08-22,HLT,76.54000091552734,77.41000366210938,76.37999725341797,77.19999694824219,75.52021026611328,2540500
2018-08-22,HLT,76.54000091552734,77.41000366210938,76.37999725341797,77.19999694824219,75.52021026611328,2540500
2018-08-23,HLT,77.22000122070312,77.41999816894531,76.5,76.7699966430664,75.09957122802734,3009600
2018-08-23,HLT,77.22000122070312,77.41999816894531,76.5,76.7699966430664,75.09957122802734,3009600
2018-08-24,HLT,76.7699966430664,77.5999984741211,76.7699966430664,77.11000061035156,75.43216705322266,2149200
2018-08-24,HLT,76.7699966430664,77.5999984741211,76.7699966430664,77.11000061035156,75.43216705322266,2149200
2018-08-27,HLT,77.63999938964844,78.16000366210938,77.47000122070312,77.76000213623047,76.06803894042969,1865300
2018-08-27,HLT,77.63999938964844,78.16000366210938,77.47000122070312,77.76000213623047,76.06803894042969,1865300
2018-08-28,HLT,77.93000030517578,78.01000213623047,77.16999816894531,77.47000122070312,75.78433990478516,1241700
2018-08-28,HLT,77.93000030517578,78.01000213623047,77.16999816894531,77.47000122070312,75.78433990478516,1241700
2018-08-29,HLT,77.55000305175781,78.36000061035156,77.37999725341797,78.18000030517578,76.47888946533203,1831600
2018-08-29,HLT,77.55000305175781,78.36000061035156,77.37999725341797,78.18000030517578,76.47888946533203,1831600
2018-08-30,HLT,78.18000030517578,78.19000244140625,77.2699966430664,77.58000183105469,75.89195251464844,1398100
2018-08-30,HLT,78.18000030517578,78.19000244140625,77.2699966430664,77.58000183105469,75.89195251464844,1398100
2018-08-31,HLT,77.33999633789062,78.04000091552734,77.33999633789062,77.62000274658203,75.93106842041016,2496900
2018-08-31,HLT,77.33999633789062,78.04000091552734,77.33999633789062,77.62000274658203,75.93106842041016,2496900
2018-09-04,HLT,77.62999725341797,77.69999694824219,76.66999816894531,77.16000366210938,75.48108673095703,1887000
2018-09-04,HLT,77.62999725341797,77.69999694824219,76.66999816894531,77.16000366210938,75.48108673095703,1887000
2018-09-05,HLT,76.83999633789062,76.97000122070312,75.68000030517578,75.72000122070312,74.07241821289062,3076600
2018-09-05,HLT,76.83999633789062,76.97000122070312,75.68000030517578,75.72000122070312,74.07241821289062,3076600
2018-09-06,HLT,75.9000015258789,76.23999786376953,75.16000366210938,75.69000244140625,74.04307556152344,4244200
2018-09-06,HLT,75.9000015258789,76.23999786376953,75.16000366210938,75.69000244140625,74.04307556152344,4244200
2018-09-07,HLT,75.38999938964844,76.62000274658203,75.38999938964844,76.44000244140625,74.77676391601562,2974000
2018-09-07,HLT,75.38999938964844,76.62000274658203,75.38999938964844,76.44000244140625,74.77676391601562,2974000
2018-09-10,HLT,76.79000091552734,77.02999877929688,76.16000366210938,76.58999633789062,74.92346954345703,2029700
2018-09-10,HLT,76.79000091552734,77.02999877929688,76.16000366210938,76.58999633789062,74.92346954345703,2029700
2018-09-11,HLT,76.29000091552734,77.45999908447266,76.23999786376953,77.41000366210938,75.72564697265625,2774900
2018-09-11,HLT,76.29000091552734,77.45999908447266,76.23999786376953,77.41000366210938,75.72564697265625,2774900
2018-09-12,HLT,77.25,78.06999969482422,77.05999755859375,77.95999908447266,76.26367950439453,3110900
2018-09-12,HLT,77.25,78.06999969482422,77.05999755859375,77.95999908447266,76.26367950439453,3110900
2018-09-13,HLT,78.43000030517578,79.91999816894531,78.36000061035156,78.94000244140625,77.22235870361328,3745600
2018-09-13,HLT,78.43000030517578,79.91999816894531,78.36000061035156,78.94000244140625,77.22235870361328,3745600
2018-09-14,HLT,79.05000305175781,80.22000122070312,79.04000091552734,80.05999755859375,78.31797790527344,3229500
2018-09-14,HLT,79.05000305175781,80.22000122070312,79.04000091552734,80.05999755859375,78.31797790527344,3229500
2018-09-17,HLT,80.16999816894531,80.25,79.05000305175781,79.0999984741211,77.37886810302734,3395000
2018-09-17,HLT,80.16999816894531,80.25,79.05000305175781,79.0999984741211,77.37886810302734,3395000
2018-09-18,HLT,79.19999694824219,79.63999938964844,78.94999694824219,79.38999938964844,77.66255950927734,2703400
2018-09-18,HLT,79.19999694824219,79.63999938964844,78.94999694824219,79.38999938964844,77.66255950927734,2703400
2018-09-19,HLT,79.5199966430664,80.54000091552734,79.5199966430664,80.43000030517578,78.67993927001953,2327500
2018-09-19,HLT,79.5199966430664,80.54000091552734,79.5199966430664,80.43000030517578,78.67993927001953,2327500
2018-09-20,HLT,80.66000366210938,81.33999633789062,80.16999816894531,81.08000183105469,79.31578826904297,3516900
2018-09-20,HLT,80.66000366210938,81.33999633789062,80.16999816894531,81.08000183105469,79.31578826904297,3516900
2018-09-21,HLT,81.55000305175781,82.0,80.81999969482422,80.95999908447266,79.19841003417969,6804400
2018-09-21,HLT,81.55000305175781,82.0,80.81999969482422,80.95999908447266,79.19841003417969,6804400
2018-09-24,HLT,80.69000244140625,80.72000122070312,79.55000305175781,80.16000366210938,78.41581726074219,2265300
2018-09-24,HLT,80.69000244140625,80.72000122070312,79.55000305175781,80.16000366210938,78.41581726074219,2265300
2018-09-25,HLT,80.4000015258789,80.51000213623047,79.87000274658203,80.11000061035156,78.36690521240234,2533300
2018-09-25,HLT,80.4000015258789,80.51000213623047,79.87000274658203,80.11000061035156,78.36690521240234,2533300
2018-09-26,HLT,80.27999877929688,81.0999984741211,79.91999816894531,80.66000366210938,78.90493774414062,2168200
2018-09-26,HLT,80.27999877929688,81.0999984741211,79.91999816894531,80.66000366210938,78.90493774414062,2168200
2018-09-27,HLT,80.37000274658203,82.18000030517578,80.33000183105469,82.04000091552734,80.25489044189453,2654100
2018-09-27,HLT,80.37000274658203,82.18000030517578,80.33000183105469,82.04000091552734,80.25489044189453,2654100
2018-09-28,HLT,81.7699966430664,81.80999755859375,80.69000244140625,80.77999877929688,79.02233123779297,4263000
2018-09-28,HLT,81.7699966430664,81.80999755859375,80.69000244140625,80.77999877929688,79.02233123779297,4263000
2018-10-01,HLT,81.33999633789062,81.33999633789062,78.37999725341797,78.38999938964844,76.68431091308594,4116900
2018-10-01,HLT,81.33999633789062,81.33999633789062,78.37999725341797,78.38999938964844,76.68431091308594,4116900
2018-10-02,HLT,78.33000183105469,78.88999938964844,77.05000305175781,77.08000183105469,75.40283203125,4398400
2018-10-02,HLT,78.33000183105469,78.88999938964844,77.05000305175781,77.08000183105469,75.40283203125,4398400
2018-10-03,HLT,77.38999938964844,77.56999969482422,76.5,76.55000305175781,74.88435363769531,4619600
2018-10-03,HLT,77.38999938964844,77.56999969482422,76.5,76.55000305175781,74.88435363769531,4619600
2018-10-04,HLT,76.56999969482422,76.76000213623047,74.56999969482422,75.41000366210938,73.76917266845703,4779400
2018-10-04,HLT,76.56999969482422,76.76000213623047,74.56999969482422,75.41000366210938,73.76917266845703,4779400
2018-10-05,HLT,75.45999908447266,75.79000091552734,73.5199966430664,74.37999725341797,72.7615737915039,3622200
2018-10-05,HLT,75.45999908447266,75.79000091552734,73.5199966430664,74.37999725341797,72.7615737915039,3622200
2018-10-08,HLT,74.2300033569336,75.02999877929688,73.62000274658203,74.94999694824219,73.31916809082031,5211700
2018-10-08,HLT,74.2300033569336,75.02999877929688,73.62000274658203,74.94999694824219,73.31916809082031,5211700
2018-10-09,HLT,75.0,75.66000366210938,74.77999877929688,75.2300033569336,73.59307098388672,6063700
2018-10-09,HLT,75.0,75.66000366210938,74.77999877929688,75.2300033569336,73.59307098388672,6063700
2018-10-10,HLT,74.66000366210938,75.19999694824219,73.30000305175781,73.4000015258789,71.80288696289062,7380600
2018-10-10,HLT,74.66000366210938,75.19999694824219,73.30000305175781,73.4000015258789,71.80288696289062,7380600
2018-10-11,HLT,73.19999694824219,73.54000091552734,72.06999969482422,73.0999984741211,71.50941467285156,5937600
2018-10-11,HLT,73.19999694824219,73.54000091552734,72.06999969482422,73.0999984741211,71.50941467285156,5937600
2018-10-12,HLT,74.23999786376953,74.3499984741211,72.72000122070312,73.62000274658203,72.01811981201172,3676400
2018-10-12,HLT,74.23999786376953,74.3499984741211,72.72000122070312,73.62000274658203,72.01811981201172,3676400
2018-10-15,HLT,73.33999633789062,73.61000061035156,72.97000122070312,72.98999786376953,71.40182495117188,2994000
2018-10-15,HLT,73.33999633789062,73.61000061035156,72.97000122070312,72.98999786376953,71.40182495117188,2994000
2018-10-16,HLT,73.55000305175781,74.69000244140625,73.01000213623047,74.62999725341797,73.00613403320312,1927400
2018-10-16,HLT,73.55000305175781,74.69000244140625,73.01000213623047,74.62999725341797,73.00613403320312,1927400
2018-10-17,HLT,74.4800033569336,74.95999908447266,73.69000244140625,74.5199966430664,72.89852905273438,1777700
2018-10-17,HLT,74.4800033569336,74.95999908447266,73.69000244140625,74.5199966430664,72.89852905273438,1777700
2018-10-18,HLT,74.52999877929688,74.52999877929688,71.94000244140625,72.05000305175781,70.48226928710938,3723200
2018-10-18,HLT,74.52999877929688,74.52999877929688,71.94000244140625,72.05000305175781,70.48226928710938,3723200
2018-10-19,HLT,71.80000305175781,72.01000213623047,70.5,70.66000366210938,69.12252807617188,7482000
2018-10-19,HLT,71.80000305175781,72.01000213623047,70.5,70.66000366210938,69.12252807617188,7482000
2018-10-22,HLT,70.62000274658203,70.97000122070312,70.0199966430664,70.16000366210938,68.6333999633789,4126100
2018-10-22,HLT,70.62000274658203,70.97000122070312,70.0199966430664,70.16000366210938,68.6333999633789,4126100
2018-10-23,HLT,68.87000274658203,69.44999694824219,66.87000274658203,68.87000274658203,67.37146759033203,8984600
2018-10-23,HLT,68.87000274658203,69.44999694824219,66.87000274658203,68.87000274658203,67.37146759033203,8984600
2018-10-24,HLT,69.18000030517578,70.62999725341797,63.7599983215332,63.81999969482422,62.43134307861328,13473000
2018-10-24,HLT,69.18000030517578,70.62999725341797,63.7599983215332,63.81999969482422,62.43134307861328,13473000
2018-10-25,HLT,66.75,68.22000122070312,66.01000213623047,67.55000305175781,66.08016967773438,11014300
2018-10-25,HLT,66.75,68.22000122070312,66.01000213623047,67.55000305175781,66.08016967773438,11014300
2018-10-26,HLT,67.16999816894531,69.58000183105469,66.36000061035156,68.2699966430664,66.78451538085938,5634300
2018-10-26,HLT,67.16999816894531,69.58000183105469,66.36000061035156,68.2699966430664,66.78451538085938,5634300
2018-10-29,HLT,68.91999816894531,70.0199966430664,67.68000030517578,68.5999984741211,67.1073226928711,6077500
2018-10-29,HLT,68.91999816894531,70.0199966430664,67.68000030517578,68.5999984741211,67.1073226928711,6077500
2018-10-30,HLT,68.5999984741211,69.62999725341797,67.86000061035156,68.69999694824219,67.20515441894531,3200500
2018-10-30,HLT,68.5999984741211,69.62999725341797,67.86000061035156,68.69999694824219,67.20515441894531,3200500
2018-10-31,HLT,69.93000030517578,72.41999816894531,69.69000244140625,71.16999816894531,69.6214370727539,5039300
2018-10-31,HLT,69.93000030517578,72.41999816894531,69.69000244140625,71.16999816894531,69.6214370727539,5039300
2018-11-01,HLT,71.4800033569336,72.95999908447266,71.2300033569336,72.6500015258789,71.0692138671875,3044300
2018-11-01,HLT,71.4800033569336,72.95999908447266,71.2300033569336,72.6500015258789,71.0692138671875,3044300
2018-11-02,HLT,73.16000366210938,74.12000274658203,72.12999725341797,72.81999969482422,71.23550415039062,2982300
2018-11-02,HLT,73.16000366210938,74.12000274658203,72.12999725341797,72.81999969482422,71.23550415039062,2982300
2018-11-05,HLT,72.4800033569336,72.6500015258789,71.76000213623047,72.4000015258789,70.82466125488281,2633100
2018-11-05,HLT,72.4800033569336,72.6500015258789,71.76000213623047,72.4000015258789,70.82466125488281,2633100
2018-11-06,HLT,71.30999755859375,71.75,69.55000305175781,70.58999633789062,69.05403137207031,3991600
2018-11-06,HLT,71.30999755859375,71.75,69.55000305175781,70.58999633789062,69.05403137207031,3991600
2018-11-07,HLT,71.12999725341797,72.98999786376953,71.05000305175781,72.97000122070312,71.38225555419922,2263300
2018-11-07,HLT,71.12999725341797,72.98999786376953,71.05000305175781,72.97000122070312,71.38225555419922,2263300
2018-11-08,HLT,72.48999786376953,72.76000213623047,71.54000091552734,72.0199966430664,70.59805297851562,2369400
2018-11-08,HLT,72.48999786376953,72.76000213623047,71.54000091552734,72.0199966430664,70.59805297851562,2369400
2018-11-09,HLT,71.70999908447266,72.13999938964844,70.76000213623047,71.16000366210938,69.75503540039062,3249400
2018-11-09,HLT,71.70999908447266,72.13999938964844,70.76000213623047,71.16000366210938,69.75503540039062,3249400
2018-11-12,HLT,71.16000366210938,71.4000015258789,70.04000091552734,70.19000244140625,68.80416870117188,4186300
2018-11-12,HLT,71.16000366210938,71.4000015258789,70.04000091552734,70.19000244140625,68.80416870117188,4186300
2018-11-13,HLT,70.66000366210938,71.80000305175781,70.22000122070312,70.86000061035156,69.4609603881836,2346600
2018-11-13,HLT,70.66000366210938,71.80000305175781,70.22000122070312,70.86000061035156,69.4609603881836,2346600
2018-11-14,HLT,71.55999755859375,72.27999877929688,70.79000091552734,71.08000183105469,69.67660522460938,3790700
2018-11-14,HLT,71.55999755859375,72.27999877929688,70.79000091552734,71.08000183105469,69.67660522460938,3790700
2018-11-15,HLT,70.52999877929688,72.98999786376953,70.3499984741211,72.88999938964844,71.45086669921875,4069800
2018-11-15,HLT,70.52999877929688,72.98999786376953,70.3499984741211,72.88999938964844,71.45086669921875,4069800
2018-11-16,HLT,72.31999969482422,73.33999633789062,72.19999694824219,73.04000091552734,71.59791564941406,4737900
2018-11-16,HLT,72.31999969482422,73.33999633789062,72.19999694824219,73.04000091552734,71.59791564941406,4737900
2018-11-19,HLT,72.93000030517578,73.18000030517578,70.62999725341797,71.19999694824219,69.79423522949219,4401500
2018-11-19,HLT,72.93000030517578,73.18000030517578,70.62999725341797,71.19999694824219,69.79423522949219,4401500
2018-11-20,HLT,70.16999816894531,71.80000305175781,69.80999755859375,71.48999786376953,70.07850646972656,5740100
2018-11-20,HLT,70.16999816894531,71.80000305175781,69.80999755859375,71.48999786376953,70.07850646972656,5740100
2018-11-21,HLT,71.97000122070312,73.2699966430664,71.56999969482422,72.56999969482422,71.1371841430664,2499500
2018-11-21,HLT,71.97000122070312,73.2699966430664,71.56999969482422,72.56999969482422,71.1371841430664,2499500
2018-11-23,HLT,72.19999694824219,73.44999694824219,72.19999694824219,73.12000274658203,71.67633056640625,1095300
2018-11-23,HLT,72.19999694824219,73.44999694824219,72.19999694824219,73.12000274658203,71.67633056640625,1095300
2018-11-26,HLT,73.86000061035156,75.23999786376953,73.77999877929688,75.08999633789062,73.60743713378906,3508400
2018-11-26,HLT,73.86000061035156,75.23999786376953,73.77999877929688,75.08999633789062,73.60743713378906,3508400
2018-11-27,HLT,74.5199966430664,75.87999725341797,74.5199966430664,75.16999816894531,73.68584442138672,5549600
2018-11-27,HLT,74.5199966430664,75.87999725341797,74.5199966430664,75.16999816894531,73.68584442138672,5549600
2018-11-28,HLT,75.25,77.08000183105469,75.01000213623047,76.94999694824219,75.43070220947266,4285900
2018-11-28,HLT,75.25,77.08000183105469,75.01000213623047,76.94999694824219,75.43070220947266,4285900
2018-11-29,HLT,76.83000183105469,76.98999786376953,75.83999633789062,76.45999908447266,74.95039367675781,1970300
2018-11-29,HLT,76.83000183105469,76.98999786376953,75.83999633789062,76.45999908447266,74.95039367675781,1970300
2018-11-30,HLT,75.75,76.37000274658203,74.69000244140625,75.54000091552734,74.04853820800781,4767500
2018-11-30,HLT,75.75,76.37000274658203,74.69000244140625,75.54000091552734,74.04853820800781,4767500
2018-12-03,HLT,76.98999786376953,78.16999816894531,76.6500015258789,77.97000122070312,76.43058013916016,2836500
2018-12-03,HLT,76.98999786376953,78.16999816894531,76.6500015258789,77.97000122070312,76.43058013916016,2836500
2018-12-04,HLT,77.58000183105469,77.80000305175781,74.88999938964844,75.1500015258789,73.666259765625,4194200
2018-12-04,HLT,77.58000183105469,77.80000305175781,74.88999938964844,75.1500015258789,73.666259765625,4194200
2018-12-06,HLT,73.66999816894531,75.62999725341797,73.30999755859375,75.58999633789062,74.09757232666016,2342900
2018-12-06,HLT,73.66999816894531,75.62999725341797,73.30999755859375,75.58999633789062,74.09757232666016,2342900
2018-12-07,HLT,75.23999786376953,75.94000244140625,72.37999725341797,72.86000061035156,71.42146301269531,3067700
2018-12-07,HLT,75.23999786376953,75.94000244140625,72.37999725341797,72.86000061035156,71.42146301269531,3067700
2018-12-10,HLT,73.01000213623047,73.7300033569336,71.5,72.66999816894531,71.2352066040039,3278000
2018-12-10,HLT,73.01000213623047,73.7300033569336,71.5,72.66999816894531,71.2352066040039,3278000
2018-12-11,HLT,74.11000061035156,74.41999816894531,71.98999786376953,72.4000015258789,70.97055053710938,3296400
2018-12-11,HLT,74.11000061035156,74.41999816894531,71.98999786376953,72.4000015258789,70.97055053710938,3296400
2018-12-12,HLT,73.38999938964844,74.55999755859375,72.70999908447266,72.77999877929688,71.3430404663086,2004500
2018-12-12,HLT,73.38999938964844,74.55999755859375,72.70999908447266,72.77999877929688,71.3430404663086,2004500
2018-12-13,HLT,73.2300033569336,73.31999969482422,72.05999755859375,72.22000122070312,70.79411315917969,1785200
2018-12-13,HLT,73.2300033569336,73.31999969482422,72.05999755859375,72.22000122070312,70.79411315917969,1785200
2018-12-14,HLT,71.44000244140625,73.01000213623047,71.44000244140625,71.86000061035156,70.44120025634766,2524300
2018-12-14,HLT,71.44000244140625,73.01000213623047,71.44000244140625,71.86000061035156,70.44120025634766,2524300
2018-12-17,HLT,71.75,72.98999786376953,69.86000061035156,70.2699966430664,68.88259887695312,4462400
2018-12-17,HLT,71.75,72.98999786376953,69.86000061035156,70.2699966430664,68.88259887695312,4462400
2018-12-18,HLT,70.79000091552734,71.44000244140625,70.08000183105469,70.48999786376953,69.09825897216797,2402000
2018-12-18,HLT,70.79000091552734,71.44000244140625,70.08000183105469,70.48999786376953,69.09825897216797,2402000
2018-12-19,HLT,70.76000213623047,72.11000061035156,68.94000244140625,69.66000366210938,68.28465270996094,4020800
2018-12-19,HLT,70.76000213623047,72.11000061035156,68.94000244140625,69.66000366210938,68.28465270996094,4020800
2018-12-20,HLT,68.58000183105469,69.08000183105469,66.5199966430664,67.5,66.16728210449219,4862900
2018-12-20,HLT,68.58000183105469,69.08000183105469,66.5199966430664,67.5,66.16728210449219,4862900
2018-12-21,HLT,67.88999938964844,68.52999877929688,65.75,66.47000122070312,65.15762329101562,5417300
2018-12-21,HLT,67.88999938964844,68.52999877929688,65.75,66.47000122070312,65.15762329101562,5417300
2018-12-24,HLT,66.05999755859375,67.80000305175781,65.63999938964844,66.51000213623047,65.19682312011719,2015800
2018-12-24,HLT,66.05999755859375,67.80000305175781,65.63999938964844,66.51000213623047,65.19682312011719,2015800
2018-12-26,HLT,66.79000091552734,69.58000183105469,66.27999877929688,69.51000213623047,68.13760375976562,2606200
2018-12-26,HLT,66.79000091552734,69.58000183105469,66.27999877929688,69.51000213623047,68.13760375976562,2606200
2018-12-27,HLT,68.62000274658203,70.3499984741211,67.77999877929688,70.33000183105469,68.94141387939453,2203300
2018-12-27,HLT,68.62000274658203,70.3499984741211,67.77999877929688,70.33000183105469,68.94141387939453,2203300
2018-12-28,HLT,70.91999816894531,71.81999969482422,70.37999725341797,70.94999694824219,69.54916381835938,2165800
2018-12-28,HLT,70.91999816894531,71.81999969482422,70.37999725341797,70.94999694824219,69.54916381835938,2165800
2018-12-31,HLT,71.41000366210938,72.04000091552734,70.7699966430664,71.80000305175781,70.38240051269531,2138700
2018-12-31,HLT,71.41000366210938,72.04000091552734,70.7699966430664,71.80000305175781,70.38240051269531,2138700
2019-01-02,HLT,70.69000244140625,71.44000244140625,70.1500015258789,70.94000244140625,69.53937530517578,3629500
2019-01-02,HLT,70.69000244140625,71.44000244140625,70.1500015258789,70.94000244140625,69.53937530517578,3629500
2019-01-03,HLT,70.44999694824219,70.62000274658203,67.18000030517578,67.30000305175781,65.97124481201172,5629200
2019-01-03,HLT,70.44999694824219,70.62000274658203,67.18000030517578,67.30000305175781,65.97124481201172,5629200
2019-01-04,HLT,68.41000366210938,70.05000305175781,68.25,69.94000244140625,68.55911254882812,4110700
2019-01-04,HLT,68.41000366210938,70.05000305175781,68.25,69.94000244140625,68.55911254882812,4110700
2019-01-07,HLT,69.69999694824219,71.36000061035156,69.12000274658203,70.73999786376953,69.34332275390625,3171200
2019-01-07,HLT,69.69999694824219,71.36000061035156,69.12000274658203,70.73999786376953,69.34332275390625,3171200
2019-01-08,HLT,71.76000213623047,72.12999725341797,70.83000183105469,71.86000061035156,70.44120025634766,6213000
2019-01-08,HLT,71.76000213623047,72.12999725341797,70.83000183105469,71.86000061035156,70.44120025634766,6213000
2019-01-09,HLT,71.91000366210938,72.33999633789062,70.91999816894531,71.04000091552734,69.63739776611328,1760900
2019-01-09,HLT,71.91000366210938,72.33999633789062,70.91999816894531,71.04000091552734,69.63739776611328,1760900
2019-01-10,HLT,70.5,72.51000213623047,70.2300033569336,72.06999969482422,70.64706420898438,2409600
2019-01-10,HLT,70.5,72.51000213623047,70.2300033569336,72.06999969482422,70.64706420898438,2409600
2019-01-11,HLT,71.48999786376953,72.20999908447266,71.25,71.88999938964844,70.47062683105469,2191200
2019-01-11,HLT,71.48999786376953,72.20999908447266,71.25,71.88999938964844,70.47062683105469,2191200
2019-01-14,HLT,71.4000015258789,71.76000213623047,70.58999633789062,70.98999786376953,69.58837890625,2943300
2019-01-14,HLT,71.4000015258789,71.76000213623047,70.58999633789062,70.98999786376953,69.58837890625,2943300
2019-01-15,HLT,71.19000244140625,72.51000213623047,70.95999908447266,72.5,71.06857299804688,2376300
2019-01-15,HLT,71.19000244140625,72.51000213623047,70.95999908447266,72.5,71.06857299804688,2376300
2019-01-16,HLT,72.72000122070312,73.19999694824219,72.01000213623047,72.04000091552734,70.6176528930664,3326000
2019-01-16,HLT,72.72000122070312,73.19999694824219,72.01000213623047,72.04000091552734,70.6176528930664,3326000
2019-01-17,HLT,71.61000061035156,72.44000244140625,71.41000366210938,72.0,70.57843780517578,2579300
2019-01-17,HLT,71.61000061035156,72.44000244140625,71.41000366210938,72.0,70.57843780517578,2579300
2019-01-18,HLT,72.51000213623047,73.30999755859375,72.19000244140625,73.08000183105469,71.63713836669922,2561400
2019-01-18,HLT,72.51000213623047,73.30999755859375,72.19000244140625,73.08000183105469,71.63713836669922,2561400
2019-01-22,HLT,72.72000122070312,73.11000061035156,70.73999786376953,71.01000213623047,69.60797882080078,3260500
2019-01-22,HLT,72.72000122070312,73.11000061035156,70.73999786376953,71.01000213623047,69.60797882080078,3260500
2019-01-23,HLT,71.3499984741211,71.86000061035156,70.16000366210938,70.7300033569336,69.3335189819336,3359500
2019-01-23,HLT,71.3499984741211,71.86000061035156,70.16000366210938,70.7300033569336,69.3335189819336,3359500
2019-01-24,HLT,70.8499984741211,71.23999786376953,70.30999755859375,71.05999755859375,69.65699768066406,2560200
2019-01-24,HLT,70.8499984741211,71.23999786376953,70.30999755859375,71.05999755859375,69.65699768066406,2560200
2019-01-25,HLT,71.80999755859375,72.05999755859375,70.88999938964844,71.76000213623047,70.34318542480469,3155900
2019-01-25,HLT,71.80999755859375,72.05999755859375,70.88999938964844,71.76000213623047,70.34318542480469,3155900
2019-01-28,HLT,71.19999694824219,72.98999786376953,71.19999694824219,72.30999755859375,70.88233947753906,1919500
2019-01-28,HLT,71.19999694824219,72.98999786376953,71.19999694824219,72.30999755859375,70.88233947753906,1919500
2019-01-29,HLT,72.30000305175781,73.2699966430664,71.79000091552734,73.1500015258789,71.70573425292969,1766200
2019-01-29,HLT,72.30000305175781,73.2699966430664,71.79000091552734,73.1500015258789,71.70573425292969,1766200
2019-01-30,HLT,73.63999938964844,74.66000366210938,73.33999633789062,74.12999725341797,72.66639709472656,3939200
2019-01-30,HLT,73.63999938964844,74.66000366210938,73.33999633789062,74.12999725341797,72.66639709472656,3939200
2019-01-31,HLT,74.13999938964844,75.19000244140625,73.80999755859375,74.4800033569336,73.0094985961914,2533900
2019-01-31,HLT,74.13999938964844,75.19000244140625,73.80999755859375,74.4800033569336,73.0094985961914,2533900
2019-02-01,HLT,74.41000366210938,75.04000091552734,73.94999694824219,74.41999816894531,72.95066833496094,3478200
2019-02-01,HLT,74.41000366210938,75.04000091552734,73.94999694824219,74.41999816894531,72.95066833496094,3478200
2019-02-04,HLT,74.5,74.94000244140625,74.13999938964844,74.7300033569336,73.2545394897461,3136600
2019-02-04,HLT,74.5,74.94000244140625,74.13999938964844,74.7300033569336,73.2545394897461,3136600
2019-02-05,HLT,74.80000305175781,75.16000366210938,74.41999816894531,74.62000274658203,73.14671325683594,2088800
2019-02-05,HLT,74.80000305175781,75.16000366210938,74.41999816894531,74.62000274658203,73.14671325683594,2088800
2019-02-06,HLT,74.62999725341797,75.75,74.62999725341797,75.56999969482422,74.07795715332031,2061400
2019-02-06,HLT,74.62999725341797,75.75,74.62999725341797,75.56999969482422,74.07795715332031,2061400
2019-02-07,HLT,74.79000091552734,75.01000213623047,73.5,74.68000030517578,73.2055435180664,2444900
2019-02-07,HLT,74.79000091552734,75.01000213623047,73.5,74.68000030517578,73.2055435180664,2444900
2019-02-08,HLT,74.06999969482422,74.72000122070312,73.4800033569336,73.91000366210938,72.45073699951172,2723500
2019-02-08,HLT,74.06999969482422,74.72000122070312,73.4800033569336,73.91000366210938,72.45073699951172,2723500
2019-02-11,HLT,74.11000061035156,75.08000183105469,74.08000183105469,74.4000015258789,72.93104553222656,3526900
2019-02-11,HLT,74.11000061035156,75.08000183105469,74.08000183105469,74.4000015258789,72.93104553222656,3526900
2019-02-12,HLT,74.66000366210938,75.2300033569336,73.93000030517578,74.31999969482422,72.85264587402344,3117400
2019-02-12,HLT,74.66000366210938,75.2300033569336,73.93000030517578,74.31999969482422,72.85264587402344,3117400
2019-02-13,HLT,77.5999984741211,79.70999908447266,77.23999786376953,79.37000274658203,77.80293273925781,5722900
2019-02-13,HLT,77.5999984741211,79.70999908447266,77.23999786376953,79.37000274658203,77.80293273925781,5722900
2019-02-14,HLT,79.68000030517578,80.2699966430664,78.58999633789062,80.16000366210938,78.57733917236328,3729900
2019-02-14,HLT,79.68000030517578,80.2699966430664,78.58999633789062,80.16000366210938,78.57733917236328,3729900
2019-02-15,HLT,81.0,82.13999938964844,80.75,81.75,80.13595581054688,3387400
2019-02-15,HLT,81.0,82.13999938964844,80.75,81.75,80.13595581054688,3387400
2019-02-19,HLT,81.12999725341797,82.18000030517578,80.93000030517578,81.38999938964844,79.78303527832031,3863800
2019-02-19,HLT,81.12999725341797,82.18000030517578,80.93000030517578,81.38999938964844,79.78303527832031,3863800
2019-02-20,HLT,81.86000061035156,83.4800033569336,81.08999633789062,83.33999633789062,81.69454193115234,4124100
2019-02-20,HLT,81.86000061035156,83.4800033569336,81.08999633789062,83.33999633789062,81.69454193115234,4124100
2019-02-21,HLT,83.2300033569336,83.77999877929688,82.38999938964844,83.25,81.60631561279297,2199600
2019-02-21,HLT,83.2300033569336,83.77999877929688,82.38999938964844,83.25,81.60631561279297,2199600
2019-02-22,HLT,83.5199966430664,85.37000274658203,83.22000122070312,85.02999877929688,83.35118865966797,2639200
2019-02-22,HLT,83.5199966430664,85.37000274658203,83.22000122070312,85.02999877929688,83.35118865966797,2639200
2019-02-25,HLT,85.6500015258789,85.87000274658203,83.41999816894531,83.55000305175781,81.90039825439453,2244800
2019-02-25,HLT,85.6500015258789,85.87000274658203,83.41999816894531,83.55000305175781,81.90039825439453,2244800
2019-02-26,HLT,83.55999755859375,84.83999633789062,83.33999633789062,83.48999786376953,81.8415756225586,2368600
2019-02-26,HLT,83.55999755859375,84.83999633789062,83.33999633789062,83.48999786376953,81.8415756225586,2368600
2019-02-27,HLT,83.1500015258789,83.83000183105469,83.02999877929688,83.48999786376953,81.8415756225586,2241400
2019-02-27,HLT,83.1500015258789,83.83000183105469,83.02999877929688,83.48999786376953,81.8415756225586,2241400
2019-02-28,HLT,82.93000030517578,83.55000305175781,82.76000213623047,83.0999984741211,81.60588836669922,1796800
2019-02-28,HLT,82.93000030517578,83.55000305175781,82.76000213623047,83.0999984741211,81.60588836669922,1796800
2019-03-01,HLT,83.93000030517578,84.3499984741211,83.20999908447266,83.77999877929688,82.27368927001953,1972000
2019-03-01,HLT,83.93000030517578,84.3499984741211,83.20999908447266,83.77999877929688,82.27368927001953,1972000
2019-03-04,HLT,84.27999877929688,84.4000015258789,82.48999786376953,83.37999725341797,81.88086700439453,2265100
2019-03-04,HLT,84.27999877929688,84.4000015258789,82.48999786376953,83.37999725341797,81.88086700439453,2265100
2019-03-05,HLT,83.61000061035156,84.13999938964844,83.13999938964844,84.01000213623047,82.49952697753906,1773500
2019-03-05,HLT,83.61000061035156,84.13999938964844,83.13999938964844,84.01000213623047,82.49952697753906,1773500
2019-03-06,HLT,84.12999725341797,84.48999786376953,83.68000030517578,83.95999908447266,82.45045471191406,1713400
2019-03-06,HLT,84.12999725341797,84.48999786376953,83.68000030517578,83.95999908447266,82.45045471191406,1713400
2019-03-07,HLT,83.62999725341797,83.7699966430664,82.30000305175781,82.91999816894531,81.42915344238281,2269500
2019-03-07,HLT,83.62999725341797,83.7699966430664,82.30000305175781,82.91999816894531,81.42915344238281,2269500
2019-03-08,HLT,82.2699966430664,82.58999633789062,81.66000366210938,82.44999694824219,80.96756744384766,1970000
2019-03-08,HLT,82.2699966430664,82.58999633789062,81.66000366210938,82.44999694824219,80.96756744384766,1970000
2019-03-11,HLT,82.7699966430664,82.9800033569336,82.11000061035156,82.80000305175781,81.31129455566406,2246300
2019-03-11,HLT,82.7699966430664,82.9800033569336,82.11000061035156,82.80000305175781,81.31129455566406,2246300
2019-03-12,HLT,83.12999725341797,83.5999984741211,82.3499984741211,83.41000366210938,81.91033935546875,2266900
2019-03-12,HLT,83.12999725341797,83.5999984741211,82.3499984741211,83.41000366210938,81.91033935546875,2266900
2019-03-13,HLT,83.81999969482422,84.7300033569336,83.43000030517578,83.66999816894531,82.16564178466797,2345300
2019-03-13,HLT,83.81999969482422,84.7300033569336,83.43000030517578,83.66999816894531,82.16564178466797,2345300
2019-03-14,HLT,84.51000213623047,85.06999969482422,83.76000213623047,85.0,83.47173309326172,2363100
2019-03-14,HLT,84.51000213623047,85.06999969482422,83.76000213623047,85.0,83.47173309326172,2363100
2019-03-15,HLT,85.0,86.08000183105469,84.98999786376953,85.76000213623047,84.21809387207031,3775200
2019-03-15,HLT,85.0,86.08000183105469,84.98999786376953,85.76000213623047,84.21809387207031,3775200
2019-03-18,HLT,86.12999725341797,87.08999633789062,85.88999938964844,86.20999908447266,84.65998840332031,1983500
2019-03-18,HLT,86.12999725341797,87.08999633789062,85.88999938964844,86.20999908447266,84.65998840332031,1983500
2019-03-19,HLT,86.4000015258789,86.9000015258789,85.56999969482422,85.69999694824219,84.15914916992188,1433000
2019-03-19,HLT,86.4000015258789,86.9000015258789,85.56999969482422,85.69999694824219,84.15914916992188,1433000
2019-03-20,HLT,85.7699966430664,85.7699966430664,84.33999633789062,84.91999816894531,83.39317321777344,2879700
2019-03-20,HLT,85.7699966430664,85.7699966430664,84.33999633789062,84.91999816894531,83.39317321777344,2879700
2019-03-21,HLT,84.48999786376953,85.81999969482422,84.37000274658203,85.79000091552734,84.2475357055664,2076200
2019-03-21,HLT,84.48999786376953,85.81999969482422,84.37000274658203,85.79000091552734,84.2475357055664,2076200
2019-03-22,HLT,85.37000274658203,85.58000183105469,84.2300033569336,84.56999969482422,83.04946899414062,3209500
2019-03-22,HLT,85.37000274658203,85.58000183105469,84.2300033569336,84.56999969482422,83.04946899414062,3209500
2019-03-25,HLT,84.6500015258789,84.72000122070312,83.63999938964844,84.0199966430664,82.50934600830078,1488500
2019-03-25,HLT,84.6500015258789,84.72000122070312,83.63999938964844,84.0199966430664,82.50934600830078,1488500
2019-03-26,HLT,84.16000366210938,84.16000366210938,82.88999938964844,83.5,81.99868774414062,3342400
2019-03-26,HLT,84.16000366210938,84.16000366210938,82.88999938964844,83.5,81.99868774414062,3342400
2019-03-27,HLT,83.5,83.80999755859375,81.72000122070312,82.44999694824219,80.96756744384766,3627200
2019-03-27,HLT,83.5,83.80999755859375,81.72000122070312,82.44999694824219,80.96756744384766,3627200
2019-03-28,HLT,82.5999984741211,83.37999725341797,82.54000091552734,83.20999908447266,81.71391296386719,1965800
2019-03-28,HLT,82.5999984741211,83.37999725341797,82.54000091552734,83.20999908447266,81.71391296386719,1965800
2019-03-29,HLT,82.91999816894531,83.8499984741211,82.87999725341797,83.11000061035156,81.61571502685547,2857100
2019-03-29,HLT,82.91999816894531,83.8499984741211,82.87999725341797,83.11000061035156,81.61571502685547,2857100
2019-04-01,HLT,83.94000244140625,84.87000274658203,83.52999877929688,84.1500015258789,82.63702392578125,3434400
2019-04-01,HLT,83.94000244140625,84.87000274658203,83.52999877929688,84.1500015258789,82.63702392578125,3434400
2019-04-02,HLT,84.0999984741211,85.22000122070312,83.86000061035156,85.04000091552734,83.5110092163086,3389100
2019-04-02,HLT,84.0999984741211,85.22000122070312,83.86000061035156,85.04000091552734,83.5110092163086,3389100
2019-04-03,HLT,85.62000274658203,87.02999877929688,85.33000183105469,86.79000091552734,85.22955322265625,2853800
2019-04-03,HLT,85.62000274658203,87.02999877929688,85.33000183105469,86.79000091552734,85.22955322265625,2853800
2019-04-04,HLT,87.16000366210938,87.63999938964844,86.81999969482422,87.30999755859375,85.74020385742188,2016100
2019-04-04,HLT,87.16000366210938,87.63999938964844,86.81999969482422,87.30999755859375,85.74020385742188,2016100
2019-04-05,HLT,87.44999694824219,88.08999633789062,87.19999694824219,87.44000244140625,85.86785888671875,2618400
2019-04-05,HLT,87.44999694824219,88.08999633789062,87.19999694824219,87.44000244140625,85.86785888671875,2618400
2019-04-08,HLT,87.7300033569336,88.25,87.08999633789062,88.18000030517578,86.59455871582031,1561400
2019-04-08,HLT,87.7300033569336,88.25,87.08999633789062,88.18000030517578,86.59455871582031,1561400
2019-04-09,HLT,87.86000061035156,88.12999725341797,86.93000030517578,87.0999984741211,85.53397369384766,2480400
2019-04-09,HLT,87.86000061035156,88.12999725341797,86.93000030517578,87.0999984741211,85.53397369384766,2480400
2019-04-10,HLT,87.19000244140625,88.08999633789062,87.05000305175781,87.98999786376953,86.40797424316406,1039600
2019-04-10,HLT,87.19000244140625,88.08999633789062,87.05000305175781,87.98999786376953,86.40797424316406,1039600
2019-04-11,HLT,88.27999877929688,88.69000244140625,87.95999908447266,88.52999877929688,86.93827819824219,1696600
2019-04-11,HLT,88.27999877929688,88.69000244140625,87.95999908447266,88.52999877929688,86.93827819824219,1696600
2019-04-12,HLT,88.9000015258789,89.33999633789062,88.23999786376953,88.7300033569336,87.13467407226562,1337400
2019-04-12,HLT,88.9000015258789,89.33999633789062,88.23999786376953,88.7300033569336,87.13467407226562,1337400
2019-04-15,HLT,88.93000030517578,89.01000213623047,87.73999786376953,88.16999816894531,86.58473205566406,1371900
2019-04-15,HLT,88.93000030517578,89.01000213623047,87.73999786376953,88.16999816894531,86.58473205566406,1371900
2019-04-16,HLT,88.38999938964844,88.62000274658203,88.08999633789062,88.1500015258789,86.56510162353516,1619400
2019-04-16,HLT,88.38999938964844,88.62000274658203,88.08999633789062,88.1500015258789,86.56510162353516,1619400
2019-04-17,HLT,88.51000213623047,88.75,87.69999694824219,87.76000213623047,86.18211364746094,2058900
2019-04-17,HLT,88.51000213623047,88.75,87.69999694824219,87.76000213623047,86.18211364746094,2058900
2019-04-18,HLT,87.68000030517578,87.72000122070312,86.01000213623047,87.2300033569336,85.6616439819336,1717600
2019-04-18,HLT,87.68000030517578,87.72000122070312,86.01000213623047,87.2300033569336,85.6616439819336,1717600
2019-04-22,HLT,86.75,88.04000091552734,86.33999633789062,87.91000366210938,86.32942962646484,2225000
2019-04-22,HLT,86.75,88.04000091552734,86.33999633789062,87.91000366210938,86.32942962646484,2225000
2019-04-23,HLT,87.87000274658203,88.52999877929688,87.54000091552734,87.91000366210938,86.32942962646484,2799300
2019-04-23,HLT,87.87000274658203,88.52999877929688,87.54000091552734,87.91000366210938,86.32942962646484,2799300
2019-04-24,HLT,87.12000274658203,88.0,86.8499984741211,87.5,85.9267807006836,3268700
2019-04-24,HLT,87.12000274658203,88.0,86.8499984741211,87.5,85.9267807006836,3268700
2019-04-25,HLT,87.33000183105469,88.05000305175781,87.22000122070312,87.62999725341797,86.05443572998047,1156000
2019-04-25,HLT,87.33000183105469,88.05000305175781,87.22000122070312,87.62999725341797,86.05443572998047,1156000
2019-04-26,HLT,87.94000244140625,88.51000213623047,87.44000244140625,88.01000213623047,86.42761993408203,2292300
2019-04-26,HLT,87.94000244140625,88.51000213623047,87.44000244140625,88.01000213623047,86.42761993408203,2292300
2019-04-29,HLT,88.45999908447266,88.45999908447266,87.12000274658203,87.25,85.68128967285156,3069400
2019-04-29,HLT,88.45999908447266,88.45999908447266,87.12000274658203,87.25,85.68128967285156,3069400
2019-04-30,HLT,87.51000213623047,87.91999816894531,86.5999984741211,86.98999786376953,85.42595672607422,4313400
2019-04-30,HLT,87.51000213623047,87.91999816894531,86.5999984741211,86.98999786376953,85.42595672607422,4313400
2019-05-01,HLT,90.86000061035156,93.72000122070312,90.2300033569336,92.5999984741211,90.9351043701172,5930600
2019-05-01,HLT,90.86000061035156,93.72000122070312,90.2300033569336,92.5999984741211,90.9351043701172,5930600
2019-05-02,HLT,92.4499969482422,92.7300033569336,90.4800033569336,91.2300033569336,89.58973693847656,2553900
2019-05-02,HLT,92.4499969482422,92.7300033569336,90.4800033569336,91.2300033569336,89.58973693847656,2553900
2019-05-03,HLT,91.62000274658205,93.45999908447266,91.43000030517578,93.33000183105467,91.65196990966795,2559100
2019-05-03,HLT,91.62000274658205,93.45999908447266,91.43000030517578,93.33000183105467,91.65196990966795,2559100
2019-05-06,HLT,91.29000091552734,92.68000030517578,91.0199966430664,92.3000030517578,90.6404800415039,2378800
2019-05-06,HLT,91.29000091552734,92.68000030517578,91.0199966430664,92.3000030517578,90.6404800415039,2378800
2019-05-07,HLT,91.33999633789062,92.02999877929688,89.94000244140625,90.48999786376952,88.86302185058594,1894000
2019-05-07,HLT,91.33999633789062,92.02999877929688,89.94000244140625,90.48999786376952,88.86302185058594,1894000
2019-05-08,HLT,90.18000030517578,91.06999969482422,89.94000244140625,90.6999969482422,89.06925201416016,2273000
2019-05-08,HLT,90.18000030517578,91.06999969482422,89.94000244140625,90.6999969482422,89.06925201416016,2273000
2019-05-09,HLT,90.04000091552734,91.44000244140624,89.76000213623047,91.13999938964844,89.50133514404297,1773700
2019-05-09,HLT,90.04000091552734,91.44000244140624,89.76000213623047,91.13999938964844,89.50133514404297,1773700
2019-05-10,HLT,90.37999725341795,91.87999725341795,89.72000122070312,91.52999877929688,89.88433074951172,1782300
2019-05-10,HLT,90.37999725341795,91.87999725341795,89.72000122070312,91.52999877929688,89.88433074951172,1782300
2019-05-13,HLT,89.98999786376953,90.2300033569336,88.9000015258789,89.37000274658203,87.76316833496094,1929200
2019-05-13,HLT,89.98999786376953,90.2300033569336,88.9000015258789,89.37000274658203,87.76316833496094,1929200
2019-05-14,HLT,89.94000244140625,92.37000274658205,89.94000244140625,91.73999786376952,90.0905532836914,2260200
2019-05-14,HLT,89.94000244140625,92.37000274658205,89.94000244140625,91.73999786376952,90.0905532836914,2260200
2019-05-15,HLT,91.5,94.0,91.08999633789062,93.6500015258789,91.96621704101562,2264700
2019-05-15,HLT,91.5,94.0,91.08999633789062,93.6500015258789,91.96621704101562,2264700
2019-05-16,HLT,93.81999969482422,94.63999938964844,93.66000366210938,94.0500030517578,92.50719451904295,1600700
2019-05-16,HLT,93.81999969482422,94.63999938964844,93.66000366210938,94.0500030517578,92.50719451904295,1600700
2019-05-17,HLT,92.77999877929688,93.44000244140624,92.62000274658205,92.93000030517578,91.40557098388672,1710200
2019-05-17,HLT,92.77999877929688,93.44000244140624,92.62000274658205,92.93000030517578,91.40557098388672,1710200
2019-05-20,HLT,92.12000274658205,92.3000030517578,91.0999984741211,91.47000122070312,89.9695053100586,2462800
2019-05-20,HLT,92.12000274658205,92.3000030517578,91.0999984741211,91.47000122070312,89.9695053100586,2462800
2019-05-21,HLT,92.12000274658205,92.55999755859376,91.9800033569336,92.11000061035156,90.59901428222656,2499700
2019-05-21,HLT,92.12000274658205,92.55999755859376,91.9800033569336,92.11000061035156,90.59901428222656,2499700
2019-05-22,HLT,91.54000091552734,92.58999633789062,91.54000091552734,92.0199966430664,90.51048278808594,1380700
2019-05-22,HLT,91.54000091552734,92.58999633789062,91.54000091552734,92.0199966430664,90.51048278808594,1380700
2019-05-23,HLT,91.37000274658205,92.51000213623048,90.4499969482422,90.66000366210938,89.17279052734375,5317800
2019-05-23,HLT,91.37000274658205,92.51000213623048,90.4499969482422,90.66000366210938,89.17279052734375,5317800
2019-05-24,HLT,91.19000244140624,91.55999755859376,89.4800033569336,89.91000366210938,88.43510437011719,2685200
2019-05-24,HLT,91.19000244140624,91.55999755859376,89.4800033569336,89.91000366210938,88.43510437011719,2685200
2019-05-28,HLT,90.31999969482422,90.5,89.05999755859375,89.19999694824219,87.73675537109375,1923800
2019-05-28,HLT,90.31999969482422,90.5,89.05999755859375,89.19999694824219,87.73675537109375,1923800
2019-05-29,HLT,89.0,89.0999984741211,87.95999908447266,88.91000366210938,87.4515151977539,2052100
2019-05-29,HLT,89.0,89.0999984741211,87.95999908447266,88.91000366210938,87.4515151977539,2052100
2019-05-30,HLT,89.20999908447266,90.5,89.13999938964844,89.66000366210938,88.189208984375,1598100
2019-05-30,HLT,89.20999908447266,90.5,89.13999938964844,89.66000366210938,88.189208984375,1598100
2019-05-31,HLT,88.80000305175781,90.12000274658205,88.43000030517578,89.44000244140625,87.97281646728516,1954200
2019-05-31,HLT,88.80000305175781,90.12000274658205,88.43000030517578,89.44000244140625,87.97281646728516,1954200
2019-06-03,HLT,89.1500015258789,89.5,87.91000366210938,88.43000030517578,86.97938537597656,2651300
2019-06-03,HLT,89.1500015258789,89.5,87.91000366210938,88.43000030517578,86.97938537597656,2651300
2019-06-04,HLT,89.4800033569336,90.33999633789062,88.91999816894531,90.31999969482422,88.83837890625,2278200
2019-06-04,HLT,89.4800033569336,90.33999633789062,88.91999816894531,90.31999969482422,88.83837890625,2278200
2019-06-05,HLT,90.45999908447266,90.98999786376952,89.62000274658203,90.0,88.52362823486328,1777200
2019-06-05,HLT,90.45999908447266,90.98999786376952,89.62000274658203,90.0,88.52362823486328,1777200
2019-06-06,HLT,90.2699966430664,91.08000183105467,90.16999816894533,91.0,89.50723266601562,1376200
2019-06-06,HLT,90.2699966430664,91.08000183105467,90.16999816894533,91.0,89.50723266601562,1376200
2019-06-07,HLT,91.38999938964844,93.37999725341795,91.38999938964844,92.51000213623048,90.99244689941406,1783000
2019-06-07,HLT,91.38999938964844,93.37999725341795,91.38999938964844,92.51000213623048,90.99244689941406,1783000
2019-06-10,HLT,92.91999816894533,94.18000030517578,92.83999633789062,93.02999877929688,91.50393676757812,1845300
2019-06-10,HLT,92.91999816894533,94.18000030517578,92.83999633789062,93.02999877929688,91.50393676757812,1845300
2019-06-11,HLT,93.83999633789062,94.81999969482422,93.19000244140624,93.93000030517578,92.38916015625,1108700
2019-06-11,HLT,93.83999633789062,94.81999969482422,93.19000244140624,93.93000030517578,92.38916015625,1108700
2019-06-12,HLT,93.98999786376952,94.6500015258789,93.23999786376952,93.3499984741211,91.81867218017578,894500
2019-06-12,HLT,93.98999786376952,94.6500015258789,93.23999786376952,93.3499984741211,91.81867218017578,894500
2019-06-13,HLT,93.55999755859376,93.76000213623048,92.6500015258789,93.02999877929688,91.50393676757812,1124100
2019-06-13,HLT,93.55999755859376,93.76000213623048,92.6500015258789,93.02999877929688,91.50393676757812,1124100
2019-06-14,HLT,92.94000244140624,93.62000274658205,92.41000366210938,93.41999816894533,91.88752746582033,887000
2019-06-14,HLT,92.94000244140624,93.62000274658205,92.41000366210938,93.41999816894533,91.88752746582033,887000
2019-06-17,HLT,93.30999755859376,93.66999816894533,92.70999908447266,93.20999908447266,91.68096923828124,950400
2019-06-17,HLT,93.30999755859376,93.66999816894533,92.70999908447266,93.20999908447266,91.68096923828124,950400
2019-06-18,HLT,93.81999969482422,95.29000091552734,93.54000091552734,95.0999984741211,93.53995513916016,1642200
2019-06-18,HLT,93.81999969482422,95.29000091552734,93.54000091552734,95.0999984741211,93.53995513916016,1642200
2019-06-19,HLT,94.9000015258789,96.05999755859376,94.55999755859376,95.76000213623048,94.18914031982422,1561900
2019-06-19,HLT,94.9000015258789,96.05999755859376,94.55999755859376,95.76000213623048,94.18914031982422,1561900
2019-06-20,HLT,95.70999908447266,97.0999984741211,95.56999969482422,96.87000274658205,95.28092956542967,2170700
2019-06-20,HLT,95.70999908447266,97.0999984741211,95.56999969482422,96.87000274658205,95.28092956542967,2170700
2019-06-21,HLT,96.55999755859376,97.02999877929688,96.08000183105467,96.13999938964844,94.56291198730467,2108000
2019-06-21,HLT,96.55999755859376,97.02999877929688,96.08000183105467,96.13999938964844,94.56291198730467,2108000
2019-06-24,HLT,96.3000030517578,96.44000244140624,95.08000183105467,95.51000213623048,93.94325256347656,1289100
2019-06-24,HLT,96.3000030517578,96.44000244140624,95.08000183105467,95.51000213623048,93.94325256347656,1289100
2019-06-25,HLT,95.5,95.77999877929688,93.01000213623048,93.25,91.72030639648438,2320900
2019-06-25,HLT,95.5,95.77999877929688,93.01000213623048,93.25,91.72030639648438,2320900
2019-06-26,HLT,93.69000244140624,94.87000274658205,93.26000213623048,94.5199966430664,92.96947479248048,1636600
2019-06-26,HLT,93.69000244140624,94.87000274658205,93.26000213623048,94.5199966430664,92.96947479248048,1636600
2019-06-27,HLT,94.87999725341795,96.87999725341795,94.72000122070312,96.52999877929688,94.94651794433594,1568500
2019-06-27,HLT,94.87999725341795,96.87999725341795,94.72000122070312,96.52999877929688,94.94651794433594,1568500
2019-06-28,HLT,96.66000366210938,97.73999786376952,96.55999755859376,97.73999786376952,96.13666534423828,3600300
2019-06-28,HLT,96.66000366210938,97.73999786376952,96.55999755859376,97.73999786376952,96.13666534423828,3600300
2019-07-01,HLT,99.0,99.33999633789062,98.12000274658205,99.3000030517578,97.67105865478516,2954100
2019-07-01,HLT,99.0,99.33999633789062,98.12000274658205,99.3000030517578,97.67105865478516,2954100
2019-07-02,HLT,99.3000030517578,100.44000244140624,98.66999816894533,100.38999938964844,98.7431869506836,2873200
2019-07-02,HLT,99.3000030517578,100.44000244140624,98.66999816894533,100.38999938964844,98.7431869506836,2873200
2019-07-03,HLT,100.52999877929688,101.13999938964844,100.16000366210938,100.63999938964844,98.98908233642578,1150700
2019-07-03,HLT,100.52999877929688,101.13999938964844,100.16000366210938,100.63999938964844,98.98908233642578,1150700
2019-07-05,HLT,100.31999969482422,100.66000366210938,99.58999633789062,100.5999984741211,98.94973754882812,1203200
2019-07-05,HLT,100.31999969482422,100.66000366210938,99.58999633789062,100.5999984741211,98.94973754882812,1203200
2019-07-08,HLT,100.2699966430664,100.43000030517578,99.3000030517578,100.19000244140624,98.54647064208984,1782000
2019-07-08,HLT,100.2699966430664,100.43000030517578,99.3000030517578,100.19000244140624,98.54647064208984,1782000
2019-07-09,HLT,99.04000091552734,99.41999816894533,98.51000213623048,99.0,97.3759994506836,2068100
2019-07-09,HLT,99.04000091552734,99.41999816894533,98.51000213623048,99.0,97.3759994506836,2068100
2019-07-10,HLT,99.2699966430664,99.5199966430664,98.18000030517578,99.19000244140624,97.56287384033205,2222200
2019-07-10,HLT,99.2699966430664,99.5199966430664,98.18000030517578,99.19000244140624,97.56287384033205,2222200
2019-07-11,HLT,99.26000213623048,100.83999633789062,98.8000030517578,100.6999969482422,99.04810333251952,1477200
2019-07-11,HLT,99.26000213623048,100.83999633789062,98.8000030517578,100.6999969482422,99.04810333251952,1477200
2019-07-12,HLT,99.3000030517578,100.7300033569336,99.06999969482422,99.54000091552734,97.9071273803711,2715700
2019-07-12,HLT,99.3000030517578,100.7300033569336,99.06999969482422,99.54000091552734,97.9071273803711,2715700
2019-07-15,HLT,99.69000244140624,99.69000244140624,98.80999755859376,99.1999969482422,97.57270050048828,1975500
2019-07-15,HLT,99.69000244140624,99.69000244140624,98.80999755859376,99.1999969482422,97.57270050048828,1975500
2019-07-16,HLT,98.9499969482422,100.0,98.69000244140624,99.87999725341795,98.2415542602539,3338700
2019-07-16,HLT,98.9499969482422,100.0,98.69000244140624,99.87999725341795,98.2415542602539,3338700
2019-07-17,HLT,99.62000274658205,99.9000015258789,97.62999725341795,97.7699966430664,96.16618347167967,1847900
2019-07-17,HLT,99.62000274658205,99.9000015258789,97.62999725341795,97.7699966430664,96.16618347167967,1847900
2019-07-18,HLT,97.58000183105467,97.62999725341795,96.43000030517578,97.0999984741211,95.50715637207033,1670700
2019-07-18,HLT,97.58000183105467,97.62999725341795,96.43000030517578,97.0999984741211,95.50715637207033,1670700
2019-07-19,HLT,96.77999877929688,96.88999938964844,94.4800033569336,94.52999877929688,92.97930908203124,3074300
2019-07-19,HLT,96.77999877929688,96.88999938964844,94.4800033569336,94.52999877929688,92.97930908203124,3074300
2019-07-22,HLT,94.76000213623048,94.86000061035156,92.75,93.23999786376952,91.71047973632812,3080700
2019-07-22,HLT,94.76000213623048,94.86000061035156,92.75,93.23999786376952,91.71047973632812,3080700
2019-07-23,HLT,93.58000183105467,95.26000213623048,93.13999938964844,95.12000274658205,93.55964660644533,3851400
2019-07-23,HLT,93.58000183105467,95.26000213623048,93.13999938964844,95.12000274658205,93.55964660644533,3851400
2019-07-24,HLT,95.5999984741211,96.20999908447266,92.48999786376952,95.30999755859376,93.74651336669922,2982600
2019-07-24,HLT,95.5999984741211,96.20999908447266,92.48999786376952,95.30999755859376,93.74651336669922,2982600
2019-07-25,HLT,94.48999786376952,96.88999938964844,94.48999786376952,96.4000015258789,94.8186492919922,2059300
2019-07-25,HLT,94.48999786376952,96.88999938964844,94.48999786376952,96.4000015258789,94.8186492919922,2059300
2019-07-26,HLT,97.19000244140624,97.47000122070312,96.33999633789062,97.20999908447266,95.61534881591795,1914900
2019-07-26,HLT,97.19000244140624,97.47000122070312,96.33999633789062,97.20999908447266,95.61534881591795,1914900
2019-07-29,HLT,97.25,97.80999755859376,97.16000366210938,97.4000015258789,95.80225372314452,1868500
2019-07-29,HLT,97.25,97.80999755859376,97.16000366210938,97.4000015258789,95.80225372314452,1868500
2019-07-30,HLT,97.0500030517578,97.62000274658205,96.76000213623048,97.30999755859376,95.71370697021484,984300
2019-07-30,HLT,97.0500030517578,97.62000274658205,96.76000213623048,97.30999755859376,95.71370697021484,984300
2019-07-31,HLT,97.3499984741211,97.93000030517578,95.66999816894533,96.5500030517578,94.96619415283205,2279400
2019-07-31,HLT,97.3499984741211,97.93000030517578,95.66999816894533,96.5500030517578,94.96619415283205,2279400
2019-08-01,HLT,96.44000244140624,97.27999877929688,94.83000183105467,95.25,93.68749237060548,1874000
2019-08-01,HLT,96.44000244140624,97.27999877929688,94.83000183105467,95.25,93.68749237060548,1874000
2019-08-02,HLT,94.94000244140624,95.31999969482422,93.5999984741211,93.91000366210938,92.36949920654295,1756000
2019-08-02,HLT,94.94000244140624,95.31999969482422,93.5999984741211,93.91000366210938,92.36949920654295,1756000
2019-08-05,HLT,92.19000244140624,92.2699966430664,90.19000244140624,91.3499984741211,89.85147857666016,3022500
2019-08-05,HLT,92.19000244140624,92.2699966430664,90.19000244140624,91.3499984741211,89.85147857666016,3022500
2019-08-06,HLT,91.81999969482422,93.41999816894533,91.0199966430664,92.55999755859376,91.04163360595705,3267600
2019-08-06,HLT,91.81999969482422,93.41999816894533,91.0199966430664,92.55999755859376,91.04163360595705,3267600
2019-08-07,HLT,91.3000030517578,93.79000091552734,90.7300033569336,93.4000015258789,91.86786651611328,2550000
2019-08-07,HLT,91.3000030517578,93.79000091552734,90.7300033569336,93.4000015258789,91.86786651611328,2550000
2019-08-08,HLT,93.52999877929688,95.91000366210938,93.5199966430664,95.7699966430664,94.35050964355467,1947000
2019-08-08,HLT,93.52999877929688,95.91000366210938,93.5199966430664,95.7699966430664,94.35050964355467,1947000
2019-08-09,HLT,95.51000213623048,96.08000183105467,94.54000091552734,95.58000183105467,94.16332244873048,1459500
2019-08-09,HLT,95.51000213623048,96.08000183105467,94.54000091552734,95.58000183105467,94.16332244873048,1459500
2019-08-12,HLT,95.0,95.26000213623048,93.63999938964844,93.87999725341795,92.48851776123048,958400
2019-08-12,HLT,95.0,95.26000213623048,93.63999938964844,93.87999725341795,92.48851776123048,958400
2019-08-13,HLT,93.81999969482422,96.30999755859376,93.66000366210938,95.26000213623048,93.84807586669922,1970800
2019-08-13,HLT,93.81999969482422,96.30999755859376,93.66000366210938,95.26000213623048,93.84807586669922,1970800
2019-08-14,HLT,93.86000061035156,93.95999908447266,91.16000366210938,92.01000213623048,90.64624786376952,2561500
2019-08-14,HLT,93.86000061035156,93.95999908447266,91.16000366210938,92.01000213623048,90.64624786376952,2561500
2019-08-15,HLT,92.33999633789062,92.81999969482422,90.9499969482422,91.61000061035156,90.25215911865234,2171300
2019-08-15,HLT,92.33999633789062,92.81999969482422,90.9499969482422,91.61000061035156,90.25215911865234,2171300
2019-08-16,HLT,92.5,93.41999816894533,92.1999969482422,93.01000213623048,91.63138580322266,1433900
2019-08-16,HLT,92.5,93.41999816894533,92.1999969482422,93.01000213623048,91.63138580322266,1433900
2019-08-19,HLT,94.41000366210938,94.87000274658205,93.4499969482422,93.45999908447266,92.07473754882812,1057000
2019-08-19,HLT,94.41000366210938,94.87000274658205,93.4499969482422,93.45999908447266,92.07473754882812,1057000
2019-08-20,HLT,93.22000122070312,93.73999786376952,92.5999984741211,92.7300033569336,91.3555679321289,2397500
2019-08-20,HLT,93.22000122070312,93.73999786376952,92.5999984741211,92.7300033569336,91.3555679321289,2397500
2019-08-21,HLT,93.5999984741211,93.5999984741211,91.2699966430664,91.62000274658205,90.26201629638672,1750300
2019-08-21,HLT,93.5999984741211,93.5999984741211,91.2699966430664,91.62000274658205,90.26201629638672,1750300
2019-08-22,HLT,92.0199966430664,92.8000030517578,91.33999633789062,92.41000366210938,91.04029846191406,1616900
2019-08-22,HLT,92.0199966430664,92.8000030517578,91.33999633789062,92.41000366210938,91.04029846191406,1616900
2019-08-23,HLT,92.1500015258789,93.19000244140624,90.62999725341795,91.08000183105467,89.73001861572266,2188000
2019-08-23,HLT,92.1500015258789,93.19000244140624,90.62999725341795,91.08000183105467,89.73001861572266,2188000
2019-08-26,HLT,91.9000015258789,92.0500030517578,90.81999969482422,91.6500015258789,90.29155731201172,1336300
2019-08-26,HLT,91.9000015258789,92.0500030517578,90.81999969482422,91.6500015258789,90.29155731201172,1336300
2019-08-27,HLT,92.2300033569336,92.3499984741211,90.95999908447266,91.12999725341795,89.77926635742188,2376900
2019-08-27,HLT,92.2300033569336,92.3499984741211,90.95999908447266,91.12999725341795,89.77926635742188,2376900
2019-08-28,HLT,91.0,92.13999938964844,90.61000061035156,91.91000366210938,90.5477066040039,1171700
2019-08-28,HLT,91.0,92.13999938964844,90.61000061035156,91.91000366210938,90.5477066040039,1171700
2019-08-29,HLT,92.72000122070312,93.55999755859376,92.45999908447266,92.54000091552734,91.16836547851562,945500
2019-08-29,HLT,92.72000122070312,93.55999755859376,92.45999908447266,92.54000091552734,91.16836547851562,945500
2019-08-30,HLT,93.2300033569336,93.68000030517578,92.06999969482422,92.37000274658205,91.00090026855467,1165000
2019-08-30,HLT,93.2300033569336,93.68000030517578,92.06999969482422,92.37000274658205,91.00090026855467,1165000
2019-09-03,HLT,91.16000366210938,91.66999816894533,90.72000122070312,91.30999755859376,89.95661163330078,1507600
2019-09-03,HLT,91.16000366210938,91.66999816894533,90.72000122070312,91.30999755859376,89.95661163330078,1507600
2019-09-04,HLT,92.02999877929688,92.56999969482422,91.80999755859376,92.3000030517578,90.9319305419922,997600
2019-09-04,HLT,92.02999877929688,92.56999969482422,91.80999755859376,92.3000030517578,90.9319305419922,997600
2019-09-05,HLT,93.22000122070312,93.81999969482422,92.9000015258789,93.47000122070312,92.08460235595705,1075200
2019-09-05,HLT,93.22000122070312,93.81999969482422,92.9000015258789,93.47000122070312,92.08460235595705,1075200
2019-09-06,HLT,93.4000015258789,94.23999786376952,93.2300033569336,93.73999786376952,92.35059356689452,1061600
2019-09-06,HLT,93.4000015258789,94.23999786376952,93.2300033569336,93.73999786376952,92.35059356689452,1061600
2019-09-09,HLT,93.97000122070312,94.11000061035156,92.0500030517578,92.52999877929688,91.15852355957033,1375800
2019-09-09,HLT,93.97000122070312,94.11000061035156,92.0500030517578,92.52999877929688,91.15852355957033,1375800
2019-09-10,HLT,91.76000213623048,93.58999633789062,90.91000366210938,93.58000183105467,92.1929702758789,1880200
2019-09-10,HLT,91.76000213623048,93.58999633789062,90.91000366210938,93.58000183105467,92.1929702758789,1880200
2019-09-11,HLT,94.13999938964844,95.61000061035156,93.61000061035156,95.18000030517578,93.76924896240234,2139900
2019-09-11,HLT,94.13999938964844,95.61000061035156,93.61000061035156,95.18000030517578,93.76924896240234,2139900
2019-09-12,HLT,95.45999908447266,96.13999938964844,94.6500015258789,94.7699966430664,93.36531066894533,1365800
2019-09-12,HLT,95.45999908447266,96.13999938964844,94.6500015258789,94.7699966430664,93.36531066894533,1365800
2019-09-13,HLT,95.29000091552734,97.48999786376952,94.88999938964844,96.0500030517578,94.62635040283205,1567400
2019-09-13,HLT,95.29000091552734,97.48999786376952,94.88999938964844,96.0500030517578,94.62635040283205,1567400
2019-09-16,HLT,95.05999755859376,95.0999984741211,93.3499984741211,93.66000366210938,92.27178192138672,1896100
2019-09-16,HLT,95.05999755859376,95.0999984741211,93.3499984741211,93.66000366210938,92.27178192138672,1896100
2019-09-17,HLT,93.62999725341795,95.7699966430664,93.62999725341795,94.86000061035156,93.45399475097656,944300
2019-09-17,HLT,93.62999725341795,95.7699966430664,93.62999725341795,94.86000061035156,93.45399475097656,944300
2019-09-18,HLT,94.5,95.41999816894533,94.27999877929688,95.3499984741211,93.93672943115234,1010400
2019-09-18,HLT,94.5,95.41999816894533,94.27999877929688,95.3499984741211,93.93672943115234,1010400
2019-09-19,HLT,95.73999786376952,96.04000091552734,95.4499969482422,95.77999877929688,94.3603515625,1185100
2019-09-19,HLT,95.73999786376952,96.04000091552734,95.4499969482422,95.77999877929688,94.3603515625,1185100
2019-09-20,HLT,95.95999908447266,96.2300033569336,95.0199966430664,95.22000122070312,93.80865478515624,3093500
2019-09-20,HLT,95.95999908447266,96.2300033569336,95.0199966430664,95.22000122070312,93.80865478515624,3093500
2019-09-23,HLT,94.87999725341795,95.73999786376952,94.2300033569336,94.25,92.85304260253906,1456200
2019-09-23,HLT,94.87999725341795,95.73999786376952,94.2300033569336,94.25,92.85304260253906,1456200
2019-09-24,HLT,94.6500015258789,94.69000244140624,91.87999725341795,92.22000122070312,90.85311126708984,2320900
2019-09-24,HLT,94.6500015258789,94.69000244140624,91.87999725341795,92.22000122070312,90.85311126708984,2320900
2019-09-25,HLT,92.0500030517578,93.1999969482422,91.5199966430664,92.7699966430664,91.39495849609376,1191600
2019-09-25,HLT,92.0500030517578,93.1999969482422,91.5199966430664,92.7699966430664,91.39495849609376,1191600
2019-09-26,HLT,92.4499969482422,92.83999633789062,91.30999755859376,92.01000213623048,90.64624786376952,1658800
2019-09-26,HLT,92.4499969482422,92.83999633789062,91.30999755859376,92.01000213623048,90.64624786376952,1658800
2019-09-27,HLT,92.54000091552734,92.94000244140624,90.9800033569336,91.4499969482422,90.09453582763672,1349500
2019-09-27,HLT,92.54000091552734,92.94000244140624,90.9800033569336,91.4499969482422,90.09453582763672,1349500
2019-09-30,HLT,91.8000030517578,93.16000366210938,91.05999755859376,93.11000061035156,91.72992706298828,2007400
2019-09-30,HLT,91.8000030517578,93.16000366210938,91.05999755859376,93.11000061035156,91.72992706298828,2007400
2019-10-01,HLT,93.4499969482422,94.33999633789062,92.06999969482422,92.1500015258789,90.78417205810548,2008900
2019-10-01,HLT,93.4499969482422,94.33999633789062,92.06999969482422,92.1500015258789,90.78417205810548,2008900
2019-10-02,HLT,91.62000274658205,91.70999908447266,90.5999984741211,90.94000244140624,89.59208679199219,1962900
2019-10-02,HLT,91.62000274658205,91.70999908447266,90.5999984741211,90.94000244140624,89.59208679199219,1962900
2019-10-03,HLT,91.12999725341795,92.0500030517578,90.63999938964844,91.98999786376952,90.62651824951172,1827500
2019-10-03,HLT,91.12999725341795,92.0500030517578,90.63999938964844,91.98999786376952,90.62651824951172,1827500
2019-10-04,HLT,92.3000030517578,93.7699966430664,92.06999969482422,93.3499984741211,91.96638488769533,1606300
2019-10-04,HLT,92.3000030517578,93.7699966430664,92.06999969482422,93.3499984741211,91.96638488769533,1606300
2019-10-07,HLT,93.02999877929688,93.12000274658205,90.9499969482422,91.0,89.65119171142578,2088300
2019-10-07,HLT,93.02999877929688,93.12000274658205,90.9499969482422,91.0,89.65119171142578,2088300
2019-10-08,HLT,90.19000244140624,91.6999969482422,88.97000122070312,90.6999969482422,89.35565948486328,2141400
2019-10-08,HLT,90.19000244140624,91.6999969482422,88.97000122070312,90.6999969482422,89.35565948486328,2141400
2019-10-09,HLT,91.47000122070312,91.76000213623048,90.58999633789062,91.5,90.14379119873048,1680600
2019-10-09,HLT,91.47000122070312,91.76000213623048,90.58999633789062,91.5,90.14379119873048,1680600
2019-10-10,HLT,91.38999938964844,92.97000122070312,91.3000030517578,91.5500030517578,90.19306182861328,1953200
2019-10-10,HLT,91.38999938964844,92.97000122070312,91.3000030517578,91.5500030517578,90.19306182861328,1953200
2019-10-11,HLT,92.95999908447266,94.66000366210938,92.95999908447266,93.43000030517578,92.04518127441406,2760900
2019-10-11,HLT,92.95999908447266,94.66000366210938,92.95999908447266,93.43000030517578,92.04518127441406,2760900
2019-10-14,HLT,93.01000213623048,93.12000274658205,91.0,91.52999877929688,90.17334747314452,1274700
2019-10-14,HLT,93.01000213623048,93.12000274658205,91.0,91.52999877929688,90.17334747314452,1274700
2019-10-15,HLT,91.61000061035156,92.4000015258789,90.80999755859376,91.66000366210938,90.30142974853516,1664900
2019-10-15,HLT,91.61000061035156,92.4000015258789,90.80999755859376,91.66000366210938,90.30142974853516,1664900
2019-10-16,HLT,91.79000091552734,92.6500015258789,91.62000274658205,92.1999969482422,90.83342742919922,1098100
2019-10-16,HLT,91.79000091552734,92.6500015258789,91.62000274658205,92.1999969482422,90.83342742919922,1098100
2019-10-17,HLT,92.41999816894533,94.79000091552734,91.83000183105467,92.1999969482422,90.83342742919922,1687900
2019-10-17,HLT,92.41999816894533,94.79000091552734,91.83000183105467,92.1999969482422,90.83342742919922,1687900
2019-10-18,HLT,90.88999938964844,91.73999786376952,90.5,91.1500015258789,89.79898071289062,2708700
2019-10-18,HLT,90.88999938964844,91.73999786376952,90.5,91.1500015258789,89.79898071289062,2708700
2019-10-21,HLT,91.76000213623048,92.43000030517578,91.5199966430664,92.38999938964844,91.02061462402344,1743700
2019-10-21,HLT,91.76000213623048,92.43000030517578,91.5199966430664,92.38999938964844,91.02061462402344,1743700
2019-10-22,HLT,92.25,92.6999969482422,90.7300033569336,90.7300033569336,89.38522338867188,2205800
2019-10-22,HLT,92.25,92.6999969482422,90.7300033569336,90.7300033569336,89.38522338867188,2205800
2019-10-23,HLT,91.5,95.9499969482422,89.8499984741211,95.7699966430664,94.35050964355467,4029200
2019-10-23,HLT,91.5,95.9499969482422,89.8499984741211,95.7699966430664,94.35050964355467,4029200
2019-10-24,HLT,95.55999755859376,97.36000061035156,94.80999755859376,96.91000366210938,95.4735870361328,2809600
2019-10-24,HLT,95.55999755859376,97.36000061035156,94.80999755859376,96.91000366210938,95.4735870361328,2809600
2019-10-25,HLT,96.7300033569336,98.62000274658205,96.48999786376952,97.69000244140624,96.24203491210938,1542400
2019-10-25,HLT,96.7300033569336,98.62000274658205,96.48999786376952,97.69000244140624,96.24203491210938,1542400
2019-10-28,HLT,97.87000274658205,98.54000091552734,96.36000061035156,97.19000244140624,95.7494659423828,1267100
2019-10-28,HLT,97.87000274658205,98.54000091552734,96.36000061035156,97.19000244140624,95.7494659423828,1267100
2019-10-29,HLT,97.0999984741211,97.80999755859376,96.5500030517578,97.30999755859376,95.86767578125,1067300
2019-10-29,HLT,97.0999984741211,97.80999755859376,96.5500030517578,97.30999755859376,95.86767578125,1067300
2019-10-30,HLT,97.3499984741211,97.3499984741211,95.88999938964844,97.31999969482422,95.87752532958984,1087000
2019-10-30,HLT,97.3499984741211,97.3499984741211,95.88999938964844,97.31999969482422,95.87752532958984,1087000
2019-10-31,HLT,96.9000015258789,97.62999725341795,96.54000091552734,96.95999908447266,95.52286529541016,1498400
2019-10-31,HLT,96.9000015258789,97.62999725341795,96.54000091552734,96.95999908447266,95.52286529541016,1498400
2019-11-01,HLT,97.8499984741211,98.5,96.1500015258789,96.30999755859376,94.88248443603516,1714400
2019-11-01,HLT,97.8499984741211,98.5,96.1500015258789,96.30999755859376,94.88248443603516,1714400
2019-11-04,HLT,96.80999755859376,98.69000244140624,96.4499969482422,97.98999786376952,96.53759765625,1311800
2019-11-04,HLT,96.80999755859376,98.69000244140624,96.4499969482422,97.98999786376952,96.53759765625,1311800
2019-11-05,HLT,97.8000030517578,100.47000122070312,97.37000274658205,100.1500015258789,98.66559600830078,1703200
2019-11-05,HLT,97.8000030517578,100.47000122070312,97.37000274658205,100.1500015258789,98.66559600830078,1703200
2019-11-06,HLT,100.44000244140624,100.44000244140624,99.12999725341795,99.56999969482422,98.09416198730467,1135200
2019-11-06,HLT,100.44000244140624,100.44000244140624,99.12999725341795,99.56999969482422,98.09416198730467,1135200
2019-11-07,HLT,100.0,100.7300033569336,98.5999984741211,98.93000030517578,97.61073303222656,1261800
2019-11-07,HLT,100.0,100.7300033569336,98.5999984741211,98.93000030517578,97.61073303222656,1261800
2019-11-08,HLT,98.62000274658205,99.0999984741211,97.86000061035156,99.08999633789062,97.7685775756836,938800
2019-11-08,HLT,98.62000274658205,99.0999984741211,97.86000061035156,99.08999633789062,97.7685775756836,938800
2019-11-11,HLT,98.26000213623048,98.87999725341795,97.8499984741211,98.12999725341795,96.8213882446289,861900
2019-11-11,HLT,98.26000213623048,98.87999725341795,97.8499984741211,98.12999725341795,96.8213882446289,861900
2019-11-12,HLT,98.29000091552734,99.33999633789062,97.9499969482422,98.08999633789062,96.78191375732422,856600
2019-11-12,HLT,98.29000091552734,99.33999633789062,97.9499969482422,98.08999633789062,96.78191375732422,856600
2019-11-13,HLT,97.8499984741211,98.08999633789062,96.77999877929688,97.76000213623048,96.4563217163086,2305000
2019-11-13,HLT,97.8499984741211,98.08999633789062,96.77999877929688,97.76000213623048,96.4563217163086,2305000
2019-11-14,HLT,97.9000015258789,99.0,97.5,98.8499984741211,97.53179168701172,970300
2019-11-14,HLT,97.9000015258789,99.0,97.5,98.8499984741211,97.53179168701172,970300
2019-11-15,HLT,99.48999786376952,100.5,99.16999816894533,99.69000244140624,98.360595703125,2089900
2019-11-15,HLT,99.48999786376952,100.5,99.16999816894533,99.69000244140624,98.360595703125,2089900
2019-11-18,HLT,99.5199966430664,100.5199966430664,99.5199966430664,100.16999816894533,98.83416748046876,1613700
2019-11-18,HLT,99.5199966430664,100.5199966430664,99.5199966430664,100.16999816894533,98.83416748046876,1613700
2019-11-19,HLT,100.58000183105467,100.81999969482422,100.11000061035156,100.20999908447266,98.8736343383789,833300
2019-11-19,HLT,100.58000183105467,100.81999969482422,100.11000061035156,100.20999908447266,98.8736343383789,833300
2019-11-20,HLT,99.61000061035156,100.11000061035156,98.6999969482422,99.26000213623048,97.9363250732422,983400
2019-11-20,HLT,99.61000061035156,100.11000061035156,98.6999969482422,99.26000213623048,97.9363250732422,983400
2019-11-21,HLT,98.91999816894533,99.51000213623048,98.26000213623048,99.08000183105467,97.75871276855467,954900
2019-11-21,HLT,98.91999816894533,99.51000213623048,98.26000213623048,99.08000183105467,97.75871276855467,954900
2019-11-22,HLT,99.4499969482422,101.47000122070312,99.12000274658205,101.22000122070312,99.87017059326172,2138800
2019-11-22,HLT,99.4499969482422,101.47000122070312,99.12000274658205,101.22000122070312,99.87017059326172,2138800
2019-11-25,HLT,101.86000061035156,103.48999786376952,101.8499984741211,103.08999633789062,101.71524810791016,1799000
2019-11-25,HLT,101.86000061035156,103.48999786376952,101.8499984741211,103.08999633789062,101.71524810791016,1799000
2019-11-26,HLT,103.1999969482422,105.41999816894533,102.8499984741211,105.31999969482422,103.91549682617188,1955800
2019-11-26,HLT,103.1999969482422,105.41999816894533,102.8499984741211,105.31999969482422,103.91549682617188,1955800
2019-11-27,HLT,105.55999755859376,106.41999816894533,105.04000091552734,106.37000274658205,104.95152282714844,1656600
2019-11-27,HLT,105.55999755859376,106.41999816894533,105.04000091552734,106.37000274658205,104.95152282714844,1656600
2019-11-29,HLT,105.81999969482422,106.25,104.7699966430664,105.0,103.59978485107422,764600
2019-11-29,HLT,105.81999969482422,106.25,104.7699966430664,105.0,103.59978485107422,764600
2019-12-02,HLT,105.05999755859376,105.08000183105467,103.75,104.75,103.35311889648438,1781500
2019-12-02,HLT,105.05999755859376,105.08000183105467,103.75,104.75,103.35311889648438,1781500
2019-12-03,HLT,103.26000213623048,104.18000030517578,102.76000213623048,103.9499969482422,102.56375885009766,1449600
2019-12-03,HLT,103.26000213623048,104.18000030517578,102.76000213623048,103.9499969482422,102.56375885009766,1449600
2019-12-04,HLT,104.0999984741211,104.7699966430664,103.86000061035156,104.18000030517578,102.79071044921876,1114200
2019-12-04,HLT,104.0999984741211,104.7699966430664,103.86000061035156,104.18000030517578,102.79071044921876,1114200
2019-12-05,HLT,104.62000274658205,105.3000030517578,104.27999877929688,104.91000366210938,103.5109634399414,1096800
2019-12-05,HLT,104.62000274658205,105.3000030517578,104.27999877929688,104.91000366210938,103.5109634399414,1096800
2019-12-06,HLT,105.86000061035156,106.25,105.30999755859376,105.47000122070312,104.06350708007812,1026000
2019-12-06,HLT,105.86000061035156,106.25,105.30999755859376,105.47000122070312,104.06350708007812,1026000
2019-12-09,HLT,105.5999984741211,106.11000061035156,104.75,104.75,103.35311889648438,1404600
2019-12-09,HLT,105.5999984741211,106.11000061035156,104.75,104.75,103.35311889648438,1404600
2019-12-10,HLT,104.91999816894533,105.58000183105467,104.5199966430664,104.6999969482422,103.30377197265624,1329100
2019-12-10,HLT,104.91999816894533,105.58000183105467,104.5199966430664,104.6999969482422,103.30377197265624,1329100
2019-12-11,HLT,105.11000061035156,105.9499969482422,104.8000030517578,105.6999969482422,104.29043579101562,1453700
2019-12-11,HLT,105.11000061035156,105.9499969482422,104.8000030517578,105.6999969482422,104.29043579101562,1453700
2019-12-12,HLT,105.66999816894533,107.2300033569336,105.37000274658205,106.5199966430664,105.0994873046875,1421800
2019-12-12,HLT,105.66999816894533,107.2300033569336,105.37000274658205,106.5199966430664,105.0994873046875,1421800
2019-12-13,HLT,106.54000091552734,107.44000244140624,106.16999816894533,107.1999969482422,105.77041625976562,1286600
2019-12-13,HLT,106.54000091552734,107.44000244140624,106.16999816894533,107.1999969482422,105.77041625976562,1286600
2019-12-16,HLT,108.04000091552734,109.3000030517578,107.6999969482422,108.4800033569336,107.03335571289062,2516700
2019-12-16,HLT,108.04000091552734,109.3000030517578,107.6999969482422,108.4800033569336,107.03335571289062,2516700
2019-12-17,HLT,108.31999969482422,108.9000015258789,107.73999786376952,108.8000030517578,107.34909057617188,2109000
2019-12-17,HLT,108.31999969482422,108.9000015258789,107.73999786376952,108.8000030517578,107.34909057617188,2109000
2019-12-18,HLT,109.04000091552734,109.66000366210938,108.51000213623048,109.25,107.79308319091795,2524300
2019-12-18,HLT,109.04000091552734,109.66000366210938,108.51000213623048,109.25,107.79308319091795,2524300
2019-12-19,HLT,109.2699966430664,110.66999816894533,109.1500015258789,110.33999633789062,108.86856079101562,1935700
2019-12-19,HLT,109.2699966430664,110.66999816894533,109.1500015258789,110.33999633789062,108.86856079101562,1935700
2019-12-20,HLT,111.18000030517578,111.72000122070312,110.30999755859376,111.41999816894533,109.93416595458984,3343700
2019-12-20,HLT,111.18000030517578,111.72000122070312,110.30999755859376,111.41999816894533,109.93416595458984,3343700
2019-12-23,HLT,111.05999755859376,111.68000030517578,111.04000091552734,111.27999877929688,109.79602813720705,1495800
2019-12-23,HLT,111.05999755859376,111.68000030517578,111.04000091552734,111.27999877929688,109.79602813720705,1495800
2019-12-24,HLT,111.43000030517578,111.91999816894533,111.08000183105467,111.37000274658205,109.8848114013672,436700
2019-12-24,HLT,111.43000030517578,111.91999816894533,111.08000183105467,111.37000274658205,109.8848114013672,436700
2019-12-26,HLT,111.43000030517578,111.9800033569336,111.3000030517578,111.94000244140624,110.44722747802734,1268300
2019-12-26,HLT,111.43000030517578,111.9800033569336,111.3000030517578,111.94000244140624,110.44722747802734,1268300
2019-12-27,HLT,112.31999969482422,112.79000091552734,111.76000213623048,112.38999938964844,110.89120483398438,890200
2019-12-27,HLT,112.31999969482422,112.79000091552734,111.76000213623048,112.38999938964844,110.89120483398438,890200
2019-12-30,HLT,112.5,112.69000244140624,110.97000122070312,111.37000274658205,109.8848114013672,953200
2019-12-30,HLT,112.5,112.69000244140624,110.97000122070312,111.37000274658205,109.8848114013672,953200
2019-12-31,HLT,111.08000183105467,111.52999877929688,110.61000061035156,110.91000366210938,109.4309539794922,1327800
2019-12-31,HLT,111.08000183105467,111.52999877929688,110.61000061035156,110.91000366210938,109.4309539794922,1327800
2020-01-02,HLT,111.1500015258789,111.62000274658205,110.45999908447266,111.4499969482422,109.96375274658205,2014600
2020-01-02,HLT,111.1500015258789,111.62000274658205,110.45999908447266,111.4499969482422,109.96375274658205,2014600
2020-01-03,HLT,110.0,110.41000366210938,108.63999938964844,109.98999786376952,108.52323150634766,1854500
2020-01-03,HLT,110.0,110.41000366210938,108.63999938964844,109.98999786376952,108.52323150634766,1854500
2020-01-06,HLT,109.0199966430664,109.4499969482422,108.58999633789062,109.41999816894533,107.9608154296875,1821800
2020-01-06,HLT,109.0199966430664,109.4499969482422,108.58999633789062,109.41999816894533,107.9608154296875,1821800
2020-01-07,HLT,109.2699966430664,109.48999786376952,108.16000366210938,108.29000091552734,106.84587860107422,1498900
2020-01-07,HLT,109.2699966430664,109.48999786376952,108.16000366210938,108.29000091552734,106.84587860107422,1498900
2020-01-08,HLT,108.13999938964844,110.04000091552734,107.88999938964844,109.20999908447266,107.75362396240234,2741600
2020-01-08,HLT,108.13999938964844,110.04000091552734,107.88999938964844,109.20999908447266,107.75362396240234,2741600
2020-01-09,HLT,109.88999938964844,110.1999969482422,109.0500030517578,109.08999633789062,107.63522338867188,1596200
2020-01-09,HLT,109.88999938964844,110.1999969482422,109.0500030517578,109.08999633789062,107.63522338867188,1596200
2020-01-10,HLT,109.4499969482422,109.4499969482422,108.38999938964844,108.5999984741211,107.15176391601562,1296300
2020-01-10,HLT,109.4499969482422,109.4499969482422,108.38999938964844,108.5999984741211,107.15176391601562,1296300
2020-01-13,HLT,108.94000244140624,109.33000183105467,108.20999908447266,109.29000091552734,107.8325653076172,1573900
2020-01-13,HLT,108.94000244140624,109.33000183105467,108.20999908447266,109.29000091552734,107.8325653076172,1573900
2020-01-14,HLT,109.13999938964844,109.5,108.58999633789062,109.08999633789062,107.63522338867188,1233200
2020-01-14,HLT,109.13999938964844,109.5,108.58999633789062,109.08999633789062,107.63522338867188,1233200
2020-01-15,HLT,108.94000244140624,109.86000061035156,108.58999633789062,109.62999725341795,108.16802978515624,1316100
2020-01-15,HLT,108.94000244140624,109.86000061035156,108.58999633789062,109.62999725341795,108.16802978515624,1316100
2020-01-16,HLT,110.31999969482422,111.6500015258789,110.19000244140624,111.5999984741211,110.11175537109376,1217100
2020-01-16,HLT,110.31999969482422,111.6500015258789,110.19000244140624,111.5999984741211,110.11175537109376,1217100
2020-01-17,HLT,112.16999816894533,113.95999908447266,111.9800033569336,113.91999816894533,112.40081024169922,2512600
2020-01-17,HLT,112.16999816894533,113.95999908447266,111.9800033569336,113.91999816894533,112.40081024169922,2512600
2020-01-21,HLT,112.48999786376952,112.62000274658205,109.93000030517578,110.62000274658205,109.1448211669922,4031800
2020-01-21,HLT,112.48999786376952,112.62000274658205,109.93000030517578,110.62000274658205,109.1448211669922,4031800
2020-01-22,HLT,110.9800033569336,112.61000061035156,110.54000091552734,110.8499984741211,109.37174987792967,1716600
2020-01-22,HLT,110.9800033569336,112.61000061035156,110.54000091552734,110.8499984741211,109.37174987792967,1716600
2020-01-23,HLT,109.19000244140624,111.1500015258789,107.6500015258789,110.95999908447266,109.48029327392578,1607100
2020-01-23,HLT,109.19000244140624,111.1500015258789,107.6500015258789,110.95999908447266,109.48029327392578,1607100
2020-01-24,HLT,111.4499969482422,111.4499969482422,107.4800033569336,108.48999786376952,107.04322052001952,2105300
2020-01-24,HLT,111.4499969482422,111.4499969482422,107.4800033569336,108.48999786376952,107.04322052001952,2105300
2020-01-27,HLT,104.3000030517578,105.97000122070312,103.52999877929688,104.94000244140624,103.54056549072266,4149700
2020-01-27,HLT,104.3000030517578,105.97000122070312,103.52999877929688,104.94000244140624,103.54056549072266,4149700
2020-01-28,HLT,106.0,108.04000091552734,105.55999755859376,107.86000061035156,106.421630859375,2062400
2020-01-28,HLT,106.0,108.04000091552734,105.55999755859376,107.86000061035156,106.421630859375,2062400
2020-01-29,HLT,108.12999725341795,110.12999725341795,108.12999725341795,110.01000213623048,108.54296112060548,1854200
2020-01-29,HLT,108.12999725341795,110.12999725341795,108.12999725341795,110.01000213623048,108.54296112060548,1854200
2020-01-30,HLT,108.3000030517578,109.4499969482422,107.22000122070312,109.06999969482422,107.6155014038086,2389300
2020-01-30,HLT,108.3000030517578,109.4499969482422,107.22000122070312,109.06999969482422,107.6155014038086,2389300
2020-01-31,HLT,108.80999755859376,108.88999938964844,107.01000213623048,107.8000030517578,106.36243438720705,3606700
2020-01-31,HLT,108.80999755859376,108.88999938964844,107.01000213623048,107.8000030517578,106.36243438720705,3606700
2020-02-03,HLT,108.54000091552734,109.88999938964844,107.81999969482422,107.8499984741211,106.4117660522461,2097700
2020-02-03,HLT,108.54000091552734,109.88999938964844,107.81999969482422,107.8499984741211,106.4117660522461,2097700
2020-02-04,HLT,109.91999816894533,111.98999786376952,109.38999938964844,110.94000244140624,109.46055603027344,1689500
2020-02-04,HLT,109.91999816894533,111.98999786376952,109.38999938964844,110.94000244140624,109.46055603027344,1689500
2020-02-05,HLT,112.44000244140624,113.58000183105467,112.1500015258789,113.26000213623048,111.74961853027344,2144000
2020-02-05,HLT,112.44000244140624,113.58000183105467,112.1500015258789,113.26000213623048,111.74961853027344,2144000
2020-02-06,HLT,113.6999969482422,113.87999725341795,111.8000030517578,112.6999969482422,111.19709777832033,1477600
2020-02-06,HLT,113.6999969482422,113.87999725341795,111.8000030517578,112.6999969482422,111.19709777832033,1477600
2020-02-07,HLT,111.41999816894533,111.63999938964844,110.41999816894533,110.83999633789062,109.36188507080078,1371200
2020-02-07,HLT,111.41999816894533,111.63999938964844,110.41999816894533,110.83999633789062,109.36188507080078,1371200
2020-02-10,HLT,110.41999816894533,111.37000274658205,110.1500015258789,111.37000274658205,109.8848114013672,2028600
2020-02-10,HLT,110.41999816894533,111.37000274658205,110.1500015258789,111.37000274658205,109.8848114013672,2028600
2020-02-11,HLT,110.44000244140624,115.05999755859376,109.0199966430664,112.94000244140624,111.43389892578124,2388600
2020-02-11,HLT,110.44000244140624,115.05999755859376,109.0199966430664,112.94000244140624,111.43389892578124,2388600
2020-02-12,HLT,113.48999786376952,115.4800033569336,113.1999969482422,113.6999969482422,112.18375396728516,1891100
2020-02-12,HLT,113.48999786376952,115.4800033569336,113.1999969482422,113.6999969482422,112.18375396728516,1891100
2020-02-13,HLT,112.66000366210938,113.54000091552734,111.16999816894533,112.95999908447266,111.45361328125,1396000
2020-02-13,HLT,112.66000366210938,113.54000091552734,111.16999816894533,112.95999908447266,111.45361328125,1396000
2020-02-14,HLT,113.08999633789062,113.62999725341795,112.12999725341795,113.2300033569336,111.7200164794922,948900
2020-02-14,HLT,113.08999633789062,113.62999725341795,112.12999725341795,113.2300033569336,111.7200164794922,948900
2020-02-18,HLT,112.9800033569336,113.3000030517578,111.8499984741211,111.93000030517578,110.43734741210938,1805100
2020-02-18,HLT,112.9800033569336,113.3000030517578,111.8499984741211,111.93000030517578,110.43734741210938,1805100
2020-02-19,HLT,112.0500030517578,113.4499969482422,112.0500030517578,112.66999816894533,111.16747283935548,1543300
2020-02-19,HLT,112.0500030517578,113.4499969482422,112.0500030517578,112.66999816894533,111.16747283935548,1543300
2020-02-20,HLT,112.31999969482422,113.83000183105467,111.7699966430664,112.0,110.50640869140624,1165300
2020-02-20,HLT,112.31999969482422,113.83000183105467,111.7699966430664,112.0,110.50640869140624,1165300
2020-02-21,HLT,111.13999938964844,111.20999908447266,109.31999969482422,109.56999969482422,108.10883331298828,1716100
2020-02-21,HLT,111.13999938964844,111.20999908447266,109.31999969482422,109.56999969482422,108.10883331298828,1716100
2020-02-24,HLT,104.62000274658205,105.3499984741211,103.48999786376952,104.0199966430664,102.6328353881836,4565200
2020-02-24,HLT,104.62000274658205,105.3499984741211,103.48999786376952,104.0199966430664,102.6328353881836,4565200
2020-02-25,HLT,104.81999969482422,104.88999938964844,98.30999755859376,98.87999725341795,97.56138610839844,5490900
2020-02-25,HLT,104.81999969482422,104.88999938964844,98.30999755859376,98.87999725341795,97.56138610839844,5490900
2020-02-26,HLT,99.63999938964844,100.81999969482422,96.3000030517578,97.9000015258789,96.5944595336914,6110500
2020-02-26,HLT,99.63999938964844,100.81999969482422,96.3000030517578,97.9000015258789,96.5944595336914,6110500
2020-02-27,HLT,95.52999877929688,100.69000244140624,93.22000122070312,95.83000183105467,94.69715118408205,7692700
2020-02-27,HLT,95.52999877929688,100.69000244140624,93.22000122070312,95.83000183105467,94.69715118408205,7692700
2020-02-28,HLT,92.9499969482422,98.33999633789062,92.6999969482422,97.1999969482422,96.05095672607422,6128600
2020-02-28,HLT,92.9499969482422,98.33999633789062,92.6999969482422,97.1999969482422,96.05095672607422,6128600
2020-03-02,HLT,97.04000091552734,97.6999969482422,92.58000183105467,96.45999908447266,95.31969451904295,4791400
2020-03-02,HLT,97.04000091552734,97.6999969482422,92.58000183105467,96.45999908447266,95.31969451904295,4791400
2020-03-03,HLT,96.58000183105467,96.79000091552734,92.23999786376952,93.33000183105467,92.2267074584961,6433300
2020-03-03,HLT,96.58000183105467,96.79000091552734,92.23999786376952,93.33000183105467,92.2267074584961,6433300
2020-03-04,HLT,94.6999969482422,98.5199966430664,92.0,98.38999938964844,97.22687530517578,7065200
2020-03-04,HLT,94.6999969482422,98.5199966430664,92.0,98.38999938964844,97.22687530517578,7065200
2020-03-05,HLT,94.0999984741211,95.13999938964844,91.29000091552734,91.5,90.4183349609375,9044900
2020-03-05,HLT,94.0999984741211,95.13999938964844,91.29000091552734,91.5,90.4183349609375,9044900
2020-03-06,HLT,89.0199966430664,94.20999908447266,88.31999969482422,90.4499969482422,89.38074493408203,6450400
2020-03-06,HLT,89.0199966430664,94.20999908447266,88.31999969482422,90.4499969482422,89.38074493408203,6450400
2020-03-09,HLT,83.4000015258789,87.54000091552734,83.4000015258789,86.18000030517578,85.16124725341797,7335700
2020-03-09,HLT,83.4000015258789,87.54000091552734,83.4000015258789,86.18000030517578,85.16124725341797,7335700
2020-03-10,HLT,89.98999786376953,91.52999877929688,85.68000030517578,90.31999969482422,89.2522964477539,5472100
2020-03-10,HLT,89.98999786376953,91.52999877929688,85.68000030517578,90.31999969482422,89.2522964477539,5472100
2020-03-11,HLT,88.22000122070312,88.22000122070312,79.16999816894531,81.08999633789062,80.13140106201172,9833200
2020-03-11,HLT,88.22000122070312,88.22000122070312,79.16999816894531,81.08999633789062,80.13140106201172,9833200
2020-03-12,HLT,71.41000366210938,79.56999969482422,71.4000015258789,76.72000122070312,75.81304931640625,11501200
2020-03-12,HLT,71.41000366210938,79.56999969482422,71.4000015258789,76.72000122070312,75.81304931640625,11501200
2020-03-13,HLT,80.8499984741211,81.9800033569336,76.63999938964844,78.62999725341797,77.70047760009766,8068300
2020-03-13,HLT,80.8499984741211,81.9800033569336,76.63999938964844,78.62999725341797,77.70047760009766,8068300
2020-03-16,HLT,69.41999816894531,75.88999938964844,63.83000183105469,69.54000091552734,68.71794128417969,8647000
2020-03-16,HLT,69.41999816894531,75.88999938964844,63.83000183105469,69.54000091552734,68.71794128417969,8647000
2020-03-17,HLT,70.56999969482422,71.0,61.84999847412109,64.83000183105469,64.06361389160156,10971800
2020-03-17,HLT,70.56999969482422,71.0,61.84999847412109,64.83000183105469,64.06361389160156,10971800
2020-03-18,HLT,58.0099983215332,58.459999084472656,44.29999923706055,56.68000030517578,56.00996398925781,18610500
2020-03-18,HLT,58.0099983215332,58.459999084472656,44.29999923706055,56.68000030517578,56.00996398925781,18610500
2020-03-19,HLT,55.0,62.81999969482422,51.040000915527344,58.02999877929688,57.343997955322266,13086300
2020-03-19,HLT,55.0,62.81999969482422,51.040000915527344,58.02999877929688,57.343997955322266,13086300
2020-03-20,HLT,61.290000915527344,71.4800033569336,56.5,61.59999847412109,60.87179946899414,11377400
2020-03-20,HLT,61.290000915527344,71.4800033569336,56.5,61.59999847412109,60.87179946899414,11377400
2020-03-23,HLT,61.25,67.77999877929688,60.04999923706055,63.33000183105469,62.58134841918945,11003500
2020-03-23,HLT,61.25,67.77999877929688,60.04999923706055,63.33000183105469,62.58134841918945,11003500
2020-03-24,HLT,68.43000030517578,75.66999816894531,67.51000213623047,69.38999938964844,68.56970977783203,9956100
2020-03-24,HLT,68.43000030517578,75.66999816894531,67.51000213623047,69.38999938964844,68.56970977783203,9956100
2020-03-25,HLT,75.30999755859375,76.7300033569336,67.3499984741211,72.25,71.3958969116211,7695500
2020-03-25,HLT,75.30999755859375,76.7300033569336,67.3499984741211,72.25,71.3958969116211,7695500
2020-03-26,HLT,75.5999984741211,78.76000213623047,70.23999786376953,73.19999694824219,72.33467102050781,7410400
2020-03-26,HLT,75.5999984741211,78.76000213623047,70.23999786376953,73.19999694824219,72.33467102050781,7410400
2020-03-27,HLT,69.0,71.69999694824219,66.19999694824219,69.1500015258789,68.33255767822266,5784100
2020-03-27,HLT,69.0,71.69999694824219,66.19999694824219,69.1500015258789,68.33255767822266,5784100
2020-03-30,HLT,66.79000091552734,69.83000183105469,64.58000183105469,68.68000030517578,67.86809539794922,5064200
2020-03-30,HLT,66.79000091552734,69.83000183105469,64.58000183105469,68.68000030517578,67.86809539794922,5064200
2020-03-31,HLT,68.75,71.83000183105469,67.88999938964844,68.23999786376953,67.43331146240234,5160600
2020-03-31,HLT,68.75,71.83000183105469,67.88999938964844,68.23999786376953,67.43331146240234,5160600
2020-04-01,HLT,65.0,66.4000015258789,62.36000061035156,63.040000915527344,62.29478454589844,5743000
2020-04-01,HLT,65.0,66.4000015258789,62.36000061035156,63.040000915527344,62.29478454589844,5743000
2020-04-02,HLT,62.33000183105469,65.98999786376953,57.0,57.86000061035156,57.1760139465332,7930200
2020-04-02,HLT,62.33000183105469,65.98999786376953,57.0,57.86000061035156,57.1760139465332,7930200
2020-04-03,HLT,58.0,59.47999954223633,53.70000076293945,55.93999862670898,55.27870941162109,7232900
2020-04-03,HLT,58.0,59.47999954223633,53.70000076293945,55.93999862670898,55.27870941162109,7232900
2020-04-06,HLT,60.869998931884766,64.33000183105469,60.11000061035156,63.79999923706055,63.04579162597656,9128500
2020-04-06,HLT,60.869998931884766,64.33000183105469,60.11000061035156,63.79999923706055,63.04579162597656,9128500
2020-04-07,HLT,70.18000030517578,73.4800033569336,65.30999755859375,65.83000183105469,65.05179595947266,7903000
2020-04-07,HLT,70.18000030517578,73.4800033569336,65.30999755859375,65.83000183105469,65.05179595947266,7903000
2020-04-08,HLT,67.30999755859375,70.19000244140625,66.33000183105469,70.08999633789062,69.26142883300781,8521200
2020-04-08,HLT,67.30999755859375,70.19000244140625,66.33000183105469,70.08999633789062,69.26142883300781,8521200
2020-04-09,HLT,70.22000122070312,73.20999908447266,68.11000061035156,68.44999694824219,67.64082336425781,7537400
2020-04-09,HLT,70.22000122070312,73.20999908447266,68.11000061035156,68.44999694824219,67.64082336425781,7537400
2020-04-13,HLT,68.52999877929688,68.9000015258789,64.31999969482422,66.63999938964844,65.85221099853516,4020700
2020-04-13,HLT,68.52999877929688,68.9000015258789,64.31999969482422,66.63999938964844,65.85221099853516,4020700
2020-04-14,HLT,68.25,71.30000305175781,68.25,70.01000213623047,69.18236541748047,4575800
2020-04-14,HLT,68.25,71.30000305175781,68.25,70.01000213623047,69.18236541748047,4575800
2020-04-15,HLT,66.04000091552734,71.27999877929688,65.61000061035156,69.87000274658203,69.04402160644531,5803000
2020-04-15,HLT,66.04000091552734,71.27999877929688,65.61000061035156,69.87000274658203,69.04402160644531,5803000
2020-04-16,HLT,69.80999755859375,70.69999694824219,67.7699966430664,70.1500015258789,69.32072448730469,4772000
2020-04-16,HLT,69.80999755859375,70.69999694824219,67.7699966430664,70.1500015258789,69.32072448730469,4772000
2020-04-17,HLT,74.66999816894531,75.8499984741211,72.7300033569336,75.62000274658203,74.72607421875,4952800
2020-04-17,HLT,74.66999816894531,75.8499984741211,72.7300033569336,75.62000274658203,74.72607421875,4952800
2020-04-20,HLT,73.5,75.54000091552734,71.44999694824219,72.27999877929688,71.42555236816406,4815400
2020-04-20,HLT,73.5,75.54000091552734,71.44999694824219,72.27999877929688,71.42555236816406,4815400
2020-04-21,HLT,70.33000183105469,72.4800033569336,70.0999984741211,71.3499984741211,70.50655364990234,3139100
2020-04-21,HLT,70.33000183105469,72.4800033569336,70.0999984741211,71.3499984741211,70.50655364990234,3139100
2020-04-22,HLT,72.51000213623047,73.5999984741211,69.58999633789062,70.79000091552734,69.95316314697266,2708700
2020-04-22,HLT,72.51000213623047,73.5999984741211,69.58999633789062,70.79000091552734,69.95316314697266,2708700
2020-04-23,HLT,71.58999633789062,73.79000091552734,70.69999694824219,71.94000244140625,71.08956909179688,2246100
2020-04-23,HLT,71.58999633789062,73.79000091552734,70.69999694824219,71.94000244140625,71.08956909179688,2246100
2020-04-24,HLT,72.45999908447266,72.5999984741211,70.05000305175781,71.37000274658203,70.52629852294922,1954000
2020-04-24,HLT,72.45999908447266,72.5999984741211,70.05000305175781,71.37000274658203,70.52629852294922,1954000
2020-04-27,HLT,73.1500015258789,75.98999786376953,72.75,75.19000244140625,74.30115509033203,2558000
2020-04-27,HLT,73.1500015258789,75.98999786376953,72.75,75.19000244140625,74.30115509033203,2558000
2020-04-28,HLT,77.0,77.80000305175781,74.37999725341797,75.75,74.85453033447266,3003500
2020-04-28,HLT,77.0,77.80000305175781,74.37999725341797,75.75,74.85453033447266,3003500
2020-04-29,HLT,77.0199966430664,81.73999786376953,77.0199966430664,79.27999877929688,78.3427963256836,6174000
2020-04-29,HLT,77.0199966430664,81.73999786376953,77.0199966430664,79.27999877929688,78.3427963256836,6174000
2020-04-30,HLT,77.79000091552734,78.38999938964844,74.77999877929688,75.70999908447266,74.81499481201172,4382500
2020-04-30,HLT,77.79000091552734,78.38999938964844,74.77999877929688,75.70999908447266,74.81499481201172,4382500
2020-05-01,HLT,73.11000061035156,73.75,71.41999816894531,72.02999877929688,71.17850494384766,3693400
2020-05-01,HLT,73.11000061035156,73.75,71.41999816894531,72.02999877929688,71.17850494384766,3693400
2020-05-04,HLT,70.0,72.58000183105469,69.08000183105469,71.41000366210938,70.56584167480469,4295300
2020-05-04,HLT,70.0,72.58000183105469,69.08000183105469,71.41000366210938,70.56584167480469,4295300
2020-05-05,HLT,72.76000213623047,73.68000030517578,71.41000366210938,71.73999786376953,70.89192962646484,3066900
2020-05-05,HLT,72.76000213623047,73.68000030517578,71.41000366210938,71.73999786376953,70.89192962646484,3066900
2020-05-06,HLT,72.48999786376953,72.8499984741211,70.62000274658203,70.79000091552734,69.95316314697266,3838800
2020-05-06,HLT,72.48999786376953,72.8499984741211,70.62000274658203,70.79000091552734,69.95316314697266,3838800
2020-05-07,HLT,71.97000122070312,73.45999908447266,71.29000091552734,71.9000015258789,71.05004119873047,4737500
2020-05-07,HLT,71.97000122070312,73.45999908447266,71.29000091552734,71.9000015258789,71.05004119873047,4737500
2020-05-08,HLT,72.77999877929688,74.02999877929688,71.72000122070312,72.19000244140625,71.33660888671875,8488800
2020-05-08,HLT,72.77999877929688,74.02999877929688,71.72000122070312,72.19000244140625,71.33660888671875,8488800
2020-05-11,HLT,71.11000061035156,71.26000213623047,68.26000213623047,68.30000305175781,67.49259948730469,5532600
2020-05-11,HLT,71.11000061035156,71.26000213623047,68.26000213623047,68.30000305175781,67.49259948730469,5532600
2020-05-12,HLT,68.94000244140625,69.33999633789062,66.55999755859375,67.0,66.20796203613281,3176800
2020-05-12,HLT,68.94000244140625,69.33999633789062,66.55999755859375,67.0,66.20796203613281,3176800
2020-05-13,HLT,67.0,67.19999694824219,64.05999755859375,64.8499984741211,64.08338165283203,4944400
2020-05-13,HLT,67.0,67.19999694824219,64.05999755859375,64.8499984741211,64.08338165283203,4944400
2020-05-14,HLT,63.36000061035156,68.20999908447266,62.470001220703125,68.16999816894531,67.36412811279297,6036700
2020-05-14,HLT,63.36000061035156,68.20999908447266,62.470001220703125,68.16999816894531,67.36412811279297,6036700
2020-05-15,HLT,67.27999877929688,68.83000183105469,66.51000213623047,68.54000091552734,67.72976684570312,2331000
2020-05-15,HLT,67.27999877929688,68.83000183105469,66.51000213623047,68.54000091552734,67.72976684570312,2331000
2020-05-18,HLT,72.16999816894531,74.66999816894531,72.08000183105469,73.06999969482422,72.20620727539062,6424200
2020-05-18,HLT,72.16999816894531,74.66999816894531,72.08000183105469,73.06999969482422,72.20620727539062,6424200
2020-05-19,HLT,73.04000091552734,77.08000183105469,71.83000183105469,75.29000091552734,74.39996337890625,3955000
2020-05-19,HLT,73.04000091552734,77.08000183105469,71.83000183105469,75.29000091552734,74.39996337890625,3955000
2020-05-20,HLT,76.86000061035156,78.31999969482422,75.94000244140625,77.72000122070312,76.80123901367188,3522000
2020-05-20,HLT,76.86000061035156,78.31999969482422,75.94000244140625,77.72000122070312,76.80123901367188,3522000
2020-05-21,HLT,77.1500015258789,78.86000061035156,75.83000183105469,77.66000366210938,76.74195861816406,4794500
2020-05-21,HLT,77.1500015258789,78.86000061035156,75.83000183105469,77.66000366210938,76.74195861816406,4794500
2020-05-22,HLT,78.0,78.79000091552734,76.69000244140625,78.38999938964844,77.46332550048828,2822700
2020-05-22,HLT,78.0,78.79000091552734,76.69000244140625,78.38999938964844,77.46332550048828,2822700
2020-05-26,HLT,85.12999725341797,85.58000183105469,81.43000030517578,81.69000244140625,80.72430419921875,3879800
2020-05-26,HLT,85.12999725341797,85.58000183105469,81.43000030517578,81.69000244140625,80.72430419921875,3879800
2020-05-27,HLT,84.13999938964844,84.5199966430664,80.76000213623047,83.1500015258789,82.16703796386719,5166800
2020-05-27,HLT,84.13999938964844,84.5199966430664,80.76000213623047,83.1500015258789,82.16703796386719,5166800
2020-05-28,HLT,83.9800033569336,84.54000091552734,80.44000244140625,80.62000274658203,79.66696166992188,3368600
2020-05-28,HLT,83.9800033569336,84.54000091552734,80.44000244140625,80.62000274658203,79.66696166992188,3368600
2020-05-29,HLT,79.54000091552734,80.25,78.37999725341797,79.30999755859375,78.3724594116211,3919600
2020-05-29,HLT,79.54000091552734,80.25,78.37999725341797,79.30999755859375,78.3724594116211,3919600
2020-06-01,HLT,79.6500015258789,82.7300033569336,79.36000061035156,81.91000366210938,80.94170379638672,2374600
2020-06-01,HLT,79.6500015258789,82.7300033569336,79.36000061035156,81.91000366210938,80.94170379638672,2374600
2020-06-02,HLT,83.0,83.6500015258789,81.23999786376953,83.5999984741211,82.61173248291016,3138800
2020-06-02,HLT,83.0,83.6500015258789,81.23999786376953,83.5999984741211,82.61173248291016,3138800
2020-06-03,HLT,84.48999786376953,87.41999816894531,83.79000091552734,86.11000061035156,85.09205627441406,3624900
2020-06-03,HLT,84.48999786376953,87.41999816894531,83.79000091552734,86.11000061035156,85.09205627441406,3624900
2020-06-04,HLT,86.19000244140625,87.44000244140625,84.36000061035156,86.33999633789062,85.3193359375,3503000
2020-06-04,HLT,86.19000244140625,87.44000244140625,84.36000061035156,86.33999633789062,85.3193359375,3503000
2020-06-05,HLT,90.41999816894533,93.72000122070312,86.6500015258789,87.19999694824219,86.16917419433594,6686200
2020-06-05,HLT,90.41999816894533,93.72000122070312,86.6500015258789,87.19999694824219,86.16917419433594,6686200
2020-06-08,HLT,89.86000061035156,90.77999877929688,88.54000091552734,89.69999694824219,88.63960266113281,4554100
2020-06-08,HLT,89.86000061035156,90.77999877929688,88.54000091552734,89.69999694824219,88.63960266113281,4554100
2020-06-09,HLT,87.80000305175781,87.83000183105469,85.25,86.12999725341797,85.11180114746094,3086700
2020-06-09,HLT,87.80000305175781,87.83000183105469,85.25,86.12999725341797,85.11180114746094,3086700
2020-06-10,HLT,85.37999725341797,85.91999816894531,82.3499984741211,82.83000183105469,81.850830078125,3943100
2020-06-10,HLT,85.37999725341797,85.91999816894531,82.3499984741211,82.83000183105469,81.850830078125,3943100
2020-06-11,HLT,78.0,80.61000061035156,76.7300033569336,77.58999633789062,76.67276763916016,5266500
2020-06-11,HLT,78.0,80.61000061035156,76.7300033569336,77.58999633789062,76.67276763916016,5266500
2020-06-12,HLT,80.93000030517578,81.0,76.16000366210938,77.44999694824219,76.53443145751953,4733600
2020-06-12,HLT,80.93000030517578,81.0,76.16000366210938,77.44999694824219,76.53443145751953,4733600
2020-06-15,HLT,74.54000091552734,78.43000030517578,73.8499984741211,77.4800033569336,76.5640640258789,3402900
2020-06-15,HLT,74.54000091552734,78.43000030517578,73.8499984741211,77.4800033569336,76.5640640258789,3402900
2020-06-16,HLT,81.29000091552734,81.73999786376953,76.72000122070312,78.25,77.32498931884766,3103900
2020-06-16,HLT,81.29000091552734,81.73999786376953,76.72000122070312,78.25,77.32498931884766,3103900
2020-06-17,HLT,77.86000061035156,78.47000122070312,75.8499984741211,76.41999816894531,75.51660919189453,3457400
2020-06-17,HLT,77.86000061035156,78.47000122070312,75.8499984741211,76.41999816894531,75.51660919189453,3457400
2020-06-18,HLT,75.73999786376953,79.13999938964844,75.43000030517578,78.16000366210938,77.23603057861328,3899000
2020-06-18,HLT,75.73999786376953,79.13999938964844,75.43000030517578,78.16000366210938,77.23603057861328,3899000
2020-06-19,HLT,79.2300033569336,79.26000213623047,75.38999938964844,76.16999816894531,75.26956176757812,4260900
2020-06-19,HLT,79.2300033569336,79.26000213623047,75.38999938964844,76.16999816894531,75.26956176757812,4260900
2020-06-22,HLT,75.94999694824219,76.80999755859375,74.83000183105469,76.08000183105469,75.18062591552734,1949500
2020-06-22,HLT,75.94999694824219,76.80999755859375,74.83000183105469,76.08000183105469,75.18062591552734,1949500
2020-06-23,HLT,76.73999786376953,76.94999694824219,75.16000366210938,75.68000030517578,74.78535461425781,3956900
2020-06-23,HLT,76.73999786376953,76.94999694824219,75.16000366210938,75.68000030517578,74.78535461425781,3956900
2020-06-24,HLT,75.0,75.0,71.58999633789062,73.19000244140625,72.32478332519531,3776700
2020-06-24,HLT,75.0,75.0,71.58999633789062,73.19000244140625,72.32478332519531,3776700
2020-06-25,HLT,72.48999786376953,72.7300033569336,70.80999755859375,72.51000213623047,71.65282440185547,3999700
2020-06-25,HLT,72.48999786376953,72.7300033569336,70.80999755859375,72.51000213623047,71.65282440185547,3999700
2020-06-26,HLT,72.19000244140625,72.30000305175781,69.83000183105469,71.16000366210938,70.31880187988281,9989300
2020-06-26,HLT,72.19000244140625,72.30000305175781,69.83000183105469,71.16000366210938,70.31880187988281,9989300
2020-06-29,HLT,71.5199966430664,73.91999816894531,70.11000061035156,73.91999816894531,73.04615783691406,3244000
2020-06-29,HLT,71.5199966430664,73.91999816894531,70.11000061035156,73.91999816894531,73.04615783691406,3244000
2020-06-30,HLT,73.55000305175781,73.94000244140625,72.0199966430664,73.44999694824219,72.58172607421875,4377300
2020-06-30,HLT,73.55000305175781,73.94000244140625,72.0199966430664,73.44999694824219,72.58172607421875,4377300
2020-07-01,HLT,74.68000030517578,76.52999877929688,74.12000274658203,74.44000244140625,73.55999755859375,3177000
2020-07-01,HLT,74.68000030517578,76.52999877929688,74.12000274658203,74.44000244140625,73.55999755859375,3177000
2020-07-02,HLT,76.79000091552734,76.9800033569336,74.12999725341797,74.5199966430664,73.6390609741211,1766300
2020-07-02,HLT,76.79000091552734,76.9800033569336,74.12999725341797,74.5199966430664,73.6390609741211,1766300
2020-07-06,HLT,76.08000183105469,76.3499984741211,74.9800033569336,76.23999786376953,75.3387451171875,2942700
2020-07-06,HLT,76.08000183105469,76.3499984741211,74.9800033569336,76.23999786376953,75.3387451171875,2942700
2020-07-07,HLT,75.26000213623047,75.45999908447266,73.75,74.16999816894531,73.29319763183594,2761100
2020-07-07,HLT,75.26000213623047,75.45999908447266,73.75,74.16999816894531,73.29319763183594,2761100
2020-07-08,HLT,74.30000305175781,75.08999633789062,73.4000015258789,75.08999633789062,74.20231628417969,3596800
2020-07-08,HLT,74.30000305175781,75.08999633789062,73.4000015258789,75.08999633789062,74.20231628417969,3596800
2020-07-09,HLT,75.41000366210938,75.58999633789062,72.5199966430664,74.12999725341797,73.2536849975586,2809600
2020-07-09,HLT,75.41000366210938,75.58999633789062,72.5199966430664,74.12999725341797,73.2536849975586,2809600
2020-07-10,HLT,73.83000183105469,75.2699966430664,73.5,75.23999786376953,74.35054016113281,2168300
2020-07-10,HLT,73.83000183105469,75.2699966430664,73.5,75.23999786376953,74.35054016113281,2168300
2020-07-13,HLT,75.55000305175781,76.26000213623047,73.55000305175781,73.58000183105469,72.71016693115234,2984900
2020-07-13,HLT,75.55000305175781,76.26000213623047,73.55000305175781,73.58000183105469,72.71016693115234,2984900
2020-07-14,HLT,73.20999908447266,73.54000091552734,71.86000061035156,73.51000213623047,72.64100646972656,2452000
2020-07-14,HLT,73.20999908447266,73.54000091552734,71.86000061035156,73.51000213623047,72.64100646972656,2452000
2020-07-15,HLT,76.5999984741211,81.4800033569336,76.01000213623047,80.91999816894531,79.96340942382812,4597000
2020-07-15,HLT,76.5999984741211,81.4800033569336,76.01000213623047,80.91999816894531,79.96340942382812,4597000
2020-07-16,HLT,79.80000305175781,81.22000122070312,78.95999908447266,80.88999938964844,79.93376159667969,2863200
2020-07-16,HLT,79.80000305175781,81.22000122070312,78.95999908447266,80.88999938964844,79.93376159667969,2863200
2020-07-17,HLT,80.66999816894531,80.69000244140625,78.51000213623047,79.9000015258789,78.9554672241211,2268600
2020-07-17,HLT,80.66999816894531,80.69000244140625,78.51000213623047,79.9000015258789,78.9554672241211,2268600
2020-07-20,HLT,79.44000244140625,80.31999969482422,77.52999877929688,78.16999816894531,77.24590301513672,2103400
2020-07-20,HLT,79.44000244140625,80.31999969482422,77.52999877929688,78.16999816894531,77.24590301513672,2103400
2020-07-21,HLT,79.30999755859375,80.4000015258789,78.54000091552734,80.12000274658203,79.1728515625,2086800
2020-07-21,HLT,79.30999755859375,80.4000015258789,78.54000091552734,80.12000274658203,79.1728515625,2086800
2020-07-22,HLT,79.61000061035156,80.3499984741211,78.79000091552734,79.62000274658203,78.67878723144531,2583900
2020-07-22,HLT,79.61000061035156,80.3499984741211,78.79000091552734,79.62000274658203,78.67878723144531,2583900
2020-07-23,HLT,78.72000122070312,79.2300033569336,77.11000061035156,78.86000061035156,77.9277572631836,2150100
2020-07-23,HLT,78.72000122070312,79.2300033569336,77.11000061035156,78.86000061035156,77.9277572631836,2150100
2020-07-24,HLT,78.41999816894531,78.5,76.93000030517578,77.43000030517578,76.51466369628906,1257400
2020-07-24,HLT,78.41999816894531,78.5,76.93000030517578,77.43000030517578,76.51466369628906,1257400
2020-07-27,HLT,76.55000305175781,77.44999694824219,75.36000061035156,77.33999633789062,76.42572784423828,2389700
2020-07-27,HLT,76.55000305175781,77.44999694824219,75.36000061035156,77.33999633789062,76.42572784423828,2389700
2020-07-28,HLT,77.0199966430664,77.58000183105469,76.5,76.66999816894531,75.76365661621094,2194800
2020-07-28,HLT,77.0199966430664,77.58000183105469,76.5,76.66999816894531,75.76365661621094,2194800
2020-07-29,HLT,77.25,78.01000213623047,76.93000030517578,77.38999938964844,76.47513580322266,1605100
2020-07-29,HLT,77.25,78.01000213623047,76.93000030517578,77.38999938964844,76.47513580322266,1605100
2020-07-30,HLT,76.5,76.95999908447266,75.37999725341797,76.13999938964844,75.23991394042969,2288600
2020-07-30,HLT,76.5,76.95999908447266,75.37999725341797,76.13999938964844,75.23991394042969,2288600
2020-07-31,HLT,75.68000030517578,75.76000213623047,74.0199966430664,75.05000305175781,74.16280364990234,4115100
2020-07-31,HLT,75.68000030517578,75.76000213623047,74.0199966430664,75.05000305175781,74.16280364990234,4115100
2020-08-03,HLT,74.4000015258789,75.62000274658203,73.5,74.73999786376953,73.85646057128906,1965600
2020-08-03,HLT,74.4000015258789,75.62000274658203,73.5,74.73999786376953,73.85646057128906,1965600
2020-08-04,HLT,74.80000305175781,78.41999816894531,74.47000122070312,78.31999969482422,77.39413452148438,2856700
2020-08-04,HLT,74.80000305175781,78.41999816894531,74.47000122070312,78.31999969482422,77.39413452148438,2856700
2020-08-05,HLT,79.61000061035156,80.02999877929688,77.83000183105469,80.0,79.05429077148438,3917600
2020-08-05,HLT,79.61000061035156,80.02999877929688,77.83000183105469,80.0,79.05429077148438,3917600
2020-08-06,HLT,79.30000305175781,83.5999984741211,78.02999877929688,82.69999694824219,81.72235870361328,5000300
2020-08-06,HLT,79.30000305175781,83.5999984741211,78.02999877929688,82.69999694824219,81.72235870361328,5000300
2020-08-07,HLT,82.3499984741211,83.86000061035156,81.20999908447266,83.69999694824219,82.7105484008789,3257100
2020-08-07,HLT,82.3499984741211,83.86000061035156,81.20999908447266,83.69999694824219,82.7105484008789,3257100
2020-08-10,HLT,84.52999877929688,87.22000122070312,84.19999694824219,86.19999694824219,85.18099212646484,3588500
2020-08-10,HLT,84.52999877929688,87.22000122070312,84.19999694824219,86.19999694824219,85.18099212646484,3588500
2020-08-11,HLT,87.55000305175781,88.45999908447266,86.44999694824219,87.0199966430664,85.99129486083984,5012200
2020-08-11,HLT,87.55000305175781,88.45999908447266,86.44999694824219,87.0199966430664,85.99129486083984,5012200
2020-08-12,HLT,88.61000061035156,88.69999694824219,85.36000061035156,85.88999938964844,84.87466430664062,2169600
2020-08-12,HLT,88.61000061035156,88.69999694824219,85.36000061035156,85.88999938964844,84.87466430664062,2169600
2020-08-13,HLT,85.25,87.05000305175781,84.26000213623047,85.5,84.48926544189453,1721100
2020-08-13,HLT,85.25,87.05000305175781,84.26000213623047,85.5,84.48926544189453,1721100
2020-08-14,HLT,85.88999938964844,86.83999633789062,85.25,86.0,84.98336029052734,1899400
2020-08-14,HLT,85.88999938964844,86.83999633789062,85.25,86.0,84.98336029052734,1899400
2020-08-17,HLT,86.06999969482422,86.19999694824219,84.19999694824219,84.9800033569336,83.97541809082031,2360900
2020-08-17,HLT,86.06999969482422,86.19999694824219,84.19999694824219,84.9800033569336,83.97541809082031,2360900
2020-08-18,HLT,85.01000213623047,85.22000122070312,83.36000061035156,84.06999969482422,83.07618713378906,1806600
2020-08-18,HLT,85.01000213623047,85.22000122070312,83.36000061035156,84.06999969482422,83.07618713378906,1806600
2020-08-19,HLT,84.5999984741211,85.4000015258789,83.87999725341797,84.48999786376953,83.49121856689453,2010600
2020-08-19,HLT,84.5999984741211,85.4000015258789,83.87999725341797,84.48999786376953,83.49121856689453,2010600
2020-08-20,HLT,83.47000122070312,85.70999908447266,83.12000274658203,85.0999984741211,84.093994140625,2274300
2020-08-20,HLT,83.47000122070312,85.70999908447266,83.12000274658203,85.0999984741211,84.093994140625,2274300
2020-08-21,HLT,85.5,87.44000244140625,85.16000366210938,87.3499984741211,86.3174057006836,2318500
2020-08-21,HLT,85.5,87.44000244140625,85.16000366210938,87.3499984741211,86.3174057006836,2318500
2020-08-24,HLT,87.8499984741211,89.20999908447266,86.80000305175781,88.4000015258789,87.3550033569336,2468500
2020-08-24,HLT,87.8499984741211,89.20999908447266,86.80000305175781,88.4000015258789,87.3550033569336,2468500
2020-08-25,HLT,89.72000122070312,90.61000061035156,88.2699966430664,88.44000244140625,87.3945083618164,2053300
2020-08-25,HLT,89.72000122070312,90.61000061035156,88.2699966430664,88.44000244140625,87.3945083618164,2053300
2020-08-26,HLT,88.20999908447266,88.20999908447266,86.69999694824219,86.80000305175781,85.77389526367188,2210300
2020-08-26,HLT,88.20999908447266,88.20999908447266,86.69999694824219,86.80000305175781,85.77389526367188,2210300
2020-08-27,HLT,87.66000366210938,89.29000091552734,87.58999633789062,88.80000305175781,87.7502670288086,3372800
2020-08-27,HLT,87.66000366210938,89.29000091552734,87.58999633789062,88.80000305175781,87.7502670288086,3372800
2020-08-28,HLT,89.20999908447266,92.05999755859376,89.11000061035156,91.7300033569336,90.64561462402344,4251500
2020-08-28,HLT,89.20999908447266,92.05999755859376,89.11000061035156,91.7300033569336,90.64561462402344,4251500
2020-08-31,HLT,91.61000061035156,91.69000244140624,89.4800033569336,90.36000061035156,89.29181671142578,3461700
2020-08-31,HLT,91.61000061035156,91.69000244140624,89.4800033569336,90.36000061035156,89.29181671142578,3461700
2020-09-01,HLT,89.5199966430664,92.16000366210938,89.01000213623047,91.70999908447266,90.6258544921875,1712600
2020-09-01,HLT,89.5199966430664,92.16000366210938,89.01000213623047,91.70999908447266,90.6258544921875,1712600
2020-09-02,HLT,91.88999938964844,91.97000122070312,90.37999725341795,91.33999633789062,90.2602310180664,3952700
2020-09-02,HLT,91.88999938964844,91.97000122070312,90.37999725341795,91.33999633789062,90.2602310180664,3952700
2020-09-03,HLT,91.93000030517578,93.8499984741211,90.30999755859376,91.3000030517578,90.220703125,2541000
2020-09-03,HLT,91.93000030517578,93.8499984741211,90.30999755859376,91.3000030517578,90.220703125,2541000
2020-09-04,HLT,92.68000030517578,93.38999938964844,90.75,90.94000244140624,89.86495971679688,3775700
2020-09-04,HLT,92.68000030517578,93.38999938964844,90.75,90.94000244140624,89.86495971679688,3775700
2020-09-08,HLT,90.12000274658205,93.41999816894533,89.68000030517578,91.9000015258789,90.81362915039062,2781300
2020-09-08,HLT,90.12000274658205,93.41999816894533,89.68000030517578,91.9000015258789,90.81362915039062,2781300
2020-09-09,HLT,91.6999969482422,91.87999725341795,90.12999725341795,90.38999938964844,89.32145690917969,2237900
2020-09-09,HLT,91.6999969482422,91.87999725341795,90.12999725341795,90.38999938964844,89.32145690917969,2237900
2020-09-10,HLT,90.9000015258789,93.13999938964844,89.2699966430664,89.36000061035156,88.30364990234375,1774100
2020-09-10,HLT,90.9000015258789,93.13999938964844,89.2699966430664,89.36000061035156,88.30364990234375,1774100
2020-09-11,HLT,89.61000061035156,89.63999938964844,86.20999908447266,87.37000274658203,86.33716583251953,1974200
2020-09-11,HLT,89.61000061035156,89.63999938964844,86.20999908447266,87.37000274658203,86.33716583251953,1974200
2020-09-14,HLT,88.18000030517578,92.56999969482422,88.18000030517578,92.30999755859376,91.2187728881836,2139200
2020-09-14,HLT,88.18000030517578,92.56999969482422,88.18000030517578,92.30999755859376,91.2187728881836,2139200
2020-09-15,HLT,92.4499969482422,93.77999877929688,91.79000091552734,91.94000244140624,90.85313415527344,1945300
2020-09-15,HLT,92.4499969482422,93.77999877929688,91.79000091552734,91.94000244140624,90.85313415527344,1945300
2020-09-16,HLT,92.45999908447266,95.08000183105467,91.63999938964844,94.02999877929688,92.91841888427734,3831400
2020-09-16,HLT,92.45999908447266,95.08000183105467,91.63999938964844,94.02999877929688,92.91841888427734,3831400
2020-09-17,HLT,92.68000030517578,93.0999984741211,90.62000274658205,91.16999816894533,90.0922393798828,3427500
2020-09-17,HLT,92.68000030517578,93.0999984741211,90.62000274658205,91.16999816894533,90.0922393798828,3427500
2020-09-18,HLT,90.33999633789062,91.33999633789062,89.2699966430664,89.63999938964844,88.580322265625,5451500
2020-09-18,HLT,90.33999633789062,91.33999633789062,89.2699966430664,89.63999938964844,88.580322265625,5451500
2020-09-21,HLT,87.19999694824219,87.30000305175781,83.5199966430664,85.4800033569336,84.46951293945312,5031400
2020-09-21,HLT,87.19999694824219,87.30000305175781,83.5199966430664,85.4800033569336,84.46951293945312,5031400
2020-09-22,HLT,85.06999969482422,85.83000183105469,83.94999694824219,85.23999786376953,84.23235321044922,3816000
2020-09-22,HLT,85.06999969482422,85.83000183105469,83.94999694824219,85.23999786376953,84.23235321044922,3816000
2020-09-23,HLT,85.69000244140625,87.33000183105469,83.68000030517578,83.86000061035156,82.86866760253906,2540900
2020-09-23,HLT,85.69000244140625,87.33000183105469,83.68000030517578,83.86000061035156,82.86866760253906,2540900
2020-09-24,HLT,83.37000274658203,84.75,81.4800033569336,83.06999969482422,82.08798217773438,5307100
2020-09-24,HLT,83.37000274658203,84.75,81.4800033569336,83.06999969482422,82.08798217773438,5307100
2020-09-25,HLT,83.05999755859375,86.05999755859375,82.83000183105469,85.93000030517578,84.9141845703125,3255600
2020-09-25,HLT,83.05999755859375,86.05999755859375,82.83000183105469,85.93000030517578,84.9141845703125,3255600
2020-09-28,HLT,87.81999969482422,89.44000244140625,86.80000305175781,89.05999755859375,88.0071792602539,2289100
2020-09-28,HLT,87.81999969482422,89.44000244140625,86.80000305175781,89.05999755859375,88.0071792602539,2289100
2020-09-29,HLT,88.9000015258789,88.9800033569336,86.43000030517578,86.5999984741211,85.57625579833984,2977600
2020-09-29,HLT,88.9000015258789,88.9800033569336,86.43000030517578,86.5999984741211,85.57625579833984,2977600
2020-09-30,HLT,87.54000091552734,88.87999725341797,85.16999816894531,85.31999969482422,84.3114013671875,3127500
2020-09-30,HLT,87.54000091552734,88.87999725341797,85.16999816894531,85.31999969482422,84.3114013671875,3127500
2020-10-01,HLT,85.91999816894531,87.23999786376953,85.55000305175781,87.22000122070312,86.18893432617188,1779400
2020-10-01,HLT,85.91999816894531,87.23999786376953,85.55000305175781,87.22000122070312,86.18893432617188,1779400
2020-10-02,HLT,84.91000366210938,88.0199966430664,84.61000061035156,87.95999908447266,86.92018127441406,1644000
2020-10-02,HLT,84.91000366210938,88.0199966430664,84.61000061035156,87.95999908447266,86.92018127441406,1644000
2020-10-05,HLT,88.44999694824219,90.01000213623047,87.86000061035156,89.30000305175781,88.24435424804688,1342600
2020-10-05,HLT,88.44999694824219,90.01000213623047,87.86000061035156,89.30000305175781,88.24435424804688,1342600
2020-10-06,HLT,90.27999877929688,92.38999938964844,89.37999725341797,89.5999984741211,88.54078674316406,2128000
2020-10-06,HLT,90.27999877929688,92.38999938964844,89.37999725341797,89.5999984741211,88.54078674316406,2128000
2020-10-07,HLT,90.41000366210938,92.1500015258789,90.41000366210938,91.72000122070312,90.6357421875,2108500
2020-10-07,HLT,90.41000366210938,92.1500015258789,90.41000366210938,91.72000122070312,90.6357421875,2108500
2020-10-08,HLT,92.27999877929688,92.93000030517578,91.13999938964844,92.54000091552734,91.44603729248048,2202500
2020-10-08,HLT,92.27999877929688,92.93000030517578,91.13999938964844,92.54000091552734,91.44603729248048,2202500
2020-10-09,HLT,93.0,94.0999984741211,91.26000213623048,91.37000274658205,90.28987121582033,1654800
2020-10-09,HLT,93.0,94.0999984741211,91.26000213623048,91.37000274658205,90.28987121582033,1654800
2020-10-12,HLT,91.44000244140624,91.77999877929688,90.38999938964844,91.3499984741211,90.27011108398438,1411700
2020-10-12,HLT,91.44000244140624,91.77999877929688,90.38999938964844,91.3499984741211,90.27011108398438,1411700
2020-10-13,HLT,90.8000030517578,91.3000030517578,88.19000244140625,88.63999938964844,87.59214782714844,2085700
2020-10-13,HLT,90.8000030517578,91.3000030517578,88.19000244140625,88.63999938964844,87.59214782714844,2085700
2020-10-14,HLT,89.0,90.2300033569336,87.80000305175781,88.30000305175781,87.25617218017578,2230200
2020-10-14,HLT,89.0,90.2300033569336,87.80000305175781,88.30000305175781,87.25617218017578,2230200
2020-10-15,HLT,87.36000061035156,88.69999694824219,86.41999816894531,88.68000030517578,87.63168334960938,1330100
2020-10-15,HLT,87.36000061035156,88.69999694824219,86.41999816894531,88.68000030517578,87.63168334960938,1330100
2020-10-16,HLT,88.87999725341797,90.0999984741211,88.5199966430664,89.5,88.44197845458984,1901800
2020-10-16,HLT,88.87999725341797,90.0999984741211,88.5199966430664,89.5,88.44197845458984,1901800
2020-10-19,HLT,89.6500015258789,90.83999633789062,86.97000122070312,87.55000305175781,86.51502227783203,1557500
2020-10-19,HLT,89.6500015258789,90.83999633789062,86.97000122070312,87.55000305175781,86.51502227783203,1557500
2020-10-20,HLT,88.52999877929688,90.47000122070312,87.7699966430664,89.56999969482422,88.51115417480469,2279200
2020-10-20,HLT,88.52999877929688,90.47000122070312,87.7699966430664,89.56999969482422,88.51115417480469,2279200
2020-10-21,HLT,89.33000183105469,89.62999725341797,88.19999694824219,88.97000122070312,87.91825866699219,3418900
2020-10-21,HLT,89.33000183105469,89.62999725341797,88.19999694824219,88.97000122070312,87.91825866699219,3418900
2020-10-22,HLT,90.20999908447266,94.43000030517578,89.70999908447266,94.38999938964844,93.2741928100586,4377300
2020-10-22,HLT,90.20999908447266,94.43000030517578,89.70999908447266,94.38999938964844,93.2741928100586,4377300
2020-10-23,HLT,94.8000030517578,95.66999816894533,94.16000366210938,94.61000061035156,93.49158477783205,2407400
2020-10-23,HLT,94.8000030517578,95.66999816894533,94.16000366210938,94.61000061035156,93.49158477783205,2407400
2020-10-26,HLT,92.91999816894533,93.0,88.47000122070312,90.37999725341795,89.31158447265625,2002800
2020-10-26,HLT,92.91999816894533,93.0,88.47000122070312,90.37999725341795,89.31158447265625,2002800
2020-10-27,HLT,90.25,90.45999908447266,87.47000122070312,87.66999816894531,86.63362121582031,1667000
2020-10-27,HLT,90.25,90.45999908447266,87.47000122070312,87.66999816894531,86.63362121582031,1667000
2020-10-28,HLT,85.9800033569336,86.6500015258789,83.83999633789062,84.0199966430664,83.02674865722656,2279500
2020-10-28,HLT,85.9800033569336,86.6500015258789,83.83999633789062,84.0199966430664,83.02674865722656,2279500
2020-10-29,HLT,84.0199966430664,87.44999694824219,83.62000274658203,86.51000213623047,85.4873275756836,2546300
2020-10-29,HLT,84.0199966430664,87.44999694824219,83.62000274658203,86.51000213623047,85.4873275756836,2546300
2020-10-30,HLT,85.76000213623047,88.08000183105469,84.77999877929688,87.80999755859375,86.77195739746094,2336000
2020-10-30,HLT,85.76000213623047,88.08000183105469,84.77999877929688,87.80999755859375,86.77195739746094,2336000
2020-11-02,HLT,88.0,88.51000213623047,86.5199966430664,88.0,86.959716796875,2352800
2020-11-02,HLT,88.0,88.51000213623047,86.5199966430664,88.0,86.959716796875,2352800
2020-11-03,HLT,88.75,91.9499969482422,88.75,90.6500015258789,89.5783920288086,3040800
2020-11-03,HLT,88.75,91.9499969482422,88.75,90.6500015258789,89.5783920288086,3040800
2020-11-04,HLT,91.2699966430664,96.62000274658205,90.58000183105467,93.08999633789062,91.98953247070312,2985200
2020-11-04,HLT,91.2699966430664,96.62000274658205,90.58000183105467,93.08999633789062,91.98953247070312,2985200
2020-11-05,HLT,93.33000183105467,96.08000183105467,93.06999969482422,94.08000183105467,92.96784210205078,2397600
2020-11-05,HLT,93.33000183105467,96.08000183105467,93.06999969482422,94.08000183105467,92.96784210205078,2397600
2020-11-06,HLT,93.6500015258789,95.05999755859376,92.27999877929688,92.83999633789062,91.74250030517578,2858900
2020-11-06,HLT,93.6500015258789,95.05999755859376,92.27999877929688,92.83999633789062,91.74250030517578,2858900
2020-11-09,HLT,112.38999938964844,116.7300033569336,102.5999984741211,104.19000244140624,102.95832061767578,9584600
2020-11-09,HLT,112.38999938964844,116.7300033569336,102.5999984741211,104.19000244140624,102.95832061767578,9584600
2020-11-10,HLT,105.0,106.4499969482422,102.73999786376952,104.23999786376952,103.00773620605467,4420000
2020-11-10,HLT,105.0,106.4499969482422,102.73999786376952,104.23999786376952,103.00773620605467,4420000
2020-11-11,HLT,104.6500015258789,104.76000213623048,101.4499969482422,103.75,102.52352142333984,3696100
2020-11-11,HLT,104.6500015258789,104.76000213623048,101.4499969482422,103.75,102.52352142333984,3696100
2020-11-12,HLT,102.33000183105467,103.2699966430664,100.83000183105467,102.0500030517578,100.84362030029295,2702600
2020-11-12,HLT,102.33000183105467,103.2699966430664,100.83000183105467,102.0500030517578,100.84362030029295,2702600
2020-11-13,HLT,102.91000366210938,105.91999816894533,102.6500015258789,105.8000030517578,104.54930114746094,2637000
2020-11-13,HLT,102.91000366210938,105.91999816894533,102.6500015258789,105.8000030517578,104.54930114746094,2637000
2020-11-16,HLT,109.47000122070312,109.70999908447266,106.26000213623048,106.58000183105467,105.32006072998048,4475400
2020-11-16,HLT,109.47000122070312,109.70999908447266,106.26000213623048,106.58000183105467,105.32006072998048,4475400
2020-11-17,HLT,104.55999755859376,105.20999908447266,102.54000091552734,103.33999633789062,102.11837005615234,2732800
2020-11-17,HLT,104.55999755859376,105.20999908447266,102.54000091552734,103.33999633789062,102.11837005615234,2732800
2020-11-18,HLT,103.37000274658205,105.62999725341795,102.9000015258789,103.3499984741211,102.12824249267578,1901600
2020-11-18,HLT,103.37000274658205,105.62999725341795,102.9000015258789,103.3499984741211,102.12824249267578,1901600
2020-11-19,HLT,102.33000183105467,103.58000183105467,102.01000213623048,102.8000030517578,101.5847625732422,3284000
2020-11-19,HLT,102.33000183105467,103.58000183105467,102.01000213623048,102.8000030517578,101.5847625732422,3284000
2020-11-20,HLT,102.8499984741211,103.37000274658205,101.4499969482422,101.76000213623048,100.55704498291016,2302700
2020-11-20,HLT,102.8499984741211,103.37000274658205,101.4499969482422,101.76000213623048,100.55704498291016,2302700
2020-11-23,HLT,102.88999938964844,105.0500030517578,102.41000366210938,105.0500030517578,103.80817413330078,3428200
2020-11-23,HLT,102.88999938964844,105.0500030517578,102.41000366210938,105.0500030517578,103.80817413330078,3428200
2020-11-24,HLT,107.97000122070312,109.62000274658205,107.02999877929688,108.94000244140624,107.65216064453124,2827100
2020-11-24,HLT,107.97000122070312,109.62000274658205,107.02999877929688,108.94000244140624,107.65216064453124,2827100
2020-11-25,HLT,108.0,108.1500015258789,106.22000122070312,106.3000030517578,105.04338073730467,1847300
2020-11-25,HLT,108.0,108.1500015258789,106.22000122070312,106.3000030517578,105.04338073730467,1847300
2020-11-27,HLT,106.62000274658205,107.0,104.16999816894533,104.41000366210938,103.1757354736328,1008700
2020-11-27,HLT,106.62000274658205,107.0,104.16999816894533,104.41000366210938,103.1757354736328,1008700
2020-11-30,HLT,104.04000091552734,104.27999877929688,101.7699966430664,103.62999725341795,102.40493774414062,2952700
2020-11-30,HLT,104.04000091552734,104.27999877929688,101.7699966430664,103.62999725341795,102.40493774414062,2952700
2020-12-01,HLT,105.26000213623048,105.63999938964844,103.87000274658205,104.83999633789062,103.6006317138672,1946700
2020-12-01,HLT,105.26000213623048,105.63999938964844,103.87000274658205,104.83999633789062,103.6006317138672,1946700
2020-12-02,HLT,104.3000030517578,107.19000244140624,103.8000030517578,106.75,105.48805236816406,2069100
2020-12-02,HLT,104.3000030517578,107.19000244140624,103.8000030517578,106.75,105.48805236816406,2069100
2020-12-03,HLT,107.12999725341795,111.54000091552734,107.12999725341795,109.16000366210938,107.86956787109376,3119200
2020-12-03,HLT,107.12999725341795,111.54000091552734,107.12999725341795,109.16000366210938,107.86956787109376,3119200
2020-12-04,HLT,109.87000274658205,111.23999786376952,108.62999725341795,110.8499984741211,109.53958129882812,1261700
2020-12-04,HLT,109.87000274658205,111.23999786376952,108.62999725341795,110.8499984741211,109.53958129882812,1261700
2020-12-07,HLT,110.27999877929688,110.41000366210938,108.33000183105467,109.83000183105467,108.53165435791016,1622600
2020-12-07,HLT,110.27999877929688,110.41000366210938,108.33000183105467,109.83000183105467,108.53165435791016,1622600
2020-12-08,HLT,108.63999938964844,110.76000213623048,108.61000061035156,109.0500030517578,107.7608642578125,1838500
2020-12-08,HLT,108.63999938964844,110.76000213623048,108.61000061035156,109.0500030517578,107.7608642578125,1838500
2020-12-09,HLT,109.5,109.95999908447266,105.6999969482422,106.6999969482422,105.43865966796876,2165100
2020-12-09,HLT,109.5,109.95999908447266,105.6999969482422,106.6999969482422,105.43865966796876,2165100
2020-12-10,HLT,106.25,107.8499984741211,105.1999969482422,107.36000061035156,106.09085083007812,2360100
2020-12-10,HLT,106.25,107.8499984741211,105.1999969482422,107.36000061035156,106.09085083007812,2360100
2020-12-11,HLT,106.80999755859376,107.61000061035156,104.3000030517578,104.73999786376952,103.50182342529295,2302600
2020-12-11,HLT,106.80999755859376,107.61000061035156,104.3000030517578,104.73999786376952,103.50182342529295,2302600
2020-12-14,HLT,106.38999938964844,106.38999938964844,102.9800033569336,103.04000091552734,101.8219223022461,2034900
2020-12-14,HLT,106.38999938964844,106.38999938964844,102.9800033569336,103.04000091552734,101.8219223022461,2034900
2020-12-15,HLT,105.5500030517578,105.9000015258789,102.91000366210938,104.97000122070312,103.7291030883789,1923400
2020-12-15,HLT,105.5500030517578,105.9000015258789,102.91000366210938,104.97000122070312,103.7291030883789,1923400
2020-12-16,HLT,104.97000122070312,105.36000061035156,103.3000030517578,104.41000366210938,103.1757354736328,1955900
2020-12-16,HLT,104.97000122070312,105.36000061035156,103.3000030517578,104.41000366210938,103.1757354736328,1955900
2020-12-17,HLT,105.04000091552734,105.3499984741211,103.5500030517578,104.6999969482422,103.46229553222656,2410700
2020-12-17,HLT,105.04000091552734,105.3499984741211,103.5500030517578,104.6999969482422,103.46229553222656,2410700
2020-12-18,HLT,105.01000213623048,106.91999816894533,104.41999816894533,104.61000061035156,103.37335968017578,5231600
2020-12-18,HLT,105.01000213623048,106.91999816894533,104.41999816894533,104.61000061035156,103.37335968017578,5231600
2020-12-21,HLT,101.9499969482422,104.86000061035156,101.33000183105467,103.98999786376952,102.76068115234376,3331300
2020-12-21,HLT,101.9499969482422,104.86000061035156,101.33000183105467,103.98999786376952,102.76068115234376,3331300
2020-12-22,HLT,104.04000091552734,104.55999755859376,102.6500015258789,102.9499969482422,101.73297882080078,2393000
2020-12-22,HLT,104.04000091552734,104.55999755859376,102.6500015258789,102.9499969482422,101.73297882080078,2393000
2020-12-23,HLT,104.0199966430664,106.83000183105467,103.31999969482422,106.51000213623048,105.25090026855467,2196200
2020-12-23,HLT,104.0199966430664,106.83000183105467,103.31999969482422,106.51000213623048,105.25090026855467,2196200
2020-12-24,HLT,106.55999755859376,106.88999938964844,105.6500015258789,106.88999938964844,105.62639617919922,822400
2020-12-24,HLT,106.55999755859376,106.88999938964844,105.6500015258789,106.88999938964844,105.62639617919922,822400
2020-12-28,HLT,107.98999786376952,109.4000015258789,107.12000274658205,107.37999725341795,106.11061096191406,1575100
2020-12-28,HLT,107.98999786376952,109.4000015258789,107.12000274658205,107.37999725341795,106.11061096191406,1575100
2020-12-29,HLT,108.18000030517578,109.6500015258789,107.51000213623048,107.9499969482422,106.67388153076172,1428000
2020-12-29,HLT,108.18000030517578,109.6500015258789,107.51000213623048,107.9499969482422,106.67388153076172,1428000
2020-12-30,HLT,108.0999984741211,110.83999633789062,108.0999984741211,110.18000030517578,108.87752532958984,1405100
2020-12-30,HLT,108.0999984741211,110.83999633789062,108.0999984741211,110.18000030517578,108.87752532958984,1405100
2020-12-31,HLT,109.68000030517578,111.61000061035156,108.69000244140624,111.26000213623048,109.94475555419922,1571400
2020-12-31,HLT,109.68000030517578,111.61000061035156,108.69000244140624,111.26000213623048,109.94475555419922,1571400
2021-01-04,HLT,110.97000122070312,111.30999755859376,106.01000213623048,107.45999908447266,106.18965911865234,2759300
2021-01-04,HLT,110.97000122070312,111.30999755859376,106.01000213623048,107.45999908447266,106.18965911865234,2759300
2021-01-05,HLT,107.0,109.08000183105467,106.87999725341795,107.9499969482422,106.67388153076172,2564200
2021-01-05,HLT,107.0,109.08000183105467,106.87999725341795,107.9499969482422,106.67388153076172,2564200
2021-01-06,HLT,108.06999969482422,112.08000183105467,108.05999755859376,110.7699966430664,109.46053314208984,1868200
2021-01-06,HLT,108.06999969482422,112.08000183105467,108.05999755859376,110.7699966430664,109.46053314208984,1868200
2021-01-07,HLT,111.4499969482422,113.88999938964844,111.25,113.29000091552734,111.95075225830078,2640400
2021-01-07,HLT,111.4499969482422,113.88999938964844,111.25,113.29000091552734,111.95075225830078,2640400
2021-01-08,HLT,113.91999816894533,115.66999816894533,113.02999877929688,114.16000366210938,112.81047058105467,4065100
2021-01-08,HLT,113.91999816894533,115.66999816894533,113.02999877929688,114.16000366210938,112.81047058105467,4065100
2021-01-11,HLT,112.48999786376952,113.70999908447266,111.31999969482422,113.18000030517578,111.842041015625,1527600
2021-01-11,HLT,112.48999786376952,113.70999908447266,111.31999969482422,113.18000030517578,111.842041015625,1527600
2021-01-12,HLT,113.18000030517578,114.08999633789062,112.12999725341795,112.33000183105467,111.00211334228516,1792900
2021-01-12,HLT,113.18000030517578,114.08999633789062,112.12999725341795,112.33000183105467,111.00211334228516,1792900
2021-01-13,HLT,112.27999877929688,113.18000030517578,110.6500015258789,111.87000274658205,110.54754638671876,2041800
2021-01-13,HLT,112.27999877929688,113.18000030517578,110.6500015258789,111.87000274658205,110.54754638671876,2041800
2021-01-14,HLT,112.55999755859376,113.68000030517578,111.11000061035156,112.11000061035156,110.78470611572266,2360600
2021-01-14,HLT,112.55999755859376,113.68000030517578,111.11000061035156,112.11000061035156,110.78470611572266,2360600
2021-01-15,HLT,111.43000030517578,111.63999938964844,108.06999969482422,108.41000366210938,107.1284408569336,2169400
2021-01-15,HLT,111.43000030517578,111.63999938964844,108.06999969482422,108.41000366210938,107.1284408569336,2169400
2021-01-19,HLT,108.41000366210938,109.51000213623048,107.58999633789062,107.93000030517578,106.65412139892578,1839600
2021-01-19,HLT,108.41000366210938,109.51000213623048,107.58999633789062,107.93000030517578,106.65412139892578,1839600
2021-01-20,HLT,108.0199966430664,108.58999633789062,105.80999755859376,107.6999969482422,106.42682647705078,2771500
2021-01-20,HLT,108.0199966430664,108.58999633789062,105.80999755859376,107.6999969482422,106.42682647705078,2771500
2021-01-21,HLT,107.68000030517578,109.91999816894533,107.13999938964844,108.81999969482422,107.53357696533205,1799700
2021-01-21,HLT,107.68000030517578,109.91999816894533,107.13999938964844,108.81999969482422,107.53357696533205,1799700
2021-01-22,HLT,107.51000213623048,107.88999938964844,104.66999816894533,104.95999908447266,103.7192153930664,2894100
2021-01-22,HLT,107.51000213623048,107.88999938964844,104.66999816894533,104.95999908447266,103.7192153930664,2894100
2021-01-25,HLT,104.0999984741211,105.7300033569336,102.58999633789062,105.12000274658205,103.8773193359375,5310200
2021-01-25,HLT,104.0999984741211,105.7300033569336,102.58999633789062,105.12000274658205,103.8773193359375,5310200
2021-01-26,HLT,105.7300033569336,106.2699966430664,104.61000061035156,104.66999816894533,103.43265533447266,2800900
2021-01-26,HLT,105.7300033569336,106.2699966430664,104.61000061035156,104.66999816894533,103.43265533447266,2800900
2021-01-27,HLT,102.9499969482422,103.81999969482422,98.56999969482422,98.66999816894533,97.50357055664062,4592600
2021-01-27,HLT,102.9499969482422,103.81999969482422,98.56999969482422,98.66999816894533,97.50357055664062,4592600
2021-01-28,HLT,100.87999725341795,104.83999633789062,100.87999725341795,104.0,102.77056121826172,6544200
2021-01-28,HLT,100.87999725341795,104.83999633789062,100.87999725341795,104.0,102.77056121826172,6544200
2021-01-29,HLT,103.2300033569336,103.23999786376952,99.0199966430664,101.38999938964844,100.1914291381836,4844100
2021-01-29,HLT,103.2300033569336,103.23999786376952,99.0199966430664,101.38999938964844,100.1914291381836,4844100
2021-02-01,HLT,102.37999725341795,103.81999969482422,101.83999633789062,101.91999816894533,100.71514892578124,2860800
2021-02-01,HLT,102.37999725341795,103.81999969482422,101.83999633789062,101.91999816894533,100.71514892578124,2860800
2021-02-02,HLT,103.18000030517578,107.0500030517578,102.7300033569336,105.79000091552734,104.53942108154295,2556300
2021-02-02,HLT,103.18000030517578,107.0500030517578,102.7300033569336,105.79000091552734,104.53942108154295,2556300
2021-02-03,HLT,105.80999755859376,108.31999969482422,105.6999969482422,106.5999984741211,105.33982849121094,2373600
2021-02-03,HLT,105.80999755859376,108.31999969482422,105.6999969482422,106.5999984741211,105.33982849121094,2373600
2021-02-04,HLT,107.38999938964844,110.52999877929688,107.33999633789062,110.5199966430664,109.21349334716795,2091400
2021-02-04,HLT,107.38999938964844,110.52999877929688,107.33999633789062,110.5199966430664,109.21349334716795,2091400
2021-02-05,HLT,111.3000030517578,112.5999984741211,110.33999633789062,111.66999816894533,110.34989166259766,2279900
2021-02-05,HLT,111.3000030517578,112.5999984741211,110.33999633789062,111.66999816894533,110.34989166259766,2279900
2021-02-08,HLT,112.69000244140624,113.16000366210938,110.62000274658205,112.31999969482422,110.99221801757812,2061000
2021-02-08,HLT,112.69000244140624,113.16000366210938,110.62000274658205,112.31999969482422,110.99221801757812,2061000
2021-02-09,HLT,112.23999786376952,112.51000213623048,110.18000030517578,110.3499984741211,109.04550170898438,1590500
2021-02-09,HLT,112.23999786376952,112.51000213623048,110.18000030517578,110.3499984741211,109.04550170898438,1590500
2021-02-10,HLT,110.16999816894533,110.48999786376952,108.80999755859376,109.33999633789062,108.04744720458984,2750400
2021-02-10,HLT,110.16999816894533,110.48999786376952,108.80999755859376,109.33999633789062,108.04744720458984,2750400
2021-02-11,HLT,110.13999938964844,111.16999816894533,108.72000122070312,109.5,108.20555114746094,1792200
2021-02-11,HLT,110.13999938964844,111.16999816894533,108.72000122070312,109.5,108.20555114746094,1792200
2021-02-12,HLT,109.12000274658205,112.41000366210938,108.87000274658205,112.13999938964844,110.81434631347656,2128300
2021-02-12,HLT,109.12000274658205,112.41000366210938,108.87000274658205,112.13999938964844,110.81434631347656,2128300
2021-02-16,HLT,112.83000183105467,114.0199966430664,112.0,113.61000061035156,112.26696014404295,2927800
2021-02-16,HLT,112.83000183105467,114.0199966430664,112.0,113.61000061035156,112.26696014404295,2927800
2021-02-17,HLT,110.83000183105467,115.33000183105467,108.80999755859376,111.43000030517578,110.1127471923828,3816200
2021-02-17,HLT,110.83000183105467,115.33000183105467,108.80999755859376,111.43000030517578,110.1127471923828,3816200
2021-02-18,HLT,108.97000122070312,115.20999908447266,108.5,114.12000274658205,112.77094268798828,2695900
2021-02-18,HLT,108.97000122070312,115.20999908447266,108.5,114.12000274658205,112.77094268798828,2695900
2021-02-19,HLT,114.95999908447266,117.79000091552734,114.51000213623048,116.91000366210938,115.52796936035156,3463300
2021-02-19,HLT,114.95999908447266,117.79000091552734,114.51000213623048,116.91000366210938,115.52796936035156,3463300
2021-02-22,HLT,118.75,122.12999725341795,117.54000091552734,119.95999908447266,118.54190826416016,4374200
2021-02-22,HLT,118.75,122.12999725341795,117.54000091552734,119.95999908447266,118.54190826416016,4374200
2021-02-23,HLT,121.58000183105467,122.30999755859376,118.29000091552734,121.9499969482422,120.50837707519533,3703300
2021-02-23,HLT,121.58000183105467,122.30999755859376,118.29000091552734,121.9499969482422,120.50837707519533,3703300
2021-02-24,HLT,123.3499984741211,127.4800033569336,122.37999725341795,127.26000213623048,125.75560760498048,4486200
2021-02-24,HLT,123.3499984741211,127.4800033569336,122.37999725341795,127.26000213623048,125.75560760498048,4486200
2021-02-25,HLT,127.76000213623048,128.16000366210938,121.08999633789062,122.9800033569336,121.52619171142578,5262900
2021-02-25,HLT,127.76000213623048,128.16000366210938,121.08999633789062,122.9800033569336,121.52619171142578,5262900
2021-02-26,HLT,123.58999633789062,124.58000183105467,120.13999938964844,123.68000030517578,122.21792602539062,3615400
2021-02-26,HLT,123.58999633789062,124.58000183105467,120.13999938964844,123.68000030517578,122.21792602539062,3615400
2021-03-01,HLT,125.72000122070312,125.8499984741211,122.8000030517578,123.76000213623048,122.29696655273438,2614900
2021-03-01,HLT,125.72000122070312,125.8499984741211,122.8000030517578,123.76000213623048,122.29696655273438,2614900
2021-03-02,HLT,123.9000015258789,125.08999633789062,122.5,124.25,122.78118133544922,3325600
2021-03-02,HLT,123.9000015258789,125.08999633789062,122.5,124.25,122.78118133544922,3325600
2021-03-03,HLT,124.25,125.83999633789062,123.12999725341795,123.12999725341795,121.6744155883789,2108300
2021-03-03,HLT,124.25,125.83999633789062,123.12999725341795,123.12999725341795,121.6744155883789,2108300
2021-03-04,HLT,123.25,123.31999969482422,117.0,120.72000122070312,119.29290771484376,3555500
2021-03-04,HLT,123.25,123.31999969482422,117.0,120.72000122070312,119.29290771484376,3555500
2021-03-05,HLT,121.9000015258789,122.93000030517578,116.44000244140624,122.87000274658205,121.4175033569336,3696600
2021-03-05,HLT,121.9000015258789,122.93000030517578,116.44000244140624,122.87000274658205,121.4175033569336,3696600
2021-03-08,HLT,123.5199966430664,126.76000213623048,122.0199966430664,125.41000366210938,123.92747497558594,2573200
2021-03-08,HLT,123.5199966430664,126.76000213623048,122.0199966430664,125.41000366210938,123.92747497558594,2573200
2021-03-09,HLT,126.97000122070312,126.97000122070312,123.61000061035156,124.12000274658205,122.65272521972656,2560500
2021-03-09,HLT,126.97000122070312,126.97000122070312,123.61000061035156,124.12000274658205,122.65272521972656,2560500
2021-03-10,HLT,124.38999938964844,125.9800033569336,122.8000030517578,124.51000213623048,123.03811645507812,1846700
2021-03-10,HLT,124.38999938964844,125.9800033569336,122.8000030517578,124.51000213623048,123.03811645507812,1846700
2021-03-11,HLT,124.55999755859376,126.1999969482422,123.31999969482422,124.66000366210938,123.18634796142578,1711000
2021-03-11,HLT,124.55999755859376,126.1999969482422,123.31999969482422,124.66000366210938,123.18634796142578,1711000
2021-03-12,HLT,125.31999969482422,126.58000183105467,124.33999633789062,126.0999984741211,124.60930633544922,1588800
2021-03-12,HLT,125.31999969482422,126.58000183105467,124.33999633789062,126.0999984741211,124.60930633544922,1588800
2021-03-15,HLT,126.95999908447266,128.9199981689453,125.06999969482422,127.26000213623048,125.75560760498048,1773000
2021-03-15,HLT,126.95999908447266,128.9199981689453,125.06999969482422,127.26000213623048,125.75560760498048,1773000
2021-03-16,HLT,127.38999938964844,127.77999877929688,123.7699966430664,123.95999908447266,122.4946060180664,1819400
2021-03-16,HLT,127.38999938964844,127.77999877929688,123.7699966430664,123.95999908447266,122.4946060180664,1819400
2021-03-17,HLT,123.5,127.62000274658205,123.4499969482422,127.13999938964844,125.6370086669922,3831700
2021-03-17,HLT,123.5,127.62000274658205,123.4499969482422,127.13999938964844,125.6370086669922,3831700
2021-03-18,HLT,126.56999969482422,128.67999267578125,125.0999984741211,125.63999938964844,124.15474700927734,2550000
2021-03-18,HLT,126.56999969482422,128.67999267578125,125.0999984741211,125.63999938964844,124.15474700927734,2550000
2021-03-19,HLT,125.0,125.91999816894533,122.13999938964844,124.38999938964844,122.91954040527344,2810800
2021-03-19,HLT,125.0,125.91999816894533,122.13999938964844,124.38999938964844,122.91954040527344,2810800
2021-03-22,HLT,124.51000213623048,124.83000183105467,122.4000015258789,122.91999816894533,121.4668960571289,2031200
2021-03-22,HLT,124.51000213623048,124.83000183105467,122.4000015258789,122.91999816894533,121.4668960571289,2031200
2021-03-23,HLT,122.16000366210938,122.5999984741211,118.1999969482422,118.9000015258789,117.4944305419922,2659000
2021-03-23,HLT,122.16000366210938,122.5999984741211,118.1999969482422,118.9000015258789,117.4944305419922,2659000
2021-03-24,HLT,119.83000183105467,121.6500015258789,118.47000122070312,118.5,117.09915161132812,2035000
2021-03-24,HLT,119.83000183105467,121.6500015258789,118.47000122070312,118.5,117.09915161132812,2035000
2021-03-25,HLT,117.54000091552734,120.77999877929688,116.1500015258789,120.4000015258789,118.97669982910156,2680800
2021-03-25,HLT,117.54000091552734,120.77999877929688,116.1500015258789,120.4000015258789,118.97669982910156,2680800
2021-03-26,HLT,121.08000183105467,121.61000061035156,118.91999816894533,121.12000274658205,119.6881866455078,2149800
2021-03-26,HLT,121.08000183105467,121.61000061035156,118.91999816894533,121.12000274658205,119.6881866455078,2149800
2021-03-29,HLT,120.93000030517578,121.33999633789062,118.11000061035156,119.0500030517578,117.64266204833984,2135300
2021-03-29,HLT,120.93000030517578,121.33999633789062,118.11000061035156,119.0500030517578,117.64266204833984,2135300
2021-03-30,HLT,118.9499969482422,122.61000061035156,118.69000244140624,122.05999755859376,120.61707305908205,2548900
2021-03-30,HLT,118.9499969482422,122.61000061035156,118.69000244140624,122.05999755859376,120.61707305908205,2548900
2021-03-31,HLT,122.30999755859376,122.81999969482422,120.83999633789062,120.91999816894533,119.49054718017578,2031500
2021-03-31,HLT,122.30999755859376,122.81999969482422,120.83999633789062,120.91999816894533,119.49054718017578,2031500
2021-04-01,HLT,121.9000015258789,122.0999984741211,120.37999725341795,121.6500015258789,120.21192932128906,1696900
2021-04-01,HLT,121.9000015258789,122.0999984741211,120.37999725341795,121.6500015258789,120.21192932128906,1696900
2021-04-05,HLT,123.12000274658205,126.0999984741211,122.98999786376952,125.4000015258789,123.91759490966795,2261100
2021-04-05,HLT,123.12000274658205,126.0999984741211,122.98999786376952,125.4000015258789,123.91759490966795,2261100
2021-04-06,HLT,125.5500030517578,127.54000091552734,125.5,126.66000366210938,125.1626968383789,1719500
2021-04-06,HLT,125.5500030517578,127.54000091552734,125.5,126.66000366210938,125.1626968383789,1719500
2021-04-07,HLT,126.97000122070312,127.31999969482422,124.26000213623048,124.5199966430664,123.04798126220705,1803800
2021-04-07,HLT,126.97000122070312,127.31999969482422,124.26000213623048,124.5199966430664,123.04798126220705,1803800
2021-04-08,HLT,124.37000274658205,126.12999725341795,122.80999755859376,124.75,123.27526092529295,1847100
2021-04-08,HLT,124.37000274658205,126.12999725341795,122.80999755859376,124.75,123.27526092529295,1847100
2021-04-09,HLT,124.4000015258789,124.45999908447266,122.37000274658205,124.3499984741211,122.87998962402344,921500
2021-04-09,HLT,124.4000015258789,124.45999908447266,122.37000274658205,124.3499984741211,122.87998962402344,921500
2021-04-12,HLT,124.4800033569336,125.44000244140624,122.47000122070312,125.27999877929688,123.79901123046876,2057800
2021-04-12,HLT,124.4800033569336,125.44000244140624,122.47000122070312,125.27999877929688,123.79901123046876,2057800
2021-04-13,HLT,123.77999877929688,126.87000274658205,122.43000030517578,126.11000061035156,124.61920166015624,3377700
2021-04-13,HLT,123.77999877929688,126.87000274658205,122.43000030517578,126.11000061035156,124.61920166015624,3377700
2021-04-14,HLT,126.0,128.27999877929688,125.63999938964844,126.5199966430664,125.02435302734376,2461100
2021-04-14,HLT,126.0,128.27999877929688,125.63999938964844,126.5199966430664,125.02435302734376,2461100
2021-04-15,HLT,127.37000274658205,127.8499984741211,125.77999877929688,127.27999877929688,125.77537536621094,1193000
2021-04-15,HLT,127.37000274658205,127.8499984741211,125.77999877929688,127.27999877929688,125.77537536621094,1193000
2021-04-16,HLT,128.52000427246094,129.0500030517578,127.5500030517578,128.0500030517578,126.53624725341795,1721300
2021-04-16,HLT,128.52000427246094,129.0500030517578,127.5500030517578,128.0500030517578,126.53624725341795,1721300
2021-04-19,HLT,127.48999786376952,127.7300033569336,125.26000213623048,125.93000030517578,124.44131469726562,1451000
2021-04-19,HLT,127.48999786376952,127.7300033569336,125.26000213623048,125.93000030517578,124.44131469726562,1451000
2021-04-20,HLT,124.9499969482422,125.3000030517578,120.66999816894533,122.22000122070312,120.77517700195312,2328500
2021-04-20,HLT,124.9499969482422,125.3000030517578,120.66999816894533,122.22000122070312,120.77517700195312,2328500
2021-04-21,HLT,122.51000213623048,123.97000122070312,121.30999755859376,123.91000366210938,122.44520568847656,1329400
2021-04-21,HLT,122.51000213623048,123.97000122070312,121.30999755859376,123.91000366210938,122.44520568847656,1329400
2021-04-22,HLT,123.44000244140624,126.7699966430664,122.8499984741211,125.5,124.0164031982422,2235300
2021-04-22,HLT,123.44000244140624,126.7699966430664,122.8499984741211,125.5,124.0164031982422,2235300
2021-04-23,HLT,125.94000244140624,127.43000030517578,125.55999755859376,127.4000015258789,125.89395904541016,1394600
2021-04-23,HLT,125.94000244140624,127.43000030517578,125.55999755859376,127.4000015258789,125.89395904541016,1394600
2021-04-26,HLT,128.60000610351562,130.19000244140625,127.12000274658205,127.56999969482422,126.06194305419922,1357400
2021-04-26,HLT,128.60000610351562,130.19000244140625,127.12000274658205,127.56999969482422,126.06194305419922,1357400
2021-04-27,HLT,127.72000122070312,130.35000610351562,127.58999633789062,130.00999450683594,128.4730682373047,1712900
2021-04-27,HLT,127.72000122070312,130.35000610351562,127.58999633789062,130.00999450683594,128.4730682373047,1712900
2021-04-28,HLT,129.82000732421875,130.25,128.9600067138672,129.11000061035156,127.5837173461914,1328800
2021-04-28,HLT,129.82000732421875,130.25,128.9600067138672,129.11000061035156,127.5837173461914,1328800
2021-04-29,HLT,130.8800048828125,132.69000244140625,128.4499969482422,130.38999938964844,128.84860229492188,1597000
2021-04-29,HLT,130.8800048828125,132.69000244140625,128.4499969482422,130.38999938964844,128.84860229492188,1597000
2021-04-30,HLT,129.7100067138672,130.05999755859375,127.58000183105467,128.6999969482422,127.1785888671875,1263900
2021-04-30,HLT,129.7100067138672,130.05999755859375,127.58000183105467,128.6999969482422,127.1785888671875,1263900
2021-05-03,HLT,129.63999938964844,130.1699981689453,128.38999938964844,128.6699981689453,127.14891815185548,1375300
2021-05-03,HLT,129.63999938964844,130.1699981689453,128.38999938964844,128.6699981689453,127.14891815185548,1375300
2021-05-04,HLT,128.1699981689453,128.85000610351562,125.69000244140624,128.25,126.73389434814452,2574900
2021-05-04,HLT,128.1699981689453,128.85000610351562,125.69000244140624,128.25,126.73389434814452,2574900
2021-05-05,HLT,127.11000061035156,128.11000061035156,122.31999969482422,122.62000274658205,121.17046356201172,3767400
2021-05-05,HLT,127.11000061035156,128.11000061035156,122.31999969482422,122.62000274658205,121.17046356201172,3767400
2021-05-06,HLT,122.1500015258789,122.7300033569336,119.47000122070312,120.7699966430664,119.3423309326172,3108500
2021-05-06,HLT,122.1500015258789,122.7300033569336,119.47000122070312,120.7699966430664,119.3423309326172,3108500
2021-05-07,HLT,121.1999969482422,123.54000091552734,119.8000030517578,123.44000244140624,121.98077392578124,2097100
2021-05-07,HLT,121.1999969482422,123.54000091552734,119.8000030517578,123.44000244140624,121.98077392578124,2097100
2021-05-10,HLT,122.47000122070312,123.6999969482422,121.08000183105467,121.58000183105467,120.14276123046876,2219000
2021-05-10,HLT,122.47000122070312,123.6999969482422,121.08000183105467,121.58000183105467,120.14276123046876,2219000
2021-05-11,HLT,119.26000213623048,122.16000366210938,118.16000366210938,121.83000183105467,120.38980102539062,1640400
2021-05-11,HLT,119.26000213623048,122.16000366210938,118.16000366210938,121.83000183105467,120.38980102539062,1640400
2021-05-12,HLT,121.02999877929688,122.26000213623048,117.54000091552734,118.29000091552734,116.8916473388672,1984200
2021-05-12,HLT,121.02999877929688,122.26000213623048,117.54000091552734,118.29000091552734,116.8916473388672,1984200
2021-05-13,HLT,118.83999633789062,121.16000366210938,118.2300033569336,120.16000366210938,118.7395477294922,1648500
2021-05-13,HLT,118.83999633789062,121.16000366210938,118.2300033569336,120.16000366210938,118.7395477294922,1648500
2021-05-14,HLT,121.29000091552734,124.43000030517578,120.4499969482422,123.61000061035156,122.14875030517578,1470700
2021-05-14,HLT,121.29000091552734,124.43000030517578,120.4499969482422,123.61000061035156,122.14875030517578,1470700
2021-05-17,HLT,123.43000030517578,123.43000030517578,120.38999938964844,121.70999908447266,120.27120208740234,1428900
2021-05-17,HLT,123.43000030517578,123.43000030517578,120.38999938964844,121.70999908447266,120.27120208740234,1428900
2021-05-18,HLT,122.1500015258789,123.37000274658205,120.72000122070312,120.79000091552734,119.3620834350586,2237100
2021-05-18,HLT,122.1500015258789,123.37000274658205,120.72000122070312,120.79000091552734,119.3620834350586,2237100
2021-05-19,HLT,118.23999786376952,120.66000366210938,117.88999938964844,120.56999969482422,119.14469909667967,1511900
2021-05-19,HLT,118.23999786376952,120.66000366210938,117.88999938964844,120.56999969482422,119.14469909667967,1511900
2021-05-20,HLT,120.70999908447266,121.1999969482422,119.0500030517578,120.58000183105467,119.15457153320312,1484400
2021-05-20,HLT,120.70999908447266,121.1999969482422,119.0500030517578,120.58000183105467,119.15457153320312,1484400
2021-05-21,HLT,121.31999969482422,122.22000122070312,120.6999969482422,120.9800033569336,119.5498275756836,1429500
2021-05-21,HLT,121.31999969482422,122.22000122070312,120.6999969482422,120.9800033569336,119.5498275756836,1429500
2021-05-24,HLT,122.08999633789062,123.9000015258789,121.31999969482422,123.58999633789062,122.12897491455078,2057700
2021-05-24,HLT,122.08999633789062,123.9000015258789,121.31999969482422,123.58999633789062,122.12897491455078,2057700
2021-05-25,HLT,124.62999725341795,125.30999755859376,123.3499984741211,123.8000030517578,122.33650970458984,1374200
2021-05-25,HLT,124.62999725341795,125.30999755859376,123.3499984741211,123.8000030517578,122.33650970458984,1374200
2021-05-26,HLT,124.41999816894533,126.4000015258789,123.91999816894533,126.22000122070312,124.72791290283205,1523000
2021-05-26,HLT,124.41999816894533,126.4000015258789,123.91999816894533,126.22000122070312,124.72791290283205,1523000
2021-05-27,HLT,127.0,127.68000030517578,125.11000061035156,126.2699966430664,124.77730560302734,2395700
2021-05-27,HLT,127.0,127.68000030517578,125.11000061035156,126.2699966430664,124.77730560302734,2395700
2021-05-28,HLT,125.9000015258789,126.31999969482422,124.38999938964844,125.2699966430664,123.78913116455078,893700
2021-05-28,HLT,125.9000015258789,126.31999969482422,124.38999938964844,125.2699966430664,123.78913116455078,893700
2021-06-01,HLT,127.5999984741211,127.5999984741211,125.8000030517578,126.61000061035156,125.11329650878906,1489100
2021-06-01,HLT,127.5999984741211,127.5999984741211,125.8000030517578,126.61000061035156,125.11329650878906,1489100
2021-06-02,HLT,126.87999725341795,127.0,124.55999755859376,125.16999816894533,123.6903076171875,1462100
2021-06-02,HLT,126.87999725341795,127.0,124.55999755859376,125.16999816894533,123.6903076171875,1462100
2021-06-03,HLT,124.12999725341795,124.5,122.19000244140624,123.12999725341795,121.6744155883789,1331400
2021-06-03,HLT,124.12999725341795,124.5,122.19000244140624,123.12999725341795,121.6744155883789,1331400
2021-06-04,HLT,123.75,124.81999969482422,122.93000030517578,124.75,123.27526092529295,1657100
2021-06-04,HLT,123.75,124.81999969482422,122.93000030517578,124.75,123.27526092529295,1657100
2021-06-07,HLT,125.52999877929688,125.80999755859376,124.52999877929688,124.9000015258789,123.42352294921876,1353900
2021-06-07,HLT,125.52999877929688,125.80999755859376,124.52999877929688,124.9000015258789,123.42352294921876,1353900
2021-06-08,HLT,125.16999816894533,128.16000366210938,124.76000213623048,127.83999633789062,126.3287582397461,1978500
2021-06-08,HLT,125.16999816894533,128.16000366210938,124.76000213623048,127.83999633789062,126.3287582397461,1978500
2021-06-09,HLT,128.35000610351562,128.77000427246094,126.37999725341795,126.4499969482422,124.95516967773438,1508900
2021-06-09,HLT,128.35000610351562,128.77000427246094,126.37999725341795,126.4499969482422,124.95516967773438,1508900
2021-06-10,HLT,126.79000091552734,127.2699966430664,125.26000213623048,126.58999633789062,125.0935287475586,1741800
2021-06-10,HLT,126.79000091552734,127.2699966430664,125.26000213623048,126.58999633789062,125.0935287475586,1741800
2021-06-11,HLT,126.79000091552734,128.74000549316406,126.61000061035156,128.61000061035156,127.08963775634766,1590000
2021-06-11,HLT,126.79000091552734,128.74000549316406,126.61000061035156,128.61000061035156,127.08963775634766,1590000
2021-06-14,HLT,128.35000610351562,129.85000610351562,127.58999633789062,128.61000061035156,127.08963775634766,1571100
2021-06-14,HLT,128.35000610351562,129.85000610351562,127.58999633789062,128.61000061035156,127.08963775634766,1571100
2021-06-15,HLT,128.3699951171875,129.97000122070312,128.1300048828125,129.25,127.72207641601562,2571100
2021-06-15,HLT,128.3699951171875,129.97000122070312,128.1300048828125,129.25,127.72207641601562,2571100
2021-06-16,HLT,129.47999572753906,129.80999755859375,126.5,126.93000030517578,125.42950439453124,1970600
2021-06-16,HLT,129.47999572753906,129.80999755859375,126.5,126.93000030517578,125.42950439453124,1970600
2021-06-17,HLT,127.01000213623048,128.22999572753906,125.26000213623048,126.23999786376952,124.74765014648438,1857900
2021-06-17,HLT,127.01000213623048,128.22999572753906,125.26000213623048,126.23999786376952,124.74765014648438,1857900
2021-06-18,HLT,124.48999786376952,125.20999908447266,123.38999938964844,123.72000122070312,122.2574462890625,2006600
2021-06-18,HLT,124.48999786376952,125.20999908447266,123.38999938964844,123.72000122070312,122.2574462890625,2006600
2021-06-21,HLT,124.56999969482422,126.87000274658205,123.56999969482422,126.73999786376952,125.24175262451172,2280900
2021-06-21,HLT,124.56999969482422,126.87000274658205,123.56999969482422,126.73999786376952,125.24175262451172,2280900
2021-06-22,HLT,126.86000061035156,126.91999816894533,125.3499984741211,126.0999984741211,124.60930633544922,1394200
2021-06-22,HLT,126.86000061035156,126.91999816894533,125.3499984741211,126.0999984741211,124.60930633544922,1394200
2021-06-23,HLT,125.8000030517578,126.41000366210938,125.4000015258789,125.68000030517578,124.1942901611328,1007500
2021-06-23,HLT,125.8000030517578,126.41000366210938,125.4000015258789,125.68000030517578,124.1942901611328,1007500
2021-06-24,HLT,126.7699966430664,126.81999969482422,124.25,124.51000213623048,123.03811645507812,1645200
2021-06-24,HLT,126.7699966430664,126.81999969482422,124.25,124.51000213623048,123.03811645507812,1645200
2021-06-25,HLT,125.04000091552734,125.48999786376952,124.19000244140624,124.4800033569336,123.00847625732422,5399400
2021-06-25,HLT,125.04000091552734,125.48999786376952,124.19000244140624,124.4800033569336,123.00847625732422,5399400
2021-06-28,HLT,124.05999755859376,124.05999755859376,119.51000213623048,120.72000122070312,119.29290771484376,2031400
2021-06-28,HLT,124.05999755859376,124.05999755859376,119.51000213623048,120.72000122070312,119.29290771484376,2031400
2021-06-29,HLT,120.76000213623048,121.20999908447266,118.66000366210938,118.9499969482422,117.5438461303711,1728400
2021-06-29,HLT,120.76000213623048,121.20999908447266,118.66000366210938,118.9499969482422,117.5438461303711,1728400
2021-06-30,HLT,119.05999755859376,120.8000030517578,118.9000015258789,120.62000274658205,119.19409942626952,2656800
2021-06-30,HLT,119.05999755859376,120.8000030517578,118.9000015258789,120.62000274658205,119.19409942626952,2656800
2021-07-01,HLT,120.62999725341795,123.83999633789062,120.62000274658205,123.62000274658205,122.15863037109376,2466900
2021-07-01,HLT,120.62999725341795,123.83999633789062,120.62000274658205,123.62000274658205,122.15863037109376,2466900
2021-07-02,HLT,124.48999786376952,127.02999877929688,123.76000213623048,126.80999755859376,125.3109359741211,2291500
2021-07-02,HLT,124.48999786376952,127.02999877929688,123.76000213623048,126.80999755859376,125.3109359741211,2291500
2021-07-06,HLT,127.05999755859376,128.0,124.12999725341795,125.83000183105467,124.3425064086914,1854700
2021-07-06,HLT,127.05999755859376,128.0,124.12999725341795,125.83000183105467,124.3425064086914,1854700
2021-07-07,HLT,124.62999725341795,126.38999938964844,121.83000183105467,124.4499969482422,122.97882080078124,1958000
2021-07-07,HLT,124.62999725341795,126.38999938964844,121.83000183105467,124.4499969482422,122.97882080078124,1958000
2021-07-08,HLT,122.19000244140624,124.12000274658205,120.68000030517578,123.12999725341795,121.6744155883789,2458700
2021-07-08,HLT,122.19000244140624,124.12000274658205,120.68000030517578,123.12999725341795,121.6744155883789,2458700
2021-07-09,HLT,124.2300033569336,126.2300033569336,123.38999938964844,126.0500030517578,124.55992889404295,1335800
2021-07-09,HLT,124.2300033569336,126.2300033569336,123.38999938964844,126.0500030517578,124.55992889404295,1335800
2021-07-12,HLT,125.0,126.37999725341795,124.44000244140624,125.8499984741211,124.3622817993164,2030500
2021-07-12,HLT,125.0,126.37999725341795,124.44000244140624,125.8499984741211,124.3622817993164,2030500
2021-07-13,HLT,125.18000030517578,125.5,123.31999969482422,123.45999908447266,122.00052642822266,1550700
2021-07-13,HLT,125.18000030517578,125.5,123.31999969482422,123.45999908447266,122.00052642822266,1550700
2021-07-14,HLT,123.72000122070312,125.31999969482422,123.2300033569336,123.87000274658205,122.40567016601562,1525100
2021-07-14,HLT,123.72000122070312,125.31999969482422,123.2300033569336,123.87000274658205,122.40567016601562,1525100
2021-07-15,HLT,123.0,123.83999633789062,121.88999938964844,122.9000015258789,121.4471435546875,1986700
2021-07-15,HLT,123.0,123.83999633789062,121.88999938964844,122.9000015258789,121.4471435546875,1986700
2021-07-16,HLT,124.16999816894533,125.0,119.41000366210938,119.75,118.33438110351562,3002400
2021-07-16,HLT,124.16999816894533,125.0,119.41000366210938,119.75,118.33438110351562,3002400
2021-07-19,HLT,116.0,119.45999908447266,114.6999969482422,117.01000213623048,115.62677001953124,5226900
2021-07-19,HLT,116.0,119.45999908447266,114.6999969482422,117.01000213623048,115.62677001953124,5226900
2021-07-20,HLT,117.33999633789062,121.41999816894533,116.6999969482422,120.9000015258789,119.47079467773438,1715000
2021-07-20,HLT,117.33999633789062,121.41999816894533,116.6999969482422,120.9000015258789,119.47079467773438,1715000
2021-07-21,HLT,121.88999938964844,125.31999969482422,121.66000366210938,124.93000030517578,123.45314025878906,2022300
2021-07-21,HLT,121.88999938964844,125.31999969482422,121.66000366210938,124.93000030517578,123.45314025878906,2022300
2021-07-22,HLT,124.08000183105467,124.5500030517578,122.31999969482422,123.20999908447266,121.75349426269533,1561700
2021-07-22,HLT,124.08000183105467,124.5500030517578,122.31999969482422,123.20999908447266,121.75349426269533,1561700
2021-07-23,HLT,124.5999984741211,125.62000274658205,123.62000274658205,125.26000213623048,123.77924346923828,2485600
2021-07-23,HLT,124.5999984741211,125.62000274658205,123.62000274658205,125.26000213623048,123.77924346923828,2485600
2021-07-26,HLT,124.7300033569336,127.29000091552734,123.30999755859376,126.66999816894533,125.1725845336914,2676500
2021-07-26,HLT,124.7300033569336,127.29000091552734,123.30999755859376,126.66999816894533,125.1725845336914,2676500
2021-07-27,HLT,125.79000091552734,128.57000732421875,124.79000091552734,128.5,126.98092651367188,2487500
2021-07-27,HLT,125.79000091552734,128.57000732421875,124.79000091552734,128.5,126.98092651367188,2487500
2021-07-28,HLT,129.22999572753906,129.91000366210938,126.5999984741211,129.52999877929688,127.99877166748048,2225300
2021-07-28,HLT,129.22999572753906,129.91000366210938,126.5999984741211,129.52999877929688,127.99877166748048,2225300
2021-07-29,HLT,130.0,136.88999938964844,127.5,134.5,132.9100341796875,3619700
2021-07-29,HLT,130.0,136.88999938964844,127.5,134.5,132.9100341796875,3619700
2021-07-30,HLT,133.3699951171875,133.80999755859375,131.00999450683594,131.4499969482422,129.8960723876953,1849500
2021-07-30,HLT,133.3699951171875,133.80999755859375,131.00999450683594,131.4499969482422,129.8960723876953,1849500
2021-08-02,HLT,132.47000122070312,132.88999938964844,127.0199966430664,127.87000274658205,126.3583984375,2154700
2021-08-02,HLT,132.47000122070312,132.88999938964844,127.0199966430664,127.87000274658205,126.3583984375,2154700
2021-08-03,HLT,128.14999389648438,128.14999389648438,123.47000122070312,126.08000183105467,124.58956909179688,3137300
2021-08-03,HLT,128.14999389648438,128.14999389648438,123.47000122070312,126.08000183105467,124.58956909179688,3137300
2021-08-04,HLT,124.55999755859376,125.83999633789062,123.11000061035156,124.38999938964844,122.91954040527344,2249500
2021-08-04,HLT,124.55999755859376,125.83999633789062,123.11000061035156,124.38999938964844,122.91954040527344,2249500
2021-08-05,HLT,125.33999633789062,127.3499984741211,124.83999633789062,126.4000015258789,124.90576171875,1881300
2021-08-05,HLT,125.33999633789062,127.3499984741211,124.83999633789062,126.4000015258789,124.90576171875,1881300
2021-08-06,HLT,126.7699966430664,127.33000183105467,125.4000015258789,126.66000366210938,125.1626968383789,1717100
2021-08-06,HLT,126.7699966430664,127.33000183105467,125.4000015258789,126.66000366210938,125.1626968383789,1717100
2021-08-09,HLT,125.98999786376952,126.0,122.80999755859376,124.61000061035156,123.13692474365234,1774600
2021-08-09,HLT,125.98999786376952,126.0,122.80999755859376,124.61000061035156,123.13692474365234,1774600
2021-08-10,HLT,124.69000244140624,127.25,124.1500015258789,126.3499984741211,124.85635375976562,1637500
2021-08-10,HLT,124.69000244140624,127.25,124.1500015258789,126.3499984741211,124.85635375976562,1637500
2021-08-11,HLT,125.5500030517578,126.33999633789062,124.16000366210938,125.02999877929688,123.55196380615234,2218200
2021-08-11,HLT,125.5500030517578,126.33999633789062,124.16000366210938,125.02999877929688,123.55196380615234,2218200
2021-08-12,HLT,124.47000122070312,124.87000274658205,122.5500030517578,123.43000030517578,121.97086334228516,2069800
2021-08-12,HLT,124.47000122070312,124.87000274658205,122.5500030517578,123.43000030517578,121.97086334228516,2069800
2021-08-13,HLT,123.08000183105467,123.43000030517578,121.31999969482422,122.20999908447266,120.76530456542967,1951400
2021-08-13,HLT,123.08000183105467,123.43000030517578,121.31999969482422,122.20999908447266,120.76530456542967,1951400
2021-08-16,HLT,121.12999725341795,122.58000183105467,120.18000030517578,121.48999786376952,120.05379486083984,2464400
2021-08-16,HLT,121.12999725341795,122.58000183105467,120.18000030517578,121.48999786376952,120.05379486083984,2464400
2021-08-17,HLT,120.11000061035156,120.79000091552734,119.36000061035156,119.98999786376952,118.57154083251952,2233300
2021-08-17,HLT,120.11000061035156,120.79000091552734,119.36000061035156,119.98999786376952,118.57154083251952,2233300
2021-08-18,HLT,119.38999938964844,120.41999816894533,118.08000183105467,119.0,117.59325408935548,2360000
2021-08-18,HLT,119.38999938964844,120.41999816894533,118.08000183105467,119.0,117.59325408935548,2360000
2021-08-19,HLT,118.8000030517578,119.47000122070312,117.52999877929688,119.2300033569336,117.82052612304688,2692200
2021-08-19,HLT,118.8000030517578,119.47000122070312,117.52999877929688,119.2300033569336,117.82052612304688,2692200
2021-08-20,HLT,118.5,122.33999633789062,118.33999633789062,121.7699966430664,120.33048248291016,2554900
2021-08-20,HLT,118.5,122.33999633789062,118.33999633789062,121.7699966430664,120.33048248291016,2554900
2021-08-23,HLT,122.69000244140624,123.70999908447266,121.93000030517578,123.02999877929688,121.57560729980467,1799500
2021-08-23,HLT,122.69000244140624,123.70999908447266,121.93000030517578,123.02999877929688,121.57560729980467,1799500
2021-08-24,HLT,124.16000366210938,127.9499969482422,124.13999938964844,126.86000061035156,125.36033630371094,2182700
2021-08-24,HLT,124.16000366210938,127.9499969482422,124.13999938964844,126.86000061035156,125.36033630371094,2182700
2021-08-25,HLT,126.87000274658205,127.91999816894533,125.44000244140624,127.31999969482422,125.8148956298828,1392700
2021-08-25,HLT,126.87000274658205,127.91999816894533,125.44000244140624,127.31999969482422,125.8148956298828,1392700
2021-08-26,HLT,126.69000244140624,126.73999786376952,124.58999633789062,125.62000274658205,124.13499450683594,1038000
2021-08-26,HLT,126.69000244140624,126.73999786376952,124.58999633789062,125.62000274658205,124.13499450683594,1038000
2021-08-27,HLT,125.4800033569336,127.97000122070312,125.4800033569336,127.55999755859376,126.0520477294922,1149700
2021-08-27,HLT,125.4800033569336,127.97000122070312,125.4800033569336,127.55999755859376,126.0520477294922,1149700
2021-08-30,HLT,127.9000015258789,127.9000015258789,125.2300033569336,125.72000122070312,124.23379516601562,1136800
2021-08-30,HLT,127.9000015258789,127.9000015258789,125.2300033569336,125.72000122070312,124.23379516601562,1136800
2021-08-31,HLT,125.72000122070312,126.16999816894533,124.02999877929688,124.86000061035156,123.38397216796876,2698000
2021-08-31,HLT,125.72000122070312,126.16999816894533,124.02999877929688,124.86000061035156,123.38397216796876,2698000
2021-09-01,HLT,125.61000061035156,125.97000122070312,124.16999816894533,125.31999969482422,123.83853912353516,2127500
2021-09-01,HLT,125.61000061035156,125.97000122070312,124.16999816894533,125.31999969482422,123.83853912353516,2127500
2021-09-02,HLT,124.72000122070312,125.52999877929688,123.77999877929688,124.38999938964844,122.91954040527344,1991000
2021-09-02,HLT,124.72000122070312,125.52999877929688,123.77999877929688,124.38999938964844,122.91954040527344,1991000
2021-09-03,HLT,123.91000366210938,124.16000366210938,120.8499984741211,123.08000183105467,121.62501525878906,1697300
2021-09-03,HLT,123.91000366210938,124.16000366210938,120.8499984741211,123.08000183105467,121.62501525878906,1697300
2021-09-07,HLT,122.5,123.98999786376952,121.87999725341795,123.37000274658205,121.91158294677734,1132200
2021-09-07,HLT,122.5,123.98999786376952,121.87999725341795,123.37000274658205,121.91158294677734,1132200
2021-09-08,HLT,123.88999938964844,124.19000244140624,121.41999816894533,122.76000213623048,121.30879974365234,2288400
2021-09-08,HLT,123.88999938964844,124.19000244140624,121.41999816894533,122.76000213623048,121.30879974365234,2288400
2021-09-09,HLT,122.68000030517578,126.95999908447266,122.5199966430664,125.75,124.26343536376952,1933900
2021-09-09,HLT,122.68000030517578,126.95999908447266,122.5199966430664,125.75,124.26343536376952,1933900
2021-09-10,HLT,126.6999969482422,128.86000061035156,125.3499984741211,127.4000015258789,125.89395904541016,2287700
2021-09-10,HLT,126.6999969482422,128.86000061035156,125.3499984741211,127.4000015258789,125.89395904541016,2287700
2021-09-13,HLT,128.25999450683594,130.25,126.7300033569336,130.2100067138672,128.6707305908203,1459800
2021-09-13,HLT,128.25999450683594,130.25,126.7300033569336,130.2100067138672,128.6707305908203,1459800
2021-09-14,HLT,130.60000610351562,132.11000061035156,129.52000427246094,131.82000732421875,130.26173400878906,1767300
2021-09-14,HLT,130.60000610351562,132.11000061035156,129.52000427246094,131.82000732421875,130.26173400878906,1767300
2021-09-15,HLT,131.1199951171875,131.86000061035156,128.8300018310547,131.39999389648438,129.8466796875,1697200
2021-09-15,HLT,131.1199951171875,131.86000061035156,128.8300018310547,131.39999389648438,129.8466796875,1697200
2021-09-16,HLT,131.1199951171875,132.55999755859375,130.85000610351562,132.02000427246094,130.4593505859375,972700
2021-09-16,HLT,131.1199951171875,132.55999755859375,130.85000610351562,132.02000427246094,130.4593505859375,972700
2021-09-17,HLT,132.1199951171875,133.44000244140625,130.83999633789062,131.2100067138672,129.65890502929688,1748600
2021-09-17,HLT,132.1199951171875,133.44000244140625,130.83999633789062,131.2100067138672,129.65890502929688,1748600
2021-09-20,HLT,129.1999969482422,130.16000366210938,126.9800033569336,128.8300018310547,127.30703735351562,1976400
2021-09-20,HLT,129.1999969482422,130.16000366210938,126.9800033569336,128.8300018310547,127.30703735351562,1976400
2021-09-21,HLT,130.11000061035156,130.85000610351562,127.69000244140624,127.81999969482422,126.30897521972656,1520700
2021-09-21,HLT,130.11000061035156,130.85000610351562,127.69000244140624,127.81999969482422,126.30897521972656,1520700
2021-09-22,HLT,128.38999938964844,130.07000732421875,128.24000549316406,129.19000244140625,127.66280364990234,1851700
2021-09-22,HLT,128.38999938964844,130.07000732421875,128.24000549316406,129.19000244140625,127.66280364990234,1851700
2021-09-23,HLT,129.89999389648438,135.10000610351562,129.66000366210938,134.49000549316406,132.900146484375,2505800
2021-09-23,HLT,129.89999389648438,135.10000610351562,129.66000366210938,134.49000549316406,132.900146484375,2505800
2021-09-24,HLT,134.36000061035156,136.30999755859375,133.99000549316406,135.47999572753906,133.87843322753906,2311800
2021-09-24,HLT,134.36000061035156,136.30999755859375,133.99000549316406,135.47999572753906,133.87843322753906,2311800
2021-09-27,HLT,137.3300018310547,139.3699951171875,136.4499969482422,138.8000030517578,137.15919494628906,2323600
2021-09-27,HLT,137.3300018310547,139.3699951171875,136.4499969482422,138.8000030517578,137.15919494628906,2323600
2021-09-28,HLT,138.22999572753906,140.2100067138672,136.07000732421875,136.5500030517578,134.93577575683594,2342900
2021-09-28,HLT,138.22999572753906,140.2100067138672,136.07000732421875,136.5500030517578,134.93577575683594,2342900
2021-09-29,HLT,137.30999755859375,137.36000061035156,133.55999755859375,135.16000366210938,133.5622100830078,2152600
2021-09-29,HLT,137.30999755859375,137.36000061035156,133.55999755859375,135.16000366210938,133.5622100830078,2152600
2021-09-30,HLT,135.02999877929688,135.02999877929688,131.75,132.11000061035156,130.54827880859375,2415900
2021-09-30,HLT,135.02999877929688,135.02999877929688,131.75,132.11000061035156,130.54827880859375,2415900
2021-10-01,HLT,134.77000427246094,138.5800018310547,134.1300048828125,138.14999389648438,136.51686096191406,4563100
2021-10-01,HLT,134.77000427246094,138.5800018310547,134.1300048828125,138.14999389648438,136.51686096191406,4563100
2021-10-04,HLT,138.4600067138672,141.44000244140625,136.9199981689453,138.50999450683594,136.8726043701172,3687400
2021-10-04,HLT,138.4600067138672,141.44000244140625,136.9199981689453,138.50999450683594,136.8726043701172,3687400
2021-10-05,HLT,138.75,140.8300018310547,137.7899932861328,139.75,138.09799194335938,2028500
2021-10-05,HLT,138.75,140.8300018310547,137.7899932861328,139.75,138.09799194335938,2028500
2021-10-06,HLT,137.9499969482422,139.6300048828125,135.6999969482422,139.36000061035156,137.71255493164062,1751600
2021-10-06,HLT,137.9499969482422,139.6300048828125,135.6999969482422,139.36000061035156,137.71255493164062,1751600
2021-10-07,HLT,140.86000061035156,143.30999755859375,140.1300048828125,141.1699981689453,139.50115966796875,1503400
2021-10-07,HLT,140.86000061035156,143.30999755859375,140.1300048828125,141.1699981689453,139.50115966796875,1503400
2021-10-08,HLT,141.3699951171875,142.5,140.88999938964844,141.50999450683594,139.83712768554688,1653900
2021-10-08,HLT,141.3699951171875,142.5,140.88999938964844,141.50999450683594,139.83712768554688,1653900
2021-10-11,HLT,141.42999267578125,143.80999755859375,141.19000244140625,142.85000610351562,141.1613311767578,1494900
2021-10-11,HLT,141.42999267578125,143.80999755859375,141.19000244140625,142.85000610351562,141.1613311767578,1494900
2021-10-12,HLT,143.22000122070312,145.11000061035156,142.9499969482422,144.6999969482422,142.98944091796875,2336500
2021-10-12,HLT,143.22000122070312,145.11000061035156,142.9499969482422,144.6999969482422,142.98944091796875,2336500
2021-10-13,HLT,145.0,145.25,140.7100067138672,140.8300018310547,139.16522216796875,2195100
2021-10-13,HLT,145.0,145.25,140.7100067138672,140.8300018310547,139.16522216796875,2195100
2021-10-14,HLT,142.2899932861328,142.55999755859375,141.24000549316406,141.5800018310547,139.9063262939453,1218200
2021-10-14,HLT,142.2899932861328,142.55999755859375,141.24000549316406,141.5800018310547,139.9063262939453,1218200
2021-10-15,HLT,143.2100067138672,145.4499969482422,143.1199951171875,144.52000427246094,142.81155395507812,1674700
2021-10-15,HLT,143.2100067138672,145.4499969482422,143.1199951171875,144.52000427246094,142.81155395507812,1674700
2021-10-18,HLT,143.3699951171875,144.75,142.72000122070312,144.05999755859375,142.3570098876953,1074500
2021-10-18,HLT,143.3699951171875,144.75,142.72000122070312,144.05999755859375,142.3570098876953,1074500
2021-10-19,HLT,144.97999572753906,144.97999572753906,140.7899932861328,140.9499969482422,139.28372192382812,3772100
2021-10-19,HLT,144.97999572753906,144.97999572753906,140.7899932861328,140.9499969482422,139.28372192382812,3772100
2021-10-20,HLT,140.52999877929688,141.91000366210938,139.49000549316406,140.24000549316406,138.58216857910156,1501200
2021-10-20,HLT,140.52999877929688,141.91000366210938,139.49000549316406,140.24000549316406,138.58216857910156,1501200
2021-10-21,HLT,140.08999633789062,141.6300048828125,139.75999450683594,141.5,139.82725524902344,1306800
2021-10-21,HLT,140.08999633789062,141.6300048828125,139.75999450683594,141.5,139.82725524902344,1306800
2021-10-22,HLT,140.57000732421875,142.75999450683594,140.47000122070312,141.66000366210938,139.98538208007812,1091000
2021-10-22,HLT,140.57000732421875,142.75999450683594,140.47000122070312,141.66000366210938,139.98538208007812,1091000
2021-10-25,HLT,141.77000427246094,143.02999877929688,139.85000610351562,142.1699981689453,140.48936462402344,1412300
2021-10-25,HLT,141.77000427246094,143.02999877929688,139.85000610351562,142.1699981689453,140.48936462402344,1412300
2021-10-26,HLT,143.4600067138672,145.25,143.02000427246094,144.4499969482422,142.74241638183594,2642300
2021-10-26,HLT,143.4600067138672,145.25,143.02000427246094,144.4499969482422,142.74241638183594,2642300
2021-10-27,HLT,141.0800018310547,149.0399932861328,140.41000366210938,147.22000122070312,145.4796600341797,3504700
2021-10-27,HLT,141.0800018310547,149.0399932861328,140.41000366210938,147.22000122070312,145.4796600341797,3504700
2021-10-28,HLT,148.35000610351562,148.72999572753906,145.58999633789062,146.0399932861328,144.31358337402344,1620600
2021-10-28,HLT,148.35000610351562,148.72999572753906,145.58999633789062,146.0399932861328,144.31358337402344,1620600
2021-10-29,HLT,145.5800018310547,146.5,142.83999633789062,143.9499969482422,142.24830627441406,2566000
2021-10-29,HLT,145.5800018310547,146.5,142.83999633789062,143.9499969482422,142.24830627441406,2566000
2021-11-01,HLT,144.3000030517578,145.50999450683594,143.1999969482422,144.77999877929688,143.06846618652344,4249400
2021-11-01,HLT,144.3000030517578,145.50999450683594,143.1999969482422,144.77999877929688,143.06846618652344,4249400
2021-11-02,HLT,144.50999450683594,144.9600067138672,140.6199951171875,141.33999633789062,139.6691436767578,2592200
2021-11-02,HLT,144.50999450683594,144.9600067138672,140.6199951171875,141.33999633789062,139.6691436767578,2592200
2021-11-03,HLT,140.49000549316406,146.80999755859375,139.8699951171875,145.24000549316406,143.52304077148438,2336200
2021-11-03,HLT,140.49000549316406,146.80999755859375,139.8699951171875,145.24000549316406,143.52304077148438,2336200
2021-11-04,HLT,145.99000549316406,148.08999633789062,145.83999633789062,147.44000244140625,145.69705200195312,1284900
2021-11-04,HLT,145.99000549316406,148.08999633789062,145.83999633789062,147.44000244140625,145.69705200195312,1284900
2021-11-05,HLT,152.19000244140625,153.83999633789062,148.69000244140625,151.83999633789062,150.04498291015625,3035100
2021-11-05,HLT,152.19000244140625,153.83999633789062,148.69000244140625,151.83999633789062,150.04498291015625,3035100
2021-11-08,HLT,152.25999450683594,154.39999389648438,150.47999572753906,151.1699981689453,149.3829345703125,1893700
2021-11-08,HLT,152.25999450683594,154.39999389648438,150.47999572753906,151.1699981689453,149.3829345703125,1893700
2021-11-09,HLT,150.8699951171875,151.97999572753906,146.6300048828125,148.4600067138672,146.7050018310547,1354600
2021-11-09,HLT,150.8699951171875,151.97999572753906,146.6300048828125,148.4600067138672,146.7050018310547,1354600
2021-11-10,HLT,147.42999267578125,149.19000244140625,145.22999572753906,146.52999877929688,144.79779052734375,1255900
2021-11-10,HLT,147.42999267578125,149.19000244140625,145.22999572753906,146.52999877929688,144.79779052734375,1255900
2021-11-11,HLT,145.80999755859375,147.14999389648438,143.39999389648438,143.5800018310547,141.88270568847656,1634100
2021-11-11,HLT,145.80999755859375,147.14999389648438,143.39999389648438,143.5800018310547,141.88270568847656,1634100
2021-11-12,HLT,143.6999969482422,145.4600067138672,142.8000030517578,143.47000122070312,141.77398681640625,1872500
2021-11-12,HLT,143.6999969482422,145.4600067138672,142.8000030517578,143.47000122070312,141.77398681640625,1872500
2021-11-15,HLT,144.25,144.41000366210938,142.4199981689453,142.91000366210938,141.22061157226562,955600
2021-11-15,HLT,144.25,144.41000366210938,142.4199981689453,142.91000366210938,141.22061157226562,955600
2021-11-16,HLT,142.8699951171875,144.2899932861328,140.32000732421875,141.74000549316406,140.06442260742188,2396700
2021-11-16,HLT,142.8699951171875,144.2899932861328,140.32000732421875,141.74000549316406,140.06442260742188,2396700
2021-11-17,HLT,140.80999755859375,144.72999572753906,139.85000610351562,144.52999877929688,142.8214569091797,2306000
2021-11-17,HLT,140.80999755859375,144.72999572753906,139.85000610351562,144.52999877929688,142.8214569091797,2306000
2021-11-18,HLT,145.08999633789062,145.88999938964844,142.50999450683594,143.58999633789062,141.8925323486328,1313400
2021-11-18,HLT,145.08999633789062,145.88999938964844,142.50999450683594,143.58999633789062,141.8925323486328,1313400
2021-11-19,HLT,140.72999572753906,145.13999938964844,137.08999633789062,144.3699951171875,142.66331481933594,3014500
2021-11-19,HLT,140.72999572753906,145.13999938964844,137.08999633789062,144.3699951171875,142.66331481933594,3014500
2021-11-22,HLT,145.5500030517578,145.67999267578125,141.86000061035156,143.8699951171875,142.1692352294922,2180600
2021-11-22,HLT,145.5500030517578,145.67999267578125,141.86000061035156,143.8699951171875,142.1692352294922,2180600
2021-11-23,HLT,145.5500030517578,146.8300018310547,144.58999633789062,145.72999572753906,144.0072784423828,1405600
2021-11-23,HLT,145.5500030517578,146.8300018310547,144.58999633789062,145.72999572753906,144.0072784423828,1405600
2021-11-24,HLT,143.97999572753906,146.3699951171875,142.9499969482422,145.2899932861328,143.5724639892578,1066900
2021-11-24,HLT,143.97999572753906,146.3699951171875,142.9499969482422,145.2899932861328,143.5724639892578,1066900
2021-11-26,HLT,135.8000030517578,136.60000610351562,132.1199951171875,136.2100067138672,134.59982299804688,3513600
2021-11-26,HLT,135.8000030517578,136.60000610351562,132.1199951171875,136.2100067138672,134.59982299804688,3513600
2021-11-29,HLT,138.47000122070312,140.39999389648438,137.89999389648438,138.07000732421875,136.43785095214844,2558000
2021-11-29,HLT,138.47000122070312,140.39999389648438,137.89999389648438,138.07000732421875,136.43785095214844,2558000
2021-11-30,HLT,135.99000549316406,137.42999267578125,133.7899932861328,135.07000732421875,133.47328186035156,2992400
2021-11-30,HLT,135.99000549316406,137.42999267578125,133.7899932861328,135.07000732421875,133.47328186035156,2992400
2021-12-01,HLT,137.55999755859375,138.60000610351562,129.8800048828125,129.9600067138672,128.42367553710938,3570800
2021-12-01,HLT,137.55999755859375,138.60000610351562,129.8800048828125,129.9600067138672,128.42367553710938,3570800
2021-12-02,HLT,131.66000366210938,140.57000732421875,130.97000122070312,139.58999633789062,137.9398193359375,3150700
2021-12-02,HLT,131.66000366210938,140.57000732421875,130.97000122070312,139.58999633789062,137.9398193359375,3150700
2021-12-03,HLT,139.5800018310547,140.39999389648438,135.5399932861328,138.74000549316406,137.09988403320312,2732500
2021-12-03,HLT,139.5800018310547,140.39999389648438,135.5399932861328,138.74000549316406,137.09988403320312,2732500
2021-12-06,HLT,141.52000427246094,146.0,141.24000549316406,144.30999755859375,142.60406494140625,1709900
2021-12-06,HLT,141.52000427246094,146.0,141.24000549316406,144.30999755859375,142.60406494140625,1709900
2021-12-07,HLT,145.8800048828125,148.75,142.1300048828125,143.14999389648438,141.457763671875,1980100
2021-12-07,HLT,145.8800048828125,148.75,142.1300048828125,143.14999389648438,141.457763671875,1980100
2021-12-08,HLT,144.4199981689453,145.61000061035156,142.02000427246094,144.38999938964844,142.68310546875,1508300
2021-12-08,HLT,144.4199981689453,145.61000061035156,142.02000427246094,144.38999938964844,142.68310546875,1508300
2021-12-09,HLT,143.2100067138672,145.02999877929688,142.3300018310547,144.30999755859375,142.60406494140625,881900
2021-12-09,HLT,143.2100067138672,145.02999877929688,142.3300018310547,144.30999755859375,142.60406494140625,881900
2021-12-10,HLT,145.0,146.6199951171875,142.41000366210938,146.1300048828125,144.40252685546875,1443600
2021-12-10,HLT,145.0,146.6199951171875,142.41000366210938,146.1300048828125,144.40252685546875,1443600
2021-12-13,HLT,144.5500030517578,144.64999389648438,140.8800048828125,142.41000366210938,140.7264862060547,1567900
2021-12-13,HLT,144.5500030517578,144.64999389648438,140.8800048828125,142.41000366210938,140.7264862060547,1567900
2021-12-14,HLT,142.1199951171875,145.16000366210938,141.38999938964844,141.97999572753906,140.30160522460938,1581300
2021-12-14,HLT,142.1199951171875,145.16000366210938,141.38999938964844,141.97999572753906,140.30160522460938,1581300
2021-12-15,HLT,141.82000732421875,142.36000061035156,137.8800048828125,140.2899932861328,138.63153076171875,1795600
2021-12-15,HLT,141.82000732421875,142.36000061035156,137.8800048828125,140.2899932861328,138.63153076171875,1795600
2021-12-16,HLT,141.10000610351562,142.13999938964844,138.9600067138672,139.0,137.3568115234375,1852100
2021-12-16,HLT,141.10000610351562,142.13999938964844,138.9600067138672,139.0,137.3568115234375,1852100
2021-12-17,HLT,138.5,141.75999450683594,137.60000610351562,140.94000244140625,139.27389526367188,3068300
2021-12-17,HLT,138.5,141.75999450683594,137.60000610351562,140.94000244140625,139.27389526367188,3068300
2021-12-20,HLT,139.0,141.25999450683594,137.3699951171875,140.3699951171875,138.71063232421875,2067200
2021-12-20,HLT,139.0,141.25999450683594,137.3699951171875,140.3699951171875,138.71063232421875,2067200
2021-12-21,HLT,142.5500030517578,148.64999389648438,142.32000732421875,148.5500030517578,146.79396057128906,2214100
2021-12-21,HLT,142.5500030517578,148.64999389648438,142.32000732421875,148.5500030517578,146.79396057128906,2214100
2021-12-22,HLT,148.22000122070312,153.47000122070312,148.22000122070312,152.74000549316406,150.93438720703125,3098700
2021-12-22,HLT,148.22000122070312,153.47000122070312,148.22000122070312,152.74000549316406,150.93438720703125,3098700
2021-12-23,HLT,154.00999450683594,155.22000122070312,152.50999450683594,154.7100067138672,152.88111877441406,1384900
2021-12-23,HLT,154.00999450683594,155.22000122070312,152.50999450683594,154.7100067138672,152.88111877441406,1384900
2021-12-27,HLT,153.7100067138672,155.44000244140625,152.32000732421875,155.2899932861328,153.45423889160156,906000
2021-12-27,HLT,153.7100067138672,155.44000244140625,152.32000732421875,155.2899932861328,153.45423889160156,906000
2021-12-28,HLT,154.92999267578125,156.00999450683594,153.91000366210938,155.02000427246094,153.1874542236328,965700
2021-12-28,HLT,154.92999267578125,156.00999450683594,153.91000366210938,155.02000427246094,153.1874542236328,965700
2021-12-29,HLT,154.42999267578125,155.80999755859375,154.0500030517578,155.3699951171875,153.53330993652344,893400
2021-12-29,HLT,154.42999267578125,155.80999755859375,154.0500030517578,155.3699951171875,153.53330993652344,893400
2021-12-30,HLT,155.3800048828125,156.69000244140625,154.42999267578125,154.97999572753906,153.14788818359375,1474200
2021-12-30,HLT,155.3800048828125,156.69000244140625,154.42999267578125,154.97999572753906,153.14788818359375,1474200
2021-12-31,HLT,154.8300018310547,156.97000122070312,154.5800018310547,155.99000549316406,154.14598083496094,1187300
2021-12-31,HLT,154.8300018310547,156.97000122070312,154.5800018310547,155.99000549316406,154.14598083496094,1187300
2022-01-03,HLT,155.9499969482422,157.14999389648438,152.75,154.47999572753906,152.65383911132812,1712700
2022-01-03,HLT,155.9499969482422,157.14999389648438,152.75,154.47999572753906,152.65383911132812,1712700
2022-01-04,HLT,157.49000549316406,159.2100067138672,155.9499969482422,155.9600067138672,154.11631774902344,2043100
2022-01-04,HLT,157.49000549316406,159.2100067138672,155.9499969482422,155.9600067138672,154.11631774902344,2043100
2022-01-05,HLT,156.22000122070312,156.4600067138672,151.77999877929688,151.8000030517578,150.0054931640625,1339900
2022-01-05,HLT,156.22000122070312,156.4600067138672,151.77999877929688,151.8000030517578,150.0054931640625,1339900
2022-01-06,HLT,152.24000549316406,153.60000610351562,150.91000366210938,152.17999267578125,150.38099670410156,1782200
2022-01-06,HLT,152.24000549316406,153.60000610351562,150.91000366210938,152.17999267578125,150.38099670410156,1782200
2022-01-07,HLT,152.57000732421875,155.02999877929688,151.97000122070312,152.0,150.20310974121094,2040200
2022-01-07,HLT,152.57000732421875,155.02999877929688,151.97000122070312,152.0,150.20310974121094,2040200
2022-01-10,HLT,150.83999633789062,152.0399932861328,146.0399932861328,148.61000061035156,146.85325622558594,2652300
2022-01-10,HLT,150.83999633789062,152.0399932861328,146.0399932861328,148.61000061035156,146.85325622558594,2652300
2022-01-11,HLT,149.19000244140625,153.50999450683594,147.75,152.5,150.69725036621094,3488300
2022-01-11,HLT,149.19000244140625,153.50999450683594,147.75,152.5,150.69725036621094,3488300
2022-01-12,HLT,153.92999267578125,154.13999938964844,149.7100067138672,150.0,148.22679138183594,2010200
2022-01-12,HLT,153.92999267578125,154.13999938964844,149.7100067138672,150.0,148.22679138183594,2010200
2022-01-13,HLT,150.58999633789062,152.08999633789062,149.05999755859375,149.89999389648438,148.12796020507812,2234300
2022-01-13,HLT,150.58999633789062,152.08999633789062,149.05999755859375,149.89999389648438,148.12796020507812,2234300
2022-01-14,HLT,149.14999389648438,149.42999267578125,146.4499969482422,147.97999572753906,146.23065185546875,2718500
2022-01-14,HLT,149.14999389648438,149.42999267578125,146.4499969482422,147.97999572753906,146.23065185546875,2718500
2022-01-18,HLT,146.3000030517578,146.5399932861328,143.77999877929688,144.52000427246094,142.81155395507812,2852600
2022-01-18,HLT,146.3000030517578,146.5399932861328,143.77999877929688,144.52000427246094,142.81155395507812,2852600
2022-01-19,HLT,144.9600067138672,145.55999755859375,141.82000732421875,142.2100067138672,140.52886962890625,3131300
2022-01-19,HLT,144.9600067138672,145.55999755859375,141.82000732421875,142.2100067138672,140.52886962890625,3131300
2022-01-20,HLT,143.05999755859375,146.75,141.83999633789062,142.24000549316406,140.5585479736328,2576400
2022-01-20,HLT,143.05999755859375,146.75,141.83999633789062,142.24000549316406,140.5585479736328,2576400
2022-01-21,HLT,142.25,145.17999267578125,141.1300048828125,142.25999450683594,140.5782928466797,3607400
2022-01-21,HLT,142.25,145.17999267578125,141.1300048828125,142.25999450683594,140.5782928466797,3607400
2022-01-24,HLT,138.24000549316406,140.60000610351562,134.55999755859375,140.47999572753906,138.8192901611328,5057500
2022-01-24,HLT,138.24000549316406,140.60000610351562,134.55999755859375,140.47999572753906,138.8192901611328,5057500
2022-01-25,HLT,138.13999938964844,143.5,134.52999877929688,142.38999938964844,140.7067413330078,3976200
2022-01-25,HLT,138.13999938964844,143.5,134.52999877929688,142.38999938964844,140.7067413330078,3976200
2022-01-26,HLT,144.57000732421875,148.82000732421875,143.10000610351562,144.82000732421875,143.10801696777344,2824300
2022-01-26,HLT,144.57000732421875,148.82000732421875,143.10000610351562,144.82000732421875,143.10801696777344,2824300
2022-01-27,HLT,145.75999450683594,147.02000427246094,136.88999938964844,137.25,135.62753295898438,3533500
2022-01-27,HLT,145.75999450683594,147.02000427246094,136.88999938964844,137.25,135.62753295898438,3533500
2022-01-28,HLT,138.22000122070312,143.55999755859375,136.72000122070312,143.38999938964844,141.69491577148438,2367900
2022-01-28,HLT,138.22000122070312,143.55999755859375,136.72000122070312,143.38999938964844,141.69491577148438,2367900
2022-01-31,HLT,142.19000244140625,145.44000244140625,141.39999389648438,145.11000061035156,143.3945770263672,1615300
2022-01-31,HLT,142.19000244140625,145.44000244140625,141.39999389648438,145.11000061035156,143.3945770263672,1615300
2022-02-01,HLT,145.92999267578125,146.24000549316406,143.5800018310547,145.72000122070312,143.99737548828125,2772800
2022-02-01,HLT,145.92999267578125,146.24000549316406,143.5800018310547,145.72000122070312,143.99737548828125,2772800
2022-02-02,HLT,145.99000549316406,145.99000549316406,142.74000549316406,144.58999633789062,142.88076782226562,2740300
2022-02-02,HLT,145.99000549316406,145.99000549316406,142.74000549316406,144.58999633789062,142.88076782226562,2740300
2022-02-03,HLT,144.1699981689453,145.86000061035156,142.64999389648438,144.14999389648438,142.4459228515625,2838500
2022-02-03,HLT,144.1699981689453,145.86000061035156,142.64999389648438,144.14999389648438,142.4459228515625,2838500
2022-02-04,HLT,143.4199981689453,147.13999938964844,142.47000122070312,145.5,143.77996826171875,3169500
2022-02-04,HLT,143.4199981689453,147.13999938964844,142.47000122070312,145.5,143.77996826171875,3169500
2022-02-07,HLT,146.47999572753906,149.47000122070312,145.75999450683594,148.63999938964844,146.8828582763672,2526200
2022-02-07,HLT,146.47999572753906,149.47000122070312,145.75999450683594,148.63999938964844,146.8828582763672,2526200
2022-02-08,HLT,149.25,153.6999969482422,148.64999389648438,153.3800048828125,151.56683349609375,3102300
2022-02-08,HLT,149.25,153.6999969482422,148.64999389648438,153.3800048828125,151.56683349609375,3102300
2022-02-09,HLT,154.85000610351562,157.49000549316406,152.88999938964844,153.13999938964844,151.32969665527344,2709300
2022-02-09,HLT,154.85000610351562,157.49000549316406,152.88999938964844,153.13999938964844,151.32969665527344,2709300
2022-02-10,HLT,151.9600067138672,156.49000549316406,150.83999633789062,154.1999969482422,152.3771514892578,2551100
2022-02-10,HLT,151.9600067138672,156.49000549316406,150.83999633789062,154.1999969482422,152.3771514892578,2551100
2022-02-11,HLT,154.69000244140625,155.8000030517578,149.25,149.52999877929688,147.76234436035156,2798400
2022-02-11,HLT,154.69000244140625,155.8000030517578,149.25,149.52999877929688,147.76234436035156,2798400
2022-02-14,HLT,149.75999450683594,154.5,149.75999450683594,151.42999267578125,149.63987731933594,4412100
2022-02-14,HLT,149.75999450683594,154.5,149.75999450683594,151.42999267578125,149.63987731933594,4412100
2022-02-15,HLT,153.99000549316406,159.08999633789062,153.99000549316406,158.0,156.13221740722656,4976700
2022-02-15,HLT,153.99000549316406,159.08999633789062,153.99000549316406,158.0,156.13221740722656,4976700
2022-02-16,HLT,157.89999389648438,160.9600067138672,155.0,156.33999633789062,154.49180603027344,4808600
2022-02-16,HLT,157.89999389648438,160.9600067138672,155.0,156.33999633789062,154.49180603027344,4808600
2022-02-17,HLT,154.1300048828125,155.67999267578125,150.02999877929688,153.0399932861328,151.23081970214844,3131100
2022-02-17,HLT,154.1300048828125,155.67999267578125,150.02999877929688,153.0399932861328,151.23081970214844,3131100
2022-02-18,HLT,153.16000366210938,154.49000549316406,149.92999267578125,150.41000366210938,148.6319580078125,2318000
2022-02-18,HLT,153.16000366210938,154.49000549316406,149.92999267578125,150.41000366210938,148.6319580078125,2318000
2022-02-22,HLT,150.0,150.60000610351562,145.88999938964844,147.16000366210938,145.4203338623047,2991400
2022-02-22,HLT,150.0,150.60000610351562,145.88999938964844,147.16000366210938,145.4203338623047,2991400
2022-02-23,HLT,148.3300018310547,148.47999572753906,143.07000732421875,143.3699951171875,141.67514038085938,3147600
2022-02-23,HLT,148.3300018310547,148.47999572753906,143.07000732421875,143.3699951171875,141.67514038085938,3147600
2022-02-24,HLT,138.97000122070312,146.66000366210938,138.02999877929688,146.08999633789062,144.36300659179688,3350000
2022-02-24,HLT,138.97000122070312,146.66000366210938,138.02999877929688,146.08999633789062,144.36300659179688,3350000
2022-02-25,HLT,147.0,150.67999267578125,145.00999450683594,150.6699981689453,148.88885498046875,1949000
2022-02-25,HLT,147.0,150.67999267578125,145.00999450683594,150.6699981689453,148.88885498046875,1949000
2022-02-28,HLT,147.22000122070312,150.14999389648438,144.8800048828125,148.86000061035156,147.10028076171875,3213000
2022-02-28,HLT,147.22000122070312,150.14999389648438,144.8800048828125,148.86000061035156,147.10028076171875,3213000
2022-03-01,HLT,147.3699951171875,148.22000122070312,141.0500030517578,142.1699981689453,140.48936462402344,3158400
2022-03-01,HLT,147.3699951171875,148.22000122070312,141.0500030517578,142.1699981689453,140.48936462402344,3158400
2022-03-02,HLT,143.8000030517578,147.0,143.8000030517578,145.91000366210938,144.1851348876953,2066600
2022-03-02,HLT,143.8000030517578,147.0,143.8000030517578,145.91000366210938,144.1851348876953,2066600
2022-03-03,HLT,148.1300048828125,148.83999633789062,141.0,142.00999450683594,140.3312225341797,2685700
2022-03-03,HLT,148.1300048828125,148.83999633789062,141.0,142.00999450683594,140.3312225341797,2685700
2022-03-04,HLT,139.92999267578125,141.10000610351562,133.25999450683594,137.6699981689453,136.04254150390625,4509900
2022-03-04,HLT,139.92999267578125,141.10000610351562,133.25999450683594,137.6699981689453,136.04254150390625,4509900
2022-03-07,HLT,137.83999633789062,138.0,128.77000427246094,129.08999633789062,127.56395721435548,4207900
2022-03-07,HLT,137.83999633789062,138.0,128.77000427246094,129.08999633789062,127.56395721435548,4207900
2022-03-08,HLT,130.97000122070312,138.19000244140625,128.8699951171875,133.9199981689453,132.33689880371094,5031700
2022-03-08,HLT,130.97000122070312,138.19000244140625,128.8699951171875,133.9199981689453,132.33689880371094,5031700
2022-03-09,HLT,138.5,140.6699981689453,137.4600067138672,138.52000427246094,136.88247680664062,3171000
2022-03-09,HLT,138.5,140.6699981689453,137.4600067138672,138.52000427246094,136.88247680664062,3171000
2022-03-10,HLT,135.49000549316406,144.3300018310547,135.1999969482422,142.94000244140625,141.25021362304688,3309500
2022-03-10,HLT,135.49000549316406,144.3300018310547,135.1999969482422,142.94000244140625,141.25021362304688,3309500
2022-03-11,HLT,144.5800018310547,145.8000030517578,141.52999877929688,141.77000427246094,140.0940704345703,1684700
2022-03-11,HLT,144.5800018310547,145.8000030517578,141.52999877929688,141.77000427246094,140.0940704345703,1684700
2022-03-14,HLT,143.19000244140625,143.91000366210938,140.25,141.55999755859375,139.88658142089844,1586700
2022-03-14,HLT,143.19000244140625,143.91000366210938,140.25,141.55999755859375,139.88658142089844,1586700
2022-03-15,HLT,143.49000549316406,145.72000122070312,142.4199981689453,144.24000549316406,142.5348663330078,1581600
2022-03-15,HLT,143.49000549316406,145.72000122070312,142.4199981689453,144.24000549316406,142.5348663330078,1581600
2022-03-16,HLT,146.22000122070312,151.08999633789062,145.7100067138672,150.7899932861328,149.00743103027344,4292600
2022-03-16,HLT,146.22000122070312,151.08999633789062,145.7100067138672,150.7899932861328,149.00743103027344,4292600
2022-03-17,HLT,147.63999938964844,151.22999572753906,147.63999938964844,151.13999938964844,149.35330200195312,1668200
2022-03-17,HLT,147.63999938964844,151.22999572753906,147.63999938964844,151.13999938964844,149.35330200195312,1668200
2022-03-18,HLT,150.2100067138672,153.25,149.22000122070312,151.7899932861328,149.99563598632812,3060200
2022-03-18,HLT,150.2100067138672,153.25,149.22000122070312,151.7899932861328,149.99563598632812,3060200
2022-03-21,HLT,150.55999755859375,151.10000610351562,148.02000427246094,150.35000610351562,148.57264709472656,1855900
2022-03-21,HLT,150.55999755859375,151.10000610351562,148.02000427246094,150.35000610351562,148.57264709472656,1855900
2022-03-22,HLT,151.7100067138672,153.49000549316406,149.7100067138672,151.4199981689453,149.62998962402344,2190600
2022-03-22,HLT,151.7100067138672,153.49000549316406,149.7100067138672,151.4199981689453,149.62998962402344,2190600
2022-03-23,HLT,149.57000732421875,150.85000610351562,148.3699951171875,148.41000366210938,146.65557861328125,1267500
2022-03-23,HLT,149.57000732421875,150.85000610351562,148.3699951171875,148.41000366210938,146.65557861328125,1267500
2022-03-24,HLT,148.41000366210938,152.0500030517578,147.75999450683594,151.88999938964844,150.09445190429688,1179900
2022-03-24,HLT,148.41000366210938,152.0500030517578,147.75999450683594,151.88999938964844,150.09445190429688,1179900
2022-03-25,HLT,152.2100067138672,153.83999633789062,150.9600067138672,151.5,149.7090606689453,1074600
2022-03-25,HLT,152.2100067138672,153.83999633789062,150.9600067138672,151.5,149.7090606689453,1074600
2022-03-28,HLT,152.0,152.1199951171875,149.00999450683594,150.67999267578125,148.89874267578125,1250800
2022-03-28,HLT,152.0,152.1199951171875,149.00999450683594,150.67999267578125,148.89874267578125,1250800
2022-03-29,HLT,153.60000610351562,156.07000732421875,153.0800018310547,155.30999755859375,153.47401428222656,2518400
2022-03-29,HLT,153.60000610351562,156.07000732421875,153.0800018310547,155.30999755859375,153.47401428222656,2518400
2022-03-30,HLT,153.82000732421875,155.77000427246094,152.52000427246094,153.14999389648438,151.3395233154297,1709600
2022-03-30,HLT,153.82000732421875,155.77000427246094,152.52000427246094,153.14999389648438,151.3395233154297,1709600
2022-03-31,HLT,152.74000549316406,155.10000610351562,151.52999877929688,151.74000549316406,149.9462127685547,1814800
2022-03-31,HLT,152.74000549316406,155.10000610351562,151.52999877929688,151.74000549316406,149.9462127685547,1814800
2022-04-01,HLT,153.11000061035156,153.83999633789062,149.85000610351562,150.7100067138672,148.9284210205078,1465100
2022-04-01,HLT,153.11000061035156,153.83999633789062,149.85000610351562,150.7100067138672,148.9284210205078,1465100
2022-04-04,HLT,150.0,152.91000366210938,148.97999572753906,152.33999633789062,150.53912353515625,1775200
2022-04-04,HLT,150.0,152.91000366210938,148.97999572753906,152.33999633789062,150.53912353515625,1775200
2022-04-05,HLT,152.66000366210938,153.64999389648438,150.2100067138672,151.5500030517578,149.7584686279297,1595700
2022-04-05,HLT,152.66000366210938,153.64999389648438,150.2100067138672,151.5500030517578,149.7584686279297,1595700
2022-04-06,HLT,150.00999450683594,150.00999450683594,144.80999755859375,145.61000061035156,143.88864135742188,2031600
2022-04-06,HLT,150.00999450683594,150.00999450683594,144.80999755859375,145.61000061035156,143.88864135742188,2031600
2022-04-07,HLT,145.3000030517578,146.44000244140625,142.14999389648438,145.5500030517578,143.82936096191406,3278700
2022-04-07,HLT,145.3000030517578,146.44000244140625,142.14999389648438,145.5500030517578,143.82936096191406,3278700
2022-04-08,HLT,144.7100067138672,147.0500030517578,143.83999633789062,145.47999572753906,143.7602081298828,1646700
2022-04-08,HLT,144.7100067138672,147.0500030517578,143.83999633789062,145.47999572753906,143.7602081298828,1646700
2022-04-11,HLT,144.3000030517578,147.19000244140625,143.6300048828125,143.6999969482422,142.00125122070312,1165000
2022-04-11,HLT,144.3000030517578,147.19000244140625,143.6300048828125,143.6999969482422,142.00125122070312,1165000
2022-04-12,HLT,145.0,146.9499969482422,143.85000610351562,144.8800048828125,143.16729736328125,1698100
2022-04-12,HLT,145.0,146.9499969482422,143.85000610351562,144.8800048828125,143.16729736328125,1698100
2022-04-13,HLT,146.41000366210938,154.27999877929688,145.6699981689453,153.92999267578125,152.11032104492188,2502500
2022-04-13,HLT,146.41000366210938,154.27999877929688,145.6699981689453,153.92999267578125,152.11032104492188,2502500
2022-04-14,HLT,154.4600067138672,157.3300018310547,153.89999389648438,155.5800018310547,153.7408447265625,2351200
2022-04-14,HLT,154.4600067138672,157.3300018310547,153.89999389648438,155.5800018310547,153.7408447265625,2351200
2022-04-18,HLT,155.74000549316406,160.02000427246094,155.05999755859375,156.57000732421875,154.71910095214844,1463700
2022-04-18,HLT,155.74000549316406,160.02000427246094,155.05999755859375,156.57000732421875,154.71910095214844,1463700
2022-04-19,HLT,157.3800048828125,163.35000610351562,156.67999267578125,163.13999938964844,161.21144104003906,2204000
2022-04-19,HLT,157.3800048828125,163.35000610351562,156.67999267578125,163.13999938964844,161.21144104003906,2204000
2022-04-20,HLT,163.8000030517578,166.22000122070312,162.77000427246094,162.91000366210938,160.98414611816406,2113100
2022-04-20,HLT,163.8000030517578,166.22000122070312,162.77000427246094,162.91000366210938,160.98414611816406,2113100
2022-04-21,HLT,166.7100067138672,167.99000549316406,156.80999755859375,156.9600067138672,155.10455322265625,2268000
2022-04-21,HLT,166.7100067138672,167.99000549316406,156.80999755859375,156.9600067138672,155.10455322265625,2268000
2022-04-22,HLT,156.0,157.49000549316406,152.92999267578125,153.35000610351562,151.5371856689453,1694100
2022-04-22,HLT,156.0,157.49000549316406,152.92999267578125,153.35000610351562,151.5371856689453,1694100
2022-04-25,HLT,152.9600067138672,156.27999877929688,150.60000610351562,155.94000244140625,154.09657287597656,2331000
2022-04-25,HLT,152.9600067138672,156.27999877929688,150.60000610351562,155.94000244140625,154.09657287597656,2331000
2022-04-26,HLT,155.11000061035156,156.85000610351562,151.2899932861328,151.72000122070312,149.9264373779297,1847200
2022-04-26,HLT,155.11000061035156,156.85000610351562,151.2899932861328,151.72000122070312,149.9264373779297,1847200
2022-04-27,HLT,151.69000244140625,157.75,150.9199981689453,157.05999755859375,155.2033233642578,2516000
2022-04-27,HLT,151.69000244140625,157.75,150.9199981689453,157.05999755859375,155.2033233642578,2516000
2022-04-28,HLT,158.8300018310547,162.5500030517578,156.6999969482422,161.22000122070312,159.31414794921875,1777700
2022-04-28,HLT,158.8300018310547,162.5500030517578,156.6999969482422,161.22000122070312,159.31414794921875,1777700
2022-04-29,HLT,161.0399932861328,162.05999755859375,154.92999267578125,155.2899932861328,153.45423889160156,2194400
2022-04-29,HLT,161.0399932861328,162.05999755859375,154.92999267578125,155.2899932861328,153.45423889160156,2194400
2022-05-02,HLT,158.02999877929688,158.77999877929688,150.8300018310547,155.41000366210938,153.57284545898438,3287800
2022-05-02,HLT,158.02999877929688,158.77999877929688,150.8300018310547,155.41000366210938,153.57284545898438,3287800
2022-05-03,HLT,153.1199951171875,154.6999969482422,145.66000366210938,148.9600067138672,147.19908142089844,5154900
2022-05-03,HLT,153.1199951171875,154.6999969482422,145.66000366210938,148.9600067138672,147.19908142089844,5154900
2022-05-04,HLT,148.99000549316406,151.63999938964844,143.74000549316406,151.38999938964844,149.60035705566406,3773900
2022-05-04,HLT,148.99000549316406,151.63999938964844,143.74000549316406,151.38999938964844,149.60035705566406,3773900
2022-05-05,HLT,149.57000732421875,153.13999938964844,148.22999572753906,149.88999938964844,148.1180877685547,3921800
2022-05-05,HLT,149.57000732421875,153.13999938964844,148.22999572753906,149.88999938964844,148.1180877685547,3921800
2022-05-06,HLT,149.75,150.0,142.16000366210938,143.47999572753906,141.7838592529297,3611500
2022-05-06,HLT,149.75,150.0,142.16000366210938,143.47999572753906,141.7838592529297,3611500
2022-05-09,HLT,142.5500030517578,142.55999755859375,132.5,133.30999755859375,131.7340850830078,4418900
2022-05-09,HLT,142.5500030517578,142.55999755859375,132.5,133.30999755859375,131.7340850830078,4418900
2022-05-10,HLT,135.86000061035156,139.8000030517578,135.05999755859375,137.7899932861328,136.1611328125,3207800
2022-05-10,HLT,135.86000061035156,139.8000030517578,135.05999755859375,137.7899932861328,136.1611328125,3207800
2022-05-11,HLT,137.97000122070312,140.91000366210938,133.99000549316406,134.50999450683594,132.9198760986328,2720600
2022-05-11,HLT,137.97000122070312,140.91000366210938,133.99000549316406,134.50999450683594,132.9198760986328,2720600
2022-05-12,HLT,134.27999877929688,135.77000427246094,129.27000427246094,132.42999267578125,130.86447143554688,2247500
2022-05-12,HLT,134.27999877929688,135.77000427246094,129.27000427246094,132.42999267578125,130.86447143554688,2247500
2022-05-13,HLT,134.9199981689453,137.27999877929688,134.3300018310547,136.58999633789062,134.97532653808594,2087400
2022-05-13,HLT,134.9199981689453,137.27999877929688,134.3300018310547,136.58999633789062,134.97532653808594,2087400
2022-05-16,HLT,135.4600067138672,136.1999969482422,132.5399932861328,132.85000610351562,131.27952575683594,2266100
2022-05-16,HLT,135.4600067138672,136.1999969482422,132.5399932861328,132.85000610351562,131.27952575683594,2266100
2022-05-17,HLT,136.0500030517578,136.86000061035156,133.0,135.0800018310547,133.483154296875,2306500
2022-05-17,HLT,136.0500030517578,136.86000061035156,133.0,135.0800018310547,133.483154296875,2306500
2022-05-18,HLT,133.11000061035156,134.2899932861328,126.91999816894533,128.66000366210938,127.13906860351562,3520600
2022-05-18,HLT,133.11000061035156,134.2899932861328,126.91999816894533,128.66000366210938,127.13906860351562,3520600
2022-05-19,HLT,127.48999786376952,133.89999389648438,127.3499984741211,131.7100067138672,130.15301513671875,2469000
2022-05-19,HLT,127.48999786376952,133.89999389648438,127.3499984741211,131.7100067138672,130.15301513671875,2469000
2022-05-20,HLT,133.6199951171875,134.2899932861328,128.36000061035156,130.27999877929688,128.73989868164062,2677900
2022-05-20,HLT,133.6199951171875,134.2899932861328,128.36000061035156,130.27999877929688,128.73989868164062,2677900
2022-05-23,HLT,131.49000549316406,132.9499969482422,128.72999572753906,132.35000610351562,130.78543090820312,1813100
2022-05-23,HLT,131.49000549316406,132.9499969482422,128.72999572753906,132.35000610351562,130.78543090820312,1813100
2022-05-24,HLT,130.6699981689453,130.99000549316406,126.27999877929688,128.27999877929688,126.7635498046875,1814400
2022-05-24,HLT,130.6699981689453,130.99000549316406,126.27999877929688,128.27999877929688,126.7635498046875,1814400
2022-05-25,HLT,128.32000732421875,132.38999938964844,127.20999908447266,131.74000549316406,130.1826629638672,2557300
2022-05-25,HLT,128.32000732421875,132.38999938964844,127.20999908447266,131.74000549316406,130.1826629638672,2557300
2022-05-26,HLT,133.47000122070312,139.64999389648438,132.9499969482422,138.47000122070312,136.9890594482422,2623500
2022-05-26,HLT,133.47000122070312,139.64999389648438,132.9499969482422,138.47000122070312,136.9890594482422,2623500
2022-05-27,HLT,139.33999633789062,144.61000061035156,139.33999633789062,142.25,140.72862243652344,1860600
2022-05-27,HLT,139.33999633789062,144.61000061035156,139.33999633789062,142.25,140.72862243652344,1860600
2022-05-31,HLT,140.6300048828125,141.77000427246094,139.22999572753906,140.86000061035156,139.35350036621094,3310700
2022-05-31,HLT,140.6300048828125,141.77000427246094,139.22999572753906,140.86000061035156,139.35350036621094,3310700
2022-06-01,HLT,141.11000061035156,142.5399932861328,136.50999450683594,138.4199981689453,136.93960571289062,1455600
2022-06-01,HLT,141.11000061035156,142.5399932861328,136.50999450683594,138.4199981689453,136.93960571289062,1455600
2022-06-02,HLT,138.25,142.39999389648438,138.1699981689453,142.2899932861328,140.76820373535156,1302700
2022-06-02,HLT,138.25,142.39999389648438,138.1699981689453,142.2899932861328,140.76820373535156,1302700
2022-06-03,HLT,140.33999633789062,143.0800018310547,139.9600067138672,142.1699981689453,140.64950561523438,1067900
2022-06-03,HLT,140.33999633789062,143.0800018310547,139.9600067138672,142.1699981689453,140.64950561523438,1067900
2022-06-06,HLT,143.72999572753906,145.6999969482422,141.9499969482422,144.4199981689453,142.87542724609375,1579500
2022-06-06,HLT,143.72999572753906,145.6999969482422,141.9499969482422,144.4199981689453,142.87542724609375,1579500
2022-06-07,HLT,142.32000732421875,144.1300048828125,140.57000732421875,143.82000732421875,142.2818603515625,1162000
2022-06-07,HLT,142.32000732421875,144.1300048828125,140.57000732421875,143.82000732421875,142.2818603515625,1162000
2022-06-08,HLT,141.8300018310547,142.8800048828125,140.27999877929688,140.7100067138672,139.20513916015625,1479100
2022-06-08,HLT,141.8300018310547,142.8800048828125,140.27999877929688,140.7100067138672,139.20513916015625,1479100
2022-06-09,HLT,140.0500030517578,140.0500030517578,135.7899932861328,135.8000030517578,134.34759521484375,1714900
2022-06-09,HLT,140.0500030517578,140.0500030517578,135.7899932861328,135.8000030517578,134.34759521484375,1714900
2022-06-10,HLT,132.39999389648438,134.4499969482422,127.41000366210938,127.47000122070312,126.1067123413086,2931900
2022-06-10,HLT,132.39999389648438,134.4499969482422,127.41000366210938,127.47000122070312,126.1067123413086,2931900
2022-06-13,HLT,123.6500015258789,123.81999969482422,119.3499984741211,120.8499984741211,119.55751037597656,3183900
2022-06-13,HLT,123.6500015258789,123.81999969482422,119.3499984741211,120.8499984741211,119.55751037597656,3183900
2022-06-14,HLT,120.79000091552734,122.02999877929688,117.97000122070312,119.13999938964844,117.86580657958984,2469400
2022-06-14,HLT,120.79000091552734,122.02999877929688,117.97000122070312,119.13999938964844,117.86580657958984,2469400
2022-06-15,HLT,121.30999755859376,123.62000274658205,120.26000213623048,121.88999938964844,120.58638763427734,2472300
2022-06-15,HLT,121.30999755859376,123.62000274658205,120.26000213623048,121.88999938964844,120.58638763427734,2472300
2022-06-16,HLT,118.45999908447266,119.01000213623048,114.6500015258789,115.41999816894533,114.18557739257812,2640500
2022-06-16,HLT,118.45999908447266,119.01000213623048,114.6500015258789,115.41999816894533,114.18557739257812,2640500
2022-06-17,HLT,116.3000030517578,117.33999633789062,113.6500015258789,116.27999877929688,115.03638458251952,2680900
2022-06-17,HLT,116.3000030517578,117.33999633789062,113.6500015258789,116.27999877929688,115.03638458251952,2680900
2022-06-21,HLT,118.36000061035156,118.36000061035156,114.13999938964844,114.44000244140624,113.21607208251952,2046700
2022-06-21,HLT,118.36000061035156,118.36000061035156,114.13999938964844,114.44000244140624,113.21607208251952,2046700
2022-06-22,HLT,113.16000366210938,114.44000244140624,111.16999816894533,112.0199966430664,110.82192993164062,3303100
2022-06-22,HLT,113.16000366210938,114.44000244140624,111.16999816894533,112.0199966430664,110.82192993164062,3303100
2022-06-23,HLT,112.69000244140624,112.79000091552734,108.70999908447266,110.5199966430664,109.33799743652344,3705800
2022-06-23,HLT,112.69000244140624,112.79000091552734,108.70999908447266,110.5199966430664,109.33799743652344,3705800
2022-06-24,HLT,112.41000366210938,117.94000244140624,111.87999725341795,116.70999908447266,115.46177673339844,2588300
2022-06-24,HLT,112.41000366210938,117.94000244140624,111.87999725341795,116.70999908447266,115.46177673339844,2588300
2022-06-27,HLT,116.68000030517578,119.0,115.37000274658205,117.02999877929688,115.77835083007812,2210300
2022-06-27,HLT,116.68000030517578,119.0,115.37000274658205,117.02999877929688,115.77835083007812,2210300
2022-06-28,HLT,117.87000274658205,121.30999755859376,115.1999969482422,115.27999877929688,114.04708099365234,1870800
2022-06-28,HLT,117.87000274658205,121.30999755859376,115.1999969482422,115.27999877929688,114.04708099365234,1870800
2022-06-29,HLT,114.6999969482422,115.41999816894533,111.75,113.05999755859376,111.85082244873048,2794200
2022-06-29,HLT,114.6999969482422,115.41999816894533,111.75,113.05999755859376,111.85082244873048,2794200
2022-06-30,HLT,111.04000091552734,113.1999969482422,109.13999938964844,111.44000244140624,110.24816131591795,3915700
2022-06-30,HLT,111.04000091552734,113.1999969482422,109.13999938964844,111.44000244140624,110.24816131591795,3915700
2022-07-01,HLT,111.08999633789062,113.0500030517578,110.37000274658205,112.98999786376952,111.78156280517578,1827800
2022-07-01,HLT,111.08999633789062,113.0500030517578,110.37000274658205,112.98999786376952,111.78156280517578,1827800
2022-07-05,HLT,110.25,112.23999786376952,109.2699966430664,112.02999877929688,110.8318328857422,2421000
2022-07-05,HLT,110.25,112.23999786376952,109.2699966430664,112.02999877929688,110.8318328857422,2421000
2022-07-06,HLT,112.18000030517578,113.30999755859376,108.41000366210938,109.75,108.57623291015624,2153800
2022-07-06,HLT,112.18000030517578,113.30999755859376,108.41000366210938,109.75,108.57623291015624,2153800
2022-07-07,HLT,111.4000015258789,114.7699966430664,110.77999877929688,113.9000015258789,112.68184661865234,2718600
2022-07-07,HLT,111.4000015258789,114.7699966430664,110.77999877929688,113.9000015258789,112.68184661865234,2718600
2022-07-08,HLT,113.36000061035156,113.5500030517578,110.5999984741211,111.58999633789062,110.39654541015624,1918300
2022-07-08,HLT,113.36000061035156,113.5500030517578,110.5999984741211,111.58999633789062,110.39654541015624,1918300
2022-07-11,HLT,111.0999984741211,111.91000366210938,109.56999969482422,111.58999633789062,110.39654541015624,1725400
2022-07-11,HLT,111.0999984741211,111.91000366210938,109.56999969482422,111.58999633789062,110.39654541015624,1725400
2022-07-12,HLT,112.3000030517578,114.47000122070312,111.98999786376952,112.63999938964844,111.43531799316406,2678400
2022-07-12,HLT,112.3000030517578,114.47000122070312,111.98999786376952,112.63999938964844,111.43531799316406,2678400
2022-07-13,HLT,110.01000213623048,115.1999969482422,109.61000061035156,114.12000274658205,112.89949035644533,2965500
2022-07-13,HLT,110.01000213623048,115.1999969482422,109.61000061035156,114.12000274658205,112.89949035644533,2965500
2022-07-14,HLT,112.18000030517578,114.12000274658205,111.11000061035156,113.30999755859376,112.09814453125,2966000
2022-07-14,HLT,112.18000030517578,114.12000274658205,111.11000061035156,113.30999755859376,112.09814453125,2966000
2022-07-15,HLT,115.16999816894533,117.08999633789062,114.08000183105467,116.33999633789062,115.09574127197266,2191600
2022-07-15,HLT,115.16999816894533,117.08999633789062,114.08000183105467,116.33999633789062,115.09574127197266,2191600
2022-07-18,HLT,117.72000122070312,120.33000183105467,116.87000274658205,117.41999816894533,116.1641845703125,2267700
2022-07-18,HLT,117.72000122070312,120.33000183105467,116.87000274658205,117.41999816894533,116.1641845703125,2267700
2022-07-19,HLT,119.52999877929688,122.26000213623048,119.52999877929688,121.41000366210938,120.11151885986328,1830600
2022-07-19,HLT,119.52999877929688,122.26000213623048,119.52999877929688,121.41000366210938,120.11151885986328,1830600
2022-07-20,HLT,120.5199966430664,123.61000061035156,120.16999816894533,122.69000244140624,121.3778305053711,1528600
2022-07-20,HLT,120.5199966430664,123.61000061035156,120.16999816894533,122.69000244140624,121.3778305053711,1528600
2022-07-21,HLT,120.54000091552734,122.63999938964844,119.05999755859376,121.97000122070312,120.66552734375,1685000
2022-07-21,HLT,120.54000091552734,122.63999938964844,119.05999755859376,121.97000122070312,120.66552734375,1685000
2022-07-22,HLT,122.54000091552734,125.0999984741211,120.3000030517578,120.83000183105467,119.53772735595705,2109900
2022-07-22,HLT,122.54000091552734,125.0999984741211,120.3000030517578,120.83000183105467,119.53772735595705,2109900
2022-07-25,HLT,121.30999755859376,122.37999725341795,119.58000183105467,122.19000244140624,120.88316345214844,1553100
2022-07-25,HLT,121.30999755859376,122.37999725341795,119.58000183105467,122.19000244140624,120.88316345214844,1553100
2022-07-26,HLT,121.29000091552734,121.88999938964844,120.08000183105467,120.22000122070312,118.93424987792967,2204000
2022-07-26,HLT,121.29000091552734,121.88999938964844,120.08000183105467,120.22000122070312,118.93424987792967,2204000
2022-07-27,HLT,126.33999633789062,130.27000427246094,125.0999984741211,129.25,127.8676528930664,4455700
2022-07-27,HLT,126.33999633789062,130.27000427246094,125.0999984741211,129.25,127.8676528930664,4455700
2022-07-28,HLT,129.22000122070312,130.1699981689453,125.72000122070312,128.0,126.63104248046876,2608600
2022-07-28,HLT,129.22000122070312,130.1699981689453,125.72000122070312,128.0,126.63104248046876,2608600
2022-07-29,HLT,127.9000015258789,128.5399932861328,126.41000366210938,128.07000732421875,126.7003173828125,1782000
2022-07-29,HLT,127.9000015258789,128.5399932861328,126.41000366210938,128.07000732421875,126.7003173828125,1782000
2022-08-01,HLT,127.0999984741211,129.1999969482422,126.05999755859376,128.69000244140625,127.31366729736328,1802500
2022-08-01,HLT,127.0999984741211,129.1999969482422,126.05999755859376,128.69000244140625,127.31366729736328,1802500
2022-08-02,HLT,127.76000213623048,130.52999877929688,126.75,128.67999267578125,127.30376434326172,2099200
2022-08-02,HLT,127.76000213623048,130.52999877929688,126.75,128.67999267578125,127.30376434326172,2099200
2022-08-03,HLT,129.3300018310547,131.91000366210938,129.3300018310547,130.97000122070312,129.56924438476562,1628500
2022-08-03,HLT,129.3300018310547,131.91000366210938,129.3300018310547,130.97000122070312,129.56924438476562,1628500
2022-08-04,HLT,130.41000366210938,131.11000061035156,129.1999969482422,131.0500030517578,129.64840698242188,1358000
2022-08-04,HLT,130.41000366210938,131.11000061035156,129.1999969482422,131.0500030517578,129.64840698242188,1358000
2022-08-05,HLT,129.52000427246094,131.91000366210938,129.3699951171875,130.32000732421875,128.9262237548828,1149600
2022-08-05,HLT,129.52000427246094,131.91000366210938,129.3699951171875,130.32000732421875,128.9262237548828,1149600
2022-08-08,HLT,131.75,132.9600067138672,130.6199951171875,130.72000122070312,129.32196044921875,1170700
2022-08-08,HLT,131.75,132.9600067138672,130.6199951171875,130.72000122070312,129.32196044921875,1170700
2022-08-09,HLT,130.5800018310547,131.47000122070312,128.86000061035156,131.4499969482422,130.0441436767578,1219100
2022-08-09,HLT,130.5800018310547,131.47000122070312,128.86000061035156,131.4499969482422,130.0441436767578,1219100
2022-08-10,HLT,134.7899932861328,135.17999267578125,133.32000732421875,133.66000366210938,132.2305145263672,1069200
2022-08-10,HLT,134.7899932861328,135.17999267578125,133.32000732421875,133.66000366210938,132.2305145263672,1069200
2022-08-11,HLT,135.80999755859375,136.6699981689453,134.0800018310547,134.69000244140625,133.24949645996094,1051100
2022-08-11,HLT,135.80999755859375,136.6699981689453,134.0800018310547,134.69000244140625,133.24949645996094,1051100
2022-08-12,HLT,135.38999938964844,137.50999450683594,134.5500030517578,137.44000244140625,135.97007751464844,1195900
2022-08-12,HLT,135.38999938964844,137.50999450683594,134.5500030517578,137.44000244140625,135.97007751464844,1195900
2022-08-15,HLT,136.27999877929688,138.4600067138672,136.27999877929688,137.02000427246094,135.5545654296875,940700
2022-08-15,HLT,136.27999877929688,138.4600067138672,136.27999877929688,137.02000427246094,135.5545654296875,940700
2022-08-16,HLT,136.22000122070312,139.24000549316406,136.22000122070312,139.02000427246094,137.53318786621094,1159500
2022-08-16,HLT,136.22000122070312,139.24000549316406,136.22000122070312,139.02000427246094,137.53318786621094,1159500
2022-08-17,HLT,136.9199981689453,137.97000122070312,136.2899932861328,137.4600067138672,135.9898681640625,1292700
2022-08-17,HLT,136.9199981689453,137.97000122070312,136.2899932861328,137.4600067138672,135.9898681640625,1292700
2022-08-18,HLT,137.11000061035156,138.85000610351562,136.89999389648438,138.77000427246094,137.285888671875,943900
2022-08-18,HLT,137.11000061035156,138.85000610351562,136.89999389648438,138.77000427246094,137.285888671875,943900
2022-08-19,HLT,136.75999450683594,137.66000366210938,135.1699981689453,135.47999572753906,134.03103637695312,1718600
2022-08-19,HLT,136.75999450683594,137.66000366210938,135.1699981689453,135.47999572753906,134.03103637695312,1718600
2022-08-22,HLT,132.1999969482422,133.82000732421875,131.22999572753906,131.5800018310547,130.17276000976562,1472900
2022-08-22,HLT,132.1999969482422,133.82000732421875,131.22999572753906,131.5800018310547,130.17276000976562,1472900
2022-08-23,HLT,132.27000427246094,133.97999572753906,132.0800018310547,132.27999877929688,130.86526489257812,1242000
2022-08-23,HLT,132.27000427246094,133.97999572753906,132.0800018310547,132.27999877929688,130.86526489257812,1242000
2022-08-24,HLT,132.0399932861328,134.3000030517578,132.0399932861328,133.3000030517578,131.8743438720703,1030200
2022-08-24,HLT,132.0399932861328,134.3000030517578,132.0399932861328,133.3000030517578,131.8743438720703,1030200
2022-08-25,HLT,134.3300018310547,136.1999969482422,134.14999389648438,136.0800018310547,134.7763214111328,1046400
2022-08-25,HLT,134.3300018310547,136.1999969482422,134.14999389648438,136.0800018310547,134.7763214111328,1046400
2022-08-26,HLT,136.02000427246094,136.58999633789062,131.02000427246094,131.08999633789062,129.83407592773438,1232500
2022-08-26,HLT,136.02000427246094,136.58999633789062,131.02000427246094,131.08999633789062,129.83407592773438,1232500
2022-08-29,HLT,129.77999877929688,131.05999755859375,129.07000732421875,129.47000122070312,128.2296142578125,1458500
2022-08-29,HLT,129.77999877929688,131.05999755859375,129.07000732421875,129.47000122070312,128.2296142578125,1458500
2022-08-30,HLT,130.36000061035156,131.3300018310547,126.47000122070312,126.83000183105467,125.61490631103516,2416400
2022-08-30,HLT,130.36000061035156,131.3300018310547,126.47000122070312,126.83000183105467,125.61490631103516,2416400
2022-08-31,HLT,127.13999938964844,129.3699951171875,126.7699966430664,127.36000061035156,126.13983154296876,2305500
2022-08-31,HLT,127.13999938964844,129.3699951171875,126.7699966430664,127.36000061035156,126.13983154296876,2305500
2022-09-01,HLT,126.01000213623048,127.79000091552734,124.04000091552734,127.66999816894533,126.44684600830078,1670800
2022-09-01,HLT,126.01000213623048,127.79000091552734,124.04000091552734,127.66999816894533,126.44684600830078,1670800
2022-09-02,HLT,129.77999877929688,130.49000549316406,126.91000366210938,127.48999786376952,126.26858520507812,1398100
2022-09-02,HLT,129.77999877929688,130.49000549316406,126.91000366210938,127.48999786376952,126.26858520507812,1398100
2022-09-06,HLT,127.83999633789062,129.25,125.0,126.87000274658205,125.65452575683594,1594600
2022-09-06,HLT,127.83999633789062,129.25,125.0,126.87000274658205,125.65452575683594,1594600
2022-09-07,HLT,127.0500030517578,131.5,127.0500030517578,131.17999267578125,129.92323303222656,1364500
2022-09-07,HLT,127.0500030517578,131.5,127.0500030517578,131.17999267578125,129.92323303222656,1364500
2022-09-08,HLT,129.7899932861328,133.02000427246094,129.0,132.97000122070312,131.69610595703125,2323000
2022-09-08,HLT,129.7899932861328,133.02000427246094,129.0,132.97000122070312,131.69610595703125,2323000
2022-09-09,HLT,134.13999938964844,136.72999572753906,133.7100067138672,135.91000366210938,134.60794067382812,1993200
2022-09-09,HLT,134.13999938964844,136.72999572753906,133.7100067138672,135.91000366210938,134.60794067382812,1993200
2022-09-12,HLT,137.3699951171875,137.97000122070312,136.0399932861328,136.64999389648438,135.34080505371094,1235300
2022-09-12,HLT,137.3699951171875,137.97000122070312,136.0399932861328,136.64999389648438,135.34080505371094,1235300
2022-09-13,HLT,132.55999755859375,133.9600067138672,129.82000732421875,130.4600067138672,129.21011352539062,2134000
2022-09-13,HLT,132.55999755859375,133.9600067138672,129.82000732421875,130.4600067138672,129.21011352539062,2134000
2022-09-14,HLT,131.08999633789062,134.9499969482422,129.3800048828125,134.8300018310547,133.53823852539062,1820300
2022-09-14,HLT,131.08999633789062,134.9499969482422,129.3800048828125,134.8300018310547,133.53823852539062,1820300
2022-09-15,HLT,135.5800018310547,137.97000122070312,134.69000244140625,135.24000549316406,133.9443359375,2251300
2022-09-15,HLT,135.5800018310547,137.97000122070312,134.69000244140625,135.24000549316406,133.9443359375,2251300
2022-09-16,HLT,134.02000427246094,134.02000427246094,129.16000366210938,130.8000030517578,129.54689025878906,3409600
2022-09-16,HLT,134.02000427246094,134.02000427246094,129.16000366210938,130.8000030517578,129.54689025878906,3409600
2022-09-19,HLT,128.8800048828125,132.9499969482422,128.8000030517578,132.3000030517578,131.03250122070312,1503800
2022-09-19,HLT,128.8800048828125,132.9499969482422,128.8000030517578,132.3000030517578,131.03250122070312,1503800
2022-09-20,HLT,131.58999633789062,133.2899932861328,130.25,131.67999267578125,130.41844177246094,1349600
2022-09-20,HLT,131.58999633789062,133.2899932861328,130.25,131.67999267578125,130.41844177246094,1349600
2022-09-21,HLT,131.5800018310547,131.60000610351562,124.62999725341795,124.62999725341795,123.43597412109376,2325900
2022-09-21,HLT,131.5800018310547,131.60000610351562,124.62999725341795,124.62999725341795,123.43597412109376,2325900
2022-09-22,HLT,124.62999725341795,124.62999725341795,118.43000030517578,119.41999816894533,118.2759017944336,3680000
2022-09-22,HLT,124.62999725341795,124.62999725341795,118.43000030517578,119.41999816894533,118.2759017944336,3680000
2022-09-23,HLT,118.02999877929688,118.77999877929688,116.38999938964844,118.33000183105467,117.1963348388672,4408100
2022-09-23,HLT,118.02999877929688,118.77999877929688,116.38999938964844,118.33000183105467,117.1963348388672,4408100
2022-09-26,HLT,118.83000183105467,119.9000015258789,116.9000015258789,117.4800033569336,116.35448455810548,1984200
2022-09-26,HLT,118.83000183105467,119.9000015258789,116.9000015258789,117.4800033569336,116.35448455810548,1984200
2022-09-27,HLT,120.16000366210938,120.94000244140624,116.88999938964844,118.16999816894533,117.0378646850586,2605900
2022-09-27,HLT,120.16000366210938,120.94000244140624,116.88999938964844,118.16999816894533,117.0378646850586,2605900
2022-09-28,HLT,118.52999877929688,124.3499984741211,117.94000244140624,123.66999816894533,122.48516082763672,1948800
2022-09-28,HLT,118.52999877929688,124.3499984741211,117.94000244140624,123.66999816894533,122.48516082763672,1948800
2022-09-29,HLT,121.69000244140624,123.08999633789062,119.91000366210938,121.86000061035156,120.69252014160156,1783100
2022-09-29,HLT,121.69000244140624,123.08999633789062,119.91000366210938,121.86000061035156,120.69252014160156,1783100
2022-09-30,HLT,120.52999877929688,123.72000122070312,120.0199966430664,120.62000274658205,119.46440887451172,1834700
2022-09-30,HLT,120.52999877929688,123.72000122070312,120.0199966430664,120.62000274658205,119.46440887451172,1834700
2022-10-03,HLT,123.31999969482422,123.31999969482422,119.54000091552734,121.7699966430664,120.60336303710938,2054800
2022-10-03,HLT,123.31999969482422,123.31999969482422,119.54000091552734,121.7699966430664,120.60336303710938,2054800
2022-10-04,HLT,124.0199966430664,127.54000091552734,124.0199966430664,125.97000122070312,124.76314544677734,1573400
2022-10-04,HLT,124.0199966430664,127.54000091552734,124.0199966430664,125.97000122070312,124.76314544677734,1573400
2022-10-05,HLT,124.22000122070312,126.44000244140624,123.30999755859376,125.91999816894533,124.713623046875,1651700
2022-10-05,HLT,124.22000122070312,126.44000244140624,123.30999755859376,125.91999816894533,124.713623046875,1651700
2022-10-06,HLT,125.5500030517578,126.88999938964844,122.9499969482422,123.3499984741211,122.16824340820312,1448700
2022-10-06,HLT,125.5500030517578,126.88999938964844,122.9499969482422,123.3499984741211,122.16824340820312,1448700
2022-10-07,HLT,121.4499969482422,121.97000122070312,119.1999969482422,121.37000274658205,120.20722198486328,1587500
2022-10-07,HLT,121.4499969482422,121.97000122070312,119.1999969482422,121.37000274658205,120.20722198486328,1587500
2022-10-10,HLT,122.02999877929688,122.83999633789062,118.81999969482422,120.33000183105467,119.17719268798828,1350200
2022-10-10,HLT,122.02999877929688,122.83999633789062,118.81999969482422,120.33000183105467,119.17719268798828,1350200
2022-10-11,HLT,120.66000366210938,120.95999908447266,116.58999633789062,117.87999725341795,116.75065612792967,1783600
2022-10-11,HLT,120.66000366210938,120.95999908447266,116.58999633789062,117.87999725341795,116.75065612792967,1783600
2022-10-12,HLT,117.30999755859376,122.0199966430664,116.62999725341795,121.0,119.8407745361328,1638600
2022-10-12,HLT,117.30999755859376,122.0199966430664,116.62999725341795,121.0,119.8407745361328,1638600
2022-10-13,HLT,118.31999969482422,123.5999984741211,117.25,123.0999984741211,121.920654296875,1813100
2022-10-13,HLT,118.31999969482422,123.5999984741211,117.25,123.0999984741211,121.920654296875,1813100
2022-10-14,HLT,125.3000030517578,126.83000183105467,122.22000122070312,122.58000183105467,121.40562438964844,1410100
2022-10-14,HLT,125.3000030517578,126.83000183105467,122.22000122070312,122.58000183105467,121.40562438964844,1410100
2022-10-17,HLT,124.6999969482422,127.4800033569336,124.68000030517578,126.41000366210938,125.19891357421876,1648600
2022-10-17,HLT,124.6999969482422,127.4800033569336,124.68000030517578,126.41000366210938,125.19891357421876,1648600
2022-10-18,HLT,130.0,131.64999389648438,127.41999816894533,128.60000610351562,127.36793518066406,1649700
2022-10-18,HLT,130.0,131.64999389648438,127.41999816894533,128.60000610351562,127.36793518066406,1649700
2022-10-19,HLT,127.8000030517578,130.44000244140625,127.3000030517578,128.6999969482422,127.46697235107422,1409300
2022-10-19,HLT,127.8000030517578,130.44000244140625,127.3000030517578,128.6999969482422,127.46697235107422,1409300
2022-10-20,HLT,129.24000549316406,131.42999267578125,126.1999969482422,126.5500030517578,125.33758544921876,1867100
2022-10-20,HLT,129.24000549316406,131.42999267578125,126.1999969482422,126.5500030517578,125.33758544921876,1867100
2022-10-21,HLT,126.58999633789062,132.1199951171875,126.12999725341795,131.22999572753906,129.97274780273438,2223100
2022-10-21,HLT,126.58999633789062,132.1199951171875,126.12999725341795,131.22999572753906,129.97274780273438,2223100
2022-10-24,HLT,131.94000244140625,133.64999389648438,128.9600067138672,130.6300048828125,129.3784942626953,2639600
2022-10-24,HLT,131.94000244140625,133.64999389648438,128.9600067138672,130.6300048828125,129.3784942626953,2639600
2022-10-25,HLT,130.50999450683594,132.41000366210938,129.1300048828125,130.63999938964844,129.38839721679688,2648500
2022-10-25,HLT,130.50999450683594,132.41000366210938,129.1300048828125,130.63999938964844,129.38839721679688,2648500
2022-10-26,HLT,131.5800018310547,134.88999938964844,127.70999908447266,129.99000549316406,128.74464416503906,3590500
2022-10-26,HLT,131.5800018310547,134.88999938964844,127.70999908447266,129.99000549316406,128.74464416503906,3590500
2022-10-27,HLT,131.14999389648438,134.61000061035156,131.14999389648438,133.39999389648438,132.12196350097656,2598200
2022-10-27,HLT,131.14999389648438,134.61000061035156,131.14999389648438,133.39999389648438,132.12196350097656,2598200
2022-10-28,HLT,133.6199951171875,135.2899932861328,131.72000122070312,134.63999938964844,133.35006713867188,1671800
2022-10-28,HLT,133.6199951171875,135.2899932861328,131.72000122070312,134.63999938964844,133.35006713867188,1671800
2022-10-31,HLT,134.77000427246094,138.0,134.27000427246094,135.25999450683594,133.9641571044922,2701800
2022-10-31,HLT,134.77000427246094,138.0,134.27000427246094,135.25999450683594,133.9641571044922,2701800
2022-11-01,HLT,136.64999389648438,137.49000549316406,133.61000061035156,133.74000549316406,132.45872497558594,1785900
2022-11-01,HLT,136.64999389648438,137.49000549316406,133.61000061035156,133.74000549316406,132.45872497558594,1785900
2022-11-02,HLT,133.0,134.44000244140625,129.6300048828125,129.72999572753906,128.4871063232422,1926600
2022-11-02,HLT,133.0,134.44000244140625,129.6300048828125,129.72999572753906,128.4871063232422,1926600
2022-11-03,HLT,128.02999877929688,129.8699951171875,126.27999877929688,128.5,127.2688980102539,2162400
2022-11-03,HLT,128.02999877929688,129.8699951171875,126.27999877929688,128.5,127.2688980102539,2162400
2022-11-04,HLT,131.38999938964844,133.88999938964844,128.99000549316406,130.00999450683594,128.76443481445312,3185600
2022-11-04,HLT,131.38999938964844,133.88999938964844,128.99000549316406,130.00999450683594,128.76443481445312,3185600
2022-11-07,HLT,130.13999938964844,130.75999450683594,126.38999938964844,128.8699951171875,127.63533782958984,3028000
2022-11-07,HLT,130.13999938964844,130.75999450683594,126.38999938964844,128.8699951171875,127.63533782958984,3028000
2022-11-08,HLT,129.4199981689453,132.42999267578125,128.89999389648438,130.8300018310547,129.57659912109375,1641400
2022-11-08,HLT,129.4199981689453,132.42999267578125,128.89999389648438,130.8300018310547,129.57659912109375,1641400
2022-11-09,HLT,129.22999572753906,132.2100067138672,128.94000244140625,129.88999938964844,128.7932586669922,1894800
2022-11-09,HLT,129.22999572753906,132.2100067138672,128.94000244140625,129.88999938964844,128.7932586669922,1894800
2022-11-10,HLT,135.08999633789062,137.2899932861328,135.08999633789062,136.6199951171875,135.46641540527344,1803100
2022-11-10,HLT,135.08999633789062,137.2899932861328,135.08999633789062,136.6199951171875,135.46641540527344,1803100
2022-11-11,HLT,138.5,142.4199981689453,137.75999450683594,140.6300048828125,139.4425811767578,2808200
2022-11-11,HLT,138.5,142.4199981689453,137.75999450683594,140.6300048828125,139.4425811767578,2808200
2022-11-14,HLT,140.0399932861328,141.5,138.6699981689453,138.75999450683594,137.58831787109375,1973800
2022-11-14,HLT,140.0399932861328,141.5,138.6699981689453,138.75999450683594,137.58831787109375,1973800
2022-11-15,HLT,140.5,142.30999755859375,137.77999877929688,138.5399932861328,137.37020874023438,2612500
2022-11-15,HLT,140.5,142.30999755859375,137.77999877929688,138.5399932861328,137.37020874023438,2612500
2022-11-16,HLT,137.38999938964844,139.25999450683594,136.41000366210938,138.3800048828125,137.2115936279297,1498400
2022-11-16,HLT,137.38999938964844,139.25999450683594,136.41000366210938,138.3800048828125,137.2115936279297,1498400
2022-11-17,HLT,135.85000610351562,138.10000610351562,135.3800048828125,137.9600067138672,136.79515075683594,1393400
2022-11-17,HLT,135.85000610351562,138.10000610351562,135.3800048828125,137.9600067138672,136.79515075683594,1393400
2022-11-18,HLT,139.97999572753906,140.82000732421875,138.3699951171875,139.50999450683594,138.33200073242188,1095900
2022-11-18,HLT,139.97999572753906,140.82000732421875,138.3699951171875,139.50999450683594,138.33200073242188,1095900
2022-11-21,HLT,139.11000061035156,140.05999755859375,137.05999755859375,137.91000366210938,136.7455291748047,1123600
2022-11-21,HLT,139.11000061035156,140.05999755859375,137.05999755859375,137.91000366210938,136.7455291748047,1123600
2022-11-22,HLT,138.6300048828125,140.32000732421875,137.89999389648438,139.99000549316406,138.80799865722656,1233000
2022-11-22,HLT,138.6300048828125,140.32000732421875,137.89999389648438,139.99000549316406,138.80799865722656,1233000
2022-11-23,HLT,140.08999633789062,141.02000427246094,138.35000610351562,138.5399932861328,137.37020874023438,1184700
2022-11-23,HLT,140.08999633789062,141.02000427246094,138.35000610351562,138.5399932861328,137.37020874023438,1184700
2022-11-25,HLT,138.3000030517578,139.3000030517578,137.08999633789062,138.25,137.08265686035156,977600
2022-11-25,HLT,138.3000030517578,139.3000030517578,137.08999633789062,138.25,137.08265686035156,977600
2022-11-28,HLT,136.39999389648438,137.72999572753906,135.41000366210938,137.0,135.84323120117188,1760600
2022-11-28,HLT,136.39999389648438,137.72999572753906,135.41000366210938,137.0,135.84323120117188,1760600
2022-11-29,HLT,137.19000244140625,139.2899932861328,137.02000427246094,138.75,137.57847595214844,1630300
2022-11-29,HLT,137.19000244140625,139.2899932861328,137.02000427246094,138.75,137.57847595214844,1630300
2022-11-30,HLT,139.1999969482422,142.66000366210938,138.3800048828125,142.6199951171875,141.415771484375,2455000
2022-11-30,HLT,139.1999969482422,142.66000366210938,138.3800048828125,142.6199951171875,141.415771484375,2455000
2022-12-01,HLT,143.1199951171875,143.77000427246094,141.82000732421875,142.3000030517578,141.0984649658203,1136700
2022-12-01,HLT,143.1199951171875,143.77000427246094,141.82000732421875,142.3000030517578,141.0984649658203,1136700
2022-12-02,HLT,140.3000030517578,141.77000427246094,140.1999969482422,141.4199981689453,140.22592163085938,1010600
2022-12-02,HLT,140.3000030517578,141.77000427246094,140.1999969482422,141.4199981689453,140.22592163085938,1010600
2022-12-05,HLT,140.80999755859375,141.50999450683594,138.97000122070312,139.13999938964844,137.9651336669922,1266200
2022-12-05,HLT,140.80999755859375,141.50999450683594,138.97000122070312,139.13999938964844,137.9651336669922,1266200
2022-12-06,HLT,139.10000610351562,139.88999938964844,136.05999755859375,137.57000732421875,136.40841674804688,1216600
2022-12-06,HLT,139.10000610351562,139.88999938964844,136.05999755859375,137.57000732421875,136.40841674804688,1216600
2022-12-07,HLT,136.10000610351562,136.6999969482422,133.83999633789062,134.32000732421875,133.1858673095703,2192700
2022-12-07,HLT,136.10000610351562,136.6999969482422,133.83999633789062,134.32000732421875,133.1858673095703,2192700
2022-12-08,HLT,135.30999755859375,137.49000549316406,135.30999755859375,137.16000366210938,136.00189208984375,1468800
2022-12-08,HLT,135.30999755859375,137.49000549316406,135.30999755859375,137.16000366210938,136.00189208984375,1468800
2022-12-09,HLT,136.8300018310547,138.1300048828125,136.60000610351562,137.42999267578125,136.26959228515625,1419600
2022-12-09,HLT,136.8300018310547,138.1300048828125,136.60000610351562,137.42999267578125,136.26959228515625,1419600
2022-12-12,HLT,137.4600067138672,139.08999633789062,136.36000061035156,138.75,137.57847595214844,1398600
2022-12-12,HLT,137.4600067138672,139.08999633789062,136.36000061035156,138.75,137.57847595214844,1398600
2022-12-13,HLT,140.69000244140625,142.44000244140625,137.19000244140625,138.11000061035156,136.94384765625,2071000
2022-12-13,HLT,140.69000244140625,142.44000244140625,137.19000244140625,138.11000061035156,136.94384765625,2071000
2022-12-14,HLT,137.10000610351562,138.0399932861328,134.4199981689453,136.0500030517578,134.90126037597656,2032800
2022-12-14,HLT,137.10000610351562,138.0399932861328,134.4199981689453,136.0500030517578,134.90126037597656,2032800
2022-12-15,HLT,134.58999633789062,134.83999633789062,131.77000427246094,133.25,132.1248779296875,1681900
2022-12-15,HLT,134.58999633789062,134.83999633789062,131.77000427246094,133.25,132.1248779296875,1681900
2022-12-16,HLT,132.16000366210938,132.72000122070312,130.39999389648438,130.99000549316406,129.88397216796875,2956800
2022-12-16,HLT,132.16000366210938,132.72000122070312,130.39999389648438,130.99000549316406,129.88397216796875,2956800
2022-12-19,HLT,131.07000732421875,131.58999633789062,128.6699981689453,129.89999389648438,128.8031463623047,1770500
2022-12-19,HLT,131.07000732421875,131.58999633789062,128.6699981689453,129.89999389648438,128.8031463623047,1770500
2022-12-20,HLT,129.89999389648438,130.74000549316406,128.50999450683594,129.49000549316406,128.39663696289062,1613600
2022-12-20,HLT,129.89999389648438,130.74000549316406,128.50999450683594,129.49000549316406,128.39663696289062,1613600
2022-12-21,HLT,130.07000732421875,130.6300048828125,126.0999984741211,127.25,126.17554473876952,3103600
2022-12-21,HLT,130.07000732421875,130.6300048828125,126.0999984741211,127.25,126.17554473876952,3103600
2022-12-22,HLT,126.31999969482422,127.12999725341795,124.38999938964844,125.94000244140624,124.87661743164062,1718800
2022-12-22,HLT,126.31999969482422,127.12999725341795,124.38999938964844,125.94000244140624,124.87661743164062,1718800
2022-12-23,HLT,125.52999877929688,127.08999633789062,125.04000091552734,126.43000030517578,125.36248016357422,1005200
2022-12-23,HLT,125.52999877929688,127.08999633789062,125.04000091552734,126.43000030517578,125.36248016357422,1005200
2022-12-27,HLT,126.5,127.38999938964844,125.66999816894533,125.73999786376952,124.67829895019533,1042600
2022-12-27,HLT,126.5,127.38999938964844,125.66999816894533,125.73999786376952,124.67829895019533,1042600
2022-12-28,HLT,125.75,126.26000213623048,123.73999786376952,124.0199966430664,122.97282409667967,1155600
2022-12-28,HLT,125.75,126.26000213623048,123.73999786376952,124.0199966430664,122.97282409667967,1155600
2022-12-29,HLT,124.48999786376952,126.6999969482422,124.48999786376952,126.04000091552734,124.97576904296876,1251900
2022-12-29,HLT,124.48999786376952,126.6999969482422,124.48999786376952,126.04000091552734,124.97576904296876,1251900
2022-12-30,HLT,125.04000091552734,126.5,124.8499984741211,126.36000061035156,125.29305267333984,1079400
2022-12-30,HLT,125.04000091552734,126.5,124.8499984741211,126.36000061035156,125.29305267333984,1079400
2023-01-03,HLT,127.7699966430664,128.49000549316406,124.5,125.02999877929688,123.97428131103516,1611900
2023-01-03,HLT,127.7699966430664,128.49000549316406,124.5,125.02999877929688,123.97428131103516,1611900
2023-01-04,HLT,126.47000122070312,128.5,126.13999938964844,127.83999633789062,126.76055908203124,1884100
2023-01-04,HLT,126.47000122070312,128.5,126.13999938964844,127.83999633789062,126.76055908203124,1884100
2023-01-05,HLT,127.12999725341795,128.32000732421875,126.23999786376952,126.83999633789062,125.76900482177734,1265200
2023-01-05,HLT,127.12999725341795,128.32000732421875,126.23999786376952,126.83999633789062,125.76900482177734,1265200
2023-01-06,HLT,127.8499984741211,130.63999938964844,127.29000091552734,130.25,129.15023803710938,2337400
2023-01-06,HLT,127.8499984741211,130.63999938964844,127.29000091552734,130.25,129.15023803710938,2337400
2023-01-09,HLT,128.88999938964844,130.86000061035156,128.8699951171875,129.0800018310547,127.99009704589844,2005900
2023-01-09,HLT,128.88999938964844,130.86000061035156,128.8699951171875,129.0800018310547,127.99009704589844,2005900
2023-01-10,HLT,128.88999938964844,129.63999938964844,127.75,129.4600067138672,128.36691284179688,983600
2023-01-10,HLT,128.88999938964844,129.63999938964844,127.75,129.4600067138672,128.36691284179688,983600
2023-01-11,HLT,130.5800018310547,135.05999755859375,130.0399932861328,134.44000244140625,133.30482482910156,1892300
2023-01-11,HLT,130.5800018310547,135.05999755859375,130.0399932861328,134.44000244140625,133.30482482910156,1892300
2023-01-12,HLT,134.22000122070312,136.02999877929688,133.22999572753906,135.0,133.860107421875,2492100
2023-01-12,HLT,134.22000122070312,136.02999877929688,133.22999572753906,135.0,133.860107421875,2492100
2023-01-13,HLT,134.47000122070312,136.88999938964844,134.19000244140625,136.8800048828125,135.7242431640625,1601600
2023-01-13,HLT,134.47000122070312,136.88999938964844,134.19000244140625,136.8800048828125,135.7242431640625,1601600
2023-01-17,HLT,136.67999267578125,138.0800018310547,135.92999267578125,136.19000244140625,135.0400848388672,1533900
2023-01-17,HLT,136.67999267578125,138.0800018310547,135.92999267578125,136.19000244140625,135.0400848388672,1533900
2023-01-18,HLT,137.61000061035156,138.22000122070312,134.41000366210938,134.52999877929688,133.39407348632812,1291900
2023-01-18,HLT,137.61000061035156,138.22000122070312,134.41000366210938,134.52999877929688,133.39407348632812,1291900
2023-01-19,HLT,133.1699981689453,135.9199981689453,133.14999389648438,135.05999755859375,133.91958618164062,1279500
2023-01-19,HLT,133.1699981689453,135.9199981689453,133.14999389648438,135.05999755859375,133.91958618164062,1279500
2023-01-20,HLT,135.50999450683594,139.0,134.69000244140625,138.72000122070312,137.5487060546875,1588200
2023-01-20,HLT,135.50999450683594,139.0,134.69000244140625,138.72000122070312,137.5487060546875,1588200
2023-01-23,HLT,138.86000061035156,140.33999633789062,138.11000061035156,140.0,138.81788635253906,1597600
2023-01-23,HLT,138.86000061035156,140.33999633789062,138.11000061035156,140.0,138.81788635253906,1597600
2023-01-24,HLT,140.0,140.77000427246094,138.8000030517578,140.24000549316406,139.05587768554688,1188600
2023-01-24,HLT,140.0,140.77000427246094,138.8000030517578,140.24000549316406,139.05587768554688,1188600
2023-01-25,HLT,138.64999389648438,142.35000610351562,138.00999450683594,142.27000427246094,141.0687255859375,1218800
2023-01-25,HLT,138.64999389648438,142.35000610351562,138.00999450683594,142.27000427246094,141.0687255859375,1218800
2023-01-26,HLT,143.1199951171875,144.27000427246094,142.41000366210938,144.05999755859375,142.8436279296875,1076200
2023-01-26,HLT,143.1199951171875,144.27000427246094,142.41000366210938,144.05999755859375,142.8436279296875,1076200
2023-01-27,HLT,144.05999755859375,145.72000122070312,143.8800048828125,144.7100067138672,143.48812866210938,1111600
2023-01-27,HLT,144.05999755859375,145.72000122070312,143.8800048828125,144.7100067138672,143.48812866210938,1111600
2023-01-30,HLT,143.19000244140625,143.94000244140625,142.3699951171875,142.9199981689453,141.71324157714844,1616600
2023-01-30,HLT,143.19000244140625,143.94000244140625,142.3699951171875,142.9199981689453,141.71324157714844,1616600
2023-01-31,HLT,142.91000366210938,145.22000122070312,142.41000366210938,145.08999633789062,143.8649139404297,1585700
2023-01-31,HLT,142.91000366210938,145.22000122070312,142.41000366210938,145.08999633789062,143.8649139404297,1585700
2023-02-01,HLT,144.52999877929688,148.24000549316406,144.13999938964844,147.3800048828125,146.1355743408203,1766000
2023-02-01,HLT,144.52999877929688,148.24000549316406,144.13999938964844,147.3800048828125,146.1355743408203,1766000
2023-02-02,HLT,148.47999572753906,148.6999969482422,146.10000610351562,147.08999633789062,145.8480224609375,1484200
2023-02-02,HLT,148.47999572753906,148.6999969482422,146.10000610351562,147.08999633789062,145.8480224609375,1484200
2023-02-03,HLT,145.0,147.67999267578125,145.0,146.82000732421875,145.580322265625,1248400
2023-02-03,HLT,145.0,147.67999267578125,145.0,146.82000732421875,145.580322265625,1248400
2023-02-06,HLT,145.52999877929688,147.50999450683594,145.52999877929688,146.22999572753906,144.99526977539062,1899800
2023-02-06,HLT,145.52999877929688,147.50999450683594,145.52999877929688,146.22999572753906,144.99526977539062,1899800
2023-02-07,HLT,145.50999450683594,148.8699951171875,145.00999450683594,148.19000244140625,146.93873596191406,1530200
2023-02-07,HLT,145.50999450683594,148.8699951171875,145.00999450683594,148.19000244140625,146.93873596191406,1530200
2023-02-08,HLT,147.0399932861328,148.67999267578125,146.44000244140625,147.27999877929688,146.0364227294922,1852700
2023-02-08,HLT,147.0399932861328,148.67999267578125,146.44000244140625,147.27999877929688,146.0364227294922,1852700
2023-02-09,HLT,149.75,152.86000061035156,149.1999969482422,150.8000030517578,149.5267333984375,3027100
2023-02-09,HLT,149.75,152.86000061035156,149.1999969482422,150.8000030517578,149.5267333984375,3027100
2023-02-10,HLT,150.5,151.82000732421875,145.5800018310547,147.1699981689453,145.92735290527344,2641700
2023-02-10,HLT,150.5,151.82000732421875,145.5800018310547,147.1699981689453,145.92735290527344,2641700
2023-02-13,HLT,147.92999267578125,149.80999755859375,147.13999938964844,149.0,147.74188232421875,1930500
2023-02-13,HLT,147.92999267578125,149.80999755859375,147.13999938964844,149.0,147.74188232421875,1930500
2023-02-14,HLT,148.5500030517578,152.0800018310547,147.41000366210938,151.3699951171875,150.09188842773438,1950000
2023-02-14,HLT,148.5500030517578,152.0800018310547,147.41000366210938,151.3699951171875,150.09188842773438,1950000
2023-02-15,HLT,151.1999969482422,152.88999938964844,150.89999389648438,152.75999450683594,151.4701690673828,1475000
2023-02-15,HLT,151.1999969482422,152.88999938964844,150.89999389648438,152.75999450683594,151.4701690673828,1475000
2023-02-16,HLT,150.2899932861328,150.83999633789062,148.13999938964844,148.27999877929688,147.02796936035156,1497900
2023-02-16,HLT,150.2899932861328,150.83999633789062,148.13999938964844,148.27999877929688,147.02796936035156,1497900
2023-02-17,HLT,147.57000732421875,147.60000610351562,145.19000244140625,146.33999633789062,145.10435485839844,1337900
2023-02-17,HLT,147.57000732421875,147.60000610351562,145.19000244140625,146.33999633789062,145.10435485839844,1337900
2023-02-21,HLT,144.5800018310547,145.7100067138672,143.91000366210938,144.0800018310547,142.86346435546875,1202600
2023-02-21,HLT,144.5800018310547,145.7100067138672,143.91000366210938,144.0800018310547,142.86346435546875,1202600
2023-02-22,HLT,144.24000549316406,144.91000366210938,142.97999572753906,143.91000366210938,142.6948699951172,1126300
2023-02-22,HLT,144.24000549316406,144.91000366210938,142.97999572753906,143.91000366210938,142.6948699951172,1126300
2023-02-23,HLT,144.77000427246094,146.14999389648438,143.0500030517578,145.38999938964844,144.16236877441406,1524000
2023-02-23,HLT,144.77000427246094,146.14999389648438,143.0500030517578,145.38999938964844,144.16236877441406,1524000
2023-02-24,HLT,143.7100067138672,145.0399932861328,143.2100067138672,144.7899932861328,143.5674591064453,950700
2023-02-24,HLT,143.7100067138672,145.0399932861328,143.2100067138672,144.7899932861328,143.5674591064453,950700
2023-02-27,HLT,145.9499969482422,146.83999633789062,144.4499969482422,145.08999633789062,144.0141143798828,1009700
2023-02-27,HLT,145.9499969482422,146.83999633789062,144.4499969482422,145.08999633789062,144.0141143798828,1009700
2023-02-28,HLT,144.91000366210938,146.0399932861328,144.47000122070312,144.50999450683594,143.43841552734375,1547300
2023-02-28,HLT,144.91000366210938,146.0399932861328,144.47000122070312,144.50999450683594,143.43841552734375,1547300
2023-03-01,HLT,144.27000427246094,146.02000427246094,143.72000122070312,145.5,144.4210662841797,2188800
2023-03-01,HLT,144.27000427246094,146.02000427246094,143.72000122070312,145.5,144.4210662841797,2188800
2023-03-02,HLT,145.08999633789062,147.00999450683594,144.35000610351562,146.19000244140625,145.10597229003906,1289700
2023-03-02,HLT,145.08999633789062,147.00999450683594,144.35000610351562,146.19000244140625,145.10597229003906,1289700
2023-03-03,HLT,147.63999938964844,148.2899932861328,146.8300018310547,147.5800018310547,146.48565673828125,1304900
2023-03-03,HLT,147.63999938964844,148.2899932861328,146.8300018310547,147.5800018310547,146.48565673828125,1304900
2023-03-06,HLT,147.86000061035156,150.07000732421875,147.7899932861328,148.63999938964844,147.5377960205078,1041300
2023-03-06,HLT,147.86000061035156,150.07000732421875,147.7899932861328,148.63999938964844,147.5377960205078,1041300
2023-03-07,HLT,149.02000427246094,150.24000549316406,146.8000030517578,146.99000549316406,145.9000244140625,1176300
2023-03-07,HLT,149.02000427246094,150.24000549316406,146.8000030517578,146.99000549316406,145.9000244140625,1176300
2023-03-08,HLT,146.7899932861328,148.1300048828125,146.66000366210938,147.44000244140625,146.3466796875,1382900
2023-03-08,HLT,146.7899932861328,148.1300048828125,146.66000366210938,147.44000244140625,146.3466796875,1382900
2023-03-09,HLT,148.7100067138672,148.7899932861328,142.13999938964844,142.41000366210938,141.3539581298828,1964000
2023-03-09,HLT,148.7100067138672,148.7899932861328,142.13999938964844,142.41000366210938,141.3539581298828,1964000
2023-03-10,HLT,141.66000366210938,144.4199981689453,139.27999877929688,140.5500030517578,139.50778198242188,2692300
2023-03-10,HLT,141.66000366210938,144.4199981689453,139.27999877929688,140.5500030517578,139.50778198242188,2692300
2023-03-13,HLT,139.22000122070312,139.4199981689453,136.24000549316406,137.5399932861328,136.52008056640625,2832300
2023-03-13,HLT,139.22000122070312,139.4199981689453,136.24000549316406,137.5399932861328,136.52008056640625,2832300
2023-03-14,HLT,140.10000610351562,140.6300048828125,137.6999969482422,139.07000732421875,138.03875732421875,1607300
2023-03-14,HLT,140.10000610351562,140.6300048828125,137.6999969482422,139.07000732421875,138.03875732421875,1607300
2023-03-15,HLT,135.7100067138672,136.6199951171875,133.63999938964844,135.8300018310547,134.8227996826172,1952500
2023-03-15,HLT,135.7100067138672,136.6199951171875,133.63999938964844,135.8300018310547,134.8227996826172,1952500
2023-03-16,HLT,134.8699951171875,138.8800048828125,134.69000244140625,138.3300018310547,137.30421447753906,1936600
2023-03-16,HLT,134.8699951171875,138.8800048828125,134.69000244140625,138.3300018310547,137.30421447753906,1936600
2023-03-17,HLT,137.94000244140625,137.9600067138672,134.9199981689453,136.5399932861328,135.5275115966797,2830100
2023-03-17,HLT,137.94000244140625,137.9600067138672,134.9199981689453,136.5399932861328,135.5275115966797,2830100
2023-03-20,HLT,136.94000244140625,138.86000061035156,136.4199981689453,138.02999877929688,137.00643920898438,1246400
2023-03-20,HLT,136.94000244140625,138.86000061035156,136.4199981689453,138.02999877929688,137.00643920898438,1246400
2023-03-21,HLT,140.16000366210938,141.94000244140625,139.57000732421875,140.86000061035156,139.81549072265625,1562700
2023-03-21,HLT,140.16000366210938,141.94000244140625,139.57000732421875,140.86000061035156,139.81549072265625,1562700
2023-03-22,HLT,140.75999450683594,140.75999450683594,137.60000610351562,137.63999938964844,136.61935424804688,1878300
2023-03-22,HLT,140.75999450683594,140.75999450683594,137.60000610351562,137.63999938964844,136.61935424804688,1878300
2023-03-23,HLT,138.1999969482422,140.05999755859375,134.27999877929688,135.6699981689453,134.66397094726562,1622100
2023-03-23,HLT,138.1999969482422,140.05999755859375,134.27999877929688,135.6699981689453,134.66397094726562,1622100
2023-03-24,HLT,134.22000122070312,134.5500030517578,129.86000061035156,131.8300018310547,130.85244750976562,2925400
2023-03-24,HLT,134.22000122070312,134.5500030517578,129.86000061035156,131.8300018310547,130.85244750976562,2925400
2023-03-27,HLT,133.4499969482422,134.4499969482422,131.72999572753906,132.3000030517578,131.31895446777344,1939600
2023-03-27,HLT,133.4499969482422,134.4499969482422,131.72999572753906,132.3000030517578,131.31895446777344,1939600
2023-03-28,HLT,132.0,132.9499969482422,131.63999938964844,132.50999450683594,131.52740478515625,1665500
2023-03-28,HLT,132.0,132.9499969482422,131.63999938964844,132.50999450683594,131.52740478515625,1665500
2023-03-29,HLT,134.0399932861328,136.13999938964844,133.75999450683594,135.91000366210938,134.90220642089844,1553700
2023-03-29,HLT,134.0399932861328,136.13999938964844,133.75999450683594,135.91000366210938,134.90220642089844,1553700
2023-03-30,HLT,137.55999755859375,138.6999969482422,136.97000122070312,137.4600067138672,136.4407196044922,1353400
2023-03-30,HLT,137.55999755859375,138.6999969482422,136.97000122070312,137.4600067138672,136.4407196044922,1353400
2023-03-31,HLT,139.00999450683594,141.22000122070312,138.9199981689453,140.8699951171875,139.8253936767578,1815800
2023-03-31,HLT,139.00999450683594,141.22000122070312,138.9199981689453,140.8699951171875,139.8253936767578,1815800
2023-04-03,HLT,140.6199951171875,141.1199951171875,138.9600067138672,139.57000732421875,138.53504943847656,1283700
2023-04-03,HLT,140.6199951171875,141.1199951171875,138.9600067138672,139.57000732421875,138.53504943847656,1283700
2023-04-04,HLT,140.05999755859375,140.25999450683594,138.6300048828125,139.0,137.96926879882812,1169300
2023-04-04,HLT,140.05999755859375,140.25999450683594,138.6300048828125,139.0,137.96926879882812,1169300
2023-04-05,HLT,138.3000030517578,139.75,137.52000427246094,139.49000549316406,138.45565795898438,1718300
2023-04-05,HLT,138.3000030517578,139.75,137.52000427246094,139.49000549316406,138.45565795898438,1718300
2023-04-06,HLT,139.82000732421875,140.77000427246094,139.08999633789062,140.6300048828125,139.58718872070312,1294300
2023-04-06,HLT,139.82000732421875,140.77000427246094,139.08999633789062,140.6300048828125,139.58718872070312,1294300
2023-04-10,HLT,139.89999389648438,142.38999938964844,139.89999389648438,141.0,139.95443725585938,1516200
2023-04-10,HLT,139.89999389648438,142.38999938964844,139.89999389648438,141.0,139.95443725585938,1516200
2023-04-11,HLT,141.6199951171875,142.67999267578125,140.75,141.75,140.69888305664062,1367700
2023-04-11,HLT,141.6199951171875,142.67999267578125,140.75,141.75,140.69888305664062,1367700
2023-04-12,HLT,142.7100067138672,143.00999450683594,138.02999877929688,138.36000061035156,137.33401489257812,1638500
2023-04-12,HLT,142.7100067138672,143.00999450683594,138.02999877929688,138.36000061035156,137.33401489257812,1638500
2023-04-13,HLT,139.44000244140625,142.63999938964844,138.64999389648438,142.41000366210938,141.3539581298828,1930300
2023-04-13,HLT,139.44000244140625,142.63999938964844,138.64999389648438,142.41000366210938,141.3539581298828,1930300
2023-04-14,HLT,142.41000366210938,144.63999938964844,142.41000366210938,144.30999755859375,143.23992919921875,1349000
2023-04-14,HLT,142.41000366210938,144.63999938964844,142.41000366210938,144.30999755859375,143.23992919921875,1349000
2023-04-17,HLT,144.77999877929688,145.97999572753906,144.1699981689453,145.14999389648438,144.0736846923828,1278800
2023-04-17,HLT,144.77999877929688,145.97999572753906,144.1699981689453,145.14999389648438,144.0736846923828,1278800
2023-04-18,HLT,146.22999572753906,148.1199951171875,146.0,147.02000427246094,145.92979431152344,1708200
2023-04-18,HLT,146.22999572753906,148.1199951171875,146.0,147.02000427246094,145.92979431152344,1708200
2023-04-19,HLT,146.6199951171875,147.6699981689453,145.67999267578125,146.99000549316406,145.9000244140625,1479500
2023-04-19,HLT,146.6199951171875,147.6699981689453,145.67999267578125,146.99000549316406,145.9000244140625,1479500
2023-04-20,HLT,146.72000122070312,147.77999877929688,146.16000366210938,147.00999450683594,145.9198760986328,1171800
2023-04-20,HLT,146.72000122070312,147.77999877929688,146.16000366210938,147.00999450683594,145.9198760986328,1171800
2023-04-21,HLT,147.3000030517578,148.42999267578125,146.32000732421875,148.02000427246094,146.9224090576172,1233100
2023-04-21,HLT,147.3000030517578,148.42999267578125,146.32000732421875,148.02000427246094,146.9224090576172,1233100
2023-04-24,HLT,148.5800018310547,148.91000366210938,147.0,148.4499969482422,147.34918212890625,1387800
2023-04-24,HLT,148.5800018310547,148.91000366210938,147.0,148.4499969482422,147.34918212890625,1387800
2023-04-25,HLT,148.0,148.58999633789062,145.9499969482422,146.3300018310547,145.2449188232422,1671500
2023-04-25,HLT,148.0,148.58999633789062,145.9499969482422,146.3300018310547,145.2449188232422,1671500
2023-04-26,HLT,147.5,148.0,138.89999389648438,141.33999633789062,140.29190063476562,4415100
2023-04-26,HLT,147.5,148.0,138.89999389648438,141.33999633789062,140.29190063476562,4415100
2023-04-27,HLT,142.2100067138672,142.25999450683594,139.1699981689453,141.74000549316406,140.68894958496094,2937300
2023-04-27,HLT,142.2100067138672,142.25999450683594,139.1699981689453,141.74000549316406,140.68894958496094,2937300
2023-04-28,HLT,141.3699951171875,145.0399932861328,141.33999633789062,144.02000427246094,142.9520263671875,2050000
2023-04-28,HLT,141.3699951171875,145.0399932861328,141.33999633789062,144.02000427246094,142.9520263671875,2050000
2023-05-01,HLT,143.4600067138672,147.10000610351562,143.4600067138672,144.4499969482422,143.37887573242188,1793500
2023-05-01,HLT,143.4600067138672,147.10000610351562,143.4600067138672,144.4499969482422,143.37887573242188,1793500
2023-05-02,HLT,145.08999633789062,146.5500030517578,142.52000427246094,145.9600067138672,144.87767028808594,2140300
2023-05-02,HLT,145.08999633789062,146.5500030517578,142.52000427246094,145.9600067138672,144.87767028808594,2140300
2023-05-03,HLT,146.3800048828125,149.0,145.5399932861328,145.72999572753906,144.64938354492188,1692300
2023-05-03,HLT,146.3800048828125,149.0,145.5399932861328,145.72999572753906,144.64938354492188,1692300
2023-05-04,HLT,145.25,145.27999877929688,141.8000030517578,142.6199951171875,141.56243896484375,1555000
2023-05-04,HLT,145.25,145.27999877929688,141.8000030517578,142.6199951171875,141.56243896484375,1555000
2023-05-05,HLT,144.66000366210938,145.17999267578125,142.8300018310547,144.61000061035156,143.5376739501953,1130100
2023-05-05,HLT,144.66000366210938,145.17999267578125,142.8300018310547,144.61000061035156,143.5376739501953,1130100
2023-05-08,HLT,145.0,145.8300018310547,144.3699951171875,145.5500030517578,144.470703125,731700
2023-05-08,HLT,145.0,145.8300018310547,144.3699951171875,145.5500030517578,144.470703125,731700
2023-05-09,HLT,145.6300048828125,146.5,143.86000061035156,145.72000122070312,144.63943481445312,1074000
2023-05-09,HLT,145.6300048828125,146.5,143.86000061035156,145.72000122070312,144.63943481445312,1074000
2023-05-10,HLT,146.25999450683594,146.6199951171875,139.58999633789062,142.41000366210938,141.3539581298828,2136200
2023-05-10,HLT,146.25999450683594,146.6199951171875,139.58999633789062,142.41000366210938,141.3539581298828,2136200
2023-05-11,HLT,141.4499969482422,142.05999755859375,140.42999267578125,141.6999969482422,140.64923095703125,1368400
2023-05-11,HLT,141.4499969482422,142.05999755859375,140.42999267578125,141.6999969482422,140.64923095703125,1368400
2023-05-12,HLT,141.5500030517578,142.44000244140625,140.69000244140625,141.5800018310547,140.5301513671875,1245400
2023-05-12,HLT,141.5500030517578,142.44000244140625,140.69000244140625,141.5800018310547,140.5301513671875,1245400
2023-05-15,HLT,141.97999572753906,143.30999755859375,141.14999389648438,143.25999450683594,142.1976776123047,1377500
2023-05-15,HLT,141.97999572753906,143.30999755859375,141.14999389648438,143.25999450683594,142.1976776123047,1377500
2023-05-16,HLT,143.02000427246094,143.47999572753906,142.00999450683594,142.47000122070312,141.41354370117188,1707300
2023-05-16,HLT,143.02000427246094,143.47999572753906,142.00999450683594,142.47000122070312,141.41354370117188,1707300
2023-05-17,HLT,143.7899932861328,146.08999633789062,142.63999938964844,144.1999969482422,143.1307373046875,1501500
2023-05-17,HLT,143.7899932861328,146.08999633789062,142.63999938964844,144.1999969482422,143.1307373046875,1501500
2023-05-18,HLT,143.72000122070312,146.8699951171875,143.13999938964844,146.25,145.31668090820312,1130600
2023-05-18,HLT,143.72000122070312,146.8699951171875,143.13999938964844,146.25,145.31668090820312,1130600
2023-05-19,HLT,145.77999877929688,146.17999267578125,143.49000549316406,144.17999267578125,143.25987243652344,1218000
2023-05-19,HLT,145.77999877929688,146.17999267578125,143.49000549316406,144.17999267578125,143.25987243652344,1218000
2023-05-22,HLT,144.0399932861328,144.3000030517578,142.74000549316406,143.5500030517578,142.6339111328125,1731400
2023-05-22,HLT,144.0399932861328,144.3000030517578,142.74000549316406,143.5500030517578,142.6339111328125,1731400
2023-05-23,HLT,141.97999572753906,142.83999633789062,136.9499969482422,137.7100067138672,136.83119201660156,2178400
2023-05-23,HLT,141.97999572753906,142.83999633789062,136.9499969482422,137.7100067138672,136.83119201660156,2178400
2023-05-24,HLT,136.66000366210938,137.5399932861328,135.49000549316406,136.85000610351562,135.9766387939453,1712100
2023-05-24,HLT,136.66000366210938,137.5399932861328,135.49000549316406,136.85000610351562,135.9766387939453,1712100
2023-05-25,HLT,137.8000030517578,140.1300048828125,136.91000366210938,139.92999267578125,139.03701782226562,1339000
2023-05-25,HLT,137.8000030517578,140.1300048828125,136.91000366210938,139.92999267578125,139.03701782226562,1339000
2023-05-26,HLT,140.0,140.94000244140625,138.00999450683594,138.08999633789062,137.20875549316406,1187800
2023-05-26,HLT,140.0,140.94000244140625,138.00999450683594,138.08999633789062,137.20875549316406,1187800
2023-05-30,HLT,138.16000366210938,139.42999267578125,135.83999633789062,136.0800018310547,135.21160888671875,1367400
2023-05-30,HLT,138.16000366210938,139.42999267578125,135.83999633789062,136.0800018310547,135.21160888671875,1367400
2023-05-31,HLT,136.32000732421875,136.9499969482422,134.42999267578125,136.1199951171875,135.2512969970703,3337700
2023-05-31,HLT,136.32000732421875,136.9499969482422,134.42999267578125,136.1199951171875,135.2512969970703,3337700
2023-06-01,HLT,136.5800018310547,138.4199981689453,134.77999877929688,137.6699981689453,136.79144287109375,1896700
2023-06-01,HLT,136.5800018310547,138.4199981689453,134.77999877929688,137.6699981689453,136.79144287109375,1896700
2023-06-02,HLT,138.61000061035156,143.1999969482422,138.60000610351562,142.8000030517578,141.88870239257812,1608700
2023-06-02,HLT,138.61000061035156,143.1999969482422,138.60000610351562,142.8000030517578,141.88870239257812,1608700
2023-06-05,HLT,142.3699951171875,143.35000610351562,141.32000732421875,142.57000732421875,141.66017150878906,1181000
2023-06-05,HLT,142.3699951171875,143.35000610351562,141.32000732421875,142.57000732421875,141.66017150878906,1181000
2023-06-06,HLT,142.72999572753906,145.6699981689453,142.72999572753906,144.60000610351562,143.6772003173828,1283200
2023-06-06,HLT,142.72999572753906,145.6699981689453,142.72999572753906,144.60000610351562,143.6772003173828,1283200
2023-06-07,HLT,144.9499969482422,146.52999877929688,142.39999389648438,142.6300048828125,141.71975708007812,1385900
2023-06-07,HLT,144.9499969482422,146.52999877929688,142.39999389648438,142.6300048828125,141.71975708007812,1385900
2023-06-08,HLT,142.35000610351562,143.0,141.0,142.8800048828125,141.9681854248047,1266000
2023-06-08,HLT,142.35000610351562,143.0,141.0,142.8800048828125,141.9681854248047,1266000
2023-06-09,HLT,142.94000244140625,143.6999969482422,141.25,141.52999877929688,140.62680053710938,1253100
2023-06-09,HLT,142.94000244140625,143.6999969482422,141.25,141.52999877929688,140.62680053710938,1253100
2023-06-12,HLT,142.72000122070312,142.72000122070312,140.83999633789062,142.6699981689453,141.759521484375,1095700
2023-06-12,HLT,142.72000122070312,142.72000122070312,140.83999633789062,142.6699981689453,141.759521484375,1095700
2023-06-13,HLT,143.3699951171875,144.0,142.55999755859375,143.2899932861328,142.3755645751953,1210700
2023-06-13,HLT,143.3699951171875,144.0,142.55999755859375,143.2899932861328,142.3755645751953,1210700
2023-06-14,HLT,143.72000122070312,144.39999389648438,141.6699981689453,143.5500030517578,142.6339111328125,1304300
2023-06-14,HLT,143.72000122070312,144.39999389648438,141.6699981689453,143.5500030517578,142.6339111328125,1304300
2023-06-15,HLT,142.14999389648438,142.14999389648438,138.66000366210938,140.6699981689453,139.7722625732422,2970900
2023-06-15,HLT,142.14999389648438,142.14999389648438,138.66000366210938,140.6699981689453,139.7722625732422,2970900
2023-06-16,HLT,142.24000549316406,142.4600067138672,139.94000244140625,140.80999755859375,139.911376953125,2669800
2023-06-16,HLT,142.24000549316406,142.4600067138672,139.94000244140625,140.80999755859375,139.911376953125,2669800
2023-06-20,HLT,139.97000122070312,141.0500030517578,138.75,139.6300048828125,138.73892211914062,1541700
2023-06-20,HLT,139.97000122070312,141.0500030517578,138.75,139.6300048828125,138.73892211914062,1541700
2023-06-21,HLT,139.57000732421875,142.14999389648438,139.17999267578125,141.14999389648438,140.24920654296875,2040300
2023-06-21,HLT,139.57000732421875,142.14999389648438,139.17999267578125,141.14999389648438,140.24920654296875,2040300
2023-06-22,HLT,141.14999389648438,142.0,139.91000366210938,141.07000732421875,140.1697235107422,1155300
2023-06-22,HLT,141.14999389648438,142.0,139.91000366210938,141.07000732421875,140.1697235107422,1155300
2023-06-23,HLT,138.8300018310547,139.0,136.75999450683594,137.11000061035156,136.23500061035156,4640700
2023-06-23,HLT,138.8300018310547,139.0,136.75999450683594,137.11000061035156,136.23500061035156,4640700
2023-06-26,HLT,137.10000610351562,140.0399932861328,136.99000549316406,138.33999633789062,137.4571533203125,1504000
2023-06-26,HLT,137.10000610351562,140.0399932861328,136.99000549316406,138.33999633789062,137.4571533203125,1504000
2023-06-27,HLT,138.9600067138672,141.49000549316406,137.74000549316406,141.35000610351562,140.4479522705078,1492500
2023-06-27,HLT,138.9600067138672,141.49000549316406,137.74000549316406,141.35000610351562,140.4479522705078,1492500
2023-06-28,HLT,141.33999633789062,142.17999267578125,140.69000244140625,141.9199981689453,141.01431274414062,2038500
2023-06-28,HLT,141.33999633789062,142.17999267578125,140.69000244140625,141.9199981689453,141.01431274414062,2038500
2023-06-29,HLT,140.99000549316406,144.63999938964844,140.99000549316406,143.9199981689453,143.0015411376953,2027100
2023-06-29,HLT,140.99000549316406,144.63999938964844,140.99000549316406,143.9199981689453,143.0015411376953,2027100
2023-06-30,HLT,144.5,146.30999755859375,143.9600067138672,145.5500030517578,144.6211395263672,1723800
2023-06-30,HLT,144.5,146.30999755859375,143.9600067138672,145.5500030517578,144.6211395263672,1723800
2023-07-03,HLT,144.49000549316406,146.02999877929688,144.16000366210938,145.47999572753906,144.5515899658203,915500
2023-07-03,HLT,144.49000549316406,146.02999877929688,144.16000366210938,145.47999572753906,144.5515899658203,915500
2023-07-05,HLT,145.0800018310547,145.36000061035156,143.49000549316406,145.0,144.07464599609375,1579800
2023-07-05,HLT,145.0800018310547,145.36000061035156,143.49000549316406,145.0,144.07464599609375,1579800
2023-07-06,HLT,142.88999938964844,145.80999755859375,142.5,145.6999969482422,144.77017211914062,1937400
2023-07-06,HLT,142.88999938964844,145.80999755859375,142.5,145.6999969482422,144.77017211914062,1937400
2023-07-07,HLT,145.8300018310547,149.3699951171875,145.00999450683594,148.32000732421875,147.37347412109375,1963400
2023-07-07,HLT,145.8300018310547,149.3699951171875,145.00999450683594,148.32000732421875,147.37347412109375,1963400
2023-07-10,HLT,148.25,152.16000366210938,148.25,152.13999938964844,151.1690673828125,2431800
2023-07-10,HLT,148.25,152.16000366210938,148.25,152.13999938964844,151.1690673828125,2431800
2023-07-11,HLT,152.97000122070312,155.02000427246094,151.5800018310547,152.16000366210938,151.18894958496094,2069000
2023-07-11,HLT,152.97000122070312,155.02000427246094,151.5800018310547,152.16000366210938,151.18894958496094,2069000
2023-07-12,HLT,153.5500030517578,154.1199951171875,150.89999389648438,151.02999877929688,150.066162109375,1678200
2023-07-12,HLT,153.5500030517578,154.1199951171875,150.89999389648438,151.02999877929688,150.066162109375,1678200
2023-07-13,HLT,152.1199951171875,152.77000427246094,151.38999938964844,151.88999938964844,150.92066955566406,1479300
2023-07-13,HLT,152.1199951171875,152.77000427246094,151.38999938964844,151.88999938964844,150.92066955566406,1479300
2023-07-14,HLT,151.82000732421875,151.82000732421875,147.52999877929688,147.77999877929688,146.83689880371094,2492300
2023-07-14,HLT,151.82000732421875,151.82000732421875,147.52999877929688,147.77999877929688,146.83689880371094,2492300
2023-07-17,HLT,147.02999877929688,150.07000732421875,147.02999877929688,149.0,148.04910278320312,1689100
2023-07-17,HLT,147.02999877929688,150.07000732421875,147.02999877929688,149.0,148.04910278320312,1689100
2023-07-18,HLT,148.16000366210938,150.6199951171875,148.16000366210938,149.97000122070312,149.01292419433594,1754600
2023-07-18,HLT,148.16000366210938,150.6199951171875,148.16000366210938,149.97000122070312,149.01292419433594,1754600
2023-07-19,HLT,149.77000427246094,149.97000122070312,148.61000061035156,148.9199981689453,147.96961975097656,1501800
2023-07-19,HLT,149.77000427246094,149.97000122070312,148.61000061035156,148.9199981689453,147.96961975097656,1501800
2023-07-20,HLT,148.6999969482422,150.4600067138672,148.57000732421875,149.2899932861328,148.33726501464844,1411100
2023-07-20,HLT,148.6999969482422,150.4600067138672,148.57000732421875,149.2899932861328,148.33726501464844,1411100
2023-07-21,HLT,150.47999572753906,152.77000427246094,150.47999572753906,151.83999633789062,150.87098693847656,1466700
2023-07-21,HLT,150.47999572753906,152.77000427246094,150.47999572753906,151.83999633789062,150.87098693847656,1466700
2023-07-24,HLT,151.5399932861328,151.75,149.3699951171875,150.4600067138672,149.49981689453125,1583300
2023-07-24,HLT,151.5399932861328,151.75,149.3699951171875,150.4600067138672,149.49981689453125,1583300
2023-07-25,HLT,147.67999267578125,151.4199981689453,147.2100067138672,151.1300048828125,150.16552734375,3998600
2023-07-25,HLT,147.67999267578125,151.4199981689453,147.2100067138672,151.1300048828125,150.16552734375,3998600
2023-07-26,HLT,151.6999969482422,153.2100067138672,147.94000244140625,150.25999450683594,149.3010711669922,4503900
2023-07-26,HLT,151.6999969482422,153.2100067138672,147.94000244140625,150.25999450683594,149.3010711669922,4503900
2023-07-27,HLT,152.10000610351562,154.19000244140625,151.08999633789062,152.63999938964844,151.66586303710938,2377400
2023-07-27,HLT,152.10000610351562,154.19000244140625,151.08999633789062,152.63999938964844,151.66586303710938,2377400
2023-07-28,HLT,153.88999938964844,155.16000366210938,153.27000427246094,154.1699981689453,153.18612670898438,2309500
2023-07-28,HLT,153.88999938964844,155.16000366210938,153.27000427246094,154.1699981689453,153.18612670898438,2309500
2023-07-31,HLT,154.8699951171875,156.3000030517578,154.00999450683594,155.49000549316406,154.49771118164062,1571700
2023-07-31,HLT,154.8699951171875,156.3000030517578,154.00999450683594,155.49000549316406,154.49771118164062,1571700
2023-08-01,HLT,154.6999969482422,156.44000244140625,153.80999755859375,154.57000732421875,153.58358764648438,1414400
2023-08-01,HLT,154.6999969482422,156.44000244140625,153.80999755859375,154.57000732421875,153.58358764648438,1414400
2023-08-02,HLT,153.39999389648438,155.67999267578125,153.08999633789062,153.24000549316406,152.2620849609375,1174500
2023-08-02,HLT,153.39999389648438,155.67999267578125,153.08999633789062,153.24000549316406,152.2620849609375,1174500
2023-08-03,HLT,150.80999755859375,151.27999877929688,148.25999450683594,150.66000366210938,149.6985321044922,2219400
2023-08-03,HLT,150.80999755859375,151.27999877929688,148.25999450683594,150.66000366210938,149.6985321044922,2219400
2023-08-04,HLT,151.99000549316406,154.11000061035156,150.6199951171875,151.35000610351562,150.38412475585938,1210200
2023-08-04,HLT,151.99000549316406,154.11000061035156,150.6199951171875,151.35000610351562,150.38412475585938,1210200
2023-08-07,HLT,151.52999877929688,153.57000732421875,151.52999877929688,153.47999572753906,152.50048828125,1125400
2023-08-07,HLT,151.52999877929688,153.57000732421875,151.52999877929688,153.47999572753906,152.50048828125,1125400
2023-08-08,HLT,152.39999389648438,154.0800018310547,152.0,153.72999572753906,152.7489471435547,1392200
2023-08-08,HLT,152.39999389648438,154.0800018310547,152.0,153.72999572753906,152.7489471435547,1392200
2023-08-09,HLT,154.2899932861328,155.25999450683594,153.0800018310547,154.19000244140625,153.2059783935547,1201800
2023-08-09,HLT,154.2899932861328,155.25999450683594,153.0800018310547,154.19000244140625,153.2059783935547,1201800
2023-08-10,HLT,155.72999572753906,157.13999938964844,154.92999267578125,155.3800048828125,154.38841247558594,1569100
2023-08-10,HLT,155.72999572753906,157.13999938964844,154.92999267578125,155.3800048828125,154.38841247558594,1569100
2023-08-11,HLT,154.47000122070312,155.35000610351562,153.6699981689453,154.83999633789062,153.85183715820312,1492600
2023-08-11,HLT,154.47000122070312,155.35000610351562,153.6699981689453,154.83999633789062,153.85183715820312,1492600
2023-08-14,HLT,154.4199981689453,155.50999450683594,153.8300018310547,155.32000732421875,154.32879638671875,1171100
2023-08-14,HLT,154.4199981689453,155.50999450683594,153.8300018310547,155.32000732421875,154.32879638671875,1171100
2023-08-15,HLT,154.6300048828125,155.32000732421875,153.3699951171875,153.66000366210938,152.67941284179688,1211500
2023-08-15,HLT,154.6300048828125,155.32000732421875,153.3699951171875,153.66000366210938,152.67941284179688,1211500
2023-08-16,HLT,152.97000122070312,154.64999389648438,152.8699951171875,153.6999969482422,152.71913146972656,1620400
2023-08-16,HLT,152.97000122070312,154.64999389648438,152.8699951171875,153.6999969482422,152.71913146972656,1620400
2023-08-17,HLT,154.5,154.5,149.67999267578125,149.7899932861328,148.83407592773438,2094600
2023-08-17,HLT,154.5,154.5,149.67999267578125,149.7899932861328,148.83407592773438,2094600
2023-08-18,HLT,148.69000244140625,151.50999450683594,148.30999755859375,150.8000030517578,149.83767700195312,1261200
2023-08-18,HLT,148.69000244140625,151.50999450683594,148.30999755859375,150.8000030517578,149.83767700195312,1261200
2023-08-21,HLT,150.8000030517578,151.85000610351562,148.2899932861328,149.0,148.04910278320312,1478800
2023-08-21,HLT,150.8000030517578,151.85000610351562,148.2899932861328,149.0,148.04910278320312,1478800
2023-08-22,HLT,149.3800048828125,150.2899932861328,148.8300018310547,149.99000549316406,149.03282165527344,1225800
2023-08-22,HLT,149.3800048828125,150.2899932861328,148.8300018310547,149.99000549316406,149.03282165527344,1225800
2023-08-23,HLT,149.94000244140625,150.5399932861328,149.16000366210938,149.8699951171875,148.91357421875,1238400
2023-08-23,HLT,149.94000244140625,150.5399932861328,149.16000366210938,149.8699951171875,148.91357421875,1238400
2023-08-24,HLT,148.9199981689453,150.50999450683594,146.8699951171875,147.11000061035156,146.31764221191406,1176600
2023-08-24,HLT,148.9199981689453,150.50999450683594,146.8699951171875,147.11000061035156,146.31764221191406,1176600
2023-08-25,HLT,147.33999633789062,148.02999877929688,146.4199981689453,147.02000427246094,146.2281036376953,1195300
2023-08-25,HLT,147.33999633789062,148.02999877929688,146.4199981689453,147.02000427246094,146.2281036376953,1195300
2023-08-28,HLT,147.5399932861328,149.4499969482422,146.85000610351562,148.72000122070312,147.91896057128906,858900
2023-08-28,HLT,147.5399932861328,149.4499969482422,146.85000610351562,148.72000122070312,147.91896057128906,858900
2023-08-29,HLT,148.32000732421875,150.1199951171875,147.2899932861328,149.8300018310547,149.02296447753906,1482200
2023-08-29,HLT,148.32000732421875,150.1199951171875,147.2899932861328,149.8300018310547,149.02296447753906,1482200
2023-08-30,HLT,149.8300018310547,151.5800018310547,149.42999267578125,150.4199981689453,149.60980224609375,1215700
2023-08-30,HLT,149.8300018310547,151.5800018310547,149.42999267578125,150.4199981689453,149.60980224609375,1215700
2023-08-31,HLT,150.69000244140625,151.25999450683594,148.57000732421875,148.64999389648438,147.8493194580078,2654100
2023-08-31,HLT,150.69000244140625,151.25999450683594,148.57000732421875,148.64999389648438,147.8493194580078,2654100
2023-09-01,HLT,150.0500030517578,151.6999969482422,149.77000427246094,151.0,150.1866912841797,1202400
2023-09-01,HLT,150.0500030517578,151.6999969482422,149.77000427246094,151.0,150.1866912841797,1202400
2023-09-05,HLT,150.61000061035156,150.61000061035156,147.69000244140625,148.5800018310547,147.7797088623047,1342100
2023-09-05,HLT,150.61000061035156,150.61000061035156,147.69000244140625,148.5800018310547,147.7797088623047,1342100
2023-09-06,HLT,147.86000061035156,150.02000427246094,147.86000061035156,149.1999969482422,148.3963623046875,1647600
2023-09-06,HLT,147.86000061035156,150.02000427246094,147.86000061035156,149.1999969482422,148.3963623046875,1647600
2023-09-07,HLT,148.60000610351562,148.82000732421875,147.25,148.36000061035156,147.56089782714844,1550200
2023-09-07,HLT,148.60000610351562,148.82000732421875,147.25,148.36000061035156,147.56089782714844,1550200
2023-09-08,HLT,149.00999450683594,154.25999450683594,148.75999450683594,154.1199951171875,153.2898712158203,2586000
2023-09-08,HLT,149.00999450683594,154.25999450683594,148.75999450683594,154.1199951171875,153.2898712158203,2586000
2023-09-11,HLT,155.0,156.57000732421875,153.8300018310547,154.74000549316406,153.90655517578125,2295900
2023-09-11,HLT,155.0,156.57000732421875,153.8300018310547,154.74000549316406,153.90655517578125,2295900
2023-09-12,HLT,154.5399932861328,156.5,154.41000366210938,155.74000549316406,154.90115356445312,1643400
2023-09-12,HLT,154.5399932861328,156.5,154.41000366210938,155.74000549316406,154.90115356445312,1643400
2023-09-13,HLT,155.2899932861328,155.55999755859375,152.88999938964844,153.38999938964844,152.56382751464844,2287800
2023-09-13,HLT,155.2899932861328,155.55999755859375,152.88999938964844,153.38999938964844,152.56382751464844,2287800
2023-09-14,HLT,154.41000366210938,156.41000366210938,153.82000732421875,156.14999389648438,155.30892944335938,1562000
2023-09-14,HLT,154.41000366210938,156.41000366210938,153.82000732421875,156.14999389648438,155.30892944335938,1562000
2023-09-15,HLT,155.9499969482422,156.69000244140625,153.88999938964844,154.41000366210938,153.57830810546875,2785200
2023-09-15,HLT,155.9499969482422,156.69000244140625,153.88999938964844,154.41000366210938,153.57830810546875,2785200
2023-09-18,HLT,154.02000427246094,155.1999969482422,153.22999572753906,153.36000061035156,152.53396606445312,1142200
2023-09-18,HLT,154.02000427246094,155.1999969482422,153.22999572753906,153.36000061035156,152.53396606445312,1142200
2023-09-19,HLT,152.99000549316406,153.22999572753906,151.5,152.14999389648438,151.3304901123047,1757900
2023-09-19,HLT,152.99000549316406,153.22999572753906,151.5,152.14999389648438,151.3304901123047,1757900
2023-09-20,HLT,153.02999877929688,154.35000610351562,152.50999450683594,152.74000549316406,151.9172821044922,1051600
2023-09-20,HLT,153.02999877929688,154.35000610351562,152.50999450683594,152.74000549316406,151.9172821044922,1051600
2023-09-21,HLT,150.85000610351562,151.17999267578125,147.63999938964844,147.7100067138672,146.91441345214844,1951600
2023-09-21,HLT,150.85000610351562,151.17999267578125,147.63999938964844,147.7100067138672,146.91441345214844,1951600
2023-09-22,HLT,147.75,149.9600067138672,147.47000122070312,147.58999633789062,146.7950439453125,1648800
2023-09-22,HLT,147.75,149.9600067138672,147.47000122070312,147.58999633789062,146.7950439453125,1648800
2023-09-25,HLT,146.5399932861328,148.67999267578125,146.0,147.80999755859375,147.0138397216797,1539600
2023-09-25,HLT,146.5399932861328,148.67999267578125,146.0,147.80999755859375,147.0138397216797,1539600
2023-09-26,HLT,147.11000061035156,149.3800048828125,147.0,147.33999633789062,146.54641723632812,1625200
2023-09-26,HLT,147.11000061035156,149.3800048828125,147.0,147.33999633789062,146.54641723632812,1625200
2023-09-27,HLT,148.0500030517578,150.0399932861328,147.2899932861328,149.36000061035156,148.55551147460938,2651700
2023-09-27,HLT,148.0500030517578,150.0399932861328,147.2899932861328,149.36000061035156,148.55551147460938,2651700
2023-09-28,HLT,149.72000122070312,154.19000244140625,149.72000122070312,153.6699981689453,152.84228515625,2494700
2023-09-28,HLT,149.72000122070312,154.19000244140625,149.72000122070312,153.6699981689453,152.84228515625,2494700
2023-09-29,HLT,154.00999450683594,154.4199981689453,148.8800048828125,150.17999267578125,149.37109375,1853000
2023-09-29,HLT,154.00999450683594,154.4199981689453,148.8800048828125,150.17999267578125,149.37109375,1853000
2023-10-02,HLT,148.97000122070312,149.6199951171875,147.4499969482422,149.22000122070312,148.416259765625,1501100
2023-10-02,HLT,148.97000122070312,149.6199951171875,147.4499969482422,149.22000122070312,148.416259765625,1501100
2023-10-03,HLT,148.1699981689453,149.07000732421875,146.41000366210938,146.77000427246094,145.97946166992188,1630800
2023-10-03,HLT,148.1699981689453,149.07000732421875,146.41000366210938,146.77000427246094,145.97946166992188,1630800
2023-10-04,HLT,147.13999938964844,151.5399932861328,147.13999938964844,151.0,150.1866912841797,1809700
2023-10-04,HLT,147.13999938964844,151.5399932861328,147.13999938964844,151.0,150.1866912841797,1809700
2023-10-05,HLT,151.30999755859375,152.0800018310547,148.38999938964844,149.8300018310547,149.02296447753906,1473200
2023-10-05,HLT,151.30999755859375,152.0800018310547,148.38999938964844,149.8300018310547,149.02296447753906,1473200
2023-10-06,HLT,149.0,152.13999938964844,148.52999877929688,151.38999938964844,150.57456970214844,1417500
2023-10-06,HLT,149.0,152.13999938964844,148.52999877929688,151.38999938964844,150.57456970214844,1417500
2023-10-09,HLT,149.2899932861328,150.0800018310547,146.35000610351562,149.67999267578125,148.87379455566406,1693000
2023-10-09,HLT,149.2899932861328,150.0800018310547,146.35000610351562,149.67999267578125,148.87379455566406,1693000
2023-10-10,HLT,151.52000427246094,154.3800048828125,151.2899932861328,153.07000732421875,152.2455291748047,1605900
2023-10-10,HLT,151.52000427246094,154.3800048828125,151.2899932861328,153.07000732421875,152.2455291748047,1605900
2023-10-11,HLT,153.60000610351562,154.0399932861328,151.55999755859375,153.69000244140625,152.86219787597656,1340500
2023-10-11,HLT,153.60000610351562,154.0399932861328,151.55999755859375,153.69000244140625,152.86219787597656,1340500
2023-10-12,HLT,154.2899932861328,154.2899932861328,151.83999633789062,153.0,152.17591857910156,1365900
2023-10-12,HLT,154.2899932861328,154.2899932861328,151.83999633789062,153.0,152.17591857910156,1365900
2023-10-13,HLT,152.5500030517578,154.0,149.6699981689453,149.97999572753906,149.1721649169922,1422900
2023-10-13,HLT,152.5500030517578,154.0,149.6699981689453,149.97999572753906,149.1721649169922,1422900
2023-10-16,HLT,151.8800048828125,154.35000610351562,150.8300018310547,153.8000030517578,152.9716033935547,1677000
2023-10-16,HLT,151.8800048828125,154.35000610351562,150.8300018310547,153.8000030517578,152.9716033935547,1677000
2023-10-17,HLT,153.61000061035156,155.72999572753906,152.75999450683594,154.8300018310547,153.99603271484375,2177500
2023-10-17,HLT,153.61000061035156,155.72999572753906,152.75999450683594,154.8300018310547,153.99603271484375,2177500
2023-10-18,HLT,153.7899932861328,154.6999969482422,151.72999572753906,152.27999877929688,151.4597625732422,2161300
2023-10-18,HLT,153.7899932861328,154.6999969482422,151.72999572753906,152.27999877929688,151.4597625732422,2161300
2023-10-19,HLT,152.75999450683594,153.74000549316406,150.2100067138672,150.30999755859375,149.5004119873047,1464500
2023-10-19,HLT,152.75999450683594,153.74000549316406,150.2100067138672,150.30999755859375,149.5004119873047,1464500
2023-10-20,HLT,149.41000366210938,150.14999389648438,147.5,147.57000732421875,146.77516174316406,2028100
2023-10-20,HLT,149.41000366210938,150.14999389648438,147.5,147.57000732421875,146.77516174316406,2028100
2023-10-23,HLT,148.27000427246094,149.39999389648438,146.36000061035156,147.86000061035156,147.06358337402344,1699800
2023-10-23,HLT,148.27000427246094,149.39999389648438,146.36000061035156,147.86000061035156,147.06358337402344,1699800
2023-10-24,HLT,148.8699951171875,150.24000549316406,147.64999389648438,149.64999389648438,148.8439483642578,2077600
2023-10-24,HLT,148.8699951171875,150.24000549316406,147.64999389648438,149.64999389648438,148.8439483642578,2077600
2023-10-25,HLT,149.0,152.77999877929688,147.5800018310547,150.75,149.9380340576172,2635100
2023-10-25,HLT,149.0,152.77999877929688,147.5800018310547,150.75,149.9380340576172,2635100
2023-10-26,HLT,151.9199981689453,151.99000549316406,148.4499969482422,148.47000122070312,147.67030334472656,2151200
2023-10-26,HLT,151.9199981689453,151.99000549316406,148.4499969482422,148.47000122070312,147.67030334472656,2151200
2023-10-27,HLT,149.77999877929688,152.0399932861328,148.4199981689453,149.1699981689453,148.3665313720703,1702400
2023-10-27,HLT,149.77999877929688,152.0399932861328,148.4199981689453,149.1699981689453,148.3665313720703,1702400
2023-10-30,HLT,151.1699981689453,152.16000366210938,150.2100067138672,151.27999877929688,150.4651641845703,1347300
2023-10-30,HLT,151.1699981689453,152.16000366210938,150.2100067138672,151.27999877929688,150.4651641845703,1347300
2023-10-31,HLT,150.55999755859375,152.5800018310547,150.3000030517578,151.52999877929688,150.71383666992188,1343600
2023-10-31,HLT,150.55999755859375,152.5800018310547,150.3000030517578,151.52999877929688,150.71383666992188,1343600
2023-11-01,HLT,152.1999969482422,152.1999969482422,149.74000549316406,151.1300048828125,150.3159637451172,1439600
2023-11-01,HLT,152.1999969482422,152.1999969482422,149.74000549316406,151.1300048828125,150.3159637451172,1439600
2023-11-02,HLT,151.05999755859375,152.75,148.25,152.6199951171875,151.79794311523438,1785900
2023-11-02,HLT,151.05999755859375,152.75,148.25,152.6199951171875,151.79794311523438,1785900
2023-11-03,HLT,154.1199951171875,156.9600067138672,153.97000122070312,156.80999755859375,155.96539306640625,1430200
2023-11-03,HLT,154.1199951171875,156.9600067138672,153.97000122070312,156.80999755859375,155.96539306640625,1430200
2023-11-06,HLT,157.50999450683594,157.64999389648438,155.41000366210938,156.32000732421875,155.47801208496094,1603700
2023-11-06,HLT,157.50999450683594,157.64999389648438,155.41000366210938,156.32000732421875,155.47801208496094,1603700
2023-11-07,HLT,155.80999755859375,158.60000610351562,154.82000732421875,158.0500030517578,157.19869995117188,978100
2023-11-07,HLT,155.80999755859375,158.60000610351562,154.82000732421875,158.0500030517578,157.19869995117188,978100
2023-11-08,HLT,158.41000366210938,158.67999267578125,156.05999755859375,156.91000366210938,156.06483459472656,1132900
2023-11-08,HLT,158.41000366210938,158.67999267578125,156.05999755859375,156.91000366210938,156.06483459472656,1132900
2023-11-09,HLT,157.3699951171875,158.77999877929688,156.27999877929688,158.25999450683594,157.40757751464844,1575000
2023-11-09,HLT,157.3699951171875,158.77999877929688,156.27999877929688,158.25999450683594,157.40757751464844,1575000
2023-11-10,HLT,158.3699951171875,162.27000427246094,157.63999938964844,161.8000030517578,160.92849731445312,1580900
2023-11-10,HLT,158.3699951171875,162.27000427246094,157.63999938964844,161.8000030517578,160.92849731445312,1580900
2023-11-13,HLT,161.08999633789062,163.89999389648438,161.08999633789062,162.6699981689453,161.7938232421875,1802500
2023-11-13,HLT,161.08999633789062,163.89999389648438,161.08999633789062,162.6699981689453,161.7938232421875,1802500
2023-11-14,HLT,164.89999389648438,167.50999450683594,164.25,167.02999877929688,166.1303253173828,1788900
2023-11-14,HLT,164.89999389648438,167.50999450683594,164.25,167.02999877929688,166.1303253173828,1788900
2023-11-15,HLT,167.38999938964844,168.22999572753906,165.4499969482422,165.57000732421875,164.67820739746094,1504800
2023-11-15,HLT,167.38999938964844,168.22999572753906,165.4499969482422,165.57000732421875,164.67820739746094,1504800
2023-11-16,HLT,165.22999572753906,167.2100067138672,164.92999267578125,167.1699981689453,166.42034912109375,1015700
2023-11-16,HLT,165.22999572753906,167.2100067138672,164.92999267578125,167.1699981689453,166.42034912109375,1015700
2023-11-17,HLT,168.25,168.89999389648438,167.5399932861328,168.2899932861328,167.5353240966797,1134900
2023-11-17,HLT,168.25,168.89999389648438,167.5399932861328,168.2899932861328,167.5353240966797,1134900
2023-11-20,HLT,168.61000061035156,169.41000366210938,167.47000122070312,169.1699981689453,168.411376953125,1135600
2023-11-20,HLT,168.61000061035156,169.41000366210938,167.47000122070312,169.1699981689453,168.411376953125,1135600
2023-11-21,HLT,168.5,170.3300018310547,168.5,169.86000061035156,169.09829711914062,1465400
2023-11-21,HLT,168.5,170.3300018310547,168.5,169.86000061035156,169.09829711914062,1465400
2023-11-22,HLT,171.33999633789062,172.39999389648438,170.72999572753906,171.0500030517578,170.28294372558594,1114200
2023-11-22,HLT,171.33999633789062,172.39999389648438,170.72999572753906,171.0500030517578,170.28294372558594,1114200
2023-11-24,HLT,170.8300018310547,171.4600067138672,169.82000732421875,169.82000732421875,169.05848693847656,777500
2023-11-24,HLT,170.8300018310547,171.4600067138672,169.82000732421875,169.82000732421875,169.05848693847656,777500
2023-11-27,HLT,169.47000122070312,170.6699981689453,168.4499969482422,168.77000427246094,168.01318359375,1942000
2023-11-27,HLT,169.47000122070312,170.6699981689453,168.4499969482422,168.77000427246094,168.01318359375,1942000
2023-11-28,HLT,168.6300048828125,168.9600067138672,167.30999755859375,167.3699951171875,166.6194610595703,1391300
2023-11-28,HLT,168.6300048828125,168.9600067138672,167.30999755859375,167.3699951171875,166.6194610595703,1391300
2023-11-29,HLT,168.24000549316406,168.47000122070312,166.3800048828125,166.66000366210938,165.91265869140625,1353600
2023-11-29,HLT,168.24000549316406,168.47000122070312,166.3800048828125,166.66000366210938,165.91265869140625,1353600
2023-11-30,HLT,166.66000366210938,167.6999969482422,165.25,167.52000427246094,166.76878356933594,2010500
2023-11-30,HLT,166.66000366210938,167.6999969482422,165.25,167.52000427246094,166.76878356933594,2010500
2023-12-01,HLT,167.72000122070312,171.52000427246094,167.72000122070312,170.83999633789062,170.0738983154297,1497800
2023-12-01,HLT,167.72000122070312,171.52000427246094,167.72000122070312,170.83999633789062,170.0738983154297,1497800
2023-12-04,HLT,170.61000061035156,174.10000610351562,170.61000061035156,171.57000732421875,170.80062866210938,1363200
2023-12-04,HLT,170.61000061035156,174.10000610351562,170.61000061035156,171.57000732421875,170.80062866210938,1363200
2023-12-05,HLT,169.72999572753906,170.60000610351562,166.9199981689453,167.42999267578125,166.67916870117188,2003600
2023-12-05,HLT,169.72999572753906,170.60000610351562,166.9199981689453,167.42999267578125,166.67916870117188,2003600
2023-12-06,HLT,169.08999633789062,169.86000061035156,167.9499969482422,168.05999755859375,167.30636596679688,1401900
2023-12-06,HLT,169.08999633789062,169.86000061035156,167.9499969482422,168.05999755859375,167.30636596679688,1401900
2023-12-07,HLT,168.2899932861328,170.47000122070312,168.2899932861328,170.42999267578125,169.6657257080078,1425700
2023-12-07,HLT,168.2899932861328,170.47000122070312,168.2899932861328,170.42999267578125,169.6657257080078,1425700
2023-12-08,HLT,170.82000732421875,171.64999389648438,170.25999450683594,171.3300018310547,170.56167602539062,1597900
2023-12-08,HLT,170.82000732421875,171.64999389648438,170.25999450683594,171.3300018310547,170.56167602539062,1597900
2023-12-11,HLT,172.6199951171875,178.1199951171875,172.6199951171875,177.00999450683594,176.21620178222656,2494800
2023-12-11,HLT,172.6199951171875,178.1199951171875,172.6199951171875,177.00999450683594,176.21620178222656,2494800
2023-12-12,HLT,177.11000061035156,178.91000366210938,176.88999938964844,178.5800018310547,177.77919006347656,2050800
2023-12-12,HLT,177.11000061035156,178.91000366210938,176.88999938964844,178.5800018310547,177.77919006347656,2050800
2023-12-13,HLT,178.6699981689453,179.32000732421875,177.3300018310547,178.08999633789062,177.2913818359375,1578100
2023-12-13,HLT,178.6699981689453,179.32000732421875,177.3300018310547,178.08999633789062,177.2913818359375,1578100
2023-12-14,HLT,179.10000610351562,179.77999877929688,175.8000030517578,176.75999450683594,175.96734619140625,2297300
2023-12-14,HLT,179.10000610351562,179.77999877929688,175.8000030517578,176.75999450683594,175.96734619140625,2297300
2023-12-15,HLT,175.9499969482422,177.75,175.8699951171875,177.22999572753906,176.4352264404297,3920600
2023-12-15,HLT,175.9499969482422,177.75,175.8699951171875,177.22999572753906,176.4352264404297,3920600
2023-12-18,HLT,177.50999450683594,178.5,176.88999938964844,178.49000549316406,177.68960571289062,1409400
2023-12-18,HLT,177.50999450683594,178.5,176.88999938964844,178.49000549316406,177.68960571289062,1409400
2023-12-19,HLT,179.05999755859375,180.47999572753903,178.9600067138672,179.74000549316406,178.93399047851562,1448200
2023-12-19,HLT,179.05999755859375,180.47999572753903,178.9600067138672,179.74000549316406,178.93399047851562,1448200
2023-12-20,HLT,178.6199951171875,179.6300048828125,177.3300018310547,177.6699981689453,176.87326049804688,1540500
2023-12-20,HLT,178.6199951171875,179.6300048828125,177.3300018310547,177.6699981689453,176.87326049804688,1540500
2023-12-21,HLT,179.0,181.57000732421875,179.0,181.5200042724609,180.70602416992188,1198900
2023-12-21,HLT,179.0,181.57000732421875,179.0,181.5200042724609,180.70602416992188,1198900
2023-12-22,HLT,181.83999633789065,182.9199981689453,180.52999877929688,181.50999450683597,180.696044921875,888600
2023-12-22,HLT,181.83999633789065,182.9199981689453,180.52999877929688,181.50999450683597,180.696044921875,888600
2023-12-26,HLT,181.0,181.6999969482422,180.3999938964844,181.2100067138672,180.3974151611328,818400
2023-12-26,HLT,181.0,181.6999969482422,180.3999938964844,181.2100067138672,180.3974151611328,818400
2023-12-27,HLT,181.1999969482422,181.6999969482422,180.33999633789065,181.5200042724609,180.70602416992188,892500
2023-12-27,HLT,181.1999969482422,181.6999969482422,180.33999633789065,181.5200042724609,180.70602416992188,892500
2023-12-28,HLT,181.5399932861328,182.1499938964844,181.22000122070312,181.7400054931641,180.92501831054688,796700
2023-12-28,HLT,181.5399932861328,182.1499938964844,181.22000122070312,181.7400054931641,180.92501831054688,796700
2023-12-29,HLT,182.33999633789065,183.50999450683597,181.32000732421875,182.08999633789065,181.2734832763672,1726500
2023-12-29,HLT,182.33999633789065,183.50999450683597,181.32000732421875,182.08999633789065,181.2734832763672,1726500
2024-01-02,HLT,181.3000030517578,183.42999267578125,179.1999969482422,180.07000732421875,179.2624969482422,1546700
2024-01-02,HLT,181.3000030517578,183.42999267578125,179.1999969482422,180.07000732421875,179.2624969482422,1546700
2024-01-03,HLT,179.35000610351562,180.3800048828125,178.4600067138672,178.9199981689453,178.11766052246094,1476100
2024-01-03,HLT,179.35000610351562,180.3800048828125,178.4600067138672,178.9199981689453,178.11766052246094,1476100
2024-01-04,HLT,179.92999267578125,180.72999572753903,178.67999267578125,178.75,177.94839477539062,1211000
2024-01-04,HLT,179.92999267578125,180.72999572753903,178.67999267578125,178.75,177.94839477539062,1211000
2024-01-05,HLT,178.22999572753906,181.63999938964844,178.22999572753906,180.5,179.69058227539062,1406800
2024-01-05,HLT,178.22999572753906,181.63999938964844,178.22999572753906,180.5,179.69058227539062,1406800
2024-01-08,HLT,180.67999267578125,182.5399932861328,179.63999938964844,182.1999969482422,181.3829498291016,1543500
2024-01-08,HLT,180.67999267578125,182.5399932861328,179.63999938964844,182.1999969482422,181.3829498291016,1543500
2024-01-09,HLT,179.77000427246094,181.92999267578125,179.77000427246094,181.6499938964844,180.83541870117188,1334700
2024-01-09,HLT,179.77000427246094,181.92999267578125,179.77000427246094,181.6499938964844,180.83541870117188,1334700
2024-01-10,HLT,181.7100067138672,183.22000122070312,181.6199951171875,182.5200042724609,181.70152282714844,1230800
2024-01-10,HLT,181.7100067138672,183.22000122070312,181.6199951171875,182.5200042724609,181.70152282714844,1230800
2024-01-11,HLT,182.72000122070312,183.4199981689453,181.5200042724609,182.1499938964844,181.33316040039065,1358600
2024-01-11,HLT,182.72000122070312,183.4199981689453,181.5200042724609,182.1499938964844,181.33316040039065,1358600
2024-01-12,HLT,182.5399932861328,182.8000030517578,180.6199951171875,182.16000366210935,181.3431396484375,1213500
2024-01-12,HLT,182.5399932861328,182.8000030517578,180.6199951171875,182.16000366210935,181.3431396484375,1213500
2024-01-16,HLT,181.0,182.63999938964844,180.9600067138672,182.38999938964844,181.57211303710935,1429200
2024-01-16,HLT,181.0,182.63999938964844,180.9600067138672,182.38999938964844,181.57211303710935,1429200
2024-01-17,HLT,181.19000244140625,183.75999450683597,181.19000244140625,183.5200042724609,182.69705200195312,1090600
2024-01-17,HLT,181.19000244140625,183.75999450683597,181.19000244140625,183.5200042724609,182.69705200195312,1090600
2024-01-18,HLT,184.19000244140625,186.00999450683597,182.8600006103516,185.7100067138672,184.87722778320312,1497100
2024-01-18,HLT,184.19000244140625,186.00999450683597,182.8600006103516,185.7100067138672,184.87722778320312,1497100
2024-01-19,HLT,186.25,187.6000061035156,185.0200042724609,187.3800048828125,186.53973388671875,1691800
2024-01-19,HLT,186.25,187.6000061035156,185.0200042724609,187.3800048828125,186.53973388671875,1691800
2024-01-22,HLT,187.9900054931641,189.83999633789065,187.8500061035156,188.4499969482422,187.60491943359372,1305100
2024-01-22,HLT,187.9900054931641,189.83999633789065,187.8500061035156,188.4499969482422,187.60491943359372,1305100
2024-01-23,HLT,188.3500061035156,189.32000732421875,187.0800018310547,187.3800048828125,186.53973388671875,1342000
2024-01-23,HLT,188.3500061035156,189.32000732421875,187.0800018310547,187.3800048828125,186.53973388671875,1342000
2024-01-24,HLT,188.42999267578125,189.00999450683597,187.19000244140625,187.57000732421875,186.7289123535156,1462600
2024-01-24,HLT,188.42999267578125,189.00999450683597,187.19000244140625,187.57000732421875,186.7289123535156,1462600
2024-01-25,HLT,189.42999267578125,192.0399932861328,189.42999267578125,191.7700042724609,190.91004943847656,1755300
2024-01-25,HLT,189.42999267578125,192.0399932861328,189.42999267578125,191.7700042724609,190.91004943847656,1755300
2024-01-26,HLT,191.4900054931641,193.1499938964844,191.0500030517578,192.6300048828125,191.7661895751953,1677900
2024-01-26,HLT,191.4900054931641,193.1499938964844,191.0500030517578,192.6300048828125,191.7661895751953,1677900
2024-01-29,HLT,192.4199981689453,193.19000244140625,191.1499938964844,193.1699981689453,192.3037567138672,1418100
2024-01-29,HLT,192.4199981689453,193.19000244140625,191.1499938964844,193.1699981689453,192.3037567138672,1418100
2024-01-30,HLT,192.57000732421875,195.1199951171875,192.4900054931641,194.17999267578125,193.30923461914065,1221000
2024-01-30,HLT,192.57000732421875,195.1199951171875,192.4900054931641,194.17999267578125,193.30923461914065,1221000
2024-01-31,HLT,194.0,194.00999450683597,190.8000030517578,190.9600067138672,190.10366821289065,1976500
2024-01-31,HLT,194.0,194.00999450683597,190.8000030517578,190.9600067138672,190.10366821289065,1976500
2024-02-01,HLT,191.8000030517578,193.7400054931641,190.25999450683597,193.72000122070312,192.85130310058597,1541800
2024-02-01,HLT,191.8000030517578,193.7400054931641,190.25999450683597,193.72000122070312,192.85130310058597,1541800
2024-02-02,HLT,193.6000061035156,196.17999267578125,192.44000244140625,195.00999450683597,194.1355133056641,1625700
2024-02-02,HLT,193.6000061035156,196.17999267578125,192.44000244140625,195.00999450683597,194.1355133056641,1625700
2024-02-05,HLT,194.19000244140625,194.3300018310547,192.0,193.6699981689453,192.8015289306641,1483400
2024-02-05,HLT,194.19000244140625,194.3300018310547,192.0,193.6699981689453,192.8015289306641,1483400
2024-02-06,HLT,193.92999267578125,194.8000030517578,191.92999267578125,194.6199951171875,193.7472686767578,1887900
2024-02-06,HLT,193.92999267578125,194.8000030517578,191.92999267578125,194.6199951171875,193.7472686767578,1887900
2024-02-07,HLT,192.5,198.1499938964844,191.2899932861328,196.02999877929688,195.1509246826172,1777300
2024-02-07,HLT,192.5,198.1499938964844,191.2899932861328,196.02999877929688,195.1509246826172,1777300
2024-02-08,HLT,197.6300048828125,197.94000244140625,191.9499969482422,194.5500030517578,193.6775665283203,1625200
2024-02-08,HLT,197.6300048828125,197.94000244140625,191.9499969482422,194.5500030517578,193.6775665283203,1625200
2024-02-09,HLT,193.7400054931641,194.0200042724609,191.67999267578125,192.16000366210935,191.29827880859372,1602900
2024-02-09,HLT,193.7400054931641,194.0200042724609,191.67999267578125,192.16000366210935,191.29827880859372,1602900
2024-02-12,HLT,191.97000122070312,193.83999633789065,191.6699981689453,193.57000732421875,192.70196533203125,1373800
2024-02-12,HLT,191.97000122070312,193.83999633789065,191.6699981689453,193.57000732421875,192.70196533203125,1373800
2024-02-13,HLT,190.2100067138672,190.80999755859372,186.8300018310547,190.1100006103516,189.2574920654297,2392300
2024-02-13,HLT,190.2100067138672,190.80999755859372,186.8300018310547,190.1100006103516,189.2574920654297,2392300
2024-02-14,HLT,190.8500061035156,192.7700042724609,189.7700042724609,192.6999969482422,191.83587646484372,1643800
2024-02-14,HLT,190.8500061035156,192.7700042724609,189.7700042724609,192.6999969482422,191.83587646484372,1643800
2024-02-15,HLT,193.5,196.55999755859372,193.42999267578125,196.16000366210935,195.2803497314453,1749500
2024-02-15,HLT,193.5,196.55999755859372,193.42999267578125,196.16000366210935,195.2803497314453,1749500
2024-02-16,HLT,195.4900054931641,198.0500030517578,194.8600006103516,197.57000732421875,196.68405151367188,1735200
2024-02-16,HLT,195.4900054931641,198.0500030517578,194.8600006103516,197.57000732421875,196.68405151367188,1735200
2024-02-20,HLT,198.1000061035156,198.92999267578125,196.72000122070312,197.08999633789065,196.2061767578125,1535300
2024-02-20,HLT,198.1000061035156,198.92999267578125,196.72000122070312,197.08999633789065,196.2061767578125,1535300
2024-02-21,HLT,196.9900054931641,199.3500061035156,196.67999267578125,199.0399932861328,198.1474456787109,1160100
2024-02-21,HLT,196.9900054931641,199.3500061035156,196.67999267578125,199.0399932861328,198.1474456787109,1160100
2024-02-22,HLT,200.72999572753903,203.91000366210935,200.0,202.4499969482422,201.69415283203125,1697800
2024-02-22,HLT,200.72999572753903,203.91000366210935,200.0,202.4499969482422,201.69415283203125,1697800
2024-02-23,HLT,202.1100006103516,204.83999633789065,202.00999450683597,204.5399932861328,203.77633666992188,1584900
2024-02-23,HLT,202.1100006103516,204.83999633789065,202.00999450683597,204.5399932861328,203.77633666992188,1584900
2024-02-26,HLT,204.5399932861328,204.8699951171875,202.5,203.00999450683597,202.25205993652344,1038300
2024-02-26,HLT,204.5399932861328,204.8699951171875,202.5,203.00999450683597,202.25205993652344,1038300
2024-02-27,HLT,203.00999450683597,204.13999938964844,202.66000366210935,203.58999633789065,202.8299102783203,1035200
2024-02-27,HLT,203.00999450683597,204.13999938964844,202.66000366210935,203.58999633789065,202.8299102783203,1035200
2024-02-28,HLT,202.8999938964844,205.5,202.8999938964844,203.9600067138672,203.19851684570312,1490400
2024-02-28,HLT,202.8999938964844,205.5,202.8999938964844,203.9600067138672,203.19851684570312,1490400
2024-02-29,HLT,203.75,205.0399932861328,202.52999877929688,204.32000732421875,203.55718994140625,3012400
2024-02-29,HLT,203.75,205.0399932861328,202.52999877929688,204.32000732421875,203.55718994140625,3012400
2024-03-01,HLT,203.9499969482422,205.3800048828125,202.5,204.8800048828125,204.11509704589844,1272600
2024-03-01,HLT,203.9499969482422,205.3800048828125,202.5,204.8800048828125,204.11509704589844,1272600
2024-03-04,HLT,204.52999877929688,204.91000366210935,202.02999877929688,202.41000366210935,201.65431213378903,1170000
2024-03-04,HLT,204.52999877929688,204.91000366210935,202.02999877929688,202.41000366210935,201.65431213378903,1170000
2024-03-05,HLT,202.1100006103516,203.9499969482422,200.8500061035156,203.80999755859372,203.0490875244141,1396400
2024-03-05,HLT,202.1100006103516,203.9499969482422,200.8500061035156,203.80999755859372,203.0490875244141,1396400
2024-03-06,HLT,204.1100006103516,206.6499938964844,203.47999572753903,203.6100006103516,202.84983825683597,1277900
2024-03-06,HLT,204.1100006103516,206.6499938964844,203.47999572753903,203.6100006103516,202.84983825683597,1277900
2024-03-07,HLT,204.77999877929688,205.2400054931641,203.3000030517578,204.94000244140625,204.1748504638672,1115400
2024-03-07,HLT,204.77999877929688,205.2400054931641,203.3000030517578,204.94000244140625,204.1748504638672,1115400
2024-03-08,HLT,204.27999877929688,206.63999938964844,204.02999877929688,205.7100067138672,204.9419708251953,932300
2024-03-08,HLT,204.27999877929688,206.63999938964844,204.02999877929688,205.7100067138672,204.9419708251953,932300
2024-03-11,HLT,205.3999938964844,205.63999938964844,202.77999877929688,204.19000244140625,203.4276580810547,840700
2024-03-11,HLT,205.3999938964844,205.63999938964844,202.77999877929688,204.19000244140625,203.4276580810547,840700
2024-03-12,HLT,205.1999969482422,207.94000244140625,204.91000366210935,207.02999877929688,206.25704956054688,973600
2024-03-12,HLT,205.1999969482422,207.94000244140625,204.91000366210935,207.02999877929688,206.25704956054688,973600
2024-03-13,HLT,207.33999633789065,209.1300048828125,206.55999755859372,208.52999877929688,207.7514495849609,1272500
2024-03-13,HLT,207.33999633789065,209.1300048828125,206.55999755859372,208.52999877929688,207.7514495849609,1272500
2024-03-14,HLT,209.55999755859372,209.7100067138672,206.1499938964844,206.9199981689453,206.1474609375,1742000
2024-03-14,HLT,209.55999755859372,209.7100067138672,206.1499938964844,206.9199981689453,206.1474609375,1742000
2024-03-15,HLT,204.7100067138672,207.19000244140625,203.91000366210935,204.66000366210935,203.8959197998047,3029500
2024-03-15,HLT,204.7100067138672,207.19000244140625,203.91000366210935,204.66000366210935,203.8959197998047,3029500
2024-03-18,HLT,206.08999633789065,207.9600067138672,205.00999450683597,206.5,205.72903442382807,2349400
2024-03-18,HLT,206.08999633789065,207.9600067138672,205.00999450683597,206.5,205.72903442382807,2349400
2024-03-19,HLT,207.2899932861328,208.7700042724609,207.05999755859372,208.1199951171875,207.3429718017578,1038500
2024-03-19,HLT,207.2899932861328,208.7700042724609,207.05999755859372,208.1199951171875,207.3429718017578,1038500
2024-03-20,HLT,208.58999633789065,211.52999877929688,207.97000122070312,210.50999450683597,209.7240447998047,1340300
2024-03-20,HLT,208.58999633789065,211.52999877929688,207.97000122070312,210.50999450683597,209.7240447998047,1340300
2024-03-21,HLT,211.44000244140625,211.8600006103516,210.25,210.5500030517578,209.763916015625,1462600
2024-03-21,HLT,211.44000244140625,211.8600006103516,210.25,210.5500030517578,209.763916015625,1462600
2024-03-22,HLT,210.52999877929688,211.6999969482422,210.4600067138672,211.3000030517578,210.51112365722656,1045700
2024-03-22,HLT,210.52999877929688,211.6999969482422,210.4600067138672,211.3000030517578,210.51112365722656,1045700
2024-03-25,HLT,210.75,211.22000122070312,208.8500061035156,210.1199951171875,209.33551025390625,1176400
2024-03-25,HLT,210.75,211.22000122070312,208.8500061035156,210.1199951171875,209.33551025390625,1176400
2024-03-26,HLT,212.82000732421875,213.7400054931641,212.25999450683597,213.0399932861328,212.24459838867188,1482700
2024-03-26,HLT,212.82000732421875,213.7400054931641,212.25999450683597,213.0399932861328,212.24459838867188,1482700
2024-03-27,HLT,214.1699981689453,215.13999938964844,212.33999633789065,214.33999633789065,213.5397491455078,1225100
2024-03-27,HLT,214.1699981689453,215.13999938964844,212.33999633789065,214.33999633789065,213.5397491455078,1225100
2024-03-28,HLT,214.6300048828125,215.7899932861328,213.0500030517578,213.30999755859372,212.51361083984372,1247500
2024-03-28,HLT,214.6300048828125,215.7899932861328,213.0500030517578,213.30999755859372,212.51361083984372,1247500
2024-04-01,HLT,213.30999755859372,214.57000732421875,212.1999969482422,212.6999969482422,211.9058990478516,1038900
2024-04-01,HLT,213.30999755859372,214.57000732421875,212.1999969482422,212.6999969482422,211.9058990478516,1038900
2024-04-02,HLT,211.1699981689453,211.67999267578125,210.22999572753903,210.3699951171875,209.5845642089844,1412800
2024-04-02,HLT,211.1699981689453,211.67999267578125,210.22999572753903,210.3699951171875,209.5845642089844,1412800
2024-04-03,HLT,210.88999938964844,213.0200042724609,210.7400054931641,212.1699981689453,211.3778533935547,1163400
2024-04-03,HLT,210.88999938964844,213.0200042724609,210.7400054931641,212.1699981689453,211.3778533935547,1163400
2024-04-04,HLT,214.07000732421875,214.72000122070312,207.69000244140625,208.7899932861328,208.01048278808597,1233800
2024-04-04,HLT,214.07000732421875,214.72000122070312,207.69000244140625,208.7899932861328,208.01048278808597,1233800
2024-04-05,HLT,209.25999450683597,212.19000244140625,208.3999938964844,211.69000244140625,210.89964294433597,1379700
2024-04-05,HLT,209.25999450683597,212.19000244140625,208.3999938964844,211.69000244140625,210.89964294433597,1379700
2024-04-08,HLT,211.57000732421875,212.6300048828125,211.1499938964844,211.5800018310547,210.79006958007807,1086300
2024-04-08,HLT,211.57000732421875,212.6300048828125,211.1499938964844,211.5800018310547,210.79006958007807,1086300
2024-04-09,HLT,212.2100067138672,212.72999572753903,208.1100006103516,209.91000366210935,209.1262969970703,935900
2024-04-09,HLT,212.2100067138672,212.72999572753903,208.1100006103516,209.91000366210935,209.1262969970703,935900
2024-04-10,HLT,209.1499938964844,209.94000244140625,208.0399932861328,209.58999633789065,208.8074951171875,1149300
2024-04-10,HLT,209.1499938964844,209.94000244140625,208.0399932861328,209.58999633789065,208.8074951171875,1149300
2024-04-11,HLT,208.88999938964844,212.1499938964844,207.7899932861328,210.75999450683597,209.9731292724609,1288600
2024-04-11,HLT,208.88999938964844,212.1499938964844,207.7899932861328,210.75999450683597,209.9731292724609,1288600
2024-04-12,HLT,208.67999267578125,209.1199951171875,204.22999572753903,205.1000061035156,204.3342742919922,1638100
2024-04-12,HLT,208.67999267578125,209.1199951171875,204.22999572753903,205.1000061035156,204.3342742919922,1638100
2024-04-15,HLT,209.19000244140625,210.1000061035156,204.38999938964844,204.42999267578125,203.666748046875,1202000
2024-04-15,HLT,209.19000244140625,210.1000061035156,204.38999938964844,204.42999267578125,203.666748046875,1202000
2024-04-16,HLT,203.75999450683597,205.4900054931641,202.27999877929688,202.5,201.74395751953125,1023000
2024-04-16,HLT,203.75999450683597,205.4900054931641,202.27999877929688,202.5,201.74395751953125,1023000
2024-04-17,HLT,202.6300048828125,203.6100006103516,199.6199951171875,200.47999572753903,199.73150634765625,1936000
2024-04-17,HLT,202.6300048828125,203.6100006103516,199.6199951171875,200.47999572753903,199.73150634765625,1936000
2024-04-18,HLT,201.22000122070312,202.1000061035156,197.92999267578125,198.82000732421875,198.07769775390625,1273600
2024-04-18,HLT,201.22000122070312,202.1000061035156,197.92999267578125,198.82000732421875,198.07769775390625,1273600
2024-04-19,HLT,198.94000244140625,200.0500030517578,193.8600006103516,194.47000122070312,193.7439422607422,2592100
2024-04-19,HLT,198.94000244140625,200.0500030517578,193.8600006103516,194.47000122070312,193.7439422607422,2592100
2024-04-22,HLT,196.08999633789065,197.05999755859372,194.1199951171875,195.13999938964844,194.4114532470703,1898700
2024-04-22,HLT,196.08999633789065,197.05999755859372,194.1199951171875,195.13999938964844,194.4114532470703,1898700
2024-04-23,HLT,195.2400054931641,197.72000122070312,194.7100067138672,197.0399932861328,196.30435180664065,2142700
2024-04-23,HLT,195.2400054931641,197.72000122070312,194.7100067138672,197.0399932861328,196.30435180664065,2142700
2024-04-24,HLT,205.55999755859372,210.33999633789065,204.22999572753903,204.6999969482422,203.9357452392578,3141300
2024-04-24,HLT,205.55999755859372,210.33999633789065,204.22999572753903,204.6999969482422,203.9357452392578,3141300
2024-04-25,HLT,203.0800018310547,204.8600006103516,202.0399932861328,203.92999267578125,203.1686248779297,2083900
2024-04-25,HLT,203.0800018310547,204.8600006103516,202.0399932861328,203.92999267578125,203.1686248779297,2083900
2024-04-26,HLT,203.30999755859372,205.1000061035156,201.97000122070312,202.1199951171875,201.3653717041016,1573000
2024-04-26,HLT,203.30999755859372,205.1000061035156,201.97000122070312,202.1199951171875,201.3653717041016,1573000
2024-04-29,HLT,202.3300018310547,204.47000122070312,201.3999938964844,202.16000366210935,201.4052581787109,1134600
2024-04-29,HLT,202.3300018310547,204.47000122070312,201.3999938964844,202.16000366210935,201.4052581787109,1134600
2024-04-30,HLT,201.6100006103516,202.1499938964844,197.02999877929688,197.27999877929688,196.5434417724609,1756300
2024-04-30,HLT,201.6100006103516,202.1499938964844,197.02999877929688,197.27999877929688,196.5434417724609,1756300
2024-05-01,HLT,196.69000244140625,200.63999938964844,196.0,197.7400054931641,197.0017242431641,1694100
2024-05-01,HLT,196.69000244140625,200.63999938964844,196.0,197.7400054931641,197.0017242431641,1694100
2024-05-02,HLT,198.75999450683597,198.75999450683597,196.72000122070312,197.52999877929688,196.79251098632807,1466200
2024-05-02,HLT,198.75999450683597,198.75999450683597,196.72000122070312,197.52999877929688,196.79251098632807,1466200
2024-05-03,HLT,198.6499938964844,200.27999877929688,197.33999633789065,197.5399932861328,196.80247497558597,1853100
2024-05-03,HLT,198.6499938964844,200.27999877929688,197.33999633789065,197.5399932861328,196.80247497558597,1853100
2024-05-06,HLT,198.5800018310547,200.27999877929688,198.2700042724609,200.1000061035156,199.35292053222656,903900
2024-05-06,HLT,198.5800018310547,200.27999877929688,198.2700042724609,200.1000061035156,199.35292053222656,903900
2024-05-07,HLT,200.3000030517578,201.47000122070312,199.08999633789065,199.7100067138672,198.9644012451172,902100
2024-05-07,HLT,200.3000030517578,201.47000122070312,199.08999633789065,199.7100067138672,198.9644012451172,902100
2024-05-08,HLT,199.0,200.63999938964844,198.4900054931641,200.38999938964844,199.64183044433597,990900
2024-05-08,HLT,199.0,200.63999938964844,198.4900054931641,200.38999938964844,199.64183044433597,990900
2024-05-09,HLT,198.72999572753903,203.72999572753903,197.1699981689453,203.47999572753903,202.72032165527344,1476900
2024-05-09,HLT,198.72999572753903,203.72999572753903,197.1699981689453,203.47999572753903,202.72032165527344,1476900
2024-05-10,HLT,204.8000030517578,208.3300018310547,204.47999572753903,208.0800018310547,207.3031311035156,2431300
2024-05-10,HLT,204.8000030517578,208.3300018310547,204.47999572753903,208.0800018310547,207.3031311035156,2431300
2024-05-13,HLT,208.6300048828125,209.0,205.00999450683597,206.08999633789065,205.320556640625,1912500
2024-05-13,HLT,208.6300048828125,209.0,205.00999450683597,206.08999633789065,205.320556640625,1912500
2024-05-14,HLT,205.9600067138672,206.4900054931641,203.02999877929688,205.3000030517578,204.5335235595703,2096700
2024-05-14,HLT,205.9600067138672,206.4900054931641,203.02999877929688,205.3000030517578,204.5335235595703,2096700
2024-05-15,HLT,205.1699981689453,207.66000366210935,204.00999450683597,204.57000732421875,203.80625915527344,2111900
2024-05-15,HLT,205.1699981689453,207.66000366210935,204.00999450683597,204.57000732421875,203.80625915527344,2111900
2024-05-16,HLT,204.7700042724609,206.83999633789065,204.0800018310547,205.7899932861328,205.172119140625,1511300
2024-05-16,HLT,204.7700042724609,206.83999633789065,204.0800018310547,205.7899932861328,205.172119140625,1511300
2024-05-17,HLT,206.5,206.91000366210935,204.1300048828125,204.19000244140625,203.57693481445312,899700
2024-05-17,HLT,206.5,206.91000366210935,204.1300048828125,204.19000244140625,203.57693481445312,899700
2024-05-20,HLT,204.42999267578125,207.1499938964844,204.42999267578125,205.57000732421875,204.9528045654297,1131500
2024-05-20,HLT,204.42999267578125,207.1499938964844,204.42999267578125,205.57000732421875,204.9528045654297,1131500
2024-05-21,HLT,205.30999755859372,206.2700042724609,203.57000732421875,205.8000030517578,205.1821136474609,1699600
2024-05-21,HLT,205.30999755859372,206.2700042724609,203.57000732421875,205.8000030517578,205.1821136474609,1699600
2024-05-22,HLT,205.33999633789065,207.58999633789065,202.5200042724609,204.42999267578125,203.81619262695312,3077400
2024-05-22,HLT,205.33999633789065,207.58999633789065,202.5200042724609,204.42999267578125,203.81619262695312,3077400
2024-05-23,HLT,204.8600006103516,204.8600006103516,199.30999755859372,200.02999877929688,199.4293975830078,1916200
2024-05-23,HLT,204.8600006103516,204.8600006103516,199.30999755859372,200.02999877929688,199.4293975830078,1916200
2024-05-24,HLT,200.8600006103516,203.3600006103516,200.3500061035156,203.2400054931641,202.6297912597656,1429900
2024-05-24,HLT,200.8600006103516,203.3600006103516,200.3500061035156,203.2400054931641,202.6297912597656,1429900
2024-05-28,HLT,202.7100067138672,203.8300018310547,199.3800048828125,200.0,199.3995056152344,1133800
2024-05-28,HLT,202.7100067138672,203.8300018310547,199.3800048828125,200.0,199.3995056152344,1133800
2024-05-29,HLT,198.38999938964844,198.38999938964844,195.4199981689453,196.47999572753903,195.89010620117188,1864900
2024-05-29,HLT,198.38999938964844,198.38999938964844,195.4199981689453,196.47999572753903,195.89010620117188,1864900
2024-05-30,HLT,197.0500030517578,197.91000366210935,194.92999267578125,196.52999877929688,195.93994140625,1603600
2024-05-30,HLT,197.0500030517578,197.91000366210935,194.92999267578125,196.52999877929688,195.93994140625,1603600
2024-05-31,HLT,197.3500061035156,200.80999755859372,196.2899932861328,200.6000061035156,199.9977264404297,3477200
2024-05-31,HLT,197.3500061035156,200.80999755859372,196.2899932861328,200.6000061035156,199.9977264404297,3477200
2024-06-03,HLT,200.7100067138672,201.3999938964844,195.97000122070312,198.16000366210935,197.56504821777344,1761100
2024-06-03,HLT,200.7100067138672,201.3999938964844,195.97000122070312,198.16000366210935,197.56504821777344,1761100
2024-06-04,HLT,197.0200042724609,201.75,197.0200042724609,200.44000244140625,199.83819580078125,2258600
2024-06-04,HLT,197.0200042724609,201.75,197.0200042724609,200.44000244140625,199.83819580078125,2258600
2024-06-05,HLT,201.3999938964844,202.7899932861328,199.0500030517578,202.5800018310547,201.9717712402344,1406300
2024-06-05,HLT,201.3999938964844,202.7899932861328,199.0500030517578,202.5800018310547,201.9717712402344,1406300
2024-06-06,HLT,202.6000061035156,204.5200042724609,200.0500030517578,201.1699981689453,200.5659942626953,1466600
2024-06-06,HLT,202.6000061035156,204.5200042724609,200.0500030517578,201.1699981689453,200.5659942626953,1466600
2024-06-07,HLT,200.6699981689453,202.25,200.2899932861328,202.17999267578125,201.57298278808597,1303100
2024-06-07,HLT,200.6699981689453,202.25,200.2899932861328,202.17999267578125,201.57298278808597,1303100
2024-06-10,HLT,201.57000732421875,205.33999633789065,201.50999450683597,204.82000732421875,204.2050628662109,1535200
2024-06-10,HLT,201.57000732421875,205.33999633789065,201.50999450683597,204.82000732421875,204.2050628662109,1535200
2024-06-11,HLT,204.02999877929688,206.05999755859372,202.47999572753903,205.8800048828125,205.2618560791016,1394300
2024-06-11,HLT,204.02999877929688,206.05999755859372,202.47999572753903,205.8800048828125,205.2618560791016,1394300
2024-06-12,HLT,207.22000122070312,211.05999755859372,207.13999938964844,210.7100067138672,210.07736206054688,1609500
2024-06-12,HLT,207.22000122070312,211.05999755859372,207.13999938964844,210.7100067138672,210.07736206054688,1609500
2024-06-13,HLT,210.3000030517578,211.92999267578125,208.1100006103516,211.63999938964844,211.0045623779297,1266600
2024-06-13,HLT,210.3000030517578,211.92999267578125,208.1100006103516,211.63999938964844,211.0045623779297,1266600
2024-06-14,HLT,210.13999938964844,210.6100006103516,207.80999755859372,210.32000732421875,209.68853759765625,1192400
2024-06-14,HLT,210.13999938964844,210.6100006103516,207.80999755859372,210.32000732421875,209.68853759765625,1192400
2024-06-17,HLT,209.9600067138672,214.8500061035156,209.16000366210935,214.6199951171875,213.97560119628903,1636200
2024-06-17,HLT,209.9600067138672,214.8500061035156,209.16000366210935,214.6199951171875,213.97560119628903,1636200
2024-06-18,HLT,215.0,216.8999938964844,213.8800048828125,216.0,215.3514862060547,1689300
2024-06-18,HLT,215.0,216.8999938964844,213.8800048828125,216.0,215.3514862060547,1689300
2024-06-20,HLT,215.7100067138672,218.4499969482422,215.4499969482422,217.80999755859372,217.15603637695312,2265500
2024-06-20,HLT,215.7100067138672,218.4499969482422,215.4499969482422,217.80999755859372,217.15603637695312,2265500
2024-06-21,HLT,217.5,217.6000061035156,213.97999572753903,215.8800048828125,215.2318420410156,2128800
2024-06-21,HLT,217.5,217.6000061035156,213.97999572753903,215.8800048828125,215.2318420410156,2128800
2024-06-24,HLT,216.0,217.38999938964844,214.3300018310547,217.0399932861328,216.3883209228516,1727100
2024-06-24,HLT,216.0,217.38999938964844,214.3300018310547,217.0399932861328,216.3883209228516,1727100
2024-06-25,HLT,217.7100067138672,218.4199981689453,214.1999969482422,215.0800018310547,214.4342193603516,1364200
2024-06-25,HLT,217.7100067138672,218.4199981689453,214.1999969482422,215.0800018310547,214.4342193603516,1364200
2024-06-26,HLT,214.19000244140625,215.0,211.97999572753903,213.0500030517578,212.41033935546875,1327500
2024-06-26,HLT,214.19000244140625,215.0,211.97999572753903,213.0500030517578,212.41033935546875,1327500
2024-06-27,HLT,213.52999877929688,215.5200042724609,212.6999969482422,215.07000732421875,214.42428588867188,1728700
2024-06-27,HLT,213.52999877929688,215.5200042724609,212.6999969482422,215.07000732421875,214.42428588867188,1728700
2024-06-28,HLT,215.1100006103516,218.5800018310547,215.1100006103516,218.1999969482422,217.5448760986328,3934300
2024-06-28,HLT,215.1100006103516,218.5800018310547,215.1100006103516,218.1999969482422,217.5448760986328,3934300
2024-07-01,HLT,218.72999572753903,218.8300018310547,212.44000244140625,214.22999572753903,213.5867919921875,1573800
2024-07-01,HLT,218.72999572753903,218.8300018310547,212.44000244140625,214.22999572753903,213.5867919921875,1573800
2024-07-02,HLT,214.3600006103516,215.9499969482422,213.22000122070312,215.6000061035156,214.9526824951172,999500
2024-07-02,HLT,214.3600006103516,215.9499969482422,213.22000122070312,215.6000061035156,214.9526824951172,999500
2024-07-03,HLT,216.2899932861328,217.25999450683597,215.3500061035156,216.1199951171875,215.4710998535156,734400
2024-07-03,HLT,216.2899932861328,217.25999450683597,215.3500061035156,216.1199951171875,215.4710998535156,734400
2024-07-05,HLT,216.5200042724609,216.5200042724609,213.0399932861328,214.41000366210935,213.7662506103516,1193500
2024-07-05,HLT,216.5200042724609,216.5200042724609,213.0399932861328,214.41000366210935,213.7662506103516,1193500
2024-07-08,HLT,215.3999938964844,216.33999633789065,213.19000244140625,214.57000732421875,213.92578125,1172100
2024-07-08,HLT,215.3999938964844,216.33999633789065,213.19000244140625,214.57000732421875,213.92578125,1172100
2024-07-09,HLT,214.52999877929688,218.2100067138672,214.3999938964844,215.25,214.60372924804688,1541100
2024-07-09,HLT,214.52999877929688,218.2100067138672,214.3999938964844,215.25,214.60372924804688,1541100
2024-07-10,HLT,214.22999572753903,220.0,214.22999572753903,219.8500061035156,219.1899261474609,1777700
2024-07-10,HLT,214.22999572753903,220.0,214.22999572753903,219.8500061035156,219.1899261474609,1777700
2024-07-11,HLT,220.0,220.1000061035156,216.4499969482422,216.8600006103516,216.2089080810547,1644000
2024-07-11,HLT,220.0,220.1000061035156,216.4499969482422,216.8600006103516,216.2089080810547,1644000
2024-07-12,HLT,217.8800048828125,222.4199981689453,216.5399932861328,220.72000122070312,220.0572967529297,1794900
2024-07-12,HLT,217.8800048828125,222.4199981689453,216.5399932861328,220.72000122070312,220.0572967529297,1794900
2024-07-15,HLT,221.27999877929688,223.1199951171875,220.41000366210935,222.9900054931641,222.32049560546875,1500000
2024-07-15,HLT,221.27999877929688,223.1199951171875,220.41000366210935,222.9900054931641,222.32049560546875,1500000
2024-07-16,HLT,224.0,229.02999877929688,224.0,228.19000244140625,227.5048675537109,1648100
2024-07-16,HLT,224.0,229.02999877929688,224.0,228.19000244140625,227.5048675537109,1648100
2024-07-17,HLT,226.5,227.00999450683597,219.2899932861328,219.7899932861328,219.1300811767578,2044700
2024-07-17,HLT,226.5,227.00999450683597,219.2899932861328,219.7899932861328,219.1300811767578,2044700
2024-07-18,HLT,219.2700042724609,221.3800048828125,217.50999450683597,219.0,218.34246826171875,1287200
2024-07-18,HLT,219.2700042724609,221.3800048828125,217.50999450683597,219.0,218.34246826171875,1287200
2024-07-19,HLT,219.19000244140625,220.16000366210935,216.8800048828125,219.19000244140625,218.53192138671875,1594800
2024-07-19,HLT,219.19000244140625,220.16000366210935,216.8800048828125,219.19000244140625,218.53192138671875,1594800
2024-07-22,HLT,218.91000366210935,220.69000244140625,215.55999755859372,220.1499938964844,219.48899841308597,1189500
2024-07-22,HLT,218.91000366210935,220.69000244140625,215.55999755859372,220.1499938964844,219.48899841308597,1189500
2024-07-23,HLT,219.58999633789065,222.88999938964844,218.97000122070312,220.66000366210935,219.9974822998047,1046500
2024-07-23,HLT,219.58999633789065,222.88999938964844,218.97000122070312,220.66000366210935,219.9974822998047,1046500
2024-07-24,HLT,219.3000030517578,219.66000366210935,214.2100067138672,214.6000061035156,213.9556884765625,1365300
2024-07-24,HLT,219.3000030517578,219.66000366210935,214.2100067138672,214.6000061035156,213.9556884765625,1365300
2024-07-25,HLT,214.1499938964844,216.7899932861328,211.1000061035156,213.17999267578125,212.53993225097656,1887200
2024-07-25,HLT,214.1499938964844,216.7899932861328,211.1000061035156,213.17999267578125,212.53993225097656,1887200
2024-07-26,HLT,215.05999755859372,217.08999633789065,213.77999877929688,215.6100006103516,214.96263122558597,1615600
2024-07-26,HLT,215.05999755859372,217.08999633789065,213.77999877929688,215.6100006103516,214.96263122558597,1615600
2024-07-29,HLT,215.8000030517578,218.2700042724609,215.22999572753903,217.82000732421875,217.166015625,1171200
2024-07-29,HLT,215.8000030517578,218.2700042724609,215.22999572753903,217.82000732421875,217.166015625,1171200
2024-07-30,HLT,218.67999267578125,221.4199981689453,218.08999633789065,218.75999450683597,218.10317993164065,1230900
2024-07-30,HLT,218.67999267578125,221.4199981689453,218.08999633789065,218.75999450683597,218.10317993164065,1230900
2024-07-31,HLT,215.25,217.0399932861328,211.8600006103516,214.6699981689453,214.02545166015625,2871800
2024-07-31,HLT,215.25,217.0399932861328,211.8600006103516,214.6699981689453,214.02545166015625,2871800
2024-08-01,HLT,214.66000366210935,215.16000366210935,206.6100006103516,208.7100067138672,208.08335876464844,2863400
2024-08-01,HLT,214.66000366210935,215.16000366210935,206.6100006103516,208.7100067138672,208.08335876464844,2863400
2024-08-02,HLT,203.9499969482422,205.6499938964844,200.0,204.9600067138672,204.3446350097656,2507700
2024-08-02,HLT,203.9499969482422,205.6499938964844,200.0,204.9600067138672,204.3446350097656,2507700
2024-08-05,HLT,199.6699981689453,202.83999633789065,197.6499938964844,201.82000732421875,201.2140655517578,2470500
2024-08-05,HLT,199.6699981689453,202.83999633789065,197.6499938964844,201.82000732421875,201.2140655517578,2470500
2024-08-06,HLT,204.07000732421875,209.22999572753903,203.1699981689453,207.1199951171875,206.4981231689453,2313500
2024-08-06,HLT,204.07000732421875,209.22999572753903,203.1699981689453,207.1199951171875,206.4981231689453,2313500
2024-08-07,HLT,207.63999938964844,208.63999938964844,201.1100006103516,203.5200042724609,202.908935546875,3470000
2024-08-07,HLT,207.63999938964844,208.63999938964844,201.1100006103516,203.5200042724609,202.908935546875,3470000
2024-08-08,HLT,203.1699981689453,206.5,203.1699981689453,205.0399932861328,204.42437744140625,1967300
2024-08-08,HLT,203.1699981689453,206.5,203.1699981689453,205.0399932861328,204.42437744140625,1967300
2024-08-09,HLT,205.1999969482422,208.25999450683597,204.50999450683597,206.32000732421875,205.70054626464844,1210600
2024-08-09,HLT,205.1999969482422,208.25999450683597,204.50999450683597,206.32000732421875,205.70054626464844,1210600
2024-08-12,HLT,206.41000366210935,207.0,204.8999938964844,205.58999633789065,204.97271728515625,1383300
2024-08-12,HLT,206.41000366210935,207.0,204.8999938964844,205.58999633789065,204.97271728515625,1383300
2024-08-13,HLT,206.5200042724609,206.6699981689453,204.5500030517578,205.16000366210935,204.5440216064453,1528400
2024-08-13,HLT,206.5200042724609,206.6699981689453,204.5500030517578,205.16000366210935,204.5440216064453,1528400
2024-08-14,HLT,204.27999877929688,207.92999267578125,204.0200042724609,207.7899932861328,207.16612243652344,1562800
2024-08-14,HLT,204.27999877929688,207.92999267578125,204.0200042724609,207.7899932861328,207.16612243652344,1562800
2024-08-15,HLT,209.44000244140625,211.25999450683597,209.08999633789065,210.58999633789065,209.95770263671875,1951100
2024-08-15,HLT,209.44000244140625,211.25999450683597,209.08999633789065,210.58999633789065,209.95770263671875,1951100
2024-08-16,HLT,210.4199981689453,213.0200042724609,209.94000244140625,212.4600067138672,211.8220977783203,2628200
2024-08-16,HLT,210.4199981689453,213.0200042724609,209.94000244140625,212.4600067138672,211.8220977783203,2628200
2024-08-19,HLT,212.6999969482422,215.44000244140625,212.3300018310547,214.5500030517578,213.9058380126953,1118400
2024-08-19,HLT,212.6999969482422,215.44000244140625,212.3300018310547,214.5500030517578,213.9058380126953,1118400
2024-08-20,HLT,214.13999938964844,214.80999755859372,212.1699981689453,212.41000366210935,211.7722625732422,805900
2024-08-20,HLT,214.13999938964844,214.80999755859372,212.1699981689453,212.41000366210935,211.7722625732422,805900
2024-08-21,HLT,213.4600067138672,216.55999755859372,213.00999450683597,216.42999267578125,215.7801818847656,1323700
2024-08-21,HLT,213.4600067138672,216.55999755859372,213.00999450683597,216.42999267578125,215.7801818847656,1323700
2024-08-22,HLT,216.6100006103516,217.8300018310547,215.3600006103516,215.8300018310547,215.18199157714844,875600
2024-08-22,HLT,216.6100006103516,217.8300018310547,215.3600006103516,215.8300018310547,215.18199157714844,875600
2024-08-23,HLT,216.25,218.57000732421875,216.25,217.08999633789065,216.58872985839844,976300
2024-08-23,HLT,216.25,218.57000732421875,216.25,217.08999633789065,216.58872985839844,976300
2024-08-26,HLT,218.0,219.3000030517578,214.2400054931641,215.2899932861328,214.7928771972656,1224900
2024-08-26,HLT,218.0,219.3000030517578,214.2400054931641,215.2899932861328,214.7928771972656,1224900
2024-08-27,HLT,215.25,219.25,214.22000122070312,218.33999633789065,217.8358459472656,1005300
2024-08-27,HLT,215.25,219.25,214.22000122070312,218.33999633789065,217.8358459472656,1005300
2024-08-28,HLT,217.8500061035156,218.3999938964844,216.2899932861328,217.0800018310547,216.57876586914065,1637400
2024-08-28,HLT,217.8500061035156,218.3999938964844,216.2899932861328,217.0800018310547,216.57876586914065,1637400
2024-08-29,HLT,219.4199981689453,220.4600067138672,217.30999755859372,217.66000366210935,217.1574249267578,1196000
2024-08-29,HLT,219.4199981689453,220.4600067138672,217.30999755859372,217.66000366210935,217.1574249267578,1196000
2024-08-30,HLT,218.66000366210935,220.1499938964844,217.0,219.63999938964844,219.13284301757807,1582400
2024-08-30,HLT,218.66000366210935,220.1499938964844,217.0,219.63999938964844,219.13284301757807,1582400
2024-09-03,HLT,219.07000732421875,220.00999450683597,214.4600067138672,215.6499938964844,215.1520538330078,1581400
2024-09-03,HLT,219.07000732421875,220.00999450683597,214.4600067138672,215.6499938964844,215.1520538330078,1581400
2024-09-04,HLT,214.83999633789065,215.1199951171875,212.97999572753903,214.25,213.7552795410156,1043000
2024-09-04,HLT,214.83999633789065,215.1199951171875,212.97999572753903,214.25,213.7552795410156,1043000
2024-09-05,HLT,214.80999755859372,216.47999572753903,213.27999877929688,216.0,215.50125122070312,1273900
2024-09-05,HLT,214.80999755859372,216.47999572753903,213.27999877929688,216.0,215.50125122070312,1273900
2024-09-06,HLT,216.55999755859372,219.47999572753903,212.88999938964844,213.1000061035156,212.60794067382807,1492800
2024-09-06,HLT,216.55999755859372,219.47999572753903,212.88999938964844,213.1000061035156,212.60794067382807,1492800
2024-09-09,HLT,214.75,217.42999267578125,214.47999572753903,214.94000244140625,214.44369506835935,1654300
2024-09-09,HLT,214.75,217.42999267578125,214.47999572753903,214.94000244140625,214.44369506835935,1654300
2024-09-10,HLT,215.0399932861328,215.30999755859372,209.7899932861328,210.6499938964844,210.16358947753903,2052400
2024-09-10,HLT,215.0399932861328,215.30999755859372,209.7899932861328,210.6499938964844,210.16358947753903,2052400
2024-09-11,HLT,210.2100067138672,211.97000122070312,207.05999755859372,211.5800018310547,211.09146118164065,2262100
2024-09-11,HLT,210.2100067138672,211.97000122070312,207.05999755859372,211.5800018310547,211.09146118164065,2262100
2024-09-12,HLT,213.9600067138672,216.58999633789065,213.3999938964844,216.1300048828125,215.6309509277344,1811300
2024-09-12,HLT,213.9600067138672,216.58999633789065,213.3999938964844,216.1300048828125,215.6309509277344,1811300
2024-09-13,HLT,216.6999969482422,217.88999938964844,215.75,216.82000732421875,216.31936645507807,1241500
2024-09-13,HLT,216.6999969482422,217.88999938964844,215.75,216.82000732421875,216.31936645507807,1241500
2024-09-16,HLT,218.1499938964844,220.80999755859372,217.2899932861328,218.1000061035156,217.59640502929688,1845200
2024-09-16,HLT,218.1499938964844,220.80999755859372,217.2899932861328,218.1000061035156,217.59640502929688,1845200
2024-09-17,HLT,219.5,220.7899932861328,218.0200042724609,220.3800048828125,219.8711395263672,1403100
2024-09-17,HLT,219.5,220.7899932861328,218.0200042724609,220.3800048828125,219.8711395263672,1403100
2024-09-18,HLT,222.0,223.47000122070312,220.08999633789065,220.97999572753903,220.46974182128903,1982100
2024-09-18,HLT,222.0,223.47000122070312,220.08999633789065,220.97999572753903,220.46974182128903,1982100
2024-09-19,HLT,225.02999877929688,225.82000732421875,223.16000366210935,225.5399932861328,225.0192108154297,1599100
2024-09-19,HLT,225.02999877929688,225.82000732421875,223.16000366210935,225.5399932861328,225.0192108154297,1599100
2024-09-20,HLT,225.1699981689453,225.6199951171875,223.57000732421875,224.63999938964844,224.12130737304688,3133300
2024-09-20,HLT,225.1699981689453,225.6199951171875,223.57000732421875,224.63999938964844,224.12130737304688,3133300
2024-09-23,HLT,224.72999572753903,225.3300018310547,222.00999450683597,224.66000366210935,224.1412506103516,912000
2024-09-23,HLT,224.72999572753903,225.3300018310547,222.00999450683597,224.66000366210935,224.1412506103516,912000
2024-09-24,HLT,226.25999450683597,228.5500030517578,225.63999938964844,228.47000122070312,227.94244384765625,975600
2024-09-24,HLT,226.25999450683597,228.5500030517578,225.63999938964844,228.47000122070312,227.94244384765625,975600
2024-09-25,HLT,228.67999267578125,228.94000244140625,226.5200042724609,227.38999938964844,226.86495971679688,1030000
2024-09-25,HLT,228.67999267578125,228.94000244140625,226.5200042724609,227.38999938964844,226.86495971679688,1030000
2024-09-26,HLT,228.92999267578125,233.17999267578125,228.2100067138672,232.91000366210935,232.3721923828125,1660100
2024-09-26,HLT,228.92999267578125,233.17999267578125,228.2100067138672,232.91000366210935,232.3721923828125,1660100
2024-09-27,HLT,233.72000122070312,235.6699981689453,232.9900054931641,234.3600006103516,233.81884765625,1419200
2024-09-27,HLT,233.72000122070312,235.6699981689453,232.9900054931641,234.3600006103516,233.81884765625,1419200
2024-09-30,HLT,233.63999938964844,234.3500061035156,229.2899932861328,230.5,229.9677734375,2158300
2024-09-30,HLT,233.63999938964844,234.3500061035156,229.2899932861328,230.5,229.9677734375,2158300
2024-10-01,HLT,231.55999755859372,231.8300018310547,226.55999755859372,229.8300018310547,229.29931640625,1948300
2024-10-01,HLT,231.55999755859372,231.8300018310547,226.55999755859372,229.8300018310547,229.29931640625,1948300
2024-10-02,HLT,228.50999450683597,231.6199951171875,227.9199981689453,231.4600067138672,230.9255523681641,1044000
2024-10-02,HLT,228.50999450683597,231.6199951171875,227.9199981689453,231.4600067138672,230.9255523681641,1044000
2024-10-03,HLT,230.1100006103516,231.1300048828125,228.8699951171875,230.8800048828125,230.34690856933597,1088300
2024-10-03,HLT,230.1100006103516,231.1300048828125,228.8699951171875,230.8800048828125,230.34690856933597,1088300
2024-10-04,HLT,233.4499969482422,234.7100067138672,232.22000122070312,233.72000122070312,233.18032836914065,1217800
2024-10-04,HLT,233.4499969482422,234.7100067138672,232.22000122070312,233.72000122070312,233.18032836914065,1217800
2024-10-07,HLT,233.5500030517578,234.9600067138672,231.27999877929688,232.5,231.963134765625,1359900
2024-10-07,HLT,233.5500030517578,234.9600067138672,231.27999877929688,232.5,231.963134765625,1359900
2024-10-08,HLT,233.83999633789065,234.66000366210935,232.2899932861328,234.19000244140625,233.6492462158203,1108100
2024-10-08,HLT,233.83999633789065,234.66000366210935,232.2899932861328,234.19000244140625,233.6492462158203,1108100
2024-10-09,HLT,234.47999572753903,237.5399932861328,234.47999572753903,236.97999572753903,236.43280029296875,1343000
2024-10-09,HLT,234.47999572753903,237.5399932861328,234.47999572753903,236.97999572753903,236.43280029296875,1343000
2024-10-10,HLT,236.2700042724609,237.07000732421875,235.1100006103516,235.9499969482422,235.4051818847656,1035100
2024-10-10,HLT,236.2700042724609,237.07000732421875,235.1100006103516,235.9499969482422,235.4051818847656,1035100
2024-10-11,HLT,236.0,239.25,236.0,238.1300048828125,237.5801544189453,954300
2024-10-11,HLT,236.0,239.25,236.0,238.1300048828125,237.5801544189453,954300
2024-10-14,HLT,237.13999938964844,238.5,236.25999450683597,237.75999450683597,237.2109832763672,1117400
2024-10-14,HLT,237.13999938964844,238.5,236.25999450683597,237.75999450683597,237.2109832763672,1117400
2024-10-15,HLT,237.88999938964844,238.94000244140625,235.7400054931641,236.1199951171875,235.57476806640625,1247100
2024-10-15,HLT,237.88999938964844,238.94000244140625,235.7400054931641,236.1199951171875,235.57476806640625,1247100
2024-10-16,HLT,236.4900054931641,238.08999633789065,236.1699981689453,237.4900054931641,236.94163513183597,1019900
2024-10-16,HLT,236.4900054931641,238.08999633789065,236.1699981689453,237.4900054931641,236.94163513183597,1019900
2024-10-17,HLT,238.7700042724609,239.52999877929688,237.80999755859372,238.47000122070312,237.91937255859372,1129300
2024-10-17,HLT,238.7700042724609,239.52999877929688,237.80999755859372,238.47000122070312,237.91937255859372,1129300
2024-10-18,HLT,240.0,240.0,237.3999938964844,238.80999755859372,238.25857543945312,1238300
2024-10-18,HLT,240.0,240.0,237.3999938964844,238.80999755859372,238.25857543945312,1238300
2024-10-21,HLT,237.9499969482422,238.8000030517578,235.9600067138672,236.9499969482422,236.40286254882807,1141400
2024-10-21,HLT,237.9499969482422,238.8000030517578,235.9600067138672,236.9499969482422,236.40286254882807,1141400
2024-10-22,HLT,238.13999938964844,239.05999755859372,236.77999877929688,238.1300048828125,237.5801544189453,1842600
2024-10-22,HLT,238.13999938964844,239.05999755859372,236.77999877929688,238.1300048828125,237.5801544189453,1842600
2024-10-23,HLT,237.5,237.5,231.1300048828125,233.5,232.9608612060547,2598800
2024-10-23,HLT,237.5,237.5,231.1300048828125,233.5,232.9608612060547,2598800
2024-10-24,HLT,233.1000061035156,236.6000061035156,232.25999450683597,235.2100067138672,234.6669158935547,1601000
2024-10-24,HLT,233.1000061035156,236.6000061035156,232.25999450683597,235.2100067138672,234.6669158935547,1601000
2024-10-25,HLT,237.32000732421875,237.33999633789065,235.02999877929688,236.1100006103516,235.5648193359375,1055800
2024-10-25,HLT,237.32000732421875,237.33999633789065,235.02999877929688,236.1100006103516,235.5648193359375,1055800
2024-10-28,HLT,237.91000366210935,237.9199981689453,235.55999755859372,237.1699981689453,236.62237548828125,1417100
2024-10-28,HLT,237.91000366210935,237.9199981689453,235.55999755859372,237.1699981689453,236.62237548828125,1417100
2024-10-29,HLT,236.5,239.9600067138672,236.5,239.1499938964844,238.5977783203125,1060300
2024-10-29,HLT,236.5,239.9600067138672,236.5,239.1499938964844,238.5977783203125,1060300
2024-10-30,HLT,238.58999633789065,240.82000732421875,237.88999938964844,238.41000366210935,237.8594970703125,1772800
2024-10-30,HLT,238.58999633789065,240.82000732421875,237.88999938964844,238.41000366210935,237.8594970703125,1772800
2024-10-31,HLT,238.47000122070312,241.2400054931641,234.5399932861328,234.8500061035156,234.30772399902344,1761900
2024-10-31,HLT,238.47000122070312,241.2400054931641,234.5399932861328,234.8500061035156,234.30772399902344,1761900
2024-11-01,HLT,234.8500061035156,238.88999938964844,234.8500061035156,236.47000122070312,235.92398071289065,1043100
2024-11-01,HLT,234.8500061035156,238.88999938964844,234.8500061035156,236.47000122070312,235.92398071289065,1043100
2024-11-04,HLT,235.27999877929688,235.7100067138672,232.6999969482422,233.3999938964844,232.86106872558597,1431000
2024-11-04,HLT,235.27999877929688,235.7100067138672,232.6999969482422,233.3999938964844,232.86106872558597,1431000
2024-11-05,HLT,233.82000732421875,236.5399932861328,233.42999267578125,235.6499938964844,235.1058654785156,1109500
2024-11-05,HLT,233.82000732421875,236.5399932861328,233.42999267578125,235.6499938964844,235.1058654785156,1109500
2024-11-06,HLT,244.8600006103516,249.3600006103516,243.2100067138672,246.42999267578125,245.8609619140625,2506900
2024-11-06,HLT,244.8600006103516,249.3600006103516,243.2100067138672,246.42999267578125,245.8609619140625,2506900
2024-11-07,HLT,246.42999267578125,247.72999572753903,244.75,246.22999572753903,245.6614532470703,1471100
2024-11-07,HLT,246.42999267578125,247.72999572753903,244.75,246.22999572753903,245.6614532470703,1471100
2024-11-08,HLT,246.5399932861328,249.16000366210935,246.3000030517578,247.6499938964844,247.07815551757807,2392600
2024-11-08,HLT,246.5399932861328,249.16000366210935,246.3000030517578,247.6499938964844,247.07815551757807,2392600
2024-11-11,HLT,249.58999633789065,252.3500061035156,249.0800018310547,250.3600006103516,249.78192138671875,1229700
2024-11-11,HLT,249.58999633789065,252.3500061035156,249.0800018310547,250.3600006103516,249.78192138671875,1229700
2024-11-12,HLT,249.69000244140625,251.44000244140625,249.1300048828125,250.6000061035156,250.02134704589844,963900
2024-11-12,HLT,249.69000244140625,251.44000244140625,249.1300048828125,250.6000061035156,250.02134704589844,963900
2024-11-13,HLT,250.1300048828125,254.05999755859372,249.9199981689453,252.6499938964844,252.06661987304688,1480300
2024-11-13,HLT,250.1300048828125,254.05999755859372,249.9199981689453,252.6499938964844,252.06661987304688,1480300
2024-11-14,HLT,254.41000366210935,255.8600006103516,249.9600067138672,250.0399932861328,249.46263122558597,1443200
2024-11-14,HLT,254.41000366210935,255.8600006103516,249.9600067138672,250.0399932861328,249.46263122558597,1443200
2024-11-15,HLT,249.2899932861328,250.8000030517578,246.9600067138672,248.41000366210935,247.9851837158203,1851500
2024-11-15,HLT,249.2899932861328,250.8000030517578,246.9600067138672,248.41000366210935,247.9851837158203,1851500
2024-11-18,HLT,248.13999938964844,249.8500061035156,247.47999572753903,249.0399932861328,248.6140899658203,1003900
2024-11-18,HLT,248.13999938964844,249.8500061035156,247.47999572753903,249.0399932861328,248.6140899658203,1003900
2024-11-19,HLT,246.3000030517578,250.17999267578125,245.7400054931641,249.75999450683597,249.33287048339844,941600
2024-11-19,HLT,246.3000030517578,250.17999267578125,245.7400054931641,249.75999450683597,249.33287048339844,941600
2024-11-20,HLT,250.0,250.6000061035156,248.1300048828125,250.13999938964844,249.71221923828125,787500
2024-11-20,HLT,250.0,250.6000061035156,248.1300048828125,250.13999938964844,249.71221923828125,787500
2024-11-21,HLT,251.0200042724609,252.41000366210935,249.77999877929688,251.8300018310547,251.3993225097656,1174400
2024-11-21,HLT,251.0200042724609,252.41000366210935,249.77999877929688,251.8300018310547,251.3993225097656,1174400
2024-11-22,HLT,251.8600006103516,253.80999755859372,251.27999877929688,253.0,252.5673370361328,1290400
2024-11-22,HLT,251.8600006103516,253.80999755859372,251.27999877929688,253.0,252.5673370361328,1290400
2024-11-25,HLT,255.00999450683597,255.47999572753903,253.1000061035156,253.6300048828125,253.19625854492188,2023800
2024-11-25,HLT,255.00999450683597,255.47999572753903,253.1000061035156,253.6300048828125,253.19625854492188,2023800
2024-11-26,HLT,253.72999572753903,254.50999450683597,251.94000244140625,253.0,252.5673370361328,1108100
2024-11-26,HLT,253.72999572753903,254.50999450683597,251.94000244140625,253.0,252.5673370361328,1108100
2024-11-27,HLT,250.9600067138672,252.6499938964844,249.72000122070312,250.4199981689453,249.9917449951172,1489000
2024-11-27,HLT,250.9600067138672,252.6499938964844,249.72000122070312,250.4199981689453,249.9917449951172,1489000
2024-11-29,HLT,251.4600067138672,254.75,251.13999938964844,253.44000244140625,253.00657653808597,869400
2024-11-29,HLT,251.4600067138672,254.75,251.13999938964844,253.44000244140625,253.00657653808597,869400
2024-12-02,HLT,253.44000244140625,254.4199981689453,249.6100006103516,250.47000122070312,250.04165649414065,1264800
2024-12-02,HLT,253.44000244140625,254.4199981689453,249.6100006103516,250.47000122070312,250.04165649414065,1264800
2024-12-03,HLT,251.72999572753903,251.8699951171875,249.5800018310547,251.0200042724609,250.5907287597656,1306400
2024-12-03,HLT,251.72999572753903,251.8699951171875,249.5800018310547,251.0200042724609,250.5907287597656,1306400
2024-12-04,HLT,250.77999877929688,254.02999877929688,249.7700042724609,254.00999450683597,253.5755920410156,1192700
2024-12-04,HLT,250.77999877929688,254.02999877929688,249.7700042724609,254.00999450683597,253.5755920410156,1192700
2024-12-05,HLT,254.47000122070312,256.739990234375,253.9499969482422,255.38999938964844,254.9532470703125,1430600
2024-12-05,HLT,254.47000122070312,256.739990234375,253.9499969482422,255.38999938964844,254.9532470703125,1430600
2024-12-06,HLT,255.6199951171875,259.010009765625,255.6199951171875,258.4599914550781,258.0179748535156,1676900
2024-12-06,HLT,255.6199951171875,259.010009765625,255.6199951171875,258.4599914550781,258.0179748535156,1676900
2024-12-09,HLT,258.3399963378906,259.0,249.91000366210935,250.0,249.57244873046875,2133300
2024-12-09,HLT,258.3399963378906,259.0,249.91000366210935,250.0,249.57244873046875,2133300
2024-12-10,HLT,252.32000732421875,254.47999572753903,249.52999877929688,253.72000122070312,253.28610229492188,1164900
2024-12-10,HLT,252.32000732421875,254.47999572753903,249.52999877929688,253.72000122070312,253.28610229492188,1164900
2024-12-11,HLT,256.32000732421875,257.75,255.1300048828125,256.95001220703125,256.5105895996094,1260800
2024-12-11,HLT,256.32000732421875,257.75,255.1300048828125,256.95001220703125,256.5105895996094,1260800
2024-12-12,HLT,257.6199951171875,258.6300048828125,255.6100006103516,255.8999938964844,255.46237182617188,1145900
2024-12-12,HLT,257.6199951171875,258.6300048828125,255.6100006103516,255.8999938964844,255.46237182617188,1145900
2024-12-13,HLT,256.4200134277344,256.4700012207031,251.5500030517578,252.75999450683597,252.3277282714844,1183400
2024-12-13,HLT,256.4200134277344,256.4700012207031,251.5500030517578,252.75999450683597,252.3277282714844,1183400
2024-12-16,HLT,251.66000366210935,255.3300018310547,251.58999633789065,253.0,252.5673370361328,1170700
2024-12-16,HLT,251.66000366210935,255.3300018310547,251.58999633789065,253.0,252.5673370361328,1170700
2024-12-17,HLT,252.07000732421875,252.8999938964844,249.6999969482422,250.2700042724609,249.8419952392578,1580900
2024-12-17,HLT,252.07000732421875,252.8999938964844,249.6999969482422,250.2700042724609,249.8419952392578,1580900
2024-12-18,HLT,250.5,252.2400054931641,242.38999938964844,242.52999877929688,242.115234375,1232400
2024-12-18,HLT,250.5,252.2400054931641,242.38999938964844,242.52999877929688,242.115234375,1232400
2024-12-19,HLT,245.22999572753903,247.0800018310547,243.57000732421875,245.75,245.3297271728516,1432900
2024-12-19,HLT,245.22999572753903,247.0800018310547,243.57000732421875,245.75,245.3297271728516,1432900
2024-12-20,HLT,245.27999877929688,252.05999755859372,244.0,249.4199981689453,248.9934539794922,3064000
2024-12-20,HLT,245.27999877929688,252.05999755859372,244.0,249.4199981689453,248.9934539794922,3064000
2024-12-23,HLT,247.75,251.33999633789065,247.0800018310547,250.7100067138672,250.28125,1041700
2024-12-23,HLT,247.75,251.33999633789065,247.0800018310547,250.7100067138672,250.28125,1041700
2024-12-24,HLT,250.8600006103516,253.2700042724609,250.13999938964844,253.25999450683597,252.82687377929688,460700
2024-12-24,HLT,250.8600006103516,253.2700042724609,250.13999938964844,253.25999450683597,252.82687377929688,460700
2024-12-26,HLT,251.0,252.88999938964844,251.0,251.75999450683597,251.32945251464844,651300
2024-12-26,HLT,251.0,252.88999938964844,251.0,251.75999450683597,251.32945251464844,651300
2024-12-27,HLT,249.1999969482422,251.8500061035156,247.69000244140625,249.94000244140625,249.5125732421875,1288200
2024-12-27,HLT,249.1999969482422,251.8500061035156,247.69000244140625,249.94000244140625,249.5125732421875,1288200
2024-12-30,HLT,246.66000366210935,249.55999755859372,245.00999450683597,248.1999969482422,247.77554321289065,1146500
2024-12-30,HLT,246.66000366210935,249.55999755859372,245.00999450683597,248.1999969482422,247.77554321289065,1146500
2024-12-31,HLT,248.63999938964844,250.0399932861328,246.6699981689453,247.16000366210935,246.73731994628903,876700
2024-12-31,HLT,248.63999938964844,250.0399932861328,246.6699981689453,247.16000366210935,246.73731994628903,876700
2025-01-02,HLT,248.55999755859372,248.75,244.13999938964844,245.1199951171875,244.70079040527344,1120800
2025-01-02,HLT,248.55999755859372,248.75,244.13999938964844,245.1199951171875,244.70079040527344,1120800
2025-01-03,HLT,246.0,246.8699951171875,243.66000366210935,246.5200042724609,246.09841918945312,827800
2025-01-03,HLT,246.0,246.8699951171875,243.66000366210935,246.5200042724609,246.09841918945312,827800
2025-01-06,HLT,246.6000061035156,246.94000244140625,242.6100006103516,243.5500030517578,243.1334991455078,1334800
2025-01-06,HLT,246.6000061035156,246.94000244140625,242.6100006103516,243.5500030517578,243.1334991455078,1334800
2025-01-07,HLT,243.33999633789065,244.27999877929688,240.0800018310547,241.3800048828125,240.9671936035156,1167800
2025-01-07,HLT,243.33999633789065,244.27999877929688,240.0800018310547,241.3800048828125,240.9671936035156,1167800
2025-01-08,HLT,241.55999755859372,244.2700042724609,241.55999755859372,243.3000030517578,242.8839263916016,1124900
2025-01-08,HLT,241.55999755859372,244.2700042724609,241.55999755859372,243.3000030517578,242.8839263916016,1124900
2025-01-10,HLT,242.27999877929688,244.8699951171875,240.00999450683597,240.69000244140625,240.2783966064453,1387400
2025-01-10,HLT,242.27999877929688,244.8699951171875,240.00999450683597,240.69000244140625,240.2783966064453,1387400
2025-01-13,HLT,238.97999572753903,242.33999633789065,238.7100067138672,241.47000122070312,241.0570526123047,1179700
2025-01-13,HLT,238.97999572753903,242.33999633789065,238.7100067138672,241.47000122070312,241.0570526123047,1179700
2025-01-14,HLT,244.02999877929688,245.7400054931641,241.8600006103516,244.97000122070312,244.55105590820312,1032400
2025-01-14,HLT,244.02999877929688,245.7400054931641,241.8600006103516,244.97000122070312,244.55105590820312,1032400
2025-01-15,HLT,248.9900054931641,249.4499969482422,242.82000732421875,243.9199981689453,243.5028533935547,1815100
2025-01-15,HLT,248.9900054931641,249.4499969482422,242.82000732421875,243.9199981689453,243.5028533935547,1815100
2025-01-16,HLT,244.4600067138672,248.19000244140625,244.4600067138672,246.6499938964844,246.22817993164065,2289700
2025-01-16,HLT,244.4600067138672,248.19000244140625,244.4600067138672,246.6499938964844,246.22817993164065,2289700
2025-01-17,HLT,248.30999755859372,248.6000061035156,246.47999572753903,246.6100006103516,246.18826293945312,1369200
2025-01-17,HLT,248.30999755859372,248.6000061035156,246.47999572753903,246.6100006103516,246.18826293945312,1369200
2025-01-21,HLT,247.6100006103516,248.9600067138672,244.8000030517578,247.5,247.0767364501953,2011700
2025-01-21,HLT,247.6100006103516,248.9600067138672,244.8000030517578,247.5,247.0767364501953,2011700
2025-01-22,HLT,247.75,249.9900054931641,246.8000030517578,248.0,247.57589721679688,1347000
2025-01-22,HLT,247.75,249.9900054931641,246.8000030517578,248.0,247.57589721679688,1347000
2025-01-23,HLT,248.05999755859372,250.5800018310547,246.3999938964844,250.1100006103516,249.68228149414065,1221900
2025-01-23,HLT,248.05999755859372,250.5800018310547,246.3999938964844,250.1100006103516,249.68228149414065,1221900
2025-01-24,HLT,250.1199951171875,250.38999938964844,247.0,247.72999572753903,247.30633544921875,1061700
2025-01-24,HLT,250.1199951171875,250.38999938964844,247.0,247.72999572753903,247.30633544921875,1061700
2025-01-27,HLT,245.3500061035156,249.97000122070312,245.3300018310547,249.72000122070312,249.2929229736328,1175500
2025-01-27,HLT,245.3500061035156,249.97000122070312,245.3300018310547,249.72000122070312,249.2929229736328,1175500
2025-01-28,HLT,250.1100006103516,254.8500061035156,249.5500030517578,253.66000366210935,253.2261962890625,1578800
2025-01-28,HLT,250.1100006103516,254.8500061035156,249.5500030517578,253.66000366210935,253.2261962890625,1578800
2025-01-29,HLT,254.1499938964844,255.72999572753903,252.47000122070312,253.92999267578125,253.4957427978516,1442900
2025-01-29,HLT,254.1499938964844,255.72999572753903,252.47000122070312,253.92999267578125,253.4957427978516,1442900
2025-01-30,HLT,255.3800048828125,258.0799865722656,255.3800048828125,256.7900085449219,256.3508605957031,1019500
2025-01-30,HLT,255.3800048828125,258.0799865722656,255.3800048828125,256.7900085449219,256.3508605957031,1019500
2025-01-31,HLT,257.3500061035156,258.3099975585937,255.50999450683597,256.07000732421875,255.6320953369141,1888300
2025-01-31,HLT,257.3500061035156,258.3099975585937,255.50999450683597,256.07000732421875,255.6320953369141,1888300
2025-02-03,HLT,251.9499969482422,257.3999938964844,250.66000366210935,256.2699890136719,255.83172607421875,1167200
2025-02-03,HLT,251.9499969482422,257.3999938964844,250.66000366210935,256.2699890136719,255.83172607421875,1167200
2025-02-04,HLT,257.1099853515625,259.2099914550781,256.0799865722656,258.739990234375,258.2975158691406,1187300
2025-02-04,HLT,257.1099853515625,259.2099914550781,256.0799865722656,258.739990234375,258.2975158691406,1187300
2025-02-05,HLT,258.739990234375,260.7900085449219,256.8299865722656,257.8500061035156,257.4090270996094,2105800
2025-02-05,HLT,258.739990234375,260.7900085449219,256.8299865722656,257.8500061035156,257.4090270996094,2105800
2025-02-06,HLT,257.67999267578125,273.7799987792969,257.67999267578125,270.3900146484375,269.9276123046875,3757900
2025-02-06,HLT,257.67999267578125,273.7799987792969,257.67999267578125,270.3900146484375,269.9276123046875,3757900
2025-02-07,HLT,270.07000732421875,274.17999267578125,268.2099914550781,269.69000244140625,269.2287902832031,1639600
2025-02-07,HLT,270.07000732421875,274.17999267578125,268.2099914550781,269.69000244140625,269.2287902832031,1639600
2025-02-10,HLT,271.1099853515625,271.4700012207031,265.44000244140625,267.4800109863281,267.0225830078125,1392900
2025-02-10,HLT,271.1099853515625,271.4700012207031,265.44000244140625,267.4800109863281,267.0225830078125,1392900
2025-02-11,HLT,263.5,270.8900146484375,263.0,269.1199951171875,268.6597595214844,2045000
2025-02-11,HLT,263.5,270.8900146484375,263.0,269.1199951171875,268.6597595214844,2045000
2025-02-12,HLT,268.17999267578125,274.5299987792969,268.1700134277344,273.45001220703125,272.9823913574219,1841700
2025-02-12,HLT,268.17999267578125,274.5299987792969,268.1700134277344,273.45001220703125,272.9823913574219,1841700
2025-02-13,HLT,275.2200012207031,275.2200012207031,267.7699890136719,269.5199890136719,269.0590515136719,1546900
2025-02-13,HLT,275.2200012207031,275.2200012207031,267.7699890136719,269.5199890136719,269.0590515136719,1546900
2025-02-14,HLT,270.7799987792969,271.0,264.7099914550781,265.8699951171875,265.4153137207031,1699300
2025-02-14,HLT,270.7799987792969,271.0,264.7099914550781,265.8699951171875,265.4153137207031,1699300
2025-02-18,HLT,265.7799987792969,269.29998779296875,262.9800109863281,268.8699951171875,268.4101867675781,1791100
2025-02-18,HLT,265.7799987792969,269.29998779296875,262.9800109863281,268.8699951171875,268.4101867675781,1791100
2025-02-19,HLT,267.7300109863281,270.8699951171875,266.4800109863281,269.510009765625,269.0491027832031,1551600
2025-02-19,HLT,267.7300109863281,270.8699951171875,266.4800109863281,269.510009765625,269.0491027832031,1551600
2025-02-20,HLT,269.70001220703125,269.8099975585937,265.1300048828125,267.8099975585937,267.3519897460937,1111700
2025-02-20,HLT,269.70001220703125,269.8099975585937,265.1300048828125,267.8099975585937,267.3519897460937,1111700
2025-02-21,HLT,268.5599975585937,269.8399963378906,256.79998779296875,259.489990234375,259.19140625,1797400
2025-02-21,HLT,268.5599975585937,269.8399963378906,256.79998779296875,259.489990234375,259.19140625,1797400
2025-02-24,HLT,262.0799865722656,264.6700134277344,258.1000061035156,258.8999938964844,258.6020812988281,1423400
2025-02-24,HLT,262.0799865722656,264.6700134277344,258.1000061035156,258.8999938964844,258.6020812988281,1423400
2025-02-25,HLT,259.95001220703125,259.95001220703125,254.1699981689453,257.95001220703125,257.6531677246094,1304900
2025-02-25,HLT,259.95001220703125,259.95001220703125,254.1699981689453,257.95001220703125,257.6531677246094,1304900
2025-02-26,HLT,260.1400146484375,262.79998779296875,259.1700134277344,259.9599914550781,259.6608581542969,1235100
2025-02-26,HLT,260.1400146484375,262.79998779296875,259.1700134277344,259.9599914550781,259.6608581542969,1235100
2025-02-27,HLT,260.9599914550781,263.6199951171875,258.3699951171875,259.1000061035156,258.8018798828125,1004100
2025-02-27,HLT,260.9599914550781,263.6199951171875,258.3699951171875,259.1000061035156,258.8018798828125,1004100
2025-02-28,HLT,260.17999267578125,265.260009765625,259.95001220703125,264.9599914550781,264.6551208496094,1715000
2025-02-28,HLT,260.17999267578125,265.260009765625,259.95001220703125,264.9599914550781,264.6551208496094,1715000
2025-03-03,HLT,264.8999938964844,267.8900146484375,260.989990234375,263.5799865722656,263.27667236328125,1119300
2025-03-03,HLT,264.8999938964844,267.8900146484375,260.989990234375,263.5799865722656,263.27667236328125,1119300
2025-03-04,HLT,259.69000244140625,262.8099975585937,255.58999633789065,259.5599975585937,259.2613220214844,1950100
2025-03-04,HLT,259.69000244140625,262.8099975585937,255.58999633789065,259.5599975585937,259.2613220214844,1950100
2025-03-05,HLT,259.54998779296875,260.739990234375,255.72000122070312,259.489990234375,259.19140625,1284500
2025-03-05,HLT,259.54998779296875,260.739990234375,255.72000122070312,259.489990234375,259.19140625,1284500
2025-03-06,HLT,255.0800018310547,256.2099914550781,250.32000732421875,251.1199951171875,250.8310394287109,1704600
2025-03-06,HLT,255.0800018310547,256.2099914550781,250.32000732421875,251.1199951171875,250.8310394287109,1704600
2025-03-07,HLT,250.1100006103516,250.1100006103516,242.22999572753903,247.13999938964844,246.8556060791016,2219300
2025-03-07,HLT,250.1100006103516,250.1100006103516,242.22999572753903,247.13999938964844,246.8556060791016,2219300
2025-03-10,HLT,242.6300048828125,243.2700042724609,237.1000061035156,238.8999938964844,238.6250915527344,3351600
2025-03-10,HLT,242.6300048828125,243.2700042724609,237.1000061035156,238.8999938964844,238.6250915527344,3351600
2025-03-11,HLT,236.75999450683597,238.4600067138672,229.16000366210935,231.8300018310547,231.563232421875,4283200
2025-03-11,HLT,236.75999450683597,238.4600067138672,229.16000366210935,231.8300018310547,231.563232421875,4283200
2025-03-12,HLT,234.8699951171875,235.3500061035156,225.17999267578125,228.3999938964844,228.13717651367188,3361500
2025-03-12,HLT,234.8699951171875,235.3500061035156,225.17999267578125,228.3999938964844,228.13717651367188,3361500
2025-03-13,HLT,227.42999267578125,227.8699951171875,220.69000244140625,221.77999877929688,221.52479553222656,4308000
2025-03-13,HLT,227.42999267578125,227.8699951171875,220.69000244140625,221.77999877929688,221.52479553222656,4308000
2025-03-14,HLT,224.6999969482422,230.1699981689453,224.44000244140625,229.3699951171875,229.1060485839844,2766500
2025-03-14,HLT,224.6999969482422,230.1699981689453,224.44000244140625,229.3699951171875,229.1060485839844,2766500
2025-03-17,HLT,228.3600006103516,235.5,228.3600006103516,234.6499938964844,234.37998962402344,2486600
2025-03-17,HLT,228.3600006103516,235.5,228.3600006103516,234.6499938964844,234.37998962402344,2486600
2025-03-18,HLT,234.02999877929688,234.0399932861328,226.55999755859372,227.0500030517578,226.7887420654297,1693700
2025-03-18,HLT,234.02999877929688,234.0399932861328,226.55999755859372,227.0500030517578,226.7887420654297,1693700
2025-03-19,HLT,228.3500061035156,234.9199981689453,227.6699981689453,232.9499969482422,232.68194580078125,1454300
2025-03-19,HLT,228.3500061035156,234.9199981689453,227.6699981689453,232.9499969482422,232.68194580078125,1454300
2025-03-20,HLT,230.7400054931641,233.77999877929688,230.7100067138672,231.91000366210935,231.6431427001953,1413200
2025-03-20,HLT,230.7400054931641,233.77999877929688,230.7100067138672,231.91000366210935,231.6431427001953,1413200
2025-03-21,HLT,227.25999450683597,229.42999267578125,219.50999450683597,229.3300018310547,229.0661163330078,4380600
2025-03-21,HLT,227.25999450683597,229.42999267578125,219.50999450683597,229.3300018310547,229.0661163330078,4380600
2025-03-24,HLT,232.4600067138672,233.05999755859372,229.00999450683597,232.55999755859372,232.2923889160156,2097800
2025-03-24,HLT,232.4600067138672,233.05999755859372,229.00999450683597,232.55999755859372,232.2923889160156,2097800
2025-03-25,HLT,234.0,235.0,231.8699951171875,234.6699981689453,234.39996337890625,1882900
2025-03-25,HLT,234.0,235.0,231.8699951171875,234.6699981689453,234.39996337890625,1882900
2025-03-26,HLT,235.0,236.5,232.97000122070312,234.8600006103516,234.5897521972656,1735400
2025-03-26,HLT,235.0,236.5,232.97000122070312,234.8600006103516,234.5897521972656,1735400
2025-03-27,HLT,233.41000366210935,233.94000244140625,229.4199981689453,232.0500030517578,231.78298950195312,2225000
2025-03-27,HLT,233.41000366210935,233.94000244140625,229.4199981689453,232.0500030517578,231.78298950195312,2225000
2025-03-28,HLT,230.92999267578125,231.9900054931641,224.32000732421875,225.7100067138672,225.4502868652344,1942400
2025-03-28,HLT,230.92999267578125,231.9900054931641,224.32000732421875,225.7100067138672,225.4502868652344,1942400
2025-03-31,HLT,222.16000366210935,228.38999938964844,219.2100067138672,227.5500030517578,227.2881622314453,3838200
2025-03-31,HLT,222.16000366210935,228.38999938964844,219.2100067138672,227.5500030517578,227.2881622314453,3838200
2025-04-01,HLT,226.2400054931641,228.00999450683597,223.3500061035156,227.27999877929688,227.0184783935547,2005600
2025-04-01,HLT,226.2400054931641,228.00999450683597,223.3500061035156,227.27999877929688,227.0184783935547,2005600
2025-04-02,HLT,224.38999938964844,232.0399932861328,224.1999969482422,231.3800048828125,231.1137542724609,1508100
2025-04-02,HLT,224.38999938964844,232.0399932861328,224.1999969482422,231.3800048828125,231.1137542724609,1508100
2025-04-03,HLT,219.8500061035156,223.32000732421875,215.9900054931641,217.3800048828125,217.1298675537109,4213300
2025-04-03,HLT,219.8500061035156,223.32000732421875,215.9900054931641,217.3800048828125,217.1298675537109,4213300
2025-04-04,HLT,212.17999267578125,216.16000366210935,207.2100067138672,208.8500061035156,208.6096954345703,5071300
2025-04-04,HLT,212.17999267578125,216.16000366210935,207.2100067138672,208.8500061035156,208.6096954345703,5071300
2025-04-07,HLT,202.16000366210935,214.3800048828125,199.67999267578125,204.13999938964844,203.90509033203125,6159100
2025-04-07,HLT,202.16000366210935,214.3800048828125,199.67999267578125,204.13999938964844,203.90509033203125,6159100
2025-04-08,HLT,211.00999450683597,211.4900054931641,197.94000244140625,201.27999877929688,201.0483856201172,4003300
2025-04-08,HLT,211.00999450683597,211.4900054931641,197.94000244140625,201.27999877929688,201.0483856201172,4003300
2025-04-09,HLT,199.6999969482422,219.17999267578125,196.0399932861328,218.6499938964844,218.3983917236328,6665600
2025-04-09,HLT,199.6999969482422,219.17999267578125,196.0399932861328,218.6499938964844,218.3983917236328,6665600
2025-04-10,HLT,213.69000244140625,214.1300048828125,204.25999450683597,209.9199981689453,209.67843627929688,3213900
2025-04-10,HLT,213.69000244140625,214.1300048828125,204.25999450683597,209.9199981689453,209.67843627929688,3213900
2025-04-11,HLT,208.52999877929688,213.8999938964844,205.02999877929688,212.41000366210935,212.16558837890625,2751800
2025-04-11,HLT,208.52999877929688,213.8999938964844,205.02999877929688,212.41000366210935,212.16558837890625,2751800
2025-04-14,HLT,211.75,213.2400054931641,206.66000366210935,210.1300048828125,209.88821411132807,2872600
2025-04-14,HLT,211.75,213.2400054931641,206.66000366210935,210.1300048828125,209.88821411132807,2872600
2025-04-15,HLT,211.32000732421875,213.0500030517578,210.3699951171875,211.32000732421875,211.07684326171875,2606000
2025-04-15,HLT,211.32000732421875,213.0500030517578,210.3699951171875,211.32000732421875,211.07684326171875,2606000
2025-04-16,HLT,209.2700042724609,213.02999877929688,206.8600006103516,209.08999633789065,208.84939575195312,2300000
2025-04-16,HLT,209.2700042724609,213.02999877929688,206.8600006103516,209.08999633789065,208.84939575195312,2300000
2025-04-17,HLT,210.8000030517578,212.4499969482422,208.88999938964844,210.4499969482422,210.2078399658203,2144500
2025-04-17,HLT,210.8000030517578,212.4499969482422,208.88999938964844,210.4499969482422,210.2078399658203,2144500
2025-04-21,HLT,209.0,209.1000061035156,201.1499938964844,204.58999633789065,204.3545684814453,2519400
2025-04-21,HLT,209.0,209.1000061035156,201.1499938964844,204.58999633789065,204.3545684814453,2519400
2025-04-22,HLT,206.6000061035156,211.08999633789065,206.6000061035156,210.63999938964844,210.39761352539065,1683800
2025-04-22,HLT,206.6000061035156,211.08999633789065,206.6000061035156,210.63999938964844,210.39761352539065,1683800
2025-04-23,HLT,217.1699981689453,221.9900054931641,213.82000732421875,215.3600006103516,215.1121826171875,2181200
2025-04-23,HLT,217.1699981689453,221.9900054931641,213.82000732421875,215.3600006103516,215.1121826171875,2181200
2025-04-24,HLT,214.5,220.2400054931641,214.0399932861328,219.3600006103516,219.1075897216797,1786700
2025-04-24,HLT,214.5,220.2400054931641,214.0399932861328,219.3600006103516,219.1075897216797,1786700
2025-04-25,HLT,219.55999755859372,221.2700042724609,217.2400054931641,219.6199951171875,219.3672790527344,1591600
2025-04-25,HLT,219.55999755859372,221.2700042724609,217.2400054931641,219.6199951171875,219.3672790527344,1591600
2025-04-28,HLT,220.91000366210935,225.17999267578125,219.22999572753903,221.6000061035156,221.3450164794922,2705100
2025-04-28,HLT,220.91000366210935,225.17999267578125,219.22999572753903,221.6000061035156,221.3450164794922,2705100
2025-04-29,HLT,224.6000061035156,227.63999938964844,221.6000061035156,226.41000366210935,226.14947509765625,3078900
2025-04-29,HLT,224.6000061035156,227.63999938964844,221.6000061035156,226.41000366210935,226.14947509765625,3078900
2025-04-30,HLT,223.0399932861328,225.8300018310547,217.0500030517578,225.47999572753903,225.2205352783203,2455000
2025-04-30,HLT,223.0399932861328,225.8300018310547,217.0500030517578,225.47999572753903,225.2205352783203,2455000
2025-05-01,HLT,226.91000366210935,235.7899932861328,226.91000366210935,234.08999633789065,233.8206329345703,3868900
2025-05-01,HLT,226.91000366210935,235.7899932861328,226.91000366210935,234.08999633789065,233.8206329345703,3868900
2025-05-02,HLT,235.1999969482422,241.5200042724609,235.1999969482422,240.8999938964844,240.62278747558597,2992400
2025-05-02,HLT,235.1999969482422,241.5200042724609,235.1999969482422,240.8999938964844,240.62278747558597,2992400
2025-05-05,HLT,238.41000366210935,241.3699951171875,237.5399932861328,238.9600067138672,238.68502807617188,1593200
2025-05-05,HLT,238.41000366210935,241.3699951171875,237.5399932861328,238.9600067138672,238.68502807617188,1593200
2025-05-06,HLT,238.0,239.92999267578125,235.9900054931641,236.58999633789065,236.31776428222656,1777600
2025-05-06,HLT,238.0,239.92999267578125,235.9900054931641,236.58999633789065,236.31776428222656,1777600
2025-05-07,HLT,238.07000732421875,244.3800048828125,237.57000732421875,241.6499938964844,241.37193298339844,2099900
2025-05-07,HLT,238.07000732421875,244.3800048828125,237.57000732421875,241.6499938964844,241.37193298339844,2099900
2025-05-08,HLT,242.8999938964844,246.1000061035156,241.4900054931641,243.17999267578125,242.9001617431641,1787800
2025-05-08,HLT,242.8999938964844,246.1000061035156,241.4900054931641,243.17999267578125,242.9001617431641,1787800
2025-05-09,HLT,242.5500030517578,243.6199951171875,240.75999450683597,243.00999450683597,242.73036193847656,1300600
2025-05-09,HLT,242.5500030517578,243.6199951171875,240.75999450683597,243.00999450683597,242.73036193847656,1300600
2025-05-12,HLT,256.010009765625,259.5599975585937,249.83999633789065,252.4199981689453,252.1295318603516,2988600
2025-05-12,HLT,256.010009765625,259.5599975585937,249.83999633789065,252.4199981689453,252.1295318603516,2988600
2025-05-13,HLT,253.9199981689453,258.2099914550781,253.1100006103516,256.010009765625,255.7154235839844,2030900
2025-05-13,HLT,253.9199981689453,258.2099914550781,253.1100006103516,256.010009765625,255.7154235839844,2030900
2025-05-14,HLT,255.5,257.1600036621094,252.77999877929688,253.0,252.70887756347656,2098100
2025-05-14,HLT,255.5,257.1600036621094,252.77999877929688,253.0,252.70887756347656,2098100
2025-05-15,HLT,251.72000122070312,253.52999877929688,251.0399932861328,252.4900054931641,252.199462890625,1550300
2025-05-15,HLT,251.72000122070312,253.52999877929688,251.0399932861328,252.4900054931641,252.199462890625,1550300
2025-05-16,HLT,252.3500061035156,255.8699951171875,250.47000122070312,255.7700042724609,255.47569274902344,1706400
2025-05-16,HLT,252.3500061035156,255.8699951171875,250.47000122070312,255.7700042724609,255.47569274902344,1706400
2025-05-19,HLT,252.82000732421875,257.239990234375,252.0,256.45001220703125,256.1549072265625,1072800
2025-05-19,HLT,252.82000732421875,257.239990234375,252.0,256.45001220703125,256.1549072265625,1072800
2025-05-20,HLT,254.8300018310547,255.6300048828125,252.5200042724609,253.41000366210935,253.118408203125,1627200
2025-05-20,HLT,254.8300018310547,255.6300048828125,252.5200042724609,253.41000366210935,253.118408203125,1627200
2025-05-21,HLT,250.1100006103516,251.2400054931641,246.4900054931641,246.75999450683597,246.4760589599609,2065000
2025-05-21,HLT,250.1100006103516,251.2400054931641,246.4900054931641,246.75999450683597,246.4760589599609,2065000
2025-05-22,HLT,246.67999267578125,248.1699981689453,245.2400054931641,246.63999938964844,246.35618591308597,1463600
2025-05-22,HLT,246.67999267578125,248.1699981689453,245.2400054931641,246.63999938964844,246.35618591308597,1463600
2025-05-23,HLT,243.1199951171875,245.7700042724609,243.07000732421875,244.7700042724609,244.6371307373047,1058300
2025-05-23,HLT,243.1199951171875,245.7700042724609,243.07000732421875,244.7700042724609,244.6371307373047,1058300
2025-05-27,HLT,247.97000122070312,253.47000122070312,247.97000122070312,253.0800018310547,252.94261169433597,2112400
2025-05-27,HLT,247.97000122070312,253.47000122070312,247.97000122070312,253.0800018310547,252.94261169433597,2112400
2025-05-28,HLT,253.0,253.77999877929688,250.3000030517578,250.77999877929688,250.64385986328125,1725300
2025-05-28,HLT,253.0,253.77999877929688,250.3000030517578,250.77999877929688,250.64385986328125,1725300
2025-05-29,HLT,250.9900054931641,252.6699981689453,246.80999755859372,248.25999450683597,248.12521362304688,1501400
2025-05-29,HLT,250.9900054931641,252.6699981689453,246.80999755859372,248.25999450683597,248.12521362304688,1501400
2025-05-30,HLT,247.75999450683597,249.47000122070312,246.1499938964844,248.44000244140625,248.3051300048828,2149700
2025-05-30,HLT,247.75999450683597,249.47000122070312,246.1499938964844,248.44000244140625,248.3051300048828,2149700
2025-06-02,HLT,247.66000366210935,249.47999572753903,243.5399932861328,249.1300048828125,248.9947509765625,1878900
2025-06-02,HLT,247.66000366210935,249.47999572753903,243.5399932861328,249.1300048828125,248.9947509765625,1878900
2025-06-03,HLT,248.82000732421875,252.7899932861328,248.8000030517578,251.1000061035156,250.96368408203125,1676200
2025-06-03,HLT,248.82000732421875,252.7899932861328,248.8000030517578,251.1000061035156,250.96368408203125,1676200
2025-06-04,HLT,251.1199951171875,252.1300048828125,249.2400054931641,249.42999267578125,249.29458618164065,1255900
2025-06-04,HLT,251.1199951171875,252.1300048828125,249.2400054931641,249.42999267578125,249.29458618164065,1255900
2025-06-05,HLT,249.0,250.91000366210935,247.27999877929688,248.47000122070312,248.33511352539065,1024400
2025-06-05,HLT,249.0,250.91000366210935,247.27999877929688,248.47000122070312,248.33511352539065,1024400
2025-06-06,HLT,250.97999572753903,253.32000732421875,249.50999450683597,252.80999755859372,252.67274475097656,1708200
2025-06-06,HLT,250.97999572753903,253.32000732421875,249.50999450683597,252.80999755859372,252.67274475097656,1708200
2025-06-09,HLT,252.82000732421875,254.1199951171875,251.27999877929688,252.07000732421875,251.93316650390625,1081000
2025-06-09,HLT,252.82000732421875,254.1199951171875,251.27999877929688,252.07000732421875,251.93316650390625,1081000
2025-06-10,HLT,252.52999877929688,253.94000244140625,251.5500030517578,253.5399932861328,253.40235900878903,1503300
2025-06-10,HLT,252.52999877929688,253.94000244140625,251.5500030517578,253.5399932861328,253.40235900878903,1503300
2025-06-11,HLT,254.32000732421875,256.6600036621094,252.33999633789065,253.5399932861328,253.40235900878903,1624500
2025-06-11,HLT,254.32000732421875,256.6600036621094,252.33999633789065,253.5399932861328,253.40235900878903,1624500
2025-06-12,HLT,251.8999938964844,253.1499938964844,249.5,250.5500030517578,250.4139862060547,1609100
2025-06-12,HLT,251.8999938964844,253.1499938964844,249.5,250.5500030517578,250.4139862060547,1609100
2025-06-13,HLT,245.8300018310547,248.63999938964844,241.4499969482422,243.8800048828125,243.7476043701172,2254900
2025-06-13,HLT,245.8300018310547,248.63999938964844,241.4499969482422,243.8800048828125,243.7476043701172,2254900
2025-06-16,HLT,246.6999969482422,248.80999755859372,246.1300048828125,247.3500061035156,247.2157287597656,1420600
2025-06-16,HLT,246.6999969482422,248.80999755859372,246.1300048828125,247.3500061035156,247.2157287597656,1420600
2025-06-17,HLT,245.6499938964844,249.42999267578125,245.6499938964844,246.97000122070312,246.8359222412109,1648400
2025-06-17,HLT,245.6499938964844,249.42999267578125,245.6499938964844,246.97000122070312,246.8359222412109,1648400
2025-06-18,HLT,247.75,250.5399932861328,246.58999633789065,247.55999755859372,247.42559814453125,1526900
2025-06-18,HLT,247.75,250.5399932861328,246.58999633789065,247.55999755859372,247.42559814453125,1526900
2025-06-20,HLT,249.2899932861328,250.8000030517578,246.6199951171875,248.8600006103516,248.7248992919922,3576600
2025-06-20,HLT,249.2899932861328,250.8000030517578,246.6199951171875,248.8600006103516,248.7248992919922,3576600
2025-06-23,HLT,248.7899932861328,252.44000244140625,243.52999877929688,252.33999633789065,252.2030029296875,1828400
2025-06-23,HLT,248.7899932861328,252.44000244140625,243.52999877929688,252.33999633789065,252.2030029296875,1828400
2025-06-24,HLT,254.3699951171875,257.4200134277344,253.07000732421875,255.92999267578125,255.79104614257807,2349900
2025-06-24,HLT,254.3699951171875,257.4200134277344,253.07000732421875,255.92999267578125,255.79104614257807,2349900
2025-06-25,HLT,256.760009765625,256.760009765625,251.57000732421875,253.72000122070312,253.58226013183597,1785300
2025-06-25,HLT,256.760009765625,256.760009765625,251.57000732421875,253.72000122070312,253.58226013183597,1785300
2025-06-26,HLT,254.5500030517578,258.04998779296875,253.72000122070312,257.489990234375,257.3501892089844,1584700
2025-06-26,HLT,254.5500030517578,258.04998779296875,253.72000122070312,257.489990234375,257.3501892089844,1584700
2025-06-27,HLT,257.69000244140625,266.239990234375,257.69000244140625,265.5,265.3558654785156,8694900
2025-06-27,HLT,257.69000244140625,266.239990234375,257.69000244140625,265.5,265.3558654785156,8694900
2025-06-30,HLT,265.6099853515625,266.69000244140625,262.739990234375,266.3399963378906,266.1954040527344,3011400
2025-06-30,HLT,265.6099853515625,266.69000244140625,262.739990234375,266.3399963378906,266.1954040527344,3011400
2025-07-01,HLT,265.4200134277344,270.45001220703125,264.70001220703125,268.9599914550781,268.81396484375,2207000
2025-07-01,HLT,265.4200134277344,270.45001220703125,264.70001220703125,268.9599914550781,268.81396484375,2207000
2025-07-02,HLT,268.69000244140625,270.7799987792969,268.010009765625,270.1099853515625,269.9633483886719,1292900
2025-07-02,HLT,268.69000244140625,270.7799987792969,268.010009765625,270.1099853515625,269.9633483886719,1292900
2025-07-03,HLT,271.32000732421875,274.2900085449219,271.32000732421875,273.4200134277344,273.2715759277344,928200
2025-07-03,HLT,271.32000732421875,274.2900085449219,271.32000732421875,273.4200134277344,273.2715759277344,928200
2025-07-07,HLT,272.1000061035156,274.3299865722656,268.1700134277344,270.8500061035156,270.7029724121094,1492400
2025-07-07,HLT,272.1000061035156,274.3299865722656,268.1700134277344,270.8500061035156,270.7029724121094,1492400
2025-07-08,HLT,271.8500061035156,274.8099975585937,271.04998779296875,272.9599914550781,272.8117980957031,1676500
2025-07-08,HLT,271.8500061035156,274.8099975585937,271.04998779296875,272.9599914550781,272.8117980957031,1676500
2025-07-09,HLT,274.5599975585937,274.8099975585937,270.0199890136719,272.5299987792969,272.3820495605469,1274000
2025-07-09,HLT,274.5599975585937,274.8099975585937,270.0199890136719,272.5299987792969,272.3820495605469,1274000
2025-07-10,HLT,273.8999938964844,277.7699890136719,273.010009765625,277.4800109863281,277.3293762207031,1349400
2025-07-10,HLT,273.8999938964844,277.7699890136719,273.010009765625,277.4800109863281,277.3293762207031,1349400
2025-07-11,HLT,275.989990234375,277.8599853515625,275.1499938964844,277.3099975585937,277.1594543457031,1327400
2025-07-11,HLT,275.989990234375,277.8599853515625,275.1499938964844,277.3099975585937,277.1594543457031,1327400
2025-07-14,HLT,277.2699890136719,279.2900085449219,274.04998779296875,278.6499938964844,278.49871826171875,2033400
2025-07-14,HLT,277.2699890136719,279.2900085449219,274.04998779296875,278.6499938964844,278.49871826171875,2033400
2025-07-15,HLT,278.6499938964844,279.4599914550781,273.54998779296875,274.3399963378906,274.1910705566406,1756300
2025-07-15,HLT,278.6499938964844,279.4599914550781,273.54998779296875,274.3399963378906,274.1910705566406,1756300
2025-07-16,HLT,275.260009765625,275.94000244140625,271.67999267578125,273.4700012207031,273.321533203125,1490000
2025-07-16,HLT,275.260009765625,275.94000244140625,271.67999267578125,273.4700012207031,273.321533203125,1490000
2025-07-17,HLT,273.2699890136719,274.4800109863281,270.0400085449219,272.2099914550781,272.0622253417969,1503800
2025-07-17,HLT,273.2699890136719,274.4800109863281,270.0400085449219,272.2099914550781,272.0622253417969,1503800
2025-07-18,HLT,273.3900146484375,273.8599853515625,271.1199951171875,272.67999267578125,272.5319519042969,2352500
2025-07-18,HLT,273.3900146484375,273.8599853515625,271.1199951171875,272.67999267578125,272.5319519042969,2352500
2025-07-21,HLT,273.8500061035156,274.510009765625,270.8500061035156,270.8500061035156,270.7029724121094,2139900
2025-07-21,HLT,273.8500061035156,274.510009765625,270.8500061035156,270.8500061035156,270.7029724121094,2139900
2025-07-22,HLT,272.510009765625,275.2699890136719,270.7099914550781,273.8399963378906,273.6913452148437,2930000
2025-07-22,HLT,272.510009765625,275.2699890136719,270.7099914550781,273.8399963378906,273.6913452148437,2930000
2025-07-23,HLT,264.8999938964844,271.5199890136719,264.0,266.8500061035156,266.70513916015625,3727200
2025-07-23,HLT,264.8999938964844,271.5199890136719,264.0,266.8500061035156,266.70513916015625,3727200
2025-07-24,HLT,266.42999267578125,271.3099975585937,266.3099975585937,267.57000732421875,267.4247436523437,2397800
2025-07-24,HLT,266.42999267578125,271.3099975585937,266.3099975585937,267.57000732421875,267.4247436523437,2397800
2025-07-25,HLT,269.19000244140625,274.3599853515625,267.7099914550781,273.6499938964844,273.5014343261719,1735700
2025-07-25,HLT,269.19000244140625,274.3599853515625,267.7099914550781,273.6499938964844,273.5014343261719,1735700
2025-07-28,HLT,273.1600036621094,273.8999938964844,270.04998779296875,270.57000732421875,270.4231262207031,1753800
2025-07-28,HLT,273.1600036621094,273.8999938964844,270.04998779296875,270.57000732421875,270.4231262207031,1753800
2025-07-29,HLT,271.5199890136719,273.1499938964844,269.8299865722656,273.0599975585937,272.9117736816406,1810600
2025-07-29,HLT,271.5199890136719,273.1499938964844,269.8299865722656,273.0599975585937,272.9117736816406,1810600
2025-07-30,HLT,273.6400146484375,275.9800109863281,272.1099853515625,273.2900085449219,273.1416320800781,1558800
2025-07-30,HLT,273.6400146484375,275.9800109863281,272.1099853515625,273.2900085449219,273.1416320800781,1558800
2025-07-31,HLT,273.0599975585937,274.25,267.3500061035156,268.0799865722656,267.9344482421875,2313800
2025-07-31,HLT,273.0599975585937,274.25,267.3500061035156,268.0799865722656,267.9344482421875,2313800
2025-08-01,HLT,264.70001220703125,264.70001220703125,257.6099853515625,260.8399963378906,260.6983947753906,1965500
2025-08-01,HLT,264.70001220703125,264.70001220703125,257.6099853515625,260.8399963378906,260.6983947753906,1965500
2025-08-04,HLT,261.489990234375,262.7699890136719,260.2900085449219,262.4200134277344,262.2775573730469,1129200
2025-08-04,HLT,261.489990234375,262.7699890136719,260.2900085449219,262.4200134277344,262.2775573730469,1129200
2025-08-05,HLT,261.6199951171875,262.3999938964844,257.5,260.1499938964844,260.0087585449219,1370600
2025-08-05,HLT,261.6199951171875,262.3999938964844,257.5,260.1499938964844,260.0087585449219,1370600
2025-08-06,HLT,259.7300109863281,262.0,258.1000061035156,260.95001220703125,260.808349609375,1200500
2025-08-06,HLT,259.7300109863281,262.0,258.1000061035156,260.95001220703125,260.808349609375,1200500
2025-08-07,HLT,264.4200134277344,265.0299987792969,259.19000244140625,260.9200134277344,260.7783508300781,1277800
2025-08-07,HLT,264.4200134277344,265.0299987792969,259.19000244140625,260.9200134277344,260.7783508300781,1277800
2025-08-08,HLT,261.2099914550781,265.2200012207031,258.57000732421875,262.29998779296875,262.1575927734375,1957900
2025-08-08,HLT,261.2099914550781,265.2200012207031,258.57000732421875,262.29998779296875,262.1575927734375,1957900
2025-08-11,HLT,260.8999938964844,263.45001220703125,260.010009765625,261.04998779296875,260.90826416015625,1523300
2025-08-11,HLT,260.8999938964844,263.45001220703125,260.010009765625,261.04998779296875,260.90826416015625,1523300
2025-08-12,HLT,262.6600036621094,269.0199890136719,262.3299865722656,268.7699890136719,268.62408447265625,1408400
2025-08-12,HLT,262.6600036621094,269.0199890136719,262.3299865722656,268.7699890136719,268.62408447265625,1408400
2025-08-13,HLT,268.45001220703125,273.4700012207031,267.57000732421875,272.8500061035156,272.7018737792969,1762900
2025-08-13,HLT,268.45001220703125,273.4700012207031,267.57000732421875,272.8500061035156,272.7018737792969,1762900
2025-08-14,HLT,271.3599853515625,271.6300048828125,269.4200134277344,270.3399963378906,270.1932373046875,1065100
2025-08-14,HLT,271.3599853515625,271.6300048828125,269.4200134277344,270.3399963378906,270.1932373046875,1065100
2025-08-15,HLT,271.1199951171875,271.1199951171875,267.5899963378906,267.7300109863281,267.58465576171875,1699100
2025-08-15,HLT,271.1199951171875,271.1199951171875,267.5899963378906,267.7300109863281,267.58465576171875,1699100
2025-08-18,HLT,267.3599853515625,270.7699890136719,266.42999267578125,269.1499938964844,269.0038757324219,1586800
2025-08-18,HLT,267.3599853515625,270.7699890136719,266.42999267578125,269.1499938964844,269.0038757324219,1586800
2025-08-19,HLT,268.5299987792969,273.82000732421875,268.3299865722656,271.7300109863281,271.5824890136719,1604300
2025-08-19,HLT,268.5299987792969,273.82000732421875,268.3299865722656,271.7300109863281,271.5824890136719,1604300
2025-08-20,HLT,269.8500061035156,272.3299865722656,268.8599853515625,269.8999938964844,269.75347900390625,1303800
2025-08-20,HLT,269.8500061035156,272.3299865722656,268.8599853515625,269.8999938964844,269.75347900390625,1303800
2025-08-21,HLT,268.6600036621094,270.7900085449219,267.6400146484375,269.19000244140625,269.0438537597656,1259800
2025-08-21,HLT,268.6600036621094,270.7900085449219,267.6400146484375,269.19000244140625,269.0438537597656,1259800
2025-08-22,HLT,271.010009765625,278.6400146484375,270.04998779296875,277.5,277.349365234375,1578600
2025-08-22,HLT,271.010009765625,278.6400146484375,270.04998779296875,277.5,277.349365234375,1578600
2025-08-25,HLT,277.54998779296875,278.010009765625,272.94000244140625,274.07000732421875,273.9212341308594,1242200
2025-08-25,HLT,277.54998779296875,278.010009765625,272.94000244140625,274.07000732421875,273.9212341308594,1242200
2025-08-26,HLT,274.3599853515625,276.9599914550781,273.5,275.3399963378906,275.1905212402344,1366000
2025-08-26,HLT,274.3599853515625,276.9599914550781,273.5,275.3399963378906,275.1905212402344,1366000
2025-08-27,HLT,275.1199951171875,277.6199951171875,274.54998779296875,276.3999938964844,276.2499389648437,1294900
2025-08-27,HLT,275.1199951171875,277.6199951171875,274.54998779296875,276.3999938964844,276.2499389648437,1294900
2025-08-28,HLT,277.6199951171875,277.6499938964844,275.82000732421875,276.29998779296875,276.1499938964844,1728900
2025-08-28,HLT,277.6199951171875,277.6499938964844,275.82000732421875,276.29998779296875,276.1499938964844,1728900
2025-08-29,HLT,274.3999938964844,277.5899963378906,273.0400085449219,276.0599975585937,276.0599975585937,1108700
2025-08-29,HLT,274.3999938964844,277.5899963378906,273.0400085449219,276.0599975585937,276.0599975585937,1108700
2025-09-02,HLT,273.1000061035156,276.260009765625,271.0599975585937,276.010009765625,276.010009765625,1856000
2025-09-02,HLT,273.1000061035156,276.260009765625,271.0599975585937,276.010009765625,276.010009765625,1856000
2025-09-03,HLT,275.7799987792969,279.7300109863281,274.6300048828125,275.0,275.0,1244700
2025-09-03,HLT,275.7799987792969,279.7300109863281,274.6300048828125,275.0,275.0,1244700
2025-09-04,HLT,275.739990234375,279.260009765625,274.67999267578125,278.0599975585937,278.0599975585937,2003600
2025-09-04,HLT,275.739990234375,279.260009765625,274.67999267578125,278.0599975585937,278.0599975585937,2003600
2025-09-05,HLT,278.20001220703125,279.8099975585937,270.2300109863281,272.29998779296875,272.29998779296875,1578800
2025-09-05,HLT,278.20001220703125,279.8099975585937,270.2300109863281,272.29998779296875,272.29998779296875,1578800
2025-09-08,HLT,272.45001220703125,277.8999938964844,271.8699951171875,277.79998779296875,277.79998779296875,1544700
2025-09-08,HLT,272.45001220703125,277.8999938964844,271.8699951171875,277.79998779296875,277.79998779296875,1544700
2025-09-09,HLT,277.0799865722656,277.4100036621094,274.7099914550781,274.9700012207031,274.9700012207031,863200
2025-09-09,HLT,277.0799865722656,277.4100036621094,274.7099914550781,274.9700012207031,274.9700012207031,863200
2025-09-10,HLT,274.3099975585937,275.67999267578125,271.6099853515625,273.1000061035156,273.1000061035156,1131800
2025-09-10,HLT,274.3099975585937,275.67999267578125,271.6099853515625,273.1000061035156,273.1000061035156,1131800
2025-09-11,HLT,273.489990234375,278.7799987792969,272.5400085449219,278.2200012207031,278.2200012207031,958700
2025-09-11,HLT,273.489990234375,278.7799987792969,272.5400085449219,278.2200012207031,278.2200012207031,958700
2025-09-12,HLT,277.8299865722656,277.8900146484375,274.69000244140625,274.7300109863281,274.7300109863281,703600
2025-09-12,HLT,277.8299865722656,277.8900146484375,274.69000244140625,274.7300109863281,274.7300109863281,703600
2025-09-15,HLT,274.8099975585937,275.17999267578125,271.17999267578125,271.25,271.25,1442800
2025-09-15,HLT,274.8099975585937,275.17999267578125,271.17999267578125,271.25,271.25,1442800
2025-09-16,HLT,271.739990234375,274.25,270.54998779296875,273.8800048828125,273.8800048828125,1126700
2025-09-16,HLT,271.739990234375,274.25,270.54998779296875,273.8800048828125,273.8800048828125,1126700
2025-09-17,HLT,274.42999267578125,274.42999267578125,263.8999938964844,266.4100036621094,266.4100036621094,2551500
2025-09-17,HLT,274.42999267578125,274.42999267578125,263.8999938964844,266.4100036621094,266.4100036621094,2551500
2025-09-18,HLT,266.7799987792969,268.8500061035156,265.5899963378906,266.29998779296875,266.29998779296875,1683400
2025-09-18,HLT,266.7799987792969,268.8500061035156,265.5899963378906,266.29998779296875,266.29998779296875,1683400
2025-09-19,HLT,267.8099975585937,269.57000732421875,266.0,268.6099853515625,268.6099853515625,3686500
2025-09-19,HLT,267.8099975585937,269.57000732421875,266.0,268.6099853515625,268.6099853515625,3686500
2025-09-22,HLT,266.20001220703125,267.9700012207031,265.29998779296875,266.5799865722656,266.5799865722656,1245900
2025-09-22,HLT,266.20001220703125,267.9700012207031,265.29998779296875,266.5799865722656,266.5799865722656,1245900
2025-09-23,HLT,267.2699890136719,268.7200012207031,263.6300048828125,263.70001220703125,263.70001220703125,1233600
2025-09-23,HLT,267.2699890136719,268.7200012207031,263.6300048828125,263.70001220703125,263.70001220703125,1233600
2025-09-24,HLT,264.0199890136719,266.1000061035156,260.04998779296875,263.1700134277344,263.1700134277344,2465800
2025-09-24,HLT,264.0199890136719,266.1000061035156,260.04998779296875,263.1700134277344,263.1700134277344,2465800
2025-09-25,HLT,262.760009765625,262.760009765625,260.239990234375,261.2799987792969,261.2799987792969,2826000
2025-09-25,HLT,262.760009765625,262.760009765625,260.239990234375,261.2799987792969,261.2799987792969,2826000
2025-09-26,HLT,263.0299987792969,264.739990234375,261.3399963378906,261.75,261.75,1895100
2025-09-26,HLT,263.0299987792969,264.739990234375,261.3399963378906,261.75,261.75,1895100
2025-09-29,HLT,263.0299987792969,264.3399963378906,260.9599914550781,262.2799987792969,262.2799987792969,1506500
2025-09-29,HLT,263.0299987792969,264.3399963378906,260.9599914550781,262.2799987792969,262.2799987792969,1506500
2025-09-30,HLT,260.8900146484375,263.0,257.8900146484375,259.44000244140625,259.44000244140625,2525500
2025-09-30,HLT,260.8900146484375,263.0,257.8900146484375,259.44000244140625,259.44000244140625,2525500
2025-10-01,HLT,257.8099975585937,259.4100036621094,255.0500030517578,256.75,256.75,2225300
2025-10-01,HLT,257.8099975585937,259.4100036621094,255.0500030517578,256.75,256.75,2225300
2025-10-02,HLT,256.6400146484375,259.5299987792969,255.3999938964844,258.9100036621094,258.9100036621094,1856300
2025-10-02,HLT,256.6400146484375,259.5299987792969,255.3999938964844,258.9100036621094,258.9100036621094,1856300
2025-10-03,HLT,258.8999938964844,259.489990234375,256.8900146484375,258.42999267578125,258.42999267578125,1677500
2025-10-03,HLT,258.8999938964844,259.489990234375,256.8900146484375,258.42999267578125,258.42999267578125,1677500
2025-10-06,HLT,258.2300109863281,261.9200134277344,257.4800109863281,260.17999267578125,260.17999267578125,2937800
2025-10-06,HLT,258.2300109863281,261.9200134277344,257.4800109863281,260.17999267578125,260.17999267578125,2937800
2025-10-07,HLT,260.5899963378906,261.20001220703125,256.3900146484375,258.6400146484375,258.6400146484375,2114600
2025-10-07,HLT,260.5899963378906,261.20001220703125,256.3900146484375,258.6400146484375,258.6400146484375,2114600
2025-10-08,HLT,258.5599975585937,258.42498779296875,256.17498779296875,258.07989501953125,258.07989501953125,105374
2025-10-08,HLT,258.5599975585937,258.42498779296875,256.17498779296875,258.07989501953125,258.07989501953125,105374
2025-10-01,HLT,257.80999755859375,259.4100036621094,255.0500030517578,256.75,256.75,2225300
2025-10-02,HLT,256.6400146484375,259.5299987792969,255.39999389648438,258.9100036621094,258.9100036621094,1856300
2025-10-03,HLT,258.8999938964844,259.489990234375,256.8900146484375,258.42999267578125,258.42999267578125,1677500
2025-10-06,HLT,258.2300109863281,261.9200134277344,257.4800109863281,260.17999267578125,260.17999267578125,2937800
2025-10-07,HLT,260.5899963378906,261.20001220703125,256.3900146484375,258.6400146484375,258.6400146484375,2114600
2025-10-08,HLT,258.55999755859375,258.5799865722656,256.17498779296875,258.44000244140625,258.44000244140625,113769
2025-10-01,HLT,257.80999755859375,259.4100036621094,255.0500030517578,256.75,256.75,2225300
2025-10-02,HLT,256.6400146484375,259.5299987792969,255.39999389648438,258.9100036621094,258.9100036621094,1856300
2025-10-03,HLT,258.8999938964844,259.489990234375,256.8900146484375,258.42999267578125,258.42999267578125,1677500
2025-10-06,HLT,258.2300109863281,261.9200134277344,257.4800109863281,260.17999267578125,260.17999267578125,2937800
2025-10-07,HLT,260.5899963378906,261.20001220703125,256.3900146484375,258.6400146484375,258.6400146484375,2114600
2025-10-08,HLT,258.55999755859375,258.5799865722656,256.17498779296875,258.44000244140625,258.44000244140625,113769
