Date,Ticker,Open,High,Low,Close,Adj Close,Volume
2017-05-12,IR,21.25,21.299999237060547,20.270000457763672,21.100000381469727,19.53459930419922,10933700
2017-05-12,IR,21.25,21.299999237060547,20.270000457763672,21.100000381469727,19.53459930419922,10933700
2017-05-15,IR,21.01000022888184,22.299999237060547,21.01000022888184,22.020000457763672,20.386348724365234,3487300
2017-05-15,IR,21.01000022888184,22.299999237060547,21.01000022888184,22.020000457763672,20.386348724365234,3487300
2017-05-16,IR,22.190000534057617,22.40999984741211,22.049999237060547,22.100000381469727,20.46040916442871,1289300
2017-05-16,IR,22.190000534057617,22.40999984741211,22.049999237060547,22.100000381469727,20.46040916442871,1289300
2017-05-17,IR,22.149999618530277,22.51000022888184,21.670000076293945,22.100000381469727,20.46040916442871,1583700
2017-05-17,IR,22.149999618530277,22.51000022888184,21.670000076293945,22.100000381469727,20.46040916442871,1583700
2017-05-18,IR,22.190000534057617,23.6299991607666,21.979999542236328,22.5,20.83073616027832,4075200
2017-05-18,IR,22.190000534057617,23.6299991607666,21.979999542236328,22.5,20.83073616027832,4075200
2017-05-19,IR,22.559999465942383,23.489999771118164,22.31999969482422,22.71999931335449,21.03441047668457,1248600
2017-05-19,IR,22.559999465942383,23.489999771118164,22.31999969482422,22.71999931335449,21.03441047668457,1248600
2017-05-22,IR,22.799999237060547,23.09000015258789,22.520000457763672,22.88999938964844,21.191801071166992,383100
2017-05-22,IR,22.799999237060547,23.09000015258789,22.520000457763672,22.88999938964844,21.191801071166992,383100
2017-05-23,IR,22.989999771118164,23.61000061035156,22.649999618530277,23.450000762939453,21.71025657653809,704000
2017-05-23,IR,22.989999771118164,23.61000061035156,22.649999618530277,23.450000762939453,21.71025657653809,704000
2017-05-24,IR,23.540000915527344,23.593000411987305,23.01000022888184,23.350000381469727,21.617673873901367,408800
2017-05-24,IR,23.540000915527344,23.593000411987305,23.01000022888184,23.350000381469727,21.617673873901367,408800
2017-05-25,IR,23.420000076293945,23.81999969482422,22.309999465942383,22.51000022888184,20.839990615844727,1080700
2017-05-25,IR,23.420000076293945,23.81999969482422,22.309999465942383,22.51000022888184,20.839990615844727,1080700
2017-05-26,IR,22.549999237060547,23.239999771118164,22.354999542236328,23.030000686645508,21.3214168548584,721100
2017-05-26,IR,22.549999237060547,23.239999771118164,22.354999542236328,23.030000686645508,21.3214168548584,721100
2017-05-30,IR,23.0,23.290000915527344,22.59000015258789,22.950000762939453,21.247352600097656,843100
2017-05-30,IR,23.0,23.290000915527344,22.59000015258789,22.950000762939453,21.247352600097656,843100
2017-05-31,IR,22.96999931335449,23.18000030517578,22.670000076293945,22.93000030517578,21.228836059570312,484400
2017-05-31,IR,22.96999931335449,23.18000030517578,22.670000076293945,22.93000030517578,21.228836059570312,484400
2017-06-01,IR,22.90999984741211,23.434999465942383,22.809999465942383,22.93000030517578,21.228836059570312,486400
2017-06-01,IR,22.90999984741211,23.434999465942383,22.809999465942383,22.93000030517578,21.228836059570312,486400
2017-06-02,IR,22.88999938964844,23.100000381469727,22.600000381469727,22.649999618530277,20.9696044921875,546600
2017-06-02,IR,22.88999938964844,23.100000381469727,22.600000381469727,22.649999618530277,20.9696044921875,546600
2017-06-05,IR,22.61000061035156,22.90999984741211,21.920000076293945,22.6299991607666,20.95108795166016,422200
2017-06-05,IR,22.61000061035156,22.90999984741211,21.920000076293945,22.6299991607666,20.95108795166016,422200
2017-06-06,IR,21.82999992370605,22.709999084472656,21.82999992370605,22.290000915527344,20.63631629943848,1089500
2017-06-06,IR,21.82999992370605,22.709999084472656,21.82999992370605,22.290000915527344,20.63631629943848,1089500
2017-06-07,IR,22.399999618530277,22.790000915527344,21.56999969482422,21.76000022888184,20.1456356048584,733500
2017-06-07,IR,22.399999618530277,22.790000915527344,21.56999969482422,21.76000022888184,20.1456356048584,733500
2017-06-08,IR,21.75,21.93000030517578,21.61000061035156,21.649999618530277,20.043798446655277,432600
2017-06-08,IR,21.75,21.93000030517578,21.61000061035156,21.649999618530277,20.043798446655277,432600
2017-06-09,IR,21.68000030517578,22.81999969482422,21.68000030517578,22.489999771118164,20.82147979736328,565900
2017-06-09,IR,21.68000030517578,22.81999969482422,21.68000030517578,22.489999771118164,20.82147979736328,565900
2017-06-12,IR,22.459999084472656,23.57999992370605,21.88999938964844,23.030000686645508,21.3214168548584,826200
2017-06-12,IR,22.459999084472656,23.57999992370605,21.88999938964844,23.030000686645508,21.3214168548584,826200
2017-06-13,IR,22.989999771118164,24.239999771118164,22.799999237060547,23.489999771118164,21.747285842895508,927300
2017-06-13,IR,22.989999771118164,24.239999771118164,22.799999237060547,23.489999771118164,21.747285842895508,927300
2017-06-14,IR,23.56999969482422,23.709999084472656,22.549999237060547,23.25,21.52509117126465,1988500
2017-06-14,IR,23.56999969482422,23.709999084472656,22.549999237060547,23.25,21.52509117126465,1988500
2017-06-15,IR,23.07999992370605,24.549999237060547,22.770000457763672,22.989999771118164,21.284379959106445,1510300
2017-06-15,IR,23.07999992370605,24.549999237060547,22.770000457763672,22.989999771118164,21.284379959106445,1510300
2017-06-16,IR,23.0,24.0,23.0,23.920000076293945,22.14538955688477,2465600
2017-06-16,IR,23.0,24.0,23.0,23.920000076293945,22.14538955688477,2465600
2017-06-19,IR,24.059999465942383,24.209999084472656,23.540000915527344,23.920000076293945,22.14538955688477,460200
2017-06-19,IR,24.059999465942383,24.209999084472656,23.540000915527344,23.920000076293945,22.14538955688477,460200
2017-06-20,IR,23.71999931335449,23.71999931335449,22.209999084472656,22.6200008392334,20.94183349609375,1043700
2017-06-20,IR,23.71999931335449,23.71999931335449,22.209999084472656,22.6200008392334,20.94183349609375,1043700
2017-06-21,IR,22.540000915527344,22.7450008392334,20.6299991607666,20.71999931335449,19.18278694152832,1275400
2017-06-21,IR,22.540000915527344,22.7450008392334,20.6299991607666,20.71999931335449,19.18278694152832,1275400
2017-06-22,IR,20.71999931335449,21.06999969482422,19.90999984741211,21.059999465942383,19.49756622314453,1321900
2017-06-22,IR,20.71999931335449,21.06999969482422,19.90999984741211,21.059999465942383,19.49756622314453,1321900
2017-06-23,IR,21.030000686645508,21.104999542236328,20.239999771118164,20.46999931335449,18.95134162902832,3690400
2017-06-23,IR,21.030000686645508,21.104999542236328,20.239999771118164,20.46999931335449,18.95134162902832,3690400
2017-06-26,IR,20.420000076293945,21.049999237060547,20.07999992370605,20.5,18.979116439819336,790800
2017-06-26,IR,20.420000076293945,21.049999237060547,20.07999992370605,20.5,18.979116439819336,790800
2017-06-27,IR,20.559999465942383,21.6299991607666,20.420000076293945,21.290000915527344,19.71050071716309,1029100
2017-06-27,IR,20.559999465942383,21.6299991607666,20.420000076293945,21.290000915527344,19.71050071716309,1029100
2017-06-28,IR,21.280000686645508,21.63999938964844,21.13999938964844,21.270000457763672,19.69198989868164,737600
2017-06-28,IR,21.280000686645508,21.63999938964844,21.13999938964844,21.270000457763672,19.69198989868164,737600
2017-06-29,IR,21.32999992370605,21.540000915527344,21.040000915527344,21.43000030517578,19.84012222290039,796200
2017-06-29,IR,21.32999992370605,21.540000915527344,21.040000915527344,21.43000030517578,19.84012222290039,796200
2017-06-30,IR,21.540000915527344,21.739999771118164,21.239999771118164,21.61000061035156,20.006765365600582,250800
2017-06-30,IR,21.540000915527344,21.739999771118164,21.239999771118164,21.61000061035156,20.006765365600582,250800
2017-07-03,IR,21.75,22.399999618530277,21.38999938964844,22.34000015258789,20.68260765075684,396500
2017-07-03,IR,21.75,22.399999618530277,21.38999938964844,22.34000015258789,20.68260765075684,396500
2017-07-05,IR,22.3799991607666,22.40999984741211,21.76000022888184,21.81999969482422,20.201181411743164,765800
2017-07-05,IR,22.3799991607666,22.40999984741211,21.76000022888184,21.81999969482422,20.201181411743164,765800
2017-07-06,IR,21.61000061035156,21.61000061035156,20.895000457763672,20.96999931335449,19.414247512817383,1184400
2017-07-06,IR,21.61000061035156,21.61000061035156,20.895000457763672,20.96999931335449,19.414247512817383,1184400
2017-07-07,IR,20.989999771118164,21.21999931335449,20.57999992370605,20.670000076293945,19.136499404907227,953900
2017-07-07,IR,20.989999771118164,21.21999931335449,20.57999992370605,20.670000076293945,19.136499404907227,953900
2017-07-10,IR,20.6299991607666,21.479999542236328,20.549999237060547,21.34000015258789,19.75679397583008,826900
2017-07-10,IR,20.6299991607666,21.479999542236328,20.549999237060547,21.34000015258789,19.75679397583008,826900
2017-07-11,IR,21.229999542236328,21.799999237060547,21.020000457763672,21.729999542236328,20.117855072021484,656100
2017-07-11,IR,21.229999542236328,21.799999237060547,21.020000457763672,21.729999542236328,20.117855072021484,656100
2017-07-12,IR,21.780000686645508,22.34000015258789,21.729999542236328,22.1299991607666,20.48818588256836,1091800
2017-07-12,IR,21.780000686645508,22.34000015258789,21.729999542236328,22.1299991607666,20.48818588256836,1091800
2017-07-13,IR,22.11000061035156,22.26000022888184,21.86000061035156,22.059999465942383,20.42337989807129,1577700
2017-07-13,IR,22.11000061035156,22.26000022888184,21.86000061035156,22.059999465942383,20.42337989807129,1577700
2017-07-14,IR,22.1299991607666,22.290000915527344,21.989999771118164,22.07999992370605,20.44189453125,211300
2017-07-14,IR,22.1299991607666,22.290000915527344,21.989999771118164,22.07999992370605,20.44189453125,211300
2017-07-17,IR,22.059999465942383,23.1200008392334,21.92300033569336,22.96999931335449,21.265867233276367,1357100
2017-07-17,IR,22.059999465942383,23.1200008392334,21.92300033569336,22.96999931335449,21.265867233276367,1357100
2017-07-18,IR,22.82999992370605,23.209999084472656,22.809999465942383,23.040000915527344,21.33067321777344,962700
2017-07-18,IR,22.82999992370605,23.209999084472656,22.809999465942383,23.040000915527344,21.33067321777344,962700
2017-07-19,IR,23.030000686645508,23.420000076293945,23.0,23.420000076293945,21.68247985839844,742400
2017-07-19,IR,23.030000686645508,23.420000076293945,23.0,23.420000076293945,21.68247985839844,742400
2017-07-20,IR,23.40999984741211,23.6200008392334,23.0,23.549999237060547,21.802831649780277,454400
2017-07-20,IR,23.40999984741211,23.6200008392334,23.0,23.549999237060547,21.802831649780277,454400
2017-07-21,IR,23.440000534057617,23.690000534057617,22.81999969482422,23.01000022888184,21.302906036376957,1163200
2017-07-21,IR,23.440000534057617,23.690000534057617,22.81999969482422,23.01000022888184,21.302906036376957,1163200
2017-07-24,IR,22.93000030517578,23.149999618530277,22.709999084472656,23.13999938964844,21.42325592041016,724400
2017-07-24,IR,22.93000030517578,23.149999618530277,22.709999084472656,23.13999938964844,21.42325592041016,724400
2017-07-25,IR,23.280000686645508,23.559999465942383,22.989999771118164,23.450000762939453,21.71025657653809,1832300
2017-07-25,IR,23.280000686645508,23.559999465942383,22.989999771118164,23.450000762939453,21.71025657653809,1832300
2017-07-26,IR,23.600000381469727,23.600000381469727,22.63999938964844,22.81999969482422,21.12699317932129,781200
2017-07-26,IR,23.600000381469727,23.600000381469727,22.63999938964844,22.81999969482422,21.12699317932129,781200
2017-07-27,IR,22.809999465942383,23.25,22.7450008392334,23.229999542236328,21.506574630737305,314200
2017-07-27,IR,22.809999465942383,23.25,22.7450008392334,23.229999542236328,21.506574630737305,314200
2017-07-28,IR,23.07999992370605,23.21999931335449,22.8799991607666,23.09000015258789,21.3769645690918,260800
2017-07-28,IR,23.07999992370605,23.21999931335449,22.8799991607666,23.09000015258789,21.3769645690918,260800
2017-07-31,IR,23.229999542236328,23.229999542236328,22.90999984741211,22.959999084472656,21.25660514831543,536900
2017-07-31,IR,23.229999542236328,23.229999542236328,22.90999984741211,22.959999084472656,21.25660514831543,536900
2017-08-01,IR,23.0,23.0,22.38999938964844,22.5,20.83073616027832,998200
2017-08-01,IR,23.0,23.0,22.38999938964844,22.5,20.83073616027832,998200
2017-08-02,IR,22.5,23.1299991607666,22.5,23.020000457763672,21.312158584594727,1444100
2017-08-02,IR,22.5,23.1299991607666,22.5,23.020000457763672,21.312158584594727,1444100
2017-08-03,IR,23.82999992370605,23.996999740600582,22.959999084472656,23.26000022888184,21.53435516357422,2650300
2017-08-03,IR,23.82999992370605,23.996999740600582,22.959999084472656,23.26000022888184,21.53435516357422,2650300
2017-08-04,IR,23.459999084472656,24.07999992370605,23.290000915527344,24.06999969482422,22.284255981445312,809600
2017-08-04,IR,23.459999084472656,24.07999992370605,23.290000915527344,24.06999969482422,22.284255981445312,809600
2017-08-07,IR,24.09000015258789,24.34000015258789,23.739999771118164,24.040000915527344,22.25648498535156,1039100
2017-08-07,IR,24.09000015258789,24.34000015258789,23.739999771118164,24.040000915527344,22.25648498535156,1039100
2017-08-08,IR,24.059999465942383,24.290000915527344,23.729999542236328,24.1299991607666,22.33980369567871,626700
2017-08-08,IR,24.059999465942383,24.290000915527344,23.729999542236328,24.1299991607666,22.33980369567871,626700
2017-08-09,IR,24.040000915527344,24.06399917602539,23.479999542236328,23.600000381469727,21.849130630493164,296800
2017-08-09,IR,24.040000915527344,24.06399917602539,23.479999542236328,23.600000381469727,21.849130630493164,296800
2017-08-10,IR,23.38999938964844,23.38999938964844,22.520000457763672,22.65999984741211,20.978864669799805,1247900
2017-08-10,IR,23.38999938964844,23.38999938964844,22.520000457763672,22.65999984741211,20.978864669799805,1247900
2017-08-11,IR,22.280000686645508,22.90999984741211,22.280000686645508,22.68000030517578,20.99738502502441,605300
2017-08-11,IR,22.280000686645508,22.90999984741211,22.280000686645508,22.68000030517578,20.99738502502441,605300
2017-08-14,IR,22.88999938964844,23.190000534057617,22.15999984741211,22.59000015258789,20.91405487060547,970300
2017-08-14,IR,22.88999938964844,23.190000534057617,22.15999984741211,22.59000015258789,20.91405487060547,970300
2017-08-15,IR,22.690000534057617,22.799999237060547,22.549999237060547,22.690000534057617,21.00663948059082,1061900
2017-08-15,IR,22.690000534057617,22.799999237060547,22.549999237060547,22.690000534057617,21.00663948059082,1061900
2017-08-16,IR,22.799999237060547,22.8700008392334,22.59000015258789,22.75,21.062185287475582,536300
2017-08-16,IR,22.799999237060547,22.8700008392334,22.59000015258789,22.75,21.062185287475582,536300
2017-08-17,IR,22.600000381469727,22.809999465942383,21.979999542236328,22.0,20.36783218383789,417900
2017-08-17,IR,22.600000381469727,22.809999465942383,21.979999542236328,22.0,20.36783218383789,417900
2017-08-18,IR,21.90999984741211,22.18000030517578,21.76000022888184,21.96999931335449,20.340051651000977,506400
2017-08-18,IR,21.90999984741211,22.18000030517578,21.76000022888184,21.96999931335449,20.340051651000977,506400
2017-08-21,IR,22.65999984741211,22.899999618530277,22.13500022888184,22.38999938964844,20.72889709472656,714000
2017-08-21,IR,22.65999984741211,22.899999618530277,22.13500022888184,22.38999938964844,20.72889709472656,714000
2017-08-22,IR,22.520000457763672,22.850000381469727,22.399999618530277,22.780000686645508,21.089963912963867,245100
2017-08-22,IR,22.520000457763672,22.850000381469727,22.399999618530277,22.780000686645508,21.089963912963867,245100
2017-08-23,IR,22.57999992370605,23.065000534057617,22.57999992370605,22.959999084472656,21.25660514831543,612400
2017-08-23,IR,22.57999992370605,23.065000534057617,22.57999992370605,22.959999084472656,21.25660514831543,612400
2017-08-24,IR,22.979999542236328,22.979999542236328,22.63500022888184,22.700000762939453,21.01589584350586,230300
2017-08-24,IR,22.979999542236328,22.979999542236328,22.63500022888184,22.700000762939453,21.01589584350586,230300
2017-08-25,IR,22.81999969482422,23.040000915527344,22.709999084472656,22.979999542236328,21.275121688842773,572300
2017-08-25,IR,22.81999969482422,23.040000915527344,22.709999084472656,22.979999542236328,21.275121688842773,572300
2017-08-28,IR,23.06999969482422,23.06999969482422,22.7450008392334,22.950000762939453,21.247352600097656,355200
2017-08-28,IR,23.06999969482422,23.06999969482422,22.7450008392334,22.950000762939453,21.247352600097656,355200
2017-08-29,IR,22.809999465942383,23.18000030517578,22.68000030517578,23.059999465942383,21.34918975830078,262200
2017-08-29,IR,22.809999465942383,23.18000030517578,22.68000030517578,23.059999465942383,21.34918975830078,262200
2017-08-30,IR,22.950000762939453,23.309999465942383,22.88999938964844,23.299999237060547,21.57138442993164,368500
2017-08-30,IR,22.950000762939453,23.309999465942383,22.88999938964844,23.299999237060547,21.57138442993164,368500
2017-08-31,IR,23.46999931335449,23.82999992370605,23.290000915527344,23.489999771118164,21.747285842895508,382200
2017-08-31,IR,23.46999931335449,23.82999992370605,23.290000915527344,23.489999771118164,21.747285842895508,382200
2017-09-01,IR,23.700000762939453,23.950000762939453,23.670000076293945,23.700000762939453,21.941709518432617,465500
2017-09-01,IR,23.700000762939453,23.950000762939453,23.670000076293945,23.700000762939453,21.941709518432617,465500
2017-09-05,IR,23.780000686645508,23.8700008392334,22.940000534057617,23.1200008392334,21.40474319458008,450300
2017-09-05,IR,23.780000686645508,23.8700008392334,22.940000534057617,23.1200008392334,21.40474319458008,450300
2017-09-06,IR,23.31999969482422,23.489999771118164,22.920000076293945,23.350000381469727,21.617673873901367,400600
2017-09-06,IR,23.31999969482422,23.489999771118164,22.920000076293945,23.350000381469727,21.617673873901367,400600
2017-09-07,IR,23.43000030517578,23.68000030517578,23.18000030517578,23.61000061035156,21.858386993408203,247300
2017-09-07,IR,23.43000030517578,23.68000030517578,23.18000030517578,23.61000061035156,21.858386993408203,247300
2017-09-08,IR,23.530000686645508,23.93000030517578,23.5,23.76000022888184,21.997257232666016,404100
2017-09-08,IR,23.530000686645508,23.93000030517578,23.5,23.76000022888184,21.997257232666016,404100
2017-09-11,IR,23.950000762939453,24.399999618530277,23.84000015258789,23.88999938964844,22.11760902404785,386700
2017-09-11,IR,23.950000762939453,24.399999618530277,23.84000015258789,23.88999938964844,22.11760902404785,386700
2017-09-12,IR,24.059999465942383,25.049999237060547,23.8700008392334,24.530000686645508,22.710134506225582,655500
2017-09-12,IR,24.059999465942383,25.049999237060547,23.8700008392334,24.530000686645508,22.710134506225582,655500
2017-09-13,IR,24.57999992370605,24.799999237060547,24.520000457763672,24.670000076293945,22.83974266052246,331100
2017-09-13,IR,24.57999992370605,24.799999237060547,24.520000457763672,24.670000076293945,22.83974266052246,331100
2017-09-14,IR,24.68000030517578,25.06999969482422,24.56999969482422,24.96999931335449,23.11748313903809,480400
2017-09-14,IR,24.68000030517578,25.06999969482422,24.56999969482422,24.96999931335449,23.11748313903809,480400
2017-09-15,IR,25.0,25.15999984741211,24.76000022888184,25.09000015258789,23.22858238220215,517200
2017-09-15,IR,25.0,25.15999984741211,24.76000022888184,25.09000015258789,23.22858238220215,517200
2017-09-18,IR,25.170000076293945,26.0,25.170000076293945,25.780000686645508,23.86739158630371,703900
2017-09-18,IR,25.170000076293945,26.0,25.170000076293945,25.780000686645508,23.86739158630371,703900
2017-09-19,IR,25.88999938964844,26.18000030517578,25.57999992370605,25.81999969482422,23.904428482055664,421300
2017-09-19,IR,25.88999938964844,26.18000030517578,25.57999992370605,25.81999969482422,23.904428482055664,421300
2017-09-20,IR,25.86000061035156,26.040000915527344,25.6299991607666,25.979999542236328,24.052553176879883,561000
2017-09-20,IR,25.86000061035156,26.040000915527344,25.6299991607666,25.979999542236328,24.052553176879883,561000
2017-09-21,IR,26.030000686645508,26.09000015258789,25.780000686645508,25.850000381469727,23.93219757080078,432800
2017-09-21,IR,26.030000686645508,26.09000015258789,25.780000686645508,25.850000381469727,23.93219757080078,432800
2017-09-22,IR,25.8799991607666,26.299999237060547,25.700000762939453,26.280000686645508,24.33030128479004,269600
2017-09-22,IR,25.8799991607666,26.299999237060547,25.700000762939453,26.280000686645508,24.33030128479004,269600
2017-09-25,IR,26.31999969482422,26.655000686645508,26.26000022888184,26.399999618530277,24.44139289855957,485600
2017-09-25,IR,26.31999969482422,26.655000686645508,26.26000022888184,26.399999618530277,24.44139289855957,485600
2017-09-26,IR,26.51000022888184,26.739999771118164,26.200000762939453,26.309999465942383,24.358074188232425,660800
2017-09-26,IR,26.51000022888184,26.739999771118164,26.200000762939453,26.309999465942383,24.358074188232425,660800
2017-09-27,IR,26.399999618530277,27.07999992370605,26.209999084472656,27.06999969482422,25.061691284179688,557800
2017-09-27,IR,26.399999618530277,27.07999992370605,26.209999084472656,27.06999969482422,25.061691284179688,557800
2017-09-28,IR,27.049999237060547,27.489999771118164,27.049999237060547,27.32999992370605,25.302398681640625,694400
2017-09-28,IR,27.049999237060547,27.489999771118164,27.049999237060547,27.32999992370605,25.302398681640625,694400
2017-09-29,IR,27.420000076293945,27.649999618530277,27.32999992370605,27.520000457763672,25.47830390930176,298400
2017-09-29,IR,27.420000076293945,27.649999618530277,27.32999992370605,27.520000457763672,25.47830390930176,298400
2017-10-02,IR,27.459999084472656,27.84000015258789,27.21999931335449,27.549999237060547,25.506080627441406,473700
2017-10-02,IR,27.459999084472656,27.84000015258789,27.21999931335449,27.549999237060547,25.506080627441406,473700
2017-10-03,IR,27.950000762939453,27.950000762939453,27.56999969482422,27.6299991607666,25.580137252807617,400200
2017-10-03,IR,27.950000762939453,27.950000762939453,27.56999969482422,27.6299991607666,25.580137252807617,400200
2017-10-04,IR,27.5,27.600000381469727,26.809999465942383,26.88999938964844,24.89504051208496,665700
2017-10-04,IR,27.5,27.600000381469727,26.809999465942383,26.88999938964844,24.89504051208496,665700
2017-10-05,IR,26.920000076293945,27.170000076293945,26.739999771118164,26.790000915527344,24.802461624145508,417900
2017-10-05,IR,26.920000076293945,27.170000076293945,26.739999771118164,26.790000915527344,24.802461624145508,417900
2017-10-06,IR,26.61000061035156,26.84000015258789,26.5,26.600000381469727,24.62656021118164,414100
2017-10-06,IR,26.61000061035156,26.84000015258789,26.5,26.600000381469727,24.62656021118164,414100
2017-10-09,IR,26.600000381469727,26.850000381469727,26.226999282836918,26.780000686645508,24.7932071685791,372900
2017-10-09,IR,26.600000381469727,26.850000381469727,26.226999282836918,26.780000686645508,24.7932071685791,372900
2017-10-10,IR,26.850000381469727,27.290000915527344,26.780000686645508,26.899999618530277,24.904300689697266,257500
2017-10-10,IR,26.850000381469727,27.290000915527344,26.780000686645508,26.899999618530277,24.904300689697266,257500
2017-10-11,IR,26.8799991607666,26.989999771118164,26.770000457763672,26.86000061035156,24.867267608642575,273900
2017-10-11,IR,26.8799991607666,26.989999771118164,26.770000457763672,26.86000061035156,24.867267608642575,273900
2017-10-12,IR,26.700000762939453,26.979999542236328,26.600000381469727,26.88999938964844,24.89504051208496,269600
2017-10-12,IR,26.700000762939453,26.979999542236328,26.600000381469727,26.88999938964844,24.89504051208496,269600
2017-10-13,IR,27.11000061035156,27.26000022888184,26.530000686645508,26.959999084472656,24.959848403930664,379600
2017-10-13,IR,27.11000061035156,27.26000022888184,26.530000686645508,26.959999084472656,24.959848403930664,379600
2017-10-16,IR,27.0,27.100000381469727,26.81999969482422,26.920000076293945,24.922815322875977,399200
2017-10-16,IR,27.0,27.100000381469727,26.81999969482422,26.920000076293945,24.922815322875977,399200
2017-10-17,IR,26.899999618530277,27.21999931335449,26.780000686645508,26.989999771118164,24.98762321472168,545300
2017-10-17,IR,26.899999618530277,27.21999931335449,26.780000686645508,26.989999771118164,24.98762321472168,545300
2017-10-18,IR,26.920000076293945,27.309999465942383,26.61000061035156,26.75,24.76542854309082,566400
2017-10-18,IR,26.920000076293945,27.309999465942383,26.61000061035156,26.75,24.76542854309082,566400
2017-10-19,IR,26.46999931335449,26.65999984741211,26.100000381469727,26.36000061035156,24.404359817504883,495500
2017-10-19,IR,26.46999931335449,26.65999984741211,26.100000381469727,26.36000061035156,24.404359817504883,495500
2017-10-20,IR,26.489999771118164,26.809999465942383,26.399999618530277,26.57999992370605,24.60803604125977,796300
2017-10-20,IR,26.489999771118164,26.809999465942383,26.399999618530277,26.57999992370605,24.60803604125977,796300
2017-10-23,IR,26.57999992370605,26.68000030517578,26.200000762939453,26.420000076293945,24.45991325378418,467500
2017-10-23,IR,26.57999992370605,26.68000030517578,26.200000762939453,26.420000076293945,24.45991325378418,467500
2017-10-24,IR,26.530000686645508,26.75,26.420000076293945,26.600000381469727,24.62656021118164,608200
2017-10-24,IR,26.530000686645508,26.75,26.420000076293945,26.600000381469727,24.62656021118164,608200
2017-10-25,IR,26.440000534057617,26.770000457763672,26.270000457763672,26.6200008392334,24.645078659057617,527600
2017-10-25,IR,26.440000534057617,26.770000457763672,26.270000457763672,26.6200008392334,24.645078659057617,527600
2017-10-26,IR,28.479999542236328,29.46999931335449,27.59000015258789,29.100000381469727,26.941085815429688,2409000
2017-10-26,IR,28.479999542236328,29.46999931335449,27.59000015258789,29.100000381469727,26.941085815429688,2409000
2017-10-27,IR,30.059999465942383,30.65999984741211,29.149999618530277,30.420000076293945,28.16315078735352,1434000
2017-10-27,IR,30.059999465942383,30.65999984741211,29.149999618530277,30.420000076293945,28.16315078735352,1434000
2017-10-30,IR,30.43000030517578,30.43000030517578,28.799999237060547,29.1200008392334,26.959596633911133,1344900
2017-10-30,IR,30.43000030517578,30.43000030517578,28.799999237060547,29.1200008392334,26.959596633911133,1344900
2017-10-31,IR,29.1299991607666,29.51000022888184,28.799999237060547,28.850000381469727,26.70962905883789,647600
2017-10-31,IR,29.1299991607666,29.51000022888184,28.799999237060547,28.850000381469727,26.70962905883789,647600
2017-11-01,IR,29.15999984741211,29.200000762939453,28.8700008392334,28.940000534057617,26.792953491210938,837500
2017-11-01,IR,29.15999984741211,29.200000762939453,28.8700008392334,28.940000534057617,26.792953491210938,837500
2017-11-02,IR,28.88999938964844,29.489999771118164,28.82999992370605,29.309999465942383,27.1355037689209,738300
2017-11-02,IR,28.88999938964844,29.489999771118164,28.82999992370605,29.309999465942383,27.1355037689209,738300
2017-11-03,IR,29.36000061035156,29.36000061035156,28.18000030517578,28.57999992370605,26.45966339111328,924900
2017-11-03,IR,29.36000061035156,29.36000061035156,28.18000030517578,28.57999992370605,26.45966339111328,924900
2017-11-06,IR,28.549999237060547,28.549999237060547,27.93000030517578,27.959999084472656,25.885662078857425,659100
2017-11-06,IR,28.549999237060547,28.549999237060547,27.93000030517578,27.959999084472656,25.885662078857425,659100
2017-11-07,IR,28.049999237060547,28.209999084472656,27.799999237060547,28.0,25.92269325256348,568300
2017-11-07,IR,28.049999237060547,28.209999084472656,27.799999237060547,28.0,25.92269325256348,568300
2017-11-08,IR,28.0,28.57999992370605,27.850000381469727,28.06999969482422,25.98750305175781,838500
2017-11-08,IR,28.0,28.57999992370605,27.850000381469727,28.06999969482422,25.98750305175781,838500
2017-11-09,IR,27.8799991607666,28.209999084472656,27.399999618530277,28.13999938964844,26.05230712890625,1080000
2017-11-09,IR,27.8799991607666,28.209999084472656,27.399999618530277,28.13999938964844,26.05230712890625,1080000
2017-11-10,IR,28.209999084472656,28.84000015258789,28.18000030517578,28.76000022888184,26.62631225585937,792600
2017-11-10,IR,28.209999084472656,28.84000015258789,28.18000030517578,28.76000022888184,26.62631225585937,792600
2017-11-13,IR,28.56999969482422,29.51000022888184,28.100000381469727,29.40999984741211,27.228086471557617,883300
2017-11-13,IR,28.56999969482422,29.51000022888184,28.100000381469727,29.40999984741211,27.228086471557617,883300
2017-11-14,IR,28.559999465942383,28.8799991607666,28.170000076293945,28.65999984741211,26.533727645874023,1090100
2017-11-14,IR,28.559999465942383,28.8799991607666,28.170000076293945,28.65999984741211,26.533727645874023,1090100
2017-11-15,IR,28.290000915527344,28.690000534057617,27.530000686645508,27.540000915527344,25.49681663513184,870400
2017-11-15,IR,28.290000915527344,28.690000534057617,27.530000686645508,27.540000915527344,25.49681663513184,870400
2017-11-16,IR,27.8799991607666,29.11000061035156,27.61000061035156,28.88999938964844,26.74666404724121,7596800
2017-11-16,IR,27.8799991607666,29.11000061035156,27.61000061035156,28.88999938964844,26.74666404724121,7596800
2017-11-17,IR,29.0,30.229999542236328,28.71999931335449,30.049999237060547,27.820606231689453,2588000
2017-11-17,IR,29.0,30.229999542236328,28.71999931335449,30.049999237060547,27.820606231689453,2588000
2017-11-20,IR,30.209999084472656,30.940000534057617,29.809999465942383,30.56999969482422,28.302024841308597,2904300
2017-11-20,IR,30.209999084472656,30.940000534057617,29.809999465942383,30.56999969482422,28.302024841308597,2904300
2017-11-21,IR,30.809999465942383,31.089000701904297,30.21999931335449,30.729999542236328,28.450151443481445,1687000
2017-11-21,IR,30.809999465942383,31.089000701904297,30.21999931335449,30.729999542236328,28.450151443481445,1687000
2017-11-22,IR,31.049999237060547,31.8799991607666,30.80500030517578,30.979999542236328,28.68160629272461,1223000
2017-11-22,IR,31.049999237060547,31.8799991607666,30.80500030517578,30.979999542236328,28.68160629272461,1223000
2017-11-24,IR,31.1299991607666,31.51499938964844,30.989999771118164,31.13999938964844,28.82973289489746,391800
2017-11-24,IR,31.1299991607666,31.51499938964844,30.989999771118164,31.13999938964844,28.82973289489746,391800
2017-11-27,IR,31.32999992370605,31.57999992370605,31.21999931335449,31.459999084472656,29.125995635986328,1307800
2017-11-27,IR,31.32999992370605,31.57999992370605,31.21999931335449,31.459999084472656,29.125995635986328,1307800
2017-11-28,IR,31.59000015258789,31.700000762939453,31.1200008392334,31.229999542236328,28.913057327270508,965700
2017-11-28,IR,31.59000015258789,31.700000762939453,31.1200008392334,31.229999542236328,28.913057327270508,965700
2017-11-29,IR,31.11000061035156,31.57999992370605,31.030000686645508,31.149999618530277,28.83899307250977,892800
2017-11-29,IR,31.11000061035156,31.57999992370605,31.030000686645508,31.149999618530277,28.83899307250977,892800
2017-11-30,IR,31.440000534057617,32.5099983215332,31.38999938964844,32.40999984741211,30.00551414489746,2112800
2017-11-30,IR,31.440000534057617,32.5099983215332,31.38999938964844,32.40999984741211,30.00551414489746,2112800
2017-12-01,IR,32.54999923706055,32.75,31.56999969482422,32.08000183105469,29.69999885559082,2144300
2017-12-01,IR,32.54999923706055,32.75,31.56999969482422,32.08000183105469,29.69999885559082,2144300
2017-12-04,IR,32.439998626708984,32.75,31.270000457763672,31.450000762939453,29.11673927307129,785800
2017-12-04,IR,32.439998626708984,32.75,31.270000457763672,31.450000762939453,29.11673927307129,785800
2017-12-05,IR,31.57999992370605,31.75,31.100000381469727,31.15999984741211,28.848255157470703,630900
2017-12-05,IR,31.57999992370605,31.75,31.100000381469727,31.15999984741211,28.848255157470703,630900
2017-12-06,IR,31.020000457763672,31.549999237060547,31.000999450683597,31.46999931335449,29.13525390625,463600
2017-12-06,IR,31.020000457763672,31.549999237060547,31.000999450683597,31.46999931335449,29.13525390625,463600
2017-12-07,IR,31.65999984741211,32.22999954223633,31.63999938964844,32.18000030517578,29.79258346557617,845800
2017-12-07,IR,31.65999984741211,32.22999954223633,31.63999938964844,32.18000030517578,29.79258346557617,845800
2017-12-08,IR,32.400001525878906,32.5,31.8700008392334,32.33000183105469,29.931459426879883,637600
2017-12-08,IR,32.400001525878906,32.5,31.8700008392334,32.33000183105469,29.931459426879883,637600
2017-12-11,IR,32.349998474121094,32.5,31.959999084472656,32.029998779296875,29.65370750427246,331100
2017-12-11,IR,32.349998474121094,32.5,31.959999084472656,32.029998779296875,29.65370750427246,331100
2017-12-12,IR,32.04999923706055,32.215999603271484,31.65999984741211,31.68000030517578,29.32967567443848,435100
2017-12-12,IR,32.04999923706055,32.215999603271484,31.65999984741211,31.68000030517578,29.32967567443848,435100
2017-12-13,IR,31.729999542236328,31.940000534057617,31.61000061035156,31.82999992370605,29.468544006347656,1003100
2017-12-13,IR,31.729999542236328,31.940000534057617,31.61000061035156,31.82999992370605,29.468544006347656,1003100
2017-12-14,IR,31.82999992370605,31.989999771118164,31.65999984741211,31.690000534057617,29.33893203735352,467500
2017-12-14,IR,31.82999992370605,31.989999771118164,31.65999984741211,31.690000534057617,29.33893203735352,467500
2017-12-15,IR,31.959999084472656,32.900001525878906,31.899999618530277,32.61000061035156,30.190675735473636,1606700
2017-12-15,IR,31.959999084472656,32.900001525878906,31.899999618530277,32.61000061035156,30.190675735473636,1606700
2017-12-18,IR,32.79999923706055,33.56999969482422,32.79999923706055,33.380001068115234,30.903553009033203,947600
2017-12-18,IR,32.79999923706055,33.56999969482422,32.79999923706055,33.380001068115234,30.903553009033203,947600
2017-12-19,IR,33.369998931884766,33.619998931884766,33.15999984741211,33.290000915527344,30.820226669311523,977500
2017-12-19,IR,33.369998931884766,33.619998931884766,33.15999984741211,33.290000915527344,30.820226669311523,977500
2017-12-20,IR,33.400001525878906,34.150001525878906,33.040000915527344,34.0099983215332,31.48681259155273,645000
2017-12-20,IR,33.400001525878906,34.150001525878906,33.040000915527344,34.0099983215332,31.48681259155273,645000
2017-12-21,IR,34.11000061035156,34.560001373291016,33.862998962402344,34.43000030517578,31.87565422058105,333700
2017-12-21,IR,34.11000061035156,34.560001373291016,33.862998962402344,34.43000030517578,31.87565422058105,333700
2017-12-22,IR,34.43000030517578,34.625,34.02000045776367,34.20000076293945,31.662717819213867,323400
2017-12-22,IR,34.43000030517578,34.625,34.02000045776367,34.20000076293945,31.662717819213867,323400
2017-12-26,IR,34.439998626708984,34.439998626708984,33.810001373291016,34.029998779296875,31.50532341003418,148700
2017-12-26,IR,34.439998626708984,34.439998626708984,33.810001373291016,34.029998779296875,31.50532341003418,148700
2017-12-27,IR,34.08000183105469,34.31999969482422,33.97999954223633,34.11000061035156,31.579391479492188,311200
2017-12-27,IR,34.08000183105469,34.31999969482422,33.97999954223633,34.11000061035156,31.579391479492188,311200
2017-12-28,IR,34.2599983215332,34.2599983215332,33.630001068115234,33.970001220703125,31.44977569580078,282500
2017-12-28,IR,34.2599983215332,34.2599983215332,33.630001068115234,33.970001220703125,31.44977569580078,282500
2017-12-29,IR,34.11000061035156,34.439998626708984,33.91999816894531,33.93000030517578,31.412752151489254,442300
2017-12-29,IR,34.11000061035156,34.439998626708984,33.91999816894531,33.93000030517578,31.412752151489254,442300
2018-01-02,IR,34.189998626708984,34.27000045776367,33.40999984741211,33.709999084472656,31.20906639099121,814700
2018-01-02,IR,34.189998626708984,34.27000045776367,33.40999984741211,33.709999084472656,31.20906639099121,814700
2018-01-03,IR,33.709999084472656,34.06999969482422,33.52000045776367,33.90999984741211,31.394227981567383,806600
2018-01-03,IR,33.709999084472656,34.06999969482422,33.52000045776367,33.90999984741211,31.394227981567383,806600
2018-01-04,IR,34.06999969482422,34.61000061035156,34.0,34.06999969482422,31.54236602783203,488400
2018-01-04,IR,34.06999969482422,34.61000061035156,34.0,34.06999969482422,31.54236602783203,488400
2018-01-05,IR,33.75,34.790000915527344,33.75,34.54999923706055,31.98675537109375,416900
2018-01-05,IR,33.75,34.790000915527344,33.75,34.54999923706055,31.98675537109375,416900
2018-01-08,IR,34.63999938964844,35.15999984741211,34.5099983215332,34.90999984741211,32.320045471191406,573600
2018-01-08,IR,34.63999938964844,35.15999984741211,34.5099983215332,34.90999984741211,32.320045471191406,573600
2018-01-09,IR,35.09000015258789,35.40999984741211,34.959999084472656,35.09000015258789,32.48667907714844,418800
2018-01-09,IR,35.09000015258789,35.40999984741211,34.959999084472656,35.09000015258789,32.48667907714844,418800
2018-01-10,IR,34.959999084472656,35.29999923706055,34.290000915527344,34.45000076293945,31.8941707611084,424900
2018-01-10,IR,34.959999084472656,35.29999923706055,34.290000915527344,34.45000076293945,31.8941707611084,424900
2018-01-11,IR,34.70000076293945,34.93000030517578,34.564998626708984,34.88999938964844,32.30152893066406,248100
2018-01-11,IR,34.70000076293945,34.93000030517578,34.564998626708984,34.88999938964844,32.30152893066406,248100
2018-01-12,IR,35.0,35.040000915527344,34.54999923706055,34.560001373291016,31.996007919311523,542100
2018-01-12,IR,35.0,35.040000915527344,34.54999923706055,34.560001373291016,31.996007919311523,542100
2018-01-16,IR,34.79999923706055,36.08000183105469,34.79999923706055,35.099998474121094,32.495948791503906,974600
2018-01-16,IR,34.79999923706055,36.08000183105469,34.79999923706055,35.099998474121094,32.495948791503906,974600
2018-01-17,IR,35.36000061035156,35.65999984741211,34.86000061035156,34.959999084472656,32.366329193115234,868400
2018-01-17,IR,35.36000061035156,35.65999984741211,34.86000061035156,34.959999084472656,32.366329193115234,868400
2018-01-18,IR,34.95000076293945,35.290000915527344,34.599998474121094,35.20000076293945,32.58852767944336,443100
2018-01-18,IR,34.95000076293945,35.290000915527344,34.599998474121094,35.20000076293945,32.58852767944336,443100
2018-01-19,IR,35.0099983215332,35.95000076293945,35.0099983215332,35.91999816894531,33.25511169433594,518500
2018-01-19,IR,35.0099983215332,35.95000076293945,35.0099983215332,35.91999816894531,33.25511169433594,518500
2018-01-22,IR,35.900001525878906,36.2400016784668,35.630001068115234,36.18999862670898,33.50507354736328,660400
2018-01-22,IR,35.900001525878906,36.2400016784668,35.630001068115234,36.18999862670898,33.50507354736328,660400
2018-01-23,IR,37.59000015258789,38.0,36.369998931884766,36.68999862670898,33.967979431152344,927900
2018-01-23,IR,37.59000015258789,38.0,36.369998931884766,36.68999862670898,33.967979431152344,927900
2018-01-24,IR,36.83000183105469,36.999000549316406,36.18000030517578,36.27000045776367,33.57914733886719,435900
2018-01-24,IR,36.83000183105469,36.999000549316406,36.18000030517578,36.27000045776367,33.57914733886719,435900
2018-01-25,IR,36.40999984741211,36.4900016784668,35.52000045776367,35.939998626708984,33.27362823486328,660400
2018-01-25,IR,36.40999984741211,36.4900016784668,35.52000045776367,35.939998626708984,33.27362823486328,660400
2018-01-26,IR,36.20000076293945,36.34999847412109,35.75,36.27999877929688,33.58840560913086,229500
2018-01-26,IR,36.20000076293945,36.34999847412109,35.75,36.27999877929688,33.58840560913086,229500
2018-01-29,IR,36.119998931884766,36.41999816894531,35.81999969482422,36.2400016784668,33.55137252807617,414500
2018-01-29,IR,36.119998931884766,36.41999816894531,35.81999969482422,36.2400016784668,33.55137252807617,414500
2018-01-30,IR,36.150001525878906,36.150001525878906,34.45000076293945,35.470001220703125,32.838497161865234,795800
2018-01-30,IR,36.150001525878906,36.150001525878906,34.45000076293945,35.470001220703125,32.838497161865234,795800
2018-01-31,IR,35.75,35.790000915527344,34.505001068115234,34.58000183105469,32.01453399658203,756200
2018-01-31,IR,35.75,35.790000915527344,34.505001068115234,34.58000183105469,32.01453399658203,756200
2018-02-01,IR,35.099998474121094,35.27000045776367,33.970001220703125,35.040000915527344,32.440391540527344,680900
2018-02-01,IR,35.099998474121094,35.27000045776367,33.970001220703125,35.040000915527344,32.440391540527344,680900
2018-02-02,IR,34.619998931884766,34.63100051879883,34.029998779296875,34.16999816894531,31.63493537902832,637000
2018-02-02,IR,34.619998931884766,34.63100051879883,34.029998779296875,34.16999816894531,31.63493537902832,637000
2018-02-05,IR,33.83000183105469,34.880001068115234,32.56999969482422,33.5099983215332,31.023910522460938,827500
2018-02-05,IR,33.83000183105469,34.880001068115234,32.56999969482422,33.5099983215332,31.023910522460938,827500
2018-02-06,IR,32.88999938964844,33.81999969482422,32.619998931884766,33.38999938964844,30.91280746459961,633800
2018-02-06,IR,32.88999938964844,33.81999969482422,32.619998931884766,33.38999938964844,30.91280746459961,633800
2018-02-07,IR,33.27000045776367,33.869998931884766,32.77000045776367,32.810001373291016,30.375844955444336,790800
2018-02-07,IR,33.27000045776367,33.869998931884766,32.77000045776367,32.810001373291016,30.375844955444336,790800
2018-02-08,IR,32.7400016784668,33.06999969482422,31.549999237060547,31.56999969482422,29.227832794189453,873000
2018-02-08,IR,32.7400016784668,33.06999969482422,31.549999237060547,31.56999969482422,29.227832794189453,873000
2018-02-09,IR,31.96999931335449,32.18000030517578,30.46999931335449,31.75,29.39447784423828,1100500
2018-02-09,IR,31.96999931335449,32.18000030517578,30.46999931335449,31.75,29.39447784423828,1100500
2018-02-12,IR,31.88999938964844,33.040000915527344,31.81999969482422,32.70000076293945,30.274002075195312,658100
2018-02-12,IR,31.88999938964844,33.040000915527344,31.81999969482422,32.70000076293945,30.274002075195312,658100
2018-02-13,IR,32.369998931884766,33.33000183105469,31.899999618530277,33.08000183105469,30.62580680847168,875300
2018-02-13,IR,32.369998931884766,33.33000183105469,31.899999618530277,33.08000183105469,30.62580680847168,875300
2018-02-14,IR,32.7599983215332,33.630001068115234,32.30099868774414,33.5099983215332,31.023910522460938,727700
2018-02-14,IR,32.7599983215332,33.630001068115234,32.30099868774414,33.5099983215332,31.023910522460938,727700
2018-02-15,IR,33.7400016784668,34.599998474121094,33.18000030517578,34.529998779296875,31.968236923217773,1298200
2018-02-15,IR,33.7400016784668,34.599998474121094,33.18000030517578,34.529998779296875,31.968236923217773,1298200
2018-02-16,IR,34.5099983215332,34.5099983215332,31.96999931335449,32.849998474121094,30.41287040710449,2623800
2018-02-16,IR,34.5099983215332,34.5099983215332,31.96999931335449,32.849998474121094,30.41287040710449,2623800
2018-02-20,IR,32.58000183105469,33.45000076293945,31.729999542236328,31.729999542236328,29.375965118408203,1042900
2018-02-20,IR,32.58000183105469,33.45000076293945,31.729999542236328,31.729999542236328,29.375965118408203,1042900
2018-02-21,IR,31.75,32.349998474121094,30.979999542236328,31.780000686645508,29.422264099121094,1865800
2018-02-21,IR,31.75,32.349998474121094,30.979999542236328,31.780000686645508,29.422264099121094,1865800
2018-02-22,IR,31.76000022888184,32.5099983215332,31.76000022888184,32.060001373291016,29.681486129760746,588500
2018-02-22,IR,31.76000022888184,32.5099983215332,31.76000022888184,32.060001373291016,29.681486129760746,588500
2018-02-23,IR,32.099998474121094,32.91999816894531,31.940000534057617,32.880001068115234,30.440649032592773,500700
2018-02-23,IR,32.099998474121094,32.91999816894531,31.940000534057617,32.880001068115234,30.440649032592773,500700
2018-02-26,IR,32.95000076293945,33.2400016784668,32.529998779296875,33.0,30.55174446105957,478600
2018-02-26,IR,32.95000076293945,33.2400016784668,32.529998779296875,33.0,30.55174446105957,478600
2018-02-27,IR,33.06999969482422,33.290000915527344,32.63999938964844,32.68000030517578,30.255489349365234,461600
2018-02-27,IR,33.06999969482422,33.290000915527344,32.63999938964844,32.68000030517578,30.255489349365234,461600
2018-02-28,IR,32.900001525878906,33.20500183105469,32.0099983215332,32.0099983215332,29.635189056396484,644900
2018-02-28,IR,32.900001525878906,33.20500183105469,32.0099983215332,32.0099983215332,29.635189056396484,644900
2018-03-01,IR,32.029998779296875,32.09000015258789,30.75,30.88999938964844,28.598283767700195,936600
2018-03-01,IR,32.029998779296875,32.09000015258789,30.75,30.88999938964844,28.598283767700195,936600
2018-03-02,IR,30.670000076293945,31.940000534057617,30.3700008392334,31.799999237060547,29.440771102905277,675200
2018-03-02,IR,30.670000076293945,31.940000534057617,30.3700008392334,31.799999237060547,29.440771102905277,675200
2018-03-05,IR,31.6200008392334,32.130001068115234,31.100000381469727,32.040000915527344,29.66296768188477,592500
2018-03-05,IR,31.6200008392334,32.130001068115234,31.100000381469727,32.040000915527344,29.66296768188477,592500
2018-03-06,IR,32.099998474121094,32.369998931884766,31.770000457763672,31.809999465942383,29.45002555847168,877300
2018-03-06,IR,32.099998474121094,32.369998931884766,31.770000457763672,31.809999465942383,29.45002555847168,877300
2018-03-07,IR,31.38999938964844,32.04499816894531,31.38999938964844,31.81999969482422,29.459285736083984,638800
2018-03-07,IR,31.38999938964844,32.04499816894531,31.38999938964844,31.81999969482422,29.459285736083984,638800
2018-03-08,IR,31.799999237060547,32.650001525878906,31.799999237060547,32.369998931884766,29.968482971191406,533300
2018-03-08,IR,31.799999237060547,32.650001525878906,31.799999237060547,32.369998931884766,29.968482971191406,533300
2018-03-09,IR,32.58000183105469,33.22999954223633,32.5099983215332,33.0,30.55174446105957,814800
2018-03-09,IR,32.58000183105469,33.22999954223633,32.5099983215332,33.0,30.55174446105957,814800
2018-03-12,IR,32.95000076293945,33.33000183105469,32.5,32.63999938964844,30.21845054626465,485300
2018-03-12,IR,32.95000076293945,33.33000183105469,32.5,32.63999938964844,30.21845054626465,485300
2018-03-13,IR,32.70000076293945,32.849998474121094,32.400001525878906,32.529998779296875,30.116607666015625,381100
2018-03-13,IR,32.70000076293945,32.849998474121094,32.400001525878906,32.529998779296875,30.116607666015625,381100
2018-03-14,IR,32.7599983215332,33.02000045776367,32.59000015258789,32.959999084472656,30.51470947265625,428900
2018-03-14,IR,32.7599983215332,33.02000045776367,32.59000015258789,32.959999084472656,30.51470947265625,428900
2018-03-15,IR,32.959999084472656,33.119998931884766,32.58000183105469,32.65999984741211,30.23696517944336,579400
2018-03-15,IR,32.959999084472656,33.119998931884766,32.58000183105469,32.65999984741211,30.23696517944336,579400
2018-03-16,IR,32.619998931884766,33.349998474121094,32.540000915527344,32.959999084472656,30.51470947265625,997400
2018-03-16,IR,32.619998931884766,33.349998474121094,32.540000915527344,32.959999084472656,30.51470947265625,997400
2018-03-19,IR,32.79999923706055,32.79999923706055,32.13999938964844,32.709999084472656,30.28325653076172,309100
2018-03-19,IR,32.79999923706055,32.79999923706055,32.13999938964844,32.709999084472656,30.28325653076172,309100
2018-03-20,IR,31.71999931335449,32.95000076293945,31.71999931335449,32.54999923706055,30.1351318359375,611000
2018-03-20,IR,31.71999931335449,32.95000076293945,31.71999931335449,32.54999923706055,30.1351318359375,611000
2018-03-21,IR,32.599998474121094,33.255001068115234,32.31999969482422,33.130001068115234,30.672100067138672,502800
2018-03-21,IR,32.599998474121094,33.255001068115234,32.31999969482422,33.130001068115234,30.672100067138672,502800
2018-03-22,IR,32.75,32.88999938964844,31.1299991607666,31.209999084472656,28.894540786743164,908000
2018-03-22,IR,32.75,32.88999938964844,31.1299991607666,31.209999084472656,28.894540786743164,908000
2018-03-23,IR,31.32999992370605,31.75,30.309999465942383,30.31999969482422,28.07057380676269,1004900
2018-03-23,IR,31.32999992370605,31.75,30.309999465942383,30.31999969482422,28.07057380676269,1004900
2018-03-26,IR,30.76000022888184,30.76499938964844,29.979999542236328,30.729999542236328,28.450151443481445,674800
2018-03-26,IR,30.76000022888184,30.76499938964844,29.979999542236328,30.729999542236328,28.450151443481445,674800
2018-03-27,IR,30.739999771118164,31.270000457763672,30.1299991607666,30.399999618530277,28.14463806152344,489200
2018-03-27,IR,30.739999771118164,31.270000457763672,30.1299991607666,30.399999618530277,28.14463806152344,489200
2018-03-28,IR,30.649999618530277,31.2450008392334,29.93000030517578,30.049999237060547,27.820606231689453,739600
2018-03-28,IR,30.649999618530277,31.2450008392334,29.93000030517578,30.049999237060547,27.820606231689453,739600
2018-03-29,IR,30.11000061035156,31.01000022888184,29.959999084472656,30.68000030517578,28.40386390686035,665400
2018-03-29,IR,30.11000061035156,31.01000022888184,29.959999084472656,30.68000030517578,28.40386390686035,665400
2018-04-02,IR,30.3799991607666,30.424999237060547,28.96999931335449,29.1299991607666,26.968860626220703,923000
2018-04-02,IR,30.3799991607666,30.424999237060547,28.96999931335449,29.1299991607666,26.968860626220703,923000
2018-04-03,IR,29.40999984741211,29.729999542236328,29.1200008392334,29.729999542236328,27.52434539794922,583600
2018-04-03,IR,29.40999984741211,29.729999542236328,29.1200008392334,29.729999542236328,27.52434539794922,583600
2018-04-04,IR,29.13999938964844,29.8799991607666,29.13999938964844,29.790000915527344,27.579893112182617,291900
2018-04-04,IR,29.13999938964844,29.8799991607666,29.13999938964844,29.790000915527344,27.579893112182617,291900
2018-04-05,IR,29.88999938964844,31.31999969482422,29.739999771118164,30.809999465942383,28.52422332763672,1149700
2018-04-05,IR,29.88999938964844,31.31999969482422,29.739999771118164,30.809999465942383,28.52422332763672,1149700
2018-04-06,IR,30.420000076293945,30.493000030517575,29.36000061035156,29.82999992370605,27.616920471191406,847400
2018-04-06,IR,30.420000076293945,30.493000030517575,29.36000061035156,29.82999992370605,27.616920471191406,847400
2018-04-09,IR,30.21999931335449,30.40999984741211,29.36000061035156,29.36000061035156,27.181791305541992,459500
2018-04-09,IR,30.21999931335449,30.40999984741211,29.36000061035156,29.36000061035156,27.181791305541992,459500
2018-04-10,IR,29.82999992370605,30.959999084472656,29.549999237060547,30.88999938964844,28.598283767700195,738300
2018-04-10,IR,29.82999992370605,30.959999084472656,29.549999237060547,30.88999938964844,28.598283767700195,738300
2018-04-11,IR,30.51000022888184,31.299999237060547,30.26000022888184,31.0,28.700124740600582,733900
2018-04-11,IR,30.51000022888184,31.299999237060547,30.26000022888184,31.0,28.700124740600582,733900
2018-04-12,IR,31.100000381469727,31.69499969482422,30.920000076293945,31.549999237060547,29.20932388305664,644300
2018-04-12,IR,31.100000381469727,31.69499969482422,30.920000076293945,31.549999237060547,29.20932388305664,644300
2018-04-13,IR,31.670000076293945,31.93000030517578,31.32999992370605,31.6200008392334,29.27412796020508,469900
2018-04-13,IR,31.670000076293945,31.93000030517578,31.32999992370605,31.6200008392334,29.27412796020508,469900
2018-04-16,IR,32.0099983215332,32.310001373291016,31.55500030517578,32.040000915527344,29.66296768188477,685200
2018-04-16,IR,32.0099983215332,32.310001373291016,31.55500030517578,32.040000915527344,29.66296768188477,685200
2018-04-17,IR,32.15999984741211,32.439998626708984,32.11000061035156,32.290000915527344,29.89441680908203,408800
2018-04-17,IR,32.15999984741211,32.439998626708984,32.11000061035156,32.290000915527344,29.89441680908203,408800
2018-04-18,IR,32.45000076293945,32.970001220703125,32.15999984741211,32.66999816894531,30.246227264404297,557600
2018-04-18,IR,32.45000076293945,32.970001220703125,32.15999984741211,32.66999816894531,30.246227264404297,557600
2018-04-19,IR,32.5099983215332,32.84000015258789,32.20800018310547,32.529998779296875,30.116607666015625,409700
2018-04-19,IR,32.5099983215332,32.84000015258789,32.20800018310547,32.529998779296875,30.116607666015625,409700
2018-04-20,IR,32.59000015258789,32.7599983215332,31.90999984741211,32.16999816894531,29.7833194732666,477100
2018-04-20,IR,32.59000015258789,32.7599983215332,31.90999984741211,32.16999816894531,29.7833194732666,477100
2018-04-23,IR,31.56999969482422,32.279998779296875,31.520000457763672,31.780000686645508,29.422264099121094,492100
2018-04-23,IR,31.56999969482422,32.279998779296875,31.520000457763672,31.780000686645508,29.422264099121094,492100
2018-04-24,IR,32.09000015258789,32.39099884033203,30.950000762939453,31.229999542236328,28.913057327270508,1029300
2018-04-24,IR,32.09000015258789,32.39099884033203,30.950000762939453,31.229999542236328,28.913057327270508,1029300
2018-04-25,IR,31.270000457763672,31.75,30.905000686645508,31.68000030517578,29.32967567443848,616500
2018-04-25,IR,31.270000457763672,31.75,30.905000686645508,31.68000030517578,29.32967567443848,616500
2018-04-26,IR,31.739999771118164,31.78499984741211,30.799999237060547,30.86000061035156,28.57051086425781,1026000
2018-04-26,IR,31.739999771118164,31.78499984741211,30.799999237060547,30.86000061035156,28.57051086425781,1026000
2018-04-27,IR,32.70000076293945,33.15999984741211,31.63999938964844,31.84000015258789,29.47780418395996,3195500
2018-04-27,IR,32.70000076293945,33.15999984741211,31.63999938964844,31.84000015258789,29.47780418395996,3195500
2018-04-30,IR,31.84000015258789,32.275001525878906,31.38500022888184,31.6299991607666,29.28338432312012,1283800
2018-04-30,IR,31.84000015258789,32.275001525878906,31.38500022888184,31.6299991607666,29.28338432312012,1283800
2018-05-01,IR,30.3799991607666,31.475000381469727,30.1299991607666,31.15999984741211,28.848255157470703,1656600
2018-05-01,IR,30.3799991607666,31.475000381469727,30.1299991607666,31.15999984741211,28.848255157470703,1656600
2018-05-02,IR,31.149999618530277,31.899999618530277,30.940000534057617,31.399999618530277,29.07044982910156,1200700
2018-05-02,IR,31.149999618530277,31.899999618530277,30.940000534057617,31.399999618530277,29.07044982910156,1200700
2018-05-03,IR,31.350000381469727,32.29999923706055,31.0,31.68000030517578,29.32967567443848,12585800
2018-05-03,IR,31.350000381469727,32.29999923706055,31.0,31.68000030517578,29.32967567443848,12585800
2018-05-04,IR,31.600000381469727,32.439998626708984,31.5,32.06999969482422,29.69074058532715,2271200
2018-05-04,IR,31.600000381469727,32.439998626708984,31.5,32.06999969482422,29.69074058532715,2271200
2018-05-07,IR,32.22999954223633,32.970001220703125,31.959999084472656,32.04999923706055,29.672224044799805,3971800
2018-05-07,IR,32.22999954223633,32.970001220703125,31.959999084472656,32.04999923706055,29.672224044799805,3971800
2018-05-08,IR,32.04999923706055,32.41999816894531,31.440000534057617,31.51000022888184,29.17228507995605,2357100
2018-05-08,IR,32.04999923706055,32.41999816894531,31.440000534057617,31.51000022888184,29.17228507995605,2357100
2018-05-09,IR,31.81999969482422,32.310001373291016,31.5,32.04999923706055,29.672224044799805,2248000
2018-05-09,IR,31.81999969482422,32.310001373291016,31.5,32.04999923706055,29.672224044799805,2248000
2018-05-10,IR,32.209999084472656,33.650001525878906,32.09000015258789,33.470001220703125,30.98688125610352,2354900
2018-05-10,IR,32.209999084472656,33.650001525878906,32.09000015258789,33.470001220703125,30.98688125610352,2354900
2018-05-11,IR,33.470001220703125,33.7599983215332,33.060001373291016,33.439998626708984,30.95909881591797,1448400
2018-05-11,IR,33.470001220703125,33.7599983215332,33.060001373291016,33.439998626708984,30.95909881591797,1448400
2018-05-14,IR,33.650001525878906,33.72999954223633,33.40999984741211,33.459999084472656,30.977617263793945,1517900
2018-05-14,IR,33.650001525878906,33.72999954223633,33.40999984741211,33.459999084472656,30.977617263793945,1517900
2018-05-15,IR,33.2599983215332,33.849998474121094,33.13999938964844,33.630001068115234,31.13500213623047,1185200
2018-05-15,IR,33.2599983215332,33.849998474121094,33.13999938964844,33.630001068115234,31.13500213623047,1185200
2018-05-16,IR,33.66999816894531,33.9900016784668,33.4900016784668,33.75,31.246103286743164,1358100
2018-05-16,IR,33.66999816894531,33.9900016784668,33.4900016784668,33.75,31.246103286743164,1358100
2018-05-17,IR,33.689998626708984,34.75,33.5260009765625,34.29999923706055,31.75530433654785,1633500
2018-05-17,IR,33.689998626708984,34.75,33.5260009765625,34.29999923706055,31.75530433654785,1633500
2018-05-18,IR,34.11000061035156,34.80500030517578,33.689998626708984,34.459999084472656,31.903425216674805,1356500
2018-05-18,IR,34.11000061035156,34.80500030517578,33.689998626708984,34.459999084472656,31.903425216674805,1356500
2018-05-21,IR,34.689998626708984,35.27000045776367,34.38999938964844,34.41999816894531,31.866397857666016,759800
2018-05-21,IR,34.689998626708984,35.27000045776367,34.38999938964844,34.41999816894531,31.866397857666016,759800
2018-05-22,IR,34.40999984741211,35.279998779296875,34.12099838256836,34.40999984741211,31.85713768005371,1534900
2018-05-22,IR,34.40999984741211,35.279998779296875,34.12099838256836,34.40999984741211,31.85713768005371,1534900
2018-05-23,IR,34.189998626708984,34.81999969482422,33.83000183105469,34.27000045776367,31.727521896362305,941000
2018-05-23,IR,34.189998626708984,34.81999969482422,33.83000183105469,34.27000045776367,31.727521896362305,941000
2018-05-24,IR,33.97999954223633,34.22999954223633,33.70000076293945,33.86000061035156,31.34794235229492,665400
2018-05-24,IR,33.97999954223633,34.22999954223633,33.70000076293945,33.86000061035156,31.34794235229492,665400
2018-05-25,IR,33.650001525878906,33.650001525878906,32.5099983215332,32.880001068115234,30.440649032592773,993000
2018-05-25,IR,33.650001525878906,33.650001525878906,32.5099983215332,32.880001068115234,30.440649032592773,993000
2018-05-29,IR,32.41999816894531,32.779998779296875,32.13999938964844,32.61000061035156,30.190675735473636,897400
2018-05-29,IR,32.41999816894531,32.779998779296875,32.13999938964844,32.61000061035156,30.190675735473636,897400
2018-05-30,IR,32.849998474121094,33.709999084472656,32.83000183105469,33.38999938964844,30.91280746459961,820900
2018-05-30,IR,32.849998474121094,33.709999084472656,32.83000183105469,33.38999938964844,30.91280746459961,820900
2018-05-31,IR,33.290000915527344,33.38999938964844,32.529998779296875,32.869998931884766,30.43138694763184,1066400
2018-05-31,IR,33.290000915527344,33.38999938964844,32.529998779296875,32.869998931884766,30.43138694763184,1066400
2018-06-01,IR,33.0,33.415000915527344,32.290000915527344,32.34000015258789,29.94070816040039,672500
2018-06-01,IR,33.0,33.415000915527344,32.290000915527344,32.34000015258789,29.94070816040039,672500
2018-06-04,IR,32.4900016784668,32.630001068115234,32.209999084472656,32.5,30.088838577270508,975600
2018-06-04,IR,32.4900016784668,32.630001068115234,32.209999084472656,32.5,30.088838577270508,975600
2018-06-05,IR,32.4900016784668,32.619998931884766,31.479999542236328,32.380001068115234,29.977745056152344,1661000
2018-06-05,IR,32.4900016784668,32.619998931884766,31.479999542236328,32.380001068115234,29.977745056152344,1661000
2018-06-06,IR,32.529998779296875,32.869998931884766,31.959999084472656,32.81999969482422,30.385099411010746,1053400
2018-06-06,IR,32.529998779296875,32.869998931884766,31.959999084472656,32.81999969482422,30.385099411010746,1053400
2018-06-07,IR,32.97999954223633,33.47999954223633,32.810001373291016,33.11000061035156,30.653587341308597,858800
2018-06-07,IR,32.97999954223633,33.47999954223633,32.810001373291016,33.11000061035156,30.653587341308597,858800
2018-06-08,IR,33.0,33.060001373291016,31.76000022888184,31.84000015258789,29.47780418395996,1388100
2018-06-08,IR,33.0,33.060001373291016,31.76000022888184,31.84000015258789,29.47780418395996,1388100
2018-06-11,IR,31.229999542236328,31.63999938964844,29.65399932861328,29.82999992370605,27.616920471191406,3923100
2018-06-11,IR,31.229999542236328,31.63999938964844,29.65399932861328,29.82999992370605,27.616920471191406,3923100
2018-06-12,IR,29.8799991607666,30.43000030517578,29.11000061035156,29.450000762939453,27.26511573791504,2215200
2018-06-12,IR,29.8799991607666,30.43000030517578,29.11000061035156,29.450000762939453,27.26511573791504,2215200
2018-06-13,IR,29.559999465942383,30.100000381469727,29.239999771118164,29.38999938964844,27.209569931030277,1699800
2018-06-13,IR,29.559999465942383,30.100000381469727,29.239999771118164,29.38999938964844,27.209569931030277,1699800
2018-06-14,IR,29.799999237060547,30.290000915527344,29.540000915527344,30.059999465942383,27.82986259460449,1934900
2018-06-14,IR,29.799999237060547,30.290000915527344,29.540000915527344,30.059999465942383,27.82986259460449,1934900
2018-06-15,IR,30.11000061035156,30.479999542236328,29.43000030517578,29.68000030517578,27.47805595397949,1388000
2018-06-15,IR,30.11000061035156,30.479999542236328,29.43000030517578,29.68000030517578,27.47805595397949,1388000
2018-06-18,IR,29.3700008392334,30.06999969482422,29.299999237060547,29.979999542236328,27.755794525146484,1309500
2018-06-18,IR,29.3700008392334,30.06999969482422,29.299999237060547,29.979999542236328,27.755794525146484,1309500
2018-06-19,IR,29.61000061035156,29.65999984741211,29.31999969482422,29.46999931335449,27.28363609313965,1129500
2018-06-19,IR,29.61000061035156,29.65999984741211,29.31999969482422,29.46999931335449,27.28363609313965,1129500
2018-06-20,IR,29.65999984741211,29.757999420166016,28.20499992370605,28.239999771118164,26.14488410949707,2044200
2018-06-20,IR,29.65999984741211,29.757999420166016,28.20499992370605,28.239999771118164,26.14488410949707,2044200
2018-06-21,IR,28.030000686645508,28.34000015258789,27.46999931335449,27.920000076293945,25.8486270904541,1984500
2018-06-21,IR,28.030000686645508,28.34000015258789,27.46999931335449,27.920000076293945,25.8486270904541,1984500
2018-06-22,IR,28.600000381469727,29.299999237060547,28.364999771118164,28.82999992370605,26.69111442565918,3038700
2018-06-22,IR,28.600000381469727,29.299999237060547,28.364999771118164,28.82999992370605,26.69111442565918,3038700
2018-06-25,IR,27.809999465942383,28.73500061035156,27.75,28.299999237060547,26.2004337310791,2100900
2018-06-25,IR,27.809999465942383,28.73500061035156,27.75,28.299999237060547,26.2004337310791,2100900
2018-06-26,IR,28.31999969482422,29.229999542236328,28.31999969482422,29.030000686645508,26.876277923583984,1953200
2018-06-26,IR,28.31999969482422,29.229999542236328,28.31999969482422,29.030000686645508,26.876277923583984,1953200
2018-06-27,IR,29.209999084472656,29.809999465942383,28.979999542236328,29.26000022888184,27.08921432495117,1885700
2018-06-27,IR,29.209999084472656,29.809999465942383,28.979999542236328,29.26000022888184,27.08921432495117,1885700
2018-06-28,IR,28.93000030517578,29.549999237060547,28.559999465942383,29.3700008392334,27.19105339050293,1634200
2018-06-28,IR,28.93000030517578,29.549999237060547,28.559999465942383,29.3700008392334,27.19105339050293,1634200
2018-06-29,IR,29.399999618530277,30.229999542236328,29.32999992370605,29.38999938964844,27.209569931030277,2230500
2018-06-29,IR,29.399999618530277,30.229999542236328,29.32999992370605,29.38999938964844,27.209569931030277,2230500
2018-07-02,IR,28.96999931335449,29.15999984741211,28.399999618530277,28.559999465942383,26.441144943237305,1625000
2018-07-02,IR,28.96999931335449,29.15999984741211,28.399999618530277,28.559999465942383,26.441144943237305,1625000
2018-07-03,IR,28.76000022888184,28.90999984741211,28.51000022888184,28.729999542236328,26.598533630371094,592800
2018-07-03,IR,28.76000022888184,28.90999984741211,28.51000022888184,28.729999542236328,26.598533630371094,592800
2018-07-05,IR,28.950000762939453,29.065000534057617,28.540000915527344,28.790000915527344,26.65408515930176,1614100
2018-07-05,IR,28.950000762939453,29.065000534057617,28.540000915527344,28.790000915527344,26.65408515930176,1614100
2018-07-06,IR,28.71999931335449,28.71999931335449,28.239999771118164,28.36000061035156,26.255983352661133,1053800
2018-07-06,IR,28.71999931335449,28.71999931335449,28.239999771118164,28.36000061035156,26.255983352661133,1053800
2018-07-09,IR,28.3700008392334,29.559999465942383,28.36000061035156,29.520000457763672,27.329927444458008,2222200
2018-07-09,IR,28.3700008392334,29.559999465942383,28.36000061035156,29.520000457763672,27.329927444458008,2222200
2018-07-10,IR,29.420000076293945,29.68000030517578,29.01000022888184,29.270000457763672,27.09847450256348,1211200
2018-07-10,IR,29.420000076293945,29.68000030517578,29.01000022888184,29.270000457763672,27.09847450256348,1211200
2018-07-11,IR,28.899999618530277,29.0,28.6200008392334,28.82999992370605,26.69111442565918,1313900
2018-07-11,IR,28.899999618530277,29.0,28.6200008392334,28.82999992370605,26.69111442565918,1313900
2018-07-12,IR,28.979999542236328,28.979999542236328,27.461000442504883,27.989999771118164,25.913434982299805,2447700
2018-07-12,IR,28.979999542236328,28.979999542236328,27.461000442504883,27.989999771118164,25.913434982299805,2447700
2018-07-13,IR,28.049999237060547,28.75,28.01000022888184,28.18000030517578,26.089340209960938,1189500
2018-07-13,IR,28.049999237060547,28.75,28.01000022888184,28.18000030517578,26.089340209960938,1189500
2018-07-16,IR,27.920000076293945,28.51000022888184,27.90999984741211,28.11000061035156,26.024534225463867,1221800
2018-07-16,IR,27.920000076293945,28.51000022888184,27.90999984741211,28.11000061035156,26.024534225463867,1221800
2018-07-17,IR,28.09000015258789,28.43000030517578,27.850000381469727,28.07999992370605,25.996755599975582,1281800
2018-07-17,IR,28.09000015258789,28.43000030517578,27.850000381469727,28.07999992370605,25.996755599975582,1281800
2018-07-18,IR,28.09000015258789,28.18000030517578,27.670000076293945,27.799999237060547,25.737529754638672,897000
2018-07-18,IR,28.09000015258789,28.18000030517578,27.670000076293945,27.799999237060547,25.737529754638672,897000
2018-07-19,IR,27.57999992370605,28.190000534057617,27.46999931335449,28.190000534057617,26.09859848022461,507700
2018-07-19,IR,27.57999992370605,28.190000534057617,27.46999931335449,28.190000534057617,26.09859848022461,507700
2018-07-20,IR,28.040000915527344,28.200000762939453,27.81999969482422,27.82999992370605,25.765304565429688,647700
2018-07-20,IR,28.040000915527344,28.200000762939453,27.81999969482422,27.82999992370605,25.765304565429688,647700
2018-07-23,IR,27.81999969482422,27.82999992370605,27.149999618530277,27.15999984741211,25.14501190185547,706900
2018-07-23,IR,27.81999969482422,27.82999992370605,27.149999618530277,27.15999984741211,25.14501190185547,706900
2018-07-24,IR,27.290000915527344,27.32999992370605,26.63999938964844,26.690000534057617,24.70988273620605,1087500
2018-07-24,IR,27.290000915527344,27.32999992370605,26.63999938964844,26.690000534057617,24.70988273620605,1087500
2018-07-25,IR,26.61000061035156,26.790000915527344,26.26000022888184,26.479999542236328,24.515459060668945,1570100
2018-07-25,IR,26.61000061035156,26.790000915527344,26.26000022888184,26.479999542236328,24.515459060668945,1570100
2018-07-26,IR,26.520000457763672,27.149999618530277,26.46999931335449,26.6299991607666,24.65432929992676,2625600
2018-07-26,IR,26.520000457763672,27.149999618530277,26.46999931335449,26.6299991607666,24.65432929992676,2625600
2018-07-27,IR,26.920000076293945,27.15999984741211,26.36000061035156,27.100000381469727,25.08946228027344,1992800
2018-07-27,IR,26.920000076293945,27.15999984741211,26.36000061035156,27.100000381469727,25.08946228027344,1992800
2018-07-30,IR,27.290000915527344,28.049999237060547,27.290000915527344,27.31999969482422,25.293142318725582,2493500
2018-07-30,IR,27.290000915527344,28.049999237060547,27.290000915527344,27.31999969482422,25.293142318725582,2493500
2018-07-31,IR,27.479999542236328,28.71999931335449,27.479999542236328,28.61000061035156,26.4874324798584,2492400
2018-07-31,IR,27.479999542236328,28.71999931335449,27.479999542236328,28.61000061035156,26.4874324798584,2492400
2018-08-01,IR,28.61000061035156,28.7450008392334,27.3700008392334,27.670000076293945,25.61717414855957,2417400
2018-08-01,IR,28.61000061035156,28.7450008392334,27.3700008392334,27.670000076293945,25.61717414855957,2417400
2018-08-02,IR,27.65999984741211,28.63999938964844,27.11000061035156,27.729999542236328,25.6727237701416,2705600
2018-08-02,IR,27.65999984741211,28.63999938964844,27.11000061035156,27.729999542236328,25.6727237701416,2705600
2018-08-03,IR,28.0,28.709999084472656,27.86000061035156,28.46999931335449,26.357818603515625,1655700
2018-08-03,IR,28.0,28.709999084472656,27.86000061035156,28.46999931335449,26.357818603515625,1655700
2018-08-06,IR,28.5,29.32999992370605,28.190000534057617,29.15999984741211,26.996631622314453,1427400
2018-08-06,IR,28.5,29.32999992370605,28.190000534057617,29.15999984741211,26.996631622314453,1427400
2018-08-07,IR,29.459999084472656,29.84000015258789,29.190000534057617,29.489999771118164,27.302146911621094,881600
2018-08-07,IR,29.459999084472656,29.84000015258789,29.190000534057617,29.489999771118164,27.302146911621094,881600
2018-08-08,IR,29.46999931335449,29.600000381469727,29.100000381469727,29.280000686645508,27.107728958129883,870100
2018-08-08,IR,29.46999931335449,29.600000381469727,29.100000381469727,29.280000686645508,27.107728958129883,870100
2018-08-09,IR,29.209999084472656,29.65999984741211,28.709999084472656,28.770000457763672,26.63556861877441,1436700
2018-08-09,IR,29.209999084472656,29.65999984741211,28.709999084472656,28.770000457763672,26.63556861877441,1436700
2018-08-10,IR,28.700000762939453,29.100000381469727,28.61000061035156,28.86000061035156,26.718891143798828,1093100
2018-08-10,IR,28.700000762939453,29.100000381469727,28.61000061035156,28.86000061035156,26.718891143798828,1093100
2018-08-13,IR,28.799999237060547,28.950000762939453,28.3439998626709,28.489999771118164,26.376340866088867,583900
2018-08-13,IR,28.799999237060547,28.950000762939453,28.3439998626709,28.489999771118164,26.376340866088867,583900
2018-08-14,IR,28.59000015258789,28.75,28.13999938964844,28.18000030517578,26.089340209960938,657300
2018-08-14,IR,28.59000015258789,28.75,28.13999938964844,28.18000030517578,26.089340209960938,657300
2018-08-15,IR,28.0,28.0,26.920000076293945,27.030000686645508,25.024658203125,785800
2018-08-15,IR,28.0,28.0,26.920000076293945,27.030000686645508,25.024658203125,785800
2018-08-16,IR,26.920000076293945,27.604999542236328,26.920000076293945,27.3700008392334,25.33942985534668,881800
2018-08-16,IR,26.920000076293945,27.604999542236328,26.920000076293945,27.3700008392334,25.33942985534668,881800
2018-08-17,IR,27.440000534057617,27.989999771118164,27.18000030517578,27.940000534057617,25.867143630981445,1229500
2018-08-17,IR,27.440000534057617,27.989999771118164,27.18000030517578,27.940000534057617,25.867143630981445,1229500
2018-08-20,IR,28.149999618530277,28.59000015258789,28.0049991607666,28.309999465942383,26.209693908691406,849600
2018-08-20,IR,28.149999618530277,28.59000015258789,28.0049991607666,28.309999465942383,26.209693908691406,849600
2018-08-21,IR,28.32999992370605,28.59000015258789,28.020000457763672,28.21999931335449,26.126367568969727,483600
2018-08-21,IR,28.32999992370605,28.59000015258789,28.020000457763672,28.21999931335449,26.126367568969727,483600
2018-08-22,IR,28.170000076293945,28.270000457763672,27.780000686645508,27.950000762939453,25.87640380859375,965000
2018-08-22,IR,28.170000076293945,28.270000457763672,27.780000686645508,27.950000762939453,25.87640380859375,965000
2018-08-23,IR,27.93000030517578,27.959999084472656,27.290000915527344,27.34000015258789,25.31165885925293,739900
2018-08-23,IR,27.93000030517578,27.959999084472656,27.290000915527344,27.34000015258789,25.31165885925293,739900
2018-08-24,IR,27.3799991607666,27.670000076293945,27.25,27.51000022888184,25.46904563903809,1129000
2018-08-24,IR,27.3799991607666,27.670000076293945,27.25,27.51000022888184,25.46904563903809,1129000
2018-08-27,IR,27.6200008392334,28.3799991607666,27.479999542236328,28.25,26.154146194458008,1200300
2018-08-27,IR,27.6200008392334,28.3799991607666,27.479999542236328,28.25,26.154146194458008,1200300
2018-08-28,IR,28.25,28.57999992370605,28.09000015258789,28.270000457763672,26.172657012939453,822400
2018-08-28,IR,28.25,28.57999992370605,28.09000015258789,28.270000457763672,26.172657012939453,822400
2018-08-29,IR,28.40999984741211,28.86000061035156,28.299999237060547,28.76000022888184,26.62631225585937,777600
2018-08-29,IR,28.40999984741211,28.86000061035156,28.299999237060547,28.76000022888184,26.62631225585937,777600
2018-08-30,IR,28.700000762939453,28.86000061035156,27.940000534057617,28.07999992370605,25.996755599975582,631500
2018-08-30,IR,28.700000762939453,28.86000061035156,27.940000534057617,28.07999992370605,25.996755599975582,631500
2018-08-31,IR,27.979999542236328,28.18000030517578,27.809999465942383,27.959999084472656,25.885662078857425,453100
2018-08-31,IR,27.979999542236328,28.18000030517578,27.809999465942383,27.959999084472656,25.885662078857425,453100
2018-09-04,IR,27.959999084472656,27.959999084472656,27.280000686645508,27.350000381469727,25.3209171295166,609400
2018-09-04,IR,27.959999084472656,27.959999084472656,27.280000686645508,27.350000381469727,25.3209171295166,609400
2018-09-05,IR,27.21999931335449,27.38999938964844,26.81999969482422,26.989999771118164,24.98762321472168,1445300
2018-09-05,IR,27.21999931335449,27.38999938964844,26.81999969482422,26.989999771118164,24.98762321472168,1445300
2018-09-06,IR,26.76000022888184,26.76000022888184,24.75,24.93000030517578,23.080453872680664,4134900
2018-09-06,IR,26.76000022888184,26.76000022888184,24.75,24.93000030517578,23.080453872680664,4134900
2018-09-07,IR,24.59000015258789,25.299999237060547,24.350000381469727,24.979999542236328,23.126745223999023,2984600
2018-09-07,IR,24.59000015258789,25.299999237060547,24.350000381469727,24.979999542236328,23.126745223999023,2984600
2018-09-10,IR,25.100000381469727,25.86000061035156,25.100000381469727,25.63999938964844,23.73777961730957,1543900
2018-09-10,IR,25.100000381469727,25.86000061035156,25.100000381469727,25.63999938964844,23.73777961730957,1543900
2018-09-11,IR,25.559999465942383,26.32999992370605,25.270000457763672,26.18000030517578,24.237722396850582,1637200
2018-09-11,IR,25.559999465942383,26.32999992370605,25.270000457763672,26.18000030517578,24.237722396850582,1637200
2018-09-12,IR,26.36000061035156,26.6200008392334,26.1200008392334,26.59000015258789,24.617300033569336,1961600
2018-09-12,IR,26.36000061035156,26.6200008392334,26.1200008392334,26.59000015258789,24.617300033569336,1961600
2018-09-13,IR,26.739999771118164,28.28499984741211,26.739999771118164,27.84000015258789,25.774564743041992,3199200
2018-09-13,IR,26.739999771118164,28.28499984741211,26.739999771118164,27.84000015258789,25.774564743041992,3199200
2018-09-14,IR,27.799999237060547,28.88999938964844,27.709999084472656,28.6200008392334,26.49669647216797,2025900
2018-09-14,IR,27.799999237060547,28.88999938964844,27.709999084472656,28.6200008392334,26.49669647216797,2025900
2018-09-17,IR,28.729999542236328,29.61000061035156,28.61000061035156,28.71999931335449,26.58927726745605,1449900
2018-09-17,IR,28.729999542236328,29.61000061035156,28.61000061035156,28.71999931335449,26.58927726745605,1449900
2018-09-18,IR,28.729999542236328,29.280000686645508,28.709999084472656,29.270000457763672,27.09847450256348,979600
2018-09-18,IR,28.729999542236328,29.280000686645508,28.709999084472656,29.270000457763672,27.09847450256348,979600
2018-09-19,IR,29.21999931335449,29.6299991607666,28.979999542236328,29.100000381469727,26.941085815429688,785700
2018-09-19,IR,29.21999931335449,29.6299991607666,28.979999542236328,29.100000381469727,26.941085815429688,785700
2018-09-20,IR,29.299999237060547,29.540000915527344,29.065000534057617,29.3799991607666,27.2003116607666,1086600
2018-09-20,IR,29.299999237060547,29.540000915527344,29.065000534057617,29.3799991607666,27.2003116607666,1086600
2018-09-21,IR,29.479999542236328,29.565000534057617,29.149999618530277,29.3799991607666,27.2003116607666,3654800
2018-09-21,IR,29.479999542236328,29.565000534057617,29.149999618530277,29.3799991607666,27.2003116607666,3654800
2018-09-24,IR,29.459999084472656,29.684999465942383,28.8799991607666,29.540000915527344,27.34844017028809,1476200
2018-09-24,IR,29.459999084472656,29.684999465942383,28.8799991607666,29.540000915527344,27.34844017028809,1476200
2018-09-25,IR,29.68000030517578,29.690000534057617,29.040000915527344,29.1200008392334,26.959596633911133,1162500
2018-09-25,IR,29.68000030517578,29.690000534057617,29.040000915527344,29.1200008392334,26.959596633911133,1162500
2018-09-26,IR,28.8799991607666,29.170000076293945,28.440000534057617,28.46999931335449,26.357818603515625,1365900
2018-09-26,IR,28.8799991607666,29.170000076293945,28.440000534057617,28.46999931335449,26.357818603515625,1365900
2018-09-27,IR,29.059999465942383,29.059999465942383,27.739999771118164,28.040000915527344,25.9597225189209,1694000
2018-09-27,IR,29.059999465942383,29.059999465942383,27.739999771118164,28.040000915527344,25.9597225189209,1694000
2018-09-28,IR,27.920000076293945,28.3700008392334,27.84000015258789,28.34000015258789,26.23747062683105,1010600
2018-09-28,IR,27.920000076293945,28.3700008392334,27.84000015258789,28.34000015258789,26.23747062683105,1010600
2018-10-01,IR,28.489999771118164,28.61000061035156,27.959999084472656,28.01000022888184,25.93194961547852,1846300
2018-10-01,IR,28.489999771118164,28.61000061035156,27.959999084472656,28.01000022888184,25.93194961547852,1846300
2018-10-02,IR,28.030000686645508,28.209999084472656,27.790000915527344,28.07999992370605,25.996755599975582,2083900
2018-10-02,IR,28.030000686645508,28.209999084472656,27.790000915527344,28.07999992370605,25.996755599975582,2083900
2018-10-03,IR,28.25,28.28700065612793,27.920000076293945,28.0,25.92269325256348,2164400
2018-10-03,IR,28.25,28.28700065612793,27.920000076293945,28.0,25.92269325256348,2164400
2018-10-04,IR,28.0,28.15999984741211,27.56999969482422,27.770000457763672,25.70975685119629,720100
2018-10-04,IR,28.0,28.15999984741211,27.56999969482422,27.770000457763672,25.70975685119629,720100
2018-10-05,IR,27.690000534057617,28.020000457763672,27.020000457763672,27.450000762939453,25.413497924804688,677600
2018-10-05,IR,27.690000534057617,28.020000457763672,27.020000457763672,27.450000762939453,25.413497924804688,677600
2018-10-08,IR,27.25,27.420000076293945,26.780000686645508,27.059999465942383,25.052433013916016,776700
2018-10-08,IR,27.25,27.420000076293945,26.780000686645508,27.059999465942383,25.052433013916016,776700
2018-10-09,IR,26.90999984741211,27.43000030517578,26.88999938964844,27.26000022888184,25.237586975097656,1381700
2018-10-09,IR,26.90999984741211,27.43000030517578,26.88999938964844,27.26000022888184,25.237586975097656,1381700
2018-10-10,IR,27.32999992370605,27.32999992370605,26.13999938964844,26.190000534057617,24.24697494506836,1231200
2018-10-10,IR,27.32999992370605,27.32999992370605,26.13999938964844,26.190000534057617,24.24697494506836,1231200
2018-10-11,IR,25.489999771118164,26.65999984741211,25.489999771118164,25.600000381469727,23.70075035095215,1182100
2018-10-11,IR,25.489999771118164,26.65999984741211,25.489999771118164,25.600000381469727,23.70075035095215,1182100
2018-10-12,IR,26.670000076293945,26.670000076293945,25.350000381469727,25.76000022888184,23.848878860473636,1084400
2018-10-12,IR,26.670000076293945,26.670000076293945,25.350000381469727,25.76000022888184,23.848878860473636,1084400
2018-10-15,IR,25.690000534057617,26.34000015258789,25.200000762939453,26.049999237060547,24.11736297607422,1411700
2018-10-15,IR,25.690000534057617,26.34000015258789,25.200000762939453,26.049999237060547,24.11736297607422,1411700
2018-10-16,IR,26.26000022888184,27.190000534057617,26.1299991607666,27.149999618530277,25.135751724243164,801600
2018-10-16,IR,26.26000022888184,27.190000534057617,26.1299991607666,27.149999618530277,25.135751724243164,801600
2018-10-17,IR,26.96999931335449,27.030000686645508,26.309999465942383,26.88999938964844,24.89504051208496,811100
2018-10-17,IR,26.96999931335449,27.030000686645508,26.309999465942383,26.88999938964844,24.89504051208496,811100
2018-10-18,IR,26.26000022888184,26.790000915527344,25.834999084472656,26.030000686645508,24.098848342895508,929000
2018-10-18,IR,26.26000022888184,26.790000915527344,25.834999084472656,26.030000686645508,24.098848342895508,929000
2018-10-19,IR,26.049999237060547,26.149999618530277,25.36000061035156,25.5,23.6081657409668,1219800
2018-10-19,IR,26.049999237060547,26.149999618530277,25.36000061035156,25.5,23.6081657409668,1219800
2018-10-22,IR,25.520000457763672,25.6299991607666,25.040000915527344,25.18000030517578,23.311908721923828,1517300
2018-10-22,IR,25.520000457763672,25.6299991607666,25.040000915527344,25.18000030517578,23.311908721923828,1517300
2018-10-23,IR,24.600000381469727,25.21999931335449,24.184999465942383,24.920000076293945,23.071195602416992,1455600
2018-10-23,IR,24.600000381469727,25.21999931335449,24.184999465942383,24.920000076293945,23.071195602416992,1455600
2018-10-24,IR,25.01000022888184,25.149999618530277,23.32999992370605,23.3700008392334,21.63619041442871,2160700
2018-10-24,IR,25.01000022888184,25.149999618530277,23.32999992370605,23.3700008392334,21.63619041442871,2160700
2018-10-25,IR,23.649999618530277,24.8799991607666,23.489999771118164,24.559999465942383,22.73790168762207,2835900
2018-10-25,IR,23.649999618530277,24.8799991607666,23.489999771118164,24.559999465942383,22.73790168762207,2835900
2018-10-26,IR,25.46999931335449,26.790000915527344,24.799999237060547,26.11000061035156,24.17290687561035,3224300
2018-10-26,IR,25.46999931335449,26.790000915527344,24.799999237060547,26.11000061035156,24.17290687561035,3224300
2018-10-29,IR,26.57999992370605,26.950000762939453,25.209999084472656,25.57999992370605,23.68222999572754,1412500
2018-10-29,IR,26.57999992370605,26.950000762939453,25.209999084472656,25.57999992370605,23.68222999572754,1412500
2018-10-30,IR,25.51000022888184,26.670000076293945,25.51000022888184,26.59000015258789,24.617300033569336,1086600
2018-10-30,IR,25.51000022888184,26.670000076293945,25.51000022888184,26.59000015258789,24.617300033569336,1086600
2018-10-31,IR,27.25,27.600000381469727,26.940000534057617,27.059999465942383,25.052433013916016,1257900
2018-10-31,IR,27.25,27.600000381469727,26.940000534057617,27.059999465942383,25.052433013916016,1257900
2018-11-01,IR,26.40999984741211,26.415000915527344,25.75,25.799999237060547,23.885910034179688,10006200
2018-11-01,IR,26.40999984741211,26.415000915527344,25.75,25.799999237060547,23.885910034179688,10006200
2018-11-02,IR,25.989999771118164,26.36000061035156,25.799999237060547,25.850000381469727,23.93219757080078,2608500
2018-11-02,IR,25.989999771118164,26.36000061035156,25.799999237060547,25.850000381469727,23.93219757080078,2608500
2018-11-05,IR,26.0,26.71999931335449,25.799999237060547,26.520000457763672,24.552494049072266,4353000
2018-11-05,IR,26.0,26.71999931335449,25.799999237060547,26.520000457763672,24.552494049072266,4353000
2018-11-06,IR,26.489999771118164,27.5049991607666,26.209999084472656,27.38999938964844,25.357948303222656,1999400
2018-11-06,IR,26.489999771118164,27.5049991607666,26.209999084472656,27.38999938964844,25.357948303222656,1999400
2018-11-07,IR,27.600000381469727,28.559999465942383,27.40999984741211,27.940000534057617,25.867143630981445,2013500
2018-11-07,IR,27.600000381469727,28.559999465942383,27.40999984741211,27.940000534057617,25.867143630981445,2013500
2018-11-08,IR,27.65999984741211,28.25,27.0,27.11000061035156,25.09872436523437,3269700
2018-11-08,IR,27.65999984741211,28.25,27.0,27.11000061035156,25.09872436523437,3269700
2018-11-09,IR,28.020000457763672,28.020000457763672,26.32999992370605,26.549999237060547,24.58026885986328,3314900
2018-11-09,IR,28.020000457763672,28.020000457763672,26.32999992370605,26.549999237060547,24.58026885986328,3314900
2018-11-12,IR,26.61000061035156,26.809999465942383,26.18000030517578,26.309999465942383,24.358074188232425,1157400
2018-11-12,IR,26.61000061035156,26.809999465942383,26.18000030517578,26.309999465942383,24.358074188232425,1157400
2018-11-13,IR,26.270000457763672,26.489999771118164,25.4950008392334,25.530000686645508,23.63594055175781,1295800
2018-11-13,IR,26.270000457763672,26.489999771118164,25.4950008392334,25.530000686645508,23.63594055175781,1295800
2018-11-14,IR,25.71999931335449,25.790000915527344,25.0,25.21999931335449,23.34893798828125,1320600
2018-11-14,IR,25.71999931335449,25.790000915527344,25.0,25.21999931335449,23.34893798828125,1320600
2018-11-15,IR,25.0,25.989999771118164,24.5,25.96999931335449,24.04330062866211,1383100
2018-11-15,IR,25.0,25.989999771118164,24.5,25.96999931335449,24.04330062866211,1383100
2018-11-16,IR,25.959999084472656,26.020000457763672,25.43000030517578,25.489999771118164,23.598907470703125,933000
2018-11-16,IR,25.959999084472656,26.020000457763672,25.43000030517578,25.489999771118164,23.598907470703125,933000
2018-11-19,IR,25.270000457763672,25.295000076293945,24.424999237060547,24.440000534057617,22.626808166503903,1895700
2018-11-19,IR,25.270000457763672,25.295000076293945,24.424999237060547,24.440000534057617,22.626808166503903,1895700
2018-11-20,IR,24.0,24.65999984741211,23.56999969482422,24.25,22.450902938842773,1062000
2018-11-20,IR,24.0,24.65999984741211,23.56999969482422,24.25,22.450902938842773,1062000
2018-11-21,IR,24.600000381469727,25.170000076293945,24.53300094604492,24.75,22.91380882263184,953800
2018-11-21,IR,24.600000381469727,25.170000076293945,24.53300094604492,24.75,22.91380882263184,953800
2018-11-23,IR,24.299999237060547,24.459999084472656,24.09000015258789,24.18000030517578,22.38609504699707,253700
2018-11-23,IR,24.299999237060547,24.459999084472656,24.09000015258789,24.18000030517578,22.38609504699707,253700
2018-11-26,IR,24.479999542236328,25.280000686645508,24.450000762939453,24.959999084472656,23.10822486877441,1373100
2018-11-26,IR,24.479999542236328,25.280000686645508,24.450000762939453,24.959999084472656,23.10822486877441,1373100
2018-11-27,IR,24.76000022888184,25.040000915527344,24.43000030517578,24.440000534057617,22.626808166503903,1250800
2018-11-27,IR,24.76000022888184,25.040000915527344,24.43000030517578,24.440000534057617,22.626808166503903,1250800
2018-11-28,IR,24.46999931335449,25.51000022888184,24.46500015258789,25.34000015258789,23.460033416748047,1316000
2018-11-28,IR,24.46999931335449,25.51000022888184,24.46500015258789,25.34000015258789,23.460033416748047,1316000
2018-11-29,IR,25.309999465942383,25.51000022888184,24.46999931335449,25.34000015258789,23.460033416748047,2197700
2018-11-29,IR,25.309999465942383,25.51000022888184,24.46999931335449,25.34000015258789,23.460033416748047,2197700
2018-11-30,IR,25.200000762939453,25.61000061035156,24.68000030517578,24.75,22.91380882263184,1081900
2018-11-30,IR,25.200000762939453,25.61000061035156,24.68000030517578,24.75,22.91380882263184,1081900
2018-12-03,IR,25.40999984741211,26.03499984741211,25.229999542236328,25.3700008392334,23.487812042236328,1090100
2018-12-03,IR,25.40999984741211,26.03499984741211,25.229999542236328,25.3700008392334,23.487812042236328,1090100
2018-12-04,IR,25.26000022888184,25.3700008392334,23.15999984741211,23.280000686645508,21.552865982055664,1732900
2018-12-04,IR,25.26000022888184,25.3700008392334,23.15999984741211,23.280000686645508,21.552865982055664,1732900
2018-12-06,IR,22.020000457763672,22.899999618530277,21.420000076293945,22.899999618530277,21.201059341430664,3272100
2018-12-06,IR,22.020000457763672,22.899999618530277,21.420000076293945,22.899999618530277,21.201059341430664,3272100
2018-12-07,IR,23.040000915527344,23.700000762939453,22.200000762939453,22.299999237060547,20.645570755004883,1572900
2018-12-07,IR,23.040000915527344,23.700000762939453,22.200000762939453,22.299999237060547,20.645570755004883,1572900
2018-12-10,IR,22.07999992370605,22.270000457763672,21.68000030517578,22.07999992370605,20.44189453125,2086100
2018-12-10,IR,22.07999992370605,22.270000457763672,21.68000030517578,22.07999992370605,20.44189453125,2086100
2018-12-11,IR,22.5,22.61000061035156,21.520000457763672,21.57999992370605,19.978992462158203,1080300
2018-12-11,IR,22.5,22.61000061035156,21.520000457763672,21.57999992370605,19.978992462158203,1080300
2018-12-12,IR,22.020000457763672,22.399999618530277,21.65999984741211,21.84000015258789,20.21969985961914,2509700
2018-12-12,IR,22.020000457763672,22.399999618530277,21.65999984741211,21.84000015258789,20.21969985961914,2509700
2018-12-13,IR,21.93000030517578,22.25,21.030000686645508,21.350000381469727,19.766054153442383,1715200
2018-12-13,IR,21.93000030517578,22.25,21.030000686645508,21.350000381469727,19.766054153442383,1715200
2018-12-14,IR,21.030000686645508,21.450000762939453,20.920000076293945,21.21999931335449,19.645694732666016,1356100
2018-12-14,IR,21.030000686645508,21.450000762939453,20.920000076293945,21.21999931335449,19.645694732666016,1356100
2018-12-17,IR,20.96999931335449,21.170000076293945,20.26000022888184,20.5,18.979116439819336,1188700
2018-12-17,IR,20.96999931335449,21.170000076293945,20.26000022888184,20.5,18.979116439819336,1188700
2018-12-18,IR,20.799999237060547,21.2450008392334,20.56999969482422,20.600000381469727,19.07169342041016,1623000
2018-12-18,IR,20.799999237060547,21.2450008392334,20.56999969482422,20.600000381469727,19.07169342041016,1623000
2018-12-19,IR,20.0,20.739999771118164,19.520000457763672,19.729999542236328,18.266233444213867,1658500
2018-12-19,IR,20.0,20.739999771118164,19.520000457763672,19.729999542236328,18.266233444213867,1658500
2018-12-20,IR,19.6200008392334,19.799999237060547,18.8799991607666,19.200000762939453,17.77556037902832,1294800
2018-12-20,IR,19.6200008392334,19.799999237060547,18.8799991607666,19.200000762939453,17.77556037902832,1294800
2018-12-21,IR,19.26000022888184,20.100000381469727,19.21999931335449,19.86000061035156,18.3865966796875,3130600
2018-12-21,IR,19.26000022888184,20.100000381469727,19.21999931335449,19.86000061035156,18.3865966796875,3130600
2018-12-24,IR,19.549999237060547,19.790000915527344,18.920000076293945,18.920000076293945,17.516338348388672,687800
2018-12-24,IR,19.549999237060547,19.790000915527344,18.920000076293945,18.920000076293945,17.516338348388672,687800
2018-12-26,IR,18.899999618530277,20.239999771118164,18.701000213623047,20.21999931335449,18.719884872436523,981500
2018-12-26,IR,18.899999618530277,20.239999771118164,18.701000213623047,20.21999931335449,18.719884872436523,981500
2018-12-27,IR,19.459999084472656,20.38999938964844,19.459999084472656,20.38999938964844,18.87727165222168,917300
2018-12-27,IR,19.459999084472656,20.38999938964844,19.459999084472656,20.38999938964844,18.87727165222168,917300
2018-12-28,IR,20.59000015258789,20.739999771118164,20.13500022888184,20.3799991607666,18.868017196655277,1394400
2018-12-28,IR,20.59000015258789,20.739999771118164,20.13500022888184,20.3799991607666,18.868017196655277,1394400
2018-12-31,IR,20.56999969482422,20.64699935913086,20.09000015258789,20.450000762939453,18.93282127380371,907100
2018-12-31,IR,20.56999969482422,20.64699935913086,20.09000015258789,20.450000762939453,18.93282127380371,907100
2019-01-02,IR,20.020000457763672,21.020000457763672,19.700000762939453,21.0,19.44202041625977,1602200
2019-01-02,IR,20.020000457763672,21.020000457763672,19.700000762939453,21.0,19.44202041625977,1602200
2019-01-03,IR,20.809999465942383,21.1200008392334,20.100000381469727,20.57999992370605,19.05317687988281,1246300
2019-01-03,IR,20.809999465942383,21.1200008392334,20.100000381469727,20.57999992370605,19.05317687988281,1246300
2019-01-04,IR,21.0,21.26000022888184,20.6299991607666,20.940000534057617,19.386474609375,2041900
2019-01-04,IR,21.0,21.26000022888184,20.6299991607666,20.940000534057617,19.386474609375,2041900
2019-01-07,IR,21.13999938964844,22.040000915527344,20.84000015258789,21.61000061035156,20.006765365600582,2296100
2019-01-07,IR,21.13999938964844,22.040000915527344,20.84000015258789,21.61000061035156,20.006765365600582,2296100
2019-01-08,IR,21.940000534057617,22.34000015258789,21.56999969482422,21.86000061035156,20.23821258544922,1387600
2019-01-08,IR,21.940000534057617,22.34000015258789,21.56999969482422,21.86000061035156,20.23821258544922,1387600
2019-01-09,IR,22.149999618530277,22.71999931335449,21.979999542236328,22.3799991607666,20.71963882446289,1224000
2019-01-09,IR,22.149999618530277,22.71999931335449,21.979999542236328,22.3799991607666,20.71963882446289,1224000
2019-01-10,IR,22.100000381469727,22.584999084472656,22.020000457763672,22.489999771118164,20.82147979736328,1007700
2019-01-10,IR,22.100000381469727,22.584999084472656,22.020000457763672,22.489999771118164,20.82147979736328,1007700
2019-01-11,IR,22.280000686645508,22.739999771118164,22.170000076293945,22.709999084472656,21.025156021118164,679600
2019-01-11,IR,22.280000686645508,22.739999771118164,22.170000076293945,22.709999084472656,21.025156021118164,679600
2019-01-14,IR,22.489999771118164,22.5,21.959999084472656,22.0,20.36783218383789,1200200
2019-01-14,IR,22.489999771118164,22.5,21.959999084472656,22.0,20.36783218383789,1200200
2019-01-15,IR,22.100000381469727,22.290000915527344,21.76000022888184,21.920000076293945,20.293760299682617,1721100
2019-01-15,IR,22.100000381469727,22.290000915527344,21.76000022888184,21.920000076293945,20.293760299682617,1721100
2019-01-16,IR,21.850000381469727,22.25,21.790000915527344,21.84000015258789,20.21969985961914,1185000
2019-01-16,IR,21.850000381469727,22.25,21.790000915527344,21.84000015258789,20.21969985961914,1185000
2019-01-17,IR,21.700000762939453,22.334999084472656,21.670000076293945,22.229999542236328,20.580766677856445,840100
2019-01-17,IR,21.700000762939453,22.334999084472656,21.670000076293945,22.229999542236328,20.580766677856445,840100
2019-01-18,IR,22.420000076293945,23.26000022888184,22.13999938964844,23.21999931335449,21.497316360473636,2099500
2019-01-18,IR,22.420000076293945,23.26000022888184,22.13999938964844,23.21999931335449,21.497316360473636,2099500
2019-01-22,IR,22.649999618530277,23.09499931335449,22.51799964904785,22.780000686645508,21.089963912963867,2240500
2019-01-22,IR,22.649999618530277,23.09499931335449,22.51799964904785,22.780000686645508,21.089963912963867,2240500
2019-01-23,IR,22.899999618530277,23.15999984741211,22.170000076293945,22.43000030517578,20.76593017578125,1039900
2019-01-23,IR,22.899999618530277,23.15999984741211,22.170000076293945,22.43000030517578,20.76593017578125,1039900
2019-01-24,IR,22.479999542236328,22.920000076293945,22.381000518798828,22.649999618530277,20.9696044921875,745100
2019-01-24,IR,22.479999542236328,22.920000076293945,22.381000518798828,22.649999618530277,20.9696044921875,745100
2019-01-25,IR,22.88999938964844,24.280000686645508,22.850000381469727,24.18000030517578,22.38609504699707,2219800
2019-01-25,IR,22.88999938964844,24.280000686645508,22.850000381469727,24.18000030517578,22.38609504699707,2219800
2019-01-28,IR,23.82999992370605,24.05500030517578,23.520000457763672,23.96999931335449,22.191669464111328,1828500
2019-01-28,IR,23.82999992370605,24.05500030517578,23.520000457763672,23.96999931335449,22.191669464111328,1828500
2019-01-29,IR,24.190000534057617,24.88999938964844,24.07999992370605,24.440000534057617,22.626808166503903,2079300
2019-01-29,IR,24.190000534057617,24.88999938964844,24.07999992370605,24.440000534057617,22.626808166503903,2079300
2019-01-30,IR,24.84000015258789,24.979999542236328,24.25,24.6299991607666,22.80271339416504,1604100
2019-01-30,IR,24.84000015258789,24.979999542236328,24.25,24.6299991607666,22.80271339416504,1604100
2019-01-31,IR,24.68000030517578,25.059999465942383,24.354999542236328,24.670000076293945,22.83974266052246,1637300
2019-01-31,IR,24.68000030517578,25.059999465942383,24.354999542236328,24.670000076293945,22.83974266052246,1637300
2019-02-01,IR,24.790000915527344,25.059999465942383,24.375,24.790000915527344,22.950838088989254,1231200
2019-02-01,IR,24.790000915527344,25.059999465942383,24.375,24.790000915527344,22.950838088989254,1231200
2019-02-04,IR,24.71999931335449,25.01000022888184,24.459999084472656,24.899999618530277,23.052675247192383,1009400
2019-02-04,IR,24.71999931335449,25.01000022888184,24.459999084472656,24.899999618530277,23.052675247192383,1009400
2019-02-05,IR,24.899999618530277,25.21999931335449,24.84000015258789,25.040000915527344,23.18229866027832,953300
2019-02-05,IR,24.899999618530277,25.21999931335449,24.84000015258789,25.040000915527344,23.18229866027832,953300
2019-02-06,IR,24.950000762939453,25.350000381469727,24.8799991607666,25.149999618530277,23.28413200378418,1146600
2019-02-06,IR,24.950000762939453,25.350000381469727,24.8799991607666,25.149999618530277,23.28413200378418,1146600
2019-02-07,IR,24.88999938964844,25.13999938964844,24.34000015258789,24.920000076293945,23.071195602416992,1801500
2019-02-07,IR,24.88999938964844,25.13999938964844,24.34000015258789,24.920000076293945,23.071195602416992,1801500
2019-02-08,IR,24.739999771118164,24.790000915527344,23.950000762939453,24.3700008392334,22.562000274658203,1073400
2019-02-08,IR,24.739999771118164,24.790000915527344,23.950000762939453,24.3700008392334,22.562000274658203,1073400
2019-02-11,IR,24.36000061035156,24.57999992370605,24.209999084472656,24.43000030517578,22.61754608154297,1284400
2019-02-11,IR,24.36000061035156,24.57999992370605,24.209999084472656,24.43000030517578,22.61754608154297,1284400
2019-02-12,IR,24.770000457763672,25.01000022888184,24.600000381469727,24.6299991607666,22.80271339416504,1457100
2019-02-12,IR,24.770000457763672,25.01000022888184,24.600000381469727,24.6299991607666,22.80271339416504,1457100
2019-02-13,IR,24.8700008392334,25.51000022888184,24.8700008392334,25.299999237060547,23.423006057739254,2274500
2019-02-13,IR,24.8700008392334,25.51000022888184,24.8700008392334,25.299999237060547,23.423006057739254,2274500
2019-02-14,IR,25.18000030517578,25.690000534057617,25.100000381469727,25.36000061035156,23.47855758666992,1654300
2019-02-14,IR,25.18000030517578,25.690000534057617,25.100000381469727,25.36000061035156,23.47855758666992,1654300
2019-02-15,IR,25.61000061035156,26.15900039672852,25.593000411987305,26.11000061035156,24.17290687561035,1428200
2019-02-15,IR,25.61000061035156,26.15900039672852,25.593000411987305,26.11000061035156,24.17290687561035,1428200
2019-02-19,IR,25.950000762939453,26.98500061035156,25.100000381469727,25.920000076293945,23.99700736999512,2895800
2019-02-19,IR,25.950000762939453,26.98500061035156,25.100000381469727,25.920000076293945,23.99700736999512,2895800
2019-02-20,IR,26.690000534057617,27.190000534057617,26.36000061035156,26.56999969482422,24.598785400390625,2435700
2019-02-20,IR,26.690000534057617,27.190000534057617,26.36000061035156,26.56999969482422,24.598785400390625,2435700
2019-02-21,IR,26.649999618530277,27.1299991607666,26.530000686645508,27.049999237060547,25.043174743652344,1459000
2019-02-21,IR,26.649999618530277,27.1299991607666,26.530000686645508,27.049999237060547,25.043174743652344,1459000
2019-02-22,IR,27.07999992370605,27.290000915527344,26.670000076293945,26.739999771118164,24.75617218017578,1350500
2019-02-22,IR,27.07999992370605,27.290000915527344,26.670000076293945,26.739999771118164,24.75617218017578,1350500
2019-02-25,IR,26.84000015258789,27.149999618530277,26.729999542236328,27.059999465942383,25.052433013916016,1709700
2019-02-25,IR,26.84000015258789,27.149999618530277,26.729999542236328,27.059999465942383,25.052433013916016,1709700
2019-02-26,IR,26.950000762939453,27.01499938964844,26.57999992370605,26.65999984741211,24.682106018066406,1396600
2019-02-26,IR,26.950000762939453,27.01499938964844,26.57999992370605,26.65999984741211,24.682106018066406,1396600
2019-02-27,IR,26.65999984741211,26.850000381469727,26.43000030517578,26.649999618530277,24.672849655151367,973800
2019-02-27,IR,26.65999984741211,26.850000381469727,26.43000030517578,26.649999618530277,24.672849655151367,973800
2019-02-28,IR,26.61000061035156,26.93000030517578,26.290000915527344,26.850000381469727,24.85801124572754,1331300
2019-02-28,IR,26.61000061035156,26.93000030517578,26.290000915527344,26.850000381469727,24.85801124572754,1331300
2019-03-01,IR,26.959999084472656,27.549999237060547,26.799999237060547,27.34000015258789,25.31165885925293,1068600
2019-03-01,IR,26.959999084472656,27.549999237060547,26.799999237060547,27.34000015258789,25.31165885925293,1068600
2019-03-04,IR,27.459999084472656,27.6200008392334,26.8799991607666,26.979999542236328,24.978364944458008,1085700
2019-03-04,IR,27.459999084472656,27.6200008392334,26.8799991607666,26.979999542236328,24.978364944458008,1085700
2019-03-05,IR,26.989999771118164,27.13999938964844,26.82999992370605,26.940000534057617,24.941335678100582,864700
2019-03-05,IR,26.989999771118164,27.13999938964844,26.82999992370605,26.940000534057617,24.941335678100582,864700
2019-03-06,IR,26.81999969482422,27.01000022888184,26.239999771118164,26.309999465942383,24.358074188232425,973000
2019-03-06,IR,26.81999969482422,27.01000022888184,26.239999771118164,26.309999465942383,24.358074188232425,973000
2019-03-07,IR,26.25,26.309999465942383,25.780000686645508,26.09000015258789,24.65097427368164,1670600
2019-03-07,IR,26.25,26.309999465942383,25.780000686645508,26.09000015258789,24.65097427368164,1670600
2019-03-08,IR,25.540000915527344,26.2549991607666,25.540000915527344,26.200000762939453,24.75490951538086,1119300
2019-03-08,IR,25.540000915527344,26.2549991607666,25.540000915527344,26.200000762939453,24.75490951538086,1119300
2019-03-11,IR,26.26000022888184,27.13999938964844,26.26000022888184,27.1200008392334,25.624162673950195,1513900
2019-03-11,IR,26.26000022888184,27.13999938964844,26.26000022888184,27.1200008392334,25.624162673950195,1513900
2019-03-12,IR,27.149999618530277,27.239999771118164,26.899999618530277,27.059999465942383,25.567476272583008,1379400
2019-03-12,IR,27.149999618530277,27.239999771118164,26.899999618530277,27.059999465942383,25.567476272583008,1379400
2019-03-13,IR,27.299999237060547,27.86000061035156,27.18000030517578,27.71999931335449,26.191068649291992,1656600
2019-03-13,IR,27.299999237060547,27.86000061035156,27.18000030517578,27.71999931335449,26.191068649291992,1656600
2019-03-14,IR,27.59000015258789,27.8799991607666,26.84000015258789,27.0,25.51078224182129,1734300
2019-03-14,IR,27.59000015258789,27.8799991607666,26.84000015258789,27.0,25.51078224182129,1734300
2019-03-15,IR,27.0,28.01000022888184,26.940000534057617,27.90999984741211,26.370588302612305,2031600
2019-03-15,IR,27.0,28.01000022888184,26.940000534057617,27.90999984741211,26.370588302612305,2031600
2019-03-18,IR,28.0,28.26000022888184,27.600000381469727,28.200000762939453,26.644594192504883,1505900
2019-03-18,IR,28.0,28.26000022888184,27.600000381469727,28.200000762939453,26.644594192504883,1505900
2019-03-19,IR,28.100000381469727,28.299999237060547,27.59000015258789,27.739999771118164,26.209964752197266,2120300
2019-03-19,IR,28.100000381469727,28.299999237060547,27.59000015258789,27.739999771118164,26.209964752197266,2120300
2019-03-20,IR,27.56999969482422,28.15999984741211,27.299999237060547,27.81999969482422,26.285552978515625,1631000
2019-03-20,IR,27.56999969482422,28.15999984741211,27.299999237060547,27.81999969482422,26.285552978515625,1631000
2019-03-21,IR,27.75,28.100000381469727,27.68000030517578,27.989999771118164,26.44618034362793,1205500
2019-03-21,IR,27.75,28.100000381469727,27.68000030517578,27.989999771118164,26.44618034362793,1205500
2019-03-22,IR,27.84000015258789,27.84000015258789,26.65999984741211,26.76000022888184,25.28402137756348,1126800
2019-03-22,IR,27.84000015258789,27.84000015258789,26.65999984741211,26.76000022888184,25.28402137756348,1126800
2019-03-25,IR,26.770000457763672,27.209999084472656,26.559999465942383,27.100000381469727,25.60526466369629,1198800
2019-03-25,IR,26.770000457763672,27.209999084472656,26.559999465942383,27.100000381469727,25.60526466369629,1198800
2019-03-26,IR,27.3799991607666,27.614999771118164,27.07999992370605,27.32999992370605,25.82257843017578,859500
2019-03-26,IR,27.3799991607666,27.614999771118164,27.07999992370605,27.32999992370605,25.82257843017578,859500
2019-03-27,IR,27.26000022888184,27.5,26.84000015258789,27.049999237060547,25.55802345275879,1057500
2019-03-27,IR,27.26000022888184,27.5,26.84000015258789,27.049999237060547,25.55802345275879,1057500
2019-03-28,IR,27.030000686645508,27.51000022888184,26.96999931335449,27.26000022888184,25.756441116333008,1026400
2019-03-28,IR,27.030000686645508,27.51000022888184,26.96999931335449,27.26000022888184,25.756441116333008,1026400
2019-03-29,IR,27.5,27.88999938964844,27.46999931335449,27.809999465942383,26.276103973388672,1581300
2019-03-29,IR,27.5,27.88999938964844,27.46999931335449,27.809999465942383,26.276103973388672,1581300
2019-04-01,IR,28.0,28.3700008392334,27.790000915527344,27.959999084472656,26.417829513549805,863900
2019-04-01,IR,28.0,28.3700008392334,27.790000915527344,27.959999084472656,26.417829513549805,863900
2019-04-02,IR,28.0,28.100000381469727,27.670000076293945,27.82999992370605,26.295005798339844,501100
2019-04-02,IR,28.0,28.100000381469727,27.670000076293945,27.82999992370605,26.295005798339844,501100
2019-04-03,IR,27.899999618530277,28.149999618530277,27.84499931335449,27.989999771118164,26.44618034362793,1215800
2019-04-03,IR,27.899999618530277,28.149999618530277,27.84499931335449,27.989999771118164,26.44618034362793,1215800
2019-04-04,IR,27.959999084472656,28.18000030517578,27.950000762939453,28.040000915527344,26.49342155456543,553700
2019-04-04,IR,27.959999084472656,28.18000030517578,27.950000762939453,28.040000915527344,26.49342155456543,553700
2019-04-05,IR,28.200000762939453,28.26000022888184,28.040000915527344,28.26000022888184,26.70128631591797,804900
2019-04-05,IR,28.200000762939453,28.26000022888184,28.040000915527344,28.26000022888184,26.70128631591797,804900
2019-04-08,IR,28.1299991607666,28.3700008392334,27.940000534057617,28.32999992370605,26.767423629760746,634400
2019-04-08,IR,28.1299991607666,28.3700008392334,27.940000534057617,28.32999992370605,26.767423629760746,634400
2019-04-09,IR,28.149999618530277,28.149999618530277,27.71999931335449,27.84000015258789,26.3044548034668,899100
2019-04-09,IR,28.149999618530277,28.149999618530277,27.71999931335449,27.84000015258789,26.3044548034668,899100
2019-04-10,IR,27.959999084472656,28.15999984741211,27.725000381469727,28.01000022888184,26.465068817138672,633100
2019-04-10,IR,27.959999084472656,28.15999984741211,27.725000381469727,28.01000022888184,26.465068817138672,633100
2019-04-11,IR,28.0,28.299999237060547,27.899999618530277,28.239999771118164,26.6823844909668,937100
2019-04-11,IR,28.0,28.299999237060547,27.899999618530277,28.239999771118164,26.6823844909668,937100
2019-04-12,IR,28.5,28.5,27.549999237060547,27.729999542236328,26.200515747070312,1878200
2019-04-12,IR,28.5,28.5,27.549999237060547,27.729999542236328,26.200515747070312,1878200
2019-04-15,IR,27.729999542236328,28.01000022888184,27.225000381469727,27.270000457763672,25.765888214111328,1444600
2019-04-15,IR,27.729999542236328,28.01000022888184,27.225000381469727,27.270000457763672,25.765888214111328,1444600
2019-04-16,IR,27.540000915527344,27.76000022888184,27.36000061035156,27.420000076293945,25.907617568969727,1259200
2019-04-16,IR,27.540000915527344,27.76000022888184,27.36000061035156,27.420000076293945,25.907617568969727,1259200
2019-04-17,IR,27.649999618530277,27.809999465942383,26.86000061035156,26.88999938964844,25.406848907470703,1152900
2019-04-17,IR,27.649999618530277,27.809999465942383,26.86000061035156,26.88999938964844,25.406848907470703,1152900
2019-04-18,IR,27.0,27.209999084472656,26.770000457763672,27.07999992370605,25.58636474609375,1302600
2019-04-18,IR,27.0,27.209999084472656,26.770000457763672,27.07999992370605,25.58636474609375,1302600
2019-04-22,IR,27.399999618530277,27.6299991607666,27.049999237060547,27.31999969482422,25.81313133239746,1219200
2019-04-22,IR,27.399999618530277,27.6299991607666,27.049999237060547,27.31999969482422,25.81313133239746,1219200
2019-04-23,IR,27.31999969482422,27.95499992370605,27.290000915527344,27.799999237060547,26.26665496826172,1073200
2019-04-23,IR,27.31999969482422,27.95499992370605,27.290000915527344,27.799999237060547,26.26665496826172,1073200
2019-04-24,IR,27.959999084472656,28.350000381469727,27.790000915527344,27.81999969482422,26.285552978515625,1470000
2019-04-24,IR,27.959999084472656,28.350000381469727,27.790000915527344,27.81999969482422,26.285552978515625,1470000
2019-04-25,IR,27.21999931335449,27.90999984741211,27.21999931335449,27.780000686645508,26.24776077270508,1544000
2019-04-25,IR,27.21999931335449,27.90999984741211,27.21999931335449,27.780000686645508,26.24776077270508,1544000
2019-04-26,IR,27.76000022888184,28.06999969482422,27.46999931335449,28.049999237060547,26.502864837646484,2633300
2019-04-26,IR,27.76000022888184,28.06999969482422,27.46999931335449,28.049999237060547,26.502864837646484,2633300
2019-04-29,IR,31.0,33.16999816894531,31.0,32.54999923706055,30.754663467407227,9869800
2019-04-29,IR,31.0,33.16999816894531,31.0,32.54999923706055,30.754663467407227,9869800
2019-04-30,IR,32.459999084472656,34.650001525878906,32.04999923706055,33.75,31.88847923278809,7293300
2019-04-30,IR,32.459999084472656,34.650001525878906,32.04999923706055,33.75,31.88847923278809,7293300
2019-05-01,IR,33.869998931884766,34.90999984741211,33.779998779296875,34.61000061035156,32.70104217529297,4704000
2019-05-01,IR,33.869998931884766,34.90999984741211,33.779998779296875,34.61000061035156,32.70104217529297,4704000
2019-05-02,IR,33.959999084472656,36.15999984741211,33.91999816894531,34.970001220703125,33.04118728637695,4847200
2019-05-02,IR,33.959999084472656,36.15999984741211,33.91999816894531,34.970001220703125,33.04118728637695,4847200
2019-05-03,IR,35.13999938964844,35.43000030517578,34.47999954223633,34.70000076293945,32.78608703613281,2637600
2019-05-03,IR,35.13999938964844,35.43000030517578,34.47999954223633,34.70000076293945,32.78608703613281,2637600
2019-05-06,IR,33.58000183105469,34.709999084472656,32.650001525878906,34.099998474121094,32.21916961669922,2183700
2019-05-06,IR,33.58000183105469,34.709999084472656,32.650001525878906,34.099998474121094,32.21916961669922,2183700
2019-05-07,IR,33.5099983215332,34.119998931884766,33.209999084472656,33.9900016784668,32.115234375,1875300
2019-05-07,IR,33.5099983215332,34.119998931884766,33.209999084472656,33.9900016784668,32.115234375,1875300
2019-05-08,IR,33.88999938964844,33.9900016784668,33.189998626708984,33.31999969482422,31.482187271118164,1438000
2019-05-08,IR,33.88999938964844,33.9900016784668,33.189998626708984,33.31999969482422,31.482187271118164,1438000
2019-05-09,IR,33.040000915527344,33.81999969482422,32.54999923706055,33.43000030517578,31.58612632751465,2166400
2019-05-09,IR,33.040000915527344,33.81999969482422,32.54999923706055,33.43000030517578,31.58612632751465,2166400
2019-05-10,IR,33.189998626708984,34.310001373291016,33.0,34.310001373291016,32.4175910949707,1306200
2019-05-10,IR,33.189998626708984,34.310001373291016,33.0,34.310001373291016,32.4175910949707,1306200
2019-05-13,IR,33.459999084472656,33.849998474121094,33.290000915527344,33.779998779296875,31.916824340820312,1666500
2019-05-13,IR,33.459999084472656,33.849998474121094,33.290000915527344,33.779998779296875,31.916824340820312,1666500
2019-05-14,IR,33.869998931884766,34.58000183105469,33.869998931884766,34.459999084472656,32.559322357177734,1693700
2019-05-14,IR,33.869998931884766,34.58000183105469,33.869998931884766,34.459999084472656,32.559322357177734,1693700
2019-05-15,IR,34.08000183105469,35.59000015258789,33.724998474121094,35.2599983215332,33.3151969909668,2176400
2019-05-15,IR,34.08000183105469,35.59000015258789,33.724998474121094,35.2599983215332,33.3151969909668,2176400
2019-05-16,IR,35.18000030517578,35.439998626708984,34.869998931884766,35.060001373291016,33.12623596191406,1766300
2019-05-16,IR,35.18000030517578,35.439998626708984,34.869998931884766,35.060001373291016,33.12623596191406,1766300
2019-05-17,IR,34.72999954223633,35.72999954223633,34.584999084472656,34.72999954223633,32.814430236816406,2737600
2019-05-17,IR,34.72999954223633,35.72999954223633,34.584999084472656,34.72999954223633,32.814430236816406,2737600
2019-05-20,IR,34.290000915527344,35.34000015258789,34.18000030517578,35.150001525878906,33.21125411987305,2102400
2019-05-20,IR,34.290000915527344,35.34000015258789,34.18000030517578,35.150001525878906,33.21125411987305,2102400
2019-05-21,IR,35.2400016784668,36.11000061035156,35.20000076293945,35.88999938964844,33.91044616699219,1724500
2019-05-21,IR,35.2400016784668,36.11000061035156,35.20000076293945,35.88999938964844,33.91044616699219,1724500
2019-05-22,IR,35.61000061035156,36.220001220703125,35.441001892089844,35.66999816894531,33.702571868896484,1741500
2019-05-22,IR,35.61000061035156,36.220001220703125,35.441001892089844,35.66999816894531,33.702571868896484,1741500
2019-05-23,IR,35.290000915527344,35.29999923706055,34.38999938964844,34.900001525878906,32.97505187988281,1589600
2019-05-23,IR,35.290000915527344,35.29999923706055,34.38999938964844,34.900001525878906,32.97505187988281,1589600
2019-05-24,IR,35.369998931884766,35.560001373291016,35.189998626708984,35.27000045776367,33.324642181396484,1278300
2019-05-24,IR,35.369998931884766,35.560001373291016,35.189998626708984,35.27000045776367,33.324642181396484,1278300
2019-05-28,IR,35.279998779296875,35.59000015258789,35.11000061035156,35.29999923706055,33.35298538208008,915800
2019-05-28,IR,35.279998779296875,35.59000015258789,35.11000061035156,35.29999923706055,33.35298538208008,915800
2019-05-29,IR,35.13999938964844,35.2400016784668,34.7599983215332,34.939998626708984,33.012840270996094,1451600
2019-05-29,IR,35.13999938964844,35.2400016784668,34.7599983215332,34.939998626708984,33.012840270996094,1451600
2019-05-30,IR,34.970001220703125,35.22999954223633,34.6349983215332,34.720001220703125,32.80497360229492,1268000
2019-05-30,IR,34.970001220703125,35.22999954223633,34.6349983215332,34.720001220703125,32.80497360229492,1268000
2019-05-31,IR,34.130001068115234,34.58000183105469,33.58000183105469,33.970001220703125,32.09634017944336,1659700
2019-05-31,IR,34.130001068115234,34.58000183105469,33.58000183105469,33.970001220703125,32.09634017944336,1659700
2019-06-03,IR,33.959999084472656,34.790000915527344,33.650001525878906,33.7599983215332,31.897920608520508,2627200
2019-06-03,IR,33.959999084472656,34.790000915527344,33.650001525878906,33.7599983215332,31.897920608520508,2627200
2019-06-04,IR,34.33000183105469,34.4900016784668,33.93000030517578,34.189998626708984,32.30420684814453,1209000
2019-06-04,IR,34.33000183105469,34.4900016784668,33.93000030517578,34.189998626708984,32.30420684814453,1209000
2019-06-05,IR,34.279998779296875,34.52000045776367,33.4900016784668,33.599998474121094,31.746746063232425,1733600
2019-06-05,IR,34.279998779296875,34.52000045776367,33.4900016784668,33.599998474121094,31.746746063232425,1733600
2019-06-06,IR,33.470001220703125,33.814998626708984,33.02000045776367,33.79999923706055,32.44754409790039,1541400
2019-06-06,IR,33.470001220703125,33.814998626708984,33.02000045776367,33.79999923706055,32.44754409790039,1541400
2019-06-07,IR,34.0,34.08000183105469,33.40999984741211,33.630001068115234,32.28433990478516,1039400
2019-06-07,IR,34.0,34.08000183105469,33.40999984741211,33.630001068115234,32.28433990478516,1039400
2019-06-10,IR,33.77000045776367,34.310001373291016,33.650001525878906,34.040000915527344,32.67793655395508,822300
2019-06-10,IR,33.77000045776367,34.310001373291016,33.650001525878906,34.040000915527344,32.67793655395508,822300
2019-06-11,IR,34.34000015258789,34.56999969482422,33.720001220703125,33.75,32.3995475769043,1238800
2019-06-11,IR,34.34000015258789,34.56999969482422,33.720001220703125,33.75,32.3995475769043,1238800
2019-06-12,IR,33.65999984741211,33.83000183105469,32.959999084472656,33.09000015258789,31.76595115661621,1105000
2019-06-12,IR,33.65999984741211,33.83000183105469,32.959999084472656,33.09000015258789,31.76595115661621,1105000
2019-06-13,IR,33.13999938964844,33.5099983215332,33.13999938964844,33.47999954223633,32.140342712402344,821900
2019-06-13,IR,33.13999938964844,33.5099983215332,33.13999938964844,33.47999954223633,32.140342712402344,821900
2019-06-14,IR,33.56999969482422,33.56999969482422,32.869998931884766,33.41999816894531,32.08274459838867,789600
2019-06-14,IR,33.56999969482422,33.56999969482422,32.869998931884766,33.41999816894531,32.08274459838867,789600
2019-06-17,IR,33.43000030517578,33.755001068115234,33.29999923706055,33.59000015258789,32.24594497680664,922600
2019-06-17,IR,33.43000030517578,33.755001068115234,33.29999923706055,33.59000015258789,32.24594497680664,922600
2019-06-18,IR,33.81999969482422,34.68000030517578,33.61000061035156,34.59000015258789,33.2059211730957,1159900
2019-06-18,IR,33.81999969482422,34.68000030517578,33.61000061035156,34.59000015258789,33.2059211730957,1159900
2019-06-19,IR,34.75,34.97999954223633,34.529998779296875,34.81999969482422,33.426727294921875,762300
2019-06-19,IR,34.75,34.97999954223633,34.529998779296875,34.81999969482422,33.426727294921875,762300
2019-06-20,IR,35.0,35.400001525878906,34.630001068115234,34.88999938964844,33.49392318725586,1491100
2019-06-20,IR,35.0,35.400001525878906,34.630001068115234,34.88999938964844,33.49392318725586,1491100
2019-06-21,IR,34.790000915527344,34.790000915527344,34.0,34.099998474121094,32.735538482666016,1622100
2019-06-21,IR,34.790000915527344,34.790000915527344,34.0,34.099998474121094,32.735538482666016,1622100
2019-06-24,IR,34.13999938964844,34.36000061035156,33.709999084472656,33.77000045776367,32.418739318847656,750500
2019-06-24,IR,34.13999938964844,34.36000061035156,33.709999084472656,33.77000045776367,32.418739318847656,750500
2019-06-25,IR,33.72999954223633,34.209999084472656,33.529998779296875,33.849998474121094,32.495540618896484,742900
2019-06-25,IR,33.72999954223633,34.209999084472656,33.529998779296875,33.849998474121094,32.495540618896484,742900
2019-06-26,IR,33.869998931884766,34.2400016784668,33.47999954223633,33.70000076293945,32.351539611816406,727200
2019-06-26,IR,33.869998931884766,34.2400016784668,33.47999954223633,33.70000076293945,32.351539611816406,727200
2019-06-27,IR,33.779998779296875,34.099998474121094,33.73500061035156,33.900001525878906,32.543548583984375,1081500
2019-06-27,IR,33.779998779296875,34.099998474121094,33.73500061035156,33.900001525878906,32.543548583984375,1081500
2019-06-28,IR,34.02000045776367,34.720001220703125,33.90999984741211,34.599998474121094,33.21553421020508,1481600
2019-06-28,IR,34.02000045776367,34.720001220703125,33.90999984741211,34.599998474121094,33.21553421020508,1481600
2019-07-01,IR,35.04999923706055,35.38600158691406,34.52000045776367,34.83000183105469,33.43632888793945,681100
2019-07-01,IR,35.04999923706055,35.38600158691406,34.52000045776367,34.83000183105469,33.43632888793945,681100
2019-07-02,IR,34.779998779296875,34.970001220703125,34.0,34.4900016784668,33.10993576049805,993100
2019-07-02,IR,34.779998779296875,34.970001220703125,34.0,34.4900016784668,33.10993576049805,993100
2019-07-03,IR,34.560001373291016,34.939998626708984,34.220001220703125,34.599998474121094,33.21553421020508,593300
2019-07-03,IR,34.560001373291016,34.939998626708984,34.220001220703125,34.599998474121094,33.21553421020508,593300
2019-07-05,IR,34.290000915527344,34.80500030517578,34.189998626708984,34.4900016784668,33.10993576049805,2283100
2019-07-05,IR,34.290000915527344,34.80500030517578,34.189998626708984,34.4900016784668,33.10993576049805,2283100
2019-07-08,IR,34.45000076293945,35.0,33.790000915527344,34.099998474121094,32.735538482666016,965200
2019-07-08,IR,34.45000076293945,35.0,33.790000915527344,34.099998474121094,32.735538482666016,965200
2019-07-09,IR,33.7599983215332,34.11000061035156,32.9900016784668,33.04999923706055,31.72755622863769,1793600
2019-07-09,IR,33.7599983215332,34.11000061035156,32.9900016784668,33.04999923706055,31.72755622863769,1793600
2019-07-10,IR,33.040000915527344,33.37799835205078,32.43000030517578,33.060001373291016,31.737154006958008,1624300
2019-07-10,IR,33.040000915527344,33.37799835205078,32.43000030517578,33.060001373291016,31.737154006958008,1624300
2019-07-11,IR,32.9900016784668,33.25699996948242,31.86000061035156,32.290000915527344,30.99795913696289,3126100
2019-07-11,IR,32.9900016784668,33.25699996948242,31.86000061035156,32.290000915527344,30.99795913696289,3126100
2019-07-12,IR,32.349998474121094,33.40999984741211,32.29999923706055,33.2599983215332,31.929147720336918,790900
2019-07-12,IR,32.349998474121094,33.40999984741211,32.29999923706055,33.2599983215332,31.929147720336918,790900
2019-07-15,IR,33.18000030517578,33.41999816894531,32.45000076293945,32.5,31.199562072753903,981600
2019-07-15,IR,33.18000030517578,33.41999816894531,32.45000076293945,32.5,31.199562072753903,981600
2019-07-16,IR,32.380001068115234,33.540000915527344,32.380001068115234,33.36000061035156,32.025150299072266,1347400
2019-07-16,IR,32.380001068115234,33.540000915527344,32.380001068115234,33.36000061035156,32.025150299072266,1347400
2019-07-17,IR,33.36000061035156,33.560001373291016,32.90999984741211,32.93000030517578,31.61235237121582,1634400
2019-07-17,IR,33.36000061035156,33.560001373291016,32.90999984741211,32.93000030517578,31.61235237121582,1634400
2019-07-18,IR,32.849998474121094,33.07500076293945,32.70000076293945,32.779998779296875,31.468358993530277,656800
2019-07-18,IR,32.849998474121094,33.07500076293945,32.70000076293945,32.779998779296875,31.468358993530277,656800
2019-07-19,IR,32.91999816894531,33.54999923706055,32.79999923706055,33.529998779296875,32.18834686279297,1115400
2019-07-19,IR,32.91999816894531,33.54999923706055,32.79999923706055,33.529998779296875,32.18834686279297,1115400
2019-07-22,IR,33.45000076293945,33.880001068115234,33.400001525878906,33.45000076293945,32.111541748046875,795000
2019-07-22,IR,33.45000076293945,33.880001068115234,33.400001525878906,33.45000076293945,32.111541748046875,795000
2019-07-23,IR,33.65999984741211,33.88999938964844,33.34000015258789,33.849998474121094,32.495540618896484,729500
2019-07-23,IR,33.65999984741211,33.88999938964844,33.34000015258789,33.849998474121094,32.495540618896484,729500
2019-07-24,IR,33.65999984741211,34.189998626708984,33.599998474121094,34.0099983215332,32.649139404296875,756600
2019-07-24,IR,33.65999984741211,34.189998626708984,33.599998474121094,34.0099983215332,32.649139404296875,756600
2019-07-25,IR,34.0,34.04999923706055,33.189998626708984,33.5,32.159542083740234,907400
2019-07-25,IR,34.0,34.04999923706055,33.189998626708984,33.5,32.159542083740234,907400
2019-07-26,IR,33.5099983215332,33.70000076293945,32.81999969482422,33.099998474121094,31.77554702758789,1161400
2019-07-26,IR,33.5099983215332,33.70000076293945,32.81999969482422,33.099998474121094,31.77554702758789,1161400
2019-07-29,IR,33.099998474121094,33.36000061035156,32.2400016784668,32.290000915527344,30.99795913696289,1293000
2019-07-29,IR,33.099998474121094,33.36000061035156,32.2400016784668,32.290000915527344,30.99795913696289,1293000
2019-07-30,IR,32.08000183105469,33.22999954223633,32.0,33.20000076293945,31.871543884277344,1658500
2019-07-30,IR,32.08000183105469,33.22999954223633,32.0,33.20000076293945,31.871543884277344,1658500
2019-07-31,IR,33.06999969482422,33.599998474121094,32.79999923706055,32.970001220703125,31.6507568359375,2816100
2019-07-31,IR,33.06999969482422,33.599998474121094,32.79999923706055,32.970001220703125,31.6507568359375,2816100
2019-08-01,IR,31.25,32.810001373291016,30.450000762939453,31.209999084472656,29.96117401123047,4026300
2019-08-01,IR,31.25,32.810001373291016,30.450000762939453,31.209999084472656,29.96117401123047,4026300
2019-08-02,IR,30.959999084472656,31.84000015258789,30.790000915527344,31.049999237060547,29.80757522583008,2714800
2019-08-02,IR,30.959999084472656,31.84000015258789,30.790000915527344,31.049999237060547,29.80757522583008,2714800
2019-08-05,IR,30.06999969482422,30.43000030517578,29.799999237060547,30.18000030517578,28.972387313842773,4331700
2019-08-05,IR,30.06999969482422,30.43000030517578,29.799999237060547,30.18000030517578,28.972387313842773,4331700
2019-08-06,IR,30.5,31.06999969482422,30.32999992370605,30.88999938964844,29.653980255126957,1379000
2019-08-06,IR,30.5,31.06999969482422,30.32999992370605,30.88999938964844,29.653980255126957,1379000
2019-08-07,IR,30.36000061035156,30.850000381469727,29.95499992370605,30.690000534057617,29.46198844909668,1517500
2019-08-07,IR,30.36000061035156,30.850000381469727,29.95499992370605,30.690000534057617,29.46198844909668,1517500
2019-08-08,IR,31.21999931335449,31.57999992370605,30.700000762939453,30.950000762939453,29.711576461791992,1339300
2019-08-08,IR,31.21999931335449,31.57999992370605,30.700000762939453,30.950000762939453,29.711576461791992,1339300
2019-08-09,IR,30.950000762939453,31.024999618530277,30.229999542236328,30.40999984741211,29.193191528320312,942900
2019-08-09,IR,30.950000762939453,31.024999618530277,30.229999542236328,30.40999984741211,29.193191528320312,942900
2019-08-12,IR,30.149999618530277,30.51000022888184,30.01000022888184,30.200000762939453,28.99159049987793,815000
2019-08-12,IR,30.149999618530277,30.51000022888184,30.01000022888184,30.200000762939453,28.99159049987793,815000
2019-08-13,IR,29.979999542236328,30.950000762939453,29.8799991607666,30.56999969482422,29.34678840637207,1505000
2019-08-13,IR,29.979999542236328,30.950000762939453,29.8799991607666,30.56999969482422,29.34678840637207,1505000
2019-08-14,IR,29.959999084472656,30.190000534057617,29.280000686645508,29.38999938964844,28.214006423950195,1727200
2019-08-14,IR,29.959999084472656,30.190000534057617,29.280000686645508,29.38999938964844,28.214006423950195,1727200
2019-08-15,IR,29.489999771118164,29.68000030517578,29.21999931335449,29.440000534057617,28.261999130249023,1107200
2019-08-15,IR,29.489999771118164,29.68000030517578,29.21999931335449,29.440000534057617,28.261999130249023,1107200
2019-08-16,IR,29.559999465942383,30.07999992370605,29.3799991607666,29.979999542236328,28.780391693115234,1195300
2019-08-16,IR,29.559999465942383,30.07999992370605,29.3799991607666,29.979999542236328,28.780391693115234,1195300
2019-08-19,IR,30.450000762939453,30.63999938964844,29.940000534057617,30.25,29.03958511352539,1265800
2019-08-19,IR,30.450000762939453,30.63999938964844,29.940000534057617,30.25,29.03958511352539,1265800
2019-08-20,IR,30.13999938964844,30.350000381469727,29.51000022888184,29.75,28.55959701538086,686800
2019-08-20,IR,30.13999938964844,30.350000381469727,29.51000022888184,29.75,28.55959701538086,686800
2019-08-21,IR,30.149999618530277,30.149999618530277,29.3799991607666,29.59000015258789,28.4060001373291,867700
2019-08-21,IR,30.149999618530277,30.149999618530277,29.3799991607666,29.59000015258789,28.4060001373291,867700
2019-08-22,IR,29.739999771118164,29.899999618530277,29.43000030517578,29.489999771118164,28.30999755859375,449100
2019-08-22,IR,29.739999771118164,29.899999618530277,29.43000030517578,29.489999771118164,28.30999755859375,449100
2019-08-23,IR,29.209999084472656,29.32999992370605,28.09000015258789,28.229999542236328,27.100419998168945,1473200
2019-08-23,IR,29.209999084472656,29.32999992370605,28.09000015258789,28.229999542236328,27.100419998168945,1473200
2019-08-26,IR,28.51000022888184,28.700000762939453,27.93000030517578,28.21999931335449,27.0908203125,1084200
2019-08-26,IR,28.51000022888184,28.700000762939453,27.93000030517578,28.21999931335449,27.0908203125,1084200
2019-08-27,IR,28.420000076293945,28.57999992370605,27.649999618530277,27.729999542236328,26.62042236328125,858000
2019-08-27,IR,28.420000076293945,28.57999992370605,27.649999618530277,27.729999542236328,26.62042236328125,858000
2019-08-28,IR,27.780000686645508,28.3799991607666,27.6200008392334,28.01000022888184,26.889217376708984,1493100
2019-08-28,IR,27.780000686645508,28.3799991607666,27.6200008392334,28.01000022888184,26.889217376708984,1493100
2019-08-29,IR,28.34000015258789,28.670000076293945,28.200000762939453,28.489999771118164,27.35001564025879,721200
2019-08-29,IR,28.34000015258789,28.670000076293945,28.200000762939453,28.489999771118164,27.35001564025879,721200
2019-08-30,IR,28.709999084472656,28.86000061035156,28.440000534057617,28.68000030517578,27.532411575317383,830500
2019-08-30,IR,28.709999084472656,28.86000061035156,28.440000534057617,28.68000030517578,27.532411575317383,830500
2019-09-03,IR,28.290000915527344,28.479999542236328,27.440000534057617,27.459999084472656,26.36122703552246,1171100
2019-09-03,IR,28.290000915527344,28.479999542236328,27.440000534057617,27.459999084472656,26.36122703552246,1171100
2019-09-04,IR,27.6299991607666,27.725000381469727,26.32999992370605,26.770000457763672,25.69883728027344,3811000
2019-09-04,IR,27.6299991607666,27.725000381469727,26.32999992370605,26.770000457763672,25.69883728027344,3811000
2019-09-05,IR,27.059999465942383,28.57999992370605,27.024999618530277,28.26000022888184,27.677175521850582,2558300
2019-09-05,IR,27.059999465942383,28.57999992370605,27.024999618530277,28.26000022888184,27.677175521850582,2558300
2019-09-06,IR,28.09000015258789,28.6200008392334,27.559999465942383,28.15999984741211,27.57923889160156,1343500
2019-09-06,IR,28.09000015258789,28.6200008392334,27.559999465942383,28.15999984741211,27.57923889160156,1343500
2019-09-09,IR,28.420000076293945,29.01000022888184,28.23500061035156,28.770000457763672,28.17666244506836,1693200
2019-09-09,IR,28.420000076293945,29.01000022888184,28.23500061035156,28.770000457763672,28.17666244506836,1693200
2019-09-10,IR,28.84000015258789,30.424999237060547,28.6299991607666,30.3700008392334,29.7436637878418,1973400
2019-09-10,IR,28.84000015258789,30.424999237060547,28.6299991607666,30.3700008392334,29.7436637878418,1973400
2019-09-11,IR,30.399999618530277,30.489999771118164,29.739999771118164,30.21999931335449,29.59674835205078,1663100
2019-09-11,IR,30.399999618530277,30.489999771118164,29.739999771118164,30.21999931335449,29.59674835205078,1663100
2019-09-12,IR,29.989999771118164,31.0,29.670000076293945,30.739999771118164,30.10602760314941,1434400
2019-09-12,IR,29.989999771118164,31.0,29.670000076293945,30.739999771118164,30.10602760314941,1434400
2019-09-13,IR,30.940000534057617,31.479999542236328,30.940000534057617,31.229999542236328,30.58592414855957,1281800
2019-09-13,IR,30.940000534057617,31.479999542236328,30.940000534057617,31.229999542236328,30.58592414855957,1281800
2019-09-16,IR,31.229999542236328,32.119998931884766,31.100000381469727,31.850000381469727,31.19313621520996,2385300
2019-09-16,IR,31.229999542236328,32.119998931884766,31.100000381469727,31.850000381469727,31.19313621520996,2385300
2019-09-17,IR,31.559999465942383,31.709999084472656,30.84499931335449,31.059999465942383,30.419431686401367,1184500
2019-09-17,IR,31.559999465942383,31.709999084472656,30.84499931335449,31.059999465942383,30.419431686401367,1184500
2019-09-18,IR,30.959999084472656,30.96999931335449,30.40999984741211,30.75,30.11582374572754,1016000
2019-09-18,IR,30.959999084472656,30.96999931335449,30.40999984741211,30.75,30.11582374572754,1016000
2019-09-19,IR,30.729999542236328,30.76000022888184,29.989999771118164,30.030000686645508,29.41067314147949,1087700
2019-09-19,IR,30.729999542236328,30.76000022888184,29.989999771118164,30.030000686645508,29.41067314147949,1087700
2019-09-20,IR,30.049999237060547,30.06999969482422,29.43600082397461,29.5,28.8916072845459,1424500
2019-09-20,IR,30.049999237060547,30.06999969482422,29.43600082397461,29.5,28.8916072845459,1424500
2019-09-23,IR,29.270000457763672,29.5,28.8799991607666,29.299999237060547,28.695728302001957,1317200
2019-09-23,IR,29.270000457763672,29.5,28.8799991607666,29.299999237060547,28.695728302001957,1317200
2019-09-24,IR,29.290000915527344,29.399999618530277,28.57999992370605,28.93000030517578,28.33336067199707,983600
2019-09-24,IR,29.290000915527344,29.399999618530277,28.57999992370605,28.93000030517578,28.33336067199707,983600
2019-09-25,IR,28.790000915527344,29.3700008392334,28.36000061035156,29.309999465942383,28.70551872253418,597700
2019-09-25,IR,28.790000915527344,29.3700008392334,28.36000061035156,29.309999465942383,28.70551872253418,597700
2019-09-26,IR,29.15999984741211,29.38999938964844,28.81999969482422,29.18000030517578,28.578203201293945,1192300
2019-09-26,IR,29.15999984741211,29.38999938964844,28.81999969482422,29.18000030517578,28.578203201293945,1192300
2019-09-27,IR,29.280000686645508,29.540000915527344,28.57999992370605,28.68000030517578,28.08851432800293,935000
2019-09-27,IR,29.280000686645508,29.540000915527344,28.57999992370605,28.68000030517578,28.08851432800293,935000
2019-09-30,IR,28.729999542236328,28.729999542236328,28.1200008392334,28.290000915527344,27.706562042236328,1756300
2019-09-30,IR,28.729999542236328,28.729999542236328,28.1200008392334,28.290000915527344,27.706562042236328,1756300
2019-10-01,IR,28.43000030517578,28.57999992370605,26.71999931335449,27.059999465942383,26.50192642211914,1882800
2019-10-01,IR,28.43000030517578,28.57999992370605,26.71999931335449,27.059999465942383,26.50192642211914,1882800
2019-10-02,IR,26.76000022888184,27.229999542236328,26.489999771118164,27.1200008392334,26.560688018798828,1861300
2019-10-02,IR,26.76000022888184,27.229999542236328,26.489999771118164,27.1200008392334,26.560688018798828,1861300
2019-10-03,IR,26.88999938964844,28.030000686645508,26.88999938964844,27.82999992370605,27.25604820251465,1514600
2019-10-03,IR,26.88999938964844,28.030000686645508,26.88999938964844,27.82999992370605,27.25604820251465,1514600
2019-10-04,IR,27.81999969482422,28.239999771118164,27.6200008392334,28.21999931335449,27.638002395629883,972200
2019-10-04,IR,27.81999969482422,28.239999771118164,27.6200008392334,28.21999931335449,27.638002395629883,972200
2019-10-07,IR,28.030000686645508,28.059999465942383,27.56999969482422,27.56999969482422,27.001407623291016,1024900
2019-10-07,IR,28.030000686645508,28.059999465942383,27.56999969482422,27.56999969482422,27.001407623291016,1024900
2019-10-08,IR,27.190000534057617,27.32999992370605,26.709999084472656,27.01000022888184,26.45295524597168,2736800
2019-10-08,IR,27.190000534057617,27.32999992370605,26.709999084472656,27.01000022888184,26.45295524597168,2736800
2019-10-09,IR,27.290000915527344,27.459999084472656,27.030000686645508,27.32999992370605,26.766355514526367,604300
2019-10-09,IR,27.290000915527344,27.459999084472656,27.030000686645508,27.32999992370605,26.766355514526367,604300
2019-10-10,IR,27.38999938964844,28.209999084472656,27.149999618530277,28.1299991607666,27.549854278564453,1474100
2019-10-10,IR,27.38999938964844,28.209999084472656,27.149999618530277,28.1299991607666,27.549854278564453,1474100
2019-10-11,IR,28.440000534057617,29.940000534057617,28.424999237060547,29.56999969482422,28.96015930175781,2271800
2019-10-11,IR,28.440000534057617,29.940000534057617,28.424999237060547,29.56999969482422,28.96015930175781,2271800
2019-10-14,IR,29.270000457763672,29.530000686645508,28.979999542236328,29.06999969482422,28.47047233581543,826000
2019-10-14,IR,29.270000457763672,29.530000686645508,28.979999542236328,29.06999969482422,28.47047233581543,826000
2019-10-15,IR,29.07999992370605,29.75,28.920000076293945,29.38999938964844,28.78386688232422,1417400
2019-10-15,IR,29.07999992370605,29.75,28.920000076293945,29.38999938964844,28.78386688232422,1417400
2019-10-16,IR,29.399999618530277,29.86000061035156,29.280000686645508,29.450000762939453,28.84263610839844,831600
2019-10-16,IR,29.399999618530277,29.86000061035156,29.280000686645508,29.450000762939453,28.84263610839844,831600
2019-10-17,IR,29.68000030517578,29.899999618530277,29.06999969482422,29.65999984741211,29.04830551147461,1189500
2019-10-17,IR,29.68000030517578,29.899999618530277,29.06999969482422,29.65999984741211,29.04830551147461,1189500
2019-10-18,IR,29.6299991607666,31.11000061035156,29.520000457763672,30.850000381469727,30.213762283325195,2546200
2019-10-18,IR,29.6299991607666,31.11000061035156,29.520000457763672,30.850000381469727,30.213762283325195,2546200
2019-10-21,IR,31.0,31.729999542236328,30.899999618530277,31.11000061035156,30.46839904785156,2451900
2019-10-21,IR,31.0,31.729999542236328,30.899999618530277,31.11000061035156,30.46839904785156,2451900
2019-10-22,IR,31.25,32.439998626708984,30.63999938964844,31.979999542236328,31.320459365844727,4127700
2019-10-22,IR,31.25,32.439998626708984,30.63999938964844,31.979999542236328,31.320459365844727,4127700
2019-10-23,IR,31.8799991607666,32.72999954223633,31.165000915527344,32.560001373291016,31.88849639892578,3299000
2019-10-23,IR,31.8799991607666,32.72999954223633,31.165000915527344,32.560001373291016,31.88849639892578,3299000
2019-10-24,IR,32.560001373291016,32.790000915527344,31.940000534057617,32.2599983215332,31.594676971435547,1517200
2019-10-24,IR,32.560001373291016,32.790000915527344,31.940000534057617,32.2599983215332,31.594676971435547,1517200
2019-10-25,IR,32.310001373291016,32.939998626708984,32.099998474121094,32.790000915527344,32.11375427246094,3739200
2019-10-25,IR,32.310001373291016,32.939998626708984,32.099998474121094,32.790000915527344,32.11375427246094,3739200
2019-10-28,IR,33.0,33.290000915527344,32.31999969482422,32.31999969482422,31.653444290161133,2321800
2019-10-28,IR,33.0,33.290000915527344,32.31999969482422,32.31999969482422,31.653444290161133,2321800
2019-10-29,IR,31.8799991607666,33.310001373291016,30.850000381469727,33.02000045776367,32.33900451660156,4255100
2019-10-29,IR,31.8799991607666,33.310001373291016,30.850000381469727,33.02000045776367,32.33900451660156,4255100
2019-10-30,IR,32.810001373291016,32.95000076293945,31.309999465942383,32.11000061035156,31.447778701782227,2745900
2019-10-30,IR,32.810001373291016,32.95000076293945,31.309999465942383,32.11000061035156,31.447778701782227,2745900
2019-10-31,IR,31.13999938964844,31.854999542236328,31.09000015258789,31.82999992370605,31.173553466796875,1643700
2019-10-31,IR,31.13999938964844,31.854999542236328,31.09000015258789,31.82999992370605,31.173553466796875,1643700
2019-11-01,IR,32.119998931884766,32.849998474121094,31.8799991607666,32.849998474121094,32.17251205444336,1306400
2019-11-01,IR,32.119998931884766,32.849998474121094,31.8799991607666,32.849998474121094,32.17251205444336,1306400
2019-11-04,IR,33.20000076293945,33.665000915527344,33.060001373291016,33.439998626708984,32.75034713745117,2329600
2019-11-04,IR,33.20000076293945,33.665000915527344,33.060001373291016,33.439998626708984,32.75034713745117,2329600
2019-11-05,IR,33.540000915527344,33.79999923706055,32.599998474121094,32.63999938964844,31.966854095458984,1165900
2019-11-05,IR,33.540000915527344,33.79999923706055,32.599998474121094,32.63999938964844,31.966854095458984,1165900
2019-11-06,IR,32.47999954223633,32.970001220703125,32.33000183105469,32.72999954223633,32.05498504638672,691600
2019-11-06,IR,32.47999954223633,32.970001220703125,32.33000183105469,32.72999954223633,32.05498504638672,691600
2019-11-07,IR,33.06999969482422,33.66999816894531,33.029998779296875,33.2400016784668,32.55447769165039,1027700
2019-11-07,IR,33.06999969482422,33.66999816894531,33.029998779296875,33.2400016784668,32.55447769165039,1027700
2019-11-08,IR,33.209999084472656,33.755001068115234,32.81999969482422,33.72999954223633,33.03437042236328,893700
2019-11-08,IR,33.209999084472656,33.755001068115234,32.81999969482422,33.72999954223633,33.03437042236328,893700
2019-11-11,IR,33.38999938964844,33.880001068115234,33.27000045776367,33.81999969482422,33.12250900268555,841200
2019-11-11,IR,33.38999938964844,33.880001068115234,33.27000045776367,33.81999969482422,33.12250900268555,841200
2019-11-12,IR,33.779998779296875,34.0099983215332,33.58000183105469,33.630001068115234,32.93642807006836,849800
2019-11-12,IR,33.779998779296875,34.0099983215332,33.58000183105469,33.630001068115234,32.93642807006836,849800
2019-11-13,IR,33.2599983215332,33.47999954223633,32.86000061035156,33.380001068115234,32.69158172607422,666300
2019-11-13,IR,33.2599983215332,33.47999954223633,32.86000061035156,33.380001068115234,32.69158172607422,666300
2019-11-14,IR,33.279998779296875,33.38999938964844,32.880001068115234,33.0,32.319419860839844,876400
2019-11-14,IR,33.279998779296875,33.38999938964844,32.880001068115234,33.0,32.319419860839844,876400
2019-11-15,IR,33.209999084472656,33.77000045776367,33.150001525878906,33.650001525878906,32.956016540527344,833500
2019-11-15,IR,33.209999084472656,33.77000045776367,33.150001525878906,33.650001525878906,32.956016540527344,833500
2019-11-18,IR,33.58000183105469,33.790000915527344,33.189998626708984,33.7400016784668,33.04416275024414,806800
2019-11-18,IR,33.58000183105469,33.790000915527344,33.189998626708984,33.7400016784668,33.04416275024414,806800
2019-11-19,IR,33.849998474121094,34.209999084472656,33.52000045776367,33.65999984741211,32.96580123901367,2363500
2019-11-19,IR,33.849998474121094,34.209999084472656,33.52000045776367,33.65999984741211,32.96580123901367,2363500
2019-11-20,IR,33.560001373291016,34.08000183105469,33.34000015258789,33.58000183105469,32.88745880126953,766700
2019-11-20,IR,33.560001373291016,34.08000183105469,33.34000015258789,33.58000183105469,32.88745880126953,766700
2019-11-21,IR,33.59000015258789,33.59000015258789,33.060001373291016,33.20000076293945,32.51530075073242,976700
2019-11-21,IR,33.59000015258789,33.59000015258789,33.060001373291016,33.20000076293945,32.51530075073242,976700
2019-11-22,IR,33.310001373291016,33.709999084472656,33.150001525878906,33.65999984741211,32.96580123901367,573200
2019-11-22,IR,33.310001373291016,33.709999084472656,33.150001525878906,33.65999984741211,32.96580123901367,573200
2019-11-25,IR,33.66999816894531,34.13999938964844,33.38999938964844,33.95000076293945,33.24982833862305,1081100
2019-11-25,IR,33.66999816894531,34.13999938964844,33.38999938964844,33.95000076293945,33.24982833862305,1081100
2019-11-26,IR,33.91999816894531,34.0,33.36000061035156,33.939998626708984,33.24003601074219,963400
2019-11-26,IR,33.91999816894531,34.0,33.36000061035156,33.939998626708984,33.24003601074219,963400
2019-11-27,IR,33.959999084472656,34.22999954223633,33.58000183105469,34.119998931884766,33.41632080078125,815600
2019-11-27,IR,33.959999084472656,34.22999954223633,33.58000183105469,34.119998931884766,33.41632080078125,815600
2019-11-29,IR,34.08000183105469,34.29999923706055,33.849998474121094,33.869998931884766,33.171478271484375,383700
2019-11-29,IR,34.08000183105469,34.29999923706055,33.849998474121094,33.869998931884766,33.171478271484375,383700
2019-12-02,IR,34.0099983215332,34.25,33.540000915527344,33.540000915527344,32.84828567504883,952000
2019-12-02,IR,34.0099983215332,34.25,33.540000915527344,33.540000915527344,32.84828567504883,952000
2019-12-03,IR,33.09000015258789,33.400001525878906,32.880001068115234,33.27000045776367,32.58385467529297,642300
2019-12-03,IR,33.09000015258789,33.400001525878906,32.880001068115234,33.27000045776367,32.58385467529297,642300
2019-12-04,IR,33.439998626708984,33.86000061035156,33.310001373291016,33.380001068115234,32.69158172607422,890200
2019-12-04,IR,33.439998626708984,33.86000061035156,33.310001373291016,33.380001068115234,32.69158172607422,890200
2019-12-05,IR,33.5099983215332,33.849998474121094,33.33000183105469,33.52000045776367,33.35835266113281,672800
2019-12-05,IR,33.5099983215332,33.849998474121094,33.33000183105469,33.52000045776367,33.35835266113281,672800
2019-12-06,IR,33.779998779296875,34.130001068115234,33.7599983215332,34.09000015258789,33.92560195922852,530700
2019-12-06,IR,33.779998779296875,34.130001068115234,33.7599983215332,34.09000015258789,33.92560195922852,530700
2019-12-09,IR,33.97999954223633,34.09000015258789,33.790000915527344,33.849998474121094,33.6867561340332,618100
2019-12-09,IR,33.97999954223633,34.09000015258789,33.790000915527344,33.849998474121094,33.6867561340332,618100
2019-12-10,IR,33.04999923706055,33.77000045776367,33.04999923706055,33.439998626708984,33.27873992919922,1121400
2019-12-10,IR,33.04999923706055,33.77000045776367,33.04999923706055,33.439998626708984,33.27873992919922,1121400
2019-12-11,IR,33.849998474121094,34.41999816894531,33.75,34.290000915527344,34.12464904785156,699300
2019-12-11,IR,33.849998474121094,34.41999816894531,33.75,34.290000915527344,34.12464904785156,699300
2019-12-12,IR,34.2400016784668,35.06999969482422,34.18000030517578,35.02000045776367,34.85111618041992,1253200
2019-12-12,IR,34.2400016784668,35.06999969482422,34.18000030517578,35.02000045776367,34.85111618041992,1253200
2019-12-13,IR,34.93000030517578,35.88999938964844,34.93000030517578,35.540000915527344,35.36860656738281,2092700
2019-12-13,IR,34.93000030517578,35.88999938964844,34.93000030517578,35.540000915527344,35.36860656738281,2092700
2019-12-16,IR,35.83000183105469,36.18999862670898,35.5099983215332,36.18000030517578,36.00553131103516,1340300
2019-12-16,IR,35.83000183105469,36.18999862670898,35.5099983215332,36.18000030517578,36.00553131103516,1340300
2019-12-17,IR,36.220001220703125,36.369998931884766,35.72999954223633,36.08000183105469,35.906009674072266,1779500
2019-12-17,IR,36.220001220703125,36.369998931884766,35.72999954223633,36.08000183105469,35.906009674072266,1779500
2019-12-18,IR,36.209999084472656,36.65999984741211,35.83000183105469,36.15999984741211,35.98562240600586,1757500
2019-12-18,IR,36.209999084472656,36.65999984741211,35.83000183105469,36.15999984741211,35.98562240600586,1757500
2019-12-19,IR,36.4900016784668,36.84000015258789,36.209999084472656,36.4900016784668,36.31403732299805,816000
2019-12-19,IR,36.4900016784668,36.84000015258789,36.209999084472656,36.4900016784668,36.31403732299805,816000
2019-12-20,IR,36.54999923706055,37.040000915527344,36.34000015258789,36.63999938964844,36.46329498291016,1967500
2019-12-20,IR,36.54999923706055,37.040000915527344,36.34000015258789,36.63999938964844,36.46329498291016,1967500
2019-12-23,IR,36.72999954223633,37.04999923706055,36.34999847412109,36.880001068115234,36.70215606689453,749600
2019-12-23,IR,36.72999954223633,37.04999923706055,36.34999847412109,36.880001068115234,36.70215606689453,749600
2019-12-24,IR,37.0,37.2400016784668,36.709999084472656,36.77999877929688,36.60262680053711,268500
2019-12-24,IR,37.0,37.2400016784668,36.709999084472656,36.77999877929688,36.60262680053711,268500
2019-12-26,IR,36.880001068115234,37.15999984741211,36.709999084472656,36.95000076293945,36.77181625366211,494400
2019-12-26,IR,36.880001068115234,37.15999984741211,36.709999084472656,36.95000076293945,36.77181625366211,494400
2019-12-27,IR,37.0,37.130001068115234,36.91999816894531,36.95000076293945,36.77181625366211,714300
2019-12-27,IR,37.0,37.130001068115234,36.91999816894531,36.95000076293945,36.77181625366211,714300
2019-12-30,IR,36.970001220703125,36.9900016784668,36.40999984741211,36.4900016784668,36.31403732299805,1058400
2019-12-30,IR,36.970001220703125,36.9900016784668,36.40999984741211,36.4900016784668,36.31403732299805,1058400
2019-12-31,IR,36.459999084472656,36.959999084472656,36.2599983215332,36.68000030517578,36.50311279296875,1035500
2019-12-31,IR,36.459999084472656,36.959999084472656,36.2599983215332,36.68000030517578,36.50311279296875,1035500
2020-01-02,IR,36.880001068115234,37.02999877929688,36.40999984741211,36.880001068115234,36.70215606689453,917100
2020-01-02,IR,36.880001068115234,37.02999877929688,36.40999984741211,36.880001068115234,36.70215606689453,917100
2020-01-03,IR,36.5099983215332,36.84000015258789,36.290000915527344,36.720001220703125,36.54292678833008,694500
2020-01-03,IR,36.5099983215332,36.84000015258789,36.290000915527344,36.720001220703125,36.54292678833008,694500
2020-01-06,IR,36.5,36.59999847412109,36.11000061035156,36.27999877929688,36.10503768920898,807300
2020-01-06,IR,36.5,36.59999847412109,36.11000061035156,36.27999877929688,36.10503768920898,807300
2020-01-07,IR,36.16999816894531,36.400001525878906,35.904998779296875,36.0099983215332,35.83634567260742,839500
2020-01-07,IR,36.16999816894531,36.400001525878906,35.904998779296875,36.0099983215332,35.83634567260742,839500
2020-01-08,IR,36.06999969482422,36.52999877929688,35.68000030517578,35.75,35.57761001586914,1131700
2020-01-08,IR,36.06999969482422,36.52999877929688,35.68000030517578,35.75,35.57761001586914,1131700
2020-01-09,IR,35.970001220703125,36.060001373291016,35.595001220703125,35.79999923706055,35.62735748291016,648800
2020-01-09,IR,35.970001220703125,36.060001373291016,35.595001220703125,35.79999923706055,35.62735748291016,648800
2020-01-10,IR,35.72999954223633,35.880001068115234,34.869998931884766,35.13999938964844,34.970542907714844,985700
2020-01-10,IR,35.72999954223633,35.880001068115234,34.869998931884766,35.13999938964844,34.970542907714844,985700
2020-01-13,IR,35.290000915527344,35.54999923706055,35.130001068115234,35.439998626708984,35.26909255981445,508800
2020-01-13,IR,35.290000915527344,35.54999923706055,35.130001068115234,35.439998626708984,35.26909255981445,508800
2020-01-14,IR,35.349998474121094,35.525001525878906,34.77799987792969,34.93000030517578,34.76155471801758,911100
2020-01-14,IR,35.349998474121094,35.525001525878906,34.77799987792969,34.93000030517578,34.76155471801758,911100
2020-01-15,IR,34.86000061035156,35.13999938964844,34.26499938964844,34.5,34.333621978759766,2567000
2020-01-15,IR,34.86000061035156,35.13999938964844,34.26499938964844,34.5,34.333621978759766,2567000
2020-01-16,IR,34.7400016784668,35.2599983215332,34.7400016784668,35.11000061035156,34.94068145751953,762400
2020-01-16,IR,34.7400016784668,35.2599983215332,34.7400016784668,35.11000061035156,34.94068145751953,762400
2020-01-17,IR,35.20000076293945,35.724998474121094,34.970001220703125,35.47999954223633,35.30890274047852,578900
2020-01-17,IR,35.20000076293945,35.724998474121094,34.970001220703125,35.47999954223633,35.30890274047852,578900
2020-01-21,IR,35.099998474121094,35.459999084472656,34.54999923706055,34.560001373291016,34.39332962036133,1096400
2020-01-21,IR,35.099998474121094,35.459999084472656,34.54999923706055,34.560001373291016,34.39332962036133,1096400
2020-01-22,IR,34.790000915527344,34.97999954223633,34.470001220703125,34.5,34.333621978759766,443600
2020-01-22,IR,34.790000915527344,34.97999954223633,34.470001220703125,34.5,34.333621978759766,443600
2020-01-23,IR,34.16999816894531,35.060001373291016,33.93000030517578,34.869998931884766,34.70184326171875,884200
2020-01-23,IR,34.16999816894531,35.060001373291016,33.93000030517578,34.869998931884766,34.70184326171875,884200
2020-01-24,IR,34.900001525878906,34.900001525878906,34.27000045776367,34.65999984741211,34.49285888671875,773800
2020-01-24,IR,34.900001525878906,34.900001525878906,34.27000045776367,34.65999984741211,34.49285888671875,773800
2020-01-27,IR,34.060001373291016,35.34000015258789,33.93000030517578,34.52000045776367,34.3535270690918,1406200
2020-01-27,IR,34.060001373291016,35.34000015258789,33.93000030517578,34.52000045776367,34.3535270690918,1406200
2020-01-28,IR,34.70000076293945,35.77000045776367,34.599998474121094,35.58000183105469,35.408424377441406,1319400
2020-01-28,IR,34.70000076293945,35.77000045776367,34.599998474121094,35.58000183105469,35.408424377441406,1319400
2020-01-29,IR,35.75,36.34000015258789,35.470001220703125,36.09999847412109,35.925907135009766,906400
2020-01-29,IR,35.75,36.34000015258789,35.470001220703125,36.09999847412109,35.925907135009766,906400
2020-01-30,IR,35.79999923706055,36.52999877929688,35.599998474121094,36.209999084472656,36.03538131713867,740500
2020-01-30,IR,35.79999923706055,36.52999877929688,35.599998474121094,36.209999084472656,36.03538131713867,740500
2020-01-31,IR,35.88999938964844,36.09000015258789,35.095001220703125,35.310001373291016,35.13971328735352,936000
2020-01-31,IR,35.88999938964844,36.09000015258789,35.095001220703125,35.310001373291016,35.13971328735352,936000
2020-02-03,IR,35.56999969482422,36.43000030517578,35.38999938964844,35.77000045776367,35.59749984741211,583700
2020-02-03,IR,35.56999969482422,36.43000030517578,35.38999938964844,35.77000045776367,35.59749984741211,583700
2020-02-04,IR,36.5099983215332,37.220001220703125,36.30500030517578,36.560001373291016,36.38368988037109,1085500
2020-02-04,IR,36.5099983215332,37.220001220703125,36.30500030517578,36.560001373291016,36.38368988037109,1085500
2020-02-05,IR,37.08000183105469,37.08000183105469,36.470001220703125,36.75,36.57277297973633,842200
2020-02-05,IR,37.08000183105469,37.08000183105469,36.470001220703125,36.75,36.57277297973633,842200
2020-02-06,IR,36.790000915527344,37.08000183105469,36.29999923706055,37.02000045776367,36.84147644042969,1152000
2020-02-06,IR,36.790000915527344,37.08000183105469,36.29999923706055,37.02000045776367,36.84147644042969,1152000
2020-02-07,IR,37.209999084472656,37.619998931884766,36.630001068115234,37.09000015258789,36.91114807128906,2812100
2020-02-07,IR,37.209999084472656,37.619998931884766,36.630001068115234,37.09000015258789,36.91114807128906,2812100
2020-02-10,IR,36.959999084472656,37.58000183105469,36.86000061035156,37.560001373291016,37.37886428833008,1764600
2020-02-10,IR,36.959999084472656,37.58000183105469,36.86000061035156,37.560001373291016,37.37886428833008,1764600
2020-02-11,IR,37.79999923706055,38.209999084472656,37.540000915527344,37.7400016784668,37.55800247192383,1272000
2020-02-11,IR,37.79999923706055,38.209999084472656,37.540000915527344,37.7400016784668,37.55800247192383,1272000
2020-02-12,IR,38.0,38.880001068115234,37.959999084472656,38.47999954223633,38.29443359375,1770800
2020-02-12,IR,38.0,38.880001068115234,37.959999084472656,38.47999954223633,38.29443359375,1770800
2020-02-13,IR,38.27999877929688,38.56999969482422,37.459999084472656,37.54999923706055,37.36891174316406,1065200
2020-02-13,IR,38.27999877929688,38.56999969482422,37.459999084472656,37.54999923706055,37.36891174316406,1065200
2020-02-14,IR,37.650001525878906,37.709999084472656,36.7400016784668,36.83000183105469,36.65238952636719,2220300
2020-02-14,IR,37.650001525878906,37.709999084472656,36.7400016784668,36.83000183105469,36.65238952636719,2220300
2020-02-18,IR,36.470001220703125,37.91999816894531,36.150001525878906,37.54999923706055,37.36891174316406,3619600
2020-02-18,IR,36.470001220703125,37.91999816894531,36.150001525878906,37.54999923706055,37.36891174316406,3619600
2020-02-19,IR,37.70000076293945,38.209999084472656,37.209999084472656,37.65999984741211,37.47838973999024,1948400
2020-02-19,IR,37.70000076293945,38.209999084472656,37.209999084472656,37.65999984741211,37.47838973999024,1948400
2020-02-20,IR,37.45000076293945,38.68999862670898,37.369998931884766,38.650001525878906,38.46361923217773,1834100
2020-02-20,IR,37.45000076293945,38.68999862670898,37.369998931884766,38.650001525878906,38.46361923217773,1834100
2020-02-21,IR,38.380001068115234,38.959999084472656,38.27999877929688,38.61000061035156,38.42380905151367,2869900
2020-02-21,IR,38.380001068115234,38.959999084472656,38.27999877929688,38.61000061035156,38.42380905151367,2869900
2020-02-24,IR,37.27999877929688,37.41999816894531,36.560001373291016,36.560001373291016,36.38368988037109,2042300
2020-02-24,IR,37.27999877929688,37.41999816894531,36.560001373291016,36.560001373291016,36.38368988037109,2042300
2020-02-25,IR,36.83000183105469,36.88999938964844,35.400001525878906,35.72999954223633,35.55769729614258,3193200
2020-02-25,IR,36.83000183105469,36.88999938964844,35.400001525878906,35.72999954223633,35.55769729614258,3193200
2020-02-26,IR,36.06999969482422,36.29499816894531,35.45000076293945,35.75,35.57761001586914,2791500
2020-02-26,IR,36.06999969482422,36.29499816894531,35.45000076293945,35.75,35.57761001586914,2791500
2020-02-27,IR,34.599998474121094,35.61000061035156,33.59000015258789,33.61000061035156,33.44791793823242,3235300
2020-02-27,IR,34.599998474121094,35.61000061035156,33.59000015258789,33.61000061035156,33.44791793823242,3235300
2020-02-28,IR,32.91999816894531,33.59000015258789,31.049999237060547,32.790000915527344,32.63187026977539,9109500
2020-02-28,IR,32.91999816894531,33.59000015258789,31.049999237060547,32.790000915527344,32.63187026977539,9109500
2020-03-02,IR,33.060001373291016,34.75,32.58000183105469,32.79999923706055,32.64182662963867,38314900
2020-03-02,IR,33.060001373291016,34.75,32.58000183105469,32.79999923706055,32.64182662963867,38314900
2020-03-03,IR,32.599998474121094,32.900001525878906,30.670000076293945,31.700000762939453,31.54713249206543,18033500
2020-03-03,IR,32.599998474121094,32.900001525878906,30.670000076293945,31.700000762939453,31.54713249206543,18033500
2020-03-04,IR,31.81999969482422,32.0,29.790000915527344,30.950000762939453,30.800745010375977,25202700
2020-03-04,IR,31.81999969482422,32.0,29.790000915527344,30.950000762939453,30.800745010375977,25202700
2020-03-05,IR,29.90999984741211,30.13999938964844,26.780000686645508,26.82999992370605,26.700613021850582,15758700
2020-03-05,IR,29.90999984741211,30.13999938964844,26.780000686645508,26.82999992370605,26.700613021850582,15758700
2020-03-06,IR,25.350000381469727,28.790000915527344,24.68000030517578,27.790000915527344,27.655986785888672,17039700
2020-03-06,IR,25.350000381469727,28.790000915527344,24.68000030517578,27.790000915527344,27.655986785888672,17039700
2020-03-09,IR,25.549999237060547,26.15999984741211,22.8700008392334,23.32999992370605,23.217498779296875,11306200
2020-03-09,IR,25.549999237060547,26.15999984741211,22.8700008392334,23.32999992370605,23.217498779296875,11306200
2020-03-10,IR,24.25,24.51000022888184,21.86000061035156,23.86000061035156,23.74493789672852,10318500
2020-03-10,IR,24.25,24.51000022888184,21.86000061035156,23.86000061035156,23.74493789672852,10318500
2020-03-11,IR,23.18000030517578,24.13999938964844,22.459999084472656,23.489999771118164,23.37672233581543,10683700
2020-03-11,IR,23.18000030517578,24.13999938964844,22.459999084472656,23.489999771118164,23.37672233581543,10683700
2020-03-12,IR,20.96999931335449,22.82999992370605,19.88999938964844,21.34000015258789,21.23708724975586,10578900
2020-03-12,IR,20.96999931335449,22.82999992370605,19.88999938964844,21.34000015258789,21.23708724975586,10578900
2020-03-13,IR,22.440000534057617,23.559999465942383,20.20499992370605,23.0,22.889089584350582,8556200
2020-03-13,IR,22.440000534057617,23.559999465942383,20.20499992370605,23.0,22.889089584350582,8556200
2020-03-16,IR,20.34000015258789,22.040000915527344,19.690000534057617,21.25,21.14752197265625,6441600
2020-03-16,IR,20.34000015258789,22.040000915527344,19.690000534057617,21.25,21.14752197265625,6441600
2020-03-17,IR,21.5,22.61000061035156,20.75,21.540000915527344,21.436124801635746,7718300
2020-03-17,IR,21.5,22.61000061035156,20.75,21.540000915527344,21.436124801635746,7718300
2020-03-18,IR,19.82999992370605,20.40999984741211,17.010000228881836,19.21999931335449,19.127309799194336,8292600
2020-03-18,IR,19.82999992370605,20.40999984741211,17.010000228881836,19.21999931335449,19.127309799194336,8292600
2020-03-19,IR,18.90999984741211,22.350000381469727,18.81999969482422,20.01000022888184,19.91350746154785,5737500
2020-03-19,IR,18.90999984741211,22.350000381469727,18.81999969482422,20.01000022888184,19.91350746154785,5737500
2020-03-20,IR,20.21999931335449,21.38999938964844,19.3700008392334,19.61000061035156,19.51543426513672,5900000
2020-03-20,IR,20.21999931335449,21.38999938964844,19.3700008392334,19.61000061035156,19.51543426513672,5900000
2020-03-23,IR,19.489999771118164,20.209999084472656,18.280000686645508,19.5,19.40596008300781,6477500
2020-03-23,IR,19.489999771118164,20.209999084472656,18.280000686645508,19.5,19.40596008300781,6477500
2020-03-24,IR,20.59000015258789,22.56999969482422,19.790000915527344,22.40999984741211,22.30192756652832,4696900
2020-03-24,IR,20.59000015258789,22.56999969482422,19.790000915527344,22.40999984741211,22.30192756652832,4696900
2020-03-25,IR,22.700000762939453,25.229999542236328,21.520000457763672,23.280000686645508,23.1677360534668,5175600
2020-03-25,IR,22.700000762939453,25.229999542236328,21.520000457763672,23.280000686645508,23.1677360534668,5175600
2020-03-26,IR,22.59000015258789,24.1299991607666,22.530000686645508,23.40999984741211,23.297107696533203,5518500
2020-03-26,IR,22.59000015258789,24.1299991607666,22.530000686645508,23.40999984741211,23.297107696533203,5518500
2020-03-27,IR,22.3799991607666,23.059999465942383,21.690000534057617,22.6299991607666,22.5208683013916,4304400
2020-03-27,IR,22.3799991607666,23.059999465942383,21.690000534057617,22.6299991607666,22.5208683013916,4304400
2020-03-30,IR,22.739999771118164,23.93000030517578,22.18000030517578,23.75,23.635467529296875,3760200
2020-03-30,IR,22.739999771118164,23.93000030517578,22.18000030517578,23.75,23.635467529296875,3760200
2020-03-31,IR,23.530000686645508,25.13999938964844,23.530000686645508,24.799999237060547,24.68039894104004,6458500
2020-03-31,IR,23.530000686645508,25.13999938964844,23.530000686645508,24.799999237060547,24.68039894104004,6458500
2020-04-01,IR,23.940000534057617,25.100000381469727,23.600000381469727,23.790000915527344,23.675275802612305,7902900
2020-04-01,IR,23.940000534057617,25.100000381469727,23.600000381469727,23.790000915527344,23.675275802612305,7902900
2020-04-02,IR,23.530000686645508,24.690000534057617,22.59000015258789,23.040000915527344,22.92889404296875,6383200
2020-04-02,IR,23.530000686645508,24.690000534057617,22.59000015258789,23.040000915527344,22.92889404296875,6383200
2020-04-03,IR,23.049999237060547,23.88999938964844,22.56999969482422,23.489999771118164,23.37672233581543,3826800
2020-04-03,IR,23.049999237060547,23.88999938964844,22.56999969482422,23.489999771118164,23.37672233581543,3826800
2020-04-06,IR,24.649999618530277,26.040000915527344,24.549999237060547,25.43000030517578,25.3073673248291,5045100
2020-04-06,IR,24.649999618530277,26.040000915527344,24.549999237060547,25.43000030517578,25.3073673248291,5045100
2020-04-07,IR,26.459999084472656,26.81999969482422,24.63500022888184,24.81999969482422,24.7003116607666,4253100
2020-04-07,IR,26.459999084472656,26.81999969482422,24.63500022888184,24.81999969482422,24.7003116607666,4253100
2020-04-08,IR,24.899999618530277,25.850000381469727,24.424999237060547,25.700000762939453,25.57606506347656,3268900
2020-04-08,IR,24.899999618530277,25.850000381469727,24.424999237060547,25.700000762939453,25.57606506347656,3268900
2020-04-09,IR,26.149999618530277,27.51000022888184,25.8700008392334,26.5,26.372209548950195,3299800
2020-04-09,IR,26.149999618530277,27.51000022888184,25.8700008392334,26.5,26.372209548950195,3299800
2020-04-13,IR,26.479999542236328,26.940000534057617,25.6299991607666,26.21999931335449,26.093549728393555,3164100
2020-04-13,IR,26.479999542236328,26.940000534057617,25.6299991607666,26.21999931335449,26.093549728393555,3164100
2020-04-14,IR,26.8799991607666,27.459999084472656,26.100000381469727,26.350000381469727,26.22292900085449,2551400
2020-04-14,IR,26.8799991607666,27.459999084472656,26.100000381469727,26.350000381469727,26.22292900085449,2551400
2020-04-15,IR,25.520000457763672,25.56999969482422,24.149999618530277,24.36000061035156,24.24252700805664,2597100
2020-04-15,IR,25.520000457763672,25.56999969482422,24.149999618530277,24.36000061035156,24.24252700805664,2597100
2020-04-16,IR,24.190000534057617,24.780000686645508,23.209999084472656,24.600000381469727,24.481365203857425,3761900
2020-04-16,IR,24.190000534057617,24.780000686645508,23.209999084472656,24.600000381469727,24.481365203857425,3761900
2020-04-17,IR,25.40999984741211,26.989999771118164,25.309999465942383,26.809999465942383,26.680713653564453,3811400
2020-04-17,IR,25.40999984741211,26.989999771118164,25.309999465942383,26.809999465942383,26.680713653564453,3811400
2020-04-20,IR,26.25,27.121999740600582,25.6299991607666,26.43000030517578,26.30254554748535,4002900
2020-04-20,IR,26.25,27.121999740600582,25.6299991607666,26.43000030517578,26.30254554748535,4002900
2020-04-21,IR,25.700000762939453,26.540000915527344,25.600000381469727,26.3799991607666,26.252782821655277,3174100
2020-04-21,IR,25.700000762939453,26.540000915527344,25.600000381469727,26.3799991607666,26.252782821655277,3174100
2020-04-22,IR,26.809999465942383,27.100000381469727,25.950000762939453,26.81999969482422,26.69066047668457,2641900
2020-04-22,IR,26.809999465942383,27.100000381469727,25.950000762939453,26.81999969482422,26.69066047668457,2641900
2020-04-23,IR,27.0,28.09000015258789,26.82999992370605,27.36000061035156,27.22805976867676,2991100
2020-04-23,IR,27.0,28.09000015258789,26.82999992370605,27.36000061035156,27.22805976867676,2991100
2020-04-24,IR,27.6299991607666,28.100000381469727,27.239999771118164,27.81999969482422,27.685840606689453,3126100
2020-04-24,IR,27.6299991607666,28.100000381469727,27.239999771118164,27.81999969482422,27.685840606689453,3126100
2020-04-27,IR,28.07999992370605,29.43000030517578,27.86000061035156,28.770000457763672,28.63125991821289,3505500
2020-04-27,IR,28.07999992370605,29.43000030517578,27.86000061035156,28.770000457763672,28.63125991821289,3505500
2020-04-28,IR,29.38999938964844,30.0,28.729999542236328,29.270000457763672,29.128847122192383,2800800
2020-04-28,IR,29.38999938964844,30.0,28.729999542236328,29.270000457763672,29.128847122192383,2800800
2020-04-29,IR,30.0,30.479999542236328,29.71500015258789,30.31999969482422,30.17378234863281,2132600
2020-04-29,IR,30.0,30.479999542236328,29.71500015258789,30.31999969482422,30.17378234863281,2132600
2020-04-30,IR,29.90999984741211,29.950000762939453,28.8700008392334,29.07999992370605,28.93976402282715,2507200
2020-04-30,IR,29.90999984741211,29.950000762939453,28.8700008392334,29.07999992370605,28.93976402282715,2507200
2020-05-01,IR,28.649999618530277,28.7549991607666,27.61000061035156,28.1299991607666,27.994340896606445,1507800
2020-05-01,IR,28.649999618530277,28.7549991607666,27.61000061035156,28.1299991607666,27.994340896606445,1507800
2020-05-04,IR,27.75,27.76000022888184,26.780000686645508,27.3700008392334,27.238012313842773,1763500
2020-05-04,IR,27.75,27.76000022888184,26.780000686645508,27.3700008392334,27.238012313842773,1763500
2020-05-05,IR,27.51000022888184,28.3799991607666,27.51000022888184,27.59000015258789,27.45694923400879,2074000
2020-05-05,IR,27.51000022888184,28.3799991607666,27.51000022888184,27.59000015258789,27.45694923400879,2074000
2020-05-06,IR,27.739999771118164,27.790000915527344,27.09000015258789,27.280000686645508,27.1484432220459,1515600
2020-05-06,IR,27.739999771118164,27.790000915527344,27.09000015258789,27.280000686645508,27.1484432220459,1515600
2020-05-07,IR,27.739999771118164,28.26499938964844,27.57999992370605,27.68000030517578,27.54651641845703,1705700
2020-05-07,IR,27.739999771118164,28.26499938964844,27.57999992370605,27.68000030517578,27.54651641845703,1705700
2020-05-08,IR,28.209999084472656,29.194000244140625,27.950000762939453,29.170000076293945,29.02933120727539,1869500
2020-05-08,IR,28.209999084472656,29.194000244140625,27.950000762939453,29.170000076293945,29.02933120727539,1869500
2020-05-11,IR,28.88999938964844,29.32999992370605,28.149999618530277,29.09000015258789,28.949716567993164,2878100
2020-05-11,IR,28.88999938964844,29.32999992370605,28.149999618530277,29.09000015258789,28.949716567993164,2878100
2020-05-12,IR,27.51000022888184,29.399999618530277,27.399999618530277,27.459999084472656,27.32757377624512,5602100
2020-05-12,IR,27.51000022888184,29.399999618530277,27.399999618530277,27.459999084472656,27.32757377624512,5602100
2020-05-13,IR,27.030000686645508,27.059999465942383,25.368000030517575,25.920000076293945,25.79500389099121,4952200
2020-05-13,IR,27.030000686645508,27.059999465942383,25.368000030517575,25.920000076293945,25.79500389099121,4952200
2020-05-14,IR,25.420000076293945,27.13999938964844,24.809999465942383,26.709999084472656,26.581193923950195,3223900
2020-05-14,IR,25.420000076293945,27.13999938964844,24.809999465942383,26.709999084472656,26.581193923950195,3223900
2020-05-15,IR,26.440000534057617,26.8799991607666,26.21999931335449,26.420000076293945,26.29258728027344,3029200
2020-05-15,IR,26.440000534057617,26.8799991607666,26.21999931335449,26.420000076293945,26.29258728027344,3029200
2020-05-18,IR,27.309999465942383,28.959999084472656,27.309999465942383,28.700000762939453,28.56159782409668,2445800
2020-05-18,IR,27.309999465942383,28.959999084472656,27.309999465942383,28.700000762939453,28.56159782409668,2445800
2020-05-19,IR,28.520000457763672,29.1200008392334,28.07999992370605,28.479999542236328,28.342662811279297,4322000
2020-05-19,IR,28.520000457763672,29.1200008392334,28.07999992370605,28.479999542236328,28.342662811279297,4322000
2020-05-20,IR,28.8700008392334,29.65999984741211,28.684999465942383,29.020000457763672,28.880054473876957,2766600
2020-05-20,IR,28.8700008392334,29.65999984741211,28.684999465942383,29.020000457763672,28.880054473876957,2766600
2020-05-21,IR,28.950000762939453,29.40999984741211,28.649999618530277,29.40999984741211,29.26817321777344,2218200
2020-05-21,IR,28.950000762939453,29.40999984741211,28.649999618530277,29.40999984741211,29.26817321777344,2218200
2020-05-22,IR,29.459999084472656,29.459999084472656,28.43000030517578,28.540000915527344,28.40237045288086,2312000
2020-05-22,IR,29.459999084472656,29.459999084472656,28.43000030517578,28.540000915527344,28.40237045288086,2312000
2020-05-26,IR,29.5,30.850000381469727,29.290000915527344,30.40999984741211,30.26334953308105,3931800
2020-05-26,IR,29.5,30.850000381469727,29.290000915527344,30.40999984741211,30.26334953308105,3931800
2020-05-27,IR,31.01000022888184,31.690000534057617,29.899999618530277,30.0,29.85532760620117,3437200
2020-05-27,IR,31.01000022888184,31.690000534057617,29.899999618530277,30.0,29.85532760620117,3437200
2020-05-28,IR,28.0,29.3700008392334,27.93000030517578,28.75,28.61135673522949,6700100
2020-05-28,IR,28.0,29.3700008392334,27.93000030517578,28.75,28.61135673522949,6700100
2020-05-29,IR,28.559999465942383,28.68000030517578,27.75,28.200000762939453,28.06400680541992,5718600
2020-05-29,IR,28.559999465942383,28.68000030517578,27.75,28.200000762939453,28.06400680541992,5718600
2020-06-01,IR,28.190000534057617,28.88500022888184,27.71500015258789,28.76000022888184,28.621309280395508,2916700
2020-06-01,IR,28.190000534057617,28.88500022888184,27.71500015258789,28.76000022888184,28.621309280395508,2916700
2020-06-02,IR,29.040000915527344,29.350000381469727,28.59000015258789,28.850000381469727,28.710872650146484,2427800
2020-06-02,IR,29.040000915527344,29.350000381469727,28.59000015258789,28.850000381469727,28.710872650146484,2427800
2020-06-03,IR,29.32999992370605,30.86000061035156,29.1200008392334,30.790000915527344,30.64151763916016,3020200
2020-06-03,IR,29.32999992370605,30.86000061035156,29.1200008392334,30.790000915527344,30.64151763916016,3020200
2020-06-04,IR,30.6299991607666,31.280000686645508,30.43000030517578,30.68000030517578,30.53204917907715,3246100
2020-06-04,IR,30.6299991607666,31.280000686645508,30.43000030517578,30.68000030517578,30.53204917907715,3246100
2020-06-05,IR,32.08000183105469,33.970001220703125,32.0,33.2400016784668,33.079708099365234,6281700
2020-06-05,IR,32.08000183105469,33.970001220703125,32.0,33.2400016784668,33.079708099365234,6281700
2020-06-08,IR,34.849998474121094,35.099998474121094,33.41999816894531,35.029998779296875,34.86106872558594,6190800
2020-06-08,IR,34.849998474121094,35.099998474121094,33.41999816894531,35.029998779296875,34.86106872558594,6190800
2020-06-09,IR,34.310001373291016,34.4900016784668,33.0099983215332,33.09000015258789,32.930419921875,3333300
2020-06-09,IR,34.310001373291016,34.4900016784668,33.0099983215332,33.09000015258789,32.930419921875,3333300
2020-06-10,IR,32.93000030517578,33.275001525878906,32.560001373291016,32.779998779296875,32.62192153930664,3277800
2020-06-10,IR,32.93000030517578,33.275001525878906,32.560001373291016,32.779998779296875,32.62192153930664,3277800
2020-06-11,IR,31.26000022888184,31.530000686645508,30.65999984741211,30.75,30.601709365844727,5547600
2020-06-11,IR,31.26000022888184,31.530000686645508,30.65999984741211,30.75,30.601709365844727,5547600
2020-06-12,IR,31.96999931335449,32.15999984741211,30.520000457763672,31.21999931335449,31.06944274902344,3081900
2020-06-12,IR,31.96999931335449,32.15999984741211,30.520000457763672,31.21999931335449,31.06944274902344,3081900
2020-06-15,IR,30.040000915527344,31.21999931335449,29.59000015258789,31.020000457763672,30.87040901184082,4265500
2020-06-15,IR,30.040000915527344,31.21999931335449,29.59000015258789,31.020000457763672,30.87040901184082,4265500
2020-06-16,IR,32.63999938964844,33.06999969482422,31.1200008392334,31.3700008392334,31.21871757507324,4575600
2020-06-16,IR,32.63999938964844,33.06999969482422,31.1200008392334,31.3700008392334,31.21871757507324,4575600
2020-06-17,IR,30.5,30.959999084472656,29.479999542236328,29.549999237060547,29.40749931335449,11689000
2020-06-17,IR,30.5,30.959999084472656,29.479999542236328,29.549999237060547,29.40749931335449,11689000
2020-06-18,IR,29.40999984741211,30.26000022888184,29.31999969482422,29.3799991607666,29.23831558227539,5166200
2020-06-18,IR,29.40999984741211,30.26000022888184,29.31999969482422,29.3799991607666,29.23831558227539,5166200
2020-06-19,IR,29.82999992370605,29.850000381469727,28.790000915527344,28.809999465942383,28.671066284179688,6945900
2020-06-19,IR,29.82999992370605,29.850000381469727,28.790000915527344,28.809999465942383,28.671066284179688,6945900
2020-06-22,IR,28.61000061035156,29.450000762939453,28.43000030517578,29.170000076293945,29.02933120727539,4126000
2020-06-22,IR,28.61000061035156,29.450000762939453,28.43000030517578,29.170000076293945,29.02933120727539,4126000
2020-06-23,IR,29.51000022888184,29.63999938964844,28.86000061035156,28.979999542236328,28.840246200561523,4871200
2020-06-23,IR,29.51000022888184,29.63999938964844,28.86000061035156,28.979999542236328,28.840246200561523,4871200
2020-06-24,IR,28.690000534057617,28.690000534057617,26.71999931335449,27.5,27.36738395690918,10711200
2020-06-24,IR,28.690000534057617,28.690000534057617,26.71999931335449,27.5,27.36738395690918,10711200
2020-06-25,IR,27.36000061035156,27.68000030517578,26.809999465942383,27.56999969482422,27.437047958374023,6608200
2020-06-25,IR,27.36000061035156,27.68000030517578,26.809999465942383,27.56999969482422,27.437047958374023,6608200
2020-06-26,IR,27.51000022888184,27.770000457763672,27.07999992370605,27.229999542236328,27.09868621826172,9657300
2020-06-26,IR,27.51000022888184,27.770000457763672,27.07999992370605,27.229999542236328,27.09868621826172,9657300
2020-06-29,IR,27.489999771118164,28.299999237060547,27.270000457763672,28.11000061035156,27.974445343017575,3721700
2020-06-29,IR,27.489999771118164,28.299999237060547,27.270000457763672,28.11000061035156,27.974445343017575,3721700
2020-06-30,IR,27.90999984741211,28.3700008392334,27.549999237060547,28.1200008392334,27.98439598083496,3384400
2020-06-30,IR,27.90999984741211,28.3700008392334,27.549999237060547,28.1200008392334,27.98439598083496,3384400
2020-07-01,IR,28.18000030517578,28.649999618530277,27.90999984741211,28.040000915527344,27.9047794342041,3287100
2020-07-01,IR,28.18000030517578,28.649999618530277,27.90999984741211,28.040000915527344,27.9047794342041,3287100
2020-07-02,IR,28.61000061035156,29.21999931335449,28.350000381469727,28.459999084472656,28.32275390625,3861400
2020-07-02,IR,28.61000061035156,29.21999931335449,28.350000381469727,28.459999084472656,28.32275390625,3861400
2020-07-06,IR,28.920000076293945,29.399999618530277,28.614999771118164,29.309999465942383,29.168657302856445,2797600
2020-07-06,IR,28.920000076293945,29.399999618530277,28.614999771118164,29.309999465942383,29.168657302856445,2797600
2020-07-07,IR,29.11000061035156,29.13999938964844,28.06999969482422,28.100000381469727,27.96449279785156,2380700
2020-07-07,IR,29.11000061035156,29.13999938964844,28.06999969482422,28.100000381469727,27.96449279785156,2380700
2020-07-08,IR,28.07999992370605,28.40999984741211,27.71999931335449,28.1200008392334,27.98439598083496,2630400
2020-07-08,IR,28.07999992370605,28.40999984741211,27.71999931335449,28.1200008392334,27.98439598083496,2630400
2020-07-09,IR,28.0,28.11000061035156,27.15999984741211,27.86000061035156,27.72565078735352,2904900
2020-07-09,IR,28.0,28.11000061035156,27.15999984741211,27.86000061035156,27.72565078735352,2904900
2020-07-10,IR,27.81999969482422,28.40999984741211,27.780000686645508,28.309999465942383,28.17347717285156,3594500
2020-07-10,IR,27.81999969482422,28.40999984741211,27.780000686645508,28.309999465942383,28.17347717285156,3594500
2020-07-13,IR,28.549999237060547,29.309999465942383,28.399999618530277,28.6299991607666,28.49193382263184,3655000
2020-07-13,IR,28.549999237060547,29.309999465942383,28.399999618530277,28.6299991607666,28.49193382263184,3655000
2020-07-14,IR,28.68000030517578,29.76000022888184,28.43000030517578,29.729999542236328,29.58662796020508,3045400
2020-07-14,IR,28.68000030517578,29.76000022888184,28.43000030517578,29.729999542236328,29.58662796020508,3045400
2020-07-15,IR,30.170000076293945,31.049999237060547,30.170000076293945,30.959999084472656,30.81069564819336,3462000
2020-07-15,IR,30.170000076293945,31.049999237060547,30.170000076293945,30.959999084472656,30.81069564819336,3462000
2020-07-16,IR,30.88999938964844,31.31999969482422,30.450000762939453,30.68000030517578,30.53204917907715,2676800
2020-07-16,IR,30.88999938964844,31.31999969482422,30.450000762939453,30.68000030517578,30.53204917907715,2676800
2020-07-17,IR,30.809999465942383,31.13999938964844,30.40999984741211,30.649999618530277,30.502195358276367,2905600
2020-07-17,IR,30.809999465942383,31.13999938964844,30.40999984741211,30.649999618530277,30.502195358276367,2905600
2020-07-20,IR,30.61000061035156,31.3799991607666,30.40999984741211,31.299999237060547,31.149059295654297,3138600
2020-07-20,IR,30.61000061035156,31.3799991607666,30.40999984741211,31.299999237060547,31.149059295654297,3138600
2020-07-21,IR,31.5,32.0,31.399999618530277,31.649999618530277,31.49736976623535,3143700
2020-07-21,IR,31.5,32.0,31.399999618530277,31.649999618530277,31.49736976623535,3143700
2020-07-22,IR,31.71999931335449,32.150001525878906,31.51000022888184,31.899999618530277,31.746166229248047,2453500
2020-07-22,IR,31.71999931335449,32.150001525878906,31.51000022888184,31.899999618530277,31.746166229248047,2453500
2020-07-23,IR,31.799999237060547,32.11000061035156,31.40999984741211,31.6299991607666,31.477466583251957,2109800
2020-07-23,IR,31.799999237060547,32.11000061035156,31.40999984741211,31.6299991607666,31.477466583251957,2109800
2020-07-24,IR,31.68000030517578,31.790000915527344,31.280000686645508,31.600000381469727,31.447614669799805,2427600
2020-07-24,IR,31.68000030517578,31.790000915527344,31.280000686645508,31.600000381469727,31.447614669799805,2427600
2020-07-27,IR,31.780000686645508,31.95499992370605,31.420000076293945,31.81999969482422,31.666553497314453,1862200
2020-07-27,IR,31.780000686645508,31.95499992370605,31.420000076293945,31.81999969482422,31.666553497314453,1862200
2020-07-28,IR,31.8700008392334,31.96999931335449,31.18000030517578,31.350000381469727,31.19882202148437,3074800
2020-07-28,IR,31.8700008392334,31.96999931335449,31.18000030517578,31.350000381469727,31.19882202148437,3074800
2020-07-29,IR,31.6299991607666,32.15999984741211,31.399999618530277,32.15999984741211,32.004913330078125,1957800
2020-07-29,IR,31.6299991607666,32.15999984741211,31.399999618530277,32.15999984741211,32.004913330078125,1957800
2020-07-30,IR,31.670000076293945,31.90999984741211,31.239999771118164,31.809999465942383,31.65659713745117,1930000
2020-07-30,IR,31.670000076293945,31.90999984741211,31.239999771118164,31.809999465942383,31.65659713745117,1930000
2020-07-31,IR,31.65999984741211,32.08000183105469,31.01000022888184,31.59000015258789,31.43766212463379,2658200
2020-07-31,IR,31.65999984741211,32.08000183105469,31.01000022888184,31.59000015258789,31.43766212463379,2658200
2020-08-03,IR,31.84000015258789,32.65999984741211,31.649999618530277,32.630001068115234,32.47264099121094,2969600
2020-08-03,IR,31.84000015258789,32.65999984741211,31.649999618530277,32.630001068115234,32.47264099121094,2969600
2020-08-04,IR,32.939998626708984,33.5099983215332,32.09000015258789,32.650001525878906,32.49254608154297,5173500
2020-08-04,IR,32.939998626708984,33.5099983215332,32.09000015258789,32.650001525878906,32.49254608154297,5173500
2020-08-05,IR,32.939998626708984,33.599998474121094,32.78499984741211,32.900001525878906,32.7413444519043,2362900
2020-08-05,IR,32.939998626708984,33.599998474121094,32.78499984741211,32.900001525878906,32.7413444519043,2362900
2020-08-06,IR,32.84000015258789,33.185001373291016,32.540000915527344,33.040000915527344,32.880672454833984,1847800
2020-08-06,IR,32.84000015258789,33.185001373291016,32.540000915527344,33.040000915527344,32.880672454833984,1847800
2020-08-07,IR,32.939998626708984,33.91999816894531,32.7599983215332,33.900001525878906,33.73652648925781,2916200
2020-08-07,IR,32.939998626708984,33.91999816894531,32.7599983215332,33.900001525878906,33.73652648925781,2916200
2020-08-10,IR,33.959999084472656,35.040000915527344,33.810001373291016,35.029998779296875,34.86106872558594,3477500
2020-08-10,IR,33.959999084472656,35.040000915527344,33.810001373291016,35.029998779296875,34.86106872558594,3477500
2020-08-11,IR,35.36000061035156,36.24300003051758,35.36000061035156,35.86000061035156,35.687068939208984,3626000
2020-08-11,IR,35.36000061035156,36.24300003051758,35.36000061035156,35.86000061035156,35.687068939208984,3626000
2020-08-12,IR,36.06999969482422,36.18999862670898,35.380001068115234,35.61000061035156,35.43827819824219,1977300
2020-08-12,IR,36.06999969482422,36.18999862670898,35.380001068115234,35.61000061035156,35.43827819824219,1977300
2020-08-13,IR,35.369998931884766,35.459999084472656,35.04499816894531,35.119998931884766,34.95063018798828,1710000
2020-08-13,IR,35.369998931884766,35.459999084472656,35.04499816894531,35.119998931884766,34.95063018798828,1710000
2020-08-14,IR,34.849998474121094,35.599998474121094,34.52000045776367,35.400001525878906,35.22929000854492,1572700
2020-08-14,IR,34.849998474121094,35.599998474121094,34.52000045776367,35.400001525878906,35.22929000854492,1572700
2020-08-17,IR,35.45000076293945,35.540000915527344,34.68000030517578,34.810001373291016,34.64213180541992,1595500
2020-08-17,IR,35.45000076293945,35.540000915527344,34.68000030517578,34.810001373291016,34.64213180541992,1595500
2020-08-18,IR,34.72999954223633,35.0099983215332,34.599998474121094,34.619998931884766,34.45304107666016,1917900
2020-08-18,IR,34.72999954223633,35.0099983215332,34.599998474121094,34.619998931884766,34.45304107666016,1917900
2020-08-19,IR,34.68000030517578,34.97999954223633,34.29999923706055,34.43000030517578,34.263973236083984,1363000
2020-08-19,IR,34.68000030517578,34.97999954223633,34.29999923706055,34.43000030517578,34.263973236083984,1363000
2020-08-20,IR,34.0,34.70000076293945,33.83000183105469,34.630001068115234,34.46299743652344,1647600
2020-08-20,IR,34.0,34.70000076293945,33.83000183105469,34.630001068115234,34.46299743652344,1647600
2020-08-21,IR,34.599998474121094,34.91999816894531,34.43000030517578,34.709999084472656,34.54261016845703,1364700
2020-08-21,IR,34.599998474121094,34.91999816894531,34.43000030517578,34.709999084472656,34.54261016845703,1364700
2020-08-24,IR,34.939998626708984,35.45000076293945,34.709999084472656,35.439998626708984,35.26909255981445,1304500
2020-08-24,IR,34.939998626708984,35.45000076293945,34.709999084472656,35.439998626708984,35.26909255981445,1304500
2020-08-25,IR,35.560001373291016,35.63999938964844,34.939998626708984,35.2400016784668,35.070064544677734,1303300
2020-08-25,IR,35.560001373291016,35.63999938964844,34.939998626708984,35.2400016784668,35.070064544677734,1303300
2020-08-26,IR,35.16999816894531,35.38999938964844,34.88999938964844,35.15999984741211,34.990455627441406,1202800
2020-08-26,IR,35.16999816894531,35.38999938964844,34.88999938964844,35.15999984741211,34.990455627441406,1202800
2020-08-27,IR,35.38999938964844,35.505001068115234,35.08000183105469,35.290000915527344,35.119815826416016,1421600
2020-08-27,IR,35.38999938964844,35.505001068115234,35.08000183105469,35.290000915527344,35.119815826416016,1421600
2020-08-28,IR,35.38999938964844,35.84000015258789,35.20500183105469,35.7599983215332,35.58755111694336,2421100
2020-08-28,IR,35.38999938964844,35.84000015258789,35.20500183105469,35.7599983215332,35.58755111694336,2421100
2020-08-31,IR,35.84000015258789,35.84000015258789,35.060001373291016,35.060001373291016,34.890926361083984,1779900
2020-08-31,IR,35.84000015258789,35.84000015258789,35.060001373291016,35.060001373291016,34.890926361083984,1779900
2020-09-01,IR,34.91999816894531,36.22999954223633,34.599998474121094,36.209999084472656,36.03538131713867,1895400
2020-09-01,IR,34.91999816894531,36.22999954223633,34.599998474121094,36.209999084472656,36.03538131713867,1895400
2020-09-02,IR,36.2599983215332,36.35499954223633,35.68000030517578,36.09999847412109,35.925907135009766,2314700
2020-09-02,IR,36.2599983215332,36.35499954223633,35.68000030517578,36.09999847412109,35.925907135009766,2314700
2020-09-03,IR,36.09999847412109,36.34000015258789,35.029998779296875,35.38999938964844,35.219329833984375,2030600
2020-09-03,IR,36.09999847412109,36.34000015258789,35.029998779296875,35.38999938964844,35.219329833984375,2030600
2020-09-04,IR,35.88999938964844,36.20000076293945,35.189998626708984,35.310001373291016,35.13971328735352,2199100
2020-09-04,IR,35.88999938964844,36.20000076293945,35.189998626708984,35.310001373291016,35.13971328735352,2199100
2020-09-08,IR,35.06999969482422,35.11000061035156,34.04999923706055,34.470001220703125,34.30377197265625,3055700
2020-09-08,IR,35.06999969482422,35.11000061035156,34.04999923706055,34.470001220703125,34.30377197265625,3055700
2020-09-09,IR,34.86000061035156,35.66999816894531,34.65999984741211,35.41999816894531,35.24918746948242,2028000
2020-09-09,IR,34.86000061035156,35.66999816894531,34.65999984741211,35.41999816894531,35.24918746948242,2028000
2020-09-10,IR,35.41999816894531,35.762001037597656,34.959999084472656,35.029998779296875,34.86106872558594,2172200
2020-09-10,IR,35.41999816894531,35.762001037597656,34.959999084472656,35.029998779296875,34.86106872558594,2172200
2020-09-11,IR,35.22999954223633,36.10499954223633,35.029998779296875,35.97999954223633,35.80649185180664,2233100
2020-09-11,IR,35.22999954223633,36.10499954223633,35.029998779296875,35.97999954223633,35.80649185180664,2233100
2020-09-14,IR,36.0099983215332,36.38999938964844,35.81999969482422,36.31999969482422,36.14485168457031,1947400
2020-09-14,IR,36.0099983215332,36.38999938964844,35.81999969482422,36.31999969482422,36.14485168457031,1947400
2020-09-15,IR,36.369998931884766,36.59999847412109,35.9900016784668,36.33000183105469,36.1547966003418,1992800
2020-09-15,IR,36.369998931884766,36.59999847412109,35.9900016784668,36.33000183105469,36.1547966003418,1992800
2020-09-16,IR,36.560001373291016,37.38999938964844,36.459999084472656,36.93000030517578,36.75190734863281,2970600
2020-09-16,IR,36.560001373291016,37.38999938964844,36.459999084472656,36.93000030517578,36.75190734863281,2970600
2020-09-17,IR,36.5,37.630001068115234,36.09999847412109,37.18999862670898,37.010650634765625,3151600
2020-09-17,IR,36.5,37.630001068115234,36.09999847412109,37.18999862670898,37.010650634765625,3151600
2020-09-18,IR,37.060001373291016,37.34000015258789,35.81999969482422,35.900001525878906,35.72687530517578,8420100
2020-09-18,IR,37.060001373291016,37.34000015258789,35.81999969482422,35.900001525878906,35.72687530517578,8420100
2020-09-21,IR,35.13999938964844,35.439998626708984,34.02000045776367,34.65999984741211,34.49285888671875,2536000
2020-09-21,IR,35.13999938964844,35.439998626708984,34.02000045776367,34.65999984741211,34.49285888671875,2536000
2020-09-22,IR,34.529998779296875,35.20500183105469,34.47999954223633,35.099998474121094,34.93072891235352,2757000
2020-09-22,IR,34.529998779296875,35.20500183105469,34.47999954223633,35.099998474121094,34.93072891235352,2757000
2020-09-23,IR,35.22999954223633,35.7869987487793,35.0099983215332,35.029998779296875,34.86106872558594,2097200
2020-09-23,IR,35.22999954223633,35.7869987487793,35.0099983215332,35.029998779296875,34.86106872558594,2097200
2020-09-24,IR,35.189998626708984,35.970001220703125,34.20000076293945,35.369998931884766,35.199424743652344,2025200
2020-09-24,IR,35.189998626708984,35.970001220703125,34.20000076293945,35.369998931884766,35.199424743652344,2025200
2020-09-25,IR,35.040000915527344,35.6150016784668,34.84000015258789,35.369998931884766,35.199424743652344,1787200
2020-09-25,IR,35.040000915527344,35.6150016784668,34.84000015258789,35.369998931884766,35.199424743652344,1787200
2020-09-28,IR,36.02999877929688,36.77000045776367,35.880001068115234,36.04999923706055,35.87614440917969,2406100
2020-09-28,IR,36.02999877929688,36.77000045776367,35.880001068115234,36.04999923706055,35.87614440917969,2406100
2020-09-29,IR,36.18000030517578,36.54999923706055,35.66999816894531,35.869998931884766,35.697017669677734,1470000
2020-09-29,IR,36.18000030517578,36.54999923706055,35.66999816894531,35.869998931884766,35.697017669677734,1470000
2020-09-30,IR,35.90999984741211,36.42499923706055,35.209999084472656,35.599998474121094,35.42831802368164,2069400
2020-09-30,IR,35.90999984741211,36.42499923706055,35.209999084472656,35.599998474121094,35.42831802368164,2069400
2020-10-01,IR,35.88999938964844,36.09000015258789,35.130001068115234,35.56999969482422,35.398475646972656,1420800
2020-10-01,IR,35.88999938964844,36.09000015258789,35.130001068115234,35.56999969482422,35.398475646972656,1420800
2020-10-02,IR,34.9900016784668,36.58000183105469,34.86000061035156,36.08000183105469,35.906009674072266,1920700
2020-10-02,IR,34.9900016784668,36.58000183105469,34.86000061035156,36.08000183105469,35.906009674072266,1920700
2020-10-05,IR,36.59000015258789,37.11000061035156,36.45000076293945,36.90999984741211,36.73201370239258,2247500
2020-10-05,IR,36.59000015258789,37.11000061035156,36.45000076293945,36.90999984741211,36.73201370239258,2247500
2020-10-06,IR,37.0099983215332,37.43000030517578,36.380001068115234,36.45000076293945,36.27421951293945,2281000
2020-10-06,IR,37.0099983215332,37.43000030517578,36.380001068115234,36.45000076293945,36.27421951293945,2281000
2020-10-07,IR,36.91999816894531,37.150001525878906,36.43999862670898,36.65999984741211,36.48321533203125,4214800
2020-10-07,IR,36.91999816894531,37.150001525878906,36.43999862670898,36.65999984741211,36.48321533203125,4214800
2020-10-08,IR,36.900001525878906,37.310001373291016,36.4900016784668,37.22999954223633,37.05046081542969,2165800
2020-10-08,IR,36.900001525878906,37.310001373291016,36.4900016784668,37.22999954223633,37.05046081542969,2165800
2020-10-09,IR,37.58000183105469,37.77999877929688,37.09999847412109,37.130001068115234,36.95094680786133,1914900
2020-10-09,IR,37.58000183105469,37.77999877929688,37.09999847412109,37.130001068115234,36.95094680786133,1914900
2020-10-12,IR,37.29999923706055,37.40999984741211,36.90499877929688,37.209999084472656,37.03055953979492,2034800
2020-10-12,IR,37.29999923706055,37.40999984741211,36.90499877929688,37.209999084472656,37.03055953979492,2034800
2020-10-13,IR,37.09000015258789,37.63999938964844,37.060001373291016,37.52999877929688,37.34900665283203,2597600
2020-10-13,IR,37.09000015258789,37.63999938964844,37.060001373291016,37.52999877929688,37.34900665283203,2597600
2020-10-14,IR,37.56999969482422,38.09999847412109,37.29999923706055,37.369998931884766,37.189788818359375,2631900
2020-10-14,IR,37.56999969482422,38.09999847412109,37.29999923706055,37.369998931884766,37.189788818359375,2631900
2020-10-15,IR,36.560001373291016,37.150001525878906,36.310001373291016,37.06999969482422,36.8912353515625,2636400
2020-10-15,IR,36.560001373291016,37.150001525878906,36.310001373291016,37.06999969482422,36.8912353515625,2636400
2020-10-16,IR,37.459999084472656,37.97999954223633,37.20500183105469,37.220001220703125,37.04050827026367,1611800
2020-10-16,IR,37.459999084472656,37.97999954223633,37.20500183105469,37.220001220703125,37.04050827026367,1611800
2020-10-19,IR,37.15999984741211,37.459999084472656,36.52000045776367,36.59999847412109,36.42350006103516,2084100
2020-10-19,IR,37.15999984741211,37.459999084472656,36.52000045776367,36.59999847412109,36.42350006103516,2084100
2020-10-20,IR,36.93999862670898,37.79399871826172,36.935001373291016,37.2400016784668,37.06040954589844,1932800
2020-10-20,IR,36.93999862670898,37.79399871826172,36.935001373291016,37.2400016784668,37.06040954589844,1932800
2020-10-21,IR,37.27999877929688,37.90999984741211,37.244998931884766,37.2599983215332,37.08031845092773,1648900
2020-10-21,IR,37.27999877929688,37.90999984741211,37.244998931884766,37.2599983215332,37.08031845092773,1648900
2020-10-22,IR,37.16999816894531,38.04499816894531,37.06999969482422,37.93000030517578,37.7470817565918,1392500
2020-10-22,IR,37.16999816894531,38.04499816894531,37.06999969482422,37.93000030517578,37.7470817565918,1392500
2020-10-23,IR,38.18000030517578,38.380001068115234,37.459999084472656,38.27000045776367,38.085445404052734,1827400
2020-10-23,IR,38.18000030517578,38.380001068115234,37.459999084472656,38.27000045776367,38.085445404052734,1827400
2020-10-26,IR,37.75,37.75,36.025001525878906,36.560001373291016,36.38368988037109,2390300
2020-10-26,IR,37.75,37.75,36.025001525878906,36.560001373291016,36.38368988037109,2390300
2020-10-27,IR,36.5,36.79999923706055,35.939998626708984,36.09999847412109,35.925907135009766,1882000
2020-10-27,IR,36.5,36.79999923706055,35.939998626708984,36.09999847412109,35.925907135009766,1882000
2020-10-28,IR,35.349998474121094,35.900001525878906,35.150001525878906,35.2400016784668,35.070064544677734,1918000
2020-10-28,IR,35.349998474121094,35.900001525878906,35.150001525878906,35.2400016784668,35.070064544677734,1918000
2020-10-29,IR,35.060001373291016,35.459999084472656,34.689998626708984,35.08000183105469,34.91083526611328,1865300
2020-10-29,IR,35.060001373291016,35.459999084472656,34.689998626708984,35.08000183105469,34.91083526611328,1865300
2020-10-30,IR,34.95000076293945,35.279998779296875,34.369998931884766,34.939998626708984,34.77149963378906,2369300
2020-10-30,IR,34.95000076293945,35.279998779296875,34.369998931884766,34.939998626708984,34.77149963378906,2369300
2020-11-02,IR,35.560001373291016,36.130001068115234,35.36000061035156,35.97999954223633,35.80649185180664,2145500
2020-11-02,IR,35.560001373291016,36.130001068115234,35.36000061035156,35.97999954223633,35.80649185180664,2145500
2020-11-03,IR,36.31999969482422,38.9900016784668,36.040000915527344,38.75,38.563133239746094,3722000
2020-11-03,IR,36.31999969482422,38.9900016784668,36.040000915527344,38.75,38.563133239746094,3722000
2020-11-04,IR,38.68999862670898,38.720001220703125,37.0,38.06999969482422,37.88640594482422,3710900
2020-11-04,IR,38.68999862670898,38.720001220703125,37.0,38.06999969482422,37.88640594482422,3710900
2020-11-05,IR,38.56999969482422,40.209999084472656,38.15999984741211,39.79999923706055,39.60807418823242,2432600
2020-11-05,IR,38.56999969482422,40.209999084472656,38.15999984741211,39.79999923706055,39.60807418823242,2432600
2020-11-06,IR,39.66999816894531,40.46500015258789,39.64500045776367,40.25,40.05590438842773,1899000
2020-11-06,IR,39.66999816894531,40.46500015258789,39.64500045776367,40.25,40.05590438842773,1899000
2020-11-09,IR,42.0099983215332,45.52999877929688,42.0099983215332,42.77999877929688,42.57369613647461,4984900
2020-11-09,IR,42.0099983215332,45.52999877929688,42.0099983215332,42.77999877929688,42.57369613647461,4984900
2020-11-10,IR,42.5,43.85499954223633,42.470001220703125,42.75,42.54384231567383,3268400
2020-11-10,IR,42.5,43.85499954223633,42.470001220703125,42.75,42.54384231567383,3268400
2020-11-11,IR,43.150001525878906,43.16999816894531,42.20000076293945,42.61000061035156,42.4045295715332,1440600
2020-11-11,IR,43.150001525878906,43.16999816894531,42.20000076293945,42.61000061035156,42.4045295715332,1440600
2020-11-12,IR,42.150001525878906,42.869998931884766,42.02000045776367,42.5,42.2950439453125,1609700
2020-11-12,IR,42.150001525878906,42.869998931884766,42.02000045776367,42.5,42.2950439453125,1609700
2020-11-13,IR,42.97999954223633,43.77000045776367,42.52000045776367,42.7599983215332,42.55379486083984,2822900
2020-11-13,IR,42.97999954223633,43.77000045776367,42.52000045776367,42.7599983215332,42.55379486083984,2822900
2020-11-16,IR,43.61000061035156,45.0,43.22999954223633,44.9900016784668,44.773040771484375,3257500
2020-11-16,IR,43.61000061035156,45.0,43.22999954223633,44.9900016784668,44.773040771484375,3257500
2020-11-17,IR,44.560001373291016,44.970001220703125,43.75,44.63999938964844,44.42472457885742,1725200
2020-11-17,IR,44.560001373291016,44.970001220703125,43.75,44.63999938964844,44.42472457885742,1725200
2020-11-18,IR,44.970001220703125,44.9900016784668,43.88999938964844,43.90999984741211,43.69824981689453,1458700
2020-11-18,IR,44.970001220703125,44.9900016784668,43.88999938964844,43.90999984741211,43.69824981689453,1458700
2020-11-19,IR,43.709999084472656,44.310001373291016,43.43000030517578,44.20000076293945,43.986846923828125,1525800
2020-11-19,IR,43.709999084472656,44.310001373291016,43.43000030517578,44.20000076293945,43.986846923828125,1525800
2020-11-20,IR,44.27000045776367,44.45000076293945,43.90900039672852,44.2599983215332,44.04655838012695,1433400
2020-11-20,IR,44.27000045776367,44.45000076293945,43.90900039672852,44.2599983215332,44.04655838012695,1433400
2020-11-23,IR,44.790000915527344,45.08000183105469,44.459999084472656,44.47999954223633,44.2655029296875,1773800
2020-11-23,IR,44.790000915527344,45.08000183105469,44.459999084472656,44.47999954223633,44.2655029296875,1773800
2020-11-24,IR,45.290000915527344,45.58000183105469,44.93999862670898,45.470001220703125,45.25072479248047,2076300
2020-11-24,IR,45.290000915527344,45.58000183105469,44.93999862670898,45.470001220703125,45.25072479248047,2076300
2020-11-25,IR,45.33000183105469,45.33000183105469,44.72999954223633,44.810001373291016,44.59390258789063,1006400
2020-11-25,IR,45.33000183105469,45.33000183105469,44.72999954223633,44.810001373291016,44.59390258789063,1006400
2020-11-27,IR,45.18999862670898,45.18999862670898,44.630001068115234,44.79999923706055,44.58395767211914,594900
2020-11-27,IR,45.18999862670898,45.18999862670898,44.630001068115234,44.79999923706055,44.58395767211914,594900
2020-11-30,IR,44.58000183105469,44.88999938964844,44.02999877929688,44.27000045776367,44.05649948120117,2517300
2020-11-30,IR,44.58000183105469,44.88999938964844,44.02999877929688,44.27000045776367,44.05649948120117,2517300
2020-12-01,IR,45.02999877929688,45.63999938964844,44.7599983215332,44.79999923706055,44.58395767211914,2909300
2020-12-01,IR,45.02999877929688,45.63999938964844,44.7599983215332,44.79999923706055,44.58395767211914,2909300
2020-12-02,IR,44.43999862670898,44.900001525878906,44.02399826049805,44.33000183105469,44.11622619628906,1760500
2020-12-02,IR,44.43999862670898,44.900001525878906,44.02399826049805,44.33000183105469,44.11622619628906,1760500
2020-12-03,IR,44.209999084472656,44.97999954223633,44.0099983215332,44.459999084472656,44.24559020996094,1720600
2020-12-03,IR,44.209999084472656,44.97999954223633,44.0099983215332,44.459999084472656,44.24559020996094,1720600
2020-12-04,IR,44.79999923706055,45.45000076293945,44.79999923706055,45.18999862670898,44.972076416015625,1578800
2020-12-04,IR,44.79999923706055,45.45000076293945,44.79999923706055,45.18999862670898,44.972076416015625,1578800
2020-12-07,IR,45.09999847412109,45.25,44.16999816894531,44.33000183105469,44.11622619628906,1992700
2020-12-07,IR,45.09999847412109,45.25,44.16999816894531,44.33000183105469,44.11622619628906,1992700
2020-12-08,IR,44.040000915527344,44.58000183105469,44.0099983215332,44.540000915527344,44.32522201538086,2148800
2020-12-08,IR,44.040000915527344,44.58000183105469,44.0099983215332,44.540000915527344,44.32522201538086,2148800
2020-12-09,IR,44.79999923706055,45.08000183105469,44.66999816894531,44.9900016784668,44.773040771484375,2161900
2020-12-09,IR,44.79999923706055,45.08000183105469,44.66999816894531,44.9900016784668,44.773040771484375,2161900
2020-12-10,IR,44.709999084472656,44.93000030517578,44.43000030517578,44.790000915527344,44.574005126953125,2208200
2020-12-10,IR,44.709999084472656,44.93000030517578,44.43000030517578,44.790000915527344,44.574005126953125,2208200
2020-12-11,IR,44.29999923706055,44.630001068115234,44.08000183105469,44.31999969482422,44.10626983642578,2631600
2020-12-11,IR,44.29999923706055,44.630001068115234,44.08000183105469,44.31999969482422,44.10626983642578,2631600
2020-12-14,IR,45.25,45.459999084472656,43.75,43.86000061035156,43.64849472045898,2269800
2020-12-14,IR,45.25,45.459999084472656,43.75,43.86000061035156,43.64849472045898,2269800
2020-12-15,IR,44.5,44.93000030517578,43.8650016784668,44.7599983215332,44.54415130615234,1716700
2020-12-15,IR,44.5,44.93000030517578,43.8650016784668,44.7599983215332,44.54415130615234,1716700
2020-12-16,IR,44.83000183105469,44.85499954223633,43.83000183105469,44.31999969482422,44.10626983642578,1526500
2020-12-16,IR,44.83000183105469,44.85499954223633,43.83000183105469,44.31999969482422,44.10626983642578,1526500
2020-12-17,IR,44.43999862670898,45.57500076293945,43.959999084472656,45.43999862670898,45.22087097167969,2312200
2020-12-17,IR,44.43999862670898,45.57500076293945,43.959999084472656,45.43999862670898,45.22087097167969,2312200
2020-12-18,IR,45.540000915527344,45.88999938964844,44.900001525878906,45.220001220703125,45.00192642211914,5238800
2020-12-18,IR,45.540000915527344,45.88999938964844,44.900001525878906,45.220001220703125,45.00192642211914,5238800
2020-12-21,IR,44.27999877929688,45.70000076293945,44.0099983215332,45.65999984741211,45.43981170654297,1579300
2020-12-21,IR,44.27999877929688,45.70000076293945,44.0099983215332,45.65999984741211,45.43981170654297,1579300
2020-12-22,IR,45.810001373291016,45.97999954223633,45.5,45.560001373291016,45.34029006958008,1523400
2020-12-22,IR,45.810001373291016,45.97999954223633,45.5,45.560001373291016,45.34029006958008,1523400
2020-12-23,IR,45.77999877929688,45.9900016784668,45.33000183105469,45.7599983215332,45.53932571411133,859600
2020-12-23,IR,45.77999877929688,45.9900016784668,45.33000183105469,45.7599983215332,45.53932571411133,859600
2020-12-24,IR,45.77999877929688,46.040000915527344,45.18999862670898,46.02999877929688,45.80802536010742,609700
2020-12-24,IR,45.77999877929688,46.040000915527344,45.18999862670898,46.02999877929688,45.80802536010742,609700
2020-12-28,IR,46.290000915527344,46.82099914550781,45.04999923706055,45.09999847412109,44.88250732421875,1106000
2020-12-28,IR,46.290000915527344,46.82099914550781,45.04999923706055,45.09999847412109,44.88250732421875,1106000
2020-12-29,IR,45.18999862670898,45.43000030517578,44.150001525878906,44.47999954223633,44.2655029296875,1010300
2020-12-29,IR,45.18999862670898,45.43000030517578,44.150001525878906,44.47999954223633,44.2655029296875,1010300
2020-12-30,IR,44.5,45.380001068115234,44.5,45.2400016784668,45.02184295654297,1439800
2020-12-30,IR,44.5,45.380001068115234,44.5,45.2400016784668,45.02184295654297,1439800
2020-12-31,IR,45.25,45.63999938964844,44.43000030517578,45.560001373291016,45.34029006958008,1506100
2020-12-31,IR,45.25,45.63999938964844,44.43000030517578,45.560001373291016,45.34029006958008,1506100
2021-01-04,IR,45.68000030517578,45.7599983215332,43.84000015258789,44.310001373291016,44.09632110595703,2232100
2021-01-04,IR,45.68000030517578,45.7599983215332,43.84000015258789,44.310001373291016,44.09632110595703,2232100
2021-01-05,IR,44.369998931884766,45.415000915527344,44.369998931884766,45.20000076293945,44.98202896118164,1797500
2021-01-05,IR,44.369998931884766,45.415000915527344,44.369998931884766,45.20000076293945,44.98202896118164,1797500
2021-01-06,IR,45.86000061035156,47.650001525878906,45.79499816894531,46.68000030517578,46.45488739013672,1968300
2021-01-06,IR,45.86000061035156,47.650001525878906,45.79499816894531,46.68000030517578,46.45488739013672,1968300
2021-01-07,IR,47.0099983215332,47.40999984741211,46.58000183105469,47.02000045776367,46.793251037597656,990800
2021-01-07,IR,47.0099983215332,47.40999984741211,46.58000183105469,47.02000045776367,46.793251037597656,990800
2021-01-08,IR,47.130001068115234,47.459999084472656,45.83000183105469,46.400001525878906,46.176246643066406,1659000
2021-01-08,IR,47.130001068115234,47.459999084472656,45.83000183105469,46.400001525878906,46.176246643066406,1659000
2021-01-11,IR,45.90999984741211,46.68000030517578,45.59000015258789,46.4900016784668,46.26581573486328,739800
2021-01-11,IR,45.90999984741211,46.68000030517578,45.59000015258789,46.4900016784668,46.26581573486328,739800
2021-01-12,IR,46.9900016784668,47.77999877929688,46.540000915527344,47.060001373291016,46.83305740356445,1245200
2021-01-12,IR,46.9900016784668,47.77999877929688,46.540000915527344,47.060001373291016,46.83305740356445,1245200
2021-01-13,IR,46.869998931884766,47.16999816894531,46.08000183105469,46.08000183105469,45.8577880859375,1577100
2021-01-13,IR,46.869998931884766,47.16999816894531,46.08000183105469,46.08000183105469,45.8577880859375,1577100
2021-01-14,IR,46.38999938964844,46.77999877929688,45.93000030517578,46.34000015258789,46.11653137207031,1799100
2021-01-14,IR,46.38999938964844,46.77999877929688,45.93000030517578,46.34000015258789,46.11653137207031,1799100
2021-01-15,IR,47.16999816894531,47.29999923706055,45.540000915527344,45.90999984741211,45.68860626220703,4578000
2021-01-15,IR,47.16999816894531,47.29999923706055,45.540000915527344,45.90999984741211,45.68860626220703,4578000
2021-01-19,IR,46.36000061035156,46.59000015258789,45.93000030517578,46.290000915527344,46.066776275634766,1642900
2021-01-19,IR,46.36000061035156,46.59000015258789,45.93000030517578,46.290000915527344,46.066776275634766,1642900
2021-01-20,IR,46.45000076293945,46.709999084472656,45.82400131225586,45.9900016784668,45.76822280883789,1367100
2021-01-20,IR,46.45000076293945,46.709999084472656,45.82400131225586,45.9900016784668,45.76822280883789,1367100
2021-01-21,IR,45.93000030517578,46.22999954223633,45.709999084472656,45.7599983215332,45.53932571411133,1101900
2021-01-21,IR,45.93000030517578,46.22999954223633,45.709999084472656,45.7599983215332,45.53932571411133,1101900
2021-01-22,IR,45.43000030517578,45.71500015258789,45.0099983215332,45.22999954223633,45.01188659667969,1319600
2021-01-22,IR,45.43000030517578,45.71500015258789,45.0099983215332,45.22999954223633,45.01188659667969,1319600
2021-01-25,IR,45.0,45.220001220703125,44.15999984741211,44.5099983215332,44.29534149169922,1826100
2021-01-25,IR,45.0,45.220001220703125,44.15999984741211,44.5099983215332,44.29534149169922,1826100
2021-01-26,IR,44.900001525878906,45.244998931884766,43.58000183105469,43.59000015258789,43.37978744506836,1485600
2021-01-26,IR,44.900001525878906,45.244998931884766,43.58000183105469,43.59000015258789,43.37978744506836,1485600
2021-01-27,IR,42.560001373291016,42.59999847412109,40.63999938964844,40.810001373291016,40.61319732666016,2178400
2021-01-27,IR,42.560001373291016,42.59999847412109,40.63999938964844,40.810001373291016,40.61319732666016,2178400
2021-01-28,IR,41.47999954223633,42.9900016784668,41.209999084472656,42.63999938964844,42.43436813354492,2174600
2021-01-28,IR,41.47999954223633,42.9900016784668,41.209999084472656,42.63999938964844,42.43436813354492,2174600
2021-01-29,IR,42.369998931884766,42.650001525878906,41.400001525878906,41.84000015258789,41.63822937011719,3165200
2021-01-29,IR,42.369998931884766,42.650001525878906,41.400001525878906,41.84000015258789,41.63822937011719,3165200
2021-02-01,IR,42.38999938964844,42.709999084472656,41.68000030517578,42.59999847412109,42.394569396972656,3118900
2021-02-01,IR,42.38999938964844,42.709999084472656,41.68000030517578,42.59999847412109,42.394569396972656,3118900
2021-02-02,IR,43.130001068115234,43.665000915527344,42.619998931884766,43.380001068115234,43.170806884765625,1257200
2021-02-02,IR,43.130001068115234,43.665000915527344,42.619998931884766,43.380001068115234,43.170806884765625,1257200
2021-02-03,IR,43.119998931884766,43.744998931884766,42.84000015258789,43.560001373291016,43.34993743896485,1255900
2021-02-03,IR,43.119998931884766,43.744998931884766,42.84000015258789,43.560001373291016,43.34993743896485,1255900
2021-02-04,IR,43.77999877929688,44.040000915527344,42.84999847412109,42.9900016784668,42.782691955566406,4587700
2021-02-04,IR,43.77999877929688,44.040000915527344,42.84999847412109,42.9900016784668,42.782691955566406,4587700
2021-02-05,IR,43.54999923706055,44.11000061035156,43.18999862670898,43.77999877929688,43.5688705444336,1357100
2021-02-05,IR,43.54999923706055,44.11000061035156,43.18999862670898,43.77999877929688,43.5688705444336,1357100
2021-02-08,IR,43.84000015258789,44.20000076293945,43.68999862670898,44.04999923706055,43.83757019042969,1275400
2021-02-08,IR,43.84000015258789,44.20000076293945,43.68999862670898,44.04999923706055,43.83757019042969,1275400
2021-02-09,IR,43.77999877929688,44.52999877929688,43.68000030517578,44.06999969482422,43.85747146606445,1339100
2021-02-09,IR,43.77999877929688,44.52999877929688,43.68000030517578,44.06999969482422,43.85747146606445,1339100
2021-02-10,IR,44.209999084472656,44.63999938964844,43.79999923706055,44.459999084472656,44.24559020996094,1534000
2021-02-10,IR,44.209999084472656,44.63999938964844,43.79999923706055,44.459999084472656,44.24559020996094,1534000
2021-02-11,IR,44.43999862670898,45.27000045776367,43.5,44.02999877929688,43.81766891479492,1743700
2021-02-11,IR,44.43999862670898,45.27000045776367,43.5,44.02999877929688,43.81766891479492,1743700
2021-02-12,IR,43.88999938964844,44.369998931884766,43.40999984741211,43.91999816894531,43.70820236206055,1683300
2021-02-12,IR,43.88999938964844,44.369998931884766,43.40999984741211,43.91999816894531,43.70820236206055,1683300
2021-02-16,IR,44.27000045776367,44.5,43.29999923706055,43.56999969482422,43.359893798828125,1338600
2021-02-16,IR,44.27000045776367,44.5,43.29999923706055,43.56999969482422,43.359893798828125,1338600
2021-02-17,IR,43.43999862670898,43.58000183105469,42.83000183105469,42.9900016784668,42.782691955566406,1001600
2021-02-17,IR,43.43999862670898,43.58000183105469,42.83000183105469,42.9900016784668,42.782691955566406,1001600
2021-02-18,IR,42.70000076293945,43.0099983215332,42.0,42.77000045776367,42.56374740600586,1250200
2021-02-18,IR,42.70000076293945,43.0099983215332,42.0,42.77000045776367,42.56374740600586,1250200
2021-02-19,IR,43.04999923706055,44.310001373291016,43.04999923706055,43.88999938964844,43.678340911865234,1610100
2021-02-19,IR,43.04999923706055,44.310001373291016,43.04999923706055,43.88999938964844,43.678340911865234,1610100
2021-02-22,IR,43.4900016784668,44.81999969482422,43.33000183105469,43.77000045776367,43.55891799926758,3412600
2021-02-22,IR,43.4900016784668,44.81999969482422,43.33000183105469,43.77000045776367,43.55891799926758,3412600
2021-02-23,IR,44.68000030517578,46.9900016784668,43.95600128173828,45.58000183105469,45.36019515991211,4562700
2021-02-23,IR,44.68000030517578,46.9900016784668,43.95600128173828,45.58000183105469,45.36019515991211,4562700
2021-02-24,IR,45.84000015258789,48.2599983215332,45.459999084472656,48.09999847412109,47.8680419921875,4067000
2021-02-24,IR,45.84000015258789,48.2599983215332,45.459999084472656,48.09999847412109,47.8680419921875,4067000
2021-02-25,IR,48.0099983215332,48.91999816894531,46.20000076293945,46.34999847412109,46.1264762878418,3534000
2021-02-25,IR,48.0099983215332,48.91999816894531,46.20000076293945,46.34999847412109,46.1264762878418,3534000
2021-02-26,IR,46.369998931884766,46.93399810791016,45.71699905395508,46.34000015258789,46.11653137207031,2381200
2021-02-26,IR,46.369998931884766,46.93399810791016,45.71699905395508,46.34000015258789,46.11653137207031,2381200
2021-03-01,IR,47.040000915527344,47.970001220703125,46.9900016784668,47.459999084472656,47.23112106323242,1978400
2021-03-01,IR,47.040000915527344,47.970001220703125,46.9900016784668,47.459999084472656,47.23112106323242,1978400
2021-03-02,IR,47.27000045776367,47.5,46.75,46.79999923706055,46.574317932128906,1548500
2021-03-02,IR,47.27000045776367,47.5,46.75,46.79999923706055,46.574317932128906,1548500
2021-03-03,IR,46.709999084472656,47.5,46.59999847412109,46.810001373291016,46.58426284790039,2813300
2021-03-03,IR,46.709999084472656,47.5,46.59999847412109,46.810001373291016,46.58426284790039,2813300
2021-03-04,IR,46.63999938964844,47.7400016784668,46.0,47.060001373291016,46.83305740356445,3444900
2021-03-04,IR,46.63999938964844,47.7400016784668,46.0,47.060001373291016,46.83305740356445,3444900
2021-03-05,IR,47.619998931884766,49.68000030517578,46.810001373291016,49.4900016784668,49.2513427734375,3619300
2021-03-05,IR,47.619998931884766,49.68000030517578,46.810001373291016,49.4900016784668,49.2513427734375,3619300
2021-03-08,IR,49.81999969482422,51.61000061035156,49.4900016784668,50.54999923706055,50.30622100830078,6393300
2021-03-08,IR,49.81999969482422,51.61000061035156,49.4900016784668,50.54999923706055,50.30622100830078,6393300
2021-03-09,IR,50.52999877929688,50.54999923706055,48.08000183105469,48.09000015258789,47.85809326171875,2216300
2021-03-09,IR,50.52999877929688,50.54999923706055,48.08000183105469,48.09000015258789,47.85809326171875,2216300
2021-03-10,IR,48.720001220703125,49.43999862670898,47.90999984741211,48.970001220703125,48.733848571777344,1454000
2021-03-10,IR,48.720001220703125,49.43999862670898,47.90999984741211,48.970001220703125,48.733848571777344,1454000
2021-03-11,IR,49.02000045776367,49.95000076293945,48.73199844360352,49.02000045776367,48.78360748291016,1405000
2021-03-11,IR,49.02000045776367,49.95000076293945,48.73199844360352,49.02000045776367,48.78360748291016,1405000
2021-03-12,IR,49.130001068115234,49.709999084472656,48.86000061035156,49.59999847412109,49.36079788208008,2124900
2021-03-12,IR,49.130001068115234,49.709999084472656,48.86000061035156,49.59999847412109,49.36079788208008,2124900
2021-03-15,IR,49.52999877929688,50.790000915527344,49.18000030517578,50.7599983215332,50.51522064208984,2007000
2021-03-15,IR,49.52999877929688,50.790000915527344,49.18000030517578,50.7599983215332,50.51522064208984,2007000
2021-03-16,IR,50.310001373291016,50.5099983215332,48.93999862670898,48.93999862670898,48.70398712158203,1398700
2021-03-16,IR,50.310001373291016,50.5099983215332,48.93999862670898,48.93999862670898,48.70398712158203,1398700
2021-03-17,IR,49.09000015258789,50.02000045776367,48.560001373291016,49.77999877929688,49.53993606567383,1286300
2021-03-17,IR,49.09000015258789,50.02000045776367,48.560001373291016,49.77999877929688,49.53993606567383,1286300
2021-03-18,IR,49.77999877929688,50.900001525878906,49.459999084472656,49.7400016784668,49.50014114379883,2024600
2021-03-18,IR,49.77999877929688,50.900001525878906,49.459999084472656,49.7400016784668,49.50014114379883,2024600
2021-03-19,IR,49.630001068115234,49.9900016784668,48.5099983215332,49.45000076293945,49.2115364074707,6270400
2021-03-19,IR,49.630001068115234,49.9900016784668,48.5099983215332,49.45000076293945,49.2115364074707,6270400
2021-03-22,IR,49.400001525878906,49.400001525878906,48.02000045776367,48.810001373291016,48.57462310791016,1880400
2021-03-22,IR,49.400001525878906,49.400001525878906,48.02000045776367,48.810001373291016,48.57462310791016,1880400
2021-03-23,IR,48.2400016784668,48.72299957275391,46.93999862670898,47.13999938964844,46.91267395019531,1574900
2021-03-23,IR,48.2400016784668,48.72299957275391,46.93999862670898,47.13999938964844,46.91267395019531,1574900
2021-03-24,IR,47.540000915527344,48.95000076293945,47.540000915527344,48.34000015258789,48.10688400268555,1788200
2021-03-24,IR,47.540000915527344,48.95000076293945,47.540000915527344,48.34000015258789,48.10688400268555,1788200
2021-03-25,IR,47.88999938964844,48.98500061035156,46.93999862670898,48.72999954223633,48.4950065612793,1630300
2021-03-25,IR,47.88999938964844,48.98500061035156,46.93999862670898,48.72999954223633,48.4950065612793,1630300
2021-03-26,IR,49.2599983215332,49.959999084472656,48.790000915527344,49.709999084472656,49.47027587890625,970700
2021-03-26,IR,49.2599983215332,49.959999084472656,48.790000915527344,49.709999084472656,49.47027587890625,970700
2021-03-29,IR,49.59000015258789,49.970001220703125,49.369998931884766,49.59000015258789,49.35085678100586,1149300
2021-03-29,IR,49.59000015258789,49.970001220703125,49.369998931884766,49.59000015258789,49.35085678100586,1149300
2021-03-30,IR,49.75,50.38800048828125,49.41999816894531,50.040000915527344,49.7986946105957,2069000
2021-03-30,IR,49.75,50.38800048828125,49.41999816894531,50.040000915527344,49.7986946105957,2069000
2021-03-31,IR,50.09999847412109,50.91999816894531,49.16999816894531,49.209999084472656,48.972694396972656,2105100
2021-03-31,IR,50.09999847412109,50.91999816894531,49.16999816894531,49.209999084472656,48.972694396972656,2105100
2021-04-01,IR,49.40999984741211,49.720001220703125,48.93000030517578,49.61000061035156,49.37076187133789,1857300
2021-04-01,IR,49.40999984741211,49.720001220703125,48.93000030517578,49.61000061035156,49.37076187133789,1857300
2021-04-05,IR,50.02000045776367,50.56900024414063,49.86000061035156,50.09000015258789,49.84844207763672,1839800
2021-04-05,IR,50.02000045776367,50.56900024414063,49.86000061035156,50.09000015258789,49.84844207763672,1839800
2021-04-06,IR,50.36000061035156,50.77000045776367,49.90999984741211,50.22999954223633,49.98776245117188,1249000
2021-04-06,IR,50.36000061035156,50.77000045776367,49.90999984741211,50.22999954223633,49.98776245117188,1249000
2021-04-07,IR,50.08000183105469,50.34999847412109,49.52000045776367,50.13999938964844,49.89820098876953,1494200
2021-04-07,IR,50.08000183105469,50.34999847412109,49.52000045776367,50.13999938964844,49.89820098876953,1494200
2021-04-08,IR,50.04999923706055,50.400001525878906,49.33000183105469,50.31999969482422,50.07733154296875,1515800
2021-04-08,IR,50.04999923706055,50.400001525878906,49.33000183105469,50.31999969482422,50.07733154296875,1515800
2021-04-09,IR,50.56999969482422,50.72999954223633,49.72999954223633,50.58000183105469,50.33608627319336,1296100
2021-04-09,IR,50.56999969482422,50.72999954223633,49.72999954223633,50.58000183105469,50.33608627319336,1296100
2021-04-12,IR,51.43999862670898,51.4900016784668,49.91999816894531,50.150001525878906,49.90815734863281,2920100
2021-04-12,IR,51.43999862670898,51.4900016784668,49.91999816894531,50.150001525878906,49.90815734863281,2920100
2021-04-13,IR,49.869998931884766,49.91999816894531,48.630001068115234,49.22999954223633,48.99259567260742,2750000
2021-04-13,IR,49.869998931884766,49.91999816894531,48.630001068115234,49.22999954223633,48.99259567260742,2750000
2021-04-14,IR,49.36000061035156,50.1150016784668,49.31999969482422,49.400001525878906,49.161766052246094,1989800
2021-04-14,IR,49.36000061035156,50.1150016784668,49.31999969482422,49.400001525878906,49.161766052246094,1989800
2021-04-15,IR,49.52000045776367,49.7400016784668,49.02000045776367,49.34000015258789,49.10206604003906,2174100
2021-04-15,IR,49.52000045776367,49.7400016784668,49.02000045776367,49.34000015258789,49.10206604003906,2174100
2021-04-16,IR,49.810001373291016,50.380001068115234,49.52000045776367,50.2400016784668,49.99773406982422,2722900
2021-04-16,IR,49.810001373291016,50.380001068115234,49.52000045776367,50.2400016784668,49.99773406982422,2722900
2021-04-19,IR,50.08000183105469,50.959999084472656,50.0099983215332,50.90999984741211,50.66448974609375,2344800
2021-04-19,IR,50.08000183105469,50.959999084472656,50.0099983215332,50.90999984741211,50.66448974609375,2344800
2021-04-20,IR,50.86000061035156,50.900001525878906,49.47999954223633,50.34000015258789,50.09724044799805,3009000
2021-04-20,IR,50.86000061035156,50.900001525878906,49.47999954223633,50.34000015258789,50.09724044799805,3009000
2021-04-21,IR,50.119998931884766,51.130001068115234,49.810001373291016,50.95000076293945,50.70430755615234,2139100
2021-04-21,IR,50.119998931884766,51.130001068115234,49.810001373291016,50.95000076293945,50.70430755615234,2139100
2021-04-22,IR,50.959999084472656,52.1150016784668,50.59000015258789,51.2400016784668,50.99290084838867,2674900
2021-04-22,IR,50.959999084472656,52.1150016784668,50.59000015258789,51.2400016784668,50.99290084838867,2674900
2021-04-23,IR,51.5099983215332,51.88999938964844,51.08000183105469,51.619998931884766,51.371070861816406,1873100
2021-04-23,IR,51.5099983215332,51.88999938964844,51.08000183105469,51.619998931884766,51.371070861816406,1873100
2021-04-26,IR,51.58000183105469,52.0,51.209999084472656,51.22999954223633,50.98294448852539,2059700
2021-04-26,IR,51.58000183105469,52.0,51.209999084472656,51.22999954223633,50.98294448852539,2059700
2021-04-27,IR,51.459999084472656,51.459999084472656,50.650001525878906,51.209999084472656,50.96304321289063,1330000
2021-04-27,IR,51.459999084472656,51.459999084472656,50.650001525878906,51.209999084472656,50.96304321289063,1330000
2021-04-28,IR,51.04999923706055,52.119998931884766,50.970001220703125,51.93999862670898,51.68952941894531,3508000
2021-04-28,IR,51.04999923706055,52.119998931884766,50.970001220703125,51.93999862670898,51.68952941894531,3508000
2021-04-29,IR,50.310001373291016,51.70000076293945,49.77000045776367,51.2400016784668,50.99290084838867,3276100
2021-04-29,IR,50.310001373291016,51.70000076293945,49.77000045776367,51.2400016784668,50.99290084838867,3276100
2021-04-30,IR,50.720001220703125,50.98500061035156,49.290000915527344,49.40999984741211,49.171722412109375,3399200
2021-04-30,IR,50.720001220703125,50.98500061035156,49.290000915527344,49.40999984741211,49.171722412109375,3399200
2021-05-03,IR,49.52999877929688,49.790000915527344,48.25,48.29999923706055,48.06707763671875,2870300
2021-05-03,IR,49.52999877929688,49.790000915527344,48.25,48.29999923706055,48.06707763671875,2870300
2021-05-04,IR,48.09000015258789,49.27000045776367,47.6150016784668,49.209999084472656,48.972694396972656,1974400
2021-05-04,IR,48.09000015258789,49.27000045776367,47.6150016784668,49.209999084472656,48.972694396972656,1974400
2021-05-05,IR,49.470001220703125,49.665000915527344,48.58000183105469,49.40999984741211,49.171722412109375,1431400
2021-05-05,IR,49.470001220703125,49.665000915527344,48.58000183105469,49.40999984741211,49.171722412109375,1431400
2021-05-06,IR,49.41999816894531,49.68999862670898,48.9900016784668,49.52999877929688,49.29115295410156,1355500
2021-05-06,IR,49.41999816894531,49.68999862670898,48.9900016784668,49.52999877929688,49.29115295410156,1355500
2021-05-07,IR,49.27000045776367,50.68999862670898,48.8650016784668,50.52999877929688,50.286319732666016,1704400
2021-05-07,IR,49.27000045776367,50.68999862670898,48.8650016784668,50.52999877929688,50.286319732666016,1704400
2021-05-10,IR,50.86000061035156,51.59999847412109,50.11000061035156,50.119998931884766,49.87831115722656,1495400
2021-05-10,IR,50.86000061035156,51.59999847412109,50.11000061035156,50.119998931884766,49.87831115722656,1495400
2021-05-11,IR,47.88999938964844,48.91999816894531,47.209999084472656,48.15999984741211,47.92775344848633,6767300
2021-05-11,IR,47.88999938964844,48.91999816894531,47.209999084472656,48.15999984741211,47.92775344848633,6767300
2021-05-12,IR,48.290000915527344,48.5099983215332,47.02999877929688,47.130001068115234,46.9027214050293,2345700
2021-05-12,IR,48.290000915527344,48.5099983215332,47.02999877929688,47.130001068115234,46.9027214050293,2345700
2021-05-13,IR,47.06999969482422,47.959999084472656,47.06999969482422,47.56999969482422,47.34060287475586,1474700
2021-05-13,IR,47.06999969482422,47.959999084472656,47.06999969482422,47.56999969482422,47.34060287475586,1474700
2021-05-14,IR,47.93999862670898,48.7599983215332,47.75,48.540000915527344,48.30592727661133,2554000
2021-05-14,IR,47.93999862670898,48.7599983215332,47.75,48.540000915527344,48.30592727661133,2554000
2021-05-17,IR,48.36000061035156,48.959999084472656,47.83000183105469,48.7599983215332,48.52485656738281,2894100
2021-05-17,IR,48.36000061035156,48.959999084472656,47.83000183105469,48.7599983215332,48.52485656738281,2894100
2021-05-18,IR,48.75,48.775001525878906,48.02999877929688,48.41999816894531,48.18649673461914,3407600
2021-05-18,IR,48.75,48.775001525878906,48.02999877929688,48.41999816894531,48.18649673461914,3407600
2021-05-19,IR,47.7400016784668,47.90999984741211,46.7599983215332,47.7400016784668,47.50978469848633,3195300
2021-05-19,IR,47.7400016784668,47.90999984741211,46.7599983215332,47.7400016784668,47.50978469848633,3195300
2021-05-20,IR,48.209999084472656,48.459999084472656,47.59000015258789,48.27000045776367,48.037227630615234,4055500
2021-05-20,IR,48.209999084472656,48.459999084472656,47.59000015258789,48.27000045776367,48.037227630615234,4055500
2021-05-21,IR,48.7599983215332,49.40999984741211,48.540000915527344,48.869998931884766,48.63433074951172,2453400
2021-05-21,IR,48.7599983215332,49.40999984741211,48.540000915527344,48.869998931884766,48.63433074951172,2453400
2021-05-24,IR,49.130001068115234,49.77999877929688,48.86000061035156,49.59000015258789,49.35085678100586,2018000
2021-05-24,IR,49.130001068115234,49.77999877929688,48.86000061035156,49.59000015258789,49.35085678100586,2018000
2021-05-25,IR,49.54999923706055,49.89500045776367,48.66999816894531,48.68000030517578,48.44524765014648,1642400
2021-05-25,IR,49.54999923706055,49.89500045776367,48.66999816894531,48.68000030517578,48.44524765014648,1642400
2021-05-26,IR,48.77000045776367,49.18999862670898,48.63999938964844,49.16999816894531,48.93288040161133,1228000
2021-05-26,IR,48.77000045776367,49.18999862670898,48.63999938964844,49.16999816894531,48.93288040161133,1228000
2021-05-27,IR,49.650001525878906,49.97999954223633,49.33000183105469,49.66999816894531,49.43046951293945,3278600
2021-05-27,IR,49.650001525878906,49.97999954223633,49.33000183105469,49.66999816894531,49.43046951293945,3278600
2021-05-28,IR,49.79999923706055,49.79999923706055,49.22999954223633,49.63999938964844,49.4006233215332,1423400
2021-05-28,IR,49.79999923706055,49.79999923706055,49.22999954223633,49.63999938964844,49.4006233215332,1423400
2021-06-01,IR,50.33000183105469,50.61000061035156,50.02000045776367,50.02999877929688,49.78873062133789,1421100
2021-06-01,IR,50.33000183105469,50.61000061035156,50.02000045776367,50.02999877929688,49.78873062133789,1421100
2021-06-02,IR,50.040000915527344,50.2599983215332,49.51499938964844,49.72999954223633,49.49018859863281,1467700
2021-06-02,IR,50.040000915527344,50.2599983215332,49.51499938964844,49.72999954223633,49.49018859863281,1467700
2021-06-03,IR,49.459999084472656,49.52999877929688,49.02000045776367,49.13999938964844,48.90303421020508,1226600
2021-06-03,IR,49.459999084472656,49.52999877929688,49.02000045776367,49.13999938964844,48.90303421020508,1226600
2021-06-04,IR,49.36000061035156,49.68999862670898,49.04999923706055,49.209999084472656,48.972694396972656,1268000
2021-06-04,IR,49.36000061035156,49.68999862670898,49.04999923706055,49.209999084472656,48.972694396972656,1268000
2021-06-07,IR,49.38999938964844,49.41999816894531,48.125,48.209999084472656,47.97751235961914,1569100
2021-06-07,IR,49.38999938964844,49.41999816894531,48.125,48.209999084472656,47.97751235961914,1569100
2021-06-08,IR,48.06999969482422,48.720001220703125,47.66999816894531,48.5,48.26611709594727,1323300
2021-06-08,IR,48.06999969482422,48.720001220703125,47.66999816894531,48.5,48.26611709594727,1323300
2021-06-09,IR,48.34000015258789,48.34000015258789,47.63999938964844,47.66999816894531,47.44011306762695,1334700
2021-06-09,IR,48.34000015258789,48.34000015258789,47.63999938964844,47.66999816894531,47.44011306762695,1334700
2021-06-10,IR,48.040000915527344,48.060001373291016,47.34000015258789,47.36000061035156,47.13161087036133,1292000
2021-06-10,IR,48.040000915527344,48.060001373291016,47.34000015258789,47.36000061035156,47.13161087036133,1292000
2021-06-11,IR,47.66999816894531,47.959999084472656,47.52999877929688,47.95000076293945,47.7187728881836,1394200
2021-06-11,IR,47.66999816894531,47.959999084472656,47.52999877929688,47.95000076293945,47.7187728881836,1394200
2021-06-14,IR,47.970001220703125,47.994998931884766,47.36000061035156,47.52999877929688,47.30079650878906,1652100
2021-06-14,IR,47.970001220703125,47.994998931884766,47.36000061035156,47.52999877929688,47.30079650878906,1652100
2021-06-15,IR,47.65999984741211,47.7599983215332,47.20000076293945,47.31999969482422,47.09180068969727,2345000
2021-06-15,IR,47.65999984741211,47.7599983215332,47.20000076293945,47.31999969482422,47.09180068969727,2345000
2021-06-16,IR,47.15999984741211,47.93999862670898,46.7599983215332,47.7400016784668,47.50978469848633,4026400
2021-06-16,IR,47.15999984741211,47.93999862670898,46.7599983215332,47.7400016784668,47.50978469848633,4026400
2021-06-17,IR,48.290000915527344,48.50699996948242,45.95000076293945,45.9900016784668,45.76822280883789,5377400
2021-06-17,IR,48.290000915527344,48.50699996948242,45.95000076293945,45.9900016784668,45.76822280883789,5377400
2021-06-18,IR,45.15999984741211,46.400001525878906,45.0099983215332,45.5,45.28058242797852,4236600
2021-06-18,IR,45.15999984741211,46.400001525878906,45.0099983215332,45.5,45.28058242797852,4236600
2021-06-21,IR,45.95000076293945,47.0,45.95000076293945,46.91999816894531,46.693729400634766,2250100
2021-06-21,IR,45.95000076293945,47.0,45.95000076293945,46.91999816894531,46.693729400634766,2250100
2021-06-22,IR,47.04999923706055,47.04999923706055,46.220001220703125,46.59999847412109,46.375274658203125,1342900
2021-06-22,IR,47.04999923706055,47.04999923706055,46.220001220703125,46.59999847412109,46.375274658203125,1342900
2021-06-23,IR,46.630001068115234,47.040000915527344,46.31999969482422,46.810001373291016,46.58426284790039,1670000
2021-06-23,IR,46.630001068115234,47.040000915527344,46.31999969482422,46.810001373291016,46.58426284790039,1670000
2021-06-24,IR,47.150001525878906,47.90499877929688,46.76499938964844,47.63999938964844,47.41026306152344,2688600
2021-06-24,IR,47.150001525878906,47.90499877929688,46.76499938964844,47.63999938964844,47.41026306152344,2688600
2021-06-25,IR,47.97999954223633,49.130001068115234,47.88999938964844,48.97999954223633,48.74379348754883,4384400
2021-06-25,IR,47.97999954223633,49.130001068115234,47.88999938964844,48.97999954223633,48.74379348754883,4384400
2021-06-28,IR,49.09999847412109,49.13999938964844,48.11100006103516,48.84000015258789,48.60447311401367,1941100
2021-06-28,IR,49.09999847412109,49.13999938964844,48.11100006103516,48.84000015258789,48.60447311401367,1941100
2021-06-29,IR,49.02999877929688,49.310001373291016,48.505001068115234,48.540000915527344,48.30592727661133,1443000
2021-06-29,IR,49.02999877929688,49.310001373291016,48.505001068115234,48.540000915527344,48.30592727661133,1443000
2021-06-30,IR,48.41999816894531,49.02999877929688,48.41999816894531,48.810001373291016,48.57462310791016,1635300
2021-06-30,IR,48.41999816894531,49.02999877929688,48.41999816894531,48.810001373291016,48.57462310791016,1635300
2021-07-01,IR,49.13999938964844,49.38999938964844,48.52999877929688,48.61000061035156,48.375587463378906,2471900
2021-07-01,IR,49.13999938964844,49.38999938964844,48.52999877929688,48.61000061035156,48.375587463378906,2471900
2021-07-02,IR,48.68000030517578,48.83399963378906,48.400001525878906,48.59000015258789,48.35568618774414,1451300
2021-07-02,IR,48.68000030517578,48.83399963378906,48.400001525878906,48.59000015258789,48.35568618774414,1451300
2021-07-06,IR,49.18000030517578,49.22499847412109,47.83000183105469,48.2599983215332,48.02726364135742,1674800
2021-07-06,IR,49.18000030517578,49.22499847412109,47.83000183105469,48.2599983215332,48.02726364135742,1674800
2021-07-07,IR,48.08000183105469,49.42699813842773,48.02000045776367,49.34999847412109,49.11201477050781,5212800
2021-07-07,IR,48.08000183105469,49.42699813842773,48.02000045776367,49.34999847412109,49.11201477050781,5212800
2021-07-08,IR,48.61000061035156,48.88999938964844,48.08000183105469,48.2599983215332,48.02726364135742,3432000
2021-07-08,IR,48.61000061035156,48.88999938964844,48.08000183105469,48.2599983215332,48.02726364135742,3432000
2021-07-09,IR,49.0,49.56999969482422,48.84999847412109,49.380001068115234,49.141868591308594,2387800
2021-07-09,IR,49.0,49.56999969482422,48.84999847412109,49.380001068115234,49.141868591308594,2387800
2021-07-12,IR,49.5,49.70000076293945,49.150001525878906,49.380001068115234,49.141868591308594,1382900
2021-07-12,IR,49.5,49.70000076293945,49.150001525878906,49.380001068115234,49.141868591308594,1382900
2021-07-13,IR,49.220001220703125,49.29999923706055,48.44499969482422,48.58000183105469,48.345733642578125,1358300
2021-07-13,IR,49.220001220703125,49.29999923706055,48.44499969482422,48.58000183105469,48.345733642578125,1358300
2021-07-14,IR,48.619998931884766,49.0099983215332,47.90999984741211,48.06999969482422,47.83818054199219,1616400
2021-07-14,IR,48.619998931884766,49.0099983215332,47.90999984741211,48.06999969482422,47.83818054199219,1616400
2021-07-15,IR,47.84999847412109,48.66999816894531,47.650001525878906,48.130001068115234,47.89789962768555,2133100
2021-07-15,IR,47.84999847412109,48.66999816894531,47.650001525878906,48.130001068115234,47.89789962768555,2133100
2021-07-16,IR,48.31999969482422,48.900001525878906,48.095001220703125,48.15999984741211,47.92775344848633,1987500
2021-07-16,IR,48.31999969482422,48.900001525878906,48.095001220703125,48.15999984741211,47.92775344848633,1987500
2021-07-19,IR,46.68000030517578,47.04999923706055,45.845001220703125,46.25,46.0269660949707,2869400
2021-07-19,IR,46.68000030517578,47.04999923706055,45.845001220703125,46.25,46.0269660949707,2869400
2021-07-20,IR,46.5,48.2400016784668,46.33000183105469,48.150001525878906,47.91779327392578,2019600
2021-07-20,IR,46.5,48.2400016784668,46.33000183105469,48.150001525878906,47.91779327392578,2019600
2021-07-21,IR,48.45000076293945,48.970001220703125,48.34000015258789,48.630001068115234,48.395484924316406,1470800
2021-07-21,IR,48.45000076293945,48.970001220703125,48.34000015258789,48.630001068115234,48.395484924316406,1470800
2021-07-22,IR,48.790000915527344,48.970001220703125,48.34000015258789,48.5,48.26611709594727,1927200
2021-07-22,IR,48.790000915527344,48.970001220703125,48.34000015258789,48.5,48.26611709594727,1927200
2021-07-23,IR,48.86000061035156,49.060001373291016,48.119998931884766,48.61000061035156,48.375587463378906,1902400
2021-07-23,IR,48.86000061035156,49.060001373291016,48.119998931884766,48.61000061035156,48.375587463378906,1902400
2021-07-26,IR,48.75,49.060001373291016,48.560001373291016,48.84999847412109,48.61442184448242,961400
2021-07-26,IR,48.75,49.060001373291016,48.560001373291016,48.84999847412109,48.61442184448242,961400
2021-07-27,IR,48.290000915527344,48.93999862670898,48.08000183105469,48.209999084472656,47.97751235961914,1464800
2021-07-27,IR,48.290000915527344,48.93999862670898,48.08000183105469,48.209999084472656,47.97751235961914,1464800
2021-07-28,IR,48.119998931884766,48.33000183105469,47.34999847412109,47.470001220703125,47.2410774230957,2343300
2021-07-28,IR,48.119998931884766,48.33000183105469,47.34999847412109,47.470001220703125,47.2410774230957,2343300
2021-07-29,IR,47.25,48.619998931884766,47.25,48.18000030517578,47.94765090942383,2535700
2021-07-29,IR,47.25,48.619998931884766,47.25,48.18000030517578,47.94765090942383,2535700
2021-07-30,IR,48.2400016784668,48.91999816894531,48.0,48.869998931884766,48.63433074951172,2133400
2021-07-30,IR,48.2400016784668,48.91999816894531,48.0,48.869998931884766,48.63433074951172,2133400
2021-08-02,IR,48.959999084472656,49.86000061035156,48.310001373291016,48.369998931884766,48.1367301940918,1876900
2021-08-02,IR,48.959999084472656,49.86000061035156,48.310001373291016,48.369998931884766,48.1367301940918,1876900
2021-08-03,IR,48.70000076293945,49.80500030517578,47.91999816894531,49.66999816894531,49.43046951293945,2547900
2021-08-03,IR,48.70000076293945,49.80500030517578,47.91999816894531,49.66999816894531,49.43046951293945,2547900
2021-08-04,IR,49.720001220703125,51.02000045776367,49.369998931884766,50.31999969482422,50.07733154296875,10410400
2021-08-04,IR,49.720001220703125,51.02000045776367,49.369998931884766,50.31999969482422,50.07733154296875,10410400
2021-08-05,IR,50.720001220703125,51.38999938964844,49.89500045776367,50.09999847412109,49.8583984375,6823600
2021-08-05,IR,50.720001220703125,51.38999938964844,49.89500045776367,50.09999847412109,49.8583984375,6823600
2021-08-06,IR,50.40999984741211,50.8849983215332,49.77999877929688,49.81999969482422,49.57975006103516,4598800
2021-08-06,IR,50.40999984741211,50.8849983215332,49.77999877929688,49.81999969482422,49.57975006103516,4598800
2021-08-09,IR,49.59999847412109,49.790000915527344,49.040000915527344,49.52000045776367,49.28119659423828,2136400
2021-08-09,IR,49.59999847412109,49.790000915527344,49.040000915527344,49.52000045776367,49.28119659423828,2136400
2021-08-10,IR,49.560001373291016,51.11000061035156,49.470001220703125,51.060001373291016,50.81377029418945,2676100
2021-08-10,IR,49.560001373291016,51.11000061035156,49.470001220703125,51.060001373291016,50.81377029418945,2676100
2021-08-11,IR,51.20000076293945,51.52999877929688,50.66999816894531,51.52999877929688,51.28150177001953,2295900
2021-08-11,IR,51.20000076293945,51.52999877929688,50.66999816894531,51.52999877929688,51.28150177001953,2295900
2021-08-12,IR,51.59999847412109,52.06999969482422,51.45000076293945,52.0099983215332,51.75918197631836,2286000
2021-08-12,IR,51.59999847412109,52.06999969482422,51.45000076293945,52.0099983215332,51.75918197631836,2286000
2021-08-13,IR,52.0,52.65499877929688,51.84999847412109,52.43000030517578,52.17716217041016,2799100
2021-08-13,IR,52.0,52.65499877929688,51.84999847412109,52.43000030517578,52.17716217041016,2799100
2021-08-16,IR,52.2400016784668,52.470001220703125,51.66999816894531,52.29999923706055,52.04779052734375,1677300
2021-08-16,IR,52.2400016784668,52.470001220703125,51.66999816894531,52.29999923706055,52.04779052734375,1677300
2021-08-17,IR,51.970001220703125,52.09000015258789,50.66999816894531,50.84999847412109,50.60478210449219,2778100
2021-08-17,IR,51.970001220703125,52.09000015258789,50.66999816894531,50.84999847412109,50.60478210449219,2778100
2021-08-18,IR,50.720001220703125,51.09000015258789,50.40999984741211,50.47999954223633,50.23656845092773,1544500
2021-08-18,IR,50.720001220703125,51.09000015258789,50.40999984741211,50.47999954223633,50.23656845092773,1544500
2021-08-19,IR,50.0,50.209999084472656,49.310001373291016,49.7400016784668,49.50014114379883,2231600
2021-08-19,IR,50.0,50.209999084472656,49.310001373291016,49.7400016784668,49.50014114379883,2231600
2021-08-20,IR,49.75,50.13999938964844,49.45000076293945,50.08000183105469,49.83849334716797,1489300
2021-08-20,IR,49.75,50.13999938964844,49.45000076293945,50.08000183105469,49.83849334716797,1489300
2021-08-23,IR,50.58000183105469,51.27000045776367,50.4900016784668,50.95000076293945,50.70430755615234,1637600
2021-08-23,IR,50.58000183105469,51.27000045776367,50.4900016784668,50.95000076293945,50.70430755615234,1637600
2021-08-24,IR,51.09000015258789,52.0,51.09000015258789,51.79999923706055,51.55019378662109,1540500
2021-08-24,IR,51.09000015258789,52.0,51.09000015258789,51.79999923706055,51.55019378662109,1540500
2021-08-25,IR,51.9900016784668,52.400001525878906,51.65999984741211,52.09000015258789,51.83879852294922,2112900
2021-08-25,IR,51.9900016784668,52.400001525878906,51.65999984741211,52.09000015258789,51.83879852294922,2112900
2021-08-26,IR,51.9900016784668,52.20000076293945,51.33000183105469,51.81999969482422,51.57011032104492,2154800
2021-08-26,IR,51.9900016784668,52.20000076293945,51.33000183105469,51.81999969482422,51.57011032104492,2154800
2021-08-27,IR,52.08000183105469,53.38999938964844,51.7599983215332,52.84999847412109,52.59513854980469,3400700
2021-08-27,IR,52.08000183105469,53.38999938964844,51.7599983215332,52.84999847412109,52.59513854980469,3400700
2021-08-30,IR,52.88999938964844,53.540000915527344,52.45000076293945,53.25,52.99320983886719,2042900
2021-08-30,IR,52.88999938964844,53.540000915527344,52.45000076293945,53.25,52.99320983886719,2042900
2021-08-31,IR,53.220001220703125,53.41999816894531,52.650001525878906,53.02000045776367,52.76431655883789,2159100
2021-08-31,IR,53.220001220703125,53.41999816894531,52.650001525878906,53.02000045776367,52.76431655883789,2159100
2021-09-01,IR,53.310001373291016,53.310001373291016,52.380001068115234,52.7400016784668,52.48566818237305,1991900
2021-09-01,IR,53.310001373291016,53.310001373291016,52.380001068115234,52.7400016784668,52.48566818237305,1991900
2021-09-02,IR,53.43000030517578,54.45500183105469,52.900001525878906,53.790000915527344,53.53060150146485,3856500
2021-09-02,IR,53.43000030517578,54.45500183105469,52.900001525878906,53.790000915527344,53.53060150146485,3856500
2021-09-03,IR,53.880001068115234,54.20500183105469,52.630001068115234,52.93999862670898,52.684696197509766,3760300
2021-09-03,IR,53.880001068115234,54.20500183105469,52.630001068115234,52.93999862670898,52.684696197509766,3760300
2021-09-07,IR,52.7400016784668,53.08000183105469,51.47999954223633,51.7599983215332,51.510398864746094,2502300
2021-09-07,IR,52.7400016784668,53.08000183105469,51.47999954223633,51.7599983215332,51.510398864746094,2502300
2021-09-08,IR,51.560001373291016,52.86000061035156,51.40999984741211,52.720001220703125,52.46576690673828,2777900
2021-09-08,IR,51.560001373291016,52.86000061035156,51.40999984741211,52.720001220703125,52.46576690673828,2777900
2021-09-09,IR,52.720001220703125,54.150001525878906,52.720001220703125,53.88999938964844,53.6301155090332,3864200
2021-09-09,IR,52.720001220703125,54.150001525878906,52.720001220703125,53.88999938964844,53.6301155090332,3864200
2021-09-10,IR,54.45000076293945,55.2400016784668,54.119998931884766,54.72999954223633,54.46607208251953,3696100
2021-09-10,IR,54.45000076293945,55.2400016784668,54.119998931884766,54.72999954223633,54.46607208251953,3696100
2021-09-13,IR,55.310001373291016,55.619998931884766,53.40499877929688,54.0,53.739593505859375,3969100
2021-09-13,IR,55.310001373291016,55.619998931884766,53.40499877929688,54.0,53.739593505859375,3969100
2021-09-14,IR,54.310001373291016,54.31999969482422,52.869998931884766,53.54999923706055,53.29176330566406,2652900
2021-09-14,IR,54.310001373291016,54.31999969482422,52.869998931884766,53.54999923706055,53.29176330566406,2652900
2021-09-15,IR,53.43999862670898,55.02000045776367,53.22999954223633,54.97999954223633,54.71487045288086,3058900
2021-09-15,IR,53.43999862670898,55.02000045776367,53.22999954223633,54.97999954223633,54.71487045288086,3058900
2021-09-16,IR,54.75,55.18000030517578,54.20000076293945,54.56999969482422,54.30684661865234,2961300
2021-09-16,IR,54.75,55.18000030517578,54.20000076293945,54.56999969482422,54.30684661865234,2961300
2021-09-17,IR,53.959999084472656,54.709999084472656,53.810001373291016,54.29999923706055,54.03813934326172,8807300
2021-09-17,IR,53.959999084472656,54.709999084472656,53.810001373291016,54.29999923706055,54.03813934326172,8807300
2021-09-20,IR,53.130001068115234,53.52999877929688,52.34999847412109,52.9900016784668,52.73445892333984,2795100
2021-09-20,IR,53.130001068115234,53.52999877929688,52.34999847412109,52.9900016784668,52.73445892333984,2795100
2021-09-21,IR,53.33000183105469,53.41999816894531,52.15999984741211,52.91999816894531,52.664798736572266,2089700
2021-09-21,IR,53.33000183105469,53.41999816894531,52.15999984741211,52.91999816894531,52.664798736572266,2089700
2021-09-22,IR,53.45000076293945,53.72999954223633,52.84000015258789,52.900001525878906,52.6448974609375,2314600
2021-09-22,IR,53.45000076293945,53.72999954223633,52.84000015258789,52.900001525878906,52.6448974609375,2314600
2021-09-23,IR,53.15999984741211,53.77999877929688,53.02999877929688,53.63999938964844,53.38132095336914,2461000
2021-09-23,IR,53.15999984741211,53.77999877929688,53.02999877929688,53.63999938964844,53.38132095336914,2461000
2021-09-24,IR,53.59999847412109,53.970001220703125,53.209999084472656,53.5099983215332,53.251953125,1516000
2021-09-24,IR,53.59999847412109,53.970001220703125,53.209999084472656,53.5099983215332,53.251953125,1516000
2021-09-27,IR,53.630001068115234,54.7400016784668,53.33000183105469,53.380001068115234,53.12257766723633,2819000
2021-09-27,IR,53.630001068115234,54.7400016784668,53.33000183105469,53.380001068115234,53.12257766723633,2819000
2021-09-28,IR,52.84000015258789,53.16999816894531,51.31999969482422,51.560001373291016,51.31135559082031,2336900
2021-09-28,IR,52.84000015258789,53.16999816894531,51.31999969482422,51.560001373291016,51.31135559082031,2336900
2021-09-29,IR,51.75,52.0,51.2400016784668,51.40999984741211,51.16207504272461,1972400
2021-09-29,IR,51.75,52.0,51.2400016784668,51.40999984741211,51.16207504272461,1972400
2021-09-30,IR,51.56999969482422,51.63999938964844,50.380001068115234,50.40999984741211,50.16690444946289,2892700
2021-09-30,IR,51.56999969482422,51.63999938964844,50.380001068115234,50.40999984741211,50.16690444946289,2892700
2021-10-01,IR,50.630001068115234,51.16999816894531,50.02000045776367,50.869998931884766,50.62468338012695,1209300
2021-10-01,IR,50.630001068115234,51.16999816894531,50.02000045776367,50.869998931884766,50.62468338012695,1209300
2021-10-04,IR,50.970001220703125,51.36000061035156,50.540000915527344,50.7400016784668,50.49530792236328,1620600
2021-10-04,IR,50.970001220703125,51.36000061035156,50.540000915527344,50.7400016784668,50.49530792236328,1620600
2021-10-05,IR,50.86000061035156,51.755001068115234,50.5,51.209999084472656,50.96304321289063,1613200
2021-10-05,IR,50.86000061035156,51.755001068115234,50.5,51.209999084472656,50.96304321289063,1613200
2021-10-06,IR,50.43999862670898,51.310001373291016,50.04999923706055,51.16999816894531,50.92324066162109,3167400
2021-10-06,IR,50.43999862670898,51.310001373291016,50.04999923706055,51.16999816894531,50.92324066162109,3167400
2021-10-07,IR,51.79999923706055,52.45000076293945,51.66999816894531,51.70000076293945,51.450679779052734,2244900
2021-10-07,IR,51.79999923706055,52.45000076293945,51.66999816894531,51.70000076293945,51.450679779052734,2244900
2021-10-08,IR,51.40999984741211,51.76499938964844,50.70000076293945,50.9900016784668,50.74411010742188,1342700
2021-10-08,IR,51.40999984741211,51.76499938964844,50.70000076293945,50.9900016784668,50.74411010742188,1342700
2021-10-11,IR,50.83000183105469,51.16999816894531,50.060001373291016,50.06999969482422,49.82854461669922,1379300
2021-10-11,IR,50.83000183105469,51.16999816894531,50.060001373291016,50.06999969482422,49.82854461669922,1379300
2021-10-12,IR,50.18000030517578,50.58000183105469,49.71500015258789,49.88999938964844,49.649410247802734,1563300
2021-10-12,IR,50.18000030517578,50.58000183105469,49.71500015258789,49.88999938964844,49.649410247802734,1563300
2021-10-13,IR,50.119998931884766,50.845001220703125,49.75,50.7400016784668,50.49530792236328,1651600
2021-10-13,IR,50.119998931884766,50.845001220703125,49.75,50.7400016784668,50.49530792236328,1651600
2021-10-14,IR,51.18999862670898,52.29999923706055,50.900001525878906,52.27000045776367,52.0179328918457,1756700
2021-10-14,IR,51.18999862670898,52.29999923706055,50.900001525878906,52.27000045776367,52.0179328918457,1756700
2021-10-15,IR,52.665000915527344,53.08000183105469,52.470001220703125,52.5099983215332,52.25677490234375,1229900
2021-10-15,IR,52.665000915527344,53.08000183105469,52.470001220703125,52.5099983215332,52.25677490234375,1229900
2021-10-18,IR,52.060001373291016,53.08000183105469,51.90499877929688,52.91999816894531,52.664798736572266,1640300
2021-10-18,IR,52.060001373291016,53.08000183105469,51.90499877929688,52.91999816894531,52.664798736572266,1640300
2021-10-19,IR,53.36000061035156,53.900001525878906,53.29999923706055,53.56999969482422,53.31166458129883,1691800
2021-10-19,IR,53.36000061035156,53.900001525878906,53.29999923706055,53.56999969482422,53.31166458129883,1691800
2021-10-20,IR,53.7599983215332,54.071998596191406,53.47499847412109,53.560001373291016,53.30171203613281,1412800
2021-10-20,IR,53.7599983215332,54.071998596191406,53.47499847412109,53.560001373291016,53.30171203613281,1412800
2021-10-21,IR,53.060001373291016,54.34000015258789,53.060001373291016,54.11000061035156,53.84907150268555,2410100
2021-10-21,IR,53.060001373291016,54.34000015258789,53.060001373291016,54.11000061035156,53.84907150268555,2410100
2021-10-22,IR,54.34000015258789,54.650001525878906,53.72999954223633,54.20000076293945,53.93862915039063,1050100
2021-10-22,IR,54.34000015258789,54.650001525878906,53.72999954223633,54.20000076293945,53.93862915039063,1050100
2021-10-25,IR,54.040000915527344,55.040000915527344,53.84999847412109,54.54999923706055,54.28693008422852,1625900
2021-10-25,IR,54.040000915527344,55.040000915527344,53.84999847412109,54.54999923706055,54.28693008422852,1625900
2021-10-26,IR,54.77000045776367,54.79999923706055,53.89300155639648,53.93999862670898,53.67987823486328,1348600
2021-10-26,IR,54.77000045776367,54.79999923706055,53.89300155639648,53.93999862670898,53.67987823486328,1348600
2021-10-27,IR,53.869998931884766,54.44499969482422,53.17499923706055,53.220001220703125,52.96334838867188,1511100
2021-10-27,IR,53.869998931884766,54.44499969482422,53.17499923706055,53.220001220703125,52.96334838867188,1511100
2021-10-28,IR,53.25,54.34000015258789,52.900001525878906,54.33000183105469,54.0680046081543,1561900
2021-10-28,IR,53.25,54.34000015258789,52.900001525878906,54.33000183105469,54.0680046081543,1561900
2021-10-29,IR,54.0099983215332,54.47999954223633,53.5,53.7599983215332,53.50074005126953,2133800
2021-10-29,IR,54.0099983215332,54.47999954223633,53.5,53.7599983215332,53.50074005126953,2133800
2021-11-01,IR,53.91999816894531,54.79499816894531,53.880001068115234,54.4900016784668,54.22722625732422,1614000
2021-11-01,IR,53.91999816894531,54.79499816894531,53.880001068115234,54.4900016784668,54.22722625732422,1614000
2021-11-02,IR,54.5,56.25,54.0,56.22999954223633,55.95882797241211,2100200
2021-11-02,IR,54.5,56.25,54.0,56.22999954223633,55.95882797241211,2100200
2021-11-03,IR,56.02000045776367,56.33000183105469,55.27999877929688,56.060001373291016,55.78965759277344,2096300
2021-11-03,IR,56.02000045776367,56.33000183105469,55.27999877929688,56.060001373291016,55.78965759277344,2096300
2021-11-04,IR,57.040000915527344,58.43000030517578,56.52999877929688,57.150001525878906,56.87440490722656,2183000
2021-11-04,IR,57.040000915527344,58.43000030517578,56.52999877929688,57.150001525878906,56.87440490722656,2183000
2021-11-05,IR,57.68999862670898,58.04999923706055,56.68000030517578,57.25,56.97391891479492,2939100
2021-11-05,IR,57.68999862670898,58.04999923706055,56.68000030517578,57.25,56.97391891479492,2939100
2021-11-08,IR,57.83000183105469,58.27000045776367,57.59000015258789,57.90999984741211,57.63073348999024,2282800
2021-11-08,IR,57.83000183105469,58.27000045776367,57.59000015258789,57.90999984741211,57.63073348999024,2282800
2021-11-09,IR,57.810001373291016,59.560001373291016,57.790000915527344,59.5,59.233524322509766,3092700
2021-11-09,IR,57.810001373291016,59.560001373291016,57.790000915527344,59.5,59.233524322509766,3092700
2021-11-10,IR,59.09999847412109,59.4900016784668,58.290000915527344,58.38999938964844,58.12849807739258,1820900
2021-11-10,IR,59.09999847412109,59.4900016784668,58.290000915527344,58.38999938964844,58.12849807739258,1820900
2021-11-11,IR,58.560001373291016,58.665000915527344,57.935001373291016,58.25,57.9891242980957,1083900
2021-11-11,IR,58.560001373291016,58.665000915527344,57.935001373291016,58.25,57.9891242980957,1083900
2021-11-12,IR,58.52999877929688,58.59700012207031,57.880001068115234,58.45000076293945,58.18822479248047,1369400
2021-11-12,IR,58.52999877929688,58.59700012207031,57.880001068115234,58.45000076293945,58.18822479248047,1369400
2021-11-15,IR,58.59000015258789,59.400001525878906,58.54999923706055,59.04999923706055,58.7855339050293,2400700
2021-11-15,IR,58.59000015258789,59.400001525878906,58.54999923706055,59.04999923706055,58.7855339050293,2400700
2021-11-16,IR,59.220001220703125,60.9900016784668,59.15999984741211,60.29999923706055,60.02994155883789,2147000
2021-11-16,IR,59.220001220703125,60.9900016784668,59.15999984741211,60.29999923706055,60.02994155883789,2147000
2021-11-17,IR,60.18000030517578,60.185001373291016,58.560001373291016,59.34000015258789,59.07424545288086,1913000
2021-11-17,IR,60.18000030517578,60.185001373291016,58.560001373291016,59.34000015258789,59.07424545288086,1913000
2021-11-18,IR,60.0,61.2599983215332,59.81999969482422,60.900001525878906,60.62726211547852,3510100
2021-11-18,IR,60.0,61.2599983215332,59.81999969482422,60.900001525878906,60.62726211547852,3510100
2021-11-19,IR,61.880001068115234,62.060001373291016,60.290000915527344,61.45000076293945,61.174800872802734,2734700
2021-11-19,IR,61.880001068115234,62.060001373291016,60.290000915527344,61.45000076293945,61.174800872802734,2734700
2021-11-22,IR,61.7400016784668,62.04999923706055,59.880001068115234,59.91999816894531,59.65164566040039,1954500
2021-11-22,IR,61.7400016784668,62.04999923706055,59.880001068115234,59.91999816894531,59.65164566040039,1954500
2021-11-23,IR,59.709999084472656,60.7599983215332,59.45000076293945,60.68999862670898,60.418190002441406,1908500
2021-11-23,IR,59.709999084472656,60.7599983215332,59.45000076293945,60.68999862670898,60.418190002441406,1908500
2021-11-24,IR,60.02000045776367,61.040000915527344,60.0,61.02000045776367,60.7467155456543,1370700
2021-11-24,IR,60.02000045776367,61.040000915527344,60.0,61.02000045776367,60.7467155456543,1370700
2021-11-26,IR,58.4900016784668,59.90999984741211,58.18999862670898,58.93999862670898,58.67603302001953,1882400
2021-11-26,IR,58.4900016784668,59.90999984741211,58.18999862670898,58.93999862670898,58.67603302001953,1882400
2021-11-29,IR,59.880001068115234,60.560001373291016,59.27999877929688,59.79999923706055,59.53218078613281,1999400
2021-11-29,IR,59.880001068115234,60.560001373291016,59.27999877929688,59.79999923706055,59.53218078613281,1999400
2021-11-30,IR,59.25,60.13999938964844,58.02000045776367,58.34000015258789,58.07872009277344,2563700
2021-11-30,IR,59.25,60.13999938964844,58.02000045776367,58.34000015258789,58.07872009277344,2563700
2021-12-01,IR,59.43000030517578,59.84000015258789,57.06999969482422,57.09999847412109,56.84427261352539,1463700
2021-12-01,IR,59.43000030517578,59.84000015258789,57.06999969482422,57.09999847412109,56.84427261352539,1463700
2021-12-02,IR,57.4900016784668,59.58000183105469,57.38999938964844,59.2400016784668,58.97468948364258,2415500
2021-12-02,IR,57.4900016784668,59.58000183105469,57.38999938964844,59.2400016784668,58.97468948364258,2415500
2021-12-03,IR,59.61000061035156,59.61000061035156,57.56999969482422,58.5,58.23799896240234,2174100
2021-12-03,IR,59.61000061035156,59.61000061035156,57.56999969482422,58.5,58.23799896240234,2174100
2021-12-06,IR,59.33000183105469,59.709999084472656,58.720001220703125,58.7400016784668,58.4769287109375,2623700
2021-12-06,IR,59.33000183105469,59.709999084472656,58.720001220703125,58.7400016784668,58.4769287109375,2623700
2021-12-07,IR,59.33000183105469,60.41999816894531,59.220001220703125,59.72999954223633,59.462493896484375,2201800
2021-12-07,IR,59.33000183105469,60.41999816894531,59.220001220703125,59.72999954223633,59.462493896484375,2201800
2021-12-08,IR,59.5099983215332,60.209999084472656,58.91999816894531,60.150001525878906,59.880615234375,2614800
2021-12-08,IR,59.5099983215332,60.209999084472656,58.91999816894531,60.150001525878906,59.880615234375,2614800
2021-12-09,IR,59.790000915527344,60.42499923706055,59.560001373291016,59.91999816894531,59.65164566040039,1162100
2021-12-09,IR,59.790000915527344,60.42499923706055,59.560001373291016,59.91999816894531,59.65164566040039,1162100
2021-12-10,IR,60.0,60.18999862670898,59.25,59.59000015258789,59.3231201171875,1676500
2021-12-10,IR,60.0,60.18999862670898,59.25,59.59000015258789,59.3231201171875,1676500
2021-12-13,IR,59.560001373291016,60.29999923706055,59.47499847412109,59.63999938964844,59.37289810180664,1983300
2021-12-13,IR,59.560001373291016,60.29999923706055,59.47499847412109,59.63999938964844,59.37289810180664,1983300
2021-12-14,IR,59.22999954223633,59.58000183105469,57.435001373291016,58.08000183105469,57.81988143920898,3232400
2021-12-14,IR,59.22999954223633,59.58000183105469,57.435001373291016,58.08000183105469,57.81988143920898,3232400
2021-12-15,IR,58.47999954223633,59.59999847412109,57.81999969482422,59.540000915527344,59.27334976196289,2478300
2021-12-15,IR,58.47999954223633,59.59999847412109,57.81999969482422,59.540000915527344,59.27334976196289,2478300
2021-12-16,IR,59.720001220703125,60.68000030517578,58.77000045776367,59.41999816894531,59.15387344360352,1976200
2021-12-16,IR,59.720001220703125,60.68000030517578,58.77000045776367,59.41999816894531,59.15387344360352,1976200
2021-12-17,IR,59.18000030517578,59.4900016784668,58.15999984741211,58.220001220703125,57.959266662597656,3680200
2021-12-17,IR,59.18000030517578,59.4900016784668,58.15999984741211,58.220001220703125,57.959266662597656,3680200
2021-12-20,IR,57.41999816894531,57.93999862670898,56.900001525878906,57.869998931884766,57.61083221435547,2193300
2021-12-20,IR,57.41999816894531,57.93999862670898,56.900001525878906,57.869998931884766,57.61083221435547,2193300
2021-12-21,IR,58.52999877929688,59.52999877929688,58.09999847412109,59.16999816894531,58.90500259399414,1711500
2021-12-21,IR,58.52999877929688,59.52999877929688,58.09999847412109,59.16999816894531,58.90500259399414,1711500
2021-12-22,IR,59.220001220703125,59.4900016784668,58.33000183105469,58.7400016784668,58.4769287109375,1148200
2021-12-22,IR,59.220001220703125,59.4900016784668,58.33000183105469,58.7400016784668,58.4769287109375,1148200
2021-12-23,IR,59.040000915527344,60.04999923706055,58.959999084472656,59.7400016784668,59.472450256347656,1140200
2021-12-23,IR,59.040000915527344,60.04999923706055,58.959999084472656,59.7400016784668,59.472450256347656,1140200
2021-12-27,IR,59.880001068115234,61.43999862670898,59.790000915527344,61.209999084472656,60.93586349487305,1197400
2021-12-27,IR,59.880001068115234,61.43999862670898,59.790000915527344,61.209999084472656,60.93586349487305,1197400
2021-12-28,IR,61.27999877929688,61.70000076293945,60.900001525878906,61.369998931884766,61.09515380859375,1244100
2021-12-28,IR,61.27999877929688,61.70000076293945,60.900001525878906,61.369998931884766,61.09515380859375,1244100
2021-12-29,IR,61.27999877929688,61.59000015258789,61.08000183105469,61.400001525878906,61.12500762939453,754500
2021-12-29,IR,61.27999877929688,61.59000015258789,61.08000183105469,61.400001525878906,61.12500762939453,754500
2021-12-30,IR,61.41999816894531,62.0,61.25,61.25,60.9756965637207,757300
2021-12-30,IR,61.41999816894531,62.0,61.25,61.25,60.9756965637207,757300
2021-12-31,IR,61.150001525878906,62.22999954223633,61.150001525878906,61.869998931884766,61.59291076660156,966200
2021-12-31,IR,61.150001525878906,62.22999954223633,61.150001525878906,61.869998931884766,61.59291076660156,966200
2022-01-03,IR,62.20000076293945,62.63999938964844,59.31999969482422,59.630001068115234,59.36294174194336,1892100
2022-01-03,IR,62.20000076293945,62.63999938964844,59.31999969482422,59.630001068115234,59.36294174194336,1892100
2022-01-04,IR,60.150001525878906,61.06999969482422,59.72999954223633,60.7400016784668,60.46797180175781,1837800
2022-01-04,IR,60.150001525878906,61.06999969482422,59.72999954223633,60.7400016784668,60.46797180175781,1837800
2022-01-05,IR,60.75,61.34999847412109,59.150001525878906,59.209999084472656,58.94482803344727,2537700
2022-01-05,IR,60.75,61.34999847412109,59.150001525878906,59.209999084472656,58.94482803344727,2537700
2022-01-06,IR,59.72999954223633,60.5,59.10900115966797,60.29999923706055,60.02994155883789,1367400
2022-01-06,IR,59.72999954223633,60.5,59.10900115966797,60.29999923706055,60.02994155883789,1367400
2022-01-07,IR,60.33000183105469,60.869998931884766,59.25,59.29999923706055,59.03442001342773,1917900
2022-01-07,IR,60.33000183105469,60.869998931884766,59.25,59.29999923706055,59.03442001342773,1917900
2022-01-10,IR,58.47999954223633,59.09000015258789,57.959999084472656,58.9900016784668,58.725807189941406,2101600
2022-01-10,IR,58.47999954223633,59.09000015258789,57.959999084472656,58.9900016784668,58.725807189941406,2101600
2022-01-11,IR,59.31999969482422,60.09000015258789,58.380001068115234,59.970001220703125,59.701419830322266,1543500
2022-01-11,IR,59.31999969482422,60.09000015258789,58.380001068115234,59.970001220703125,59.701419830322266,1543500
2022-01-12,IR,60.220001220703125,60.65999984741211,59.79999923706055,59.97999954223633,59.711368560791016,1085800
2022-01-12,IR,60.220001220703125,60.65999984741211,59.79999923706055,59.97999954223633,59.711368560791016,1085800
2022-01-13,IR,59.84999847412109,60.45000076293945,59.30500030517578,59.52000045776367,59.25343704223633,1370600
2022-01-13,IR,59.84999847412109,60.45000076293945,59.30500030517578,59.52000045776367,59.25343704223633,1370600
2022-01-14,IR,58.7599983215332,59.5,58.290000915527344,59.36000061035156,59.09415435791016,1947700
2022-01-14,IR,58.7599983215332,59.5,58.290000915527344,59.36000061035156,59.09415435791016,1947700
2022-01-18,IR,58.540000915527344,59.119998931884766,58.15999984741211,58.61000061035156,58.34751129150391,1756300
2022-01-18,IR,58.540000915527344,59.119998931884766,58.15999984741211,58.61000061035156,58.34751129150391,1756300
2022-01-19,IR,59.0099983215332,59.43000030517578,58.2599983215332,58.380001068115234,58.11854553222656,1429600
2022-01-19,IR,59.0099983215332,59.43000030517578,58.2599983215332,58.380001068115234,58.11854553222656,1429600
2022-01-20,IR,58.25,59.380001068115234,57.5099983215332,57.650001525878906,57.39180755615234,1650700
2022-01-20,IR,58.25,59.380001068115234,57.5099983215332,57.650001525878906,57.39180755615234,1650700
2022-01-21,IR,57.150001525878906,57.900001525878906,56.61000061035156,57.27000045776367,57.01351547241211,1983700
2022-01-21,IR,57.150001525878906,57.900001525878906,56.61000061035156,57.27000045776367,57.01351547241211,1983700
2022-01-24,IR,56.2400016784668,57.2599983215332,54.41999816894531,57.15999984741211,56.90400314331055,2971100
2022-01-24,IR,56.2400016784668,57.2599983215332,54.41999816894531,57.15999984741211,56.90400314331055,2971100
2022-01-25,IR,56.209999084472656,56.630001068115234,54.5,55.58000183105469,55.33108139038086,2617300
2022-01-25,IR,56.209999084472656,56.630001068115234,54.5,55.58000183105469,55.33108139038086,2617300
2022-01-26,IR,56.119998931884766,57.334999084472656,55.33000183105469,55.93999862670898,55.68946838378906,2665300
2022-01-26,IR,56.119998931884766,57.334999084472656,55.33000183105469,55.93999862670898,55.68946838378906,2665300
2022-01-27,IR,56.68999862670898,57.220001220703125,54.61000061035156,54.83000183105469,54.58444213867188,2858800
2022-01-27,IR,56.68999862670898,57.220001220703125,54.61000061035156,54.83000183105469,54.58444213867188,2858800
2022-01-28,IR,54.59999847412109,55.13999938964844,53.334999084472656,55.119998931884766,54.87313079833984,2409000
2022-01-28,IR,54.59999847412109,55.13999938964844,53.334999084472656,55.119998931884766,54.87313079833984,2409000
2022-01-31,IR,55.08000183105469,56.36000061035156,54.72999954223633,56.209999084472656,55.9582633972168,1855500
2022-01-31,IR,55.08000183105469,56.36000061035156,54.72999954223633,56.209999084472656,55.9582633972168,1855500
2022-02-01,IR,56.2400016784668,57.06999969482422,55.60499954223633,56.810001373291016,56.55556869506836,1465200
2022-02-01,IR,56.2400016784668,57.06999969482422,55.60499954223633,56.810001373291016,56.55556869506836,1465200
2022-02-02,IR,56.970001220703125,57.2400016784668,56.43000030517578,56.75,56.49584197998047,1425000
2022-02-02,IR,56.970001220703125,57.2400016784668,56.43000030517578,56.75,56.49584197998047,1425000
2022-02-03,IR,56.290000915527344,56.540000915527344,54.91999816894531,55.09999847412109,54.85322570800781,2492900
2022-02-03,IR,56.290000915527344,56.540000915527344,54.91999816894531,55.09999847412109,54.85322570800781,2492900
2022-02-04,IR,54.619998931884766,55.084999084472656,53.43000030517578,54.619998931884766,54.3753776550293,2240500
2022-02-04,IR,54.619998931884766,55.084999084472656,53.43000030517578,54.619998931884766,54.3753776550293,2240500
2022-02-07,IR,54.68999862670898,55.04999923706055,54.40999984741211,54.56999969482422,54.32560348510742,1796400
2022-02-07,IR,54.68999862670898,55.04999923706055,54.40999984741211,54.56999969482422,54.32560348510742,1796400
2022-02-08,IR,54.7400016784668,55.584999084472656,54.26399993896485,55.20000076293945,54.95277786254883,2988500
2022-02-08,IR,54.7400016784668,55.584999084472656,54.26399993896485,55.20000076293945,54.95277786254883,2988500
2022-02-09,IR,56.02000045776367,56.56499862670898,55.93000030517578,56.31999969482422,56.06776428222656,2468300
2022-02-09,IR,56.02000045776367,56.56499862670898,55.93000030517578,56.31999969482422,56.06776428222656,2468300
2022-02-10,IR,55.36000061035156,56.630001068115234,55.0099983215332,55.34000015258789,55.0921516418457,1872800
2022-02-10,IR,55.36000061035156,56.630001068115234,55.0099983215332,55.34000015258789,55.0921516418457,1872800
2022-02-11,IR,55.5099983215332,55.58000183105469,52.959999084472656,53.31999969482422,53.081199645996094,3235600
2022-02-11,IR,55.5099983215332,55.58000183105469,52.959999084472656,53.31999969482422,53.081199645996094,3235600
2022-02-14,IR,53.290000915527344,54.18999862670898,53.20000076293945,53.79999923706055,53.55904769897461,3217800
2022-02-14,IR,53.290000915527344,54.18999862670898,53.20000076293945,53.79999923706055,53.55904769897461,3217800
2022-02-15,IR,54.70000076293945,55.33000183105469,54.5,55.11000061035156,54.86317825317383,2739800
2022-02-15,IR,54.70000076293945,55.33000183105469,54.5,55.11000061035156,54.86317825317383,2739800
2022-02-16,IR,54.81999969482422,55.18000030517578,54.185001373291016,54.91999816894531,54.67403030395508,1769000
2022-02-16,IR,54.81999969482422,55.18000030517578,54.185001373291016,54.91999816894531,54.67403030395508,1769000
2022-02-17,IR,54.43999862670898,54.5,53.27999877929688,53.310001373291016,53.07124710083008,1578400
2022-02-17,IR,54.43999862670898,54.5,53.27999877929688,53.310001373291016,53.07124710083008,1578400
2022-02-18,IR,53.15999984741211,53.959999084472656,52.77999877929688,53.06999969482422,52.83232879638672,1827600
2022-02-18,IR,53.15999984741211,53.959999084472656,52.77999877929688,53.06999969482422,52.83232879638672,1827600
2022-02-22,IR,53.130001068115234,53.81999969482422,52.70000076293945,53.09000015258789,52.85223007202149,2016000
2022-02-22,IR,53.130001068115234,53.81999969482422,52.70000076293945,53.09000015258789,52.85223007202149,2016000
2022-02-23,IR,53.41999816894531,53.41999816894531,51.810001373291016,52.0,51.7671127319336,2683700
2022-02-23,IR,53.41999816894531,53.41999816894531,51.810001373291016,52.0,51.7671127319336,2683700
2022-02-24,IR,50.470001220703125,51.2400016784668,49.0,50.33000183105469,50.104591369628906,4031900
2022-02-24,IR,50.470001220703125,51.2400016784668,49.0,50.33000183105469,50.104591369628906,4031900
2022-02-25,IR,50.290000915527344,51.59999847412109,49.619998931884766,51.43000030517578,51.199668884277344,2025700
2022-02-25,IR,50.290000915527344,51.59999847412109,49.619998931884766,51.43000030517578,51.199668884277344,2025700
2022-02-28,IR,50.45000076293945,51.400001525878906,49.915000915527344,50.52000045776367,50.29375076293945,3193000
2022-02-28,IR,50.45000076293945,51.400001525878906,49.915000915527344,50.52000045776367,50.29375076293945,3193000
2022-03-01,IR,50.2400016784668,50.31999969482422,48.84999847412109,49.25,49.02943420410156,3589300
2022-03-01,IR,50.2400016784668,50.31999969482422,48.84999847412109,49.25,49.02943420410156,3589300
2022-03-02,IR,49.790000915527344,50.90999984741211,49.619998931884766,50.43999862670898,50.21410369873047,2231700
2022-03-02,IR,49.790000915527344,50.90999984741211,49.619998931884766,50.43999862670898,50.21410369873047,2231700
2022-03-03,IR,50.59000015258789,50.88999938964844,49.54999923706055,49.68999862670898,49.46746063232422,1859600
2022-03-03,IR,50.59000015258789,50.88999938964844,49.54999923706055,49.68999862670898,49.46746063232422,1859600
2022-03-04,IR,48.7599983215332,49.02999877929688,46.244998931884766,46.33000183105469,46.12250518798828,5095000
2022-03-04,IR,48.7599983215332,49.02999877929688,46.244998931884766,46.33000183105469,46.12250518798828,5095000
2022-03-07,IR,46.61000061035156,47.02000045776367,44.84999847412109,44.900001525878906,44.69891357421875,4854400
2022-03-07,IR,46.61000061035156,47.02000045776367,44.84999847412109,44.900001525878906,44.69891357421875,4854400
2022-03-08,IR,45.33000183105469,47.58000183105469,45.27000045776367,45.93999862670898,45.75463104248047,6545800
2022-03-08,IR,45.33000183105469,47.58000183105469,45.27000045776367,45.93999862670898,45.75463104248047,6545800
2022-03-09,IR,47.43999862670898,49.47499847412109,47.06999969482422,48.56999969482422,48.37401580810547,6328200
2022-03-09,IR,47.43999862670898,49.47499847412109,47.06999969482422,48.56999969482422,48.37401580810547,6328200
2022-03-10,IR,47.59999847412109,48.83000183105469,47.52000045776367,48.56999969482422,48.37401580810547,5216500
2022-03-10,IR,47.59999847412109,48.83000183105469,47.52000045776367,48.56999969482422,48.37401580810547,5216500
2022-03-11,IR,49.130001068115234,49.41999816894531,47.540000915527344,47.59000015258789,47.39796829223633,2740400
2022-03-11,IR,49.130001068115234,49.41999816894531,47.540000915527344,47.59000015258789,47.39796829223633,2740400
2022-03-14,IR,48.27000045776367,48.27000045776367,47.400001525878906,47.65999984741211,47.46768569946289,2372500
2022-03-14,IR,48.27000045776367,48.27000045776367,47.400001525878906,47.65999984741211,47.46768569946289,2372500
2022-03-15,IR,48.060001373291016,48.63999938964844,47.790000915527344,48.400001525878906,48.20470428466797,2128400
2022-03-15,IR,48.060001373291016,48.63999938964844,47.790000915527344,48.400001525878906,48.20470428466797,2128400
2022-03-16,IR,48.97999954223633,50.90999984741211,48.97999954223633,50.20000076293945,49.99744415283203,3148400
2022-03-16,IR,48.97999954223633,50.90999984741211,48.97999954223633,50.20000076293945,49.99744415283203,3148400
2022-03-17,IR,49.38999938964844,50.86000061035156,49.38999938964844,50.81999969482422,50.61493682861328,2438200
2022-03-17,IR,49.38999938964844,50.86000061035156,49.38999938964844,50.81999969482422,50.61493682861328,2438200
2022-03-18,IR,50.810001373291016,51.54999923706055,49.959999084472656,51.400001525878906,51.19260787963867,3274000
2022-03-18,IR,50.810001373291016,51.54999923706055,49.959999084472656,51.400001525878906,51.19260787963867,3274000
2022-03-21,IR,51.27999877929688,51.7599983215332,50.27000045776367,50.88999938964844,50.68466567993164,2068800
2022-03-21,IR,51.27999877929688,51.7599983215332,50.27000045776367,50.88999938964844,50.68466567993164,2068800
2022-03-22,IR,51.119998931884766,51.5,50.459999084472656,50.77000045776367,50.56514358520508,2210200
2022-03-22,IR,51.119998931884766,51.5,50.459999084472656,50.77000045776367,50.56514358520508,2210200
2022-03-23,IR,50.36000061035156,50.59999847412109,49.29499816894531,49.31999969482422,49.12099456787109,2444000
2022-03-23,IR,50.36000061035156,50.59999847412109,49.29499816894531,49.31999969482422,49.12099456787109,2444000
2022-03-24,IR,49.619998931884766,49.73500061035156,49.060001373291016,49.38999938964844,49.19071578979492,2124700
2022-03-24,IR,49.619998931884766,49.73500061035156,49.060001373291016,49.38999938964844,49.19071578979492,2124700
2022-03-25,IR,49.36000061035156,50.040000915527344,48.869998931884766,49.97999954223633,49.77833938598633,2214700
2022-03-25,IR,49.36000061035156,50.040000915527344,48.869998931884766,49.97999954223633,49.77833938598633,2214700
2022-03-28,IR,49.900001525878906,50.13999938964844,49.31999969482422,49.79999923706055,49.59904861450195,2354700
2022-03-28,IR,49.900001525878906,50.13999938964844,49.31999969482422,49.79999923706055,49.59904861450195,2354700
2022-03-29,IR,50.70000076293945,51.470001220703125,50.47999954223633,50.7599983215332,50.55517959594727,1424700
2022-03-29,IR,50.70000076293945,51.470001220703125,50.47999954223633,50.7599983215332,50.55517959594727,1424700
2022-03-30,IR,50.43000030517578,51.02000045776367,50.34000015258789,50.79999923706055,50.59503173828125,2749200
2022-03-30,IR,50.43000030517578,51.02000045776367,50.34000015258789,50.79999923706055,50.59503173828125,2749200
2022-03-31,IR,50.43000030517578,50.90999984741211,50.16999816894531,50.34999847412109,50.14683151245117,3593000
2022-03-31,IR,50.43000030517578,50.90999984741211,50.16999816894531,50.34999847412109,50.14683151245117,3593000
2022-04-01,IR,50.97999954223633,51.38999938964844,50.18000030517578,50.25,50.04723739624024,3672300
2022-04-01,IR,50.97999954223633,51.38999938964844,50.18000030517578,50.25,50.04723739624024,3672300
2022-04-04,IR,49.58000183105469,49.915000915527344,48.810001373291016,48.959999084472656,48.76244354248047,3118200
2022-04-04,IR,49.58000183105469,49.915000915527344,48.810001373291016,48.959999084472656,48.76244354248047,3118200
2022-04-05,IR,48.77000045776367,49.31999969482422,48.18999862670898,48.45000076293945,48.2545051574707,3241600
2022-04-05,IR,48.77000045776367,49.31999969482422,48.18999862670898,48.45000076293945,48.2545051574707,3241600
2022-04-06,IR,47.150001525878906,47.93000030517578,46.70000076293945,47.86000061035156,47.66688537597656,3498400
2022-04-06,IR,47.150001525878906,47.93000030517578,46.70000076293945,47.86000061035156,47.66688537597656,3498400
2022-04-07,IR,47.68000030517578,47.97999954223633,47.06999969482422,47.75,47.55733108520508,2376500
2022-04-07,IR,47.68000030517578,47.97999954223633,47.06999969482422,47.75,47.55733108520508,2376500
2022-04-08,IR,47.79999923706055,47.93000030517578,46.68999862670898,46.83000183105469,46.64104461669922,2521000
2022-04-08,IR,47.79999923706055,47.93000030517578,46.68999862670898,46.83000183105469,46.64104461669922,2521000
2022-04-11,IR,46.630001068115234,47.025001525878906,46.25,46.41999816894531,46.232696533203125,3263600
2022-04-11,IR,46.630001068115234,47.025001525878906,46.25,46.41999816894531,46.232696533203125,3263600
2022-04-12,IR,46.709999084472656,47.34999847412109,45.959999084472656,46.25,46.063385009765625,1938200
2022-04-12,IR,46.709999084472656,47.34999847412109,45.959999084472656,46.25,46.063385009765625,1938200
2022-04-13,IR,46.08000183105469,47.40499877929688,46.08000183105469,47.33000183105469,47.13903045654297,1955000
2022-04-13,IR,46.08000183105469,47.40499877929688,46.08000183105469,47.33000183105469,47.13903045654297,1955000
2022-04-14,IR,47.310001373291016,47.54999923706055,46.40999984741211,46.43999862670898,46.25260925292969,1583600
2022-04-14,IR,47.310001373291016,47.54999923706055,46.40999984741211,46.43999862670898,46.25260925292969,1583600
2022-04-18,IR,46.08000183105469,47.16999816894531,45.93899917602539,46.619998931884766,46.43189239501953,1568900
2022-04-18,IR,46.08000183105469,47.16999816894531,45.93899917602539,46.619998931884766,46.43189239501953,1568900
2022-04-19,IR,46.52000045776367,48.15499877929688,46.52000045776367,47.95000076293945,47.75653076171875,1670800
2022-04-19,IR,46.52000045776367,48.15499877929688,46.52000045776367,47.95000076293945,47.75653076171875,1670800
2022-04-20,IR,48.310001373291016,49.76499938964844,48.04999923706055,49.36000061035156,49.16082763671875,2400000
2022-04-20,IR,48.310001373291016,49.76499938964844,48.04999923706055,49.36000061035156,49.16082763671875,2400000
2022-04-21,IR,49.84999847412109,50.09999847412109,47.619998931884766,47.77000045776367,47.57725524902344,1974300
2022-04-21,IR,49.84999847412109,50.09999847412109,47.619998931884766,47.77000045776367,47.57725524902344,1974300
2022-04-22,IR,47.209999084472656,47.459999084472656,45.79999923706055,45.93999862670898,45.75463104248047,2305800
2022-04-22,IR,47.209999084472656,47.459999084472656,45.79999923706055,45.93999862670898,45.75463104248047,2305800
2022-04-25,IR,45.5,45.68999862670898,44.46500015258789,45.66999816894531,45.4857177734375,2258800
2022-04-25,IR,45.5,45.68999862670898,44.46500015258789,45.66999816894531,45.4857177734375,2258800
2022-04-26,IR,45.2599983215332,45.61000061035156,43.71500015258789,43.810001373291016,43.63323211669922,2311000
2022-04-26,IR,45.2599983215332,45.61000061035156,43.71500015258789,43.810001373291016,43.63323211669922,2311000
2022-04-27,IR,43.880001068115234,44.93000030517578,43.72999954223633,44.2599983215332,44.08141708374024,1771000
2022-04-27,IR,43.880001068115234,44.93000030517578,43.72999954223633,44.2599983215332,44.08141708374024,1771000
2022-04-28,IR,44.66999816894531,45.34000015258789,43.54999923706055,45.08000183105469,44.89810562133789,2746000
2022-04-28,IR,44.66999816894531,45.34000015258789,43.54999923706055,45.08000183105469,44.89810562133789,2746000
2022-04-29,IR,44.970001220703125,45.68000030517578,43.81999969482422,43.959999084472656,43.78261947631836,2136100
2022-04-29,IR,44.970001220703125,45.68000030517578,43.81999969482422,43.959999084472656,43.78261947631836,2136100
2022-05-02,IR,43.77000045776367,44.79999923706055,43.29499816894531,44.54999923706055,44.3702392578125,2782400
2022-05-02,IR,43.77000045776367,44.79999923706055,43.29499816894531,44.54999923706055,44.3702392578125,2782400
2022-05-03,IR,44.43000030517578,45.47499847412109,44.15499877929688,45.209999084472656,45.02756881713867,2554100
2022-05-03,IR,44.43000030517578,45.47499847412109,44.15499877929688,45.209999084472656,45.02756881713867,2554100
2022-05-04,IR,45.45000076293945,47.290000915527344,45.04499816894531,46.9900016784668,46.8004035949707,3178700
2022-05-04,IR,45.45000076293945,47.290000915527344,45.04499816894531,46.9900016784668,46.8004035949707,3178700
2022-05-05,IR,46.79999923706055,48.79999923706055,44.93000030517578,45.52999877929688,45.34627914428711,3485800
2022-05-05,IR,46.79999923706055,48.79999923706055,44.93000030517578,45.52999877929688,45.34627914428711,3485800
2022-05-06,IR,45.25,45.34999847412109,43.09000015258789,43.79999923706055,43.623268127441406,2856800
2022-05-06,IR,45.25,45.34999847412109,43.09000015258789,43.79999923706055,43.623268127441406,2856800
2022-05-09,IR,43.130001068115234,43.869998931884766,42.90999984741211,43.25,43.07548904418945,2607100
2022-05-09,IR,43.130001068115234,43.869998931884766,42.90999984741211,43.25,43.07548904418945,2607100
2022-05-10,IR,43.77999877929688,44.11000061035156,41.59999847412109,42.36000061035156,42.18907928466797,3823600
2022-05-10,IR,43.77999877929688,44.11000061035156,41.59999847412109,42.36000061035156,42.18907928466797,3823600
2022-05-11,IR,42.27000045776367,44.209999084472656,41.869998931884766,42.68000030517578,42.50778579711914,3639500
2022-05-11,IR,42.27000045776367,44.209999084472656,41.869998931884766,42.68000030517578,42.50778579711914,3639500
2022-05-12,IR,42.38999938964844,43.83000183105469,42.0,42.93000030517578,42.756778717041016,3328800
2022-05-12,IR,42.38999938964844,43.83000183105469,42.0,42.93000030517578,42.756778717041016,3328800
2022-05-13,IR,43.290000915527344,44.39500045776367,43.13999938964844,43.650001525878906,43.473876953125,2592900
2022-05-13,IR,43.290000915527344,44.39500045776367,43.13999938964844,43.650001525878906,43.473876953125,2592900
2022-05-16,IR,43.27000045776367,43.80500030517578,42.900001525878906,43.43000030517578,43.254764556884766,2260000
2022-05-16,IR,43.27000045776367,43.80500030517578,42.900001525878906,43.43000030517578,43.254764556884766,2260000
2022-05-17,IR,44.47999954223633,44.88999938964844,43.810001373291016,44.84000015258789,44.65907669067383,1678500
2022-05-17,IR,44.47999954223633,44.88999938964844,43.810001373291016,44.84000015258789,44.65907669067383,1678500
2022-05-18,IR,44.33000183105469,44.93000030517578,43.34999847412109,43.630001068115234,43.45395278930664,2440400
2022-05-18,IR,44.33000183105469,44.93000030517578,43.34999847412109,43.630001068115234,43.45395278930664,2440400
2022-05-19,IR,43.27999877929688,44.810001373291016,43.15999984741211,44.27999877929688,44.121559143066406,2516900
2022-05-19,IR,43.27999877929688,44.810001373291016,43.15999984741211,44.27999877929688,44.121559143066406,2516900
2022-05-20,IR,44.709999084472656,45.119998931884766,43.560001373291016,44.95000076293945,44.78915786743164,3338000
2022-05-20,IR,44.709999084472656,45.119998931884766,43.560001373291016,44.95000076293945,44.78915786743164,3338000
2022-05-23,IR,45.5,45.75,44.970001220703125,45.34000015258789,45.177772521972656,3879000
2022-05-23,IR,45.5,45.75,44.970001220703125,45.34000015258789,45.177772521972656,3879000
2022-05-24,IR,45.13999938964844,45.27000045776367,44.22999954223633,45.040000915527344,44.87884140014648,3615600
2022-05-24,IR,45.13999938964844,45.27000045776367,44.22999954223633,45.040000915527344,44.87884140014648,3615600
2022-05-25,IR,44.7400016784668,46.02999877929688,44.540000915527344,45.880001068115234,45.71583557128906,4066800
2022-05-25,IR,44.7400016784668,46.02999877929688,44.540000915527344,45.880001068115234,45.71583557128906,4066800
2022-05-26,IR,46.400001525878906,47.7599983215332,46.06999969482422,47.34000015258789,47.17060470581055,3769100
2022-05-26,IR,46.400001525878906,47.7599983215332,46.06999969482422,47.34000015258789,47.17060470581055,3769100
2022-05-27,IR,47.93000030517578,48.52999877929688,47.5099983215332,48.4900016784668,48.31649017333984,2672400
2022-05-27,IR,47.93000030517578,48.52999877929688,47.5099983215332,48.4900016784668,48.31649017333984,2672400
2022-05-31,IR,47.70000076293945,48.08000183105469,46.84000015258789,47.150001525878906,46.981292724609375,9592400
2022-05-31,IR,47.70000076293945,48.08000183105469,46.84000015258789,47.150001525878906,46.981292724609375,9592400
2022-06-01,IR,47.0099983215332,47.68000030517578,46.34000015258789,47.25,47.0809326171875,1625000
2022-06-01,IR,47.0099983215332,47.68000030517578,46.34000015258789,47.25,47.0809326171875,1625000
2022-06-02,IR,47.70000076293945,48.66999816894531,47.34999847412109,48.56999969482422,48.39620590209961,1343000
2022-06-02,IR,47.70000076293945,48.66999816894531,47.34999847412109,48.56999969482422,48.39620590209961,1343000
2022-06-03,IR,47.97999954223633,48.915000915527344,47.72999954223633,48.84999847412109,48.67520523071289,2275200
2022-06-03,IR,47.97999954223633,48.915000915527344,47.72999954223633,48.84999847412109,48.67520523071289,2275200
2022-06-06,IR,49.18999862670898,49.630001068115234,48.95000076293945,49.33000183105469,49.15349197387695,2907700
2022-06-06,IR,49.18999862670898,49.630001068115234,48.95000076293945,49.33000183105469,49.15349197387695,2907700
2022-06-07,IR,48.959999084472656,50.584999084472656,48.70000076293945,50.400001525878906,50.21965789794922,3085000
2022-06-07,IR,48.959999084472656,50.584999084472656,48.70000076293945,50.400001525878906,50.21965789794922,3085000
2022-06-08,IR,49.81999969482422,50.68999862670898,49.630001068115234,50.27999877929688,50.10009002685547,3557400
2022-06-08,IR,49.81999969482422,50.68999862670898,49.630001068115234,50.27999877929688,50.10009002685547,3557400
2022-06-09,IR,50.02000045776367,50.130001068115234,48.56999969482422,48.59999847412109,48.42609405517578,3393500
2022-06-09,IR,50.02000045776367,50.130001068115234,48.56999969482422,48.59999847412109,48.42609405517578,3393500
2022-06-10,IR,47.630001068115234,47.630001068115234,46.2400016784668,46.43999862670898,46.2738151550293,2464500
2022-06-10,IR,47.630001068115234,47.630001068115234,46.2400016784668,46.43999862670898,46.2738151550293,2464500
2022-06-13,IR,45.19499969482422,45.27999877929688,43.79999923706055,44.18000030517578,44.02191162109375,3599400
2022-06-13,IR,45.19499969482422,45.27999877929688,43.79999923706055,44.18000030517578,44.02191162109375,3599400
2022-06-14,IR,44.33000183105469,44.68999862670898,43.29499816894531,43.77000045776367,43.61338424682617,3001800
2022-06-14,IR,44.33000183105469,44.68999862670898,43.29499816894531,43.77000045776367,43.61338424682617,3001800
2022-06-15,IR,44.18999862670898,45.220001220703125,43.790000915527344,44.560001373291016,44.40055465698242,2754600
2022-06-15,IR,44.18999862670898,45.220001220703125,43.790000915527344,44.560001373291016,44.40055465698242,2754600
2022-06-16,IR,43.540000915527344,43.54999923706055,41.834999084472656,42.08000183105469,41.92942428588867,3153200
2022-06-16,IR,43.540000915527344,43.54999923706055,41.834999084472656,42.08000183105469,41.92942428588867,3153200
2022-06-17,IR,42.040000915527344,42.435001373291016,41.15499877929688,41.2400016784668,41.09243392944336,5401600
2022-06-17,IR,42.040000915527344,42.435001373291016,41.15499877929688,41.2400016784668,41.09243392944336,5401600
2022-06-21,IR,41.90999984741211,42.45000076293945,41.29999923706055,41.86000061035156,41.710208892822266,1922300
2022-06-21,IR,41.90999984741211,42.45000076293945,41.29999923706055,41.86000061035156,41.710208892822266,1922300
2022-06-22,IR,41.08000183105469,42.02000045776367,41.0,41.7599983215332,41.61058044433594,1634900
2022-06-22,IR,41.08000183105469,42.02000045776367,41.0,41.7599983215332,41.61058044433594,1634900
2022-06-23,IR,41.59000015258789,41.72999954223633,40.400001525878906,40.959999084472656,40.81344223022461,2629400
2022-06-23,IR,41.59000015258789,41.72999954223633,40.400001525878906,40.959999084472656,40.81344223022461,2629400
2022-06-24,IR,41.5,43.459999084472656,41.400001525878906,43.33000183105469,43.17496490478516,3161400
2022-06-24,IR,41.5,43.459999084472656,41.400001525878906,43.33000183105469,43.17496490478516,3161400
2022-06-27,IR,43.630001068115234,43.77000045776367,42.880001068115234,43.38999938964844,43.234745025634766,1800200
2022-06-27,IR,43.630001068115234,43.77000045776367,42.880001068115234,43.38999938964844,43.234745025634766,1800200
2022-06-28,IR,43.77000045776367,44.040000915527344,42.7599983215332,42.810001373291016,42.65682220458984,1871100
2022-06-28,IR,43.77000045776367,44.040000915527344,42.7599983215332,42.810001373291016,42.65682220458984,1871100
2022-06-29,IR,42.81999969482422,42.81999969482422,41.540000915527344,42.27999877929688,42.12870788574219,1714900
2022-06-29,IR,42.81999969482422,42.81999969482422,41.540000915527344,42.27999877929688,42.12870788574219,1714900
2022-06-30,IR,41.560001373291016,42.46500015258789,41.52999877929688,42.08000183105469,41.92942428588867,2838900
2022-06-30,IR,41.560001373291016,42.46500015258789,41.52999877929688,42.08000183105469,41.92942428588867,2838900
2022-07-01,IR,42.02000045776367,42.81499862670898,41.470001220703125,42.29999923706055,42.14863967895508,3883200
2022-07-01,IR,42.02000045776367,42.81499862670898,41.470001220703125,42.29999923706055,42.14863967895508,3883200
2022-07-05,IR,41.38999938964844,41.540000915527344,40.560001373291016,41.43999862670898,41.29171752929688,3185600
2022-07-05,IR,41.38999938964844,41.540000915527344,40.560001373291016,41.43999862670898,41.29171752929688,3185600
2022-07-06,IR,41.33000183105469,41.7400016784668,40.77999877929688,41.470001220703125,41.32160949707031,2643300
2022-07-06,IR,41.33000183105469,41.7400016784668,40.77999877929688,41.470001220703125,41.32160949707031,2643300
2022-07-07,IR,41.81999969482422,43.209999084472656,41.81999969482422,43.150001525878906,42.995601654052734,2368000
2022-07-07,IR,41.81999969482422,43.209999084472656,41.81999969482422,43.150001525878906,42.995601654052734,2368000
2022-07-08,IR,43.18999862670898,43.18999862670898,42.11000061035156,42.45000076293945,42.29810333251953,1518600
2022-07-08,IR,43.18999862670898,43.18999862670898,42.11000061035156,42.45000076293945,42.29810333251953,1518600
2022-07-11,IR,42.09000015258789,42.68000030517578,41.75,41.970001220703125,41.81982803344727,1929500
2022-07-11,IR,42.09000015258789,42.68000030517578,41.75,41.970001220703125,41.81982803344727,1929500
2022-07-12,IR,41.77999877929688,42.66999816894531,41.65999984741211,41.72999954223633,41.58068084716797,2980000
2022-07-12,IR,41.77999877929688,42.66999816894531,41.65999984741211,41.72999954223633,41.58068084716797,2980000
2022-07-13,IR,40.95000076293945,41.16999816894531,40.2599983215332,40.83000183105469,40.68390274047852,3077900
2022-07-13,IR,40.95000076293945,41.16999816894531,40.2599983215332,40.83000183105469,40.68390274047852,3077900
2022-07-14,IR,39.93000030517578,40.11000061035156,39.28499984741211,39.84999847412109,39.7074089050293,4739300
2022-07-14,IR,39.93000030517578,40.11000061035156,39.28499984741211,39.84999847412109,39.7074089050293,4739300
2022-07-15,IR,40.70000076293945,41.25,40.20000076293945,41.0,40.85329055786133,3678100
2022-07-15,IR,40.70000076293945,41.25,40.20000076293945,41.0,40.85329055786133,3678100
2022-07-18,IR,41.5,42.15999984741211,40.91999816894531,41.220001220703125,41.07250213623047,3052700
2022-07-18,IR,41.5,42.15999984741211,40.91999816894531,41.220001220703125,41.07250213623047,3052700
2022-07-19,IR,41.83000183105469,43.810001373291016,41.83000183105469,43.27000045776367,43.11516952514648,4499400
2022-07-19,IR,41.83000183105469,43.810001373291016,41.83000183105469,43.27000045776367,43.11516952514648,4499400
2022-07-20,IR,43.290000915527344,44.2400016784668,43.13999938964844,44.06999969482422,43.91230773925781,2715700
2022-07-20,IR,43.290000915527344,44.2400016784668,43.13999938964844,44.06999969482422,43.91230773925781,2715700
2022-07-21,IR,44.06999969482422,44.9900016784668,43.72999954223633,44.959999084472656,44.79912567138672,1633400
2022-07-21,IR,44.06999969482422,44.9900016784668,43.72999954223633,44.959999084472656,44.79912567138672,1633400
2022-07-22,IR,45.0,45.18999862670898,44.18000030517578,44.540000915527344,44.38063049316406,2200200
2022-07-22,IR,45.0,45.18999862670898,44.18000030517578,44.540000915527344,44.38063049316406,2200200
2022-07-25,IR,44.4900016784668,44.7599983215332,44.0,44.36000061035156,44.201271057128906,1401900
2022-07-25,IR,44.4900016784668,44.7599983215332,44.0,44.36000061035156,44.201271057128906,1401900
2022-07-26,IR,44.27999877929688,44.77000045776367,44.06999969482422,44.68999862670898,44.53009414672852,1693700
2022-07-26,IR,44.27999877929688,44.77000045776367,44.06999969482422,44.68999862670898,44.53009414672852,1693700
2022-07-27,IR,45.13999938964844,46.959999084472656,44.869998931884766,46.86000061035156,46.69232177734375,4165300
2022-07-27,IR,45.13999938964844,46.959999084472656,44.869998931884766,46.86000061035156,46.69232177734375,4165300
2022-07-28,IR,47.2599983215332,48.43999862670898,46.9900016784668,48.15999984741211,47.987674713134766,2729400
2022-07-28,IR,47.2599983215332,48.43999862670898,46.9900016784668,48.15999984741211,47.987674713134766,2729400
2022-07-29,IR,48.150001525878906,49.95000076293945,48.08000183105469,49.79999923706055,49.621803283691406,2896400
2022-07-29,IR,48.150001525878906,49.95000076293945,48.08000183105469,49.79999923706055,49.621803283691406,2896400
2022-08-01,IR,49.18999862670898,49.43299865722656,48.76499938964844,49.130001068115234,48.95420837402344,2451100
2022-08-01,IR,49.18999862670898,49.43299865722656,48.76499938964844,49.130001068115234,48.95420837402344,2451100
2022-08-02,IR,48.869998931884766,49.7400016784668,48.650001525878906,48.70000076293945,48.5257453918457,2478200
2022-08-02,IR,48.869998931884766,49.7400016784668,48.650001525878906,48.70000076293945,48.5257453918457,2478200
2022-08-03,IR,49.2599983215332,49.900001525878906,48.900001525878906,49.88999938964844,49.71148681640625,3062000
2022-08-03,IR,49.2599983215332,49.900001525878906,48.900001525878906,49.88999938964844,49.71148681640625,3062000
2022-08-04,IR,48.16999816894531,49.959999084472656,48.0099983215332,49.77999877929688,49.60187530517578,4849000
2022-08-04,IR,48.16999816894531,49.959999084472656,48.0099983215332,49.77999877929688,49.60187530517578,4849000
2022-08-05,IR,49.02000045776367,49.84999847412109,48.83000183105469,49.790000915527344,49.6118392944336,3524300
2022-08-05,IR,49.02000045776367,49.84999847412109,48.83000183105469,49.790000915527344,49.6118392944336,3524300
2022-08-08,IR,50.0,50.75,49.88999938964844,50.0,49.821083068847656,2728900
2022-08-08,IR,50.0,50.75,49.88999938964844,50.0,49.821083068847656,2728900
2022-08-09,IR,49.79999923706055,49.79999923706055,49.20000076293945,49.54999923706055,49.37269973754883,2255700
2022-08-09,IR,49.79999923706055,49.79999923706055,49.20000076293945,49.54999923706055,49.37269973754883,2255700
2022-08-10,IR,50.70000076293945,51.52000045776367,50.459999084472656,51.310001373291016,51.12639999389648,2565600
2022-08-10,IR,50.70000076293945,51.52000045776367,50.459999084472656,51.310001373291016,51.12639999389648,2565600
2022-08-11,IR,51.900001525878906,52.54999923706055,51.619998931884766,51.86000061035156,51.67444610595703,2735500
2022-08-11,IR,51.900001525878906,52.54999923706055,51.619998931884766,51.86000061035156,51.67444610595703,2735500
2022-08-12,IR,51.93000030517578,53.630001068115234,51.790000915527344,53.59999847412109,53.408203125,3699700
2022-08-12,IR,51.93000030517578,53.630001068115234,51.790000915527344,53.59999847412109,53.408203125,3699700
2022-08-15,IR,52.9900016784668,53.66999816894531,52.875,53.5,53.30856323242188,2434200
2022-08-15,IR,52.9900016784668,53.66999816894531,52.875,53.5,53.30856323242188,2434200
2022-08-16,IR,53.130001068115234,54.13999938964844,53.02999877929688,53.970001220703125,53.797000885009766,2806000
2022-08-16,IR,53.130001068115234,54.13999938964844,53.02999877929688,53.970001220703125,53.797000885009766,2806000
2022-08-17,IR,53.119998931884766,53.13999938964844,52.13999938964844,52.56999969482422,52.401493072509766,3117600
2022-08-17,IR,53.119998931884766,53.13999938964844,52.13999938964844,52.56999969482422,52.401493072509766,3117600
2022-08-18,IR,52.68000030517578,52.79999923706055,52.2599983215332,52.58000183105469,52.41145706176758,2196800
2022-08-18,IR,52.68000030517578,52.79999923706055,52.2599983215332,52.58000183105469,52.41145706176758,2196800
2022-08-19,IR,52.0099983215332,52.04999923706055,51.22999954223633,51.81999969482422,51.65389251708984,3849200
2022-08-19,IR,52.0099983215332,52.04999923706055,51.22999954223633,51.81999969482422,51.65389251708984,3849200
2022-08-22,IR,50.810001373291016,50.970001220703125,49.36000061035156,49.59000015258789,49.43103790283203,6503900
2022-08-22,IR,50.810001373291016,50.970001220703125,49.36000061035156,49.59000015258789,49.43103790283203,6503900
2022-08-23,IR,49.58000183105469,50.290000915527344,49.25,49.43000030517578,49.27154541015625,2796500
2022-08-23,IR,49.58000183105469,50.290000915527344,49.25,49.43000030517578,49.27154541015625,2796500
2022-08-24,IR,49.15999984741211,50.06999969482422,49.06999969482422,49.65999984741211,49.50081253051758,2301600
2022-08-24,IR,49.15999984741211,50.06999969482422,49.06999969482422,49.65999984741211,49.50081253051758,2301600
2022-08-25,IR,50.0,51.09999847412109,49.92499923706055,50.810001373291016,50.64712524414063,3244600
2022-08-25,IR,50.0,51.09999847412109,49.92499923706055,50.810001373291016,50.64712524414063,3244600
2022-08-26,IR,50.97999954223633,51.06499862670898,48.2599983215332,48.290000915527344,48.13520050048828,2813900
2022-08-26,IR,50.97999954223633,51.06499862670898,48.2599983215332,48.290000915527344,48.13520050048828,2813900
2022-08-29,IR,47.81999969482422,48.060001373291016,47.060001373291016,47.84999847412109,47.69661712646485,4018800
2022-08-29,IR,47.81999969482422,48.060001373291016,47.060001373291016,47.84999847412109,47.69661712646485,4018800
2022-08-30,IR,48.0,48.150001525878906,47.2599983215332,47.70000076293945,47.547096252441406,4777400
2022-08-30,IR,48.0,48.150001525878906,47.2599983215332,47.70000076293945,47.547096252441406,4777400
2022-08-31,IR,47.95000076293945,47.970001220703125,47.20500183105469,47.369998931884766,47.21815872192383,6680100
2022-08-31,IR,47.95000076293945,47.970001220703125,47.20500183105469,47.369998931884766,47.21815872192383,6680100
2022-09-01,IR,47.16999816894531,48.41999816894531,46.66999816894531,48.380001068115234,48.22492218017578,3937800
2022-09-01,IR,47.16999816894531,48.41999816894531,46.66999816894531,48.380001068115234,48.22492218017578,3937800
2022-09-02,IR,49.09999847412109,49.43000030517578,47.52999877929688,47.7400016784668,47.58696746826172,3518000
2022-09-02,IR,49.09999847412109,49.43000030517578,47.52999877929688,47.7400016784668,47.58696746826172,3518000
2022-09-06,IR,48.0099983215332,48.06999969482422,47.310001373291016,47.66999816894531,47.51719665527344,3307600
2022-09-06,IR,48.0099983215332,48.06999969482422,47.310001373291016,47.66999816894531,47.51719665527344,3307600
2022-09-07,IR,47.63999938964844,48.8849983215332,47.5099983215332,48.72999954223633,48.57379913330078,3564900
2022-09-07,IR,47.63999938964844,48.8849983215332,47.5099983215332,48.72999954223633,48.57379913330078,3564900
2022-09-08,IR,48.31999969482422,49.34999847412109,47.84999847412109,49.310001373291016,49.15193557739258,3094300
2022-09-08,IR,48.31999969482422,49.34999847412109,47.84999847412109,49.310001373291016,49.15193557739258,3094300
2022-09-09,IR,49.650001525878906,50.358001708984375,49.52000045776367,50.22999954223633,50.06897735595703,1780500
2022-09-09,IR,49.650001525878906,50.358001708984375,49.52000045776367,50.22999954223633,50.06897735595703,1780500
2022-09-12,IR,50.630001068115234,51.709999084472656,50.630001068115234,51.54999923706055,51.38475036621094,2232900
2022-09-12,IR,50.630001068115234,51.709999084472656,50.630001068115234,51.54999923706055,51.38475036621094,2232900
2022-09-13,IR,49.95000076293945,50.66999816894531,49.34000015258789,49.560001373291016,49.40113830566406,1966300
2022-09-13,IR,49.95000076293945,50.66999816894531,49.34000015258789,49.560001373291016,49.40113830566406,1966300
2022-09-14,IR,49.650001525878906,49.65999984741211,48.65999984741211,49.59999847412109,49.44099807739258,2203600
2022-09-14,IR,49.650001525878906,49.65999984741211,48.65999984741211,49.59999847412109,49.44099807739258,2203600
2022-09-15,IR,49.650001525878906,50.52999877929688,49.119998931884766,49.310001373291016,49.15193557739258,3242000
2022-09-15,IR,49.650001525878906,50.52999877929688,49.119998931884766,49.310001373291016,49.15193557739258,3242000
2022-09-16,IR,48.4900016784668,48.540000915527344,46.40999984741211,47.18999862670898,47.03872680664063,6046200
2022-09-16,IR,48.4900016784668,48.540000915527344,46.40999984741211,47.18999862670898,47.03872680664063,6046200
2022-09-19,IR,46.72999954223633,48.619998931884766,46.72999954223633,48.459999084472656,48.30465698242188,2655200
2022-09-19,IR,46.72999954223633,48.619998931884766,46.72999954223633,48.459999084472656,48.30465698242188,2655200
2022-09-20,IR,48.0,48.09000015258789,46.63999938964844,47.18999862670898,47.03872680664063,2852700
2022-09-20,IR,48.0,48.09000015258789,46.63999938964844,47.18999862670898,47.03872680664063,2852700
2022-09-21,IR,47.52999877929688,48.150001525878906,46.13999938964844,46.150001525878906,46.0020637512207,4115500
2022-09-21,IR,47.52999877929688,48.150001525878906,46.13999938964844,46.150001525878906,46.0020637512207,4115500
2022-09-22,IR,46.08000183105469,46.369998931884766,44.77999877929688,44.810001373291016,44.66635513305664,4080600
2022-09-22,IR,46.08000183105469,46.369998931884766,44.77999877929688,44.810001373291016,44.66635513305664,4080600
2022-09-23,IR,44.209999084472656,44.46500015258789,43.060001373291016,44.06999969482422,43.92873001098633,2907300
2022-09-23,IR,44.209999084472656,44.46500015258789,43.060001373291016,44.06999969482422,43.92873001098633,2907300
2022-09-26,IR,43.75,44.54999923706055,43.290000915527344,43.31999969482422,43.18113708496094,2831300
2022-09-26,IR,43.75,44.54999923706055,43.290000915527344,43.31999969482422,43.18113708496094,2831300
2022-09-27,IR,43.970001220703125,44.119998931884766,42.20000076293945,42.93000030517578,42.79238128662109,2765000
2022-09-27,IR,43.970001220703125,44.119998931884766,42.20000076293945,42.93000030517578,42.79238128662109,2765000
2022-09-28,IR,43.310001373291016,44.51499938964844,42.95000076293945,44.11000061035156,43.96860504150391,2275000
2022-09-28,IR,43.310001373291016,44.51499938964844,42.95000076293945,44.11000061035156,43.96860504150391,2275000
2022-09-29,IR,43.310001373291016,43.7400016784668,42.58000183105469,43.68999862670898,43.549949645996094,2517200
2022-09-29,IR,43.310001373291016,43.7400016784668,42.58000183105469,43.68999862670898,43.549949645996094,2517200
2022-09-30,IR,43.7599983215332,44.369998931884766,43.16999816894531,43.2599983215332,43.12132263183594,2220600
2022-09-30,IR,43.7599983215332,44.369998931884766,43.16999816894531,43.2599983215332,43.12132263183594,2220600
2022-10-03,IR,44.09999847412109,45.73500061035156,43.52000045776367,45.02999877929688,44.88565826416016,2948100
2022-10-03,IR,44.09999847412109,45.73500061035156,43.52000045776367,45.02999877929688,44.88565826416016,2948100
2022-10-04,IR,46.15999984741211,47.130001068115234,46.02000045776367,47.06999969482422,46.91910934448242,1852400
2022-10-04,IR,46.15999984741211,47.130001068115234,46.02000045776367,47.06999969482422,46.91910934448242,1852400
2022-10-05,IR,46.2599983215332,47.17499923706055,46.09000015258789,46.93999862670898,46.78952407836914,2082600
2022-10-05,IR,46.2599983215332,47.17499923706055,46.09000015258789,46.93999862670898,46.78952407836914,2082600
2022-10-06,IR,46.75,47.790000915527344,46.72999954223633,47.0099983215332,46.85930633544922,1987800
2022-10-06,IR,46.75,47.790000915527344,46.72999954223633,47.0099983215332,46.85930633544922,1987800
2022-10-07,IR,46.290000915527344,46.470001220703125,45.31999969482422,45.650001525878906,45.503665924072266,1638400
2022-10-07,IR,46.290000915527344,46.470001220703125,45.31999969482422,45.650001525878906,45.503665924072266,1638400
2022-10-10,IR,46.11000061035156,46.15999984741211,44.744998931884766,45.15999984741211,45.01523208618164,2065600
2022-10-10,IR,46.11000061035156,46.15999984741211,44.744998931884766,45.15999984741211,45.01523208618164,2065600
2022-10-11,IR,44.91999816894531,46.130001068115234,44.54999923706055,45.41999816894531,45.27440643310547,2279500
2022-10-11,IR,44.91999816894531,46.130001068115234,44.54999923706055,45.41999816894531,45.27440643310547,2279500
2022-10-12,IR,45.56999969482422,45.90999984741211,44.290000915527344,45.130001068115234,44.98533248901367,1730800
2022-10-12,IR,45.56999969482422,45.90999984741211,44.290000915527344,45.130001068115234,44.98533248901367,1730800
2022-10-13,IR,44.02999877929688,47.150001525878906,43.56999969482422,46.790000915527344,46.64002227783203,2283200
2022-10-13,IR,44.02999877929688,47.150001525878906,43.56999969482422,46.790000915527344,46.64002227783203,2283200
2022-10-14,IR,47.18000030517578,47.5099983215332,45.02999877929688,45.11000061035156,44.96539688110352,2282300
2022-10-14,IR,47.18000030517578,47.5099983215332,45.02999877929688,45.11000061035156,44.96539688110352,2282300
2022-10-17,IR,46.43999862670898,47.18999862670898,46.0,46.72999954223633,46.580204010009766,2226000
2022-10-17,IR,46.43999862670898,47.18999862670898,46.0,46.72999954223633,46.580204010009766,2226000
2022-10-18,IR,47.93000030517578,48.47999954223633,46.59000015258789,47.02000045776367,46.8692741394043,3752500
2022-10-18,IR,47.93000030517578,48.47999954223633,46.59000015258789,47.02000045776367,46.8692741394043,3752500
2022-10-19,IR,46.09999847412109,46.93999862670898,45.6150016784668,46.310001373291016,46.16155624389648,3048000
2022-10-19,IR,46.09999847412109,46.93999862670898,45.6150016784668,46.310001373291016,46.16155624389648,3048000
2022-10-20,IR,46.43000030517578,46.84099960327149,45.13999938964844,45.20000076293945,45.05511093139648,1874800
2022-10-20,IR,46.43000030517578,46.84099960327149,45.13999938964844,45.20000076293945,45.05511093139648,1874800
2022-10-21,IR,45.470001220703125,46.83000183105469,45.13999938964844,46.790000915527344,46.64002227783203,3317600
2022-10-21,IR,45.470001220703125,46.83000183105469,45.13999938964844,46.790000915527344,46.64002227783203,3317600
2022-10-24,IR,47.2599983215332,47.81999969482422,46.880001068115234,47.790000915527344,47.636817932128906,1384900
2022-10-24,IR,47.2599983215332,47.81999969482422,46.880001068115234,47.790000915527344,47.636817932128906,1384900
2022-10-25,IR,47.77999877929688,49.005001068115234,47.7599983215332,48.88999938964844,48.733280181884766,2518400
2022-10-25,IR,47.77999877929688,49.005001068115234,47.7599983215332,48.88999938964844,48.733280181884766,2518400
2022-10-26,IR,49.20000076293945,49.61000061035156,48.290000915527344,48.61000061035156,48.45418167114258,2368000
2022-10-26,IR,49.20000076293945,49.61000061035156,48.290000915527344,48.61000061035156,48.45418167114258,2368000
2022-10-27,IR,49.08000183105469,49.540000915527344,48.4900016784668,48.630001068115234,48.47411346435547,2656600
2022-10-27,IR,49.08000183105469,49.540000915527344,48.4900016784668,48.630001068115234,48.47411346435547,2656600
2022-10-28,IR,48.83000183105469,50.540000915527344,48.470001220703125,50.45000076293945,50.28828430175781,2289900
2022-10-28,IR,48.83000183105469,50.540000915527344,48.470001220703125,50.45000076293945,50.28828430175781,2289900
2022-10-31,IR,50.16999816894531,51.0,50.040000915527344,50.5,50.3381233215332,2373600
2022-10-31,IR,50.16999816894531,51.0,50.040000915527344,50.5,50.3381233215332,2373600
2022-11-01,IR,51.09999847412109,51.63999938964844,50.13999938964844,50.29999923706055,50.13875961303711,2054000
2022-11-01,IR,51.09999847412109,51.63999938964844,50.13999938964844,50.29999923706055,50.13875961303711,2054000
2022-11-02,IR,49.79999923706055,51.119998931884766,48.84000015258789,49.04999923706055,48.89276123046875,3045100
2022-11-02,IR,49.79999923706055,51.119998931884766,48.84000015258789,49.04999923706055,48.89276123046875,3045100
2022-11-03,IR,49.41999816894531,52.22999954223633,47.630001068115234,51.369998931884766,51.20532989501953,4467300
2022-11-03,IR,49.41999816894531,52.22999954223633,47.630001068115234,51.369998931884766,51.20532989501953,4467300
2022-11-04,IR,52.709999084472656,53.59000015258789,51.66999816894531,52.91999816894531,52.75035858154297,2539000
2022-11-04,IR,52.709999084472656,53.59000015258789,51.66999816894531,52.91999816894531,52.75035858154297,2539000
2022-11-07,IR,53.18999862670898,53.68000030517578,52.54999923706055,53.2400016784668,53.06933975219727,2640500
2022-11-07,IR,53.18999862670898,53.68000030517578,52.54999923706055,53.2400016784668,53.06933975219727,2640500
2022-11-08,IR,53.560001373291016,53.59999847412109,51.95000076293945,52.2400016784668,52.072540283203125,4688400
2022-11-08,IR,53.560001373291016,53.59999847412109,51.95000076293945,52.2400016784668,52.072540283203125,4688400
2022-11-09,IR,51.79999923706055,52.470001220703125,51.48500061035156,51.72999954223633,51.56416702270508,2039100
2022-11-09,IR,51.79999923706055,52.470001220703125,51.48500061035156,51.72999954223633,51.56416702270508,2039100
2022-11-10,IR,53.84000015258789,54.33000183105469,53.310001373291016,53.880001068115234,53.707279205322266,4798600
2022-11-10,IR,53.84000015258789,54.33000183105469,53.310001373291016,53.880001068115234,53.707279205322266,4798600
2022-11-11,IR,54.0,55.72999954223633,53.78499984741211,55.310001373291016,55.13270568847656,6675600
2022-11-11,IR,54.0,55.72999954223633,53.78499984741211,55.310001373291016,55.13270568847656,6675600
2022-11-14,IR,55.18000030517578,56.27000045776367,55.130001068115234,55.18999862670898,55.01308059692383,2762800
2022-11-14,IR,55.18000030517578,56.27000045776367,55.130001068115234,55.18999862670898,55.01308059692383,2762800
2022-11-15,IR,56.0,56.709999084472656,55.04499816894531,55.5099983215332,55.35211563110352,2065300
2022-11-15,IR,56.0,56.709999084472656,55.04499816894531,55.5099983215332,55.35211563110352,2065300
2022-11-16,IR,55.290000915527344,55.880001068115234,54.76499938964844,54.9900016784668,54.83360290527344,1970300
2022-11-16,IR,55.290000915527344,55.880001068115234,54.76499938964844,54.9900016784668,54.83360290527344,1970300
2022-11-17,IR,54.06999969482422,54.369998931884766,52.790000915527344,53.790000915527344,53.63701629638672,1909500
2022-11-17,IR,54.06999969482422,54.369998931884766,52.790000915527344,53.790000915527344,53.63701629638672,1909500
2022-11-18,IR,54.5,54.709999084472656,53.150001525878906,53.70000076293945,53.54726791381836,2725700
2022-11-18,IR,54.5,54.709999084472656,53.150001525878906,53.70000076293945,53.54726791381836,2725700
2022-11-21,IR,53.5099983215332,53.95000076293945,53.34000015258789,53.59999847412109,53.447547912597656,1902800
2022-11-21,IR,53.5099983215332,53.95000076293945,53.34000015258789,53.59999847412109,53.447547912597656,1902800
2022-11-22,IR,54.0,54.25,53.36000061035156,53.790000915527344,53.63701629638672,2734900
2022-11-22,IR,54.0,54.25,53.36000061035156,53.790000915527344,53.63701629638672,2734900
2022-11-23,IR,53.869998931884766,54.20000076293945,53.5099983215332,53.63999938964844,53.48743438720703,1968000
2022-11-23,IR,53.869998931884766,54.20000076293945,53.5099983215332,53.63999938964844,53.48743438720703,1968000
2022-11-25,IR,53.79999923706055,54.02999877929688,53.34999847412109,53.41999816894531,53.268062591552734,1213100
2022-11-25,IR,53.79999923706055,54.02999877929688,53.34999847412109,53.41999816894531,53.268062591552734,1213100
2022-11-28,IR,52.959999084472656,53.525001525878906,52.79999923706055,53.15999984741211,53.00880432128906,2490000
2022-11-28,IR,52.959999084472656,53.525001525878906,52.79999923706055,53.15999984741211,53.00880432128906,2490000
2022-11-29,IR,53.2400016784668,53.7599983215332,52.619998931884766,52.81999969482422,52.66976547241211,1796000
2022-11-29,IR,53.2400016784668,53.7599983215332,52.619998931884766,52.81999969482422,52.66976547241211,1796000
2022-11-30,IR,52.97999954223633,54.14500045776367,52.30500030517578,53.970001220703125,53.81650161743164,5157500
2022-11-30,IR,52.97999954223633,54.14500045776367,52.30500030517578,53.970001220703125,53.81650161743164,5157500
2022-12-01,IR,54.34000015258789,55.130001068115234,53.720001220703125,54.290000915527344,54.13559341430664,2856400
2022-12-01,IR,54.34000015258789,55.130001068115234,53.720001220703125,54.290000915527344,54.13559341430664,2856400
2022-12-02,IR,53.4900016784668,54.84000015258789,53.310001373291016,54.54999923706055,54.39484786987305,2476900
2022-12-02,IR,53.4900016784668,54.84000015258789,53.310001373291016,54.54999923706055,54.39484786987305,2476900
2022-12-05,IR,53.86000061035156,53.93999862670898,53.04999923706055,53.31999969482422,53.1683464050293,2717000
2022-12-05,IR,53.86000061035156,53.93999862670898,53.04999923706055,53.31999969482422,53.1683464050293,2717000
2022-12-06,IR,53.310001373291016,53.810001373291016,52.380001068115234,52.72999954223633,52.580020904541016,1715500
2022-12-06,IR,53.310001373291016,53.810001373291016,52.380001068115234,52.72999954223633,52.580020904541016,1715500
2022-12-07,IR,52.68999862670898,53.540000915527344,52.68999862670898,52.810001373291016,52.6598014831543,2460600
2022-12-07,IR,52.68999862670898,53.540000915527344,52.68999862670898,52.810001373291016,52.6598014831543,2460600
2022-12-08,IR,53.060001373291016,53.75,52.90999984741211,53.2599983215332,53.10851287841797,2339200
2022-12-08,IR,53.060001373291016,53.75,52.90999984741211,53.2599983215332,53.10851287841797,2339200
2022-12-09,IR,53.5,53.630001068115234,53.13999938964844,53.25,53.09855270385742,2313100
2022-12-09,IR,53.5,53.630001068115234,53.13999938964844,53.25,53.09855270385742,2313100
2022-12-12,IR,53.59999847412109,54.2599983215332,53.09999847412109,54.2400016784668,54.085731506347656,2701400
2022-12-12,IR,53.59999847412109,54.2599983215332,53.09999847412109,54.2400016784668,54.085731506347656,2701400
2022-12-13,IR,56.08000183105469,56.25,54.970001220703125,55.52999877929688,55.3720588684082,3686500
2022-12-13,IR,56.08000183105469,56.25,54.970001220703125,55.52999877929688,55.3720588684082,3686500
2022-12-14,IR,55.619998931884766,56.04999923706055,54.27000045776367,54.72999954223633,54.574337005615234,3028800
2022-12-14,IR,55.619998931884766,56.04999923706055,54.27000045776367,54.72999954223633,54.574337005615234,3028800
2022-12-15,IR,53.90999984741211,54.02000045776367,52.540000915527344,52.59999847412109,52.45039749145508,3079100
2022-12-15,IR,53.90999984741211,54.02000045776367,52.540000915527344,52.59999847412109,52.45039749145508,3079100
2022-12-16,IR,51.93000030517578,52.33000183105469,51.27000045776367,51.79999923706055,51.65266799926758,3750100
2022-12-16,IR,51.93000030517578,52.33000183105469,51.27000045776367,51.79999923706055,51.65266799926758,3750100
2022-12-19,IR,51.90999984741211,52.27000045776367,50.900001525878906,51.06999969482422,50.924747467041016,2479800
2022-12-19,IR,51.90999984741211,52.27000045776367,50.900001525878906,51.06999969482422,50.924747467041016,2479800
2022-12-20,IR,51.09000015258789,52.119998931884766,50.959999084472656,51.900001525878906,51.75239562988281,1873500
2022-12-20,IR,51.09000015258789,52.119998931884766,50.959999084472656,51.900001525878906,51.75239562988281,1873500
2022-12-21,IR,52.470001220703125,53.06999969482422,52.20000076293945,52.720001220703125,52.57005310058594,1703100
2022-12-21,IR,52.470001220703125,53.06999969482422,52.20000076293945,52.720001220703125,52.57005310058594,1703100
2022-12-22,IR,52.27999877929688,52.27999877929688,50.75,52.0,51.85210037231445,1572800
2022-12-22,IR,52.27999877929688,52.27999877929688,50.75,52.0,51.85210037231445,1572800
2022-12-23,IR,52.02999877929688,52.400001525878906,51.63999938964844,52.27999877929688,52.13130187988281,2037000
2022-12-23,IR,52.02999877929688,52.400001525878906,51.63999938964844,52.27999877929688,52.13130187988281,2037000
2022-12-27,IR,52.41999816894531,52.8849983215332,52.0,52.59000015258789,52.44042205810547,1717700
2022-12-27,IR,52.41999816894531,52.8849983215332,52.0,52.59000015258789,52.44042205810547,1717700
2022-12-28,IR,52.68999862670898,52.78499984741211,51.72999954223633,51.7400016784668,51.59284973144531,1045600
2022-12-28,IR,52.68999862670898,52.78499984741211,51.72999954223633,51.7400016784668,51.59284973144531,1045600
2022-12-29,IR,52.16999816894531,53.13999938964844,52.11000061035156,52.790000915527344,52.63985824584961,1732000
2022-12-29,IR,52.16999816894531,53.13999938964844,52.11000061035156,52.790000915527344,52.63985824584961,1732000
2022-12-30,IR,52.470001220703125,52.68000030517578,51.86000061035156,52.25,52.10139083862305,1518200
2022-12-30,IR,52.470001220703125,52.68000030517578,51.86000061035156,52.25,52.10139083862305,1518200
2023-01-03,IR,52.66999816894531,53.09999847412109,51.97499847412109,53.0,52.84926223754883,2099500
2023-01-03,IR,52.66999816894531,53.09999847412109,51.97499847412109,53.0,52.84926223754883,2099500
2023-01-04,IR,53.400001525878906,53.83000183105469,52.97999954223633,53.650001525878906,53.49741363525391,2564500
2023-01-04,IR,53.400001525878906,53.83000183105469,52.97999954223633,53.650001525878906,53.49741363525391,2564500
2023-01-05,IR,53.369998931884766,53.75,52.90999984741211,53.38999938964844,53.23814392089844,2092000
2023-01-05,IR,53.369998931884766,53.75,52.90999984741211,53.38999938964844,53.23814392089844,2092000
2023-01-06,IR,54.16999816894531,55.290000915527344,53.56999969482422,55.119998931884766,54.96322250366211,2983600
2023-01-06,IR,54.16999816894531,55.290000915527344,53.56999969482422,55.119998931884766,54.96322250366211,2983600
2023-01-09,IR,55.63999938964844,56.52999877929688,55.45000076293945,55.77999877929688,55.6213493347168,2042300
2023-01-09,IR,55.63999938964844,56.52999877929688,55.45000076293945,55.77999877929688,55.6213493347168,2042300
2023-01-10,IR,55.65999984741211,56.650001525878906,55.61000061035156,56.43000030517578,56.26950073242188,1577800
2023-01-10,IR,55.65999984741211,56.650001525878906,55.61000061035156,56.43000030517578,56.26950073242188,1577800
2023-01-11,IR,56.869998931884766,57.220001220703125,56.25,56.77999877929688,56.61851119995117,1683100
2023-01-11,IR,56.869998931884766,57.220001220703125,56.25,56.77999877929688,56.61851119995117,1683100
2023-01-12,IR,56.93000030517578,57.59999847412109,56.45000076293945,57.38999938964844,57.22677612304688,2091400
2023-01-12,IR,56.93000030517578,57.59999847412109,56.45000076293945,57.38999938964844,57.22677612304688,2091400
2023-01-13,IR,57.18000030517578,57.68000030517578,57.0099983215332,57.52999877929688,57.36637496948242,1260600
2023-01-13,IR,57.18000030517578,57.68000030517578,57.0099983215332,57.52999877929688,57.36637496948242,1260600
2023-01-17,IR,57.5,57.77000045776367,56.58000183105469,56.79999923706055,56.63845443725586,1754100
2023-01-17,IR,57.5,57.77000045776367,56.58000183105469,56.79999923706055,56.63845443725586,1754100
2023-01-18,IR,57.040000915527344,57.310001373291016,55.790000915527344,55.900001525878906,55.74101257324219,1659300
2023-01-18,IR,57.040000915527344,57.310001373291016,55.790000915527344,55.900001525878906,55.74101257324219,1659300
2023-01-19,IR,55.630001068115234,55.7599983215332,53.77999877929688,53.880001068115234,53.726749420166016,1885700
2023-01-19,IR,55.630001068115234,55.7599983215332,53.77999877929688,53.880001068115234,53.726749420166016,1885700
2023-01-20,IR,54.130001068115234,55.369998931884766,53.900001525878906,55.34999847412109,55.19257354736328,1801300
2023-01-20,IR,54.130001068115234,55.369998931884766,53.900001525878906,55.34999847412109,55.19257354736328,1801300
2023-01-23,IR,55.47999954223633,56.209999084472656,55.2599983215332,55.88999938964844,55.73103713989258,2648200
2023-01-23,IR,55.47999954223633,56.209999084472656,55.2599983215332,55.88999938964844,55.73103713989258,2648200
2023-01-24,IR,55.5,56.61000061035156,54.90999984741211,56.380001068115234,56.21964645385742,1705000
2023-01-24,IR,55.5,56.61000061035156,54.90999984741211,56.380001068115234,56.21964645385742,1705000
2023-01-25,IR,55.720001220703125,56.06999969482422,54.88999938964844,55.95000076293945,55.790863037109375,1429500
2023-01-25,IR,55.720001220703125,56.06999969482422,54.88999938964844,55.95000076293945,55.790863037109375,1429500
2023-01-26,IR,56.2400016784668,56.290000915527344,53.845001220703125,55.52999877929688,55.3720588684082,3741500
2023-01-26,IR,56.2400016784668,56.290000915527344,53.845001220703125,55.52999877929688,55.3720588684082,3741500
2023-01-27,IR,55.31999969482422,56.02999877929688,54.95000076293945,55.65999984741211,55.5016975402832,2107900
2023-01-27,IR,55.31999969482422,56.02999877929688,54.95000076293945,55.65999984741211,55.5016975402832,2107900
2023-01-30,IR,55.34000015258789,55.72999954223633,55.130001068115234,55.310001373291016,55.15268707275391,1718700
2023-01-30,IR,55.34000015258789,55.72999954223633,55.130001068115234,55.310001373291016,55.15268707275391,1718700
2023-01-31,IR,55.540000915527344,56.22700119018555,55.22999954223633,56.0,55.84072494506836,2633100
2023-01-31,IR,55.540000915527344,56.22700119018555,55.22999954223633,56.0,55.84072494506836,2633100
2023-02-01,IR,55.75,56.16999816894531,54.84999847412109,55.65999984741211,55.5016975402832,3451000
2023-02-01,IR,55.75,56.16999816894531,54.84999847412109,55.65999984741211,55.5016975402832,3451000
2023-02-02,IR,56.119998931884766,56.59000015258789,55.5099983215332,56.0099983215332,55.85069274902344,2822200
2023-02-02,IR,56.119998931884766,56.59000015258789,55.5099983215332,56.0099983215332,55.85069274902344,2822200
2023-02-03,IR,55.45000076293945,57.41999816894531,55.380001068115234,57.11000061035156,56.94757080078125,3437400
2023-02-03,IR,55.45000076293945,57.41999816894531,55.380001068115234,57.11000061035156,56.94757080078125,3437400
2023-02-06,IR,56.43999862670898,56.77999877929688,55.9900016784668,56.38999938964844,56.2296142578125,1690000
2023-02-06,IR,56.43999862670898,56.77999877929688,55.9900016784668,56.38999938964844,56.2296142578125,1690000
2023-02-07,IR,56.02999877929688,57.5,55.869998931884766,57.29999923706055,57.13702392578125,2152500
2023-02-07,IR,56.02999877929688,57.5,55.869998931884766,57.29999923706055,57.13702392578125,2152500
2023-02-08,IR,56.9900016784668,57.869998931884766,56.9900016784668,57.380001068115234,57.21680068969727,2167500
2023-02-08,IR,56.9900016784668,57.869998931884766,56.9900016784668,57.380001068115234,57.21680068969727,2167500
2023-02-09,IR,57.959999084472656,58.09999847412109,56.150001525878906,56.43999862670898,56.27947616577149,2125100
2023-02-09,IR,57.959999084472656,58.09999847412109,56.150001525878906,56.43999862670898,56.27947616577149,2125100
2023-02-10,IR,56.290000915527344,56.85499954223633,56.09000015258789,56.68999862670898,56.52876663208008,1263000
2023-02-10,IR,56.290000915527344,56.85499954223633,56.09000015258789,56.68999862670898,56.52876663208008,1263000
2023-02-13,IR,56.95000076293945,57.810001373291016,56.61000061035156,57.41999816894531,57.25668716430664,1830800
2023-02-13,IR,56.95000076293945,57.810001373291016,56.61000061035156,57.41999816894531,57.25668716430664,1830800
2023-02-14,IR,57.119998931884766,57.68999862670898,56.650001525878906,57.43000030517578,57.26665878295898,1204500
2023-02-14,IR,57.119998931884766,57.68999862670898,56.650001525878906,57.43000030517578,57.26665878295898,1204500
2023-02-15,IR,57.18000030517578,58.40499877929688,57.18000030517578,58.27999877929688,58.114234924316406,2029400
2023-02-15,IR,57.18000030517578,58.40499877929688,57.18000030517578,58.27999877929688,58.114234924316406,2029400
2023-02-16,IR,57.560001373291016,57.9900016784668,57.11000061035156,57.38999938964844,57.22677612304688,1606700
2023-02-16,IR,57.560001373291016,57.9900016784668,57.11000061035156,57.38999938964844,57.22677612304688,1606700
2023-02-17,IR,57.11000061035156,57.83000183105469,56.91999816894531,57.58000183105469,57.41623306274414,1935100
2023-02-17,IR,57.11000061035156,57.83000183105469,56.91999816894531,57.58000183105469,57.41623306274414,1935100
2023-02-21,IR,58.04999923706055,58.56999969482422,55.790000915527344,56.380001068115234,56.21964645385742,3334300
2023-02-21,IR,58.04999923706055,58.56999969482422,55.790000915527344,56.380001068115234,56.21964645385742,3334300
2023-02-22,IR,56.84000015258789,57.97999954223633,56.59000015258789,57.459999084472656,57.29656982421875,3178400
2023-02-22,IR,56.84000015258789,57.97999954223633,56.59000015258789,57.459999084472656,57.29656982421875,3178400
2023-02-23,IR,58.31999969482422,58.31999969482422,56.7599983215332,57.88999938964844,57.725345611572266,1907600
2023-02-23,IR,58.31999969482422,58.31999969482422,56.7599983215332,57.88999938964844,57.725345611572266,1907600
2023-02-24,IR,57.2599983215332,57.880001068115234,56.66999816894531,57.68000030517578,57.51594924926758,1480300
2023-02-24,IR,57.2599983215332,57.880001068115234,56.66999816894531,57.68000030517578,57.51594924926758,1480300
2023-02-27,IR,58.0,58.72999954223633,57.810001373291016,58.380001068115234,58.213958740234375,1976100
2023-02-27,IR,58.0,58.72999954223633,57.810001373291016,58.380001068115234,58.213958740234375,1976100
2023-02-28,IR,58.34999847412109,58.92599868774414,58.060001373291016,58.06999969482422,57.92469024658203,3272700
2023-02-28,IR,58.34999847412109,58.92599868774414,58.060001373291016,58.06999969482422,57.92469024658203,3272700
2023-03-01,IR,57.95000076293945,58.52000045776367,57.59999847412109,58.040000915527344,57.89475631713867,2076400
2023-03-01,IR,57.95000076293945,58.52000045776367,57.59999847412109,58.040000915527344,57.89475631713867,2076400
2023-03-02,IR,57.72999954223633,58.56999969482422,57.400001525878906,58.290000915527344,58.14413833618164,1727900
2023-03-02,IR,57.72999954223633,58.56999969482422,57.400001525878906,58.290000915527344,58.14413833618164,1727900
2023-03-03,IR,58.75,59.650001525878906,58.4900016784668,59.470001220703125,59.32118606567383,1908900
2023-03-03,IR,58.75,59.650001525878906,58.4900016784668,59.470001220703125,59.32118606567383,1908900
2023-03-06,IR,59.369998931884766,60.35499954223633,59.369998931884766,59.869998931884766,59.72018814086914,2133900
2023-03-06,IR,59.369998931884766,60.35499954223633,59.369998931884766,59.869998931884766,59.72018814086914,2133900
2023-03-07,IR,59.90999984741211,60.38600158691406,59.19300079345703,59.369998931884766,59.22143173217773,2556000
2023-03-07,IR,59.90999984741211,60.38600158691406,59.19300079345703,59.369998931884766,59.22143173217773,2556000
2023-03-08,IR,59.40999984741211,59.77000045776367,58.84000015258789,59.459999084472656,59.31120300292969,2792700
2023-03-08,IR,59.40999984741211,59.77000045776367,58.84000015258789,59.459999084472656,59.31120300292969,2792700
2023-03-09,IR,59.59000015258789,59.76900100708008,57.91999816894531,58.13999938964844,57.99450302124024,4290900
2023-03-09,IR,59.59000015258789,59.76900100708008,57.91999816894531,58.13999938964844,57.99450302124024,4290900
2023-03-10,IR,58.20000076293945,58.43999862670898,55.540000915527344,55.7400016784668,55.60051727294922,4381100
2023-03-10,IR,58.20000076293945,58.43999862670898,55.540000915527344,55.7400016784668,55.60051727294922,4381100
2023-03-13,IR,54.810001373291016,55.40999984741211,54.06999969482422,54.709999084472656,54.573089599609375,3391100
2023-03-13,IR,54.810001373291016,55.40999984741211,54.06999969482422,54.709999084472656,54.573089599609375,3391100
2023-03-14,IR,55.93999862670898,56.61000061035156,54.97999954223633,55.70000076293945,55.56061553955078,3038700
2023-03-14,IR,55.93999862670898,56.61000061035156,54.97999954223633,55.70000076293945,55.56061553955078,3038700
2023-03-15,IR,54.38999938964844,54.43000030517578,52.13999938964844,52.93000030517578,52.797550201416016,4200900
2023-03-15,IR,54.38999938964844,54.43000030517578,52.13999938964844,52.93000030517578,52.797550201416016,4200900
2023-03-16,IR,52.40499877929688,53.935001373291016,51.84000015258789,53.52000045776367,53.38607025146485,4558200
2023-03-16,IR,52.40499877929688,53.935001373291016,51.84000015258789,53.52000045776367,53.38607025146485,4558200
2023-03-17,IR,53.084999084472656,53.2400016784668,51.84000015258789,52.459999084472656,52.32872009277344,4162300
2023-03-17,IR,53.084999084472656,53.2400016784668,51.84000015258789,52.459999084472656,52.32872009277344,4162300
2023-03-20,IR,52.86000061035156,54.125,52.52999877929688,53.90999984741211,53.77510070800781,3032100
2023-03-20,IR,52.86000061035156,54.125,52.52999877929688,53.90999984741211,53.77510070800781,3032100
2023-03-21,IR,55.02000045776367,56.0890007019043,54.97999954223633,55.900001525878906,55.76011657714844,3367300
2023-03-21,IR,55.02000045776367,56.0890007019043,54.97999954223633,55.900001525878906,55.76011657714844,3367300
2023-03-22,IR,55.900001525878906,56.90999984741211,54.95000076293945,54.959999084472656,54.82246398925781,2189000
2023-03-22,IR,55.900001525878906,56.90999984741211,54.95000076293945,54.959999084472656,54.82246398925781,2189000
2023-03-23,IR,55.0,56.35499954223633,54.41999816894531,54.95000076293945,54.81249237060547,2469600
2023-03-23,IR,55.0,56.35499954223633,54.41999816894531,54.95000076293945,54.81249237060547,2469600
2023-03-24,IR,54.27000045776367,55.20000076293945,53.380001068115234,55.02999877929688,54.89228820800781,1982400
2023-03-24,IR,54.27000045776367,55.20000076293945,53.380001068115234,55.02999877929688,54.89228820800781,1982400
2023-03-27,IR,55.79999923706055,55.880001068115234,55.09999847412109,55.790000915527344,55.650386810302734,1893700
2023-03-27,IR,55.79999923706055,55.880001068115234,55.09999847412109,55.790000915527344,55.650386810302734,1893700
2023-03-28,IR,55.77999877929688,56.29999923706055,55.619998931884766,55.959999084472656,55.819969177246094,1886800
2023-03-28,IR,55.77999877929688,56.29999923706055,55.619998931884766,55.959999084472656,55.819969177246094,1886800
2023-03-29,IR,56.63999938964844,56.88999938964844,56.09999847412109,56.70000076293945,56.5581169128418,4620100
2023-03-29,IR,56.63999938964844,56.88999938964844,56.09999847412109,56.70000076293945,56.5581169128418,4620100
2023-03-30,IR,57.2599983215332,57.775001525878906,57.01499938964844,57.33000183105469,57.1865348815918,2278700
2023-03-30,IR,57.2599983215332,57.775001525878906,57.01499938964844,57.33000183105469,57.1865348815918,2278700
2023-03-31,IR,57.59999847412109,58.220001220703125,57.4900016784668,58.18000030517578,58.03440856933594,2175900
2023-03-31,IR,57.59999847412109,58.220001220703125,57.4900016784668,58.18000030517578,58.03440856933594,2175900
2023-04-03,IR,58.095001220703125,58.59999847412109,57.3650016784668,58.290000915527344,58.14413833618164,2038500
2023-04-03,IR,58.095001220703125,58.59999847412109,57.3650016784668,58.290000915527344,58.14413833618164,2038500
2023-04-04,IR,58.16999816894531,58.16999816894531,54.8849983215332,55.2599983215332,55.1217155456543,3569000
2023-04-04,IR,58.16999816894531,58.16999816894531,54.8849983215332,55.2599983215332,55.1217155456543,3569000
2023-04-05,IR,54.720001220703125,54.97999954223633,54.119998931884766,54.88999938964844,54.75263977050781,6584900
2023-04-05,IR,54.720001220703125,54.97999954223633,54.119998931884766,54.88999938964844,54.75263977050781,6584900
2023-04-06,IR,54.59999847412109,55.34000015258789,54.3650016784668,54.459999084472656,54.3237190246582,1887500
2023-04-06,IR,54.59999847412109,55.34000015258789,54.3650016784668,54.459999084472656,54.3237190246582,1887500
2023-04-10,IR,54.27000045776367,55.63999938964844,54.130001068115234,55.470001220703125,55.3311882019043,1839400
2023-04-10,IR,54.27000045776367,55.63999938964844,54.130001068115234,55.470001220703125,55.3311882019043,1839400
2023-04-11,IR,55.77999877929688,56.2599983215332,55.5099983215332,55.59999847412109,55.46086120605469,1233900
2023-04-11,IR,55.77999877929688,56.2599983215332,55.5099983215332,55.59999847412109,55.46086120605469,1233900
2023-04-12,IR,56.43000030517578,56.709999084472656,55.81999969482422,56.41999816894531,56.27880859375,1957000
2023-04-12,IR,56.43000030517578,56.709999084472656,55.81999969482422,56.41999816894531,56.27880859375,1957000
2023-04-13,IR,56.20000076293945,56.459999084472656,54.2400016784668,55.97999954223633,55.83990859985352,2984300
2023-04-13,IR,56.20000076293945,56.459999084472656,54.2400016784668,55.97999954223633,55.83990859985352,2984300
2023-04-14,IR,56.02000045776367,57.025001525878906,55.43999862670898,55.70000076293945,55.56061553955078,2110400
2023-04-14,IR,56.02000045776367,57.025001525878906,55.43999862670898,55.70000076293945,55.56061553955078,2110400
2023-04-17,IR,55.97999954223633,56.20500183105469,55.56999969482422,56.08000183105469,55.93967056274414,1519700
2023-04-17,IR,55.97999954223633,56.20500183105469,55.56999969482422,56.08000183105469,55.93967056274414,1519700
2023-04-18,IR,56.52000045776367,57.0,55.900001525878906,56.31999969482422,56.17906188964844,1622400
2023-04-18,IR,56.52000045776367,57.0,55.900001525878906,56.31999969482422,56.17906188964844,1622400
2023-04-19,IR,55.880001068115234,56.040000915527344,55.040000915527344,55.61000061035156,55.4708366394043,2524800
2023-04-19,IR,55.880001068115234,56.040000915527344,55.040000915527344,55.61000061035156,55.4708366394043,2524800
2023-04-20,IR,55.09999847412109,55.720001220703125,55.005001068115234,55.36000061035156,55.221466064453125,2179300
2023-04-20,IR,55.09999847412109,55.720001220703125,55.005001068115234,55.36000061035156,55.221466064453125,2179300
2023-04-21,IR,55.59999847412109,55.59999847412109,54.83000183105469,55.34000015258789,55.20151138305664,1878100
2023-04-21,IR,55.59999847412109,55.59999847412109,54.83000183105469,55.34000015258789,55.20151138305664,1878100
2023-04-24,IR,55.22999954223633,55.68999862670898,55.130001068115234,55.369998931884766,55.231441497802734,1232500
2023-04-24,IR,55.22999954223633,55.68999862670898,55.130001068115234,55.369998931884766,55.231441497802734,1232500
2023-04-25,IR,55.06999969482422,55.58000183105469,54.43000030517578,54.43999862670898,54.30376434326172,1748500
2023-04-25,IR,55.06999969482422,55.58000183105469,54.43000030517578,54.43999862670898,54.30376434326172,1748500
2023-04-26,IR,53.88999938964844,54.400001525878906,53.2400016784668,53.40999984741211,53.27634811401367,1721100
2023-04-26,IR,53.88999938964844,54.400001525878906,53.2400016784668,53.40999984741211,53.27634811401367,1721100
2023-04-27,IR,54.54999923706055,57.060001373291016,54.540000915527344,57.0,56.857364654541016,6102700
2023-04-27,IR,54.54999923706055,57.060001373291016,54.540000915527344,57.0,56.857364654541016,6102700
2023-04-28,IR,56.880001068115234,57.61000061035156,56.86000061035156,57.02000045776367,56.87731552124024,2479800
2023-04-28,IR,56.880001068115234,57.61000061035156,56.86000061035156,57.02000045776367,56.87731552124024,2479800
2023-05-01,IR,56.84000015258789,57.61000061035156,56.84000015258789,57.119998931884766,56.97706604003906,1807000
2023-05-01,IR,56.84000015258789,57.61000061035156,56.84000015258789,57.119998931884766,56.97706604003906,1807000
2023-05-02,IR,56.93999862670898,57.20000076293945,55.86000061035156,57.09999847412109,56.95711135864258,2297000
2023-05-02,IR,56.93999862670898,57.20000076293945,55.86000061035156,57.09999847412109,56.95711135864258,2297000
2023-05-03,IR,57.470001220703125,57.7400016784668,56.34000015258789,56.630001068115234,56.48828125,2454200
2023-05-03,IR,57.470001220703125,57.7400016784668,56.34000015258789,56.630001068115234,56.48828125,2454200
2023-05-04,IR,58.0,59.27000045776367,56.79999923706055,57.09000015258789,56.94713592529297,4120900
2023-05-04,IR,58.0,59.27000045776367,56.79999923706055,57.09000015258789,56.94713592529297,4120900
2023-05-05,IR,58.25,59.650001525878906,58.0,59.16999816894531,59.02193832397461,3022100
2023-05-05,IR,58.25,59.650001525878906,58.0,59.16999816894531,59.02193832397461,3022100
2023-05-08,IR,59.83000183105469,59.900001525878906,58.380001068115234,58.93999862670898,58.7925033569336,1793300
2023-05-08,IR,59.83000183105469,59.900001525878906,58.380001068115234,58.93999862670898,58.7925033569336,1793300
2023-05-09,IR,59.560001373291016,59.88999938964844,58.75,58.970001220703125,58.82243728637695,2063000
2023-05-09,IR,59.560001373291016,59.88999938964844,58.75,58.970001220703125,58.82243728637695,2063000
2023-05-10,IR,59.2599983215332,59.31499862670898,57.66999816894531,58.40999984741211,58.26383590698242,1575100
2023-05-10,IR,59.2599983215332,59.31499862670898,57.66999816894531,58.40999984741211,58.26383590698242,1575100
2023-05-11,IR,57.959999084472656,58.290000915527344,57.369998931884766,57.95000076293945,57.80498504638672,1572200
2023-05-11,IR,57.959999084472656,58.290000915527344,57.369998931884766,57.95000076293945,57.80498504638672,1572200
2023-05-12,IR,58.31999969482422,58.70000076293945,57.790000915527344,58.25,58.10423278808594,1446800
2023-05-12,IR,58.31999969482422,58.70000076293945,57.790000915527344,58.25,58.10423278808594,1446800
2023-05-15,IR,58.04999923706055,59.06999969482422,58.04999923706055,58.93000030517578,58.78253555297852,1143300
2023-05-15,IR,58.04999923706055,59.06999969482422,58.04999923706055,58.93000030517578,58.78253555297852,1143300
2023-05-16,IR,58.40999984741211,58.720001220703125,58.150001525878906,58.52999877929688,58.3835334777832,1527000
2023-05-16,IR,58.40999984741211,58.720001220703125,58.150001525878906,58.52999877929688,58.3835334777832,1527000
2023-05-17,IR,59.15999984741211,59.52000045776367,58.29999923706055,59.02999877929688,58.88228225708008,1876400
2023-05-17,IR,59.15999984741211,59.52000045776367,58.29999923706055,59.02999877929688,58.88228225708008,1876400
2023-05-18,IR,58.869998931884766,60.09000015258789,58.869998931884766,59.93000030517578,59.78002548217773,1438700
2023-05-18,IR,58.869998931884766,60.09000015258789,58.869998931884766,59.93000030517578,59.78002548217773,1438700
2023-05-19,IR,60.650001525878906,61.060001373291016,59.29999923706055,59.7599983215332,59.61045455932617,1647000
2023-05-19,IR,60.650001525878906,61.060001373291016,59.29999923706055,59.7599983215332,59.61045455932617,1647000
2023-05-22,IR,59.93000030517578,60.43000030517578,59.20000076293945,59.7400016784668,59.59050369262695,1917100
2023-05-22,IR,59.93000030517578,60.43000030517578,59.20000076293945,59.7400016784668,59.59050369262695,1917100
2023-05-23,IR,59.25,59.2599983215332,57.84000015258789,58.0099983215332,57.88421249389648,2445400
2023-05-23,IR,59.25,59.2599983215332,57.84000015258789,58.0099983215332,57.88421249389648,2445400
2023-05-24,IR,57.68999862670898,57.95000076293945,56.65999984741211,56.90999984741211,56.786598205566406,1854600
2023-05-24,IR,57.68999862670898,57.95000076293945,56.65999984741211,56.90999984741211,56.786598205566406,1854600
2023-05-25,IR,57.310001373291016,58.119998931884766,57.060001373291016,57.58000183105469,57.45514678955078,1972600
2023-05-25,IR,57.310001373291016,58.119998931884766,57.060001373291016,57.58000183105469,57.45514678955078,1972600
2023-05-26,IR,57.93000030517578,59.09000015258789,57.38999938964844,58.88999938964844,58.76231002807617,2068000
2023-05-26,IR,57.93000030517578,59.09000015258789,57.38999938964844,58.88999938964844,58.76231002807617,2068000
2023-05-30,IR,59.2400016784668,59.53300094604492,58.255001068115234,58.43999862670898,58.31327819824219,1565300
2023-05-30,IR,59.2400016784668,59.53300094604492,58.255001068115234,58.43999862670898,58.31327819824219,1565300
2023-05-31,IR,58.09999847412109,58.33000183105469,56.4900016784668,56.65999984741211,56.53713607788086,3338900
2023-05-31,IR,58.09999847412109,58.33000183105469,56.4900016784668,56.65999984741211,56.53713607788086,3338900
2023-06-01,IR,56.91999816894531,58.2599983215332,56.61000061035156,58.150001525878906,58.02391815185547,2153100
2023-06-01,IR,56.91999816894531,58.2599983215332,56.61000061035156,58.150001525878906,58.02391815185547,2153100
2023-06-02,IR,59.0,61.595001220703125,58.67499923706055,61.36000061035156,61.22694778442383,3217200
2023-06-02,IR,59.0,61.595001220703125,58.67499923706055,61.36000061035156,61.22694778442383,3217200
2023-06-05,IR,61.5,61.5,60.09999847412109,60.68000030517578,60.54842376708984,2281700
2023-06-05,IR,61.5,61.5,60.09999847412109,60.68000030517578,60.54842376708984,2281700
2023-06-06,IR,60.47999954223633,61.97999954223633,60.47999954223633,61.4900016784668,61.35667037963867,1486300
2023-06-06,IR,60.47999954223633,61.97999954223633,60.47999954223633,61.4900016784668,61.35667037963867,1486300
2023-06-07,IR,61.75,62.810001373291016,61.220001220703125,62.68999862670898,62.55405807495117,1724300
2023-06-07,IR,61.75,62.810001373291016,61.220001220703125,62.68999862670898,62.55405807495117,1724300
2023-06-08,IR,62.619998931884766,62.91999816894531,62.220001220703125,62.7599983215332,62.6239128112793,1270900
2023-06-08,IR,62.619998931884766,62.91999816894531,62.220001220703125,62.7599983215332,62.6239128112793,1270900
2023-06-09,IR,63.0,63.0,61.97999954223633,62.459999084472656,62.32456207275391,1215700
2023-06-09,IR,63.0,63.0,61.97999954223633,62.459999084472656,62.32456207275391,1215700
2023-06-12,IR,62.27000045776367,63.119998931884766,61.93000030517578,62.83000183105469,62.69375991821289,1696300
2023-06-12,IR,62.27000045776367,63.119998931884766,61.93000030517578,62.83000183105469,62.69375991821289,1696300
2023-06-13,IR,62.88999938964844,64.19999694824219,62.88999938964844,64.0999984741211,63.96100616455078,1765400
2023-06-13,IR,62.88999938964844,64.19999694824219,62.88999938964844,64.0999984741211,63.96100616455078,1765400
2023-06-14,IR,64.37999725341797,64.44999694824219,63.720001220703125,64.12000274658203,63.9809684753418,1915700
2023-06-14,IR,64.37999725341797,64.44999694824219,63.720001220703125,64.12000274658203,63.9809684753418,1915700
2023-06-15,IR,63.869998931884766,64.86000061035156,63.720001220703125,64.70999908447266,64.56968688964844,1961600
2023-06-15,IR,63.869998931884766,64.86000061035156,63.720001220703125,64.70999908447266,64.56968688964844,1961600
2023-06-16,IR,65.0,65.24400329589844,64.04000091552734,64.5199966430664,64.38008117675781,4462600
2023-06-16,IR,65.0,65.24400329589844,64.04000091552734,64.5199966430664,64.38008117675781,4462600
2023-06-20,IR,63.81999969482422,64.38999938964844,63.4900016784668,64.12000274658203,63.9809684753418,2438700
2023-06-20,IR,63.81999969482422,64.38999938964844,63.4900016784668,64.12000274658203,63.9809684753418,2438700
2023-06-21,IR,63.77999877929688,64.70999908447266,63.43999862670898,64.12999725341797,63.99094009399414,2810700
2023-06-21,IR,63.77999877929688,64.70999908447266,63.43999862670898,64.12999725341797,63.99094009399414,2810700
2023-06-22,IR,64.06999969482422,64.06999969482422,63.15999984741211,63.52000045776367,63.38226318359375,2803900
2023-06-22,IR,64.06999969482422,64.06999969482422,63.15999984741211,63.52000045776367,63.38226318359375,2803900
2023-06-23,IR,62.709999084472656,63.52999877929688,62.02000045776367,63.369998931884766,63.23258972167969,5020500
2023-06-23,IR,62.709999084472656,63.52999877929688,62.02000045776367,63.369998931884766,63.23258972167969,5020500
2023-06-26,IR,63.29999923706055,64.0199966430664,63.15999984741211,63.220001220703125,63.082916259765625,2882100
2023-06-26,IR,63.29999923706055,64.0199966430664,63.15999984741211,63.220001220703125,63.082916259765625,2882100
2023-06-27,IR,63.52000045776367,64.01000213623047,63.150001525878906,63.93000030517578,63.79137802124024,3152300
2023-06-27,IR,63.52000045776367,64.01000213623047,63.150001525878906,63.93000030517578,63.79137802124024,3152300
2023-06-28,IR,64.30000305175781,64.58999633789062,63.54999923706055,63.65999984741211,63.5219612121582,2829800
2023-06-28,IR,64.30000305175781,64.58999633789062,63.54999923706055,63.65999984741211,63.5219612121582,2829800
2023-06-29,IR,63.45000076293945,64.58999633789062,63.0,64.4000015258789,64.26036834716797,2852100
2023-06-29,IR,63.45000076293945,64.58999633789062,63.0,64.4000015258789,64.26036834716797,2852100
2023-06-30,IR,65.16000366210938,65.7300033569336,64.6510009765625,65.36000061035156,65.21826934814453,1880700
2023-06-30,IR,65.16000366210938,65.7300033569336,64.6510009765625,65.36000061035156,65.21826934814453,1880700
2023-07-03,IR,64.91000366210938,65.31999969482422,64.5,65.23999786376953,65.0985336303711,702300
2023-07-03,IR,64.91000366210938,65.31999969482422,64.5,65.23999786376953,65.0985336303711,702300
2023-07-05,IR,64.62000274658203,65.05000305175781,64.0,64.12000274658203,63.9809684753418,1450400
2023-07-05,IR,64.62000274658203,65.05000305175781,64.0,64.12000274658203,63.9809684753418,1450400
2023-07-06,IR,63.56999969482422,63.685001373291016,62.91999816894531,63.560001373291016,63.42218017578125,1796100
2023-07-06,IR,63.56999969482422,63.685001373291016,62.91999816894531,63.560001373291016,63.42218017578125,1796100
2023-07-07,IR,63.41999816894531,64.92500305175781,63.33000183105469,64.26000213623047,64.12066650390625,1271700
2023-07-07,IR,63.41999816894531,64.92500305175781,63.33000183105469,64.26000213623047,64.12066650390625,1271700
2023-07-10,IR,64.97000122070312,65.8949966430664,64.6500015258789,65.80999755859375,65.66728973388672,1395200
2023-07-10,IR,64.97000122070312,65.8949966430664,64.6500015258789,65.80999755859375,65.66728973388672,1395200
2023-07-11,IR,66.01000213623047,66.73999786376953,65.87000274658203,66.25,66.10635375976562,1701200
2023-07-11,IR,66.01000213623047,66.73999786376953,65.87000274658203,66.25,66.10635375976562,1701200
2023-07-12,IR,66.87999725341797,67.0199966430664,66.05999755859375,66.11000061035156,65.96665954589844,1333800
2023-07-12,IR,66.87999725341797,67.0199966430664,66.05999755859375,66.11000061035156,65.96665954589844,1333800
2023-07-13,IR,66.22000122070312,66.91000366210938,65.8499984741211,66.68000030517578,66.53541564941406,1069900
2023-07-13,IR,66.22000122070312,66.91000366210938,65.8499984741211,66.68000030517578,66.53541564941406,1069900
2023-07-14,IR,66.62999725341797,66.66999816894531,65.9000015258789,66.12000274658203,65.97662353515625,1475800
2023-07-14,IR,66.62999725341797,66.66999816894531,65.9000015258789,66.12000274658203,65.97662353515625,1475800
2023-07-17,IR,66.02999877929688,66.7249984741211,65.94999694824219,66.29000091552734,66.1462631225586,1985200
2023-07-17,IR,66.02999877929688,66.7249984741211,65.94999694824219,66.29000091552734,66.1462631225586,1985200
2023-07-18,IR,66.04000091552734,67.18000030517578,65.95999908447266,67.0199966430664,66.87467956542969,2535600
2023-07-18,IR,66.04000091552734,67.18000030517578,65.95999908447266,67.0199966430664,66.87467956542969,2535600
2023-07-19,IR,66.36000061035156,66.37000274658203,64.86000061035156,65.72000122070312,65.5774917602539,2943300
2023-07-19,IR,66.36000061035156,66.37000274658203,64.86000061035156,65.72000122070312,65.5774917602539,2943300
2023-07-20,IR,66.0199966430664,66.06999969482422,65.2300033569336,65.58999633789062,65.4477767944336,2048700
2023-07-20,IR,66.0199966430664,66.06999969482422,65.2300033569336,65.58999633789062,65.4477767944336,2048700
2023-07-21,IR,65.69000244140625,65.80999755859375,65.08000183105469,65.26000213623047,65.11849212646484,1483700
2023-07-21,IR,65.69000244140625,65.80999755859375,65.08000183105469,65.26000213623047,65.11849212646484,1483700
2023-07-24,IR,65.43000030517578,65.94999694824219,64.97000122070312,65.2699966430664,65.12847137451172,1546000
2023-07-24,IR,65.43000030517578,65.94999694824219,64.97000122070312,65.2699966430664,65.12847137451172,1546000
2023-07-25,IR,64.88999938964844,65.86000061035156,64.75,65.06999969482422,64.92891693115234,1791700
2023-07-25,IR,64.88999938964844,65.86000061035156,64.75,65.06999969482422,64.92891693115234,1791700
2023-07-26,IR,64.83999633789062,65.33499908447266,64.05999755859375,64.5199966430664,64.38008117675781,2205600
2023-07-26,IR,64.83999633789062,65.33499908447266,64.05999755859375,64.5199966430664,64.38008117675781,2205600
2023-07-27,IR,64.87000274658203,65.0199966430664,63.869998931884766,64.05000305175781,63.91111373901367,2450700
2023-07-27,IR,64.87000274658203,65.0199966430664,63.869998931884766,64.05000305175781,63.91111373901367,2450700
2023-07-28,IR,64.70999908447266,64.8499984741211,63.97999954223633,64.19999694824219,64.06079864501953,2456800
2023-07-28,IR,64.70999908447266,64.8499984741211,63.97999954223633,64.19999694824219,64.06079864501953,2456800
2023-07-31,IR,64.62999725341797,65.32499694824219,64.3499984741211,65.2699966430664,65.12847137451172,2150900
2023-07-31,IR,64.62999725341797,65.32499694824219,64.3499984741211,65.2699966430664,65.12847137451172,2150900
2023-08-01,IR,64.7699966430664,66.05999755859375,64.70999908447266,66.01000213623047,65.86687469482422,2872000
2023-08-01,IR,64.7699966430664,66.05999755859375,64.70999908447266,66.01000213623047,65.86687469482422,2872000
2023-08-02,IR,65.62000274658203,65.9000015258789,65.06999969482422,65.48999786376953,65.3479995727539,3487800
2023-08-02,IR,65.62000274658203,65.9000015258789,65.06999969482422,65.48999786376953,65.3479995727539,3487800
2023-08-03,IR,66.5199966430664,67.38999938964844,65.23999786376953,67.12000274658203,66.9744644165039,3897000
2023-08-03,IR,66.5199966430664,67.38999938964844,65.23999786376953,67.12000274658203,66.9744644165039,3897000
2023-08-04,IR,67.4000015258789,67.73999786376953,66.56999969482422,66.91000366210938,66.76492309570312,2857600
2023-08-04,IR,67.4000015258789,67.73999786376953,66.56999969482422,66.91000366210938,66.76492309570312,2857600
2023-08-07,IR,67.5199966430664,68.0,67.12999725341797,67.91000366210938,67.76274108886719,1669600
2023-08-07,IR,67.5199966430664,68.0,67.12999725341797,67.91000366210938,67.76274108886719,1669600
2023-08-08,IR,67.41000366210938,68.91999816894531,66.9800033569336,68.62000274658203,68.47119903564453,2451000
2023-08-08,IR,67.41000366210938,68.91999816894531,66.9800033569336,68.62000274658203,68.47119903564453,2451000
2023-08-09,IR,68.62999725341797,68.87999725341797,67.91999816894531,68.13999938964844,67.99224853515625,2853300
2023-08-09,IR,68.62999725341797,68.87999725341797,67.91999816894531,68.13999938964844,67.99224853515625,2853300
2023-08-10,IR,68.37999725341797,68.73999786376953,67.38999938964844,67.91999816894531,67.7727279663086,2419900
2023-08-10,IR,68.37999725341797,68.73999786376953,67.38999938964844,67.91999816894531,67.7727279663086,2419900
2023-08-11,IR,67.76000213623047,68.31999969482422,67.66000366210938,68.08999633789062,67.94235229492188,1522900
2023-08-11,IR,67.76000213623047,68.31999969482422,67.66000366210938,68.08999633789062,67.94235229492188,1522900
2023-08-14,IR,67.91000366210938,68.19999694824219,67.6449966430664,67.9000015258789,67.75277709960938,1723900
2023-08-14,IR,67.91000366210938,68.19999694824219,67.6449966430664,67.9000015258789,67.75277709960938,1723900
2023-08-15,IR,67.51000213623047,67.83499908447266,66.76000213623047,67.0,66.8547134399414,1638600
2023-08-15,IR,67.51000213623047,67.83499908447266,66.76000213623047,67.0,66.8547134399414,1638600
2023-08-16,IR,66.93000030517578,67.37999725341797,66.62999725341797,66.70999908447266,66.56534576416016,1505000
2023-08-16,IR,66.93000030517578,67.37999725341797,66.62999725341797,66.70999908447266,66.56534576416016,1505000
2023-08-17,IR,67.04000091552734,67.37000274658203,66.08000183105469,66.0999984741211,65.9566650390625,1814600
2023-08-17,IR,67.04000091552734,67.37000274658203,66.08000183105469,66.0999984741211,65.9566650390625,1814600
2023-08-18,IR,65.4000015258789,67.16000366210938,65.0,66.48999786376953,66.3458251953125,3796400
2023-08-18,IR,65.4000015258789,67.16000366210938,65.0,66.48999786376953,66.3458251953125,3796400
2023-08-21,IR,66.80000305175781,66.97000122070312,66.11000061035156,66.69999694824219,66.55538177490234,1553700
2023-08-21,IR,66.80000305175781,66.97000122070312,66.11000061035156,66.69999694824219,66.55538177490234,1553700
2023-08-22,IR,67.30000305175781,67.69999694824219,66.75,66.8499984741211,66.72505187988281,1408300
2023-08-22,IR,67.30000305175781,67.69999694824219,66.75,66.8499984741211,66.72505187988281,1408300
2023-08-23,IR,67.0,68.68000030517578,66.93000030517578,68.5,68.3719711303711,1880900
2023-08-23,IR,67.0,68.68000030517578,66.93000030517578,68.5,68.3719711303711,1880900
2023-08-24,IR,68.4800033569336,69.1500015258789,68.16999816894531,68.23999786376953,68.1124496459961,3185100
2023-08-24,IR,68.4800033569336,69.1500015258789,68.16999816894531,68.23999786376953,68.1124496459961,3185100
2023-08-25,IR,68.58000183105469,69.30500030517578,68.08000183105469,68.9000015258789,68.77122497558594,2648200
2023-08-25,IR,68.58000183105469,69.30500030517578,68.08000183105469,68.9000015258789,68.77122497558594,2648200
2023-08-28,IR,68.8499984741211,69.44000244140625,68.5999984741211,69.0999984741211,68.9708480834961,1993300
2023-08-28,IR,68.8499984741211,69.44000244140625,68.5999984741211,69.0999984741211,68.9708480834961,1993300
2023-08-29,IR,68.94999694824219,70.31999969482422,68.73999786376953,69.97000122070312,69.83922576904297,1993200
2023-08-29,IR,68.94999694824219,70.31999969482422,68.73999786376953,69.97000122070312,69.83922576904297,1993200
2023-08-30,IR,70.12999725341797,70.6500015258789,69.66999816894531,69.88999938964844,69.7593765258789,1978100
2023-08-30,IR,70.12999725341797,70.6500015258789,69.66999816894531,69.88999938964844,69.7593765258789,1978100
2023-08-31,IR,69.86000061035156,70.20999908447266,69.31999969482422,69.61000061035156,69.47988891601562,3960900
2023-08-31,IR,69.86000061035156,70.20999908447266,69.31999969482422,69.61000061035156,69.47988891601562,3960900
2023-09-01,IR,69.98999786376953,70.5199966430664,69.55999755859375,69.94999694824219,69.81924438476562,2936200
2023-09-01,IR,69.98999786376953,70.5199966430664,69.55999755859375,69.94999694824219,69.81924438476562,2936200
2023-09-05,IR,69.95999908447266,70.0,68.30000305175781,68.44000244140625,68.31208038330078,3946200
2023-09-05,IR,69.95999908447266,70.0,68.30000305175781,68.44000244140625,68.31208038330078,3946200
2023-09-06,IR,68.30000305175781,70.05000305175781,68.25,70.01000213623047,69.879150390625,3655300
2023-09-06,IR,68.30000305175781,70.05000305175781,68.25,70.01000213623047,69.879150390625,3655300
2023-09-07,IR,69.62000274658203,70.2300033569336,68.73999786376953,69.55000305175781,69.41999816894531,2989500
2023-09-07,IR,69.62000274658203,70.2300033569336,68.73999786376953,69.55000305175781,69.41999816894531,2989500
2023-09-08,IR,69.5199966430664,69.9800033569336,69.31999969482422,69.41999816894531,69.29024505615234,2458600
2023-09-08,IR,69.5199966430664,69.9800033569336,69.31999969482422,69.41999816894531,69.29024505615234,2458600
2023-09-11,IR,69.81999969482422,70.23999786376953,68.05500030517578,68.6500015258789,68.52169036865234,2885900
2023-09-11,IR,69.81999969482422,70.23999786376953,68.05500030517578,68.6500015258789,68.52169036865234,2885900
2023-09-12,IR,68.29000091552734,69.16999816894531,67.9520034790039,68.33000183105469,68.20230102539062,2752300
2023-09-12,IR,68.29000091552734,69.16999816894531,67.9520034790039,68.33000183105469,68.20230102539062,2752300
2023-09-13,IR,68.0199966430664,68.4800033569336,65.19999694824219,65.7300033569336,65.60714721679688,3511000
2023-09-13,IR,68.0199966430664,68.4800033569336,65.19999694824219,65.7300033569336,65.60714721679688,3511000
2023-09-14,IR,66.43000030517578,66.98999786376953,65.7300033569336,66.55999755859375,66.43559265136719,2405900
2023-09-14,IR,66.43000030517578,66.98999786376953,65.7300033569336,66.55999755859375,66.43559265136719,2405900
2023-09-15,IR,66.29000091552734,66.62000274658203,65.48500061035156,65.9000015258789,65.7768325805664,2848100
2023-09-15,IR,66.29000091552734,66.62000274658203,65.48500061035156,65.9000015258789,65.7768325805664,2848100
2023-09-18,IR,65.87999725341797,66.5,65.62000274658203,66.38999938964844,66.26592254638672,2039900
2023-09-18,IR,65.87999725341797,66.5,65.62000274658203,66.38999938964844,66.26592254638672,2039900
2023-09-19,IR,66.16999816894531,66.75,65.27999877929688,66.2300033569336,66.10621643066406,4075000
2023-09-19,IR,66.16999816894531,66.75,65.27999877929688,66.2300033569336,66.10621643066406,4075000
2023-09-20,IR,66.6500015258789,67.00499725341797,64.94999694824219,65.0199966430664,64.89847564697266,2642200
2023-09-20,IR,66.6500015258789,67.00499725341797,64.94999694824219,65.0199966430664,64.89847564697266,2642200
2023-09-21,IR,64.79000091552734,64.79000091552734,63.73500061035156,64.04000091552734,63.92031097412109,2343300
2023-09-21,IR,64.79000091552734,64.79000091552734,63.73500061035156,64.04000091552734,63.92031097412109,2343300
2023-09-22,IR,64.05999755859375,64.94000244140625,63.810001373291016,64.5,64.37944793701172,1473800
2023-09-22,IR,64.05999755859375,64.94000244140625,63.810001373291016,64.5,64.37944793701172,1473800
2023-09-25,IR,64.18000030517578,64.37999725341797,63.27999877929688,64.31999969482422,64.19979095458984,2701500
2023-09-25,IR,64.18000030517578,64.37999725341797,63.27999877929688,64.31999969482422,64.19979095458984,2701500
2023-09-26,IR,63.59000015258789,64.21499633789062,62.59999847412109,62.790000915527344,62.67265319824219,2125500
2023-09-26,IR,63.59000015258789,64.21499633789062,62.59999847412109,62.790000915527344,62.67265319824219,2125500
2023-09-27,IR,63.40999984741211,63.790000915527344,62.93999862670898,63.27000045776367,63.15174865722656,2107100
2023-09-27,IR,63.40999984741211,63.790000915527344,62.93999862670898,63.27000045776367,63.15174865722656,2107100
2023-09-28,IR,63.36000061035156,64.77999877929688,63.17499923706055,64.2699966430664,64.14987182617188,2109800
2023-09-28,IR,63.36000061035156,64.77999877929688,63.17499923706055,64.2699966430664,64.14987182617188,2109800
2023-09-29,IR,64.77999877929688,65.1449966430664,63.43000030517578,63.720001220703125,63.60090255737305,3366600
2023-09-29,IR,64.77999877929688,65.1449966430664,63.43000030517578,63.720001220703125,63.60090255737305,3366600
2023-10-02,IR,63.56999969482422,64.26000213623047,63.27999877929688,63.59999847412109,63.48112869262695,2576900
2023-10-02,IR,63.56999969482422,64.26000213623047,63.27999877929688,63.59999847412109,63.48112869262695,2576900
2023-10-03,IR,63.25,63.415000915527344,62.13999938964844,62.84999847412109,62.73252868652344,3038200
2023-10-03,IR,63.25,63.415000915527344,62.13999938964844,62.84999847412109,62.73252868652344,3038200
2023-10-04,IR,62.79999923706055,63.43999862670898,62.34000015258789,63.2599983215332,63.14175796508789,1797700
2023-10-04,IR,62.79999923706055,63.43999862670898,62.34000015258789,63.2599983215332,63.14175796508789,1797700
2023-10-05,IR,63.380001068115234,63.58000183105469,62.20000076293945,62.81999969482422,62.70258712768555,3373000
2023-10-05,IR,63.380001068115234,63.58000183105469,62.20000076293945,62.81999969482422,62.70258712768555,3373000
2023-10-06,IR,62.459999084472656,63.91999816894531,62.13999938964844,63.41999816894531,63.30146026611328,1825000
2023-10-06,IR,62.459999084472656,63.91999816894531,62.13999938964844,63.41999816894531,63.30146026611328,1825000
2023-10-09,IR,63.27000045776367,64.26000213623047,62.5099983215332,64.0999984741211,63.98019409179688,1572200
2023-10-09,IR,63.27000045776367,64.26000213623047,62.5099983215332,64.0999984741211,63.98019409179688,1572200
2023-10-10,IR,64.1500015258789,65.2699966430664,63.790000915527344,64.69000244140625,64.56909942626953,1644800
2023-10-10,IR,64.1500015258789,65.2699966430664,63.790000915527344,64.69000244140625,64.56909942626953,1644800
2023-10-11,IR,64.87000274658203,66.07499694824219,64.83000183105469,65.98999786376953,65.86666107177734,2251100
2023-10-11,IR,64.87000274658203,66.07499694824219,64.83000183105469,65.98999786376953,65.86666107177734,2251100
2023-10-12,IR,66.13999938964844,66.79000091552734,65.44499969482422,66.05999755859375,65.93653106689453,2763900
2023-10-12,IR,66.13999938964844,66.79000091552734,65.44499969482422,66.05999755859375,65.93653106689453,2763900
2023-10-13,IR,66.20999908447266,66.44999694824219,63.380001068115234,64.22000122070312,64.09996795654297,2504000
2023-10-13,IR,66.20999908447266,66.44999694824219,63.380001068115234,64.22000122070312,64.09996795654297,2504000
2023-10-16,IR,64.9000015258789,65.58499908447266,64.47000122070312,64.94999694824219,64.82859802246094,1342800
2023-10-16,IR,64.9000015258789,65.58499908447266,64.47000122070312,64.94999694824219,64.82859802246094,1342800
2023-10-17,IR,64.68000030517578,66.33999633789062,64.44000244140625,65.66000366210938,65.53729248046875,1500400
2023-10-17,IR,64.68000030517578,66.33999633789062,64.44000244140625,65.66000366210938,65.53729248046875,1500400
2023-10-18,IR,64.77999877929688,64.77999877929688,62.27999877929688,62.38999938964844,62.27339172363281,3784900
2023-10-18,IR,64.77999877929688,64.77999877929688,62.27999877929688,62.38999938964844,62.27339172363281,3784900
2023-10-19,IR,62.40999984741211,63.32500076293945,60.97499847412109,61.220001220703125,61.1055793762207,3395500
2023-10-19,IR,62.40999984741211,63.32500076293945,60.97499847412109,61.220001220703125,61.1055793762207,3395500
2023-10-20,IR,61.20000076293945,61.43999862670898,60.20000076293945,60.41999816894531,60.30706787109375,3182800
2023-10-20,IR,61.20000076293945,61.43999862670898,60.20000076293945,60.41999816894531,60.30706787109375,3182800
2023-10-23,IR,60.34000015258789,60.77000045776367,59.27000045776367,59.310001373291016,59.19914627075195,3409200
2023-10-23,IR,60.34000015258789,60.77000045776367,59.27000045776367,59.310001373291016,59.19914627075195,3409200
2023-10-24,IR,60.52999877929688,60.65999984741211,59.45000076293945,59.68000030517578,59.56845474243164,3476500
2023-10-24,IR,60.52999877929688,60.65999984741211,59.45000076293945,59.68000030517578,59.56845474243164,3476500
2023-10-25,IR,59.34999847412109,60.47999954223633,59.25,59.36000061035156,59.249053955078125,4150400
2023-10-25,IR,59.34999847412109,60.47999954223633,59.25,59.36000061035156,59.249053955078125,4150400
2023-10-26,IR,59.7400016784668,60.77000045776367,59.43999862670898,59.880001068115234,59.76808166503906,2972500
2023-10-26,IR,59.7400016784668,60.77000045776367,59.43999862670898,59.880001068115234,59.76808166503906,2972500
2023-10-27,IR,60.0,60.290000915527344,59.20000076293945,59.380001068115234,59.26901626586914,2497100
2023-10-27,IR,60.0,60.290000915527344,59.20000076293945,59.380001068115234,59.26901626586914,2497100
2023-10-30,IR,60.02000045776367,60.790000915527344,59.50699996948242,60.56999969482422,60.456790924072266,4833600
2023-10-30,IR,60.02000045776367,60.790000915527344,59.50699996948242,60.56999969482422,60.456790924072266,4833600
2023-10-31,IR,60.22999954223633,60.959999084472656,60.18000030517578,60.68000030517578,60.56658554077149,3751100
2023-10-31,IR,60.22999954223633,60.959999084472656,60.18000030517578,60.68000030517578,60.56658554077149,3751100
2023-11-01,IR,60.75,62.02000045776367,60.34000015258789,61.9900016784668,61.87413787841797,5497300
2023-11-01,IR,60.75,62.02000045776367,60.34000015258789,61.9900016784668,61.87413787841797,5497300
2023-11-02,IR,62.25,66.26000213623047,62.119998931884766,65.58999633789062,65.46741485595703,5300500
2023-11-02,IR,62.25,66.26000213623047,62.119998931884766,65.58999633789062,65.46741485595703,5300500
2023-11-03,IR,66.87999725341797,67.18000030517578,65.30000305175781,65.36000061035156,65.23783111572266,3155500
2023-11-03,IR,66.87999725341797,67.18000030517578,65.30000305175781,65.36000061035156,65.23783111572266,3155500
2023-11-06,IR,65.33999633789062,65.52999877929688,64.69000244140625,65.25,65.12803649902344,3379700
2023-11-06,IR,65.33999633789062,65.52999877929688,64.69000244140625,65.25,65.12803649902344,3379700
2023-11-07,IR,64.91000366210938,66.01000213623047,64.5999984741211,65.9800033569336,65.856689453125,2530500
2023-11-07,IR,64.91000366210938,66.01000213623047,64.5999984741211,65.9800033569336,65.856689453125,2530500
2023-11-08,IR,66.30999755859375,66.58000183105469,65.5,66.05000305175781,65.92655181884766,2593100
2023-11-08,IR,66.30999755859375,66.58000183105469,65.5,66.05000305175781,65.92655181884766,2593100
2023-11-09,IR,66.7699966430664,67.81999969482422,66.30000305175781,67.02999877929688,66.90471649169922,4077500
2023-11-09,IR,66.7699966430664,67.81999969482422,66.30000305175781,67.02999877929688,66.90471649169922,4077500
2023-11-10,IR,66.98999786376953,68.36000061035156,66.98999786376953,68.33999633789062,68.21226501464844,2537300
2023-11-10,IR,66.98999786376953,68.36000061035156,66.98999786376953,68.33999633789062,68.21226501464844,2537300
2023-11-13,IR,68.1500015258789,69.33999633789062,68.05999755859375,68.86000061035156,68.7313003540039,4608500
2023-11-13,IR,68.1500015258789,69.33999633789062,68.05999755859375,68.86000061035156,68.7313003540039,4608500
2023-11-14,IR,69.7699966430664,70.12000274658203,69.31999969482422,69.66000366210938,69.52981567382812,2643900
2023-11-14,IR,69.7699966430664,70.12000274658203,69.31999969482422,69.66000366210938,69.52981567382812,2643900
2023-11-15,IR,69.66000366210938,70.22000122070312,69.29000091552734,69.70999908447266,69.57969665527344,2574000
2023-11-15,IR,69.66000366210938,70.22000122070312,69.29000091552734,69.70999908447266,69.57969665527344,2574000
2023-11-16,IR,69.87999725341797,70.61000061035156,69.76000213623047,70.19999694824219,70.06878662109375,1820000
2023-11-16,IR,69.87999725341797,70.61000061035156,69.76000213623047,70.19999694824219,70.06878662109375,1820000
2023-11-17,IR,70.6500015258789,70.6500015258789,69.84400177001953,70.31999969482422,70.20856475830078,1943000
2023-11-17,IR,70.6500015258789,70.6500015258789,69.84400177001953,70.31999969482422,70.20856475830078,1943000
2023-11-20,IR,70.41999816894531,70.62000274658203,69.95999908447266,70.41999816894531,70.30840301513672,2069300
2023-11-20,IR,70.41999816894531,70.62000274658203,69.95999908447266,70.41999816894531,70.30840301513672,2069300
2023-11-21,IR,70.25,70.81999969482422,70.24500274658203,70.54000091552734,70.42823028564453,1573900
2023-11-21,IR,70.25,70.81999969482422,70.24500274658203,70.54000091552734,70.42823028564453,1573900
2023-11-22,IR,70.66000366210938,70.97000122070312,70.43000030517578,70.70999908447266,70.59796142578125,1698300
2023-11-22,IR,70.66000366210938,70.97000122070312,70.43000030517578,70.70999908447266,70.59796142578125,1698300
2023-11-24,IR,70.83000183105469,71.33000183105469,70.5999984741211,71.33000183105469,71.21697998046875,674900
2023-11-24,IR,70.83000183105469,71.33000183105469,70.5999984741211,71.33000183105469,71.21697998046875,674900
2023-11-27,IR,71.30000305175781,71.30000305175781,70.6500015258789,70.77999877929688,70.66785430908203,1807000
2023-11-27,IR,71.30000305175781,71.30000305175781,70.6500015258789,70.77999877929688,70.66785430908203,1807000
2023-11-28,IR,70.86000061035156,71.23999786376953,69.63999938964844,69.66000366210938,69.54962158203125,2904600
2023-11-28,IR,70.86000061035156,71.23999786376953,69.63999938964844,69.66000366210938,69.54962158203125,2904600
2023-11-29,IR,70.20999908447266,70.4000015258789,69.45999908447266,69.5999984741211,69.48971557617188,2064700
2023-11-29,IR,70.20999908447266,70.4000015258789,69.45999908447266,69.5999984741211,69.48971557617188,2064700
2023-11-30,IR,69.94000244140625,71.5199966430664,69.51000213623047,71.43000030517578,71.31681823730469,3532500
2023-11-30,IR,69.94000244140625,71.5199966430664,69.51000213623047,71.43000030517578,71.31681823730469,3532500
2023-12-01,IR,71.36000061035156,72.7300033569336,71.36000061035156,72.23999786376953,72.12552642822266,2451500
2023-12-01,IR,71.36000061035156,72.7300033569336,71.36000061035156,72.23999786376953,72.12552642822266,2451500
2023-12-04,IR,71.56999969482422,72.16000366210938,71.29000091552734,72.0199966430664,71.90587615966797,2320600
2023-12-04,IR,71.56999969482422,72.16000366210938,71.29000091552734,72.0199966430664,71.90587615966797,2320600
2023-12-05,IR,71.79000091552734,72.44000244140625,71.54000091552734,71.95999908447266,71.8459701538086,1748300
2023-12-05,IR,71.79000091552734,72.44000244140625,71.54000091552734,71.95999908447266,71.8459701538086,1748300
2023-12-06,IR,72.2699966430664,72.9800033569336,71.20999908447266,71.37999725341797,71.26687622070312,1905600
2023-12-06,IR,72.2699966430664,72.9800033569336,71.20999908447266,71.37999725341797,71.26687622070312,1905600
2023-12-07,IR,71.7300033569336,72.55999755859375,71.53500366210938,72.55000305175781,72.4350357055664,2302600
2023-12-07,IR,71.7300033569336,72.55999755859375,71.53500366210938,72.55000305175781,72.4350357055664,2302600
2023-12-08,IR,72.48999786376953,73.41999816894531,72.3949966430664,73.30999755859375,73.19381713867188,2723600
2023-12-08,IR,72.48999786376953,73.41999816894531,72.3949966430664,73.30999755859375,73.19381713867188,2723600
2023-12-11,IR,73.37999725341797,74.48999786376953,73.37999725341797,73.9800033569336,73.86278533935547,2004300
2023-12-11,IR,73.37999725341797,74.48999786376953,73.37999725341797,73.9800033569336,73.86278533935547,2004300
2023-12-12,IR,74.20999908447266,74.8499984741211,74.06600189208984,74.26000213623047,74.14234161376953,2094800
2023-12-12,IR,74.20999908447266,74.8499984741211,74.06600189208984,74.26000213623047,74.14234161376953,2094800
2023-12-13,IR,74.22000122070312,74.76000213623047,73.5199966430664,73.69999694824219,73.58322143554688,2115600
2023-12-13,IR,74.22000122070312,74.76000213623047,73.5199966430664,73.69999694824219,73.58322143554688,2115600
2023-12-14,IR,74.12999725341797,75.572998046875,74.08999633789062,75.30999755859375,75.19066619873047,2590300
2023-12-14,IR,74.12999725341797,75.572998046875,74.08999633789062,75.30999755859375,75.19066619873047,2590300
2023-12-15,IR,74.86000061035156,75.625,74.69999694824219,74.83999633789062,74.72140502929688,4784500
2023-12-15,IR,74.86000061035156,75.625,74.69999694824219,74.83999633789062,74.72140502929688,4784500
2023-12-18,IR,75.19000244140625,75.27799987792969,74.47000122070312,74.81999969482422,74.70143127441406,1751900
2023-12-18,IR,75.19000244140625,75.27799987792969,74.47000122070312,74.81999969482422,74.70143127441406,1751900
2023-12-19,IR,75.12999725341797,76.4000015258789,74.83000183105469,76.33000183105469,76.20904541015625,2263200
2023-12-19,IR,75.12999725341797,76.4000015258789,74.83000183105469,76.33000183105469,76.20904541015625,2263200
2023-12-20,IR,76.0,76.80999755859375,74.83999633789062,74.87000274658203,74.7513656616211,2029100
2023-12-20,IR,76.0,76.80999755859375,74.83999633789062,74.87000274658203,74.7513656616211,2029100
2023-12-21,IR,75.63999938964844,75.86000061035156,75.05000305175781,75.80000305175781,75.67989349365234,1392700
2023-12-21,IR,75.63999938964844,75.86000061035156,75.05000305175781,75.80000305175781,75.67989349365234,1392700
2023-12-22,IR,76.08000183105469,76.86499786376953,75.91000366210938,76.4800033569336,76.35882568359375,1433700
2023-12-22,IR,76.08000183105469,76.86499786376953,75.91000366210938,76.4800033569336,76.35882568359375,1433700
2023-12-26,IR,76.48999786376953,77.43000030517578,76.45999908447266,77.4000015258789,77.27735900878906,1346300
2023-12-26,IR,76.48999786376953,77.43000030517578,76.45999908447266,77.4000015258789,77.27735900878906,1346300
2023-12-27,IR,77.4800033569336,77.87000274658203,77.23500061035156,77.8499984741211,77.72663116455078,1823000
2023-12-27,IR,77.4800033569336,77.87000274658203,77.23500061035156,77.8499984741211,77.72663116455078,1823000
2023-12-28,IR,77.73999786376953,78.16000366210938,77.56999969482422,77.77999877929688,77.65673828125,1110000
2023-12-28,IR,77.73999786376953,78.16000366210938,77.56999969482422,77.77999877929688,77.65673828125,1110000
2023-12-29,IR,77.93000030517578,78.0199966430664,77.27999877929688,77.33999633789062,77.21745300292969,1618100
2023-12-29,IR,77.93000030517578,78.0199966430664,77.27999877929688,77.33999633789062,77.21745300292969,1618100
2024-01-02,IR,77.0,77.61000061035156,76.26000213623047,76.7300033569336,76.6084213256836,1790100
2024-01-02,IR,77.0,77.61000061035156,76.26000213623047,76.7300033569336,76.6084213256836,1790100
2024-01-03,IR,76.20999908447266,76.47000122070312,74.66999816894531,74.72000122070312,74.60160064697266,2629500
2024-01-03,IR,76.20999908447266,76.47000122070312,74.66999816894531,74.72000122070312,74.60160064697266,2629500
2024-01-04,IR,74.9000015258789,75.7699966430664,74.72000122070312,74.94000244140625,74.82125854492188,1475700
2024-01-04,IR,74.9000015258789,75.7699966430664,74.72000122070312,74.94000244140625,74.82125854492188,1475700
2024-01-05,IR,74.80000305175781,75.29000091552734,74.58999633789062,74.80000305175781,74.68148040771484,2066600
2024-01-05,IR,74.80000305175781,75.29000091552734,74.58999633789062,74.80000305175781,74.68148040771484,2066600
2024-01-08,IR,74.80999755859375,75.73999786376953,74.01000213623047,75.72000122070312,75.60002136230469,1882800
2024-01-08,IR,74.80999755859375,75.73999786376953,74.01000213623047,75.72000122070312,75.60002136230469,1882800
2024-01-09,IR,74.97000122070312,75.91000366210938,74.58000183105469,75.91000366210938,75.78971862792969,2100100
2024-01-09,IR,74.97000122070312,75.91000366210938,74.58000183105469,75.91000366210938,75.78971862792969,2100100
2024-01-10,IR,75.88999938964844,76.38500213623047,75.73999786376953,76.29000091552734,76.16911315917969,1386100
2024-01-10,IR,75.88999938964844,76.38500213623047,75.73999786376953,76.29000091552734,76.16911315917969,1386100
2024-01-11,IR,76.33000183105469,77.73999786376953,75.53900146484375,77.69000244140625,77.56689453125,3222000
2024-01-11,IR,76.33000183105469,77.73999786376953,75.53900146484375,77.69000244140625,77.56689453125,3222000
2024-01-12,IR,78.08999633789062,78.16999816894531,76.7300033569336,77.41999816894531,77.29731750488281,2961900
2024-01-12,IR,78.08999633789062,78.16999816894531,76.7300033569336,77.41999816894531,77.29731750488281,2961900
2024-01-16,IR,77.12999725341797,78.01000213623047,76.63999938964844,77.94999694824219,77.82646942138672,2610700
2024-01-16,IR,77.12999725341797,78.01000213623047,76.63999938964844,77.94999694824219,77.82646942138672,2610700
2024-01-17,IR,77.16000366210938,77.75,76.97000122070312,77.44999694824219,77.3272705078125,2589500
2024-01-17,IR,77.16000366210938,77.75,76.97000122070312,77.44999694824219,77.3272705078125,2589500
2024-01-18,IR,77.76000213623047,78.37000274658203,77.16100311279297,78.18000030517578,78.05611419677734,1579200
2024-01-18,IR,77.76000213623047,78.37000274658203,77.16100311279297,78.18000030517578,78.05611419677734,1579200
2024-01-19,IR,78.56999969482422,78.91999816894531,77.87000274658203,78.87999725341797,78.75501251220703,2149400
2024-01-19,IR,78.56999969482422,78.91999816894531,77.87000274658203,78.87999725341797,78.75501251220703,2149400
2024-01-22,IR,79.0199966430664,79.45099639892578,78.83000183105469,79.33999633789062,79.21427917480469,1820300
2024-01-22,IR,79.0199966430664,79.45099639892578,78.83000183105469,79.33999633789062,79.21427917480469,1820300
2024-01-23,IR,79.5199966430664,79.5199966430664,78.36000061035156,79.20999908447266,79.08447265625,2153100
2024-01-23,IR,79.5199966430664,79.5199966430664,78.36000061035156,79.20999908447266,79.08447265625,2153100
2024-01-24,IR,79.75,79.83000183105469,78.61499786376953,78.83999633789062,78.7150650024414,4113100
2024-01-24,IR,79.75,79.83000183105469,78.61499786376953,78.83999633789062,78.7150650024414,4113100
2024-01-25,IR,79.33999633789062,79.75,78.69000244140625,79.25,79.12442016601562,2688400
2024-01-25,IR,79.33999633789062,79.75,78.69000244140625,79.25,79.12442016601562,2688400
2024-01-26,IR,79.36000061035156,79.63400268554688,79.02999877929688,79.30000305175781,79.17435455322266,2170200
2024-01-26,IR,79.36000061035156,79.63400268554688,79.02999877929688,79.30000305175781,79.17435455322266,2170200
2024-01-29,IR,79.08000183105469,80.55000305175781,79.04000091552734,80.4800033569336,80.35247802734375,2658200
2024-01-29,IR,79.08000183105469,80.55000305175781,79.04000091552734,80.4800033569336,80.35247802734375,2658200
2024-01-30,IR,80.1500015258789,80.83000183105469,80.12000274658203,80.61000061035156,80.48226928710938,2156000
2024-01-30,IR,80.1500015258789,80.83000183105469,80.12000274658203,80.61000061035156,80.48226928710938,2156000
2024-01-31,IR,80.36000061035156,80.8499984741211,79.7300033569336,79.86000061035156,79.73345184326172,2470900
2024-01-31,IR,80.36000061035156,80.8499984741211,79.7300033569336,79.86000061035156,79.73345184326172,2470900
2024-02-01,IR,80.36000061035156,82.2300033569336,80.36000061035156,81.98999786376953,81.86006927490234,4281300
2024-02-01,IR,80.36000061035156,82.2300033569336,80.36000061035156,81.98999786376953,81.86006927490234,4281300
2024-02-02,IR,81.87000274658203,84.01000213623047,81.58999633789062,83.73999786376953,83.60731506347656,2395600
2024-02-02,IR,81.87000274658203,84.01000213623047,81.58999633789062,83.73999786376953,83.60731506347656,2395600
2024-02-05,IR,82.95999908447266,83.5199966430664,82.51000213623047,82.91000366210938,82.77862548828125,2464700
2024-02-05,IR,82.95999908447266,83.5199966430664,82.51000213623047,82.91000366210938,82.77862548828125,2464700
2024-02-06,IR,82.86000061035156,83.4000015258789,82.20999908447266,83.23999786376953,83.10809326171875,7467000
2024-02-06,IR,82.86000061035156,83.4000015258789,82.20999908447266,83.23999786376953,83.10809326171875,7467000
2024-02-07,IR,83.55999755859375,84.97000122070312,83.375,84.56999969482422,84.43598937988281,2846300
2024-02-07,IR,83.55999755859375,84.97000122070312,83.375,84.56999969482422,84.43598937988281,2846300
2024-02-08,IR,84.66999816894531,85.5,84.41000366210938,85.37999725341797,85.24471282958984,2500800
2024-02-08,IR,84.66999816894531,85.5,84.41000366210938,85.37999725341797,85.24471282958984,2500800
2024-02-09,IR,85.6500015258789,86.51000213623047,85.2699966430664,85.9000015258789,85.76388549804688,4011700
2024-02-09,IR,85.6500015258789,86.51000213623047,85.2699966430664,85.9000015258789,85.76388549804688,4011700
2024-02-12,IR,85.73999786376953,86.23999786376953,85.33000183105469,85.47000122070312,85.33456420898438,1683500
2024-02-12,IR,85.73999786376953,86.23999786376953,85.33000183105469,85.47000122070312,85.33456420898438,1683500
2024-02-13,IR,84.16000366210938,85.37999725341797,83.73999786376953,85.11000061035156,84.97514343261719,2129400
2024-02-13,IR,84.16000366210938,85.37999725341797,83.73999786376953,85.11000061035156,84.97514343261719,2129400
2024-02-14,IR,85.98999786376953,86.83999633789062,85.58999633789062,86.48999786376953,86.35294342041016,2309800
2024-02-14,IR,85.98999786376953,86.83999633789062,85.58999633789062,86.48999786376953,86.35294342041016,2309800
2024-02-15,IR,86.93000030517578,87.90499877929688,86.5199966430664,87.79000091552734,87.65089416503906,2854600
2024-02-15,IR,86.93000030517578,87.90499877929688,86.5199966430664,87.79000091552734,87.65089416503906,2854600
2024-02-16,IR,91.72000122070312,92.31999969482422,89.36000061035156,89.47000122070312,89.32823181152344,5024800
2024-02-16,IR,91.72000122070312,92.31999969482422,89.36000061035156,89.47000122070312,89.32823181152344,5024800
2024-02-20,IR,88.2699966430664,88.48999786376953,86.59500122070312,86.73999786376953,86.60254669189453,3452800
2024-02-20,IR,88.2699966430664,88.48999786376953,86.59500122070312,86.73999786376953,86.60254669189453,3452800
2024-02-21,IR,87.4000015258789,89.01000213623047,87.2300033569336,88.94000244140625,88.79906463623047,3305100
2024-02-21,IR,87.4000015258789,89.01000213623047,87.2300033569336,88.94000244140625,88.79906463623047,3305100
2024-02-22,IR,90.27999877929688,90.91999816894533,89.86000061035156,90.79000091552734,90.6461410522461,2486000
2024-02-22,IR,90.27999877929688,90.91999816894533,89.86000061035156,90.79000091552734,90.6461410522461,2486000
2024-02-23,IR,91.04000091552734,91.11000061035156,89.68000030517578,90.52999877929688,90.38655090332033,2064900
2024-02-23,IR,91.04000091552734,91.11000061035156,89.68000030517578,90.52999877929688,90.38655090332033,2064900
2024-02-26,IR,90.33000183105467,91.13999938964844,90.1999969482422,90.76000213623048,90.6161880493164,2037100
2024-02-26,IR,90.33000183105467,91.13999938964844,90.1999969482422,90.76000213623048,90.6161880493164,2037100
2024-02-27,IR,90.9499969482422,91.11000061035156,89.54000091552734,90.37999725341795,90.2367935180664,2167300
2024-02-27,IR,90.9499969482422,91.11000061035156,89.54000091552734,90.37999725341795,90.2367935180664,2167300
2024-02-28,IR,90.33000183105467,90.77999877929688,89.75,89.8499984741211,89.70762634277344,2105400
2024-02-28,IR,90.33000183105467,90.77999877929688,89.75,89.8499984741211,89.70762634277344,2105400
2024-02-29,IR,90.05999755859375,91.4499969482422,89.7699966430664,91.33000183105467,91.18528747558594,4062400
2024-02-29,IR,90.05999755859375,91.4499969482422,89.7699966430664,91.33000183105467,91.18528747558594,4062400
2024-03-01,IR,90.94000244140624,92.43900299072266,90.76499938964844,91.62999725341795,91.48480224609376,2726200
2024-03-01,IR,90.94000244140624,92.43900299072266,90.76499938964844,91.62999725341795,91.48480224609376,2726200
2024-03-04,IR,91.66999816894533,92.36000061035156,91.33999633789062,91.54000091552734,91.39495086669922,1913300
2024-03-04,IR,91.66999816894533,92.36000061035156,91.33999633789062,91.54000091552734,91.39495086669922,1913300
2024-03-05,IR,91.16000366210938,91.26000213623048,89.52999877929688,89.97000122070312,89.82743072509766,4325500
2024-03-05,IR,91.16000366210938,91.26000213623048,89.52999877929688,89.97000122070312,89.82743072509766,4325500
2024-03-06,IR,90.68000030517578,91.16999816894533,90.08000183105467,90.23999786376952,90.11703491210938,2578900
2024-03-06,IR,90.68000030517578,91.16999816894533,90.08000183105467,90.23999786376952,90.11703491210938,2578900
2024-03-07,IR,90.91000366210938,91.4000015258789,90.26499938964844,91.16000366210938,91.03578186035156,2339300
2024-03-07,IR,90.91000366210938,91.4000015258789,90.26499938964844,91.16000366210938,91.03578186035156,2339300
2024-03-08,IR,91.27999877929688,91.66999816894533,89.69000244140625,90.37000274658205,90.24686431884766,1962000
2024-03-08,IR,91.27999877929688,91.66999816894533,89.69000244140625,90.37000274658205,90.24686431884766,1962000
2024-03-11,IR,89.45999908447266,89.86000061035156,88.83000183105469,89.5199966430664,89.39801788330078,2126900
2024-03-11,IR,89.45999908447266,89.86000061035156,88.83000183105469,89.5199966430664,89.39801788330078,2126900
2024-03-12,IR,89.3499984741211,91.0199966430664,88.70999908447266,90.86000061035156,90.73619842529295,1810200
2024-03-12,IR,89.3499984741211,91.0199966430664,88.70999908447266,90.86000061035156,90.73619842529295,1810200
2024-03-13,IR,91.06999969482422,91.12000274658205,90.0999984741211,90.52999877929688,90.40664672851562,2311300
2024-03-13,IR,91.06999969482422,91.12000274658205,90.0999984741211,90.52999877929688,90.40664672851562,2311300
2024-03-14,IR,90.9499969482422,91.4000015258789,90.2300033569336,91.01000213623048,90.88599395751952,2036900
2024-03-14,IR,90.9499969482422,91.4000015258789,90.2300033569336,91.01000213623048,90.88599395751952,2036900
2024-03-15,IR,90.0999984741211,91.26000213623048,90.0999984741211,90.47000122070312,90.34673309326172,2658100
2024-03-15,IR,90.0999984741211,91.26000213623048,90.0999984741211,90.47000122070312,90.34673309326172,2658100
2024-03-18,IR,91.05999755859376,91.76000213623048,90.45999908447266,91.20999908447266,91.08572387695312,1472800
2024-03-18,IR,91.05999755859376,91.76000213623048,90.45999908447266,91.20999908447266,91.08572387695312,1472800
2024-03-19,IR,91.2699966430664,91.7699966430664,90.70999908447266,91.55999755859376,91.43524169921876,1626900
2024-03-19,IR,91.2699966430664,91.7699966430664,90.70999908447266,91.55999755859376,91.43524169921876,1626900
2024-03-20,IR,91.68000030517578,93.72000122070312,91.37999725341795,93.68000030517578,93.55236053466795,2647400
2024-03-20,IR,91.68000030517578,93.72000122070312,91.37999725341795,93.68000030517578,93.55236053466795,2647400
2024-03-21,IR,94.0999984741211,95.28500366210938,93.83000183105467,95.0999984741211,94.9704132080078,2453000
2024-03-21,IR,94.0999984741211,95.28500366210938,93.83000183105467,95.0999984741211,94.9704132080078,2453000
2024-03-22,IR,94.9499969482422,95.08999633789062,93.98999786376952,94.73999786376952,94.61090850830078,1574500
2024-03-22,IR,94.9499969482422,95.08999633789062,93.98999786376952,94.73999786376952,94.61090850830078,1574500
2024-03-25,IR,95.25,96.16999816894533,94.36000061035156,94.4800033569336,94.3512725830078,2405000
2024-03-25,IR,95.25,96.16999816894533,94.36000061035156,94.4800033569336,94.3512725830078,2405000
2024-03-26,IR,94.31999969482422,95.0500030517578,94.19000244140624,94.4499969482422,94.32130432128906,1945400
2024-03-26,IR,94.31999969482422,95.0500030517578,94.19000244140624,94.4499969482422,94.32130432128906,1945400
2024-03-27,IR,94.8000030517578,95.41000366210938,93.8000030517578,95.26000213623048,95.13019561767578,2460800
2024-03-27,IR,94.8000030517578,95.41000366210938,93.8000030517578,95.26000213623048,95.13019561767578,2460800
2024-03-28,IR,95.16999816894533,95.41000366210938,94.5,94.9499969482422,94.82061767578124,2557100
2024-03-28,IR,95.16999816894533,95.41000366210938,94.5,94.9499969482422,94.82061767578124,2557100
2024-04-01,IR,94.93000030517578,94.94000244140624,93.4000015258789,93.62000274658205,93.492431640625,1331100
2024-04-01,IR,94.93000030517578,94.94000244140624,93.4000015258789,93.62000274658205,93.492431640625,1331100
2024-04-02,IR,93.81999969482422,93.81999969482422,92.37999725341795,92.5500030517578,92.42389678955078,3435400
2024-04-02,IR,93.81999969482422,93.81999969482422,92.37999725341795,92.5500030517578,92.42389678955078,3435400
2024-04-03,IR,92.5500030517578,93.95999908447266,92.33999633789062,93.38999938964844,93.26274871826172,2720800
2024-04-03,IR,92.5500030517578,93.95999908447266,92.33999633789062,93.38999938964844,93.26274871826172,2720800
2024-04-04,IR,94.4000015258789,94.76499938964844,92.27999877929688,92.3000030517578,92.17424011230467,2866500
2024-04-04,IR,94.4000015258789,94.76499938964844,92.27999877929688,92.3000030517578,92.17424011230467,2866500
2024-04-05,IR,92.87999725341795,95.0500030517578,92.71499633789062,94.80999755859376,94.68081665039062,2125600
2024-04-05,IR,92.87999725341795,95.0500030517578,92.71499633789062,94.80999755859376,94.68081665039062,2125600
2024-04-08,IR,95.05999755859376,95.41500091552734,93.91000366210938,94.01000213623048,93.88191223144533,1878200
2024-04-08,IR,95.05999755859376,95.41500091552734,93.91000366210938,94.01000213623048,93.88191223144533,1878200
2024-04-09,IR,94.48999786376952,94.56999969482422,92.33999633789062,93.5,93.37259674072266,2259500
2024-04-09,IR,94.48999786376952,94.56999969482422,92.33999633789062,93.5,93.37259674072266,2259500
2024-04-10,IR,92.16000366210938,93.8000030517578,91.4499969482422,92.98999786376952,92.86328887939452,1628600
2024-04-10,IR,92.16000366210938,93.8000030517578,91.4499969482422,92.98999786376952,92.86328887939452,1628600
2024-04-11,IR,92.70999908447266,93.86000061035156,92.37000274658205,93.16999816894533,93.04304504394533,1542200
2024-04-11,IR,92.70999908447266,93.86000061035156,92.37000274658205,93.16999816894533,93.04304504394533,1542200
2024-04-12,IR,91.87999725341795,92.72000122070312,91.47000122070312,91.91999816894533,91.79474639892578,1509200
2024-04-12,IR,91.87999725341795,92.72000122070312,91.47000122070312,91.91999816894533,91.79474639892578,1509200
2024-04-15,IR,93.37999725341795,93.5199966430664,90.93000030517578,91.27999877929688,91.15562438964844,1562100
2024-04-15,IR,93.37999725341795,93.5199966430664,90.93000030517578,91.27999877929688,91.15562438964844,1562100
2024-04-16,IR,91.19000244140624,91.72799682617188,90.46800231933594,90.87999725341795,90.75615692138672,1836800
2024-04-16,IR,91.19000244140624,91.72799682617188,90.46800231933594,90.87999725341795,90.75615692138672,1836800
2024-04-17,IR,91.4800033569336,91.50599670410156,88.81999969482422,89.56999969482422,89.44795227050781,1836200
2024-04-17,IR,91.4800033569336,91.50599670410156,88.81999969482422,89.56999969482422,89.44795227050781,1836200
2024-04-18,IR,90.3000030517578,90.76000213623048,88.8499984741211,88.97000122070312,88.84876251220703,1195300
2024-04-18,IR,90.3000030517578,90.76000213623048,88.8499984741211,88.97000122070312,88.84876251220703,1195300
2024-04-19,IR,89.2699966430664,90.0,87.45999908447266,88.4000015258789,88.27955627441406,2490000
2024-04-19,IR,89.2699966430664,90.0,87.45999908447266,88.4000015258789,88.27955627441406,2490000
2024-04-22,IR,88.87999725341797,89.33000183105469,88.0999984741211,88.62999725341797,88.50923156738281,2250400
2024-04-22,IR,88.87999725341797,89.33000183105469,88.0999984741211,88.62999725341797,88.50923156738281,2250400
2024-04-23,IR,89.33000183105469,90.61499786376952,89.19000244140625,90.56999969482422,90.44658660888672,1530000
2024-04-23,IR,89.33000183105469,90.61499786376952,89.19000244140625,90.56999969482422,90.44658660888672,1530000
2024-04-24,IR,91.94000244140624,93.22000122070312,90.88999938964844,92.5,92.37397003173828,4269100
2024-04-24,IR,91.94000244140624,93.22000122070312,90.88999938964844,92.5,92.37397003173828,4269100
2024-04-25,IR,91.29000091552734,92.63999938964844,90.5,92.02999877929688,91.90460205078124,2567400
2024-04-25,IR,91.29000091552734,92.63999938964844,90.5,92.02999877929688,91.90460205078124,2567400
2024-04-26,IR,92.47000122070312,93.95999908447266,92.30999755859376,93.5,93.37259674072266,1973900
2024-04-26,IR,92.47000122070312,93.95999908447266,92.30999755859376,93.5,93.37259674072266,1973900
2024-04-29,IR,93.47000122070312,94.20500183105467,92.4499969482422,93.38999938964844,93.26274871826172,2663200
2024-04-29,IR,93.47000122070312,94.20500183105467,92.4499969482422,93.38999938964844,93.26274871826172,2663200
2024-04-30,IR,93.20999908447266,94.12000274658205,92.3499984741211,93.31999969482422,93.19284057617188,3619500
2024-04-30,IR,93.20999908447266,94.12000274658205,92.3499984741211,93.31999969482422,93.19284057617188,3619500
2024-05-01,IR,93.18000030517578,94.2699966430664,92.22000122070312,93.0,92.873291015625,3435100
2024-05-01,IR,93.18000030517578,94.2699966430664,92.22000122070312,93.0,92.873291015625,3435100
2024-05-02,IR,93.27999877929688,93.8499984741211,91.61000061035156,92.8499984741211,92.72348022460938,4134500
2024-05-02,IR,93.27999877929688,93.8499984741211,91.61000061035156,92.8499984741211,92.72348022460938,4134500
2024-05-03,IR,88.0,89.5,85.9020004272461,86.72000122070312,86.60184478759766,6849000
2024-05-03,IR,88.0,89.5,85.9020004272461,86.72000122070312,86.60184478759766,6849000
2024-05-06,IR,88.06999969482422,89.53500366210938,87.66000366210938,88.4800033569336,88.35944366455078,4549400
2024-05-06,IR,88.06999969482422,89.53500366210938,87.66000366210938,88.4800033569336,88.35944366455078,4549400
2024-05-07,IR,88.66999816894531,90.26000213623048,87.91999816894531,89.8499984741211,89.72757720947266,2983300
2024-05-07,IR,88.66999816894531,90.26000213623048,87.91999816894531,89.8499984741211,89.72757720947266,2983300
2024-05-08,IR,89.6500015258789,90.78500366210938,88.95999908447266,90.75,90.62635040283205,3647900
2024-05-08,IR,89.6500015258789,90.78500366210938,88.95999908447266,90.75,90.62635040283205,3647900
2024-05-09,IR,90.86000061035156,91.33000183105467,90.19499969482422,91.0,90.8759994506836,2390600
2024-05-09,IR,90.86000061035156,91.33000183105467,90.19499969482422,91.0,90.8759994506836,2390600
2024-05-10,IR,91.88999938964844,92.1999969482422,90.93000030517578,91.26000213623048,91.13565826416016,1844400
2024-05-10,IR,91.88999938964844,92.1999969482422,90.93000030517578,91.26000213623048,91.13565826416016,1844400
2024-05-13,IR,91.13999938964844,91.20999908447266,89.93499755859375,90.83999633789062,90.71621704101562,3208000
2024-05-13,IR,91.13999938964844,91.20999908447266,89.93499755859375,90.83999633789062,90.71621704101562,3208000
2024-05-14,IR,90.79000091552734,91.68499755859376,90.28900146484376,91.54000091552734,91.41527557373048,1886600
2024-05-14,IR,90.79000091552734,91.68499755859376,90.28900146484376,91.54000091552734,91.41527557373048,1886600
2024-05-15,IR,92.01000213623048,92.94000244140624,91.72000122070312,92.79000091552734,92.68380737304688,1430400
2024-05-15,IR,92.01000213623048,92.94000244140624,91.72000122070312,92.79000091552734,92.68380737304688,1430400
2024-05-16,IR,92.45999908447266,92.7699966430664,90.66000366210938,91.4000015258789,91.29541015625,4941800
2024-05-16,IR,92.45999908447266,92.7699966430664,90.66000366210938,91.4000015258789,91.29541015625,4941800
2024-05-17,IR,91.98999786376952,92.6999969482422,91.61000061035156,92.6500015258789,92.54398345947266,3170900
2024-05-17,IR,91.98999786376952,92.6999969482422,91.61000061035156,92.6500015258789,92.54398345947266,3170900
2024-05-20,IR,92.94000244140624,94.52999877929688,92.73999786376952,94.13999938964844,94.0322723388672,2741600
2024-05-20,IR,92.94000244140624,94.52999877929688,92.73999786376952,94.13999938964844,94.0322723388672,2741600
2024-05-21,IR,93.83999633789062,95.30999755859376,93.80999755859376,95.1999969482422,95.091064453125,3793600
2024-05-21,IR,93.83999633789062,95.30999755859376,93.80999755859376,95.1999969482422,95.091064453125,3793600
2024-05-22,IR,95.4000015258789,96.36000061035156,95.08999633789062,96.27999877929688,96.16983032226562,3007800
2024-05-22,IR,95.4000015258789,96.36000061035156,95.08999633789062,96.27999877929688,96.16983032226562,3007800
2024-05-23,IR,96.26000213623048,96.66999816894533,94.73999786376952,95.0999984741211,94.99117279052734,5266600
2024-05-23,IR,96.26000213623048,96.66999816894533,94.73999786376952,95.0999984741211,94.99117279052734,5266600
2024-05-24,IR,95.47000122070312,95.97000122070312,95.13999938964844,95.5,95.39070892333984,3633000
2024-05-24,IR,95.47000122070312,95.97000122070312,95.13999938964844,95.5,95.39070892333984,3633000
2024-05-28,IR,95.66999816894533,95.66999816894533,93.08999633789062,93.45999908447266,93.3530502319336,5145200
2024-05-28,IR,95.66999816894533,95.66999816894533,93.08999633789062,93.45999908447266,93.3530502319336,5145200
2024-05-29,IR,92.8499984741211,92.8499984741211,91.01000213623048,91.08999633789062,90.98576354980467,2629700
2024-05-29,IR,92.8499984741211,92.8499984741211,91.01000213623048,91.08999633789062,90.98576354980467,2629700
2024-05-30,IR,90.86000061035156,92.08000183105467,90.63500213623048,92.0,91.89472198486328,1658400
2024-05-30,IR,90.86000061035156,92.08000183105467,90.63500213623048,92.0,91.89472198486328,1658400
2024-05-31,IR,92.08000183105467,93.12999725341795,90.77999877929688,93.0500030517578,92.94352722167967,3551400
2024-05-31,IR,92.08000183105467,93.12999725341795,90.77999877929688,93.0500030517578,92.94352722167967,3551400
2024-06-03,IR,93.36000061035156,93.7699966430664,89.0,90.04000091552734,89.93696594238281,3608200
2024-06-03,IR,93.36000061035156,93.7699966430664,89.0,90.04000091552734,89.93696594238281,3608200
2024-06-04,IR,89.91999816894531,90.26000213623048,86.94999694824219,87.95999908447266,87.85934448242188,4105900
2024-06-04,IR,89.91999816894531,90.26000213623048,86.94999694824219,87.95999908447266,87.85934448242188,4105900
2024-06-05,IR,88.26000213623047,89.87999725341797,87.58999633789062,89.7300033569336,89.62732696533203,2221500
2024-06-05,IR,88.26000213623047,89.87999725341797,87.58999633789062,89.7300033569336,89.62732696533203,2221500
2024-06-06,IR,89.38999938964844,89.6500015258789,87.80999755859375,88.37999725341797,88.27885437011719,3528800
2024-06-06,IR,89.38999938964844,89.6500015258789,87.80999755859375,88.37999725341797,88.27885437011719,3528800
2024-06-07,IR,88.63999938964844,89.94999694824219,87.62000274658203,89.12999725341797,89.02800750732422,2142000
2024-06-07,IR,88.63999938964844,89.94999694824219,87.62000274658203,89.12999725341797,89.02800750732422,2142000
2024-06-10,IR,89.02999877929688,91.23999786376952,89.02999877929688,91.19000244140624,91.0856475830078,2296600
2024-06-10,IR,89.02999877929688,91.23999786376952,89.02999877929688,91.19000244140624,91.0856475830078,2296600
2024-06-11,IR,90.87000274658205,92.05999755859376,89.99500274658203,91.37999725341795,91.2754364013672,3293900
2024-06-11,IR,90.87000274658205,92.05999755859376,89.99500274658203,91.37999725341795,91.2754364013672,3293900
2024-06-12,IR,92.08000183105467,95.3000030517578,91.76000213623048,94.73999786376952,94.63158416748048,3601800
2024-06-12,IR,92.08000183105467,95.3000030517578,91.76000213623048,94.73999786376952,94.63158416748048,3601800
2024-06-13,IR,94.33000183105467,94.98999786376952,93.26000213623048,94.4499969482422,94.3419189453125,2979600
2024-06-13,IR,94.33000183105467,94.98999786376952,93.26000213623048,94.4499969482422,94.3419189453125,2979600
2024-06-14,IR,93.0,93.3000030517578,90.0,91.45999908447266,91.3553466796875,2804100
2024-06-14,IR,93.0,93.3000030517578,90.0,91.45999908447266,91.3553466796875,2804100
2024-06-17,IR,91.11000061035156,93.79000091552734,90.44000244140624,93.3000030517578,93.19324493408205,1907000
2024-06-17,IR,91.11000061035156,93.79000091552734,90.44000244140624,93.3000030517578,93.19324493408205,1907000
2024-06-18,IR,93.3000030517578,94.79000091552734,93.0199966430664,94.58000183105467,94.47177124023438,2305400
2024-06-18,IR,93.3000030517578,94.79000091552734,93.0199966430664,94.58000183105467,94.47177124023438,2305400
2024-06-20,IR,94.36000061035156,95.0500030517578,92.5,93.18000030517578,93.07337951660156,2799400
2024-06-20,IR,94.36000061035156,95.0500030517578,92.5,93.18000030517578,93.07337951660156,2799400
2024-06-21,IR,93.3499984741211,93.3499984741211,91.91999816894533,92.88999938964844,92.78369903564452,3619700
2024-06-21,IR,93.3499984741211,93.3499984741211,91.91999816894533,92.88999938964844,92.78369903564452,3619700
2024-06-24,IR,93.12000274658205,93.93000030517578,92.73999786376952,92.91999816894533,92.81366729736328,2070700
2024-06-24,IR,93.12000274658205,93.93000030517578,92.73999786376952,92.91999816894533,92.81366729736328,2070700
2024-06-25,IR,92.68000030517578,92.68000030517578,89.33000183105469,89.91000366210938,89.80712127685547,3975500
2024-06-25,IR,92.68000030517578,92.68000030517578,89.33000183105469,89.91000366210938,89.80712127685547,3975500
2024-06-26,IR,89.41000366210938,90.1500015258789,88.44999694824219,89.80000305175781,89.6972427368164,2786500
2024-06-26,IR,89.41000366210938,90.1500015258789,88.44999694824219,89.80000305175781,89.6972427368164,2786500
2024-06-27,IR,90.2300033569336,91.0,89.83999633789062,90.97000122070312,90.86590576171876,1951700
2024-06-27,IR,90.2300033569336,91.0,89.83999633789062,90.97000122070312,90.86590576171876,1951700
2024-06-28,IR,91.0,91.9250030517578,90.18000030517578,90.83999633789062,90.73604583740234,2875800
2024-06-28,IR,91.0,91.9250030517578,90.18000030517578,90.83999633789062,90.73604583740234,2875800
2024-07-01,IR,92.05999755859376,92.3000030517578,89.04000091552734,89.54000091552734,89.43754577636719,1338400
2024-07-01,IR,92.05999755859376,92.3000030517578,89.04000091552734,89.54000091552734,89.43754577636719,1338400
2024-07-02,IR,89.48999786376953,90.6999969482422,89.05000305175781,90.66000366210938,90.55626678466795,1111900
2024-07-02,IR,89.48999786376953,90.6999969482422,89.05000305175781,90.66000366210938,90.55626678466795,1111900
2024-07-03,IR,90.81999969482422,91.77999877929688,90.1999969482422,91.0500030517578,90.94580841064452,651700
2024-07-03,IR,90.81999969482422,91.77999877929688,90.1999969482422,91.0500030517578,90.94580841064452,651700
2024-07-05,IR,90.94000244140624,91.45500183105467,90.0,91.37999725341795,91.2754364013672,1378100
2024-07-05,IR,90.94000244140624,91.45500183105467,90.0,91.37999725341795,91.2754364013672,1378100
2024-07-08,IR,91.62999725341795,92.73999786376952,91.50499725341795,92.11000061035156,92.0045928955078,1359900
2024-07-08,IR,91.62999725341795,92.73999786376952,91.50499725341795,92.11000061035156,92.0045928955078,1359900
2024-07-09,IR,92.31999969482422,92.9000015258789,91.69000244140624,91.7300033569336,91.62503814697266,1668000
2024-07-09,IR,92.31999969482422,92.9000015258789,91.69000244140624,91.7300033569336,91.62503814697266,1668000
2024-07-10,IR,92.61000061035156,94.43000030517578,92.27999877929688,94.3000030517578,94.1920928955078,1486300
2024-07-10,IR,92.61000061035156,94.43000030517578,92.27999877929688,94.3000030517578,94.1920928955078,1486300
2024-07-11,IR,94.6999969482422,97.0,94.61499786376952,95.5,95.39070892333984,2005700
2024-07-11,IR,94.6999969482422,97.0,94.61499786376952,95.5,95.39070892333984,2005700
2024-07-12,IR,96.30999755859376,98.27999877929688,96.0,97.27999877929688,97.16868591308594,2807600
2024-07-12,IR,96.30999755859376,98.27999877929688,96.0,97.27999877929688,97.16868591308594,2807600
2024-07-15,IR,98.0999984741211,99.44000244140624,97.91000366210938,98.66000366210938,98.54710388183594,2817100
2024-07-15,IR,98.0999984741211,99.44000244140624,97.91000366210938,98.66000366210938,98.54710388183594,2817100
2024-07-16,IR,99.27999877929688,100.6500015258789,98.9499969482422,100.33999633789062,100.22517395019533,3024300
2024-07-16,IR,99.27999877929688,100.6500015258789,98.9499969482422,100.33999633789062,100.22517395019533,3024300
2024-07-17,IR,99.86000061035156,99.86000061035156,98.0199966430664,98.0199966430664,97.9078369140625,2623000
2024-07-17,IR,99.86000061035156,99.86000061035156,98.0199966430664,98.0199966430664,97.9078369140625,2623000
2024-07-18,IR,97.73999786376952,99.58999633789062,97.33999633789062,97.91000366210938,97.79796600341795,2313600
2024-07-18,IR,97.73999786376952,99.58999633789062,97.33999633789062,97.91000366210938,97.79796600341795,2313600
2024-07-19,IR,98.25,98.5500030517578,96.79000091552734,96.86000061035156,96.74915313720705,1549000
2024-07-19,IR,98.25,98.5500030517578,96.79000091552734,96.86000061035156,96.74915313720705,1549000
2024-07-22,IR,97.9000015258789,100.13999938964844,97.08000183105467,99.9499969482422,99.83562469482422,2042900
2024-07-22,IR,97.9000015258789,100.13999938964844,97.08000183105467,99.9499969482422,99.83562469482422,2042900
2024-07-23,IR,99.6500015258789,101.3000030517578,99.51000213623048,100.25,100.13528442382812,1419400
2024-07-23,IR,99.6500015258789,101.3000030517578,99.51000213623048,100.25,100.13528442382812,1419400
2024-07-24,IR,99.38999938964844,99.79000091552734,95.56999969482422,95.75,95.6404266357422,3511200
2024-07-24,IR,99.38999938964844,99.79000091552734,95.56999969482422,95.75,95.6404266357422,3511200
2024-07-25,IR,96.0999984741211,98.7699966430664,94.95999908447266,96.94000244140624,96.8290786743164,2901600
2024-07-25,IR,96.0999984741211,98.7699966430664,94.95999908447266,96.94000244140624,96.8290786743164,2901600
2024-07-26,IR,98.08999633789062,99.61000061035156,97.83999633789062,98.6999969482422,98.5870590209961,1803600
2024-07-26,IR,98.08999633789062,99.61000061035156,97.83999633789062,98.6999969482422,98.5870590209961,1803600
2024-07-29,IR,98.7300033569336,99.5199966430664,98.08499908447266,98.73999786376952,98.62700653076172,2290900
2024-07-29,IR,98.7300033569336,99.5199966430664,98.08499908447266,98.73999786376952,98.62700653076172,2290900
2024-07-30,IR,99.5500030517578,100.66500091552734,98.37000274658205,98.87000274658205,98.75686645507812,2526400
2024-07-30,IR,99.5500030517578,100.66500091552734,98.37000274658205,98.87000274658205,98.75686645507812,2526400
2024-07-31,IR,100.22000122070312,101.16999816894533,98.8550033569336,100.4000015258789,100.2851104736328,3310700
2024-07-31,IR,100.22000122070312,101.16999816894533,98.8550033569336,100.4000015258789,100.2851104736328,3310700
2024-08-01,IR,92.0,95.37999725341795,90.3949966430664,91.2300033569336,91.1256103515625,7445600
2024-08-01,IR,92.0,95.37999725341795,90.3949966430664,91.2300033569336,91.1256103515625,7445600
2024-08-02,IR,89.5,89.69999694824219,86.68000030517578,87.41999816894531,87.31996154785156,6031700
2024-08-02,IR,89.5,89.69999694824219,86.68000030517578,87.41999816894531,87.31996154785156,6031700
2024-08-05,IR,84.73999786376953,88.56999969482422,83.72000122070312,87.04000091552734,86.94039916992188,4558000
2024-08-05,IR,84.73999786376953,88.56999969482422,83.72000122070312,87.04000091552734,86.94039916992188,4558000
2024-08-06,IR,87.30999755859375,90.02999877929688,87.05999755859375,88.1500015258789,88.04913330078125,2968200
2024-08-06,IR,87.30999755859375,90.02999877929688,87.05999755859375,88.1500015258789,88.04913330078125,2968200
2024-08-07,IR,89.18000030517578,89.68000030517578,87.02999877929688,87.30000305175781,87.20010375976562,2845200
2024-08-07,IR,89.18000030517578,89.68000030517578,87.02999877929688,87.30000305175781,87.20010375976562,2845200
2024-08-08,IR,88.69999694824219,90.6050033569336,88.01000213623047,90.4800033569336,90.37646484375,2580800
2024-08-08,IR,88.69999694824219,90.6050033569336,88.01000213623047,90.4800033569336,90.37646484375,2580800
2024-08-09,IR,90.05500030517578,90.75,88.5999984741211,89.47000122070312,89.36762237548828,2674900
2024-08-09,IR,90.05500030517578,90.75,88.5999984741211,89.47000122070312,89.36762237548828,2674900
2024-08-12,IR,89.69000244140625,89.95999908447266,87.95999908447266,88.26000213623047,88.15900421142578,2064800
2024-08-12,IR,89.69000244140625,89.95999908447266,87.95999908447266,88.26000213623047,88.15900421142578,2064800
2024-08-13,IR,88.94999694824219,90.04499816894531,88.08000183105469,89.91000366210938,89.80712127685547,2074700
2024-08-13,IR,88.94999694824219,90.04499816894531,88.08000183105469,89.91000366210938,89.80712127685547,2074700
2024-08-14,IR,89.97000122070312,91.12000274658205,89.7300033569336,91.02999877929688,90.92584228515624,1463600
2024-08-14,IR,89.97000122070312,91.12000274658205,89.7300033569336,91.02999877929688,90.92584228515624,1463600
2024-08-15,IR,92.54000091552734,92.8499984741211,91.24500274658205,92.22000122070312,92.1347198486328,1859200
2024-08-15,IR,92.54000091552734,92.8499984741211,91.24500274658205,92.22000122070312,92.1347198486328,1859200
2024-08-16,IR,92.20999908447266,92.51499938964844,90.98999786376952,91.01000213623048,90.92584228515624,2260400
2024-08-16,IR,92.20999908447266,92.51499938964844,90.98999786376952,91.01000213623048,90.92584228515624,2260400
2024-08-19,IR,91.37000274658205,91.83999633789062,90.66999816894533,90.9499969482422,90.86589050292967,1676800
2024-08-19,IR,91.37000274658205,91.83999633789062,90.66999816894533,90.9499969482422,90.86589050292967,1676800
2024-08-20,IR,90.9000015258789,91.23500061035156,90.08000183105467,90.5,90.4163055419922,1305200
2024-08-20,IR,90.9000015258789,91.23500061035156,90.08000183105467,90.5,90.4163055419922,1305200
2024-08-21,IR,90.68000030517578,91.45999908447266,90.5199966430664,91.16000366210938,91.07569885253906,1079200
2024-08-21,IR,90.68000030517578,91.45999908447266,90.5199966430664,91.16000366210938,91.07569885253906,1079200
2024-08-22,IR,91.31999969482422,91.70999908447266,89.9800033569336,90.13999938964844,90.05663299560547,1201400
2024-08-22,IR,91.31999969482422,91.70999908447266,89.9800033569336,90.13999938964844,90.05663299560547,1201400
2024-08-23,IR,90.6999969482422,92.00499725341795,90.31999969482422,91.63999938964844,91.55525207519533,1824800
2024-08-23,IR,90.6999969482422,92.00499725341795,90.31999969482422,91.63999938964844,91.55525207519533,1824800
2024-08-26,IR,92.0,92.23999786376952,90.7300033569336,90.8000030517578,90.71602630615234,1677600
2024-08-26,IR,92.0,92.23999786376952,90.7300033569336,90.8000030517578,90.71602630615234,1677600
2024-08-27,IR,90.02999877929688,90.9000015258789,89.7699966430664,90.62999725341795,90.54618072509766,1136900
2024-08-27,IR,90.02999877929688,90.9000015258789,89.7699966430664,90.62999725341795,90.54618072509766,1136900
2024-08-28,IR,91.0,91.30999755859376,89.0,89.4000015258789,89.31732177734375,1853100
2024-08-28,IR,91.0,91.30999755859376,89.0,89.4000015258789,89.31732177734375,1853100
2024-08-29,IR,90.27999877929688,92.08999633789062,89.68000030517578,90.8000030517578,90.71602630615234,2024500
2024-08-29,IR,90.27999877929688,92.08999633789062,89.68000030517578,90.8000030517578,90.71602630615234,2024500
2024-08-30,IR,91.12999725341795,91.55999755859376,89.94999694824219,91.4499969482422,91.36541748046876,2153600
2024-08-30,IR,91.12999725341795,91.55999755859376,89.94999694824219,91.4499969482422,91.36541748046876,2153600
2024-09-03,IR,90.58999633789062,91.0,87.52999877929688,88.33000183105469,88.2483139038086,2557200
2024-09-03,IR,90.58999633789062,91.0,87.52999877929688,88.33000183105469,88.2483139038086,2557200
2024-09-04,IR,88.0,88.70999908447266,87.0,87.26000213623047,87.17930603027344,1619400
2024-09-04,IR,88.0,88.70999908447266,87.0,87.26000213623047,87.17930603027344,1619400
2024-09-05,IR,87.12000274658203,87.68499755859375,85.48999786376953,87.61000061035156,87.52897644042969,2919900
2024-09-05,IR,87.12000274658203,87.68499755859375,85.48999786376953,87.61000061035156,87.52897644042969,2919900
2024-09-06,IR,87.41999816894531,88.80000305175781,86.37999725341797,86.83999633789062,86.75968170166016,2539700
2024-09-06,IR,87.41999816894531,88.80000305175781,86.37999725341797,86.83999633789062,86.75968170166016,2539700
2024-09-09,IR,87.98999786376953,88.61000061035156,87.36000061035156,87.44999694824219,87.36912536621094,2439300
2024-09-09,IR,87.98999786376953,88.61000061035156,87.36000061035156,87.44999694824219,87.36912536621094,2439300
2024-09-10,IR,87.94999694824219,88.05999755859375,86.9000015258789,88.02999877929688,87.94859313964844,2492400
2024-09-10,IR,87.94999694824219,88.05999755859375,86.9000015258789,88.02999877929688,87.94859313964844,2492400
2024-09-11,IR,87.95999908447266,89.87000274658203,86.36499786376953,89.62999725341797,89.54710388183594,2259100
2024-09-11,IR,87.95999908447266,89.87000274658203,86.36499786376953,89.62999725341797,89.54710388183594,2259100
2024-09-12,IR,89.75,90.72000122070312,88.11000061035156,89.86000061035156,89.77689361572266,2468800
2024-09-12,IR,89.75,90.72000122070312,88.11000061035156,89.86000061035156,89.77689361572266,2468800
2024-09-13,IR,90.27999877929688,91.81900024414062,89.51000213623047,91.02999877929688,90.94581604003906,2523300
2024-09-13,IR,90.27999877929688,91.81900024414062,89.51000213623047,91.02999877929688,90.94581604003906,2523300
2024-09-16,IR,91.80999755859376,92.16999816894533,90.53500366210938,90.94000244140624,90.85589599609376,2293800
2024-09-16,IR,91.80999755859376,92.16999816894533,90.53500366210938,90.94000244140624,90.85589599609376,2293800
2024-09-17,IR,91.68000030517578,94.03500366210938,91.18499755859376,93.97000122070312,93.88309478759766,2156200
2024-09-17,IR,91.68000030517578,94.03500366210938,91.18499755859376,93.97000122070312,93.88309478759766,2156200
2024-09-18,IR,94.18000030517578,95.9250030517578,93.23500061035156,93.73999786376952,93.65331268310548,2213600
2024-09-18,IR,94.18000030517578,95.9250030517578,93.23500061035156,93.73999786376952,93.65331268310548,2213600
2024-09-19,IR,96.0,97.72000122070312,94.875,97.6500015258789,97.55970001220705,2253400
2024-09-19,IR,96.0,97.72000122070312,94.875,97.6500015258789,97.55970001220705,2253400
2024-09-20,IR,97.11000061035156,98.0,95.98999786376952,96.7699966430664,96.68050384521484,3738400
2024-09-20,IR,97.11000061035156,98.0,95.98999786376952,96.7699966430664,96.68050384521484,3738400
2024-09-23,IR,97.33999633789062,98.26000213623048,96.83999633789062,97.48999786376952,97.39984130859376,1479100
2024-09-23,IR,97.33999633789062,98.26000213623048,96.83999633789062,97.48999786376952,97.39984130859376,1479100
2024-09-24,IR,98.1999969482422,99.56999969482422,97.58999633789062,98.01000213623048,97.91936492919922,1775300
2024-09-24,IR,98.1999969482422,99.56999969482422,97.58999633789062,98.01000213623048,97.91936492919922,1775300
2024-09-25,IR,98.45999908447266,98.45999908447266,94.51000213623048,95.02999877929688,94.9421157836914,3078500
2024-09-25,IR,98.45999908447266,98.45999908447266,94.51000213623048,95.02999877929688,94.9421157836914,3078500
2024-09-26,IR,96.87000274658205,97.54000091552734,95.0199966430664,96.41000366210938,96.3208465576172,2765500
2024-09-26,IR,96.87000274658205,97.54000091552734,95.0199966430664,96.41000366210938,96.3208465576172,2765500
2024-09-27,IR,96.58999633789062,99.1500015258789,96.23999786376952,98.08000183105467,97.98929595947266,3873200
2024-09-27,IR,96.58999633789062,99.1500015258789,96.23999786376952,98.08000183105467,97.98929595947266,3873200
2024-09-30,IR,97.63999938964844,98.27999877929688,96.91000366210938,98.16000366210938,98.06922149658205,3253600
2024-09-30,IR,97.63999938964844,98.27999877929688,96.91000366210938,98.16000366210938,98.06922149658205,3253600
2024-10-01,IR,98.3499984741211,98.68000030517578,96.83000183105467,98.0,97.90937042236328,2761600
2024-10-01,IR,98.3499984741211,98.68000030517578,96.83000183105467,98.0,97.90937042236328,2761600
2024-10-02,IR,97.5,100.73999786376952,97.1999969482422,99.94000244140624,99.84757232666016,3412300
2024-10-02,IR,97.5,100.73999786376952,97.1999969482422,99.94000244140624,99.84757232666016,3412300
2024-10-03,IR,99.4499969482422,99.7699966430664,98.18000030517578,98.93000030517578,98.83851623535156,2118800
2024-10-03,IR,99.4499969482422,99.7699966430664,98.18000030517578,98.93000030517578,98.83851623535156,2118800
2024-10-04,IR,100.0,101.16000366210938,99.19000244140624,101.12999725341795,101.03646850585938,2268600
2024-10-04,IR,100.0,101.16000366210938,99.19000244140624,101.12999725341795,101.03646850585938,2268600
2024-10-07,IR,100.23999786376952,101.41000366210938,99.56999969482422,100.0199966430664,99.92749786376952,2466800
2024-10-07,IR,100.23999786376952,101.41000366210938,99.56999969482422,100.0199966430664,99.92749786376952,2466800
2024-10-08,IR,100.30999755859376,100.30999755859376,97.66000366210938,98.87000274658205,98.778564453125,2051800
2024-10-08,IR,100.30999755859376,100.30999755859376,97.66000366210938,98.87000274658205,98.778564453125,2051800
2024-10-09,IR,98.87000274658205,99.76000213623048,98.2300033569336,99.43000030517578,99.33805084228516,1350300
2024-10-09,IR,98.87000274658205,99.76000213623048,98.2300033569336,99.43000030517578,99.33805084228516,1350300
2024-10-10,IR,99.01000213623048,99.7699966430664,98.33000183105467,98.55999755859376,98.4688491821289,1827500
2024-10-10,IR,99.01000213623048,99.7699966430664,98.33000183105467,98.55999755859376,98.4688491821289,1827500
2024-10-11,IR,98.5199966430664,100.87000274658205,98.5199966430664,100.76000213623048,100.66682434082033,2254400
2024-10-11,IR,98.5199966430664,100.87000274658205,98.5199966430664,100.76000213623048,100.66682434082033,2254400
2024-10-14,IR,101.13999938964844,102.68000030517578,100.77999877929688,102.44000244140624,102.3452606201172,1361100
2024-10-14,IR,101.13999938964844,102.68000030517578,100.77999877929688,102.44000244140624,102.3452606201172,1361100
2024-10-15,IR,102.5,102.73999786376952,100.51000213623048,100.66999816894533,100.576904296875,1932400
2024-10-15,IR,102.5,102.73999786376952,100.51000213623048,100.66999816894533,100.576904296875,1932400
2024-10-16,IR,100.51000213623048,101.01000213623048,100.22000122070312,100.38999938964844,100.2971649169922,1556700
2024-10-16,IR,100.51000213623048,101.01000213623048,100.22000122070312,100.38999938964844,100.2971649169922,1556700
2024-10-17,IR,100.95999908447266,101.9000015258789,100.95999908447266,101.02999877929688,100.9365692138672,1257500
2024-10-17,IR,100.95999908447266,101.9000015258789,100.95999908447266,101.02999877929688,100.9365692138672,1257500
2024-10-18,IR,101.4499969482422,101.4499969482422,100.06999969482422,100.4000015258789,100.3071517944336,1536300
2024-10-18,IR,101.4499969482422,101.4499969482422,100.06999969482422,100.4000015258789,100.3071517944336,1536300
2024-10-21,IR,100.48999786376952,101.08000183105467,99.73999786376952,100.02999877929688,99.93749237060548,1842500
2024-10-21,IR,100.48999786376952,101.08000183105467,99.73999786376952,100.02999877929688,99.93749237060548,1842500
2024-10-22,IR,99.58000183105467,100.02999877929688,98.4499969482422,98.45999908447266,98.36893463134766,1611200
2024-10-22,IR,99.58000183105467,100.02999877929688,98.4499969482422,98.45999908447266,98.36893463134766,1611200
2024-10-23,IR,97.63999938964844,98.04000091552734,95.9800033569336,96.38999938964844,96.30085754394533,2986600
2024-10-23,IR,97.63999938964844,98.04000091552734,95.9800033569336,96.38999938964844,96.30085754394533,2986600
2024-10-24,IR,96.68000030517578,96.68000030517578,95.44000244140624,95.93000030517578,95.8412857055664,1841900
2024-10-24,IR,96.68000030517578,96.68000030517578,95.44000244140624,95.93000030517578,95.8412857055664,1841900
2024-10-25,IR,96.9000015258789,97.26000213623048,95.66999816894533,96.12000274658205,96.0311050415039,1904900
2024-10-25,IR,96.9000015258789,97.26000213623048,95.66999816894533,96.12000274658205,96.0311050415039,1904900
2024-10-28,IR,97.01000213623048,98.0500030517578,96.58499908447266,97.11000061035156,97.02018737792967,2803200
2024-10-28,IR,97.01000213623048,98.0500030517578,96.58499908447266,97.11000061035156,97.02018737792967,2803200
2024-10-29,IR,96.54000091552734,97.77999877929688,95.86000061035156,97.26000213623048,97.17005157470705,1424000
2024-10-29,IR,96.54000091552734,97.77999877929688,95.86000061035156,97.26000213623048,97.17005157470705,1424000
2024-10-30,IR,97.02999877929688,97.81500244140624,96.73999786376952,97.27999877929688,97.1900405883789,1659600
2024-10-30,IR,97.02999877929688,97.81500244140624,96.73999786376952,97.27999877929688,97.1900405883789,1659600
2024-10-31,IR,96.48999786376952,97.4000015258789,95.9499969482422,96.0,95.91121673583984,3327400
2024-10-31,IR,96.48999786376952,97.4000015258789,95.9499969482422,96.0,95.91121673583984,3327400
2024-11-01,IR,94.0,97.81500244140624,93.5009994506836,93.97000122070312,93.88309478759766,3880800
2024-11-01,IR,94.0,97.81500244140624,93.5009994506836,93.97000122070312,93.88309478759766,3880800
2024-11-04,IR,94.0,96.21499633789062,93.8000030517578,94.61000061035156,94.5225067138672,2520300
2024-11-04,IR,94.0,96.21499633789062,93.8000030517578,94.61000061035156,94.5225067138672,2520300
2024-11-05,IR,94.80999755859376,97.79499816894533,94.63999938964844,97.6999969482422,97.60963439941406,2082100
2024-11-05,IR,94.80999755859376,97.79499816894533,94.63999938964844,97.6999969482422,97.60963439941406,2082100
2024-11-06,IR,102.0,103.25,101.0,102.9800033569336,102.884765625,3745600
2024-11-06,IR,102.0,103.25,101.0,102.9800033569336,102.884765625,3745600
2024-11-07,IR,102.93000030517578,103.95999908447266,102.54000091552734,103.52999877929688,103.43425750732422,2009600
2024-11-07,IR,102.93000030517578,103.95999908447266,102.54000091552734,103.52999877929688,103.43425750732422,2009600
2024-11-08,IR,102.97000122070312,103.88999938964844,102.4250030517578,102.61000061035156,102.51510620117188,3035300
2024-11-08,IR,102.97000122070312,103.88999938964844,102.4250030517578,102.61000061035156,102.51510620117188,3035300
2024-11-11,IR,103.41000366210938,105.33000183105467,102.62999725341795,104.8000030517578,104.70308685302734,2766100
2024-11-11,IR,103.41000366210938,105.33000183105467,102.62999725341795,104.8000030517578,104.70308685302734,2766100
2024-11-12,IR,104.72000122070312,105.62999725341795,104.04000091552734,104.2300033569336,104.13361358642578,1707300
2024-11-12,IR,104.72000122070312,105.62999725341795,104.04000091552734,104.2300033569336,104.13361358642578,1707300
2024-11-13,IR,104.38999938964844,105.19000244140624,104.1449966430664,104.3499984741211,104.25348663330078,1720000
2024-11-13,IR,104.38999938964844,105.19000244140624,104.1449966430664,104.3499984741211,104.25348663330078,1720000
2024-11-14,IR,104.12000274658205,104.79000091552734,102.79000091552734,102.98999786376952,102.91447448730467,1594800
2024-11-14,IR,104.12000274658205,104.79000091552734,102.79000091552734,102.98999786376952,102.91447448730467,1594800
2024-11-15,IR,102.69000244140624,103.66999816894533,102.0500030517578,102.43000030517578,102.35489654541016,1937400
2024-11-15,IR,102.69000244140624,103.66999816894533,102.0500030517578,102.43000030517578,102.35489654541016,1937400
2024-11-18,IR,101.6999969482422,102.45999908447266,101.20999908447266,101.6500015258789,101.5754623413086,1829200
2024-11-18,IR,101.6999969482422,102.45999908447266,101.20999908447266,101.6500015258789,101.5754623413086,1829200
2024-11-19,IR,99.9800033569336,102.44000244140624,99.83999633789062,102.37999725341795,102.30492401123048,1975800
2024-11-19,IR,99.9800033569336,102.44000244140624,99.83999633789062,102.37999725341795,102.30492401123048,1975800
2024-11-20,IR,102.77999877929688,103.19000244140624,101.5,103.11000061035156,103.03439331054688,1990000
2024-11-20,IR,102.77999877929688,103.19000244140624,101.5,103.11000061035156,103.03439331054688,1990000
2024-11-21,IR,103.33000183105467,103.86900329589844,102.41000366210938,103.04000091552734,102.96444702148438,2180900
2024-11-21,IR,103.33000183105467,103.86900329589844,102.41000366210938,103.04000091552734,102.96444702148438,2180900
2024-11-22,IR,103.3499984741211,104.95999908447266,102.55999755859376,104.0,103.92373657226562,2163700
2024-11-22,IR,103.3499984741211,104.95999908447266,102.55999755859376,104.0,103.92373657226562,2163700
2024-11-25,IR,104.70999908447266,106.02999877929688,104.55500030517578,105.3499984741211,105.2727508544922,3004100
2024-11-25,IR,104.70999908447266,106.02999877929688,104.55500030517578,105.3499984741211,105.2727508544922,3004100
2024-11-26,IR,104.95999908447266,105.1750030517578,104.23500061035156,104.73999786376952,104.66320037841795,1426700
2024-11-26,IR,104.95999908447266,105.1750030517578,104.23500061035156,104.73999786376952,104.66320037841795,1426700
2024-11-27,IR,104.68000030517578,105.18000030517578,103.56999969482422,104.0500030517578,103.97370910644533,1170900
2024-11-27,IR,104.68000030517578,105.18000030517578,103.56999969482422,104.0500030517578,103.97370910644533,1170900
2024-11-29,IR,104.0500030517578,104.55500030517578,103.58999633789062,104.16999816894533,104.09361267089844,907100
2024-11-29,IR,104.0500030517578,104.55500030517578,103.58999633789062,104.16999816894533,104.09361267089844,907100
2024-12-02,IR,104.75,105.37000274658205,104.02999877929688,105.12000274658205,105.04291534423828,1777200
2024-12-02,IR,104.75,105.37000274658205,104.02999877929688,105.12000274658205,105.04291534423828,1777200
2024-12-03,IR,105.1999969482422,105.6500015258789,103.7699966430664,104.23999786376952,104.16356658935548,1775400
2024-12-03,IR,105.1999969482422,105.6500015258789,103.7699966430664,104.23999786376952,104.16356658935548,1775400
2024-12-04,IR,104.33000183105467,104.7300033569336,103.61000061035156,103.9499969482422,103.87377166748048,1588000
2024-12-04,IR,104.33000183105467,104.7300033569336,103.61000061035156,103.9499969482422,103.87377166748048,1588000
2024-12-05,IR,103.87000274658205,104.18000030517578,102.61000061035156,102.95999908447266,102.8844985961914,1632100
2024-12-05,IR,103.87000274658205,104.18000030517578,102.61000061035156,102.95999908447266,102.8844985961914,1632100
2024-12-06,IR,103.5,103.5749969482422,102.15499877929688,102.27999877929688,102.20500946044922,1557200
2024-12-06,IR,103.5,103.5749969482422,102.15499877929688,102.27999877929688,102.20500946044922,1557200
2024-12-09,IR,102.91999816894533,103.19499969482422,101.44000244140624,102.54000091552734,102.46480560302734,2296700
2024-12-09,IR,102.91999816894533,103.19499969482422,101.44000244140624,102.54000091552734,102.46480560302734,2296700
2024-12-10,IR,102.38999938964844,103.16999816894533,100.875,101.83999633789062,101.76531982421876,1416800
2024-12-10,IR,102.38999938964844,103.16999816894533,100.875,101.83999633789062,101.76531982421876,1416800
2024-12-11,IR,102.87000274658205,102.9800033569336,101.31999969482422,101.68000030517578,101.60543823242188,1748400
2024-12-11,IR,102.87000274658205,102.9800033569336,101.31999969482422,101.68000030517578,101.60543823242188,1748400
2024-12-12,IR,101.68000030517578,102.04000091552734,101.0199966430664,101.41999816894533,101.34563446044922,1217200
2024-12-12,IR,101.68000030517578,102.04000091552734,101.0199966430664,101.41999816894533,101.34563446044922,1217200
2024-12-13,IR,101.33000183105467,102.04499816894533,100.7300033569336,101.0999984741211,101.02587127685548,1441900
2024-12-13,IR,101.33000183105467,102.04499816894533,100.7300033569336,101.0999984741211,101.02587127685548,1441900
2024-12-16,IR,101.0999984741211,101.12000274658205,99.75,99.8499984741211,99.77677917480467,1956100
2024-12-16,IR,101.0999984741211,101.12000274658205,99.75,99.8499984741211,99.77677917480467,1956100
2024-12-17,IR,99.05999755859376,99.66999816894533,97.27999877929688,97.5500030517578,97.4784698486328,3065600
2024-12-17,IR,99.05999755859376,99.66999816894533,97.27999877929688,97.5500030517578,97.4784698486328,3065600
2024-12-18,IR,97.56999969482422,97.66999816894533,92.8000030517578,92.87000274658205,92.80191040039062,2789500
2024-12-18,IR,97.56999969482422,97.66999816894533,92.8000030517578,92.87000274658205,92.80191040039062,2789500
2024-12-19,IR,94.01000213623048,94.72000122070312,91.19000244140624,91.26000213623048,91.19308471679688,3183200
2024-12-19,IR,94.01000213623048,94.72000122070312,91.19000244140624,91.26000213623048,91.19308471679688,3183200
2024-12-20,IR,90.88999938964844,93.79000091552734,90.41000366210938,92.27999877929688,92.21233367919922,5175400
2024-12-20,IR,90.88999938964844,93.79000091552734,90.41000366210938,92.27999877929688,92.21233367919922,5175400
2024-12-23,IR,91.9499969482422,92.30999755859376,90.87999725341795,91.79000091552734,91.7227020263672,1571400
2024-12-23,IR,91.9499969482422,92.30999755859376,90.87999725341795,91.79000091552734,91.7227020263672,1571400
2024-12-24,IR,91.5199966430664,92.5709991455078,91.26000213623048,92.3499984741211,92.28227996826172,592100
2024-12-24,IR,91.5199966430664,92.5709991455078,91.26000213623048,92.3499984741211,92.28227996826172,592100
2024-12-26,IR,92.12999725341795,92.66500091552734,91.58000183105467,92.27999877929688,92.21233367919922,850000
2024-12-26,IR,92.12999725341795,92.66500091552734,91.58000183105467,92.27999877929688,92.21233367919922,850000
2024-12-27,IR,91.58000183105467,92.62999725341795,90.99500274658205,91.56999969482422,91.50286102294922,1153300
2024-12-27,IR,91.58000183105467,92.62999725341795,90.99500274658205,91.56999969482422,91.50286102294922,1153300
2024-12-30,IR,90.5,91.05999755859376,89.44999694824219,90.5199966430664,90.45362091064452,1113300
2024-12-30,IR,90.5,91.05999755859376,89.44999694824219,90.5199966430664,90.45362091064452,1113300
2024-12-31,IR,91.11000061035156,91.4000015258789,90.16000366210938,90.45999908447266,90.39366912841795,1257900
2024-12-31,IR,91.11000061035156,91.4000015258789,90.16000366210938,90.45999908447266,90.39366912841795,1257900
2025-01-02,IR,91.3000030517578,91.68000030517578,90.2300033569336,90.5199966430664,90.45362091064452,2149100
2025-01-02,IR,91.3000030517578,91.68000030517578,90.2300033569336,90.5199966430664,90.45362091064452,2149100
2025-01-03,IR,90.83999633789062,92.70999908447266,90.52999877929688,92.48999786376952,92.42218017578124,2473200
2025-01-03,IR,90.83999633789062,92.70999908447266,90.52999877929688,92.48999786376952,92.42218017578124,2473200
2025-01-06,IR,93.08000183105467,93.58999633789062,90.9800033569336,91.2699966430664,91.20307159423828,1833700
2025-01-06,IR,93.08000183105467,93.58999633789062,90.9800033569336,91.2699966430664,91.20307159423828,1833700
2025-01-07,IR,91.12000274658205,91.27999877929688,88.30999755859375,89.16000366210938,89.0946273803711,3893100
2025-01-07,IR,91.12000274658205,91.27999877929688,88.30999755859375,89.16000366210938,89.0946273803711,3893100
2025-01-08,IR,88.55000305175781,89.44999694824219,87.49500274658203,89.2300033569336,89.1645736694336,2441300
2025-01-08,IR,88.55000305175781,89.44999694824219,87.49500274658203,89.2300033569336,89.1645736694336,2441300
2025-01-10,IR,88.25,88.38500213623047,86.73999786376953,87.0199966430664,86.95619201660156,2452200
2025-01-10,IR,88.25,88.38500213623047,86.73999786376953,87.0199966430664,86.95619201660156,2452200
2025-01-13,IR,86.12999725341797,88.38999938964844,86.0,88.18000030517578,88.11534118652344,2969300
2025-01-13,IR,86.12999725341797,88.38999938964844,86.0,88.18000030517578,88.11534118652344,2969300
2025-01-14,IR,88.91999816894531,90.2300033569336,88.82499694824219,89.4000015258789,89.33444213867188,1919100
2025-01-14,IR,88.91999816894531,90.2300033569336,88.82499694824219,89.4000015258789,89.33444213867188,1919100
2025-01-15,IR,90.66000366210938,91.75,90.44000244140624,90.52999877929688,90.46361541748048,2139200
2025-01-15,IR,90.66000366210938,91.75,90.44000244140624,90.52999877929688,90.46361541748048,2139200
2025-01-16,IR,90.83000183105467,91.25,90.28500366210938,90.75,90.68345642089844,2132200
2025-01-16,IR,90.83000183105467,91.25,90.28500366210938,90.75,90.68345642089844,2132200
2025-01-17,IR,91.7300033569336,92.62999725341795,91.2300033569336,91.87999725341795,91.81262969970705,2556800
2025-01-17,IR,91.7300033569336,92.62999725341795,91.2300033569336,91.87999725341795,91.81262969970705,2556800
2025-01-21,IR,92.83000183105467,94.6500015258789,92.61000061035156,94.08000183105467,94.01102447509766,2989100
2025-01-21,IR,92.83000183105467,94.6500015258789,92.61000061035156,94.08000183105467,94.01102447509766,2989100
2025-01-22,IR,94.5,94.66999816894533,93.6500015258789,94.2300033569336,94.1609115600586,2400400
2025-01-22,IR,94.5,94.66999816894533,93.6500015258789,94.2300033569336,94.1609115600586,2400400
2025-01-23,IR,94.1999969482422,94.79000091552734,92.875,94.05999755859376,93.99102020263672,2067300
2025-01-23,IR,94.1999969482422,94.79000091552734,92.875,94.05999755859376,93.99102020263672,2067300
2025-01-24,IR,93.98999786376952,94.08300018310548,92.8499984741211,93.11000061035156,93.0417251586914,1691500
2025-01-24,IR,93.98999786376952,94.08300018310548,92.8499984741211,93.11000061035156,93.0417251586914,1691500
2025-01-27,IR,91.93000030517578,92.93000030517578,91.11000061035156,91.93000030517578,91.86258697509766,2127600
2025-01-27,IR,91.93000030517578,92.93000030517578,91.11000061035156,91.93000030517578,91.86258697509766,2127600
2025-01-28,IR,91.80999755859376,91.80999755859376,90.56999969482422,90.94000244140624,90.87332153320312,2561600
2025-01-28,IR,91.80999755859376,91.80999755859376,90.56999969482422,90.94000244140624,90.87332153320312,2561600
2025-01-29,IR,90.9499969482422,92.25,90.87000274658205,91.1999969482422,91.13312530517578,1667000
2025-01-29,IR,90.9499969482422,92.25,90.87000274658205,91.1999969482422,91.13312530517578,1667000
2025-01-30,IR,92.31999969482422,94.37999725341795,91.4800033569336,94.01000213623048,93.94107055664062,2534900
2025-01-30,IR,92.31999969482422,94.37999725341795,91.4800033569336,94.01000213623048,93.94107055664062,2534900
2025-01-31,IR,94.27999877929688,95.8499984741211,93.49500274658205,93.8000030517578,93.7312240600586,2857300
2025-01-31,IR,94.27999877929688,95.8499984741211,93.49500274658205,93.8000030517578,93.7312240600586,2857300
2025-02-03,IR,91.4000015258789,92.9499969482422,90.30999755859376,92.51000213623048,92.4421615600586,1830700
2025-02-03,IR,91.4000015258789,92.9499969482422,90.30999755859376,92.51000213623048,92.4421615600586,1830700
2025-02-04,IR,93.69000244140624,94.0999984741211,92.58000183105467,92.66000366210938,92.5920639038086,1388000
2025-02-04,IR,93.69000244140624,94.0999984741211,92.58000183105467,92.66000366210938,92.5920639038086,1388000
2025-02-05,IR,93.01000213623048,93.26000213623048,91.38999938964844,92.45999908447266,92.39220428466795,1669100
2025-02-05,IR,93.01000213623048,93.26000213623048,91.38999938964844,92.45999908447266,92.39220428466795,1669100
2025-02-06,IR,93.05999755859376,93.6500015258789,91.77999877929688,92.37000274658205,92.30227661132812,2277100
2025-02-06,IR,93.05999755859376,93.6500015258789,91.77999877929688,92.37000274658205,92.30227661132812,2277100
2025-02-07,IR,92.73999786376952,92.73999786376952,90.5999984741211,90.9499969482422,90.88330841064452,2379700
2025-02-07,IR,92.73999786376952,92.73999786376952,90.5999984741211,90.9499969482422,90.88330841064452,2379700
2025-02-10,IR,91.5999984741211,92.4499969482422,90.48999786376952,92.18000030517578,92.1124038696289,2253900
2025-02-10,IR,91.5999984741211,92.4499969482422,90.48999786376952,92.18000030517578,92.1124038696289,2253900
2025-02-11,IR,91.5999984741211,92.27999877929688,91.0999984741211,92.16999816894533,92.1024169921875,1953900
2025-02-11,IR,91.5999984741211,92.27999877929688,91.0999984741211,92.16999816894533,92.1024169921875,1953900
2025-02-12,IR,90.62999725341795,91.5500030517578,90.30999755859376,91.3499984741211,91.28302001953124,2054700
2025-02-12,IR,90.62999725341795,91.5500030517578,90.30999755859376,91.3499984741211,91.28302001953124,2054700
2025-02-13,IR,91.16000366210938,92.73999786376952,90.8499984741211,92.5500030517578,92.48213958740234,2619000
2025-02-13,IR,91.16000366210938,92.73999786376952,90.8499984741211,92.5500030517578,92.48213958740234,2619000
2025-02-14,IR,88.0,89.22000122070312,85.56999969482422,85.72000122070312,85.65715026855469,7442400
2025-02-14,IR,88.0,89.22000122070312,85.56999969482422,85.72000122070312,85.65715026855469,7442400
2025-02-18,IR,86.0,87.0999984741211,85.69000244140625,86.75,86.68638610839844,3974800
2025-02-18,IR,86.0,87.0999984741211,85.69000244140625,86.75,86.68638610839844,3974800
2025-02-19,IR,86.25,87.16999816894531,85.38999938964844,85.69000244140625,85.6271743774414,2217600
2025-02-19,IR,86.25,87.16999816894531,85.38999938964844,85.69000244140625,85.6271743774414,2217600
2025-02-20,IR,85.56999969482422,87.19000244140625,85.3499984741211,86.7699966430664,86.70637512207031,3180000
2025-02-20,IR,85.56999969482422,87.19000244140625,85.3499984741211,86.7699966430664,86.70637512207031,3180000
2025-02-21,IR,86.87000274658203,86.88999938964844,83.26000213623047,83.69000244140625,83.6286392211914,2647900
2025-02-21,IR,86.87000274658203,86.88999938964844,83.26000213623047,83.69000244140625,83.6286392211914,2647900
2025-02-24,IR,83.94000244140625,84.25,82.4000015258789,82.93000030517578,82.86919403076172,2744900
2025-02-24,IR,83.94000244140625,84.25,82.4000015258789,82.93000030517578,82.86919403076172,2744900
2025-02-25,IR,82.77999877929688,83.69999694824219,81.70700073242188,83.38999938964844,83.32884979248047,2369700
2025-02-25,IR,82.77999877929688,83.69999694824219,81.70700073242188,83.38999938964844,83.32884979248047,2369700
2025-02-26,IR,84.08000183105469,84.87000274658203,83.2300033569336,83.36000061035156,83.29887390136719,2033500
2025-02-26,IR,84.08000183105469,84.87000274658203,83.2300033569336,83.36000061035156,83.29887390136719,2033500
2025-02-27,IR,83.4000015258789,84.66999816894531,82.81999969482422,83.08999633789062,83.0290756225586,2466000
2025-02-27,IR,83.4000015258789,84.66999816894531,82.81999969482422,83.08999633789062,83.0290756225586,2466000
2025-02-28,IR,83.61000061035156,85.0,83.08000183105469,84.77999877929688,84.71782684326172,3844800
2025-02-28,IR,83.61000061035156,85.0,83.08000183105469,84.77999877929688,84.71782684326172,3844800
2025-03-03,IR,85.45999908447266,85.97000122070312,81.91000366210938,82.5999984741211,82.5394287109375,2886800
2025-03-03,IR,85.45999908447266,85.97000122070312,81.91000366210938,82.5999984741211,82.5394287109375,2886800
2025-03-04,IR,81.38999938964844,82.8499984741211,79.96499633789062,81.44999694824219,81.39026641845703,3079200
2025-03-04,IR,81.38999938964844,82.8499984741211,79.96499633789062,81.44999694824219,81.39026641845703,3079200
2025-03-05,IR,81.8499984741211,84.58999633789062,81.49500274658203,84.43000030517578,84.3888168334961,3466400
2025-03-05,IR,81.8499984741211,84.58999633789062,81.49500274658203,84.43000030517578,84.3888168334961,3466400
2025-03-06,IR,83.47000122070312,85.51000213623047,82.66000366210938,84.75,84.70866394042969,3910600
2025-03-06,IR,83.47000122070312,85.51000213623047,82.66000366210938,84.75,84.70866394042969,3910600
2025-03-07,IR,84.2300033569336,85.4000015258789,82.30000305175781,85.2300033569336,85.18843078613281,4479400
2025-03-07,IR,84.2300033569336,85.4000015258789,82.30000305175781,85.2300033569336,85.18843078613281,4479400
2025-03-10,IR,83.69999694824219,85.1449966430664,82.36000061035156,83.5199966430664,83.47925567626953,4090500
2025-03-10,IR,83.69999694824219,85.1449966430664,82.36000061035156,83.5199966430664,83.47925567626953,4090500
2025-03-11,IR,83.20999908447266,84.08000183105469,81.83000183105469,82.88999938964844,82.84956359863281,2482900
2025-03-11,IR,83.20999908447266,84.08000183105469,81.83000183105469,82.88999938964844,82.84956359863281,2482900
2025-03-12,IR,83.52999877929688,83.875,81.08999633789062,81.48999786376953,81.45024108886719,2542800
2025-03-12,IR,83.52999877929688,83.875,81.08999633789062,81.48999786376953,81.45024108886719,2542800
2025-03-13,IR,81.25,82.05999755859375,79.79000091552734,80.0,79.96097564697266,2181200
2025-03-13,IR,81.25,82.05999755859375,79.79000091552734,80.0,79.96097564697266,2181200
2025-03-14,IR,81.33999633789062,82.26000213623047,80.45999908447266,81.87000274658203,81.83006286621094,1923900
2025-03-14,IR,81.33999633789062,82.26000213623047,80.45999908447266,81.87000274658203,81.83006286621094,1923900
2025-03-17,IR,81.83999633789062,83.55999755859375,81.61000061035156,82.97000122070312,82.92952728271484,1968500
2025-03-17,IR,81.83999633789062,83.55999755859375,81.61000061035156,82.97000122070312,82.92952728271484,1968500
2025-03-18,IR,82.61000061035156,82.80000305175781,81.08999633789062,81.61000061035156,81.57019805908203,1849600
2025-03-18,IR,82.61000061035156,82.80000305175781,81.08999633789062,81.61000061035156,81.57019805908203,1849600
2025-03-19,IR,81.94999694824219,82.54000091552734,80.93000030517578,82.12999725341797,82.08993530273438,2361000
2025-03-19,IR,81.94999694824219,82.54000091552734,80.93000030517578,82.12999725341797,82.08993530273438,2361000
2025-03-20,IR,81.08000183105469,82.31600189208984,80.88400268554688,81.66999816894531,81.63016510009766,1473100
2025-03-20,IR,81.08000183105469,82.31600189208984,80.88400268554688,81.66999816894531,81.63016510009766,1473100
2025-03-21,IR,80.63999938964844,81.12000274658203,79.8499984741211,80.95999908447266,80.9205093383789,2946300
2025-03-21,IR,80.63999938964844,81.12000274658203,79.8499984741211,80.95999908447266,80.9205093383789,2946300
2025-03-24,IR,81.9800033569336,82.88999938964844,81.33000183105469,82.2300033569336,82.18988800048828,3134500
2025-03-24,IR,81.9800033569336,82.88999938964844,81.33000183105469,82.2300033569336,82.18988800048828,3134500
2025-03-25,IR,82.69999694824219,83.05000305175781,81.38999938964844,82.37000274658203,82.32982635498047,1984000
2025-03-25,IR,82.69999694824219,83.05000305175781,81.38999938964844,82.37000274658203,82.32982635498047,1984000
2025-03-26,IR,82.31999969482422,83.16000366210938,81.15399932861328,81.37999725341797,81.34030151367188,1782000
2025-03-26,IR,82.31999969482422,83.16000366210938,81.15399932861328,81.37999725341797,81.34030151367188,1782000
2025-03-27,IR,81.08000183105469,81.59500122070312,79.8499984741211,81.30000305175781,81.26034545898438,1963500
2025-03-27,IR,81.08000183105469,81.59500122070312,79.8499984741211,81.30000305175781,81.26034545898438,1963500
2025-03-28,IR,81.0,81.7699966430664,79.02999877929688,79.44000244140625,79.40125274658203,1769100
2025-03-28,IR,81.0,81.7699966430664,79.02999877929688,79.44000244140625,79.40125274658203,1769100
2025-03-31,IR,78.19999694824219,80.55500030517578,77.18000030517578,80.02999877929688,79.99095916748047,2928000
2025-03-31,IR,78.19999694824219,80.55500030517578,77.18000030517578,80.02999877929688,79.99095916748047,2928000
2025-04-01,IR,79.70999908447266,80.87999725341797,78.95999908447266,80.61000061035156,80.5706787109375,2016700
2025-04-01,IR,79.70999908447266,80.87999725341797,78.95999908447266,80.61000061035156,80.5706787109375,2016700
2025-04-02,IR,79.41999816894531,82.06999969482422,79.41999816894531,81.69999694824219,81.66014862060547,1683600
2025-04-02,IR,79.41999816894531,82.06999969482422,79.41999816894531,81.69999694824219,81.66014862060547,1683600
2025-04-03,IR,77.94000244140625,78.36000061035156,73.00499725341797,73.5199966430664,73.484130859375,4805000
2025-04-03,IR,77.94000244140625,78.36000061035156,73.00499725341797,73.5199966430664,73.484130859375,4805000
2025-04-04,IR,70.73999786376953,70.76000213623047,67.19000244140625,69.69999694824219,69.66600036621094,6552900
2025-04-04,IR,70.73999786376953,70.76000213623047,67.19000244140625,69.69999694824219,69.66600036621094,6552900
2025-04-07,IR,68.26000213623047,72.01000213623047,65.63999938964844,67.94000244140625,67.9068603515625,6227400
2025-04-07,IR,68.26000213623047,72.01000213623047,65.63999938964844,67.94000244140625,67.9068603515625,6227400
2025-04-08,IR,70.63999938964844,71.66000366210938,65.61000061035156,66.75,66.71743774414062,4638500
2025-04-08,IR,70.63999938964844,71.66000366210938,65.61000061035156,66.75,66.71743774414062,4638500
2025-04-09,IR,65.88999938964844,74.13999938964844,65.69999694824219,73.31999969482422,73.28424072265625,7395500
2025-04-09,IR,65.88999938964844,74.13999938964844,65.69999694824219,73.31999969482422,73.28424072265625,7395500
2025-04-10,IR,71.37999725341797,73.16000366210938,69.41000366210938,70.94000244140625,70.9053955078125,7486400
2025-04-10,IR,71.37999725341797,73.16000366210938,69.41000366210938,70.94000244140625,70.9053955078125,7486400
2025-04-11,IR,70.94999694824219,73.44000244140625,69.12000274658203,73.0,72.96439361572266,4559400
2025-04-11,IR,70.94999694824219,73.44000244140625,69.12000274658203,73.0,72.96439361572266,4559400
2025-04-14,IR,74.0199966430664,74.12999725341797,72.68000030517578,73.37000274658203,73.33421325683594,1751800
2025-04-14,IR,74.0199966430664,74.12999725341797,72.68000030517578,73.37000274658203,73.33421325683594,1751800
2025-04-15,IR,73.33000183105469,74.36000061035156,72.68000030517578,72.83000183105469,72.79447174072266,1727500
2025-04-15,IR,73.33000183105469,74.36000061035156,72.68000030517578,72.83000183105469,72.79447174072266,1727500
2025-04-16,IR,71.88999938964844,72.69000244140625,70.76000213623047,71.36000061035156,71.32518768310547,1353700
2025-04-16,IR,71.88999938964844,72.69000244140625,70.76000213623047,71.36000061035156,71.32518768310547,1353700
2025-04-17,IR,71.87000274658203,72.9800033569336,71.69999694824219,72.04000091552734,72.0048599243164,1891000
2025-04-17,IR,71.87000274658203,72.9800033569336,71.69999694824219,72.04000091552734,72.0048599243164,1891000
2025-04-21,IR,70.88999938964844,71.26000213623047,68.97000122070312,69.72000122070312,69.68598937988281,2308000
2025-04-21,IR,70.88999938964844,71.26000213623047,68.97000122070312,69.72000122070312,69.68598937988281,2308000
2025-04-22,IR,70.7699966430664,72.62000274658203,70.31500244140625,72.25,72.21475219726562,2011000
2025-04-22,IR,70.7699966430664,72.62000274658203,70.31500244140625,72.25,72.21475219726562,2011000
2025-04-23,IR,75.19999694824219,76.58000183105469,73.20500183105469,73.37000274658203,73.33421325683594,2032800
2025-04-23,IR,75.19999694824219,76.58000183105469,73.20500183105469,73.37000274658203,73.33421325683594,2032800
2025-04-24,IR,73.3499984741211,76.13999938964844,73.06199645996094,75.73999786376953,75.70304870605469,1802000
2025-04-24,IR,73.3499984741211,76.13999938964844,73.06199645996094,75.73999786376953,75.70304870605469,1802000
2025-04-25,IR,75.27999877929688,76.0479965209961,74.61000061035156,74.9800033569336,74.94342803955078,3403600
2025-04-25,IR,75.27999877929688,76.0479965209961,74.61000061035156,74.9800033569336,74.94342803955078,3403600
2025-04-28,IR,75.22000122070312,76.12000274658203,74.1449966430664,74.80000305175781,74.76351928710938,7044300
2025-04-28,IR,75.22000122070312,76.12000274658203,74.1449966430664,74.80000305175781,74.76351928710938,7044300
2025-04-29,IR,74.0999984741211,75.36000061035156,73.88999938964844,74.86000061035156,74.823486328125,7168700
2025-04-29,IR,74.0999984741211,75.36000061035156,73.88999938964844,74.86000061035156,74.823486328125,7168700
2025-04-30,IR,73.97000122070312,75.62999725341797,72.7300033569336,75.43000030517578,75.39320373535156,4848400
2025-04-30,IR,73.97000122070312,75.62999725341797,72.7300033569336,75.43000030517578,75.39320373535156,4848400
2025-05-01,IR,76.05000305175781,77.38500213623047,75.3499984741211,76.20999908447266,76.1728286743164,4644700
2025-05-01,IR,76.05000305175781,77.38500213623047,75.3499984741211,76.20999908447266,76.1728286743164,4644700
2025-05-02,IR,75.98999786376953,78.38999938964844,75.19999694824219,76.7300033569336,76.69257354736328,4538900
2025-05-02,IR,75.98999786376953,78.38999938964844,75.19999694824219,76.7300033569336,76.69257354736328,4538900
2025-05-05,IR,76.30999755859375,77.9800033569336,75.98500061035156,76.94999694824219,76.91246032714844,3667200
2025-05-05,IR,76.30999755859375,77.9800033569336,75.98500061035156,76.94999694824219,76.91246032714844,3667200
2025-05-06,IR,76.0999984741211,76.90499877929688,75.62999725341797,75.91999816894531,75.88296508789062,3216700
2025-05-06,IR,76.0999984741211,76.90499877929688,75.62999725341797,75.91999816894531,75.88296508789062,3216700
2025-05-07,IR,76.43000030517578,78.1500015258789,76.26000213623047,77.86000061035156,77.822021484375,5279800
2025-05-07,IR,76.43000030517578,78.1500015258789,76.26000213623047,77.86000061035156,77.822021484375,5279800
2025-05-08,IR,78.86000061035156,79.87999725341797,77.87999725341797,79.2300033569336,79.19135284423828,3707500
2025-05-08,IR,78.86000061035156,79.87999725341797,77.87999725341797,79.2300033569336,79.19135284423828,3707500
2025-05-09,IR,79.62000274658203,80.31999969482422,79.06800079345703,79.31999969482422,79.28131103515625,3023700
2025-05-09,IR,79.62000274658203,80.31999969482422,79.06800079345703,79.31999969482422,79.28131103515625,3023700
2025-05-12,IR,83.05999755859375,84.66999816894531,82.68000030517578,84.22000122070312,84.17891693115234,7019400
2025-05-12,IR,83.05999755859375,84.66999816894531,82.68000030517578,84.22000122070312,84.17891693115234,7019400
2025-05-13,IR,84.5,85.37000274658203,84.04000091552734,84.5,84.45878601074219,2783700
2025-05-13,IR,84.5,85.37000274658203,84.04000091552734,84.5,84.45878601074219,2783700
2025-05-14,IR,84.11000061035156,84.55000305175781,83.16999816894531,83.23999786376953,83.19939422607422,2857600
2025-05-14,IR,84.11000061035156,84.55000305175781,83.16999816894531,83.23999786376953,83.19939422607422,2857600
2025-05-15,IR,83.0,83.54000091552734,82.66999816894531,83.0,82.97944641113281,2732400
2025-05-15,IR,83.0,83.54000091552734,82.66999816894531,83.0,82.97944641113281,2732400
2025-05-16,IR,82.91000366210938,84.08000183105469,82.6500015258789,84.01000213623047,83.98920440673828,2206500
2025-05-16,IR,82.91000366210938,84.08000183105469,82.6500015258789,84.01000213623047,83.98920440673828,2206500
2025-05-19,IR,82.83999633789062,83.94999694824219,82.70999908447266,83.55000305175781,83.5293197631836,2818300
2025-05-19,IR,82.83999633789062,83.94999694824219,82.70999908447266,83.55000305175781,83.5293197631836,2818300
2025-05-20,IR,83.02999877929688,83.48999786376953,82.58000183105469,82.91999816894531,82.89946746826172,2362200
2025-05-20,IR,83.02999877929688,83.48999786376953,82.58000183105469,82.91999816894531,82.89946746826172,2362200
2025-05-21,IR,82.0199966430664,82.62999725341797,81.06500244140625,81.19000244140625,81.1698989868164,3765800
2025-05-21,IR,82.0199966430664,82.62999725341797,81.06500244140625,81.19000244140625,81.1698989868164,3765800
2025-05-22,IR,80.77999877929688,81.77999877929688,80.58000183105469,81.19999694824219,81.17989349365234,3892500
2025-05-22,IR,80.77999877929688,81.77999877929688,80.58000183105469,81.19999694824219,81.17989349365234,3892500
2025-05-23,IR,79.72000122070312,80.95999908447266,79.45999908447266,80.37999725341797,80.36009216308594,3790800
2025-05-23,IR,79.72000122070312,80.95999908447266,79.45999908447266,80.37999725341797,80.36009216308594,3790800
2025-05-27,IR,81.61000061035156,82.72000122070312,80.80999755859375,82.58999633789062,82.56954956054688,3025700
2025-05-27,IR,81.61000061035156,82.72000122070312,80.80999755859375,82.58999633789062,82.56954956054688,3025700
2025-05-28,IR,82.70999908447266,82.97000122070312,81.58999633789062,81.83999633789062,81.81973266601562,2367200
2025-05-28,IR,82.70999908447266,82.97000122070312,81.58999633789062,81.83999633789062,81.81973266601562,2367200
2025-05-29,IR,82.56999969482422,82.56999969482422,81.44000244140625,82.1500015258789,82.1296615600586,2455700
2025-05-29,IR,82.56999969482422,82.56999969482422,81.44000244140625,82.1500015258789,82.1296615600586,2455700
2025-05-30,IR,81.7300033569336,81.9000015258789,80.95999908447266,81.63999938964844,81.61978912353516,5060200
2025-05-30,IR,81.7300033569336,81.9000015258789,80.95999908447266,81.63999938964844,81.61978912353516,5060200
2025-06-02,IR,81.41000366210938,81.58999633789062,79.625,81.05999755859375,81.03992462158203,2418400
2025-06-02,IR,81.41000366210938,81.58999633789062,79.625,81.05999755859375,81.03992462158203,2418400
2025-06-03,IR,81.25,82.22000122070312,80.80999755859375,81.94999694824219,81.92970275878906,1970600
2025-06-03,IR,81.25,82.22000122070312,80.80999755859375,81.94999694824219,81.92970275878906,1970600
2025-06-04,IR,82.43000030517578,82.56999969482422,81.6050033569336,81.87999725341797,81.85972595214844,1762900
2025-06-04,IR,82.43000030517578,82.56999969482422,81.6050033569336,81.87999725341797,81.85972595214844,1762900
2025-06-05,IR,82.23999786376953,82.2699966430664,81.23999786376953,81.87000274658203,81.8497314453125,1961200
2025-06-05,IR,82.23999786376953,82.2699966430664,81.23999786376953,81.87000274658203,81.8497314453125,1961200
2025-06-06,IR,83.19999694824219,83.54000091552734,82.8499984741211,83.12000274658203,83.09941864013672,2139400
2025-06-06,IR,83.19999694824219,83.54000091552734,82.8499984741211,83.12000274658203,83.09941864013672,2139400
2025-06-09,IR,83.69999694824219,84.0,83.22000122070312,83.45999908447266,83.4393310546875,1689800
2025-06-09,IR,83.69999694824219,84.0,83.22000122070312,83.45999908447266,83.4393310546875,1689800
2025-06-10,IR,83.77999877929688,84.9000015258789,83.25,84.69999694824219,84.67902374267578,2804100
2025-06-10,IR,83.77999877929688,84.9000015258789,83.25,84.69999694824219,84.67902374267578,2804100
2025-06-11,IR,84.9000015258789,84.9000015258789,82.88500213623047,83.19999694824219,83.17939758300781,2777100
2025-06-11,IR,84.9000015258789,84.9000015258789,82.88500213623047,83.19999694824219,83.17939758300781,2777100
2025-06-12,IR,82.30000305175781,82.7699966430664,81.61000061035156,82.5199966430664,82.49956512451172,1820300
2025-06-12,IR,82.30000305175781,82.7699966430664,81.61000061035156,82.5199966430664,82.49956512451172,1820300
2025-06-13,IR,81.37999725341797,81.93000030517578,80.21700286865234,80.5,80.48007202148438,2209700
2025-06-13,IR,81.37999725341797,81.93000030517578,80.21700286865234,80.5,80.48007202148438,2209700
2025-06-16,IR,81.48999786376953,82.29000091552734,80.9800033569336,81.61000061035156,81.58979797363281,1564100
2025-06-16,IR,81.48999786376953,82.29000091552734,80.9800033569336,81.61000061035156,81.58979797363281,1564100
2025-06-17,IR,80.83000183105469,81.7750015258789,80.41999816894531,80.63999938964844,80.62003326416016,1655900
2025-06-17,IR,80.83000183105469,81.7750015258789,80.41999816894531,80.63999938964844,80.62003326416016,1655900
2025-06-18,IR,80.9800033569336,81.66000366210938,80.63999938964844,80.79000091552734,80.7699966430664,1778000
2025-06-18,IR,80.9800033569336,81.66000366210938,80.63999938964844,80.79000091552734,80.7699966430664,1778000
2025-06-20,IR,81.69999694824219,81.7300033569336,80.05500030517578,80.38999938964844,80.3700942993164,2896000
2025-06-20,IR,81.69999694824219,81.7300033569336,80.05500030517578,80.38999938964844,80.3700942993164,2896000
2025-06-23,IR,80.4000015258789,82.06999969482422,79.73999786376953,81.93000030517578,81.90971374511719,1707100
2025-06-23,IR,80.4000015258789,82.06999969482422,79.73999786376953,81.93000030517578,81.90971374511719,1707100
2025-06-24,IR,82.6500015258789,84.0999984741211,82.1500015258789,83.69000244140625,83.66928100585938,2657800
2025-06-24,IR,82.6500015258789,84.0999984741211,82.1500015258789,83.69000244140625,83.66928100585938,2657800
2025-06-25,IR,83.95999908447266,84.16000366210938,83.25,83.27999877929688,83.2593765258789,1650300
2025-06-25,IR,83.95999908447266,84.16000366210938,83.25,83.27999877929688,83.2593765258789,1650300
2025-06-26,IR,83.6500015258789,85.16000366210938,83.33000183105469,84.94000244140625,84.9189682006836,1679000
2025-06-26,IR,83.6500015258789,85.16000366210938,83.33000183105469,84.94000244140625,84.9189682006836,1679000
2025-06-27,IR,84.88999938964844,85.44999694824219,83.76000213623047,84.2699966430664,84.24913024902344,2878100
2025-06-27,IR,84.88999938964844,85.44999694824219,83.76000213623047,84.2699966430664,84.24913024902344,2878100
2025-06-30,IR,83.97000122070312,83.97000122070312,83.08000183105469,83.18000030517578,83.15940856933594,2641700
2025-06-30,IR,83.97000122070312,83.97000122070312,83.08000183105469,83.18000030517578,83.15940856933594,2641700
2025-07-01,IR,82.86000061035156,86.16999816894531,82.58000183105469,85.30000305175781,85.27888488769531,2776100
2025-07-01,IR,82.86000061035156,86.16999816894531,82.58000183105469,85.30000305175781,85.27888488769531,2776100
2025-07-02,IR,85.45999908447266,86.58999633789062,85.06999969482422,86.55000305175781,86.52857208251953,2594500
2025-07-02,IR,85.45999908447266,86.58999633789062,85.06999969482422,86.55000305175781,86.52857208251953,2594500
2025-07-03,IR,87.02999877929688,87.43000030517578,86.8949966430664,86.9800033569336,86.95846557617188,1240600
2025-07-03,IR,87.02999877929688,87.43000030517578,86.8949966430664,86.9800033569336,86.95846557617188,1240600
2025-07-07,IR,86.63999938964844,87.52200317382812,85.86499786376953,86.83999633789062,86.81849670410156,5127200
2025-07-07,IR,86.63999938964844,87.52200317382812,85.86499786376953,86.83999633789062,86.81849670410156,5127200
2025-07-08,IR,87.06999969482422,87.7699966430664,86.7300033569336,87.01000213623047,86.98845672607422,2050000
2025-07-08,IR,87.06999969482422,87.7699966430664,86.7300033569336,87.01000213623047,86.98845672607422,2050000
2025-07-09,IR,87.81999969482422,88.11000061035156,87.05000305175781,87.69999694824219,87.67828369140625,1783700
2025-07-09,IR,87.81999969482422,88.11000061035156,87.05000305175781,87.69999694824219,87.67828369140625,1783700
2025-07-10,IR,87.8499984741211,90.44000244140624,87.5,88.69000244140625,88.66804504394531,3712500
2025-07-10,IR,87.8499984741211,90.44000244140624,87.5,88.69000244140625,88.66804504394531,3712500
2025-07-11,IR,87.73999786376953,89.15499877929688,87.70999908447266,89.0199966430664,88.99795532226562,2286800
2025-07-11,IR,87.73999786376953,89.15499877929688,87.70999908447266,89.0199966430664,88.99795532226562,2286800
2025-07-14,IR,88.06999969482422,88.5,86.73999786376953,87.63999938964844,87.61830139160156,2635500
2025-07-14,IR,88.06999969482422,88.5,86.73999786376953,87.63999938964844,87.61830139160156,2635500
2025-07-15,IR,88.12000274658203,88.23999786376953,86.27999877929688,86.30000305175781,86.27863311767578,2182800
2025-07-15,IR,88.12000274658203,88.23999786376953,86.27999877929688,86.30000305175781,86.27863311767578,2182800
2025-07-16,IR,86.2699966430664,86.5199966430664,84.42500305175781,86.12999725341797,86.10867309570312,2654300
2025-07-16,IR,86.2699966430664,86.5199966430664,84.42500305175781,86.12999725341797,86.10867309570312,2654300
2025-07-17,IR,86.33000183105469,87.83200073242188,86.08499908447266,87.75,87.728271484375,2493900
2025-07-17,IR,86.33000183105469,87.83200073242188,86.08499908447266,87.75,87.728271484375,2493900
2025-07-18,IR,86.33000183105469,87.37999725341797,84.69000244140625,85.55000305175781,85.52882385253906,4273700
2025-07-18,IR,86.33000183105469,87.37999725341797,84.69000244140625,85.55000305175781,85.52882385253906,4273700
2025-07-21,IR,86.37999725341797,86.37999725341797,83.88999938964844,83.88999938964844,83.86923217773438,2569500
2025-07-21,IR,86.37999725341797,86.37999725341797,83.88999938964844,83.88999938964844,83.86923217773438,2569500
2025-07-22,IR,83.83999633789062,85.5199966430664,83.56999969482422,85.44000244140625,85.4188461303711,2593400
2025-07-22,IR,83.83999633789062,85.5199966430664,83.56999969482422,85.44000244140625,85.4188461303711,2593400
2025-07-23,IR,86.4000015258789,87.26000213623047,85.76000213623047,86.83000183105469,86.80850219726562,2834600
2025-07-23,IR,86.4000015258789,87.26000213623047,85.76000213623047,86.83000183105469,86.80850219726562,2834600
2025-07-24,IR,86.31999969482422,87.47000122070312,86.0199966430664,86.88999938964844,86.86848449707031,2749500
2025-07-24,IR,86.31999969482422,87.47000122070312,86.0199966430664,86.88999938964844,86.86848449707031,2749500
2025-07-25,IR,87.26000213623047,88.36000061035156,86.83999633789062,88.2699966430664,88.24813842773438,2081200
2025-07-25,IR,87.26000213623047,88.36000061035156,86.83999633789062,88.2699966430664,88.24813842773438,2081200
2025-07-28,IR,88.2699966430664,88.66500091552734,87.6500015258789,87.83000183105469,87.80825805664062,1947600
2025-07-28,IR,88.2699966430664,88.66500091552734,87.6500015258789,87.83000183105469,87.80825805664062,1947600
2025-07-29,IR,88.33000183105469,88.47000122070312,86.69999694824219,87.06999969482422,87.0484390258789,2309200
2025-07-29,IR,88.33000183105469,88.47000122070312,86.69999694824219,87.06999969482422,87.0484390258789,2309200
2025-07-30,IR,87.30000305175781,87.5,85.33000183105469,85.76000213623047,85.73876953125,2826100
2025-07-30,IR,87.30000305175781,87.5,85.33000183105469,85.76000213623047,85.73876953125,2826100
2025-07-31,IR,85.37000274658203,86.69999694824219,84.41000366210938,84.62999725341797,84.60903930664062,4827900
2025-07-31,IR,85.37000274658203,86.69999694824219,84.41000366210938,84.62999725341797,84.60903930664062,4827900
2025-08-01,IR,79.19999694824219,79.3499984741211,73.87000274658203,74.9800033569336,74.96144104003906,12246100
2025-08-01,IR,79.19999694824219,79.3499984741211,73.87000274658203,74.9800033569336,74.96144104003906,12246100
2025-08-04,IR,75.68000030517578,79.02999877929688,75.37999725341797,78.5999984741211,78.58053588867188,6799300
2025-08-04,IR,75.68000030517578,79.02999877929688,75.37999725341797,78.5999984741211,78.58053588867188,6799300
2025-08-05,IR,78.44000244140625,78.51000213623047,76.75,77.6500015258789,77.63077545166016,4172600
2025-08-05,IR,78.44000244140625,78.51000213623047,76.75,77.6500015258789,77.63077545166016,4172600
2025-08-06,IR,77.61000061035156,77.8499984741211,76.38999938964844,76.4800033569336,76.46106719970703,4007100
2025-08-06,IR,77.61000061035156,77.8499984741211,76.38999938964844,76.4800033569336,76.46106719970703,4007100
2025-08-07,IR,77.41999816894531,77.43000030517578,76.11000061035156,76.27999877929688,76.2611083984375,2403500
2025-08-07,IR,77.41999816894531,77.43000030517578,76.11000061035156,76.27999877929688,76.2611083984375,2403500
2025-08-08,IR,76.5199966430664,76.86000061035156,75.69000244140625,75.88999938964844,75.87120819091797,1773600
2025-08-08,IR,76.5199966430664,76.86000061035156,75.69000244140625,75.88999938964844,75.87120819091797,1773600
2025-08-11,IR,76.20999908447266,76.73999786376953,75.625,76.44999694824219,76.43106842041016,2539000
2025-08-11,IR,76.20999908447266,76.73999786376953,75.625,76.44999694824219,76.43106842041016,2539000
2025-08-12,IR,77.0999984741211,79.23999786376953,76.80000305175781,78.43000030517578,78.41058349609375,2759900
2025-08-12,IR,77.0999984741211,79.23999786376953,76.80000305175781,78.43000030517578,78.41058349609375,2759900
2025-08-13,IR,78.72000122070312,80.80999755859375,77.88999938964844,80.7699966430664,80.75,3312100
2025-08-13,IR,78.72000122070312,80.80999755859375,77.88999938964844,80.7699966430664,80.75,3312100
2025-08-14,IR,79.87999725341797,80.33999633789062,79.22000122070312,80.19999694824219,80.19999694824219,3142200
2025-08-14,IR,79.87999725341797,80.33999633789062,79.22000122070312,80.19999694824219,80.19999694824219,3142200
2025-08-15,IR,80.4000015258789,80.43499755859375,77.71499633789062,78.31999969482422,78.31999969482422,2918000
2025-08-15,IR,80.4000015258789,80.43499755859375,77.71499633789062,78.31999969482422,78.31999969482422,2918000
2025-08-18,IR,78.22000122070312,79.12999725341797,77.80999755859375,78.88999938964844,78.88999938964844,2316000
2025-08-18,IR,78.22000122070312,79.12999725341797,77.80999755859375,78.88999938964844,78.88999938964844,2316000
2025-08-19,IR,78.86000061035156,80.56999969482422,78.72000122070312,79.83999633789062,79.83999633789062,1754600
2025-08-19,IR,78.86000061035156,80.56999969482422,78.72000122070312,79.83999633789062,79.83999633789062,1754600
2025-08-20,IR,79.54000091552734,79.61000061035156,78.63999938964844,79.04000091552734,79.04000091552734,2989500
2025-08-20,IR,79.54000091552734,79.61000061035156,78.63999938964844,79.04000091552734,79.04000091552734,2989500
2025-08-21,IR,78.91000366210938,79.12000274658203,77.2699966430664,77.44999694824219,77.44999694824219,1849000
2025-08-21,IR,78.91000366210938,79.12000274658203,77.2699966430664,77.44999694824219,77.44999694824219,1849000
2025-08-22,IR,78.44999694824219,81.41999816894531,77.98999786376953,80.62999725341797,80.62999725341797,2184400
2025-08-22,IR,78.44999694824219,81.41999816894531,77.98999786376953,80.62999725341797,80.62999725341797,2184400
2025-08-25,IR,80.76000213623047,81.0,79.68000030517578,79.68000030517578,79.68000030517578,1437600
2025-08-25,IR,80.76000213623047,81.0,79.68000030517578,79.68000030517578,79.68000030517578,1437600
2025-08-26,IR,79.69999694824219,81.2699966430664,79.41999816894531,81.12999725341797,81.12999725341797,4712800
2025-08-26,IR,79.69999694824219,81.2699966430664,79.41999816894531,81.12999725341797,81.12999725341797,4712800
2025-08-27,IR,80.83999633789062,81.48999786376953,80.44000244140625,80.63999938964844,80.63999938964844,1693200
2025-08-27,IR,80.83999633789062,81.48999786376953,80.44000244140625,80.63999938964844,80.63999938964844,1693200
2025-08-28,IR,80.87000274658203,80.87000274658203,79.69499969482422,80.26000213623047,80.26000213623047,1431300
2025-08-28,IR,80.87000274658203,80.87000274658203,79.69499969482422,80.26000213623047,80.26000213623047,1431300
2025-08-29,IR,79.94999694824219,80.51000213623047,79.05999755859375,79.43000030517578,79.43000030517578,1923000
2025-08-29,IR,79.94999694824219,80.51000213623047,79.05999755859375,79.43000030517578,79.43000030517578,1923000
2025-09-02,IR,78.5999984741211,78.92500305175781,77.2300033569336,77.94000244140625,77.94000244140625,2228700
2025-09-02,IR,78.5999984741211,78.92500305175781,77.2300033569336,77.94000244140625,77.94000244140625,2228700
2025-09-03,IR,77.58000183105469,78.1050033569336,76.87000274658203,77.37999725341797,77.37999725341797,1567300
2025-09-03,IR,77.58000183105469,78.1050033569336,76.87000274658203,77.37999725341797,77.37999725341797,1567300
2025-09-04,IR,77.38999938964844,79.69999694824219,77.1500015258789,79.19999694824219,79.19999694824219,2898000
2025-09-04,IR,77.38999938964844,79.69999694824219,77.1500015258789,79.19999694824219,79.19999694824219,2898000
2025-09-05,IR,79.93000030517578,81.5,79.52300262451172,80.94999694824219,80.94999694824219,3149700
2025-09-05,IR,79.93000030517578,81.5,79.52300262451172,80.94999694824219,80.94999694824219,3149700
2025-09-08,IR,80.94999694824219,81.27999877929688,79.20999908447266,80.37999725341797,80.37999725341797,4536500
2025-09-08,IR,80.94999694824219,81.27999877929688,79.20999908447266,80.37999725341797,80.37999725341797,4536500
2025-09-09,IR,80.05000305175781,80.52999877929688,79.0199966430664,79.66000366210938,79.66000366210938,3291700
2025-09-09,IR,80.05000305175781,80.52999877929688,79.0199966430664,79.66000366210938,79.66000366210938,3291700
2025-09-10,IR,79.68000030517578,81.12000274658203,79.37000274658203,80.23999786376953,80.23999786376953,2742800
2025-09-10,IR,79.68000030517578,81.12000274658203,79.37000274658203,80.23999786376953,80.23999786376953,2742800
2025-09-11,IR,80.05000305175781,82.36000061035156,79.94999694824219,81.0199966430664,81.0199966430664,4317800
2025-09-11,IR,80.05000305175781,82.36000061035156,79.94999694824219,81.0199966430664,81.0199966430664,4317800
2025-09-12,IR,80.80999755859375,81.30000305175781,78.76000213623047,78.79000091552734,78.79000091552734,3643400
2025-09-12,IR,80.80999755859375,81.30000305175781,78.76000213623047,78.79000091552734,78.79000091552734,3643400
2025-09-15,IR,79.25,80.08999633789062,78.44999694824219,79.05000305175781,79.05000305175781,3002800
2025-09-15,IR,79.25,80.08999633789062,78.44999694824219,79.05000305175781,79.05000305175781,3002800
2025-09-16,IR,78.94000244140625,79.4000015258789,77.49500274658203,77.69999694824219,77.69999694824219,3499700
2025-09-16,IR,78.94000244140625,79.4000015258789,77.49500274658203,77.69999694824219,77.69999694824219,3499700
2025-09-17,IR,78.2300033569336,80.19999694824219,77.8499984741211,79.0,79.0,5521200
2025-09-17,IR,78.2300033569336,80.19999694824219,77.8499984741211,79.0,79.0,5521200
2025-09-18,IR,79.76000213623047,81.58999633789062,79.34500122070312,81.52999877929688,81.52999877929688,4119700
2025-09-18,IR,79.76000213623047,81.58999633789062,79.34500122070312,81.52999877929688,81.52999877929688,4119700
2025-09-19,IR,81.7699966430664,82.2300033569336,80.37000274658203,81.61000061035156,81.61000061035156,13598000
2025-09-19,IR,81.7699966430664,82.2300033569336,80.37000274658203,81.61000061035156,81.61000061035156,13598000
2025-09-22,IR,80.62999725341797,81.93000030517578,79.81999969482422,81.80000305175781,81.80000305175781,3649800
2025-09-22,IR,80.62999725341797,81.93000030517578,79.81999969482422,81.80000305175781,81.80000305175781,3649800
2025-09-23,IR,82.19000244140625,82.38999938964844,80.76000213623047,81.31999969482422,81.31999969482422,4315100
2025-09-23,IR,82.19000244140625,82.38999938964844,80.76000213623047,81.31999969482422,81.31999969482422,4315100
2025-09-24,IR,81.06999969482422,81.83000183105469,80.625,80.91000366210938,80.91000366210938,3747500
2025-09-24,IR,81.06999969482422,81.83000183105469,80.625,80.91000366210938,80.91000366210938,3747500
2025-09-25,IR,80.13999938964844,80.73999786376953,79.37000274658203,80.5,80.5,3363400
2025-09-25,IR,80.13999938964844,80.73999786376953,79.37000274658203,80.5,80.5,3363400
2025-09-26,IR,81.16999816894531,82.5790023803711,80.37999725341797,82.30000305175781,82.30000305175781,3010400
2025-09-26,IR,81.16999816894531,82.5790023803711,80.37999725341797,82.30000305175781,82.30000305175781,3010400
2025-09-29,IR,82.91999816894531,83.02999877929688,81.6500015258789,82.55000305175781,82.55000305175781,3073100
2025-09-29,IR,82.91999816894531,83.02999877929688,81.6500015258789,82.55000305175781,82.55000305175781,3073100
2025-09-30,IR,82.36000061035156,83.0,81.37000274658203,82.62000274658203,82.62000274658203,3569800
2025-09-30,IR,82.36000061035156,83.0,81.37000274658203,82.62000274658203,82.62000274658203,3569800
2025-10-01,IR,81.86000061035156,83.79499816894531,81.62999725341797,83.5,83.5,3552800
2025-10-01,IR,81.86000061035156,83.79499816894531,81.62999725341797,83.5,83.5,3552800
2025-10-02,IR,83.47000122070312,84.58000183105469,82.55000305175781,84.18000030517578,84.18000030517578,2870500
2025-10-02,IR,83.47000122070312,84.58000183105469,82.55000305175781,84.18000030517578,84.18000030517578,2870500
2025-10-03,IR,83.83000183105469,84.5999984741211,83.37999725341797,83.94999694824219,83.94999694824219,2801600
2025-10-03,IR,83.83000183105469,84.5999984741211,83.37999725341797,83.94999694824219,83.94999694824219,2801600
2025-09-26,IR,81.16999816894531,82.5790023803711,80.37999725341797,82.30000305175781,82.30000305175781,3010400
2025-09-29,IR,82.91999816894531,83.02999877929688,81.6500015258789,82.55000305175781,82.55000305175781,3073100
2025-09-30,IR,82.36000061035156,83.0,81.37000274658203,82.62000274658203,82.62000274658203,3569800
2025-10-01,IR,81.86000061035156,83.79499816894531,81.62999725341797,83.5,83.5,3552800
2025-10-02,IR,83.47000122070312,84.58000183105469,82.55000305175781,84.18000030517578,84.18000030517578,2870500
2025-10-03,IR,83.83000183105469,84.5999984741211,83.37999725341797,83.94999694824219,83.94999694824219,2801600
2025-09-26,IR,81.16999816894531,82.5790023803711,80.37999725341797,82.30000305175781,82.30000305175781,3010400
2025-09-29,IR,82.91999816894531,83.02999877929688,81.6500015258789,82.55000305175781,82.55000305175781,3073100
2025-09-30,IR,82.36000061035156,83.0,81.37000274658203,82.62000274658203,82.62000274658203,3569800
2025-10-01,IR,81.86000061035156,83.79499816894531,81.62999725341797,83.5,83.5,3552800
2025-10-02,IR,83.47000122070312,84.58000183105469,82.55000305175781,84.18000030517578,84.18000030517578,2870500
2025-10-03,IR,83.83000183105469,84.5999984741211,83.37999725341797,83.94999694824219,83.94999694824219,2801600
