Date,Ticker,Open,High,Low,Close,Adj Close,Volume
2009-10-07,VRSK,27.0,28.96999931335449,26.40999984741211,27.21999931335449,26.06949234008789,63739500
2009-10-07,VRSK,27.0,28.96999931335449,26.40999984741211,27.21999931335449,26.06949234008789,63739500
2009-10-08,VRSK,27.32999992370605,27.440000534057617,26.5,26.600000381469727,25.4757022857666,6906700
2009-10-08,VRSK,27.32999992370605,27.440000534057617,26.5,26.600000381469727,25.4757022857666,6906700
2009-10-09,VRSK,26.82999992370605,27.489999771118164,26.3799991607666,26.399999618530277,25.28415298461914,3361300
2009-10-09,VRSK,26.82999992370605,27.489999771118164,26.3799991607666,26.399999618530277,25.28415298461914,3361300
2009-10-12,VRSK,27.290000915527344,27.899999618530277,26.100000381469727,26.25,25.14049530029297,7177000
2009-10-12,VRSK,27.290000915527344,27.899999618530277,26.100000381469727,26.25,25.14049530029297,7177000
2009-10-13,VRSK,26.670000076293945,27.26000022888184,26.540000915527344,27.190000534057617,26.0407657623291,3296000
2009-10-13,VRSK,26.670000076293945,27.26000022888184,26.540000915527344,27.190000534057617,26.0407657623291,3296000
2009-10-14,VRSK,27.25,28.239999771118164,27.0,27.989999771118164,26.80694961547852,3222400
2009-10-14,VRSK,27.25,28.239999771118164,27.0,27.989999771118164,26.80694961547852,3222400
2009-10-15,VRSK,28.280000686645508,28.799999237060547,27.75,28.309999465942383,27.11342430114746,3181300
2009-10-15,VRSK,28.280000686645508,28.799999237060547,27.75,28.309999465942383,27.11342430114746,3181300
2009-10-16,VRSK,28.450000762939453,28.600000381469727,27.549999237060547,28.56999969482422,27.362428665161133,3974100
2009-10-16,VRSK,28.450000762939453,28.600000381469727,27.549999237060547,28.56999969482422,27.362428665161133,3974100
2009-10-19,VRSK,28.520000457763672,28.88999938964844,27.5,27.5,26.33766365051269,1892100
2009-10-19,VRSK,28.520000457763672,28.88999938964844,27.5,27.5,26.33766365051269,1892100
2009-10-20,VRSK,27.5,28.100000381469727,27.350000381469727,28.059999465942383,26.873985290527344,3387000
2009-10-20,VRSK,27.5,28.100000381469727,27.350000381469727,28.059999465942383,26.873985290527344,3387000
2009-10-21,VRSK,28.0,28.350000381469727,27.86000061035156,28.0,26.816524505615234,1079000
2009-10-21,VRSK,28.0,28.350000381469727,27.86000061035156,28.0,26.816524505615234,1079000
2009-10-22,VRSK,27.76000022888184,28.479999542236328,27.31999969482422,27.88999938964844,26.711179733276367,1172500
2009-10-22,VRSK,27.76000022888184,28.479999542236328,27.31999969482422,27.88999938964844,26.711179733276367,1172500
2009-10-23,VRSK,28.0,28.38999938964844,27.51000022888184,28.3700008392334,27.170886993408203,2385700
2009-10-23,VRSK,28.0,28.38999938964844,27.51000022888184,28.3700008392334,27.170886993408203,2385700
2009-10-26,VRSK,27.82999992370605,28.600000381469727,27.76000022888184,28.450000762939453,27.247509002685547,834400
2009-10-26,VRSK,27.82999992370605,28.600000381469727,27.76000022888184,28.450000762939453,27.247509002685547,834400
2009-10-27,VRSK,28.540000915527344,29.25,27.93000030517578,28.559999465942383,27.35285377502441,1578700
2009-10-27,VRSK,28.540000915527344,29.25,27.93000030517578,28.559999465942383,27.35285377502441,1578700
2009-10-28,VRSK,28.209999084472656,28.549999237060547,27.559999465942383,27.690000534057617,26.519628524780277,1153500
2009-10-28,VRSK,28.209999084472656,28.549999237060547,27.559999465942383,27.690000534057617,26.519628524780277,1153500
2009-10-29,VRSK,27.8799991607666,28.0,27.75,27.88999938964844,26.711179733276367,563500
2009-10-29,VRSK,27.8799991607666,28.0,27.75,27.88999938964844,26.711179733276367,563500
2009-10-30,VRSK,28.0,28.06999969482422,27.299999237060547,27.43000030517578,26.270620346069336,819600
2009-10-30,VRSK,28.0,28.06999969482422,27.299999237060547,27.43000030517578,26.270620346069336,819600
2009-11-02,VRSK,27.3799991607666,27.649999618530277,26.600000381469727,27.3700008392334,26.21315574645996,978000
2009-11-02,VRSK,27.3799991607666,27.649999618530277,26.600000381469727,27.3700008392334,26.21315574645996,978000
2009-11-03,VRSK,27.43000030517578,27.489999771118164,26.850000381469727,27.36000061035156,26.20358085632324,696500
2009-11-03,VRSK,27.43000030517578,27.489999771118164,26.850000381469727,27.36000061035156,26.20358085632324,696500
2009-11-04,VRSK,27.32999992370605,27.479999542236328,26.950000762939453,26.959999084472656,25.820486068725582,461200
2009-11-04,VRSK,27.32999992370605,27.479999542236328,26.950000762939453,26.959999084472656,25.820486068725582,461200
2009-11-05,VRSK,27.020000457763672,27.600000381469727,26.96999931335449,27.299999237060547,26.1461124420166,470400
2009-11-05,VRSK,27.020000457763672,27.600000381469727,26.96999931335449,27.299999237060547,26.1461124420166,470400
2009-11-06,VRSK,27.149999618530277,27.34000015258789,26.950000762939453,27.100000381469727,25.954566955566406,310800
2009-11-06,VRSK,27.149999618530277,27.34000015258789,26.950000762939453,27.100000381469727,25.954566955566406,310800
2009-11-09,VRSK,27.25,27.690000534057617,27.049999237060547,27.57999992370605,26.41427993774414,615600
2009-11-09,VRSK,27.25,27.690000534057617,27.049999237060547,27.57999992370605,26.41427993774414,615600
2009-11-10,VRSK,27.25,28.26000022888184,27.25,27.670000076293945,26.50047492980957,287300
2009-11-10,VRSK,27.25,28.26000022888184,27.25,27.670000076293945,26.50047492980957,287300
2009-11-11,VRSK,27.93000030517578,29.1200008392334,27.6299991607666,28.979999542236328,27.755109786987305,1174600
2009-11-11,VRSK,27.93000030517578,29.1200008392334,27.6299991607666,28.979999542236328,27.755109786987305,1174600
2009-11-12,VRSK,28.780000686645508,30.0,28.43000030517578,28.899999618530277,27.67848777770996,1211600
2009-11-12,VRSK,28.780000686645508,30.0,28.43000030517578,28.899999618530277,27.67848777770996,1211600
2009-11-13,VRSK,28.780000686645508,29.07999992370605,28.51000022888184,28.899999618530277,27.67848777770996,414900
2009-11-13,VRSK,28.780000686645508,29.07999992370605,28.51000022888184,28.899999618530277,27.67848777770996,414900
2009-11-16,VRSK,28.75,29.01000022888184,28.25,28.850000381469727,27.630599975585938,1424300
2009-11-16,VRSK,28.75,29.01000022888184,28.25,28.850000381469727,27.630599975585938,1424300
2009-11-17,VRSK,28.549999237060547,28.959999084472656,27.399999618530277,27.850000381469727,26.672866821289062,2496000
2009-11-17,VRSK,28.549999237060547,28.959999084472656,27.399999618530277,27.850000381469727,26.672866821289062,2496000
2009-11-18,VRSK,28.38999938964844,29.0,28.15999984741211,28.5,27.295394897460938,730900
2009-11-18,VRSK,28.38999938964844,29.0,28.15999984741211,28.5,27.295394897460938,730900
2009-11-19,VRSK,28.809999465942383,28.88999938964844,27.940000534057617,28.540000915527344,27.33370780944824,1223600
2009-11-19,VRSK,28.809999465942383,28.88999938964844,27.940000534057617,28.540000915527344,27.33370780944824,1223600
2009-11-20,VRSK,28.5,28.63999938964844,28.420000076293945,28.549999237060547,27.34327888488769,875700
2009-11-20,VRSK,28.5,28.63999938964844,28.420000076293945,28.549999237060547,27.34327888488769,875700
2009-11-23,VRSK,28.68000030517578,28.68000030517578,27.670000076293945,28.399999618530277,27.19961929321289,447600
2009-11-23,VRSK,28.68000030517578,28.68000030517578,27.670000076293945,28.399999618530277,27.19961929321289,447600
2009-11-24,VRSK,28.18000030517578,28.18000030517578,27.649999618530277,27.780000686645508,26.6058292388916,685400
2009-11-24,VRSK,28.18000030517578,28.18000030517578,27.649999618530277,27.780000686645508,26.6058292388916,685400
2009-11-25,VRSK,27.71999931335449,27.809999465942383,27.170000076293945,27.299999237060547,26.1461124420166,892800
2009-11-25,VRSK,27.71999931335449,27.809999465942383,27.170000076293945,27.299999237060547,26.1461124420166,892800
2009-11-27,VRSK,26.959999084472656,27.18000030517578,26.65999984741211,26.989999771118164,25.84921646118164,264600
2009-11-27,VRSK,26.959999084472656,27.18000030517578,26.65999984741211,26.989999771118164,25.84921646118164,264600
2009-11-30,VRSK,27.34000015258789,27.399999618530277,26.729999542236328,26.90999984741211,25.77259826660156,888700
2009-11-30,VRSK,27.34000015258789,27.399999618530277,26.729999542236328,26.90999984741211,25.77259826660156,888700
2009-12-01,VRSK,26.90999984741211,28.049999237060547,26.90999984741211,27.780000686645508,26.6058292388916,617200
2009-12-01,VRSK,26.90999984741211,28.049999237060547,26.90999984741211,27.780000686645508,26.6058292388916,617200
2009-12-02,VRSK,27.76000022888184,27.809999465942383,27.350000381469727,27.51000022888184,26.34723854064941,820900
2009-12-02,VRSK,27.76000022888184,27.809999465942383,27.350000381469727,27.51000022888184,26.34723854064941,820900
2009-12-03,VRSK,27.809999465942383,27.940000534057617,27.5,27.71999931335449,26.54836082458496,491800
2009-12-03,VRSK,27.809999465942383,27.940000534057617,27.5,27.71999931335449,26.54836082458496,491800
2009-12-04,VRSK,27.850000381469727,28.440000534057617,27.850000381469727,28.43000030517578,27.228351593017575,535500
2009-12-04,VRSK,27.850000381469727,28.440000534057617,27.850000381469727,28.43000030517578,27.228351593017575,535500
2009-12-07,VRSK,28.200000762939453,28.979999542236328,27.940000534057617,28.739999771118164,27.52524948120117,361500
2009-12-07,VRSK,28.200000762939453,28.979999542236328,27.940000534057617,28.739999771118164,27.52524948120117,361500
2009-12-08,VRSK,28.40999984741211,28.920000076293945,27.899999618530277,28.61000061035156,27.40074348449707,398200
2009-12-08,VRSK,28.40999984741211,28.920000076293945,27.899999618530277,28.61000061035156,27.40074348449707,398200
2009-12-09,VRSK,28.32999992370605,28.700000762939453,28.18000030517578,28.649999618530277,27.43905258178711,449600
2009-12-09,VRSK,28.32999992370605,28.700000762939453,28.18000030517578,28.649999618530277,27.43905258178711,449600
2009-12-10,VRSK,28.56999969482422,28.700000762939453,28.1299991607666,28.399999618530277,27.19961929321289,435200
2009-12-10,VRSK,28.56999969482422,28.700000762939453,28.1299991607666,28.399999618530277,27.19961929321289,435200
2009-12-11,VRSK,28.020000457763672,28.809999465942383,28.0,28.65999984741211,27.44862937927246,590700
2009-12-11,VRSK,28.020000457763672,28.809999465942383,28.0,28.65999984741211,27.44862937927246,590700
2009-12-14,VRSK,28.559999465942383,29.040000915527344,28.559999465942383,28.989999771118164,27.76468276977539,502300
2009-12-14,VRSK,28.559999465942383,29.040000915527344,28.559999465942383,28.989999771118164,27.76468276977539,502300
2009-12-15,VRSK,28.93000030517578,29.46999931335449,28.770000457763672,29.299999237060547,28.06157684326172,891900
2009-12-15,VRSK,28.93000030517578,29.46999931335449,28.770000457763672,29.299999237060547,28.06157684326172,891900
2009-12-16,VRSK,29.270000457763672,30.96999931335449,29.149999618530277,30.38999938964844,29.10550880432129,1572400
2009-12-16,VRSK,29.270000457763672,30.96999931335449,29.149999618530277,30.38999938964844,29.10550880432129,1572400
2009-12-17,VRSK,30.25,30.63999938964844,30.0,30.399999618530277,29.115089416503903,929200
2009-12-17,VRSK,30.25,30.63999938964844,30.0,30.399999618530277,29.115089416503903,929200
2009-12-18,VRSK,30.3799991607666,31.0,29.729999542236328,30.559999465942383,29.268320083618164,8298500
2009-12-18,VRSK,30.3799991607666,31.0,29.729999542236328,30.559999465942383,29.268320083618164,8298500
2009-12-21,VRSK,30.780000686645508,30.780000686645508,29.88999938964844,30.5,29.210861206054688,885900
2009-12-21,VRSK,30.780000686645508,30.780000686645508,29.88999938964844,30.5,29.210861206054688,885900
2009-12-22,VRSK,30.34000015258789,30.850000381469727,30.100000381469727,30.57999992370605,29.2874813079834,420900
2009-12-22,VRSK,30.34000015258789,30.850000381469727,30.100000381469727,30.57999992370605,29.2874813079834,420900
2009-12-23,VRSK,30.68000030517578,30.940000534057617,30.209999084472656,30.68000030517578,29.383249282836918,845700
2009-12-23,VRSK,30.68000030517578,30.940000534057617,30.209999084472656,30.68000030517578,29.383249282836918,845700
2009-12-24,VRSK,30.790000915527344,31.18000030517578,30.68000030517578,30.799999237060547,29.49817657470703,170800
2009-12-24,VRSK,30.790000915527344,31.18000030517578,30.68000030517578,30.799999237060547,29.49817657470703,170800
2009-12-28,VRSK,30.88999938964844,31.1200008392334,30.6200008392334,30.959999084472656,29.65141487121582,250100
2009-12-28,VRSK,30.88999938964844,31.1200008392334,30.6200008392334,30.959999084472656,29.65141487121582,250100
2009-12-29,VRSK,30.920000076293945,31.13999938964844,30.700000762939453,31.0,29.68972587585449,283400
2009-12-29,VRSK,30.920000076293945,31.13999938964844,30.700000762939453,31.0,29.68972587585449,283400
2009-12-30,VRSK,30.90999984741211,31.0,30.450000762939453,31.0,29.68972587585449,175200
2009-12-30,VRSK,30.90999984741211,31.0,30.450000762939453,31.0,29.68972587585449,175200
2009-12-31,VRSK,30.86000061035156,31.0,30.209999084472656,30.280000686645508,29.000158309936523,154600
2009-12-31,VRSK,30.86000061035156,31.0,30.209999084472656,30.280000686645508,29.000158309936523,154600
2010-01-04,VRSK,30.40999984741211,30.5,29.670000076293945,29.850000381469727,28.58833122253418,390000
2010-01-04,VRSK,30.40999984741211,30.5,29.670000076293945,29.850000381469727,28.58833122253418,390000
2010-01-05,VRSK,29.850000381469727,30.06999969482422,29.489999771118164,30.049999237060547,28.779878616333008,430000
2010-01-05,VRSK,29.850000381469727,30.06999969482422,29.489999771118164,30.049999237060547,28.779878616333008,430000
2010-01-06,VRSK,30.0,30.8700008392334,30.0,30.440000534057617,29.153396606445312,848900
2010-01-06,VRSK,30.0,30.8700008392334,30.0,30.440000534057617,29.153396606445312,848900
2010-01-07,VRSK,30.36000061035156,30.68000030517578,29.799999237060547,30.38999938964844,29.10550880432129,426600
2010-01-07,VRSK,30.36000061035156,30.68000030517578,29.799999237060547,30.38999938964844,29.10550880432129,426600
2010-01-08,VRSK,30.209999084472656,30.270000457763672,29.979999542236328,30.0,28.73199462890625,253200
2010-01-08,VRSK,30.209999084472656,30.270000457763672,29.979999542236328,30.0,28.73199462890625,253200
2010-01-11,VRSK,30.030000686645508,30.11000061035156,29.75,29.93000030517578,28.66495513916016,676500
2010-01-11,VRSK,30.030000686645508,30.11000061035156,29.75,29.93000030517578,28.66495513916016,676500
2010-01-12,VRSK,29.989999771118164,30.3799991607666,29.84000015258789,30.15999984741211,28.885231018066406,742000
2010-01-12,VRSK,29.989999771118164,30.3799991607666,29.84000015258789,30.15999984741211,28.885231018066406,742000
2010-01-13,VRSK,30.100000381469727,30.290000915527344,30.100000381469727,30.149999618530277,28.87564849853516,394400
2010-01-13,VRSK,30.100000381469727,30.290000915527344,30.100000381469727,30.149999618530277,28.87564849853516,394400
2010-01-14,VRSK,30.09000015258789,30.100000381469727,29.88999938964844,29.90999984741211,28.645795822143555,301100
2010-01-14,VRSK,30.09000015258789,30.100000381469727,29.88999938964844,29.90999984741211,28.645795822143555,301100
2010-01-15,VRSK,29.770000457763672,29.920000076293945,28.65999984741211,28.950000762939453,27.726375579833984,766000
2010-01-15,VRSK,29.770000457763672,29.920000076293945,28.65999984741211,28.950000762939453,27.726375579833984,766000
2010-01-19,VRSK,28.84000015258789,28.84000015258789,27.809999465942383,27.950000762939453,26.76864242553711,1531700
2010-01-19,VRSK,28.84000015258789,28.84000015258789,27.809999465942383,27.950000762939453,26.76864242553711,1531700
2010-01-20,VRSK,27.809999465942383,28.100000381469727,27.690000534057617,27.989999771118164,26.80694961547852,957600
2010-01-20,VRSK,27.809999465942383,28.100000381469727,27.690000534057617,27.989999771118164,26.80694961547852,957600
2010-01-21,VRSK,27.989999771118164,28.399999618530277,27.90999984741211,28.040000915527344,26.854835510253903,681800
2010-01-21,VRSK,27.989999771118164,28.399999618530277,27.90999984741211,28.040000915527344,26.854835510253903,681800
2010-01-22,VRSK,28.200000762939453,28.3700008392334,27.93000030517578,28.01000022888184,26.82610511779785,595600
2010-01-22,VRSK,28.200000762939453,28.3700008392334,27.93000030517578,28.01000022888184,26.82610511779785,595600
2010-01-25,VRSK,27.979999542236328,28.239999771118164,27.90999984741211,27.950000762939453,26.76864242553711,256500
2010-01-25,VRSK,27.979999542236328,28.239999771118164,27.90999984741211,27.950000762939453,26.76864242553711,256500
2010-01-26,VRSK,27.82999992370605,28.75,27.82999992370605,28.350000381469727,27.1517333984375,302600
2010-01-26,VRSK,27.82999992370605,28.75,27.82999992370605,28.350000381469727,27.1517333984375,302600
2010-01-27,VRSK,28.229999542236328,29.239999771118164,28.01000022888184,28.899999618530277,27.67848777770996,475200
2010-01-27,VRSK,28.229999542236328,29.239999771118164,28.01000022888184,28.899999618530277,27.67848777770996,475200
2010-01-28,VRSK,28.75,29.030000686645508,28.56999969482422,28.770000457763672,27.55398368835449,495200
2010-01-28,VRSK,28.75,29.030000686645508,28.56999969482422,28.770000457763672,27.55398368835449,495200
2010-01-29,VRSK,28.82999992370605,28.899999618530277,28.0,28.1200008392334,26.931459426879883,389800
2010-01-29,VRSK,28.82999992370605,28.899999618530277,28.0,28.1200008392334,26.931459426879883,389800
2010-02-01,VRSK,28.209999084472656,28.459999084472656,28.200000762939453,28.40999984741211,27.20919609069824,400800
2010-02-01,VRSK,28.209999084472656,28.459999084472656,28.200000762939453,28.40999984741211,27.20919609069824,400800
2010-02-02,VRSK,28.38999938964844,28.59000015258789,27.899999618530277,27.959999084472656,26.77820587158203,536200
2010-02-02,VRSK,28.38999938964844,28.59000015258789,27.899999618530277,27.959999084472656,26.77820587158203,536200
2010-02-03,VRSK,27.959999084472656,28.1299991607666,27.899999618530277,27.989999771118164,26.80694961547852,309300
2010-02-03,VRSK,27.959999084472656,28.1299991607666,27.899999618530277,27.989999771118164,26.80694961547852,309300
2010-02-04,VRSK,27.93000030517578,27.940000534057617,27.709999084472656,27.75,26.57710075378418,617700
2010-02-04,VRSK,27.93000030517578,27.940000534057617,27.709999084472656,27.75,26.57710075378418,617700
2010-02-05,VRSK,27.75,27.81999969482422,26.649999618530277,27.700000762939453,26.52920913696289,645500
2010-02-05,VRSK,27.75,27.81999969482422,26.649999618530277,27.700000762939453,26.52920913696289,645500
2010-02-08,VRSK,27.729999542236328,27.90999984741211,27.3799991607666,27.6299991607666,26.46216583251953,632500
2010-02-08,VRSK,27.729999542236328,27.90999984741211,27.3799991607666,27.6299991607666,26.46216583251953,632500
2010-02-09,VRSK,27.57999992370605,28.100000381469727,27.57999992370605,27.84000015258789,26.663291931152344,1451000
2010-02-09,VRSK,27.57999992370605,28.100000381469727,27.57999992370605,27.84000015258789,26.663291931152344,1451000
2010-02-10,VRSK,27.959999084472656,28.09000015258789,27.51000022888184,27.84000015258789,26.663291931152344,496600
2010-02-10,VRSK,27.959999084472656,28.09000015258789,27.51000022888184,27.84000015258789,26.663291931152344,496600
2010-02-11,VRSK,27.700000762939453,28.18000030517578,27.700000762939453,28.020000457763672,26.835681915283203,346900
2010-02-11,VRSK,27.700000762939453,28.18000030517578,27.700000762939453,28.020000457763672,26.835681915283203,346900
2010-02-12,VRSK,27.709999084472656,28.38999938964844,27.530000686645508,28.309999465942383,27.11342430114746,875600
2010-02-12,VRSK,27.709999084472656,28.38999938964844,27.530000686645508,28.309999465942383,27.11342430114746,875600
2010-02-16,VRSK,28.100000381469727,28.40999984741211,27.950000762939453,28.25,27.05596351623535,213500
2010-02-16,VRSK,28.100000381469727,28.40999984741211,27.950000762939453,28.25,27.05596351623535,213500
2010-02-17,VRSK,28.06999969482422,28.299999237060547,27.850000381469727,27.940000534057617,26.75905990600586,456100
2010-02-17,VRSK,28.06999969482422,28.299999237060547,27.850000381469727,27.940000534057617,26.75905990600586,456100
2010-02-18,VRSK,27.770000457763672,28.100000381469727,27.65999984741211,28.0,26.816524505615234,613800
2010-02-18,VRSK,27.770000457763672,28.100000381469727,27.65999984741211,28.0,26.816524505615234,613800
2010-02-19,VRSK,27.82999992370605,28.229999542236328,27.82999992370605,28.01000022888184,26.82610511779785,152500
2010-02-19,VRSK,27.82999992370605,28.229999542236328,27.82999992370605,28.01000022888184,26.82610511779785,152500
2010-02-22,VRSK,28.0,28.420000076293945,27.88999938964844,28.239999771118164,27.046390533447266,290500
2010-02-22,VRSK,28.0,28.420000076293945,27.88999938964844,28.239999771118164,27.046390533447266,290500
2010-02-23,VRSK,28.420000076293945,28.420000076293945,27.81999969482422,28.01000022888184,26.82610511779785,390400
2010-02-23,VRSK,28.420000076293945,28.420000076293945,27.81999969482422,28.01000022888184,26.82610511779785,390400
2010-02-24,VRSK,27.989999771118164,28.0,27.8799991607666,27.959999084472656,26.77820587158203,263000
2010-02-24,VRSK,27.989999771118164,28.0,27.8799991607666,27.959999084472656,26.77820587158203,263000
2010-02-25,VRSK,27.82999992370605,28.059999465942383,27.82999992370605,27.979999542236328,26.7973690032959,328900
2010-02-25,VRSK,27.82999992370605,28.059999465942383,27.82999992370605,27.979999542236328,26.7973690032959,328900
2010-02-26,VRSK,28.07999992370605,28.299999237060547,27.959999084472656,28.299999237060547,27.10384750366211,632800
2010-02-26,VRSK,28.07999992370605,28.299999237060547,27.959999084472656,28.299999237060547,27.10384750366211,632800
2010-03-01,VRSK,28.459999084472656,28.739999771118164,28.21999931335449,28.399999618530277,27.19961929321289,321800
2010-03-01,VRSK,28.459999084472656,28.739999771118164,28.21999931335449,28.399999618530277,27.19961929321289,321800
2010-03-02,VRSK,28.399999618530277,28.649999618530277,27.790000915527344,28.020000457763672,26.835681915283203,468000
2010-03-02,VRSK,28.399999618530277,28.649999618530277,27.790000915527344,28.020000457763672,26.835681915283203,468000
2010-03-03,VRSK,27.940000534057617,28.1299991607666,27.3700008392334,27.6299991607666,26.46216583251953,663200
2010-03-03,VRSK,27.940000534057617,28.1299991607666,27.3700008392334,27.6299991607666,26.46216583251953,663200
2010-03-04,VRSK,27.56999969482422,27.940000534057617,27.049999237060547,27.239999771118164,26.088645935058597,294700
2010-03-04,VRSK,27.56999969482422,27.940000534057617,27.049999237060547,27.239999771118164,26.088645935058597,294700
2010-03-05,VRSK,27.270000457763672,27.57999992370605,27.26000022888184,27.3799991607666,26.222732543945312,716400
2010-03-05,VRSK,27.270000457763672,27.57999992370605,27.26000022888184,27.3799991607666,26.222732543945312,716400
2010-03-08,VRSK,27.239999771118164,29.350000381469727,27.170000076293945,29.030000686645508,27.802993774414062,680100
2010-03-08,VRSK,27.239999771118164,29.350000381469727,27.170000076293945,29.030000686645508,27.802993774414062,680100
2010-03-09,VRSK,28.770000457763672,28.920000076293945,27.96999931335449,28.450000762939453,27.247509002685547,706800
2010-03-09,VRSK,28.770000457763672,28.920000076293945,27.96999931335449,28.450000762939453,27.247509002685547,706800
2010-03-10,VRSK,28.350000381469727,28.790000915527344,28.350000381469727,28.530000686645508,27.324125289916992,413000
2010-03-10,VRSK,28.350000381469727,28.790000915527344,28.350000381469727,28.530000686645508,27.324125289916992,413000
2010-03-11,VRSK,28.59000015258789,28.600000381469727,28.0,28.190000534057617,26.99850082397461,479100
2010-03-11,VRSK,28.59000015258789,28.600000381469727,28.0,28.190000534057617,26.99850082397461,479100
2010-03-12,VRSK,28.43000030517578,28.709999084472656,28.0,28.200000762939453,27.008075714111328,537800
2010-03-12,VRSK,28.43000030517578,28.709999084472656,28.0,28.200000762939453,27.008075714111328,537800
2010-03-15,VRSK,28.06999969482422,28.190000534057617,27.88999938964844,28.100000381469727,26.91230010986328,463300
2010-03-15,VRSK,28.06999969482422,28.190000534057617,27.88999938964844,28.100000381469727,26.91230010986328,463300
2010-03-16,VRSK,28.059999465942383,28.149999618530277,27.979999542236328,28.049999237060547,26.86441421508789,623800
2010-03-16,VRSK,28.059999465942383,28.149999618530277,27.979999542236328,28.049999237060547,26.86441421508789,623800
2010-03-17,VRSK,28.149999618530277,28.149999618530277,28.0,28.01000022888184,26.82610511779785,415200
2010-03-17,VRSK,28.149999618530277,28.149999618530277,28.0,28.01000022888184,26.82610511779785,415200
2010-03-18,VRSK,28.01000022888184,28.5,28.0,28.3700008392334,27.170886993408203,232800
2010-03-18,VRSK,28.01000022888184,28.5,28.0,28.3700008392334,27.170886993408203,232800
2010-03-19,VRSK,28.290000915527344,28.530000686645508,27.780000686645508,28.290000915527344,27.09427261352539,462000
2010-03-19,VRSK,28.290000915527344,28.530000686645508,27.780000686645508,28.290000915527344,27.09427261352539,462000
2010-03-22,VRSK,28.21999931335449,28.770000457763672,28.13999938964844,28.200000762939453,27.008075714111328,253800
2010-03-22,VRSK,28.21999931335449,28.770000457763672,28.13999938964844,28.200000762939453,27.008075714111328,253800
2010-03-23,VRSK,28.049999237060547,28.420000076293945,27.809999465942383,28.0,26.816524505615234,341500
2010-03-23,VRSK,28.049999237060547,28.420000076293945,27.809999465942383,28.0,26.816524505615234,341500
2010-03-24,VRSK,28.0,28.26000022888184,27.81999969482422,28.020000457763672,26.835681915283203,628600
2010-03-24,VRSK,28.0,28.26000022888184,27.81999969482422,28.020000457763672,26.835681915283203,628600
2010-03-25,VRSK,28.06999969482422,28.440000534057617,27.920000076293945,28.0,26.816524505615234,230300
2010-03-25,VRSK,28.06999969482422,28.440000534057617,27.920000076293945,28.0,26.816524505615234,230300
2010-03-26,VRSK,28.020000457763672,28.1299991607666,27.96999931335449,28.06999969482422,26.88357353210449,314300
2010-03-26,VRSK,28.020000457763672,28.1299991607666,27.96999931335449,28.06999969482422,26.88357353210449,314300
2010-03-29,VRSK,28.059999465942383,28.229999542236328,27.75,28.0,26.816524505615234,317000
2010-03-29,VRSK,28.059999465942383,28.229999542236328,27.75,28.0,26.816524505615234,317000
2010-03-30,VRSK,28.11000061035156,28.21999931335449,27.84000015258789,27.90999984741211,26.730329513549805,732900
2010-03-30,VRSK,28.11000061035156,28.21999931335449,27.84000015258789,27.90999984741211,26.730329513549805,732900
2010-03-31,VRSK,27.93000030517578,28.36000061035156,27.93000030517578,28.200000762939453,27.008075714111328,480200
2010-03-31,VRSK,27.93000030517578,28.36000061035156,27.93000030517578,28.200000762939453,27.008075714111328,480200
2010-04-01,VRSK,28.25,28.420000076293945,27.8700008392334,27.989999771118164,26.80694961547852,537000
2010-04-01,VRSK,28.25,28.420000076293945,27.8700008392334,27.989999771118164,26.80694961547852,537000
2010-04-05,VRSK,27.68000030517578,28.059999465942383,27.530000686645508,27.88999938964844,26.711179733276367,406400
2010-04-05,VRSK,27.68000030517578,28.059999465942383,27.530000686645508,27.88999938964844,26.711179733276367,406400
2010-04-06,VRSK,27.71999931335449,28.190000534057617,27.59000015258789,28.15999984741211,26.96976661682129,543700
2010-04-06,VRSK,27.71999931335449,28.190000534057617,27.59000015258789,28.15999984741211,26.96976661682129,543700
2010-04-07,VRSK,28.020000457763672,28.18000030517578,27.520000457763672,27.809999465942383,26.63455581665039,548500
2010-04-07,VRSK,28.020000457763672,28.18000030517578,27.520000457763672,27.809999465942383,26.63455581665039,548500
2010-04-08,VRSK,27.65999984741211,27.93000030517578,27.520000457763672,27.649999618530277,26.481321334838867,318300
2010-04-08,VRSK,27.65999984741211,27.93000030517578,27.520000457763672,27.649999618530277,26.481321334838867,318300
2010-04-09,VRSK,27.809999465942383,28.09000015258789,27.63999938964844,27.979999542236328,26.7973690032959,411400
2010-04-09,VRSK,27.809999465942383,28.09000015258789,27.63999938964844,27.979999542236328,26.7973690032959,411400
2010-04-12,VRSK,27.8799991607666,28.290000915527344,27.770000457763672,28.040000915527344,26.854835510253903,181300
2010-04-12,VRSK,27.8799991607666,28.290000915527344,27.770000457763672,28.040000915527344,26.854835510253903,181300
2010-04-13,VRSK,28.0,28.34000015258789,27.989999771118164,28.06999969482422,26.88357353210449,938700
2010-04-13,VRSK,28.0,28.34000015258789,27.989999771118164,28.06999969482422,26.88357353210449,938700
2010-04-14,VRSK,28.020000457763672,28.63999938964844,28.020000457763672,28.559999465942383,27.35285377502441,1019800
2010-04-14,VRSK,28.020000457763672,28.63999938964844,28.020000457763672,28.559999465942383,27.35285377502441,1019800
2010-04-15,VRSK,28.38999938964844,28.520000457763672,28.1299991607666,28.190000534057617,26.99850082397461,438900
2010-04-15,VRSK,28.38999938964844,28.520000457763672,28.1299991607666,28.190000534057617,26.99850082397461,438900
2010-04-16,VRSK,28.059999465942383,28.200000762939453,28.0,28.020000457763672,26.835681915283203,356700
2010-04-16,VRSK,28.059999465942383,28.200000762939453,28.0,28.020000457763672,26.835681915283203,356700
2010-04-19,VRSK,28.020000457763672,28.489999771118164,27.899999618530277,28.239999771118164,27.046390533447266,295500
2010-04-19,VRSK,28.020000457763672,28.489999771118164,27.899999618530277,28.239999771118164,27.046390533447266,295500
2010-04-20,VRSK,28.32999992370605,28.729999542236328,28.190000534057617,28.290000915527344,27.09427261352539,177100
2010-04-20,VRSK,28.32999992370605,28.729999542236328,28.190000534057617,28.290000915527344,27.09427261352539,177100
2010-04-21,VRSK,28.36000061035156,28.600000381469727,28.0,28.15999984741211,26.96976661682129,406100
2010-04-21,VRSK,28.36000061035156,28.600000381469727,28.0,28.15999984741211,26.96976661682129,406100
2010-04-22,VRSK,28.01000022888184,28.36000061035156,28.0,28.200000762939453,27.008075714111328,225800
2010-04-22,VRSK,28.01000022888184,28.36000061035156,28.0,28.200000762939453,27.008075714111328,225800
2010-04-23,VRSK,28.07999992370605,28.38999938964844,28.059999465942383,28.309999465942383,27.11342430114746,211700
2010-04-23,VRSK,28.07999992370605,28.38999938964844,28.059999465942383,28.309999465942383,27.11342430114746,211700
2010-04-26,VRSK,28.209999084472656,28.63999938964844,28.209999084472656,28.559999465942383,27.35285377502441,344800
2010-04-26,VRSK,28.209999084472656,28.63999938964844,28.209999084472656,28.559999465942383,27.35285377502441,344800
2010-04-27,VRSK,28.530000686645508,28.600000381469727,28.290000915527344,28.51000022888184,27.304969787597656,221200
2010-04-27,VRSK,28.530000686645508,28.600000381469727,28.290000915527344,28.51000022888184,27.304969787597656,221200
2010-04-28,VRSK,28.32999992370605,28.32999992370605,27.75,27.799999237060547,26.62497901916504,518600
2010-04-28,VRSK,28.32999992370605,28.32999992370605,27.75,27.799999237060547,26.62497901916504,518600
2010-04-29,VRSK,27.86000061035156,28.06999969482422,27.690000534057617,28.030000686645508,26.845258712768555,532000
2010-04-29,VRSK,27.86000061035156,28.06999969482422,27.690000534057617,28.030000686645508,26.845258712768555,532000
2010-04-30,VRSK,27.920000076293945,28.729999542236328,27.920000076293945,28.020000457763672,26.835681915283203,269600
2010-04-30,VRSK,27.920000076293945,28.729999542236328,27.920000076293945,28.020000457763672,26.835681915283203,269600
2010-05-03,VRSK,27.899999618530277,28.239999771118164,27.790000915527344,28.149999618530277,26.96018409729004,530400
2010-05-03,VRSK,27.899999618530277,28.239999771118164,27.790000915527344,28.149999618530277,26.96018409729004,530400
2010-05-04,VRSK,28.020000457763672,28.459999084472656,27.940000534057617,28.350000381469727,27.1517333984375,471600
2010-05-04,VRSK,28.020000457763672,28.459999084472656,27.940000534057617,28.350000381469727,27.1517333984375,471600
2010-05-05,VRSK,28.07999992370605,28.559999465942383,28.0,28.299999237060547,27.10384750366211,423100
2010-05-05,VRSK,28.07999992370605,28.559999465942383,28.0,28.299999237060547,27.10384750366211,423100
2010-05-06,VRSK,28.200000762939453,28.450000762939453,27.780000686645508,27.989999771118164,26.80694961547852,604500
2010-05-06,VRSK,28.200000762939453,28.450000762939453,27.780000686645508,27.989999771118164,26.80694961547852,604500
2010-05-07,VRSK,27.780000686645508,28.229999542236328,27.459999084472656,27.71999931335449,26.54836082458496,1907800
2010-05-07,VRSK,27.780000686645508,28.229999542236328,27.459999084472656,27.71999931335449,26.54836082458496,1907800
2010-05-10,VRSK,28.479999542236328,28.489999771118164,27.649999618530277,27.82999992370605,26.65371322631836,889100
2010-05-10,VRSK,28.479999542236328,28.489999771118164,27.649999618530277,27.82999992370605,26.65371322631836,889100
2010-05-11,VRSK,27.670000076293945,28.51000022888184,27.559999465942383,28.459999084472656,27.257081985473636,584200
2010-05-11,VRSK,27.670000076293945,28.51000022888184,27.559999465942383,28.459999084472656,27.257081985473636,584200
2010-05-12,VRSK,28.850000381469727,30.31999969482422,28.31999969482422,29.920000076293945,28.655378341674805,2098900
2010-05-12,VRSK,28.850000381469727,30.31999969482422,28.31999969482422,29.920000076293945,28.655378341674805,2098900
2010-05-13,VRSK,29.65999984741211,31.479999542236328,29.549999237060547,30.299999237060547,29.019311904907227,1505400
2010-05-13,VRSK,29.65999984741211,31.479999542236328,29.549999237060547,30.299999237060547,29.019311904907227,1505400
2010-05-14,VRSK,30.18000030517578,30.940000534057617,30.100000381469727,30.82999992370605,29.526912689208984,1102700
2010-05-14,VRSK,30.18000030517578,30.940000534057617,30.100000381469727,30.82999992370605,29.526912689208984,1102700
2010-05-17,VRSK,30.780000686645508,31.75,30.530000686645508,30.75,29.45029640197754,1406200
2010-05-17,VRSK,30.780000686645508,31.75,30.530000686645508,30.75,29.45029640197754,1406200
2010-05-18,VRSK,30.799999237060547,31.149999618530277,30.11000061035156,30.299999237060547,29.019311904907227,1480700
2010-05-18,VRSK,30.799999237060547,31.149999618530277,30.11000061035156,30.299999237060547,29.019311904907227,1480700
2010-05-19,VRSK,30.040000915527344,30.489999771118164,29.600000381469727,29.989999771118164,28.722421646118164,735000
2010-05-19,VRSK,30.040000915527344,30.489999771118164,29.600000381469727,29.989999771118164,28.722421646118164,735000
2010-05-20,VRSK,29.46999931335449,30.280000686645508,28.96999931335449,29.239999771118164,28.004119873046875,572200
2010-05-20,VRSK,29.46999931335449,30.280000686645508,28.96999931335449,29.239999771118164,28.004119873046875,572200
2010-05-21,VRSK,28.8799991607666,29.26000022888184,28.459999084472656,29.01000022888184,27.783836364746094,1018600
2010-05-21,VRSK,28.8799991607666,29.26000022888184,28.459999084472656,29.01000022888184,27.783836364746094,1018600
2010-05-24,VRSK,28.809999465942383,29.729999542236328,28.809999465942383,29.229999542236328,27.99454116821289,964300
2010-05-24,VRSK,28.809999465942383,29.729999542236328,28.809999465942383,29.229999542236328,27.99454116821289,964300
2010-05-25,VRSK,28.6200008392334,29.729999542236328,28.420000076293945,29.729999542236328,28.47340583801269,1114400
2010-05-25,VRSK,28.6200008392334,29.729999542236328,28.420000076293945,29.729999542236328,28.47340583801269,1114400
2010-05-26,VRSK,30.049999237060547,30.209999084472656,29.01000022888184,29.25,28.013694763183597,4949700
2010-05-26,VRSK,30.049999237060547,30.209999084472656,29.01000022888184,29.25,28.013694763183597,4949700
2010-05-27,VRSK,29.450000762939453,29.93000030517578,29.31999969482422,29.76000022888184,28.502138137817383,736200
2010-05-27,VRSK,29.450000762939453,29.93000030517578,29.31999969482422,29.76000022888184,28.502138137817383,736200
2010-05-28,VRSK,29.57999992370605,30.399999618530277,29.57999992370605,30.25,28.971424102783203,515900
2010-05-28,VRSK,29.57999992370605,30.399999618530277,29.57999992370605,30.25,28.971424102783203,515900
2010-06-01,VRSK,30.32999992370605,30.479999542236328,29.61000061035156,29.700000762939453,28.44467544555664,673000
2010-06-01,VRSK,30.32999992370605,30.479999542236328,29.61000061035156,29.700000762939453,28.44467544555664,673000
2010-06-02,VRSK,29.56999969482422,30.26000022888184,29.25,30.26000022888184,28.98099899291992,757500
2010-06-02,VRSK,29.56999969482422,30.26000022888184,29.25,30.26000022888184,28.98099899291992,757500
2010-06-03,VRSK,30.100000381469727,30.799999237060547,30.049999237060547,30.709999084472656,29.411983489990234,667300
2010-06-03,VRSK,30.100000381469727,30.799999237060547,30.049999237060547,30.709999084472656,29.411983489990234,667300
2010-06-04,VRSK,30.280000686645508,30.5,29.90999984741211,30.020000457763672,28.75114631652832,896100
2010-06-04,VRSK,30.280000686645508,30.5,29.90999984741211,30.020000457763672,28.75114631652832,896100
2010-06-07,VRSK,30.06999969482422,30.57999992370605,29.559999465942383,29.57999992370605,28.32975006103516,692100
2010-06-07,VRSK,30.06999969482422,30.57999992370605,29.559999465942383,29.57999992370605,28.32975006103516,692100
2010-06-08,VRSK,29.489999771118164,29.729999542236328,29.31999969482422,29.57999992370605,28.32975006103516,935700
2010-06-08,VRSK,29.489999771118164,29.729999542236328,29.31999969482422,29.57999992370605,28.32975006103516,935700
2010-06-09,VRSK,29.809999465942383,29.989999771118164,28.850000381469727,28.950000762939453,27.726375579833984,791200
2010-06-09,VRSK,29.809999465942383,29.989999771118164,28.850000381469727,28.950000762939453,27.726375579833984,791200
2010-06-10,VRSK,29.209999084472656,29.540000915527344,28.81999969482422,29.46999931335449,28.224388122558597,640900
2010-06-10,VRSK,29.209999084472656,29.540000915527344,28.81999969482422,29.46999931335449,28.224388122558597,640900
2010-06-11,VRSK,29.200000762939453,29.61000061035156,29.200000762939453,29.549999237060547,28.301010131835938,234800
2010-06-11,VRSK,29.200000762939453,29.61000061035156,29.200000762939453,29.549999237060547,28.301010131835938,234800
2010-06-14,VRSK,29.649999618530277,30.520000457763672,29.559999465942383,30.399999618530277,29.115089416503903,424700
2010-06-14,VRSK,29.649999618530277,30.520000457763672,29.559999465942383,30.399999618530277,29.115089416503903,424700
2010-06-15,VRSK,30.5,30.65999984741211,29.65999984741211,30.530000686645508,29.23959350585937,688400
2010-06-15,VRSK,30.5,30.65999984741211,29.65999984741211,30.530000686645508,29.23959350585937,688400
2010-06-16,VRSK,30.34000015258789,30.46999931335449,30.1200008392334,30.21999931335449,28.94269180297852,390900
2010-06-16,VRSK,30.34000015258789,30.46999931335449,30.1200008392334,30.21999931335449,28.94269180297852,390900
2010-06-17,VRSK,30.40999984741211,30.600000381469727,30.190000534057617,30.350000381469727,29.06719970703125,279900
2010-06-17,VRSK,30.40999984741211,30.600000381469727,30.190000534057617,30.350000381469727,29.06719970703125,279900
2010-06-18,VRSK,30.399999618530277,30.5,30.200000762939453,30.399999618530277,29.115089416503903,332800
2010-06-18,VRSK,30.399999618530277,30.5,30.200000762939453,30.399999618530277,29.115089416503903,332800
2010-06-21,VRSK,30.5,30.600000381469727,29.88999938964844,29.96999931335449,28.70326232910156,223700
2010-06-21,VRSK,30.5,30.600000381469727,29.88999938964844,29.96999931335449,28.70326232910156,223700
2010-06-22,VRSK,30.13999938964844,30.780000686645508,30.13999938964844,30.65999984741211,29.364093780517575,797600
2010-06-22,VRSK,30.13999938964844,30.780000686645508,30.13999938964844,30.65999984741211,29.364093780517575,797600
2010-06-23,VRSK,30.5,30.56999969482422,30.01000022888184,30.3700008392334,29.08635139465332,468900
2010-06-23,VRSK,30.5,30.56999969482422,30.01000022888184,30.3700008392334,29.08635139465332,468900
2010-06-24,VRSK,30.31999969482422,30.479999542236328,30.100000381469727,30.1200008392334,28.846921920776367,211500
2010-06-24,VRSK,30.31999969482422,30.479999542236328,30.100000381469727,30.1200008392334,28.846921920776367,211500
2010-06-25,VRSK,30.11000061035156,30.93000030517578,30.11000061035156,30.93000030517578,29.622682571411133,1496400
2010-06-25,VRSK,30.11000061035156,30.93000030517578,30.11000061035156,30.93000030517578,29.622682571411133,1496400
2010-06-28,VRSK,30.809999465942383,31.11000061035156,30.559999465942383,30.81999969482422,29.517333984375,634400
2010-06-28,VRSK,30.809999465942383,31.11000061035156,30.559999465942383,30.81999969482422,29.517333984375,634400
2010-06-29,VRSK,30.399999618530277,30.76000022888184,29.63999938964844,29.700000762939453,28.44467544555664,295400
2010-06-29,VRSK,30.399999618530277,30.76000022888184,29.63999938964844,29.700000762939453,28.44467544555664,295400
2010-06-30,VRSK,29.59000015258789,30.520000457763672,29.5,29.899999618530277,28.63622093200684,503400
2010-06-30,VRSK,29.59000015258789,30.520000457763672,29.5,29.899999618530277,28.63622093200684,503400
2010-07-01,VRSK,29.950000762939453,30.34000015258789,29.600000381469727,30.200000762939453,28.92353630065918,664000
2010-07-01,VRSK,29.950000762939453,30.34000015258789,29.600000381469727,30.200000762939453,28.92353630065918,664000
2010-07-02,VRSK,30.459999084472656,30.71999931335449,29.93000030517578,30.1299991607666,28.85649681091309,386100
2010-07-02,VRSK,30.459999084472656,30.71999931335449,29.93000030517578,30.1299991607666,28.85649681091309,386100
2010-07-06,VRSK,30.350000381469727,30.350000381469727,29.76000022888184,30.049999237060547,28.779878616333008,471900
2010-07-06,VRSK,30.350000381469727,30.350000381469727,29.76000022888184,30.049999237060547,28.779878616333008,471900
2010-07-07,VRSK,30.049999237060547,30.049999237060547,29.350000381469727,29.57999992370605,28.32975006103516,344400
2010-07-07,VRSK,30.049999237060547,30.049999237060547,29.350000381469727,29.57999992370605,28.32975006103516,344400
2010-07-08,VRSK,29.57999992370605,29.700000762939453,29.399999618530277,29.40999984741211,28.166934967041016,393900
2010-07-08,VRSK,29.57999992370605,29.700000762939453,29.399999618530277,29.40999984741211,28.166934967041016,393900
2010-07-09,VRSK,29.36000061035156,29.780000686645508,29.11000061035156,29.3700008392334,28.128618240356445,335200
2010-07-09,VRSK,29.36000061035156,29.780000686645508,29.11000061035156,29.3700008392334,28.128618240356445,335200
2010-07-12,VRSK,29.21999931335449,29.799999237060547,29.149999618530277,29.190000534057617,27.95623207092285,358900
2010-07-12,VRSK,29.21999931335449,29.799999237060547,29.149999618530277,29.190000534057617,27.95623207092285,358900
2010-07-13,VRSK,29.40999984741211,29.40999984741211,28.809999465942383,29.209999084472656,27.97538375854492,860900
2010-07-13,VRSK,29.40999984741211,29.40999984741211,28.809999465942383,29.209999084472656,27.97538375854492,860900
2010-07-14,VRSK,29.25,29.3799991607666,28.96999931335449,29.309999465942383,28.071155548095703,500900
2010-07-14,VRSK,29.25,29.3799991607666,28.96999931335449,29.309999465942383,28.071155548095703,500900
2010-07-15,VRSK,29.229999542236328,29.459999084472656,28.940000534057617,29.0,27.774263381958008,427700
2010-07-15,VRSK,29.229999542236328,29.459999084472656,28.940000534057617,29.0,27.774263381958008,427700
2010-07-16,VRSK,28.899999618530277,29.25,28.75,28.850000381469727,27.630599975585938,483600
2010-07-16,VRSK,28.899999618530277,29.25,28.75,28.850000381469727,27.630599975585938,483600
2010-07-19,VRSK,28.799999237060547,29.049999237060547,28.63999938964844,28.75,27.53482437133789,402400
2010-07-19,VRSK,28.799999237060547,29.049999237060547,28.63999938964844,28.75,27.53482437133789,402400
2010-07-20,VRSK,28.520000457763672,28.86000061035156,28.420000076293945,28.799999237060547,27.58271598815918,396300
2010-07-20,VRSK,28.520000457763672,28.86000061035156,28.420000076293945,28.799999237060547,27.58271598815918,396300
2010-07-21,VRSK,28.850000381469727,29.270000457763672,28.40999984741211,28.530000686645508,27.324125289916992,749400
2010-07-21,VRSK,28.850000381469727,29.270000457763672,28.40999984741211,28.530000686645508,27.324125289916992,749400
2010-07-22,VRSK,28.670000076293945,28.8799991607666,28.6299991607666,28.790000915527344,27.57313537597656,170900
2010-07-22,VRSK,28.670000076293945,28.8799991607666,28.6299991607666,28.790000915527344,27.57313537597656,170900
2010-07-23,VRSK,28.8799991607666,29.600000381469727,28.86000061035156,29.450000762939453,28.20523834228516,359400
2010-07-23,VRSK,28.8799991607666,29.600000381469727,28.86000061035156,29.450000762939453,28.20523834228516,359400
2010-07-26,VRSK,29.5,30.149999618530277,29.1299991607666,29.979999542236328,28.71283721923828,325700
2010-07-26,VRSK,29.5,30.149999618530277,29.1299991607666,29.979999542236328,28.71283721923828,325700
2010-07-27,VRSK,30.0,30.09000015258789,29.5,29.600000381469727,28.34890365600586,187700
2010-07-27,VRSK,30.0,30.09000015258789,29.5,29.600000381469727,28.34890365600586,187700
2010-07-28,VRSK,29.420000076293945,29.68000030517578,28.989999771118164,29.1200008392334,27.889183044433597,270300
2010-07-28,VRSK,29.420000076293945,29.68000030517578,28.989999771118164,29.1200008392334,27.889183044433597,270300
2010-07-29,VRSK,29.200000762939453,29.600000381469727,28.940000534057617,29.13999938964844,27.908342361450195,150100
2010-07-29,VRSK,29.200000762939453,29.600000381469727,28.940000534057617,29.13999938964844,27.908342361450195,150100
2010-07-30,VRSK,28.93000030517578,29.82999992370605,28.75,29.690000534057617,28.43509292602539,277800
2010-07-30,VRSK,28.93000030517578,29.82999992370605,28.75,29.690000534057617,28.43509292602539,277800
2010-08-02,VRSK,30.01000022888184,30.06999969482422,29.270000457763672,29.38999938964844,28.14777565002441,374000
2010-08-02,VRSK,30.01000022888184,30.06999969482422,29.270000457763672,29.38999938964844,28.14777565002441,374000
2010-08-03,VRSK,29.40999984741211,29.57999992370605,28.76000022888184,28.81999969482422,27.60187149047852,291200
2010-08-03,VRSK,29.40999984741211,29.57999992370605,28.76000022888184,28.81999969482422,27.60187149047852,291200
2010-08-04,VRSK,28.850000381469727,29.530000686645508,28.850000381469727,29.43000030517578,28.18608856201172,126200
2010-08-04,VRSK,28.850000381469727,29.530000686645508,28.850000381469727,29.43000030517578,28.18608856201172,126200
2010-08-05,VRSK,28.75,28.959999084472656,27.799999237060547,28.600000381469727,27.39116859436035,829900
2010-08-05,VRSK,28.75,28.959999084472656,27.799999237060547,28.600000381469727,27.39116859436035,829900
2010-08-06,VRSK,28.38999938964844,29.0,27.799999237060547,28.5,27.295394897460938,1452300
2010-08-06,VRSK,28.38999938964844,29.0,27.799999237060547,28.5,27.295394897460938,1452300
2010-08-09,VRSK,28.5,28.68000030517578,28.420000076293945,28.46999931335449,27.26666259765625,331500
2010-08-09,VRSK,28.5,28.68000030517578,28.420000076293945,28.46999931335449,27.26666259765625,331500
2010-08-10,VRSK,28.21999931335449,28.540000915527344,28.030000686645508,28.420000076293945,27.218774795532227,320700
2010-08-10,VRSK,28.21999931335449,28.540000915527344,28.030000686645508,28.420000076293945,27.218774795532227,320700
2010-08-11,VRSK,28.100000381469727,30.299999237060547,28.020000457763672,28.3700008392334,27.170886993408203,675100
2010-08-11,VRSK,28.100000381469727,30.299999237060547,28.020000457763672,28.3700008392334,27.170886993408203,675100
2010-08-12,VRSK,28.020000457763672,28.989999771118164,28.0,28.34000015258789,27.14215850830078,375100
2010-08-12,VRSK,28.020000457763672,28.989999771118164,28.0,28.34000015258789,27.14215850830078,375100
2010-08-13,VRSK,28.170000076293945,28.3700008392334,28.15999984741211,28.309999465942383,27.11342430114746,265600
2010-08-13,VRSK,28.170000076293945,28.3700008392334,28.15999984741211,28.309999465942383,27.11342430114746,265600
2010-08-16,VRSK,28.13999938964844,28.65999984741211,28.0,28.200000762939453,27.008075714111328,517800
2010-08-16,VRSK,28.13999938964844,28.65999984741211,28.0,28.200000762939453,27.008075714111328,517800
2010-08-17,VRSK,28.25,28.5,28.0,28.399999618530277,27.19961929321289,312200
2010-08-17,VRSK,28.25,28.5,28.0,28.399999618530277,27.19961929321289,312200
2010-08-18,VRSK,28.270000457763672,28.479999542236328,28.0,28.190000534057617,26.99850082397461,276500
2010-08-18,VRSK,28.270000457763672,28.479999542236328,28.0,28.190000534057617,26.99850082397461,276500
2010-08-19,VRSK,28.18000030517578,28.399999618530277,27.96999931335449,28.31999969482422,27.12299919128418,290500
2010-08-19,VRSK,28.18000030517578,28.399999618530277,27.96999931335449,28.31999969482422,27.12299919128418,290500
2010-08-20,VRSK,28.18000030517578,28.5,28.06999969482422,28.46999931335449,27.26666259765625,296600
2010-08-20,VRSK,28.18000030517578,28.5,28.06999969482422,28.46999931335449,27.26666259765625,296600
2010-08-23,VRSK,28.459999084472656,28.5,27.809999465942383,27.959999084472656,26.77820587158203,204200
2010-08-23,VRSK,28.459999084472656,28.5,27.809999465942383,27.959999084472656,26.77820587158203,204200
2010-08-24,VRSK,28.0,28.32999992370605,28.0,28.0,26.816524505615234,230100
2010-08-24,VRSK,28.0,28.32999992370605,28.0,28.0,26.816524505615234,230100
2010-08-25,VRSK,27.8700008392334,28.21999931335449,27.700000762939453,27.770000457763672,26.59624290466309,365000
2010-08-25,VRSK,27.8700008392334,28.21999931335449,27.700000762939453,27.770000457763672,26.59624290466309,365000
2010-08-26,VRSK,27.700000762939453,27.920000076293945,27.399999618530277,27.600000381469727,26.43343734741211,251700
2010-08-26,VRSK,27.700000762939453,27.920000076293945,27.399999618530277,27.600000381469727,26.43343734741211,251700
2010-08-27,VRSK,27.600000381469727,28.290000915527344,27.420000076293945,27.920000076293945,26.739904403686523,329200
2010-08-27,VRSK,27.600000381469727,28.290000915527344,27.420000076293945,27.920000076293945,26.739904403686523,329200
2010-08-30,VRSK,27.670000076293945,28.21999931335449,27.670000076293945,27.75,26.57710075378418,227700
2010-08-30,VRSK,27.670000076293945,28.21999931335449,27.670000076293945,27.75,26.57710075378418,227700
2010-08-31,VRSK,27.700000762939453,28.06999969482422,27.420000076293945,27.81999969482422,26.644132614135746,579200
2010-08-31,VRSK,27.700000762939453,28.06999969482422,27.420000076293945,27.81999969482422,26.644132614135746,579200
2010-09-01,VRSK,27.82999992370605,28.25,27.81999969482422,28.13999938964844,26.950611114501957,738300
2010-09-01,VRSK,27.82999992370605,28.25,27.81999969482422,28.13999938964844,26.950611114501957,738300
2010-09-02,VRSK,28.040000915527344,28.489999771118164,28.0,28.3700008392334,27.170886993408203,400800
2010-09-02,VRSK,28.040000915527344,28.489999771118164,28.0,28.3700008392334,27.170886993408203,400800
2010-09-03,VRSK,28.43000030517578,28.43000030517578,28.1299991607666,28.149999618530277,26.96018409729004,318900
2010-09-03,VRSK,28.43000030517578,28.43000030517578,28.1299991607666,28.149999618530277,26.96018409729004,318900
2010-09-07,VRSK,28.049999237060547,28.3799991607666,27.809999465942383,27.86000061035156,26.68244171142578,320800
2010-09-07,VRSK,28.049999237060547,28.3799991607666,27.809999465942383,27.86000061035156,26.68244171142578,320800
2010-09-08,VRSK,27.84000015258789,28.020000457763672,27.530000686645508,27.559999465942383,26.395124435424805,249300
2010-09-08,VRSK,27.84000015258789,28.020000457763672,27.530000686645508,27.559999465942383,26.395124435424805,249300
2010-09-09,VRSK,27.68000030517578,27.989999771118164,27.68000030517578,27.799999237060547,26.62497901916504,306900
2010-09-09,VRSK,27.68000030517578,27.989999771118164,27.68000030517578,27.799999237060547,26.62497901916504,306900
2010-09-10,VRSK,27.700000762939453,28.43000030517578,27.65999984741211,27.850000381469727,26.672866821289062,324500
2010-09-10,VRSK,27.700000762939453,28.43000030517578,27.65999984741211,27.850000381469727,26.672866821289062,324500
2010-09-13,VRSK,27.799999237060547,28.190000534057617,27.729999542236328,28.0,26.816524505615234,326300
2010-09-13,VRSK,27.799999237060547,28.190000534057617,27.729999542236328,28.0,26.816524505615234,326300
2010-09-14,VRSK,27.86000061035156,28.11000061035156,27.76000022888184,27.82999992370605,26.65371322631836,229400
2010-09-14,VRSK,27.86000061035156,28.11000061035156,27.76000022888184,27.82999992370605,26.65371322631836,229400
2010-09-15,VRSK,27.690000534057617,28.75,27.399999618530277,28.420000076293945,27.218774795532227,708600
2010-09-15,VRSK,27.690000534057617,28.75,27.399999618530277,28.420000076293945,27.218774795532227,708600
2010-09-16,VRSK,28.309999465942383,28.309999465942383,27.799999237060547,27.84000015258789,26.663291931152344,518700
2010-09-16,VRSK,28.309999465942383,28.309999465942383,27.799999237060547,27.84000015258789,26.663291931152344,518700
2010-09-17,VRSK,28.43000030517578,28.43000030517578,27.8700008392334,28.0,26.816524505615234,747900
2010-09-17,VRSK,28.43000030517578,28.43000030517578,27.8700008392334,28.0,26.816524505615234,747900
2010-09-20,VRSK,28.0,28.25,27.979999542236328,28.190000534057617,26.99850082397461,254800
2010-09-20,VRSK,28.0,28.25,27.979999542236328,28.190000534057617,26.99850082397461,254800
2010-09-21,VRSK,28.100000381469727,28.11000061035156,27.950000762939453,28.01000022888184,26.82610511779785,190500
2010-09-21,VRSK,28.100000381469727,28.11000061035156,27.950000762939453,28.01000022888184,26.82610511779785,190500
2010-09-22,VRSK,28.049999237060547,28.600000381469727,28.0,28.46999931335449,27.26666259765625,244000
2010-09-22,VRSK,28.049999237060547,28.600000381469727,28.0,28.46999931335449,27.26666259765625,244000
2010-09-23,VRSK,27.940000534057617,28.450000762939453,27.51000022888184,28.309999465942383,27.11342430114746,492600
2010-09-23,VRSK,27.940000534057617,28.450000762939453,27.51000022888184,28.309999465942383,27.11342430114746,492600
2010-09-24,VRSK,28.43000030517578,28.75,27.979999542236328,28.38999938964844,27.19004249572754,798400
2010-09-24,VRSK,28.43000030517578,28.75,27.979999542236328,28.38999938964844,27.19004249572754,798400
2010-09-27,VRSK,28.0,28.450000762939453,27.450000762939453,27.540000915527344,26.375974655151367,817200
2010-09-27,VRSK,28.0,28.450000762939453,27.450000762939453,27.540000915527344,26.375974655151367,817200
2010-09-28,VRSK,27.559999465942383,27.690000534057617,27.040000915527344,27.25,26.098228454589844,9182900
2010-09-28,VRSK,27.559999465942383,27.690000534057617,27.040000915527344,27.25,26.098228454589844,9182900
2010-09-29,VRSK,27.25,27.93000030517578,27.229999542236328,27.8700008392334,26.69202041625977,1551000
2010-09-29,VRSK,27.25,27.93000030517578,27.229999542236328,27.8700008392334,26.69202041625977,1551000
2010-09-30,VRSK,27.84000015258789,28.18000030517578,27.6299991607666,28.01000022888184,26.82610511779785,1256500
2010-09-30,VRSK,27.84000015258789,28.18000030517578,27.6299991607666,28.01000022888184,26.82610511779785,1256500
2010-10-01,VRSK,27.739999771118164,28.739999771118164,27.1299991607666,28.31999969482422,27.12299919128418,1222000
2010-10-01,VRSK,27.739999771118164,28.739999771118164,27.1299991607666,28.31999969482422,27.12299919128418,1222000
2010-10-04,VRSK,28.299999237060547,28.420000076293945,27.989999771118164,28.07999992370605,26.893142700195312,947300
2010-10-04,VRSK,28.299999237060547,28.420000076293945,27.989999771118164,28.07999992370605,26.893142700195312,947300
2010-10-05,VRSK,28.040000915527344,28.25,27.600000381469727,27.700000762939453,26.52920913696289,1961400
2010-10-05,VRSK,28.040000915527344,28.25,27.600000381469727,27.700000762939453,26.52920913696289,1961400
2010-10-06,VRSK,27.670000076293945,28.01000022888184,27.540000915527344,27.920000076293945,26.739904403686523,359400
2010-10-06,VRSK,27.670000076293945,28.01000022888184,27.540000915527344,27.920000076293945,26.739904403686523,359400
2010-10-07,VRSK,27.989999771118164,27.989999771118164,27.57999992370605,27.63999938964844,26.47174453735352,422700
2010-10-07,VRSK,27.989999771118164,27.989999771118164,27.57999992370605,27.63999938964844,26.47174453735352,422700
2010-10-08,VRSK,27.729999542236328,28.049999237060547,27.51000022888184,28.0,26.816524505615234,518900
2010-10-08,VRSK,27.729999542236328,28.049999237060547,27.51000022888184,28.0,26.816524505615234,518900
2010-10-11,VRSK,27.920000076293945,28.25,27.770000457763672,28.200000762939453,27.008075714111328,439000
2010-10-11,VRSK,27.920000076293945,28.25,27.770000457763672,28.200000762939453,27.008075714111328,439000
2010-10-12,VRSK,28.559999465942383,28.690000534057617,28.11000061035156,28.6299991607666,27.419897079467773,785500
2010-10-12,VRSK,28.559999465942383,28.690000534057617,28.11000061035156,28.6299991607666,27.419897079467773,785500
2010-10-13,VRSK,28.739999771118164,28.75,28.26000022888184,28.399999618530277,27.19961929321289,824600
2010-10-13,VRSK,28.739999771118164,28.75,28.26000022888184,28.399999618530277,27.19961929321289,824600
2010-10-14,VRSK,28.26000022888184,28.670000076293945,28.11000061035156,28.6200008392334,27.41031837463379,1269900
2010-10-14,VRSK,28.26000022888184,28.670000076293945,28.11000061035156,28.6200008392334,27.41031837463379,1269900
2010-10-15,VRSK,28.670000076293945,28.979999542236328,28.420000076293945,28.8799991607666,27.659334182739254,551000
2010-10-15,VRSK,28.670000076293945,28.979999542236328,28.420000076293945,28.8799991607666,27.659334182739254,551000
2010-10-18,VRSK,29.0,29.57999992370605,28.950000762939453,29.530000686645508,28.28186416625977,676100
2010-10-18,VRSK,29.0,29.57999992370605,28.950000762939453,29.530000686645508,28.28186416625977,676100
2010-10-19,VRSK,29.299999237060547,29.739999771118164,28.700000762939453,29.489999771118164,28.24354553222656,1110100
2010-10-19,VRSK,29.299999237060547,29.739999771118164,28.700000762939453,29.489999771118164,28.24354553222656,1110100
2010-10-20,VRSK,29.5,29.729999542236328,29.5,29.670000076293945,28.41593742370605,567500
2010-10-20,VRSK,29.5,29.729999542236328,29.5,29.670000076293945,28.41593742370605,567500
2010-10-21,VRSK,29.68000030517578,29.780000686645508,28.96999931335449,29.31999969482422,28.08072662353516,1037000
2010-10-21,VRSK,29.68000030517578,29.780000686645508,28.96999931335449,29.31999969482422,28.08072662353516,1037000
2010-10-22,VRSK,29.239999771118164,29.8799991607666,28.979999542236328,29.809999465942383,28.550020217895508,447300
2010-10-22,VRSK,29.239999771118164,29.8799991607666,28.979999542236328,29.809999465942383,28.550020217895508,447300
2010-10-25,VRSK,29.93000030517578,29.96999931335449,29.649999618530277,29.770000457763672,28.51171493530273,360300
2010-10-25,VRSK,29.93000030517578,29.96999931335449,29.649999618530277,29.770000457763672,28.51171493530273,360300
2010-10-26,VRSK,29.959999084472656,30.0,29.809999465942383,30.0,28.73199462890625,531500
2010-10-26,VRSK,29.959999084472656,30.0,29.809999465942383,30.0,28.73199462890625,531500
2010-10-27,VRSK,29.8700008392334,30.0,29.68000030517578,29.88999938964844,28.62664604187012,672700
2010-10-27,VRSK,29.8700008392334,30.0,29.68000030517578,29.88999938964844,28.62664604187012,672700
2010-10-28,VRSK,29.899999618530277,29.920000076293945,29.43000030517578,29.59000015258789,28.33932113647461,457600
2010-10-28,VRSK,29.899999618530277,29.920000076293945,29.43000030517578,29.59000015258789,28.33932113647461,457600
2010-10-29,VRSK,29.459999084472656,29.88999938964844,28.81999969482422,29.809999465942383,28.550020217895508,568000
2010-10-29,VRSK,29.459999084472656,29.88999938964844,28.81999969482422,29.809999465942383,28.550020217895508,568000
2010-11-01,VRSK,29.799999237060547,29.799999237060547,29.309999465942383,29.700000762939453,28.44467544555664,607900
2010-11-01,VRSK,29.799999237060547,29.799999237060547,29.309999465942383,29.700000762939453,28.44467544555664,607900
2010-11-02,VRSK,29.670000076293945,29.670000076293945,29.280000686645508,29.34000015258789,28.099891662597656,604300
2010-11-02,VRSK,29.670000076293945,29.670000076293945,29.280000686645508,29.34000015258789,28.099891662597656,604300
2010-11-03,VRSK,29.209999084472656,29.520000457763672,29.13999938964844,29.38999938964844,28.14777565002441,465100
2010-11-03,VRSK,29.209999084472656,29.520000457763672,29.13999938964844,29.38999938964844,28.14777565002441,465100
2010-11-04,VRSK,29.8700008392334,30.68000030517578,29.770000457763672,30.51000022888184,29.22043800354004,2804500
2010-11-04,VRSK,29.8700008392334,30.68000030517578,29.770000457763672,30.51000022888184,29.22043800354004,2804500
2010-11-05,VRSK,30.6299991607666,30.799999237060547,30.200000762939453,30.270000457763672,28.990583419799805,852200
2010-11-05,VRSK,30.6299991607666,30.799999237060547,30.200000762939453,30.270000457763672,28.990583419799805,852200
2010-11-08,VRSK,30.15999984741211,30.479999542236328,30.06999969482422,30.100000381469727,28.82776641845703,1408100
2010-11-08,VRSK,30.15999984741211,30.479999542236328,30.06999969482422,30.100000381469727,28.82776641845703,1408100
2010-11-09,VRSK,30.21999931335449,30.36000061035156,29.940000534057617,29.989999771118164,28.722421646118164,786000
2010-11-09,VRSK,30.21999931335449,30.36000061035156,29.940000534057617,29.989999771118164,28.722421646118164,786000
2010-11-10,VRSK,29.920000076293945,30.530000686645508,29.920000076293945,30.530000686645508,29.23959350585937,734200
2010-11-10,VRSK,29.920000076293945,30.530000686645508,29.920000076293945,30.530000686645508,29.23959350585937,734200
2010-11-11,VRSK,30.290000915527344,30.399999618530277,29.979999542236328,30.09000015258789,28.818191528320312,322300
2010-11-11,VRSK,30.290000915527344,30.399999618530277,29.979999542236328,30.09000015258789,28.818191528320312,322300
2010-11-12,VRSK,30.1299991607666,30.34000015258789,29.96999931335449,29.979999542236328,28.71283721923828,271400
2010-11-12,VRSK,30.1299991607666,30.34000015258789,29.96999931335449,29.979999542236328,28.71283721923828,271400
2010-11-15,VRSK,29.940000534057617,30.549999237060547,29.850000381469727,30.11000061035156,28.837343215942383,242000
2010-11-15,VRSK,29.940000534057617,30.549999237060547,29.850000381469727,30.11000061035156,28.837343215942383,242000
2010-11-16,VRSK,30.149999618530277,30.40999984741211,30.01000022888184,30.399999618530277,29.115089416503903,582600
2010-11-16,VRSK,30.149999618530277,30.40999984741211,30.01000022888184,30.399999618530277,29.115089416503903,582600
2010-11-17,VRSK,30.36000061035156,30.600000381469727,30.290000915527344,30.549999237060547,29.25874137878418,438700
2010-11-17,VRSK,30.36000061035156,30.600000381469727,30.290000915527344,30.549999237060547,29.25874137878418,438700
2010-11-18,VRSK,30.68000030517578,31.040000915527344,30.649999618530277,31.0,29.68972587585449,528100
2010-11-18,VRSK,30.68000030517578,31.040000915527344,30.649999618530277,31.0,29.68972587585449,528100
2010-11-19,VRSK,31.0,31.100000381469727,30.56999969482422,30.729999542236328,29.431140899658203,1999200
2010-11-19,VRSK,31.0,31.100000381469727,30.56999969482422,30.729999542236328,29.431140899658203,1999200
2010-11-22,VRSK,30.63999938964844,30.950000762939453,30.420000076293945,30.88999938964844,29.58437156677246,1020100
2010-11-22,VRSK,30.63999938964844,30.950000762939453,30.420000076293945,30.88999938964844,29.58437156677246,1020100
2010-11-23,VRSK,30.700000762939453,30.799999237060547,30.450000762939453,30.450000762939453,29.16297149658203,320100
2010-11-23,VRSK,30.700000762939453,30.799999237060547,30.450000762939453,30.450000762939453,29.16297149658203,320100
2010-11-24,VRSK,30.600000381469727,30.739999771118164,30.479999542236328,30.59000015258789,29.297060012817383,416900
2010-11-24,VRSK,30.600000381469727,30.739999771118164,30.479999542236328,30.59000015258789,29.297060012817383,416900
2010-11-26,VRSK,30.399999618530277,30.559999465942383,29.899999618530277,30.459999084472656,29.17255210876465,158200
2010-11-26,VRSK,30.399999618530277,30.559999465942383,29.899999618530277,30.459999084472656,29.17255210876465,158200
2010-11-29,VRSK,30.299999237060547,30.299999237060547,29.96999931335449,30.07999992370605,28.808612823486328,1118200
2010-11-29,VRSK,30.299999237060547,30.299999237060547,29.96999931335449,30.07999992370605,28.808612823486328,1118200
2010-11-30,VRSK,29.799999237060547,30.3799991607666,29.799999237060547,30.270000457763672,28.990583419799805,1028600
2010-11-30,VRSK,29.799999237060547,30.3799991607666,29.799999237060547,30.270000457763672,28.990583419799805,1028600
2010-12-01,VRSK,30.450000762939453,31.040000915527344,30.309999465942383,30.88999938964844,29.58437156677246,596600
2010-12-01,VRSK,30.450000762939453,31.040000915527344,30.309999465942383,30.88999938964844,29.58437156677246,596600
2010-12-02,VRSK,30.82999992370605,31.100000381469727,30.82999992370605,30.96999931335449,29.66099166870117,424200
2010-12-02,VRSK,30.82999992370605,31.100000381469727,30.82999992370605,30.96999931335449,29.66099166870117,424200
2010-12-03,VRSK,31.040000915527344,31.959999084472656,30.950000762939453,31.56999969482422,30.235631942749023,1048300
2010-12-03,VRSK,31.040000915527344,31.959999084472656,30.950000762939453,31.56999969482422,30.235631942749023,1048300
2010-12-06,VRSK,31.51000022888184,32.02000045776367,31.07999992370605,31.920000076293945,30.570838928222656,648000
2010-12-06,VRSK,31.51000022888184,32.02000045776367,31.07999992370605,31.920000076293945,30.570838928222656,648000
2010-12-07,VRSK,32.20000076293945,32.900001525878906,31.209999084472656,32.5099983215332,31.13590240478516,689400
2010-12-07,VRSK,32.20000076293945,32.900001525878906,31.209999084472656,32.5099983215332,31.13590240478516,689400
2010-12-08,VRSK,32.689998626708984,33.560001373291016,32.47999954223633,33.29999923706055,31.89251518249512,942600
2010-12-08,VRSK,32.689998626708984,33.560001373291016,32.47999954223633,33.29999923706055,31.89251518249512,942600
2010-12-09,VRSK,33.5,33.5,33.31999969482422,33.40999984741211,31.997865676879883,867500
2010-12-09,VRSK,33.5,33.5,33.31999969482422,33.40999984741211,31.997865676879883,867500
2010-12-10,VRSK,33.41999816894531,33.41999816894531,32.27000045776367,33.0,31.605195999145508,748600
2010-12-10,VRSK,33.41999816894531,33.41999816894531,32.27000045776367,33.0,31.605195999145508,748600
2010-12-13,VRSK,33.189998626708984,33.25,32.86000061035156,32.970001220703125,31.57646942138672,308800
2010-12-13,VRSK,33.189998626708984,33.25,32.86000061035156,32.970001220703125,31.57646942138672,308800
2010-12-14,VRSK,32.869998931884766,33.279998779296875,32.84000015258789,33.189998626708984,31.787168502807617,707500
2010-12-14,VRSK,32.869998931884766,33.279998779296875,32.84000015258789,33.189998626708984,31.787168502807617,707500
2010-12-15,VRSK,33.2400016784668,33.33000183105469,33.130001068115234,33.189998626708984,31.787168502807617,758500
2010-12-15,VRSK,33.2400016784668,33.33000183105469,33.130001068115234,33.189998626708984,31.787168502807617,758500
2010-12-16,VRSK,32.150001525878906,33.529998779296875,32.150001525878906,33.5099983215332,32.0936279296875,871200
2010-12-16,VRSK,32.150001525878906,33.529998779296875,32.150001525878906,33.5099983215332,32.0936279296875,871200
2010-12-17,VRSK,33.36000061035156,34.209999084472656,33.31999969482422,33.93000030517578,32.49588394165039,864100
2010-12-17,VRSK,33.36000061035156,34.209999084472656,33.31999969482422,33.93000030517578,32.49588394165039,864100
2010-12-20,VRSK,33.93000030517578,34.58000183105469,33.72999954223633,34.40999984741211,32.955604553222656,464200
2010-12-20,VRSK,33.93000030517578,34.58000183105469,33.72999954223633,34.40999984741211,32.955604553222656,464200
2010-12-21,VRSK,34.400001525878906,34.65999984741211,34.290000915527344,34.439998626708984,32.98433303833008,747100
2010-12-21,VRSK,34.400001525878906,34.65999984741211,34.290000915527344,34.439998626708984,32.98433303833008,747100
2010-12-22,VRSK,34.29999923706055,34.5,34.279998779296875,34.45000076293945,32.993919372558594,304100
2010-12-22,VRSK,34.29999923706055,34.5,34.279998779296875,34.45000076293945,32.993919372558594,304100
2010-12-23,VRSK,34.34000015258789,34.5,34.04999923706055,34.20000076293945,32.754478454589844,499300
2010-12-23,VRSK,34.34000015258789,34.5,34.04999923706055,34.20000076293945,32.754478454589844,499300
2010-12-27,VRSK,34.119998931884766,34.63999938964844,33.93000030517578,34.599998474121094,33.1375617980957,224800
2010-12-27,VRSK,34.119998931884766,34.63999938964844,33.93000030517578,34.599998474121094,33.1375617980957,224800
2010-12-28,VRSK,34.4900016784668,34.58000183105469,34.220001220703125,34.310001373291016,32.859832763671875,204900
2010-12-28,VRSK,34.4900016784668,34.58000183105469,34.220001220703125,34.310001373291016,32.859832763671875,204900
2010-12-29,VRSK,34.22999954223633,34.459999084472656,34.13999938964844,34.36000061035156,32.907711029052734,253500
2010-12-29,VRSK,34.22999954223633,34.459999084472656,34.13999938964844,34.36000061035156,32.907711029052734,253500
2010-12-30,VRSK,34.380001068115234,34.86000061035156,34.2400016784668,34.38999938964844,32.93644332885742,333200
2010-12-30,VRSK,34.380001068115234,34.86000061035156,34.2400016784668,34.38999938964844,32.93644332885742,333200
2010-12-31,VRSK,34.25,34.439998626708984,34.0,34.08000183105469,32.639556884765625,395600
2010-12-31,VRSK,34.25,34.439998626708984,34.0,34.08000183105469,32.639556884765625,395600
2011-01-03,VRSK,34.130001068115234,35.36000061035156,34.130001068115234,34.470001220703125,33.0130729675293,926000
2011-01-03,VRSK,34.130001068115234,35.36000061035156,34.130001068115234,34.470001220703125,33.0130729675293,926000
2011-01-04,VRSK,34.439998626708984,34.75,34.04999923706055,34.27000045776367,32.82151412963867,509100
2011-01-04,VRSK,34.439998626708984,34.75,34.04999923706055,34.27000045776367,32.82151412963867,509100
2011-01-05,VRSK,34.02000045776367,34.41999816894531,34.0,34.31999969482422,32.86940002441406,469200
2011-01-05,VRSK,34.02000045776367,34.41999816894531,34.0,34.31999969482422,32.86940002441406,469200
2011-01-06,VRSK,34.5,34.5,34.2400016784668,34.34000015258789,32.8885498046875,436000
2011-01-06,VRSK,34.5,34.5,34.2400016784668,34.34000015258789,32.8885498046875,436000
2011-01-07,VRSK,34.41999816894531,34.47999954223633,34.20000076293945,34.2400016784668,32.792781829833984,275500
2011-01-07,VRSK,34.41999816894531,34.47999954223633,34.20000076293945,34.2400016784668,32.792781829833984,275500
2011-01-10,VRSK,34.20000076293945,34.38999938964844,34.040000915527344,34.290000915527344,32.84066390991211,349200
2011-01-10,VRSK,34.20000076293945,34.38999938964844,34.040000915527344,34.290000915527344,32.84066390991211,349200
2011-01-11,VRSK,34.31999969482422,34.369998931884766,33.810001373291016,33.939998626708984,32.505462646484375,479200
2011-01-11,VRSK,34.31999969482422,34.369998931884766,33.810001373291016,33.939998626708984,32.505462646484375,479200
2011-01-12,VRSK,34.0,34.20000076293945,33.810001373291016,34.099998474121094,32.65869903564453,816900
2011-01-12,VRSK,34.0,34.20000076293945,33.810001373291016,34.099998474121094,32.65869903564453,816900
2011-01-13,VRSK,34.040000915527344,34.040000915527344,33.79999923706055,34.0,32.56292724609375,326400
2011-01-13,VRSK,34.040000915527344,34.040000915527344,33.79999923706055,34.0,32.56292724609375,326400
2011-01-14,VRSK,33.90999984741211,34.150001525878906,33.68000030517578,33.72999954223633,32.304344177246094,819000
2011-01-14,VRSK,33.90999984741211,34.150001525878906,33.68000030517578,33.72999954223633,32.304344177246094,819000
2011-01-18,VRSK,33.630001068115234,33.939998626708984,33.47999954223633,33.59000015258789,32.17026138305664,512100
2011-01-18,VRSK,33.630001068115234,33.939998626708984,33.47999954223633,33.59000015258789,32.17026138305664,512100
2011-01-19,VRSK,33.630001068115234,33.79999923706055,33.369998931884766,33.58000183105469,32.160682678222656,759000
2011-01-19,VRSK,33.630001068115234,33.79999923706055,33.369998931884766,33.58000183105469,32.160682678222656,759000
2011-01-20,VRSK,33.40999984741211,33.540000915527344,33.22999954223633,33.40999984741211,31.997865676879883,483200
2011-01-20,VRSK,33.40999984741211,33.540000915527344,33.22999954223633,33.40999984741211,31.997865676879883,483200
2011-01-21,VRSK,33.5,33.650001525878906,33.11000061035156,33.36000061035156,31.94997978210449,434700
2011-01-21,VRSK,33.5,33.650001525878906,33.11000061035156,33.36000061035156,31.94997978210449,434700
2011-01-24,VRSK,33.310001373291016,33.97999954223633,33.310001373291016,33.84000015258789,32.409698486328125,450100
2011-01-24,VRSK,33.310001373291016,33.97999954223633,33.310001373291016,33.84000015258789,32.409698486328125,450100
2011-01-25,VRSK,33.70000076293945,34.15999984741211,33.650001525878906,34.130001068115234,32.68742752075195,739800
2011-01-25,VRSK,33.70000076293945,34.15999984741211,33.650001525878906,34.130001068115234,32.68742752075195,739800
2011-01-26,VRSK,34.22999954223633,34.310001373291016,33.9900016784668,34.060001373291016,32.62039566040039,570800
2011-01-26,VRSK,34.22999954223633,34.310001373291016,33.9900016784668,34.060001373291016,32.62039566040039,570800
2011-01-27,VRSK,33.9900016784668,34.29999923706055,33.88999938964844,34.220001220703125,32.77362823486328,586600
2011-01-27,VRSK,33.9900016784668,34.29999923706055,33.88999938964844,34.220001220703125,32.77362823486328,586600
2011-01-28,VRSK,34.18000030517578,34.2400016784668,33.63999938964844,33.75,32.3234977722168,495200
2011-01-28,VRSK,34.18000030517578,34.2400016784668,33.63999938964844,33.75,32.3234977722168,495200
2011-01-31,VRSK,33.70000076293945,34.06999969482422,33.52000045776367,33.83000183105469,32.400115966796875,329300
2011-01-31,VRSK,33.70000076293945,34.06999969482422,33.52000045776367,33.83000183105469,32.400115966796875,329300
2011-02-01,VRSK,34.04999923706055,34.41999816894531,33.900001525878906,34.18000030517578,32.73532485961914,899300
2011-02-01,VRSK,34.04999923706055,34.41999816894531,33.900001525878906,34.18000030517578,32.73532485961914,899300
2011-02-02,VRSK,34.06999969482422,34.279998779296875,33.849998474121094,33.880001068115234,32.448001861572266,279000
2011-02-02,VRSK,34.06999969482422,34.279998779296875,33.849998474121094,33.880001068115234,32.448001861572266,279000
2011-02-03,VRSK,33.880001068115234,34.0099983215332,33.79999923706055,33.849998474121094,32.419273376464844,411200
2011-02-03,VRSK,33.880001068115234,34.0099983215332,33.79999923706055,33.849998474121094,32.419273376464844,411200
2011-02-04,VRSK,33.79999923706055,34.0099983215332,33.7400016784668,33.7599983215332,32.333065032958984,274400
2011-02-04,VRSK,33.79999923706055,34.0099983215332,33.7400016784668,33.7599983215332,32.333065032958984,274400
2011-02-07,VRSK,33.88999938964844,34.04999923706055,33.689998626708984,33.900001525878906,32.46715545654297,657000
2011-02-07,VRSK,33.88999938964844,34.04999923706055,33.689998626708984,33.900001525878906,32.46715545654297,657000
2011-02-08,VRSK,33.849998474121094,34.0,33.7400016784668,33.77000045776367,32.342647552490234,299100
2011-02-08,VRSK,33.849998474121094,34.0,33.7400016784668,33.77000045776367,32.342647552490234,299100
2011-02-09,VRSK,33.70000076293945,33.9900016784668,33.689998626708984,33.900001525878906,32.46715545654297,295200
2011-02-09,VRSK,33.70000076293945,33.9900016784668,33.689998626708984,33.900001525878906,32.46715545654297,295200
2011-02-10,VRSK,33.869998931884766,33.939998626708984,33.70000076293945,33.7599983215332,32.333065032958984,635300
2011-02-10,VRSK,33.869998931884766,33.939998626708984,33.70000076293945,33.7599983215332,32.333065032958984,635300
2011-02-11,VRSK,33.90999984741211,34.040000915527344,33.560001373291016,33.86000061035156,32.428836822509766,756500
2011-02-11,VRSK,33.90999984741211,34.040000915527344,33.560001373291016,33.86000061035156,32.428836822509766,756500
2011-02-14,VRSK,33.79999923706055,33.900001525878906,33.58000183105469,33.849998474121094,32.419273376464844,361200
2011-02-14,VRSK,33.79999923706055,33.900001525878906,33.58000183105469,33.849998474121094,32.419273376464844,361200
2011-02-15,VRSK,33.75,33.95000076293945,33.720001220703125,33.72999954223633,32.304344177246094,298100
2011-02-15,VRSK,33.75,33.95000076293945,33.720001220703125,33.72999954223633,32.304344177246094,298100
2011-02-16,VRSK,33.79999923706055,33.900001525878906,33.66999816894531,33.75,32.3234977722168,470200
2011-02-16,VRSK,33.79999923706055,33.900001525878906,33.66999816894531,33.75,32.3234977722168,470200
2011-02-17,VRSK,33.720001220703125,33.81999969482422,33.310001373291016,33.43000030517578,32.01700973510742,1374000
2011-02-17,VRSK,33.720001220703125,33.81999969482422,33.310001373291016,33.43000030517578,32.01700973510742,1374000
2011-02-18,VRSK,33.290000915527344,33.849998474121094,33.290000915527344,33.779998779296875,32.35221481323242,406100
2011-02-18,VRSK,33.290000915527344,33.849998474121094,33.290000915527344,33.779998779296875,32.35221481323242,406100
2011-02-22,VRSK,33.459999084472656,33.7400016784668,33.16999816894531,33.189998626708984,31.787168502807617,679700
2011-02-22,VRSK,33.459999084472656,33.7400016784668,33.16999816894531,33.189998626708984,31.787168502807617,679700
2011-02-23,VRSK,33.15999984741211,33.220001220703125,32.45000076293945,32.56999969482422,31.19337272644043,474500
2011-02-23,VRSK,33.15999984741211,33.220001220703125,32.45000076293945,32.56999969482422,31.19337272644043,474500
2011-02-24,VRSK,32.47999954223633,32.63999938964844,32.29999923706055,32.439998626708984,31.068857192993164,711100
2011-02-24,VRSK,32.47999954223633,32.63999938964844,32.29999923706055,32.439998626708984,31.068857192993164,711100
2011-02-25,VRSK,32.54999923706055,32.75,32.36000061035156,32.4900016784668,31.11675453186035,1195800
2011-02-25,VRSK,32.54999923706055,32.75,32.36000061035156,32.4900016784668,31.11675453186035,1195800
2011-02-28,VRSK,32.630001068115234,32.65999984741211,32.209999084472656,32.349998474121094,30.98267364501953,2232300
2011-02-28,VRSK,32.630001068115234,32.65999984741211,32.209999084472656,32.349998474121094,30.98267364501953,2232300
2011-03-01,VRSK,32.11000061035156,32.68000030517578,30.88999938964844,31.020000457763672,29.70888328552246,6824300
2011-03-01,VRSK,32.11000061035156,32.68000030517578,30.88999938964844,31.020000457763672,29.70888328552246,6824300
2011-03-02,VRSK,30.88999938964844,31.43000030517578,30.76000022888184,31.309999465942383,29.98662376403809,2371000
2011-03-02,VRSK,30.88999938964844,31.43000030517578,30.76000022888184,31.309999465942383,29.98662376403809,2371000
2011-03-03,VRSK,31.559999465942383,31.790000915527344,31.11000061035156,31.299999237060547,29.97704315185547,1253300
2011-03-03,VRSK,31.559999465942383,31.790000915527344,31.11000061035156,31.299999237060547,29.97704315185547,1253300
2011-03-04,VRSK,31.290000915527344,31.600000381469727,31.040000915527344,31.170000076293945,29.852540969848636,954200
2011-03-04,VRSK,31.290000915527344,31.600000381469727,31.040000915527344,31.170000076293945,29.852540969848636,954200
2011-03-07,VRSK,31.11000061035156,32.0,31.11000061035156,31.950000762939453,30.59956932067871,1710800
2011-03-07,VRSK,31.11000061035156,32.0,31.11000061035156,31.950000762939453,30.59956932067871,1710800
2011-03-08,VRSK,31.93000030517578,32.40999984741211,31.71999931335449,32.29999923706055,30.93478775024414,830300
2011-03-08,VRSK,31.93000030517578,32.40999984741211,31.71999931335449,32.29999923706055,30.93478775024414,830300
2011-03-09,VRSK,32.16999816894531,32.689998626708984,32.099998474121094,32.40999984741211,31.040138244628903,719700
2011-03-09,VRSK,32.16999816894531,32.689998626708984,32.099998474121094,32.40999984741211,31.040138244628903,719700
2011-03-10,VRSK,32.16999816894531,32.400001525878906,31.940000534057617,32.0099983215332,30.657039642333984,879300
2011-03-10,VRSK,32.16999816894531,32.400001525878906,31.940000534057617,32.0099983215332,30.657039642333984,879300
2011-03-11,VRSK,31.920000076293945,32.279998779296875,31.65999984741211,32.20000076293945,30.839006423950195,490500
2011-03-11,VRSK,31.920000076293945,32.279998779296875,31.65999984741211,32.20000076293945,30.839006423950195,490500
2011-03-14,VRSK,31.940000534057617,32.0099983215332,31.5,31.76000022888184,30.41760635375977,399000
2011-03-14,VRSK,31.940000534057617,32.0099983215332,31.5,31.76000022888184,30.41760635375977,399000
2011-03-15,VRSK,31.1299991607666,31.790000915527344,31.1200008392334,31.729999542236328,30.388872146606445,761000
2011-03-15,VRSK,31.1299991607666,31.790000915527344,31.1200008392334,31.729999542236328,30.388872146606445,761000
2011-03-16,VRSK,31.61000061035156,31.850000381469727,31.200000762939453,31.229999542236328,29.91000747680664,714500
2011-03-16,VRSK,31.61000061035156,31.850000381469727,31.200000762939453,31.229999542236328,29.91000747680664,714500
2011-03-17,VRSK,31.690000534057617,31.76000022888184,30.959999084472656,30.96999931335449,29.66099166870117,861500
2011-03-17,VRSK,31.690000534057617,31.76000022888184,30.959999084472656,30.96999931335449,29.66099166870117,861500
2011-03-18,VRSK,31.36000061035156,31.739999771118164,31.18000030517578,31.6200008392334,30.28352165222168,795100
2011-03-18,VRSK,31.36000061035156,31.739999771118164,31.18000030517578,31.6200008392334,30.28352165222168,795100
2011-03-21,VRSK,31.770000457763672,32.150001525878906,31.600000381469727,31.90999984741211,30.561262130737305,431700
2011-03-21,VRSK,31.770000457763672,32.150001525878906,31.600000381469727,31.90999984741211,30.561262130737305,431700
2011-03-22,VRSK,31.809999465942383,31.8700008392334,31.59000015258789,31.709999084472656,30.36971473693848,632000
2011-03-22,VRSK,31.809999465942383,31.8700008392334,31.59000015258789,31.709999084472656,30.36971473693848,632000
2011-03-23,VRSK,31.61000061035156,31.959999084472656,31.399999618530277,31.950000762939453,30.59956932067871,704800
2011-03-23,VRSK,31.61000061035156,31.959999084472656,31.399999618530277,31.950000762939453,30.59956932067871,704800
2011-03-24,VRSK,31.950000762939453,32.86000061035156,31.90999984741211,32.4900016784668,31.11675453186035,1027700
2011-03-24,VRSK,31.950000762939453,32.86000061035156,31.90999984741211,32.4900016784668,31.11675453186035,1027700
2011-03-25,VRSK,32.38999938964844,32.709999084472656,32.279998779296875,32.400001525878906,31.03055763244629,620200
2011-03-25,VRSK,32.38999938964844,32.709999084472656,32.279998779296875,32.400001525878906,31.03055763244629,620200
2011-03-28,VRSK,32.400001525878906,32.41999816894531,32.16999816894531,32.220001220703125,30.8581657409668,347500
2011-03-28,VRSK,32.400001525878906,32.41999816894531,32.16999816894531,32.220001220703125,30.8581657409668,347500
2011-03-29,VRSK,32.279998779296875,32.709999084472656,32.029998779296875,32.709999084472656,31.327451705932617,543000
2011-03-29,VRSK,32.279998779296875,32.709999084472656,32.029998779296875,32.709999084472656,31.327451705932617,543000
2011-03-30,VRSK,32.75,32.86000061035156,32.61000061035156,32.77000045776367,31.384906768798828,428900
2011-03-30,VRSK,32.75,32.86000061035156,32.61000061035156,32.77000045776367,31.384906768798828,428900
2011-03-31,VRSK,32.689998626708984,32.77000045776367,32.470001220703125,32.7599983215332,31.37533950805664,649400
2011-03-31,VRSK,32.689998626708984,32.77000045776367,32.470001220703125,32.7599983215332,31.37533950805664,649400
2011-04-01,VRSK,32.619998931884766,33.29999923706055,32.560001373291016,33.29999923706055,31.89251518249512,877400
2011-04-01,VRSK,32.619998931884766,33.29999923706055,32.560001373291016,33.29999923706055,31.89251518249512,877400
2011-04-04,VRSK,33.220001220703125,33.349998474121094,33.0,33.130001068115234,31.72970390319824,420900
2011-04-04,VRSK,33.220001220703125,33.349998474121094,33.0,33.130001068115234,31.72970390319824,420900
2011-04-05,VRSK,33.150001525878906,33.5099983215332,33.099998474121094,33.459999084472656,32.04574203491211,345200
2011-04-05,VRSK,33.150001525878906,33.5099983215332,33.099998474121094,33.459999084472656,32.04574203491211,345200
2011-04-06,VRSK,33.61000061035156,33.70000076293945,33.43000030517578,33.45000076293945,32.03617477416992,450500
2011-04-06,VRSK,33.61000061035156,33.70000076293945,33.43000030517578,33.45000076293945,32.03617477416992,450500
2011-04-07,VRSK,33.349998474121094,33.439998626708984,32.880001068115234,33.0,31.605195999145508,421200
2011-04-07,VRSK,33.349998474121094,33.439998626708984,32.880001068115234,33.0,31.605195999145508,421200
2011-04-08,VRSK,33.02000045776367,33.11000061035156,32.41999816894531,32.61000061035156,31.23166847229004,307700
2011-04-08,VRSK,33.02000045776367,33.11000061035156,32.41999816894531,32.61000061035156,31.23166847229004,307700
2011-04-11,VRSK,32.540000915527344,32.599998474121094,32.2400016784668,32.540000915527344,31.16463279724121,673000
2011-04-11,VRSK,32.540000915527344,32.599998474121094,32.2400016784668,32.540000915527344,31.16463279724121,673000
2011-04-12,VRSK,32.459999084472656,32.619998931884766,32.36000061035156,32.619998931884766,31.24125099182129,435000
2011-04-12,VRSK,32.459999084472656,32.619998931884766,32.36000061035156,32.619998931884766,31.24125099182129,435000
2011-04-13,VRSK,32.900001525878906,33.38999938964844,32.650001525878906,33.13999938964844,31.739276885986328,958900
2011-04-13,VRSK,32.900001525878906,33.38999938964844,32.650001525878906,33.13999938964844,31.739276885986328,958900
2011-04-14,VRSK,32.900001525878906,33.41999816894531,32.619998931884766,33.34000015258789,31.93081283569336,437000
2011-04-14,VRSK,32.900001525878906,33.41999816894531,32.619998931884766,33.34000015258789,31.93081283569336,437000
2011-04-15,VRSK,33.5,33.540000915527344,32.970001220703125,33.08000183105469,31.681814193725582,361100
2011-04-15,VRSK,33.5,33.540000915527344,32.970001220703125,33.08000183105469,31.681814193725582,361100
2011-04-18,VRSK,32.900001525878906,33.119998931884766,32.529998779296875,33.0,31.605195999145508,452800
2011-04-18,VRSK,32.900001525878906,33.119998931884766,32.529998779296875,33.0,31.605195999145508,452800
2011-04-19,VRSK,33.220001220703125,33.5099983215332,32.849998474121094,32.97999954223633,31.58603858947754,842800
2011-04-19,VRSK,33.220001220703125,33.5099983215332,32.849998474121094,32.97999954223633,31.58603858947754,842800
2011-04-20,VRSK,33.13999938964844,33.189998626708984,32.88999938964844,32.970001220703125,31.57646942138672,526800
2011-04-20,VRSK,33.13999938964844,33.189998626708984,32.88999938964844,32.970001220703125,31.57646942138672,526800
2011-04-21,VRSK,33.02000045776367,33.09000015258789,32.79999923706055,33.02000045776367,31.624340057373047,719600
2011-04-21,VRSK,33.02000045776367,33.09000015258789,32.79999923706055,33.02000045776367,31.624340057373047,719600
2011-04-25,VRSK,33.11000061035156,33.220001220703125,32.97999954223633,33.15999984741211,31.758420944213867,496800
2011-04-25,VRSK,33.11000061035156,33.220001220703125,32.97999954223633,33.15999984741211,31.758420944213867,496800
2011-04-26,VRSK,33.40999984741211,33.5099983215332,33.22999954223633,33.45000076293945,32.03617477416992,934400
2011-04-26,VRSK,33.40999984741211,33.5099983215332,33.22999954223633,33.45000076293945,32.03617477416992,934400
2011-04-27,VRSK,33.63999938964844,33.63999938964844,33.0,33.09000015258789,31.691389083862305,1043600
2011-04-27,VRSK,33.63999938964844,33.63999938964844,33.0,33.09000015258789,31.691389083862305,1043600
2011-04-28,VRSK,32.93000030517578,33.15999984741211,32.86000061035156,33.0,31.605195999145508,1000000
2011-04-28,VRSK,32.93000030517578,33.15999984741211,32.86000061035156,33.0,31.605195999145508,1000000
2011-04-29,VRSK,32.970001220703125,33.18000030517578,32.810001373291016,32.900001525878906,31.509424209594727,850000
2011-04-29,VRSK,32.970001220703125,33.18000030517578,32.810001373291016,32.900001525878906,31.509424209594727,850000
2011-05-02,VRSK,32.90999984741211,33.119998931884766,32.65999984741211,32.849998474121094,31.461524963378903,1213600
2011-05-02,VRSK,32.90999984741211,33.119998931884766,32.65999984741211,32.849998474121094,31.461524963378903,1213600
2011-05-03,VRSK,32.86000061035156,33.54999923706055,32.86000061035156,33.38999938964844,31.978708267211918,1434400
2011-05-03,VRSK,32.86000061035156,33.54999923706055,32.86000061035156,33.38999938964844,31.978708267211918,1434400
2011-05-04,VRSK,33.20000076293945,33.7400016784668,32.869998931884766,33.599998474121094,32.17983627319336,1394100
2011-05-04,VRSK,33.20000076293945,33.7400016784668,32.869998931884766,33.599998474121094,32.17983627319336,1394100
2011-05-05,VRSK,33.540000915527344,34.16999816894531,33.25,34.15999984741211,32.71616744995117,1245300
2011-05-05,VRSK,33.540000915527344,34.16999816894531,33.25,34.15999984741211,32.71616744995117,1245300
2011-05-06,VRSK,34.290000915527344,34.4900016784668,33.86000061035156,33.970001220703125,32.53418731689453,616300
2011-05-06,VRSK,34.290000915527344,34.4900016784668,33.86000061035156,33.970001220703125,32.53418731689453,616300
2011-05-09,VRSK,34.0,34.13999938964844,33.86000061035156,34.0099983215332,32.5724983215332,417300
2011-05-09,VRSK,34.0,34.13999938964844,33.86000061035156,34.0099983215332,32.5724983215332,417300
2011-05-10,VRSK,34.0,34.41999816894531,33.93000030517578,34.40999984741211,32.955604553222656,480700
2011-05-10,VRSK,34.0,34.41999816894531,33.93000030517578,34.40999984741211,32.955604553222656,480700
2011-05-11,VRSK,34.2400016784668,34.4900016784668,34.11000061035156,34.369998931884766,32.917274475097656,550500
2011-05-11,VRSK,34.2400016784668,34.4900016784668,34.11000061035156,34.369998931884766,32.917274475097656,550500
2011-05-12,VRSK,34.38999938964844,34.79999923706055,34.369998931884766,34.70000076293945,33.23333740234375,739000
2011-05-12,VRSK,34.38999938964844,34.79999923706055,34.369998931884766,34.70000076293945,33.23333740234375,739000
2011-05-13,VRSK,34.5099983215332,34.720001220703125,34.310001373291016,34.5,33.04179382324219,411100
2011-05-13,VRSK,34.5099983215332,34.720001220703125,34.310001373291016,34.5,33.04179382324219,411100
2011-05-16,VRSK,34.369998931884766,34.56999969482422,34.0,34.15999984741211,32.71616744995117,455500
2011-05-16,VRSK,34.369998931884766,34.56999969482422,34.0,34.15999984741211,32.71616744995117,455500
2011-05-17,VRSK,34.029998779296875,34.13999938964844,33.97999954223633,34.06999969482422,32.629974365234375,430500
2011-05-17,VRSK,34.029998779296875,34.13999938964844,33.97999954223633,34.06999969482422,32.629974365234375,430500
2011-05-18,VRSK,34.220001220703125,34.63999938964844,33.95000076293945,34.619998931884766,33.15672302246094,592400
2011-05-18,VRSK,34.220001220703125,34.63999938964844,33.95000076293945,34.619998931884766,33.15672302246094,592400
2011-05-19,VRSK,34.7400016784668,35.0,34.52000045776367,34.720001220703125,33.25249099731445,730500
2011-05-19,VRSK,34.7400016784668,35.0,34.52000045776367,34.720001220703125,33.25249099731445,730500
2011-05-20,VRSK,34.529998779296875,34.529998779296875,33.97999954223633,34.02000045776367,32.58208084106445,1072800
2011-05-20,VRSK,34.529998779296875,34.529998779296875,33.97999954223633,34.02000045776367,32.58208084106445,1072800
2011-05-23,VRSK,33.689998626708984,33.97999954223633,33.47999954223633,33.95000076293945,32.51504135131836,585900
2011-05-23,VRSK,33.689998626708984,33.97999954223633,33.47999954223633,33.95000076293945,32.51504135131836,585900
2011-05-24,VRSK,33.869998931884766,33.970001220703125,33.599998474121094,33.72999954223633,32.304344177246094,420800
2011-05-24,VRSK,33.869998931884766,33.970001220703125,33.599998474121094,33.72999954223633,32.304344177246094,420800
2011-05-25,VRSK,33.58000183105469,34.02000045776367,33.58000183105469,33.84000015258789,32.409698486328125,513000
2011-05-25,VRSK,33.58000183105469,34.02000045776367,33.58000183105469,33.84000015258789,32.409698486328125,513000
2011-05-26,VRSK,33.72999954223633,33.900001525878906,33.619998931884766,33.790000915527344,32.3618049621582,1031300
2011-05-26,VRSK,33.72999954223633,33.900001525878906,33.619998931884766,33.790000915527344,32.3618049621582,1031300
2011-05-27,VRSK,33.790000915527344,34.0099983215332,33.72999954223633,33.91999816894531,32.48630142211914,871600
2011-05-27,VRSK,33.790000915527344,34.0099983215332,33.72999954223633,33.91999816894531,32.48630142211914,871600
2011-05-31,VRSK,33.939998626708984,34.130001068115234,33.5,34.04999923706055,32.61080551147461,1351800
2011-05-31,VRSK,33.939998626708984,34.130001068115234,33.5,34.04999923706055,32.61080551147461,1351800
2011-06-01,VRSK,34.06999969482422,34.11000061035156,33.790000915527344,33.93000030517578,32.49588394165039,2948000
2011-06-01,VRSK,34.06999969482422,34.11000061035156,33.790000915527344,33.93000030517578,32.49588394165039,2948000
2011-06-02,VRSK,33.86000061035156,34.400001525878906,33.709999084472656,34.099998474121094,32.65869903564453,754000
2011-06-02,VRSK,33.86000061035156,34.400001525878906,33.709999084472656,34.099998474121094,32.65869903564453,754000
2011-06-03,VRSK,33.88999938964844,34.189998626708984,33.70000076293945,34.119998931884766,32.677860260009766,886200
2011-06-03,VRSK,33.88999938964844,34.189998626708984,33.70000076293945,34.119998931884766,32.677860260009766,886200
2011-06-06,VRSK,33.970001220703125,34.09000015258789,33.779998779296875,34.060001373291016,32.62039566040039,929700
2011-06-06,VRSK,33.970001220703125,34.09000015258789,33.779998779296875,34.060001373291016,32.62039566040039,929700
2011-06-07,VRSK,34.029998779296875,34.029998779296875,33.5,33.59000015258789,32.17026138305664,764300
2011-06-07,VRSK,34.029998779296875,34.029998779296875,33.5,33.59000015258789,32.17026138305664,764300
2011-06-08,VRSK,33.560001373291016,33.68000030517578,33.459999084472656,33.56999969482422,32.151092529296875,794600
2011-06-08,VRSK,33.560001373291016,33.68000030517578,33.459999084472656,33.56999969482422,32.151092529296875,794600
2011-06-09,VRSK,33.66999816894531,33.900001525878906,33.349998474121094,33.88999938964844,32.45756912231445,946800
2011-06-09,VRSK,33.66999816894531,33.900001525878906,33.349998474121094,33.88999938964844,32.45756912231445,946800
2011-06-10,VRSK,33.7400016784668,33.900001525878906,33.529998779296875,33.70000076293945,32.27560043334961,822500
2011-06-10,VRSK,33.7400016784668,33.900001525878906,33.529998779296875,33.70000076293945,32.27560043334961,822500
2011-06-13,VRSK,33.689998626708984,33.79999923706055,33.52000045776367,33.560001373291016,32.14152526855469,683000
2011-06-13,VRSK,33.689998626708984,33.79999923706055,33.52000045776367,33.560001373291016,32.14152526855469,683000
2011-06-14,VRSK,33.790000915527344,33.880001068115234,33.4900016784668,33.83000183105469,32.400115966796875,1274500
2011-06-14,VRSK,33.790000915527344,33.880001068115234,33.4900016784668,33.83000183105469,32.400115966796875,1274500
2011-06-15,VRSK,33.56999969482422,33.849998474121094,33.400001525878906,33.81999969482422,32.39054107666016,1228500
2011-06-15,VRSK,33.56999969482422,33.849998474121094,33.400001525878906,33.81999969482422,32.39054107666016,1228500
2011-06-16,VRSK,33.880001068115234,34.06999969482422,33.70000076293945,34.04999923706055,32.61080551147461,1049600
2011-06-16,VRSK,33.880001068115234,34.06999969482422,33.70000076293945,34.04999923706055,32.61080551147461,1049600
2011-06-17,VRSK,34.099998474121094,34.189998626708984,33.77000045776367,33.869998931884766,32.43842697143555,818500
2011-06-17,VRSK,34.099998474121094,34.189998626708984,33.77000045776367,33.869998931884766,32.43842697143555,818500
2011-06-20,VRSK,33.720001220703125,34.04999923706055,33.63999938964844,33.939998626708984,32.505462646484375,607400
2011-06-20,VRSK,33.720001220703125,34.04999923706055,33.63999938964844,33.939998626708984,32.505462646484375,607400
2011-06-21,VRSK,34.0,34.25,33.689998626708984,34.0,32.56292724609375,759900
2011-06-21,VRSK,34.0,34.25,33.689998626708984,34.0,32.56292724609375,759900
2011-06-22,VRSK,33.77000045776367,34.36000061035156,33.77000045776367,34.20000076293945,32.754478454589844,795500
2011-06-22,VRSK,33.77000045776367,34.36000061035156,33.77000045776367,34.20000076293945,32.754478454589844,795500
2011-06-23,VRSK,33.900001525878906,34.349998474121094,33.77000045776367,34.33000183105469,32.87897491455078,1116700
2011-06-23,VRSK,33.900001525878906,34.349998474121094,33.77000045776367,34.33000183105469,32.87897491455078,1116700
2011-06-24,VRSK,34.369998931884766,34.38999938964844,33.90999984741211,33.9900016784668,32.5533561706543,2212900
2011-06-24,VRSK,34.369998931884766,34.38999938964844,33.90999984741211,33.9900016784668,32.5533561706543,2212900
2011-06-27,VRSK,33.9900016784668,34.09000015258789,33.86000061035156,33.970001220703125,32.53418731689453,484800
2011-06-27,VRSK,33.9900016784668,34.09000015258789,33.86000061035156,33.970001220703125,32.53418731689453,484800
2011-06-28,VRSK,33.970001220703125,34.93000030517578,33.900001525878906,34.27000045776367,32.82151412963867,441600
2011-06-28,VRSK,33.970001220703125,34.93000030517578,33.900001525878906,34.27000045776367,32.82151412963867,441600
2011-06-29,VRSK,34.43000030517578,34.43000030517578,34.22999954223633,34.369998931884766,32.917274475097656,416100
2011-06-29,VRSK,34.43000030517578,34.43000030517578,34.22999954223633,34.369998931884766,32.917274475097656,416100
2011-06-30,VRSK,34.5,34.86000061035156,34.36000061035156,34.619998931884766,33.15672302246094,684700
2011-06-30,VRSK,34.5,34.86000061035156,34.36000061035156,34.619998931884766,33.15672302246094,684700
2011-07-01,VRSK,34.68000030517578,34.9900016784668,34.56999969482422,34.90999984741211,33.43447494506836,769100
2011-07-01,VRSK,34.68000030517578,34.9900016784668,34.56999969482422,34.90999984741211,33.43447494506836,769100
2011-07-05,VRSK,34.970001220703125,34.970001220703125,34.560001373291016,34.75,33.281227111816406,622700
2011-07-05,VRSK,34.970001220703125,34.970001220703125,34.560001373291016,34.75,33.281227111816406,622700
2011-07-06,VRSK,34.7599983215332,35.06999969482422,34.54999923706055,34.97999954223633,33.501495361328125,555000
2011-07-06,VRSK,34.7599983215332,35.06999969482422,34.54999923706055,34.97999954223633,33.501495361328125,555000
2011-07-07,VRSK,35.09000015258789,35.41999816894531,34.9900016784668,35.150001525878906,33.66432189941406,462600
2011-07-07,VRSK,35.09000015258789,35.41999816894531,34.9900016784668,35.150001525878906,33.66432189941406,462600
2011-07-08,VRSK,34.970001220703125,35.099998474121094,34.58000183105469,34.95000076293945,33.4727668762207,285300
2011-07-08,VRSK,34.970001220703125,35.099998474121094,34.58000183105469,34.95000076293945,33.4727668762207,285300
2011-07-11,VRSK,34.68000030517578,34.91999816894531,34.380001068115234,34.45000076293945,32.993919372558594,350400
2011-07-11,VRSK,34.68000030517578,34.91999816894531,34.380001068115234,34.45000076293945,32.993919372558594,350400
2011-07-12,VRSK,34.34000015258789,34.529998779296875,34.02000045776367,34.04999923706055,32.61080551147461,600800
2011-07-12,VRSK,34.34000015258789,34.529998779296875,34.02000045776367,34.04999923706055,32.61080551147461,600800
2011-07-13,VRSK,34.20000076293945,34.4900016784668,34.029998779296875,34.13999938964844,32.69701385498047,337000
2011-07-13,VRSK,34.20000076293945,34.4900016784668,34.029998779296875,34.13999938964844,32.69701385498047,337000
2011-07-14,VRSK,34.189998626708984,34.31999969482422,33.540000915527344,33.540000915527344,32.12236022949219,312400
2011-07-14,VRSK,34.189998626708984,34.31999969482422,33.540000915527344,33.540000915527344,32.12236022949219,312400
2011-07-15,VRSK,33.630001068115234,33.65999984741211,33.099998474121094,33.310001373291016,31.90208625793457,1034400
2011-07-15,VRSK,33.630001068115234,33.65999984741211,33.099998474121094,33.310001373291016,31.90208625793457,1034400
2011-07-18,VRSK,33.189998626708984,33.810001373291016,33.02000045776367,33.70000076293945,32.27560043334961,743000
2011-07-18,VRSK,33.189998626708984,33.810001373291016,33.02000045776367,33.70000076293945,32.27560043334961,743000
2011-07-19,VRSK,33.84000015258789,34.02000045776367,33.290000915527344,33.380001068115234,31.969135284423828,1114300
2011-07-19,VRSK,33.84000015258789,34.02000045776367,33.290000915527344,33.380001068115234,31.969135284423828,1114300
2011-07-20,VRSK,33.54999923706055,33.54999923706055,33.04999923706055,33.400001525878906,31.98828887939453,765200
2011-07-20,VRSK,33.54999923706055,33.54999923706055,33.04999923706055,33.400001525878906,31.98828887939453,765200
2011-07-21,VRSK,33.5099983215332,33.72999954223633,33.400001525878906,33.54999923706055,32.1319465637207,296300
2011-07-21,VRSK,33.5099983215332,33.72999954223633,33.400001525878906,33.54999923706055,32.1319465637207,296300
2011-07-22,VRSK,33.58000183105469,33.75,33.38999938964844,33.5099983215332,32.0936279296875,247100
2011-07-22,VRSK,33.58000183105469,33.75,33.38999938964844,33.5099983215332,32.0936279296875,247100
2011-07-25,VRSK,33.459999084472656,33.709999084472656,33.209999084472656,33.66999816894531,32.24687194824219,644400
2011-07-25,VRSK,33.459999084472656,33.709999084472656,33.209999084472656,33.66999816894531,32.24687194824219,644400
2011-07-26,VRSK,33.5,33.61000061035156,33.34000015258789,33.5,32.08406448364258,469500
2011-07-26,VRSK,33.5,33.61000061035156,33.34000015258789,33.5,32.08406448364258,469500
2011-07-27,VRSK,33.29999923706055,33.70000076293945,33.099998474121094,33.15999984741211,31.758420944213867,1017600
2011-07-27,VRSK,33.29999923706055,33.70000076293945,33.099998474121094,33.15999984741211,31.758420944213867,1017600
2011-07-28,VRSK,33.29999923706055,33.349998474121094,33.0,33.22999954223633,31.825462341308597,469800
2011-07-28,VRSK,33.29999923706055,33.349998474121094,33.0,33.22999954223633,31.825462341308597,469800
2011-07-29,VRSK,33.0,33.380001068115234,32.79999923706055,33.29999923706055,31.89251518249512,726600
2011-07-29,VRSK,33.0,33.380001068115234,32.79999923706055,33.29999923706055,31.89251518249512,726600
2011-08-01,VRSK,33.54999923706055,33.54999923706055,32.59000015258789,32.79999923706055,31.413650512695312,887100
2011-08-01,VRSK,33.54999923706055,33.54999923706055,32.59000015258789,32.79999923706055,31.413650512695312,887100
2011-08-02,VRSK,32.54999923706055,32.619998931884766,31.34000015258789,31.450000762939453,30.12070846557617,972900
2011-08-02,VRSK,32.54999923706055,32.619998931884766,31.34000015258789,31.450000762939453,30.12070846557617,972900
2011-08-03,VRSK,31.739999771118164,33.529998779296875,31.399999618530277,33.43000030517578,32.01700973510742,2174000
2011-08-03,VRSK,31.739999771118164,33.529998779296875,31.399999618530277,33.43000030517578,32.01700973510742,2174000
2011-08-04,VRSK,33.20000076293945,33.209999084472656,32.599998474121094,32.9900016784668,31.59562873840332,1809600
2011-08-04,VRSK,33.20000076293945,33.209999084472656,32.599998474121094,32.9900016784668,31.59562873840332,1809600
2011-08-05,VRSK,33.029998779296875,33.380001068115234,32.099998474121094,33.18000030517578,31.77758026123047,1875200
2011-08-05,VRSK,33.029998779296875,33.380001068115234,32.099998474121094,33.18000030517578,31.77758026123047,1875200
2011-08-08,VRSK,32.61000061035156,32.88999938964844,31.07999992370605,31.5,30.16859245300293,2519400
2011-08-08,VRSK,32.61000061035156,32.88999938964844,31.07999992370605,31.5,30.16859245300293,2519400
2011-08-09,VRSK,31.65999984741211,32.099998474121094,30.8799991607666,31.93000030517578,30.58042335510254,2793900
2011-08-09,VRSK,31.65999984741211,32.099998474121094,30.8799991607666,31.93000030517578,30.58042335510254,2793900
2011-08-10,VRSK,31.420000076293945,31.56999969482422,30.950000762939453,30.979999542236328,29.67057228088379,1484900
2011-08-10,VRSK,31.420000076293945,31.56999969482422,30.950000762939453,30.979999542236328,29.67057228088379,1484900
2011-08-11,VRSK,31.209999084472656,32.220001220703125,30.96999931335449,31.920000076293945,30.570838928222656,814500
2011-08-11,VRSK,31.209999084472656,32.220001220703125,30.96999931335449,31.920000076293945,30.570838928222656,814500
2011-08-12,VRSK,32.189998626708984,32.40999984741211,31.709999084472656,32.220001220703125,30.8581657409668,405100
2011-08-12,VRSK,32.189998626708984,32.40999984741211,31.709999084472656,32.220001220703125,30.8581657409668,405100
2011-08-15,VRSK,32.290000915527344,32.470001220703125,31.989999771118164,32.209999084472656,30.848583221435547,465300
2011-08-15,VRSK,32.290000915527344,32.470001220703125,31.989999771118164,32.209999084472656,30.848583221435547,465300
2011-08-16,VRSK,32.38999938964844,32.79999923706055,32.189998626708984,32.5,31.126333236694336,1139500
2011-08-16,VRSK,32.38999938964844,32.79999923706055,32.189998626708984,32.5,31.126333236694336,1139500
2011-08-17,VRSK,32.560001373291016,32.97999954223633,32.08000183105469,32.38999938964844,31.020973205566406,580900
2011-08-17,VRSK,32.560001373291016,32.97999954223633,32.08000183105469,32.38999938964844,31.020973205566406,580900
2011-08-18,VRSK,31.71999931335449,31.850000381469727,31.190000534057617,31.68000030517578,30.340988159179688,1216000
2011-08-18,VRSK,31.71999931335449,31.850000381469727,31.190000534057617,31.68000030517578,30.340988159179688,1216000
2011-08-19,VRSK,31.65999984741211,32.099998474121094,31.3799991607666,31.63999938964844,30.302677154541016,1351000
2011-08-19,VRSK,31.65999984741211,32.099998474121094,31.3799991607666,31.63999938964844,30.302677154541016,1351000
2011-08-22,VRSK,32.029998779296875,32.970001220703125,31.86000061035156,32.83000183105469,31.44237899780273,1790300
2011-08-22,VRSK,32.029998779296875,32.970001220703125,31.86000061035156,32.83000183105469,31.44237899780273,1790300
2011-08-23,VRSK,32.900001525878906,34.0,32.369998931884766,33.970001220703125,32.53418731689453,1382100
2011-08-23,VRSK,32.900001525878906,34.0,32.369998931884766,33.970001220703125,32.53418731689453,1382100
2011-08-24,VRSK,33.380001068115234,34.13999938964844,33.380001068115234,33.970001220703125,32.53418731689453,947600
2011-08-24,VRSK,33.380001068115234,34.13999938964844,33.380001068115234,33.970001220703125,32.53418731689453,947600
2011-08-25,VRSK,34.029998779296875,34.04999923706055,33.209999084472656,33.31999969482422,31.91166305541992,640100
2011-08-25,VRSK,34.029998779296875,34.04999923706055,33.209999084472656,33.31999969482422,31.91166305541992,640100
2011-08-26,VRSK,33.310001373291016,33.72999954223633,32.79999923706055,33.66999816894531,32.24687194824219,619000
2011-08-26,VRSK,33.310001373291016,33.72999954223633,32.79999923706055,33.66999816894531,32.24687194824219,619000
2011-08-29,VRSK,33.970001220703125,34.459999084472656,33.790000915527344,34.41999816894531,32.96517562866211,634400
2011-08-29,VRSK,33.970001220703125,34.459999084472656,33.790000915527344,34.41999816894531,32.96517562866211,634400
2011-08-30,VRSK,34.369998931884766,34.79999923706055,34.16999816894531,34.52000045776367,33.06095504760742,655900
2011-08-30,VRSK,34.369998931884766,34.79999923706055,34.16999816894531,34.52000045776367,33.06095504760742,655900
2011-08-31,VRSK,34.79999923706055,35.099998474121094,34.63999938964844,34.84000015258789,33.367408752441406,1374400
2011-08-31,VRSK,34.79999923706055,35.099998474121094,34.63999938964844,34.84000015258789,33.367408752441406,1374400
2011-09-01,VRSK,34.9900016784668,35.040000915527344,34.36000061035156,34.540000915527344,33.080101013183594,555600
2011-09-01,VRSK,34.9900016784668,35.040000915527344,34.36000061035156,34.540000915527344,33.080101013183594,555600
2011-09-02,VRSK,34.25,34.4900016784668,33.790000915527344,33.91999816894531,32.48630142211914,398100
2011-09-02,VRSK,34.25,34.4900016784668,33.790000915527344,33.91999816894531,32.48630142211914,398100
2011-09-06,VRSK,33.56999969482422,33.56999969482422,32.88999938964844,33.459999084472656,32.04574203491211,531100
2011-09-06,VRSK,33.56999969482422,33.56999969482422,32.88999938964844,33.459999084472656,32.04574203491211,531100
2011-09-07,VRSK,33.75,34.34000015258789,33.540000915527344,34.33000183105469,32.87897491455078,491300
2011-09-07,VRSK,33.75,34.34000015258789,33.540000915527344,34.33000183105469,32.87897491455078,491300
2011-09-08,VRSK,34.04999923706055,34.599998474121094,33.900001525878906,34.20000076293945,32.754478454589844,381700
2011-09-08,VRSK,34.04999923706055,34.599998474121094,33.900001525878906,34.20000076293945,32.754478454589844,381700
2011-09-09,VRSK,34.040000915527344,34.09000015258789,33.220001220703125,33.439998626708984,32.0265998840332,589700
2011-09-09,VRSK,34.040000915527344,34.09000015258789,33.220001220703125,33.439998626708984,32.0265998840332,589700
2011-09-12,VRSK,33.0099983215332,33.2599983215332,32.540000915527344,33.2599983215332,31.85420036315918,477800
2011-09-12,VRSK,33.0099983215332,33.2599983215332,32.540000915527344,33.2599983215332,31.85420036315918,477800
2011-09-13,VRSK,33.34000015258789,33.709999084472656,33.150001525878906,33.65999984741211,32.23728942871094,370100
2011-09-13,VRSK,33.34000015258789,33.709999084472656,33.150001525878906,33.65999984741211,32.23728942871094,370100
2011-09-14,VRSK,33.86000061035156,35.02000045776367,33.70000076293945,34.7400016784668,33.27165222167969,845500
2011-09-14,VRSK,33.86000061035156,35.02000045776367,33.70000076293945,34.7400016784668,33.27165222167969,845500
2011-09-15,VRSK,35.08000183105469,35.08000183105469,34.619998931884766,34.790000915527344,33.31953048706055,771200
2011-09-15,VRSK,35.08000183105469,35.08000183105469,34.619998931884766,34.790000915527344,33.31953048706055,771200
2011-09-16,VRSK,34.810001373291016,35.27000045776367,34.70000076293945,34.779998779296875,33.30995559692383,648700
2011-09-16,VRSK,34.810001373291016,35.27000045776367,34.70000076293945,34.779998779296875,33.30995559692383,648700
2011-09-19,VRSK,34.25,34.58000183105469,34.060001373291016,34.36000061035156,32.907711029052734,391300
2011-09-19,VRSK,34.25,34.58000183105469,34.060001373291016,34.36000061035156,32.907711029052734,391300
2011-09-20,VRSK,34.4900016784668,35.27000045776367,34.27000045776367,34.869998931884766,33.39615249633789,771000
2011-09-20,VRSK,34.4900016784668,35.27000045776367,34.27000045776367,34.869998931884766,33.39615249633789,771000
2011-09-21,VRSK,34.900001525878906,35.15999984741211,34.70000076293945,35.0,33.52065658569336,712100
2011-09-21,VRSK,34.900001525878906,35.15999984741211,34.70000076293945,35.0,33.52065658569336,712100
2011-09-22,VRSK,34.2400016784668,34.34000015258789,33.52000045776367,33.93000030517578,32.49588394165039,655500
2011-09-22,VRSK,34.2400016784668,34.34000015258789,33.52000045776367,33.93000030517578,32.49588394165039,655500
2011-09-23,VRSK,33.65999984741211,33.95000076293945,32.869998931884766,33.130001068115234,31.72970390319824,681700
2011-09-23,VRSK,33.65999984741211,33.95000076293945,32.869998931884766,33.130001068115234,31.72970390319824,681700
2011-09-26,VRSK,33.279998779296875,33.619998931884766,32.540000915527344,33.619998931884766,32.198974609375,756800
2011-09-26,VRSK,33.279998779296875,33.619998931884766,32.540000915527344,33.619998931884766,32.198974609375,756800
2011-09-27,VRSK,34.779998779296875,34.86000061035156,33.91999816894531,34.4900016784668,33.032222747802734,519900
2011-09-27,VRSK,34.779998779296875,34.86000061035156,33.91999816894531,34.4900016784668,33.032222747802734,519900
2011-09-28,VRSK,34.619998931884766,34.939998626708984,34.119998931884766,34.16999816894531,32.725738525390625,692300
2011-09-28,VRSK,34.619998931884766,34.939998626708984,34.119998931884766,34.16999816894531,32.725738525390625,692300
2011-09-29,VRSK,34.59000015258789,34.59000015258789,33.599998474121094,34.4900016784668,33.032222747802734,797700
2011-09-29,VRSK,34.59000015258789,34.59000015258789,33.599998474121094,34.4900016784668,33.032222747802734,797700
2011-09-30,VRSK,34.04999923706055,34.880001068115234,33.81999969482422,34.77000045776367,33.30038070678711,960800
2011-09-30,VRSK,34.04999923706055,34.880001068115234,33.81999969482422,34.77000045776367,33.30038070678711,960800
2011-10-03,VRSK,34.58000183105469,35.13999938964844,32.790000915527344,33.060001373291016,31.662656784057617,1153000
2011-10-03,VRSK,34.58000183105469,35.13999938964844,32.790000915527344,33.060001373291016,31.662656784057617,1153000
2011-10-04,VRSK,32.65999984741211,34.689998626708984,32.65999984741211,34.63999938964844,33.17586898803711,1177200
2011-10-04,VRSK,32.65999984741211,34.689998626708984,32.65999984741211,34.63999938964844,33.17586898803711,1177200
2011-10-05,VRSK,34.65999984741211,34.91999816894531,34.029998779296875,34.25,32.8023567199707,806200
2011-10-05,VRSK,34.65999984741211,34.91999816894531,34.029998779296875,34.25,32.8023567199707,806200
2011-10-06,VRSK,34.18000030517578,34.5099983215332,33.91999816894531,34.310001373291016,32.859832763671875,478900
2011-10-06,VRSK,34.18000030517578,34.5099983215332,33.91999816894531,34.310001373291016,32.859832763671875,478900
2011-10-07,VRSK,34.31999969482422,35.0,34.04999923706055,34.619998931884766,33.15672302246094,852000
2011-10-07,VRSK,34.31999969482422,35.0,34.04999923706055,34.619998931884766,33.15672302246094,852000
2011-10-10,VRSK,34.849998474121094,34.97999954223633,34.349998474121094,34.95000076293945,33.4727668762207,412700
2011-10-10,VRSK,34.849998474121094,34.97999954223633,34.349998474121094,34.95000076293945,33.4727668762207,412700
2011-10-11,VRSK,34.66999816894531,35.119998931884766,34.540000915527344,35.0,33.52065658569336,666000
2011-10-11,VRSK,34.66999816894531,35.119998931884766,34.540000915527344,35.0,33.52065658569336,666000
2011-10-12,VRSK,35.15999984741211,35.209999084472656,34.79999923706055,35.08000183105469,33.59727096557617,609800
2011-10-12,VRSK,35.15999984741211,35.209999084472656,34.79999923706055,35.08000183105469,33.59727096557617,609800
2011-10-13,VRSK,35.04999923706055,35.130001068115234,34.61000061035156,34.72999954223633,33.26206588745117,603400
2011-10-13,VRSK,35.04999923706055,35.130001068115234,34.61000061035156,34.72999954223633,33.26206588745117,603400
2011-10-14,VRSK,34.9900016784668,35.08000183105469,34.650001525878906,34.900001525878906,33.42490005493164,450800
2011-10-14,VRSK,34.9900016784668,35.08000183105469,34.650001525878906,34.900001525878906,33.42490005493164,450800
2011-10-17,VRSK,34.66999816894531,34.97999954223633,33.900001525878906,33.900001525878906,32.46715545654297,542700
2011-10-17,VRSK,34.66999816894531,34.97999954223633,33.900001525878906,33.900001525878906,32.46715545654297,542700
2011-10-18,VRSK,33.970001220703125,34.09000015258789,33.63999938964844,33.900001525878906,32.46715545654297,853600
2011-10-18,VRSK,33.970001220703125,34.09000015258789,33.63999938964844,33.900001525878906,32.46715545654297,853600
2011-10-19,VRSK,33.720001220703125,34.40999984741211,33.66999816894531,34.029998779296875,32.5916633605957,753600
2011-10-19,VRSK,33.720001220703125,34.40999984741211,33.66999816894531,34.029998779296875,32.5916633605957,753600
2011-10-20,VRSK,33.970001220703125,34.47999954223633,33.68000030517578,34.43000030517578,32.974761962890625,703300
2011-10-20,VRSK,33.970001220703125,34.47999954223633,33.68000030517578,34.43000030517578,32.974761962890625,703300
2011-10-21,VRSK,34.459999084472656,34.7599983215332,34.34000015258789,34.58000183105469,33.118412017822266,471000
2011-10-21,VRSK,34.459999084472656,34.7599983215332,34.34000015258789,34.58000183105469,33.118412017822266,471000
2011-10-24,VRSK,34.61000061035156,34.900001525878906,34.47999954223633,34.77000045776367,33.30038070678711,497400
2011-10-24,VRSK,34.61000061035156,34.900001525878906,34.47999954223633,34.77000045776367,33.30038070678711,497400
2011-10-25,VRSK,34.529998779296875,34.7599983215332,33.93000030517578,33.970001220703125,32.53418731689453,456800
2011-10-25,VRSK,34.529998779296875,34.7599983215332,33.93000030517578,33.970001220703125,32.53418731689453,456800
2011-10-26,VRSK,34.290000915527344,34.5099983215332,33.720001220703125,34.13999938964844,32.69701385498047,576900
2011-10-26,VRSK,34.290000915527344,34.5099983215332,33.720001220703125,34.13999938964844,32.69701385498047,576900
2011-10-27,VRSK,34.61000061035156,35.0,34.43000030517578,34.77000045776367,33.30038070678711,547900
2011-10-27,VRSK,34.61000061035156,35.0,34.43000030517578,34.77000045776367,33.30038070678711,547900
2011-10-28,VRSK,34.70000076293945,35.029998779296875,34.470001220703125,34.959999084472656,33.48233795166016,650100
2011-10-28,VRSK,34.70000076293945,35.029998779296875,34.470001220703125,34.959999084472656,33.48233795166016,650100
2011-10-31,VRSK,34.560001373291016,35.58000183105469,34.310001373291016,35.150001525878906,33.66432189941406,1335100
2011-10-31,VRSK,34.560001373291016,35.58000183105469,34.310001373291016,35.150001525878906,33.66432189941406,1335100
2011-11-01,VRSK,35.0099983215332,35.0099983215332,33.65999984741211,33.720001220703125,32.29475784301758,1055500
2011-11-01,VRSK,35.0099983215332,35.0099983215332,33.65999984741211,33.720001220703125,32.29475784301758,1055500
2011-11-02,VRSK,34.25,36.0,33.869998931884766,35.79999923706055,34.28684616088867,2036600
2011-11-02,VRSK,34.25,36.0,33.869998931884766,35.79999923706055,34.28684616088867,2036600
2011-11-03,VRSK,36.0,37.70000076293945,35.84000015258789,37.41999816894531,35.8383674621582,2097600
2011-11-03,VRSK,36.0,37.70000076293945,35.84000015258789,37.41999816894531,35.8383674621582,2097600
2011-11-04,VRSK,36.900001525878906,38.34000015258789,36.88999938964844,37.970001220703125,36.36513137817383,1973000
2011-11-04,VRSK,36.900001525878906,38.34000015258789,36.88999938964844,37.970001220703125,36.36513137817383,1973000
2011-11-07,VRSK,37.959999084472656,38.0,37.70000076293945,37.880001068115234,36.2789306640625,1152200
2011-11-07,VRSK,37.959999084472656,38.0,37.70000076293945,37.880001068115234,36.2789306640625,1152200
2011-11-08,VRSK,38.0,38.0,37.56999969482422,37.79999923706055,36.20230865478516,916300
2011-11-08,VRSK,38.0,38.0,37.56999969482422,37.79999923706055,36.20230865478516,916300
2011-11-09,VRSK,36.959999084472656,37.650001525878906,36.619998931884766,37.459999084472656,35.876678466796875,645500
2011-11-09,VRSK,36.959999084472656,37.650001525878906,36.619998931884766,37.459999084472656,35.876678466796875,645500
2011-11-10,VRSK,37.79999923706055,38.25,37.41999816894531,37.720001220703125,36.12569046020508,721700
2011-11-10,VRSK,37.79999923706055,38.25,37.41999816894531,37.720001220703125,36.12569046020508,721700
2011-11-11,VRSK,37.95000076293945,38.15999984741211,37.65999984741211,37.77999877929688,36.18315124511719,577000
2011-11-11,VRSK,37.95000076293945,38.15999984741211,37.65999984741211,37.77999877929688,36.18315124511719,577000
2011-11-14,VRSK,38.22999954223633,38.22999954223633,36.93999862670898,37.2400016784668,35.665985107421875,798000
2011-11-14,VRSK,38.22999954223633,38.22999954223633,36.93999862670898,37.2400016784668,35.665985107421875,798000
2011-11-15,VRSK,37.02999877929688,37.86000061035156,36.95000076293945,37.709999084472656,36.11611557006836,819400
2011-11-15,VRSK,37.02999877929688,37.86000061035156,36.95000076293945,37.709999084472656,36.11611557006836,819400
2011-11-16,VRSK,37.40999984741211,37.900001525878906,37.040000915527344,37.060001373291016,35.49357986450195,460500
2011-11-16,VRSK,37.40999984741211,37.900001525878906,37.040000915527344,37.060001373291016,35.49357986450195,460500
2011-11-17,VRSK,36.90999984741211,37.150001525878906,36.34999847412109,36.45000076293945,34.909366607666016,604700
2011-11-17,VRSK,36.90999984741211,37.150001525878906,36.34999847412109,36.45000076293945,34.909366607666016,604700
2011-11-18,VRSK,36.59000015258789,36.83000183105469,36.18999862670898,36.18999862670898,34.66035461425781,724600
2011-11-18,VRSK,36.59000015258789,36.83000183105469,36.18999862670898,36.18999862670898,34.66035461425781,724600
2011-11-21,VRSK,35.900001525878906,36.790000915527344,35.599998474121094,36.540000915527344,34.995574951171875,951100
2011-11-21,VRSK,35.900001525878906,36.790000915527344,35.599998474121094,36.540000915527344,34.995574951171875,951100
2011-11-22,VRSK,36.470001220703125,37.02000045776367,36.369998931884766,36.88999938964844,35.330780029296875,933400
2011-11-22,VRSK,36.470001220703125,37.02000045776367,36.369998931884766,36.88999938964844,35.330780029296875,933400
2011-11-23,VRSK,36.70000076293945,37.02000045776367,36.369998931884766,36.79999923706055,35.24457931518555,681200
2011-11-23,VRSK,36.70000076293945,37.02000045776367,36.369998931884766,36.79999923706055,35.24457931518555,681200
2011-11-25,VRSK,36.56999969482422,37.290000915527344,36.40999984741211,37.150001525878906,35.57978057861328,1169900
2011-11-25,VRSK,36.56999969482422,37.290000915527344,36.40999984741211,37.150001525878906,35.57978057861328,1169900
2011-11-28,VRSK,37.77999877929688,38.13999938964844,37.25,37.27999877929688,35.70427703857422,935400
2011-11-28,VRSK,37.77999877929688,38.13999938964844,37.25,37.27999877929688,35.70427703857422,935400
2011-11-29,VRSK,37.619998931884766,37.7599983215332,37.36000061035156,37.36000061035156,35.78091812133789,801100
2011-11-29,VRSK,37.619998931884766,37.7599983215332,37.36000061035156,37.36000061035156,35.78091812133789,801100
2011-11-30,VRSK,38.04999923706055,39.31999969482422,37.93000030517578,39.27999877929688,37.619747161865234,1544100
2011-11-30,VRSK,38.04999923706055,39.31999969482422,37.93000030517578,39.27999877929688,37.619747161865234,1544100
2011-12-01,VRSK,39.02999877929688,39.369998931884766,38.65999984741211,38.75,37.11215972900391,774200
2011-12-01,VRSK,39.02999877929688,39.369998931884766,38.65999984741211,38.75,37.11215972900391,774200
2011-12-02,VRSK,39.27000045776367,39.38999938964844,39.0,39.29999923706055,37.6389045715332,1477600
2011-12-02,VRSK,39.27000045776367,39.38999938964844,39.0,39.29999923706055,37.6389045715332,1477600
2011-12-05,VRSK,39.630001068115234,39.75,38.4900016784668,38.7400016784668,37.10260391235352,1411900
2011-12-05,VRSK,39.630001068115234,39.75,38.4900016784668,38.7400016784668,37.10260391235352,1411900
2011-12-06,VRSK,38.84999847412109,39.02000045776367,37.97999954223633,38.060001373291016,36.45133590698242,1001300
2011-12-06,VRSK,38.84999847412109,39.02000045776367,37.97999954223633,38.060001373291016,36.45133590698242,1001300
2011-12-07,VRSK,37.7599983215332,38.63999938964844,37.34000015258789,38.56999969482422,36.93976974487305,837600
2011-12-07,VRSK,37.7599983215332,38.63999938964844,37.34000015258789,38.56999969482422,36.93976974487305,837600
2011-12-08,VRSK,38.220001220703125,38.56999969482422,38.0,38.0,36.393856048583984,819100
2011-12-08,VRSK,38.220001220703125,38.56999969482422,38.0,38.0,36.393856048583984,819100
2011-12-09,VRSK,38.18999862670898,38.97999954223633,38.02999877929688,38.90999984741211,37.2653923034668,811000
2011-12-09,VRSK,38.18999862670898,38.97999954223633,38.02999877929688,38.90999984741211,37.2653923034668,811000
2011-12-12,VRSK,38.470001220703125,38.70000076293945,38.09000015258789,38.56999969482422,36.93976974487305,903900
2011-12-12,VRSK,38.470001220703125,38.70000076293945,38.09000015258789,38.56999969482422,36.93976974487305,903900
2011-12-13,VRSK,38.43000030517578,38.95000076293945,38.220001220703125,38.540000915527344,36.91103363037109,772900
2011-12-13,VRSK,38.43000030517578,38.95000076293945,38.220001220703125,38.540000915527344,36.91103363037109,772900
2011-12-14,VRSK,38.2599983215332,38.43000030517578,37.86000061035156,38.27000045776367,36.65245056152344,883500
2011-12-14,VRSK,38.2599983215332,38.43000030517578,37.86000061035156,38.27000045776367,36.65245056152344,883500
2011-12-15,VRSK,38.68999862670898,38.68999862670898,38.20000076293945,38.47999954223633,36.85356140136719,893100
2011-12-15,VRSK,38.68999862670898,38.68999862670898,38.20000076293945,38.47999954223633,36.85356140136719,893100
2011-12-16,VRSK,38.58000183105469,39.84000015258789,38.47999954223633,39.400001525878906,37.73468017578125,3969000
2011-12-16,VRSK,38.58000183105469,39.84000015258789,38.47999954223633,39.400001525878906,37.73468017578125,3969000
2011-12-19,VRSK,39.400001525878906,39.52000045776367,39.0,39.06999969482422,37.41863250732422,980500
2011-12-19,VRSK,39.400001525878906,39.52000045776367,39.0,39.06999969482422,37.41863250732422,980500
2011-12-20,VRSK,39.06999969482422,40.0,39.0,39.83000183105469,38.14651107788086,863500
2011-12-20,VRSK,39.06999969482422,40.0,39.0,39.83000183105469,38.14651107788086,863500
2011-12-21,VRSK,39.90999984741211,39.93000030517578,39.34000015258789,39.5,37.8304557800293,1022700
2011-12-21,VRSK,39.90999984741211,39.93000030517578,39.34000015258789,39.5,37.8304557800293,1022700
2011-12-22,VRSK,39.45000076293945,39.59000015258789,39.08000183105469,39.18000030517578,37.52398300170898,609000
2011-12-22,VRSK,39.45000076293945,39.59000015258789,39.08000183105469,39.18000030517578,37.52398300170898,609000
2011-12-23,VRSK,39.43000030517578,39.68000030517578,39.220001220703125,39.630001068115234,37.9549674987793,471700
2011-12-23,VRSK,39.43000030517578,39.68000030517578,39.220001220703125,39.630001068115234,37.9549674987793,471700
2011-12-27,VRSK,39.38999938964844,39.9900016784668,39.18000030517578,39.95000076293945,38.26143264770508,411200
2011-12-27,VRSK,39.38999938964844,39.9900016784668,39.18000030517578,39.95000076293945,38.26143264770508,411200
2011-12-28,VRSK,39.77999877929688,39.9900016784668,39.61000061035156,39.869998931884766,38.1848258972168,476900
2011-12-28,VRSK,39.77999877929688,39.9900016784668,39.61000061035156,39.869998931884766,38.1848258972168,476900
2011-12-29,VRSK,39.79999923706055,40.16999816894531,39.70000076293945,40.0099983215332,38.31890106201172,500800
2011-12-29,VRSK,39.79999923706055,40.16999816894531,39.70000076293945,40.0099983215332,38.31890106201172,500800
2011-12-30,VRSK,40.0099983215332,40.209999084472656,39.880001068115234,40.130001068115234,38.43383026123047,280800
2011-12-30,VRSK,40.0099983215332,40.209999084472656,39.880001068115234,40.130001068115234,38.43383026123047,280800
2012-01-03,VRSK,40.5099983215332,40.52000045776367,39.36000061035156,39.36000061035156,37.69636917114258,1294800
2012-01-03,VRSK,40.5099983215332,40.52000045776367,39.36000061035156,39.36000061035156,37.69636917114258,1294800
2012-01-04,VRSK,39.20000076293945,39.310001373291016,38.58000183105469,38.97999954223633,37.33243560791016,660800
2012-01-04,VRSK,39.20000076293945,39.310001373291016,38.58000183105469,38.97999954223633,37.33243560791016,660800
2012-01-05,VRSK,38.86000061035156,39.22999954223633,38.43999862670898,39.130001068115234,37.47609329223633,635600
2012-01-05,VRSK,38.86000061035156,39.22999954223633,38.43999862670898,39.130001068115234,37.47609329223633,635600
2012-01-06,VRSK,39.040000915527344,39.4900016784668,39.02000045776367,39.369998931884766,37.70595169067383,588700
2012-01-06,VRSK,39.040000915527344,39.4900016784668,39.02000045776367,39.369998931884766,37.70595169067383,588700
2012-01-09,VRSK,39.4900016784668,39.5,38.880001068115234,39.380001068115234,37.71552276611328,461100
2012-01-09,VRSK,39.4900016784668,39.5,38.880001068115234,39.380001068115234,37.71552276611328,461100
2012-01-10,VRSK,39.4900016784668,39.79999923706055,39.459999084472656,39.77000045776367,38.089054107666016,757300
2012-01-10,VRSK,39.4900016784668,39.79999923706055,39.459999084472656,39.77000045776367,38.089054107666016,757300
2012-01-11,VRSK,39.65999984741211,40.25,39.25,40.22999954223633,38.52958679199219,598700
2012-01-11,VRSK,39.65999984741211,40.25,39.25,40.22999954223633,38.52958679199219,598700
2012-01-12,VRSK,40.34000015258789,40.38999938964844,39.650001525878906,39.79999923706055,38.11778259277344,612000
2012-01-12,VRSK,40.34000015258789,40.38999938964844,39.650001525878906,39.79999923706055,38.11778259277344,612000
2012-01-13,VRSK,39.70000076293945,40.08000183105469,39.70000076293945,40.0,38.30932235717773,291900
2012-01-13,VRSK,39.70000076293945,40.08000183105469,39.70000076293945,40.0,38.30932235717773,291900
2012-01-17,VRSK,40.15999984741211,40.16999816894531,39.27000045776367,39.290000915527344,37.62932968139648,648500
2012-01-17,VRSK,40.15999984741211,40.16999816894531,39.27000045776367,39.290000915527344,37.62932968139648,648500
2012-01-18,VRSK,39.31999969482422,39.97999954223633,39.060001373291016,39.970001220703125,38.28060150146485,509400
2012-01-18,VRSK,39.31999969482422,39.97999954223633,39.060001373291016,39.970001220703125,38.28060150146485,509400
2012-01-19,VRSK,39.90999984741211,41.0099983215332,39.709999084472656,40.47999954223633,38.76902770996094,1044200
2012-01-19,VRSK,39.90999984741211,41.0099983215332,39.709999084472656,40.47999954223633,38.76902770996094,1044200
2012-01-20,VRSK,40.369998931884766,40.619998931884766,39.77999877929688,40.0099983215332,38.31890106201172,862200
2012-01-20,VRSK,40.369998931884766,40.619998931884766,39.77999877929688,40.0099983215332,38.31890106201172,862200
2012-01-23,VRSK,39.93000030517578,40.20000076293945,39.38999938964844,39.959999084472656,38.27101516723633,617900
2012-01-23,VRSK,39.93000030517578,40.20000076293945,39.38999938964844,39.959999084472656,38.27101516723633,617900
2012-01-24,VRSK,39.65999984741211,40.38999938964844,39.65999984741211,39.97999954223633,38.2901725769043,666000
2012-01-24,VRSK,39.65999984741211,40.38999938964844,39.65999984741211,39.97999954223633,38.2901725769043,666000
2012-01-25,VRSK,39.93999862670898,40.34999847412109,39.75,40.29999923706055,38.596641540527344,607700
2012-01-25,VRSK,39.93999862670898,40.34999847412109,39.75,40.29999923706055,38.596641540527344,607700
2012-01-26,VRSK,40.27000045776367,40.709999084472656,40.02000045776367,40.09000015258789,38.39551162719727,526300
2012-01-26,VRSK,40.27000045776367,40.709999084472656,40.02000045776367,40.09000015258789,38.39551162719727,526300
2012-01-27,VRSK,39.91999816894531,40.470001220703125,39.91999816894531,40.2599983215332,38.5583381652832,457100
2012-01-27,VRSK,39.91999816894531,40.470001220703125,39.91999816894531,40.2599983215332,38.5583381652832,457100
2012-01-30,VRSK,40.119998931884766,40.4900016784668,40.04999923706055,40.2599983215332,38.5583381652832,381700
2012-01-30,VRSK,40.119998931884766,40.4900016784668,40.04999923706055,40.2599983215332,38.5583381652832,381700
2012-01-31,VRSK,40.36000061035156,40.790000915527344,40.0,40.060001373291016,38.366798400878906,569400
2012-01-31,VRSK,40.36000061035156,40.790000915527344,40.0,40.060001373291016,38.366798400878906,569400
2012-02-01,VRSK,40.310001373291016,40.560001373291016,39.79999923706055,39.91999816894531,38.23271560668945,1148000
2012-02-01,VRSK,40.310001373291016,40.560001373291016,39.79999923706055,39.91999816894531,38.23271560668945,1148000
2012-02-02,VRSK,40.02000045776367,40.02000045776367,39.380001068115234,39.470001220703125,37.801734924316406,680800
2012-02-02,VRSK,40.02000045776367,40.02000045776367,39.380001068115234,39.470001220703125,37.801734924316406,680800
2012-02-03,VRSK,39.869998931884766,40.630001068115234,39.63999938964844,40.61000061035156,38.8935432434082,834500
2012-02-03,VRSK,39.869998931884766,40.630001068115234,39.63999938964844,40.61000061035156,38.8935432434082,834500
2012-02-06,VRSK,39.970001220703125,41.18000030517578,39.93999862670898,41.09999847412109,39.36283874511719,978500
2012-02-06,VRSK,39.970001220703125,41.18000030517578,39.93999862670898,41.09999847412109,39.36283874511719,978500
2012-02-07,VRSK,40.97999954223633,41.08000183105469,40.790000915527344,40.91999816894531,39.1904411315918,474500
2012-02-07,VRSK,40.97999954223633,41.08000183105469,40.790000915527344,40.91999816894531,39.1904411315918,474500
2012-02-08,VRSK,40.790000915527344,41.150001525878906,40.720001220703125,40.810001373291016,39.08509063720703,385300
2012-02-08,VRSK,40.790000915527344,41.150001525878906,40.720001220703125,40.810001373291016,39.08509063720703,385300
2012-02-09,VRSK,40.84999847412109,40.9900016784668,40.54999923706055,40.68000030517578,38.960575103759766,277400
2012-02-09,VRSK,40.84999847412109,40.9900016784668,40.54999923706055,40.68000030517578,38.960575103759766,277400
2012-02-10,VRSK,40.43999862670898,40.540000915527344,39.84000015258789,40.43999862670898,38.73072052001953,363500
2012-02-10,VRSK,40.43999862670898,40.540000915527344,39.84000015258789,40.43999862670898,38.73072052001953,363500
2012-02-13,VRSK,40.540000915527344,40.959999084472656,40.369998931884766,40.470001220703125,38.75945281982422,377500
2012-02-13,VRSK,40.540000915527344,40.959999084472656,40.369998931884766,40.470001220703125,38.75945281982422,377500
2012-02-14,VRSK,40.27000045776367,40.65999984741211,39.68000030517578,40.650001525878906,38.93185806274414,416100
2012-02-14,VRSK,40.27000045776367,40.65999984741211,39.68000030517578,40.650001525878906,38.93185806274414,416100
2012-02-15,VRSK,40.70000076293945,41.5099983215332,40.650001525878906,41.29999923706055,39.554386138916016,1030800
2012-02-15,VRSK,40.70000076293945,41.5099983215332,40.650001525878906,41.29999923706055,39.554386138916016,1030800
2012-02-16,VRSK,41.540000915527344,41.709999084472656,41.16999816894531,41.540000915527344,39.78423309326172,688300
2012-02-16,VRSK,41.540000915527344,41.709999084472656,41.16999816894531,41.540000915527344,39.78423309326172,688300
2012-02-17,VRSK,41.400001525878906,41.84000015258789,41.27000045776367,41.27999877929688,39.53522491455078,296800
2012-02-17,VRSK,41.400001525878906,41.84000015258789,41.27000045776367,41.27999877929688,39.53522491455078,296800
2012-02-21,VRSK,41.09999847412109,41.20000076293945,40.5099983215332,40.970001220703125,39.23832702636719,607900
2012-02-21,VRSK,41.09999847412109,41.20000076293945,40.5099983215332,40.970001220703125,39.23832702636719,607900
2012-02-22,VRSK,41.15999984741211,41.43999862670898,40.880001068115234,41.22999954223633,39.48733901977539,271200
2012-02-22,VRSK,41.15999984741211,41.43999862670898,40.880001068115234,41.22999954223633,39.48733901977539,271200
2012-02-23,VRSK,41.130001068115234,41.86000061035156,41.130001068115234,41.75,39.98535537719727,340200
2012-02-23,VRSK,41.130001068115234,41.86000061035156,41.130001068115234,41.75,39.98535537719727,340200
2012-02-24,VRSK,41.63999938964844,42.040000915527344,41.34000015258789,42.0,40.22478866577149,581700
2012-02-24,VRSK,41.63999938964844,42.040000915527344,41.34000015258789,42.0,40.22478866577149,581700
2012-02-27,VRSK,42.0,42.540000915527344,41.66999816894531,42.13999938964844,40.3588752746582,736100
2012-02-27,VRSK,42.0,42.540000915527344,41.66999816894531,42.13999938964844,40.3588752746582,736100
2012-02-28,VRSK,42.43000030517578,42.43000030517578,42.040000915527344,42.18000030517578,40.39717864990234,712000
2012-02-28,VRSK,42.43000030517578,42.43000030517578,42.040000915527344,42.18000030517578,40.39717864990234,712000
2012-02-29,VRSK,44.380001068115234,44.58000183105469,43.18000030517578,43.5,41.66138458251953,3615900
2012-02-29,VRSK,44.380001068115234,44.58000183105469,43.18000030517578,43.5,41.66138458251953,3615900
2012-03-01,VRSK,43.560001373291016,43.9900016784668,43.040000915527344,43.20000076293945,41.37407302856445,886900
2012-03-01,VRSK,43.560001373291016,43.9900016784668,43.040000915527344,43.20000076293945,41.37407302856445,886900
2012-03-02,VRSK,42.9900016784668,43.650001525878906,42.380001068115234,42.650001525878906,40.84732437133789,741200
2012-03-02,VRSK,42.9900016784668,43.650001525878906,42.380001068115234,42.650001525878906,40.84732437133789,741200
2012-03-05,VRSK,43.36000061035156,43.59999847412109,42.86000061035156,43.56999969482422,41.728424072265625,879800
2012-03-05,VRSK,43.36000061035156,43.59999847412109,42.86000061035156,43.56999969482422,41.728424072265625,879800
2012-03-06,VRSK,43.09000015258789,43.810001373291016,43.0099983215332,43.79999923706055,41.94871139526367,994600
2012-03-06,VRSK,43.09000015258789,43.810001373291016,43.0099983215332,43.79999923706055,41.94871139526367,994600
2012-03-07,VRSK,43.7400016784668,45.130001068115234,43.40999984741211,44.15999984741211,42.293495178222656,1788100
2012-03-07,VRSK,43.7400016784668,45.130001068115234,43.40999984741211,44.15999984741211,42.293495178222656,1788100
2012-03-08,VRSK,44.209999084472656,44.630001068115234,44.09999847412109,44.150001525878906,42.2839241027832,593100
2012-03-08,VRSK,44.209999084472656,44.630001068115234,44.09999847412109,44.150001525878906,42.2839241027832,593100
2012-03-09,VRSK,44.2599983215332,45.31999969482422,44.16999816894531,45.09999847412109,43.193756103515625,918200
2012-03-09,VRSK,44.2599983215332,45.31999969482422,44.16999816894531,45.09999847412109,43.193756103515625,918200
2012-03-12,VRSK,45.369998931884766,45.369998931884766,44.68000030517578,44.7400016784668,42.84897994995117,634900
2012-03-12,VRSK,45.369998931884766,45.369998931884766,44.68000030517578,44.7400016784668,42.84897994995117,634900
2012-03-13,VRSK,45.02000045776367,45.400001525878906,44.56999969482422,45.38999938964844,43.47150421142578,586100
2012-03-13,VRSK,45.02000045776367,45.400001525878906,44.56999969482422,45.38999938964844,43.47150421142578,586100
2012-03-14,VRSK,45.220001220703125,45.220001220703125,44.4900016784668,44.650001525878906,42.76278305053711,523400
2012-03-14,VRSK,45.220001220703125,45.220001220703125,44.4900016784668,44.650001525878906,42.76278305053711,523400
2012-03-15,VRSK,44.7599983215332,45.09999847412109,44.52000045776367,44.9900016784668,43.08841323852539,658200
2012-03-15,VRSK,44.7599983215332,45.09999847412109,44.52000045776367,44.9900016784668,43.08841323852539,658200
2012-03-16,VRSK,45.0,45.22999954223633,44.619998931884766,44.72999954223633,42.83939743041992,404400
2012-03-16,VRSK,45.0,45.22999954223633,44.619998931884766,44.72999954223633,42.83939743041992,404400
2012-03-19,VRSK,45.58000183105469,45.720001220703125,45.02000045776367,45.220001220703125,43.30870056152344,1090500
2012-03-19,VRSK,45.58000183105469,45.720001220703125,45.02000045776367,45.220001220703125,43.30870056152344,1090500
2012-03-20,VRSK,45.27999877929688,45.5,44.91999816894531,45.43999862670898,43.51939392089844,879600
2012-03-20,VRSK,45.27999877929688,45.5,44.91999816894531,45.43999862670898,43.51939392089844,879600
2012-03-21,VRSK,45.52000045776367,46.290000915527344,45.36000061035156,45.79999923706055,43.86417007446289,815800
2012-03-21,VRSK,45.52000045776367,46.290000915527344,45.36000061035156,45.79999923706055,43.86417007446289,815800
2012-03-22,VRSK,45.77000045776367,46.25,45.630001068115234,46.09000015258789,44.14191436767578,1021800
2012-03-22,VRSK,45.77000045776367,46.25,45.630001068115234,46.09000015258789,44.14191436767578,1021800
2012-03-23,VRSK,46.369998931884766,46.38999938964844,45.75,46.0,44.05572891235352,922800
2012-03-23,VRSK,46.369998931884766,46.38999938964844,45.75,46.0,44.05572891235352,922800
2012-03-26,VRSK,46.27999877929688,47.36000061035156,46.25,47.33000183105469,45.32950210571289,1414100
2012-03-26,VRSK,46.27999877929688,47.36000061035156,46.25,47.33000183105469,45.32950210571289,1414100
2012-03-27,VRSK,47.43000030517578,47.52999877929688,46.81999969482422,46.88999938964844,44.90810394287109,1731600
2012-03-27,VRSK,47.43000030517578,47.52999877929688,46.81999969482422,46.88999938964844,44.90810394287109,1731600
2012-03-28,VRSK,47.02000045776367,47.18999862670898,46.470001220703125,46.77000045776367,44.79318237304688,631800
2012-03-28,VRSK,47.02000045776367,47.18999862670898,46.470001220703125,46.77000045776367,44.79318237304688,631800
2012-03-29,VRSK,46.52999877929688,47.0,46.52999877929688,46.93999862670898,44.955997467041016,476900
2012-03-29,VRSK,46.52999877929688,47.0,46.52999877929688,46.93999862670898,44.955997467041016,476900
2012-03-30,VRSK,47.040000915527344,47.18000030517578,46.75,46.970001220703125,44.9847297668457,962900
2012-03-30,VRSK,47.040000915527344,47.18000030517578,46.75,46.970001220703125,44.9847297668457,962900
2012-04-02,VRSK,46.7599983215332,46.95000076293945,46.540000915527344,46.81999969482422,44.841068267822266,928800
2012-04-02,VRSK,46.7599983215332,46.95000076293945,46.540000915527344,46.81999969482422,44.841068267822266,928800
2012-04-03,VRSK,46.66999816894531,47.43999862670898,46.66999816894531,47.34000015258789,45.33908462524414,577600
2012-04-03,VRSK,46.66999816894531,47.43999862670898,46.66999816894531,47.34000015258789,45.33908462524414,577600
2012-04-04,VRSK,47.130001068115234,47.2599983215332,46.720001220703125,47.18999862670898,45.1954231262207,554700
2012-04-04,VRSK,47.130001068115234,47.2599983215332,46.720001220703125,47.18999862670898,45.1954231262207,554700
2012-04-05,VRSK,46.97999954223633,47.22999954223633,46.77000045776367,47.130001068115234,45.13796615600586,692400
2012-04-05,VRSK,46.97999954223633,47.22999954223633,46.77000045776367,47.130001068115234,45.13796615600586,692400
2012-04-09,VRSK,46.970001220703125,46.970001220703125,46.66999816894531,46.83000183105469,44.85064315795898,603000
2012-04-09,VRSK,46.970001220703125,46.970001220703125,46.66999816894531,46.83000183105469,44.85064315795898,603000
2012-04-10,VRSK,46.880001068115234,47.0,46.02999877929688,46.34000015258789,44.38135147094727,737500
2012-04-10,VRSK,46.880001068115234,47.0,46.02999877929688,46.34000015258789,44.38135147094727,737500
2012-04-11,VRSK,46.709999084472656,47.959999084472656,46.47999954223633,47.90999984741211,45.88498306274414,1382900
2012-04-11,VRSK,46.709999084472656,47.959999084472656,46.47999954223633,47.90999984741211,45.88498306274414,1382900
2012-04-12,VRSK,47.72999954223633,47.88999938964844,47.2599983215332,47.470001220703125,45.46358489990234,725700
2012-04-12,VRSK,47.72999954223633,47.88999938964844,47.2599983215332,47.470001220703125,45.46358489990234,725700
2012-04-13,VRSK,47.54999923706055,47.56999969482422,47.11000061035156,47.22999954223633,45.233734130859375,473900
2012-04-13,VRSK,47.54999923706055,47.56999969482422,47.11000061035156,47.22999954223633,45.233734130859375,473900
2012-04-16,VRSK,47.33000183105469,47.5,46.900001525878906,47.040000915527344,45.0517692565918,496600
2012-04-16,VRSK,47.33000183105469,47.5,46.900001525878906,47.040000915527344,45.0517692565918,496600
2012-04-17,VRSK,47.470001220703125,47.9900016784668,47.16999816894531,47.68999862670898,45.67428970336914,608200
2012-04-17,VRSK,47.470001220703125,47.9900016784668,47.16999816894531,47.68999862670898,45.67428970336914,608200
2012-04-18,VRSK,47.650001525878906,48.0,47.470001220703125,48.0,45.97119140625,463700
2012-04-18,VRSK,47.650001525878906,48.0,47.470001220703125,48.0,45.97119140625,463700
2012-04-19,VRSK,48.0,48.18999862670898,47.34999847412109,47.619998931884766,45.607234954833984,436000
2012-04-19,VRSK,48.0,48.18999862670898,47.34999847412109,47.619998931884766,45.607234954833984,436000
2012-04-20,VRSK,47.84000015258789,48.09999847412109,47.59000015258789,47.970001220703125,45.94245910644531,853300
2012-04-20,VRSK,47.84000015258789,48.09999847412109,47.59000015258789,47.970001220703125,45.94245910644531,853300
2012-04-23,VRSK,47.720001220703125,48.18999862670898,47.52000045776367,48.13999938964844,46.10527420043945,677800
2012-04-23,VRSK,47.720001220703125,48.18999862670898,47.52000045776367,48.13999938964844,46.10527420043945,677800
2012-04-24,VRSK,48.0,48.470001220703125,47.709999084472656,47.77000045776367,45.75091171264648,726700
2012-04-24,VRSK,48.0,48.470001220703125,47.709999084472656,47.77000045776367,45.75091171264648,726700
2012-04-25,VRSK,48.27999877929688,48.59999847412109,47.97999954223633,48.470001220703125,46.42131805419922,808700
2012-04-25,VRSK,48.27999877929688,48.59999847412109,47.97999954223633,48.470001220703125,46.42131805419922,808700
2012-04-26,VRSK,48.34999847412109,49.29999923706055,48.34999847412109,49.22999954223633,47.149192810058594,902300
2012-04-26,VRSK,48.34999847412109,49.29999923706055,48.34999847412109,49.22999954223633,47.149192810058594,902300
2012-04-27,VRSK,49.470001220703125,49.65999984741211,49.20000076293945,49.43000030517578,47.34074783325195,782800
2012-04-27,VRSK,49.470001220703125,49.65999984741211,49.20000076293945,49.43000030517578,47.34074783325195,782800
2012-04-30,VRSK,49.31999969482422,49.40999984741211,48.869998931884766,48.95000076293945,46.88103866577149,679700
2012-04-30,VRSK,49.31999969482422,49.40999984741211,48.869998931884766,48.95000076293945,46.88103866577149,679700
2012-05-01,VRSK,49.150001525878906,49.380001068115234,48.09000015258789,48.16999816894531,46.13399887084961,1270100
2012-05-01,VRSK,49.150001525878906,49.380001068115234,48.09000015258789,48.16999816894531,46.13399887084961,1270100
2012-05-02,VRSK,47.59999847412109,49.380001068115234,47.400001525878906,49.18000030517578,47.101318359375,1651300
2012-05-02,VRSK,47.59999847412109,49.380001068115234,47.400001525878906,49.18000030517578,47.101318359375,1651300
2012-05-03,VRSK,49.36000061035156,49.43000030517578,48.43999862670898,48.84000015258789,46.77568054199219,1424400
2012-05-03,VRSK,49.36000061035156,49.43000030517578,48.43999862670898,48.84000015258789,46.77568054199219,1424400
2012-05-04,VRSK,48.650001525878906,49.09000015258789,48.560001373291016,49.02999877929688,46.95766830444336,743200
2012-05-04,VRSK,48.650001525878906,49.09000015258789,48.560001373291016,49.02999877929688,46.95766830444336,743200
2012-05-07,VRSK,49.02999877929688,49.09000015258789,48.58000183105469,48.810001373291016,46.7469482421875,979700
2012-05-07,VRSK,49.02999877929688,49.09000015258789,48.58000183105469,48.810001373291016,46.7469482421875,979700
2012-05-08,VRSK,48.56999969482422,49.0,48.27999877929688,48.9900016784668,46.919342041015625,922400
2012-05-08,VRSK,48.56999969482422,49.0,48.27999877929688,48.9900016784668,46.919342041015625,922400
2012-05-09,VRSK,48.72999954223633,48.880001068115234,48.09999847412109,48.18999862670898,46.15316009521485,1109400
2012-05-09,VRSK,48.72999954223633,48.880001068115234,48.09999847412109,48.18999862670898,46.15316009521485,1109400
2012-05-10,VRSK,48.470001220703125,48.59999847412109,48.09999847412109,48.52000045776367,46.46921157836914,473000
2012-05-10,VRSK,48.470001220703125,48.59999847412109,48.09999847412109,48.52000045776367,46.46921157836914,473000
2012-05-11,VRSK,48.369998931884766,49.02000045776367,48.34000015258789,48.93999862670898,46.87145233154297,450300
2012-05-11,VRSK,48.369998931884766,49.02000045776367,48.34000015258789,48.93999862670898,46.87145233154297,450300
2012-05-14,VRSK,48.709999084472656,48.83000183105469,48.20000076293945,48.68999862670898,46.63202667236328,505600
2012-05-14,VRSK,48.709999084472656,48.83000183105469,48.20000076293945,48.68999862670898,46.63202667236328,505600
2012-05-15,VRSK,48.83000183105469,49.09000015258789,48.58000183105469,48.88999938964844,46.823577880859375,763800
2012-05-15,VRSK,48.83000183105469,49.09000015258789,48.58000183105469,48.88999938964844,46.823577880859375,763800
2012-05-16,VRSK,49.02999877929688,49.2400016784668,48.7599983215332,48.97999954223633,46.90977096557617,463800
2012-05-16,VRSK,49.02999877929688,49.2400016784668,48.7599983215332,48.97999954223633,46.90977096557617,463800
2012-05-17,VRSK,48.900001525878906,48.900001525878906,47.709999084472656,47.93999862670898,45.913719177246094,487300
2012-05-17,VRSK,48.900001525878906,48.900001525878906,47.709999084472656,47.93999862670898,45.913719177246094,487300
2012-05-18,VRSK,47.93999862670898,48.11000061035156,47.220001220703125,47.31999969482422,45.3199348449707,695000
2012-05-18,VRSK,47.93999862670898,48.11000061035156,47.220001220703125,47.31999969482422,45.3199348449707,695000
2012-05-21,VRSK,47.66999816894531,47.66999816894531,47.130001068115234,47.58000183105469,45.56893539428711,1053400
2012-05-21,VRSK,47.66999816894531,47.66999816894531,47.130001068115234,47.58000183105469,45.56893539428711,1053400
2012-05-22,VRSK,47.900001525878906,48.20000076293945,47.63999938964844,47.970001220703125,45.94245910644531,534000
2012-05-22,VRSK,47.900001525878906,48.20000076293945,47.63999938964844,47.970001220703125,45.94245910644531,534000
2012-05-23,VRSK,47.810001373291016,48.08000183105469,47.40999984741211,47.959999084472656,45.93288040161133,616000
2012-05-23,VRSK,47.810001373291016,48.08000183105469,47.40999984741211,47.959999084472656,45.93288040161133,616000
2012-05-24,VRSK,48.20000076293945,48.36000061035156,47.720001220703125,47.97999954223633,45.9520378112793,506200
2012-05-24,VRSK,48.20000076293945,48.36000061035156,47.720001220703125,47.97999954223633,45.9520378112793,506200
2012-05-25,VRSK,47.38999938964844,48.2400016784668,47.38999938964844,47.959999084472656,45.93288040161133,382600
2012-05-25,VRSK,47.38999938964844,48.2400016784668,47.38999938964844,47.959999084472656,45.93288040161133,382600
2012-05-29,VRSK,48.27000045776367,48.290000915527344,47.720001220703125,48.09000015258789,46.05739212036133,440100
2012-05-29,VRSK,48.27000045776367,48.290000915527344,47.720001220703125,48.09000015258789,46.05739212036133,440100
2012-05-30,VRSK,47.59999847412109,48.290000915527344,47.59999847412109,47.88999938964844,45.86582565307617,668500
2012-05-30,VRSK,47.59999847412109,48.290000915527344,47.59999847412109,47.88999938964844,45.86582565307617,668500
2012-05-31,VRSK,47.88999938964844,48.04999923706055,47.43000030517578,47.900001525878906,45.87541580200195,805500
2012-05-31,VRSK,47.88999938964844,48.04999923706055,47.43000030517578,47.900001525878906,45.87541580200195,805500
2012-06-01,VRSK,47.54999923706055,47.77999877929688,46.43000030517578,46.75,44.774024963378906,761600
2012-06-01,VRSK,47.54999923706055,47.77999877929688,46.43000030517578,46.75,44.774024963378906,761600
2012-06-04,VRSK,46.5099983215332,46.84000015258789,46.27000045776367,46.54999923706055,44.58247756958008,629600
2012-06-04,VRSK,46.5099983215332,46.84000015258789,46.27000045776367,46.54999923706055,44.58247756958008,629600
2012-06-05,VRSK,46.66999816894531,46.790000915527344,45.84999847412109,46.369998931884766,44.41008377075195,809200
2012-06-05,VRSK,46.66999816894531,46.790000915527344,45.84999847412109,46.369998931884766,44.41008377075195,809200
2012-06-06,VRSK,46.7599983215332,47.43999862670898,46.70000076293945,47.29999923706055,45.30077362060547,588000
2012-06-06,VRSK,46.7599983215332,47.43999862670898,46.70000076293945,47.29999923706055,45.30077362060547,588000
2012-06-07,VRSK,47.540000915527344,47.77000045776367,46.93999862670898,47.09000015258789,45.09965133666992,632300
2012-06-07,VRSK,47.540000915527344,47.77000045776367,46.93999862670898,47.09000015258789,45.09965133666992,632300
2012-06-08,VRSK,47.060001373291016,47.59999847412109,46.90999984741211,47.59000015258789,45.57851791381836,708900
2012-06-08,VRSK,47.060001373291016,47.59999847412109,46.90999984741211,47.59000015258789,45.57851791381836,708900
2012-06-11,VRSK,48.04999923706055,48.09000015258789,47.54999923706055,47.59999847412109,45.58809280395508,663900
2012-06-11,VRSK,48.04999923706055,48.09000015258789,47.54999923706055,47.59999847412109,45.58809280395508,663900
2012-06-12,VRSK,47.540000915527344,47.7400016784668,47.34999847412109,47.43000030517578,45.42527770996094,421200
2012-06-12,VRSK,47.540000915527344,47.7400016784668,47.34999847412109,47.43000030517578,45.42527770996094,421200
2012-06-13,VRSK,47.22999954223633,47.77000045776367,47.06999969482422,47.70000076293945,45.68387222290039,837600
2012-06-13,VRSK,47.22999954223633,47.77000045776367,47.06999969482422,47.70000076293945,45.68387222290039,837600
2012-06-14,VRSK,47.75,48.09000015258789,47.68000030517578,48.08000183105469,46.04780960083008,593100
2012-06-14,VRSK,47.75,48.09000015258789,47.68000030517578,48.08000183105469,46.04780960083008,593100
2012-06-15,VRSK,48.34000015258789,48.61000061035156,48.0099983215332,48.54999923706055,46.49794769287109,907900
2012-06-15,VRSK,48.34000015258789,48.61000061035156,48.0099983215332,48.54999923706055,46.49794769287109,907900
2012-06-18,VRSK,48.540000915527344,49.0,48.15999984741211,48.84999847412109,46.785255432128906,765500
2012-06-18,VRSK,48.540000915527344,49.0,48.15999984741211,48.84999847412109,46.785255432128906,765500
2012-06-19,VRSK,49.0,49.25,48.79999923706055,49.040000915527344,46.967227935791016,1134900
2012-06-19,VRSK,49.0,49.25,48.79999923706055,49.040000915527344,46.967227935791016,1134900
2012-06-20,VRSK,49.25,49.25,47.91999816894531,48.43000030517578,46.38302612304688,1165800
2012-06-20,VRSK,49.25,49.25,47.91999816894531,48.43000030517578,46.38302612304688,1165800
2012-06-21,VRSK,48.380001068115234,48.93000030517578,48.27000045776367,48.45000076293945,46.40217590332031,952700
2012-06-21,VRSK,48.380001068115234,48.93000030517578,48.27000045776367,48.45000076293945,46.40217590332031,952700
2012-06-22,VRSK,48.400001525878906,48.630001068115234,48.02000045776367,48.08000183105469,46.04780960083008,2714200
2012-06-22,VRSK,48.400001525878906,48.630001068115234,48.02000045776367,48.08000183105469,46.04780960083008,2714200
2012-06-25,VRSK,47.61000061035156,47.970001220703125,47.2599983215332,47.400001525878906,45.39655685424805,741000
2012-06-25,VRSK,47.61000061035156,47.970001220703125,47.2599983215332,47.400001525878906,45.39655685424805,741000
2012-06-26,VRSK,47.5099983215332,47.66999816894531,47.0099983215332,47.58000183105469,45.56893539428711,741000
2012-06-26,VRSK,47.5099983215332,47.66999816894531,47.0099983215332,47.58000183105469,45.56893539428711,741000
2012-06-27,VRSK,47.459999084472656,48.58000183105469,47.459999084472656,48.369998931884766,46.32554244995117,637400
2012-06-27,VRSK,47.459999084472656,48.58000183105469,47.459999084472656,48.369998931884766,46.32554244995117,637400
2012-06-28,VRSK,48.09999847412109,48.29999923706055,47.560001373291016,47.91999816894531,45.89456558227539,785100
2012-06-28,VRSK,48.09999847412109,48.29999923706055,47.560001373291016,47.91999816894531,45.89456558227539,785100
2012-06-29,VRSK,48.34000015258789,49.34000015258789,48.20000076293945,49.2599983215332,47.17793273925781,1071100
2012-06-29,VRSK,48.34000015258789,49.34000015258789,48.20000076293945,49.2599983215332,47.17793273925781,1071100
2012-07-02,VRSK,49.02999877929688,50.16999816894531,49.02999877929688,50.150001525878906,48.03030776977539,934200
2012-07-02,VRSK,49.02999877929688,50.16999816894531,49.02999877929688,50.150001525878906,48.03030776977539,934200
2012-07-03,VRSK,50.290000915527344,50.41999816894531,49.900001525878906,50.06999969482422,47.95368957519531,345500
2012-07-03,VRSK,50.290000915527344,50.41999816894531,49.900001525878906,50.06999969482422,47.95368957519531,345500
2012-07-05,VRSK,49.97999954223633,50.65999984741211,49.79999923706055,49.880001068115234,47.771732330322266,1015800
2012-07-05,VRSK,49.97999954223633,50.65999984741211,49.79999923706055,49.880001068115234,47.771732330322266,1015800
2012-07-06,VRSK,49.7400016784668,49.959999084472656,49.310001373291016,49.68999862670898,47.589752197265625,699000
2012-07-06,VRSK,49.7400016784668,49.959999084472656,49.310001373291016,49.68999862670898,47.589752197265625,699000
2012-07-09,VRSK,49.63999938964844,49.86000061035156,49.15999984741211,49.7599983215332,47.65679550170898,413600
2012-07-09,VRSK,49.63999938964844,49.86000061035156,49.15999984741211,49.7599983215332,47.65679550170898,413600
2012-07-10,VRSK,49.790000915527344,50.08000183105469,49.5099983215332,49.83000183105469,47.72385025024414,722500
2012-07-10,VRSK,49.790000915527344,50.08000183105469,49.5099983215332,49.83000183105469,47.72385025024414,722500
2012-07-11,VRSK,49.86000061035156,49.959999084472656,49.310001373291016,49.77999877929688,47.67595291137695,478700
2012-07-11,VRSK,49.86000061035156,49.959999084472656,49.310001373291016,49.77999877929688,47.67595291137695,478700
2012-07-12,VRSK,49.470001220703125,49.97999954223633,49.380001068115234,49.83000183105469,47.72385025024414,1001900
2012-07-12,VRSK,49.470001220703125,49.97999954223633,49.380001068115234,49.83000183105469,47.72385025024414,1001900
2012-07-13,VRSK,49.880001068115234,50.720001220703125,49.880001068115234,50.650001525878906,48.509185791015625,405500
2012-07-13,VRSK,49.880001068115234,50.720001220703125,49.880001068115234,50.650001525878906,48.509185791015625,405500
2012-07-16,VRSK,50.470001220703125,50.66999816894531,49.93999862670898,50.0099983215332,47.8962287902832,630400
2012-07-16,VRSK,50.470001220703125,50.66999816894531,49.93999862670898,50.0099983215332,47.8962287902832,630400
2012-07-17,VRSK,50.2599983215332,50.970001220703125,50.06999969482422,50.93999862670898,48.78691864013672,548500
2012-07-17,VRSK,50.2599983215332,50.970001220703125,50.06999969482422,50.93999862670898,48.78691864013672,548500
2012-07-18,VRSK,50.720001220703125,51.0,50.5,50.7400016784668,48.59537887573242,291500
2012-07-18,VRSK,50.720001220703125,51.0,50.5,50.7400016784668,48.59537887573242,291500
2012-07-19,VRSK,50.7400016784668,50.86000061035156,50.2599983215332,50.43999862670898,48.30805587768555,470200
2012-07-19,VRSK,50.7400016784668,50.86000061035156,50.2599983215332,50.43999862670898,48.30805587768555,470200
2012-07-20,VRSK,50.0,50.34999847412109,49.5,49.54999923706055,47.45567321777344,591800
2012-07-20,VRSK,50.0,50.34999847412109,49.5,49.54999923706055,47.45567321777344,591800
2012-07-23,VRSK,49.18999862670898,49.59000015258789,48.33000183105469,49.40999984741211,47.32158660888672,460300
2012-07-23,VRSK,49.18999862670898,49.59000015258789,48.33000183105469,49.40999984741211,47.32158660888672,460300
2012-07-24,VRSK,49.27000045776367,49.4900016784668,48.7400016784668,48.95000076293945,46.88103866577149,577600
2012-07-24,VRSK,49.27000045776367,49.4900016784668,48.7400016784668,48.95000076293945,46.88103866577149,577600
2012-07-25,VRSK,48.86000061035156,49.33000183105469,48.43999862670898,48.93000030517578,46.86188507080078,583900
2012-07-25,VRSK,48.86000061035156,49.33000183105469,48.43999862670898,48.93000030517578,46.86188507080078,583900
2012-07-26,VRSK,49.29999923706055,50.04999923706055,49.29999923706055,49.91999816894531,47.810035705566406,931400
2012-07-26,VRSK,49.29999923706055,50.04999923706055,49.29999923706055,49.91999816894531,47.810035705566406,931400
2012-07-27,VRSK,50.18000030517578,50.880001068115234,49.84000015258789,50.86000061035156,48.71030044555664,804200
2012-07-27,VRSK,50.18000030517578,50.880001068115234,49.84000015258789,50.86000061035156,48.71030044555664,804200
2012-07-30,VRSK,50.790000915527344,50.959999084472656,50.0,50.45000076293945,48.31764221191406,603400
2012-07-30,VRSK,50.790000915527344,50.959999084472656,50.0,50.45000076293945,48.31764221191406,603400
2012-07-31,VRSK,50.66999816894531,50.66999816894531,49.75,50.25,48.12608337402344,619500
2012-07-31,VRSK,50.66999816894531,50.66999816894531,49.75,50.25,48.12608337402344,619500
2012-08-01,VRSK,48.33000183105469,50.0,46.5,47.880001068115234,45.85626602172852,2637400
2012-08-01,VRSK,48.33000183105469,50.0,46.5,47.880001068115234,45.85626602172852,2637400
2012-08-02,VRSK,48.4900016784668,48.4900016784668,47.0099983215332,47.790000915527344,45.770057678222656,1598200
2012-08-02,VRSK,48.4900016784668,48.4900016784668,47.0099983215332,47.790000915527344,45.770057678222656,1598200
2012-08-03,VRSK,48.150001525878906,48.290000915527344,47.2400016784668,47.380001068115234,45.37738800048828,856300
2012-08-03,VRSK,48.150001525878906,48.290000915527344,47.2400016784668,47.380001068115234,45.37738800048828,856300
2012-08-06,VRSK,47.36000061035156,47.77000045776367,46.16999816894531,46.38999938964844,44.42924118041992,1246800
2012-08-06,VRSK,47.36000061035156,47.77000045776367,46.16999816894531,46.38999938964844,44.42924118041992,1246800
2012-08-07,VRSK,46.400001525878906,47.27000045776367,46.25,47.130001068115234,45.13796615600586,1414600
2012-08-07,VRSK,46.400001525878906,47.27000045776367,46.25,47.130001068115234,45.13796615600586,1414600
2012-08-08,VRSK,46.84000015258789,49.470001220703125,46.0,48.959999084472656,46.89060592651367,1617700
2012-08-08,VRSK,46.84000015258789,49.470001220703125,46.0,48.959999084472656,46.89060592651367,1617700
2012-08-09,VRSK,49.04999923706055,49.04999923706055,48.459999084472656,48.7400016784668,46.67991256713867,941200
2012-08-09,VRSK,49.04999923706055,49.04999923706055,48.459999084472656,48.7400016784668,46.67991256713867,941200
2012-08-10,VRSK,48.75,48.95000076293945,48.04999923706055,48.619998931884766,46.56498336791992,723100
2012-08-10,VRSK,48.75,48.95000076293945,48.04999923706055,48.619998931884766,46.56498336791992,723100
2012-08-13,VRSK,48.52999877929688,48.81999969482422,48.40999984741211,48.72999954223633,46.67033386230469,525800
2012-08-13,VRSK,48.52999877929688,48.81999969482422,48.40999984741211,48.72999954223633,46.67033386230469,525800
2012-08-14,VRSK,48.88999938964844,49.119998931884766,48.5099983215332,49.02000045776367,46.94807815551758,522000
2012-08-14,VRSK,48.88999938964844,49.119998931884766,48.5099983215332,49.02000045776367,46.94807815551758,522000
2012-08-15,VRSK,49.0,49.2599983215332,48.70000076293945,48.83000183105469,46.766109466552734,387800
2012-08-15,VRSK,49.0,49.2599983215332,48.70000076293945,48.83000183105469,46.766109466552734,387800
2012-08-16,VRSK,48.68000030517578,48.869998931884766,48.43999862670898,48.709999084472656,46.65116882324219,801100
2012-08-16,VRSK,48.68000030517578,48.869998931884766,48.43999862670898,48.709999084472656,46.65116882324219,801100
2012-08-17,VRSK,48.869998931884766,49.31999969482422,48.58000183105469,49.119998931884766,47.04384994506836,612200
2012-08-17,VRSK,48.869998931884766,49.31999969482422,48.58000183105469,49.119998931884766,47.04384994506836,612200
2012-08-20,VRSK,49.11000061035156,49.380001068115234,48.56999969482422,48.880001068115234,46.814002990722656,590900
2012-08-20,VRSK,49.11000061035156,49.380001068115234,48.56999969482422,48.880001068115234,46.814002990722656,590900
2012-08-21,VRSK,48.65999984741211,49.09000015258789,48.400001525878906,48.68999862670898,46.63202667236328,628100
2012-08-21,VRSK,48.65999984741211,49.09000015258789,48.400001525878906,48.68999862670898,46.63202667236328,628100
2012-08-22,VRSK,48.709999084472656,48.79999923706055,48.18999862670898,48.31999969482422,46.27765274047852,509500
2012-08-22,VRSK,48.709999084472656,48.79999923706055,48.18999862670898,48.31999969482422,46.27765274047852,509500
2012-08-23,VRSK,48.119998931884766,48.630001068115234,48.119998931884766,48.34999847412109,46.306400299072266,649900
2012-08-23,VRSK,48.119998931884766,48.630001068115234,48.119998931884766,48.34999847412109,46.306400299072266,649900
2012-08-24,VRSK,48.38999938964844,48.900001525878906,48.369998931884766,48.58000183105469,46.52668380737305,349600
2012-08-24,VRSK,48.38999938964844,48.900001525878906,48.369998931884766,48.58000183105469,46.52668380737305,349600
2012-08-27,VRSK,48.5099983215332,48.709999084472656,48.25,48.290000915527344,46.24893569946289,254000
2012-08-27,VRSK,48.5099983215332,48.709999084472656,48.25,48.290000915527344,46.24893569946289,254000
2012-08-28,VRSK,48.060001373291016,48.290000915527344,47.619998931884766,47.93000030517578,45.90414810180664,472200
2012-08-28,VRSK,48.060001373291016,48.290000915527344,47.619998931884766,47.93000030517578,45.90414810180664,472200
2012-08-29,VRSK,48.18999862670898,48.290000915527344,47.77000045776367,48.2400016784668,46.20104598999024,440700
2012-08-29,VRSK,48.18999862670898,48.290000915527344,47.77000045776367,48.2400016784668,46.20104598999024,440700
2012-08-30,VRSK,48.209999084472656,48.209999084472656,47.61000061035156,48.0099983215332,45.980751037597656,323700
2012-08-30,VRSK,48.209999084472656,48.209999084472656,47.61000061035156,48.0099983215332,45.980751037597656,323700
2012-08-31,VRSK,48.34999847412109,48.68999862670898,48.20000076293945,48.52000045776367,46.46921157836914,530700
2012-08-31,VRSK,48.34999847412109,48.68999862670898,48.20000076293945,48.52000045776367,46.46921157836914,530700
2012-09-04,VRSK,48.41999816894531,48.59000015258789,47.95000076293945,48.29999923706055,46.25850677490234,545300
2012-09-04,VRSK,48.41999816894531,48.59000015258789,47.95000076293945,48.29999923706055,46.25850677490234,545300
2012-09-05,VRSK,48.09999847412109,48.13999938964844,47.470001220703125,47.63999938964844,45.62640380859375,825600
2012-09-05,VRSK,48.09999847412109,48.13999938964844,47.470001220703125,47.63999938964844,45.62640380859375,825600
2012-09-06,VRSK,48.02999877929688,49.720001220703125,47.95000076293945,49.130001068115234,47.05343246459961,1215400
2012-09-06,VRSK,48.02999877929688,49.720001220703125,47.95000076293945,49.130001068115234,47.05343246459961,1215400
2012-09-07,VRSK,48.95000076293945,49.58000183105469,48.709999084472656,48.900001525878906,46.833152770996094,480500
2012-09-07,VRSK,48.95000076293945,49.58000183105469,48.709999084472656,48.900001525878906,46.833152770996094,480500
2012-09-10,VRSK,48.4900016784668,48.68999862670898,48.040000915527344,48.08000183105469,46.04780960083008,465200
2012-09-10,VRSK,48.4900016784668,48.68999862670898,48.040000915527344,48.08000183105469,46.04780960083008,465200
2012-09-11,VRSK,48.13999938964844,48.2400016784668,47.84999847412109,47.97999954223633,45.9520378112793,425200
2012-09-11,VRSK,48.13999938964844,48.2400016784668,47.84999847412109,47.97999954223633,45.9520378112793,425200
2012-09-12,VRSK,47.97999954223633,48.25,47.7599983215332,48.150001525878906,46.1148567199707,412300
2012-09-12,VRSK,47.97999954223633,48.25,47.7599983215332,48.150001525878906,46.1148567199707,412300
2012-09-13,VRSK,48.06999969482422,48.290000915527344,47.91999816894531,48.08000183105469,46.04780960083008,346800
2012-09-13,VRSK,48.06999969482422,48.290000915527344,47.91999816894531,48.08000183105469,46.04780960083008,346800
2012-09-14,VRSK,48.09000015258789,48.13999938964844,47.47999954223633,47.68000030517578,45.66471481323242,463200
2012-09-14,VRSK,48.09000015258789,48.13999938964844,47.47999954223633,47.68000030517578,45.66471481323242,463200
2012-09-17,VRSK,47.33000183105469,48.130001068115234,47.33000183105469,47.959999084472656,45.93288040161133,555600
2012-09-17,VRSK,47.33000183105469,48.130001068115234,47.33000183105469,47.959999084472656,45.93288040161133,555600
2012-09-18,VRSK,47.75,48.11000061035156,47.4900016784668,47.90999984741211,45.88498306274414,478100
2012-09-18,VRSK,47.75,48.11000061035156,47.4900016784668,47.90999984741211,45.88498306274414,478100
2012-09-19,VRSK,47.970001220703125,48.04999923706055,47.54999923706055,47.59000015258789,45.57851791381836,551000
2012-09-19,VRSK,47.970001220703125,48.04999923706055,47.54999923706055,47.59000015258789,45.57851791381836,551000
2012-09-20,VRSK,47.540000915527344,47.709999084472656,47.040000915527344,47.29999923706055,45.30077362060547,589200
2012-09-20,VRSK,47.540000915527344,47.709999084472656,47.040000915527344,47.29999923706055,45.30077362060547,589200
2012-09-21,VRSK,47.34999847412109,47.91999816894531,47.04999923706055,47.18999862670898,45.1954231262207,594200
2012-09-21,VRSK,47.34999847412109,47.91999816894531,47.04999923706055,47.18999862670898,45.1954231262207,594200
2012-09-24,VRSK,46.79999923706055,47.59000015258789,46.25,47.2599983215332,45.26246643066406,653900
2012-09-24,VRSK,46.79999923706055,47.59000015258789,46.25,47.2599983215332,45.26246643066406,653900
2012-09-25,VRSK,46.9900016784668,47.11000061035156,46.65999984741211,46.810001373291016,44.83149719238281,975300
2012-09-25,VRSK,46.9900016784668,47.11000061035156,46.65999984741211,46.810001373291016,44.83149719238281,975300
2012-09-26,VRSK,47.0,47.25,46.77000045776367,47.2400016784668,45.2432975769043,809900
2012-09-26,VRSK,47.0,47.25,46.77000045776367,47.2400016784668,45.2432975769043,809900
2012-09-27,VRSK,47.380001068115234,48.400001525878906,46.900001525878906,47.810001373291016,45.78921890258789,924500
2012-09-27,VRSK,47.380001068115234,48.400001525878906,46.900001525878906,47.810001373291016,45.78921890258789,924500
2012-09-28,VRSK,47.869998931884766,47.869998931884766,46.97999954223633,47.61000061035156,45.5976791381836,692700
2012-09-28,VRSK,47.869998931884766,47.869998931884766,46.97999954223633,47.61000061035156,45.5976791381836,692700
2012-10-01,VRSK,47.93000030517578,48.20000076293945,47.02000045776367,47.400001525878906,45.39655685424805,462900
2012-10-01,VRSK,47.93000030517578,48.20000076293945,47.02000045776367,47.400001525878906,45.39655685424805,462900
2012-10-02,VRSK,47.33000183105469,47.5099983215332,46.77999877929688,47.02000045776367,45.03261566162109,486700
2012-10-02,VRSK,47.33000183105469,47.5099983215332,46.77999877929688,47.02000045776367,45.03261566162109,486700
2012-10-03,VRSK,47.11000061035156,47.66999816894531,46.810001373291016,47.630001068115234,45.6168327331543,543400
2012-10-03,VRSK,47.11000061035156,47.66999816894531,46.810001373291016,47.630001068115234,45.6168327331543,543400
2012-10-04,VRSK,47.63999938964844,47.880001068115234,47.540000915527344,47.880001068115234,45.85626602172852,367000
2012-10-04,VRSK,47.63999938964844,47.880001068115234,47.540000915527344,47.880001068115234,45.85626602172852,367000
2012-10-05,VRSK,48.09000015258789,48.369998931884766,47.880001068115234,48.15999984741211,46.12442779541016,741600
2012-10-05,VRSK,48.09000015258789,48.369998931884766,47.880001068115234,48.15999984741211,46.12442779541016,741600
2012-10-08,VRSK,47.93999862670898,48.41999816894531,47.810001373291016,48.34000015258789,46.29682540893555,402000
2012-10-08,VRSK,47.93999862670898,48.41999816894531,47.810001373291016,48.34000015258789,46.29682540893555,402000
2012-10-09,VRSK,48.09999847412109,48.290000915527344,47.560001373291016,47.720001220703125,45.70302200317383,1029400
2012-10-09,VRSK,48.09999847412109,48.290000915527344,47.560001373291016,47.720001220703125,45.70302200317383,1029400
2012-10-10,VRSK,47.709999084472656,48.09999847412109,47.119998931884766,47.34000015258789,45.33908462524414,456900
2012-10-10,VRSK,47.709999084472656,48.09999847412109,47.119998931884766,47.34000015258789,45.33908462524414,456900
2012-10-11,VRSK,47.79999923706055,47.83000183105469,46.84000015258789,46.93000030517578,44.94641876220703,435600
2012-10-11,VRSK,47.79999923706055,47.83000183105469,46.84000015258789,46.93000030517578,44.94641876220703,435600
2012-10-12,VRSK,46.88999938964844,47.20000076293945,46.869998931884766,47.02999877929688,45.04219436645508,608500
2012-10-12,VRSK,46.88999938964844,47.20000076293945,46.869998931884766,47.02999877929688,45.04219436645508,608500
2012-10-15,VRSK,47.0,47.13999938964844,46.70000076293945,46.9900016784668,45.00387954711914,726300
2012-10-15,VRSK,47.0,47.13999938964844,46.70000076293945,46.9900016784668,45.00387954711914,726300
2012-10-16,VRSK,47.290000915527344,47.380001068115234,46.959999084472656,47.380001068115234,45.37738800048828,759300
2012-10-16,VRSK,47.290000915527344,47.380001068115234,46.959999084472656,47.380001068115234,45.37738800048828,759300
2012-10-17,VRSK,47.36000061035156,47.61000061035156,47.11000061035156,47.41999816894531,45.41570281982422,850100
2012-10-17,VRSK,47.36000061035156,47.61000061035156,47.11000061035156,47.41999816894531,45.41570281982422,850100
2012-10-18,VRSK,47.5099983215332,47.58000183105469,46.86000061035156,46.959999084472656,44.97514343261719,487500
2012-10-18,VRSK,47.5099983215332,47.58000183105469,46.86000061035156,46.959999084472656,44.97514343261719,487500
2012-10-19,VRSK,46.93000030517578,47.16999816894531,46.130001068115234,46.5,44.53459167480469,525100
2012-10-19,VRSK,46.93000030517578,47.16999816894531,46.130001068115234,46.5,44.53459167480469,525100
2012-10-22,VRSK,46.36000061035156,46.58000183105469,45.66999816894531,45.95000076293945,44.007843017578125,617000
2012-10-22,VRSK,46.36000061035156,46.58000183105469,45.66999816894531,45.95000076293945,44.007843017578125,617000
2012-10-23,VRSK,45.459999084472656,46.470001220703125,45.040000915527344,46.29999923706055,44.343040466308594,516300
2012-10-23,VRSK,45.459999084472656,46.470001220703125,45.040000915527344,46.29999923706055,44.343040466308594,516300
2012-10-24,VRSK,46.66999816894531,46.810001373291016,45.91999816894531,46.5,44.53459167480469,487400
2012-10-24,VRSK,46.66999816894531,46.810001373291016,45.91999816894531,46.5,44.53459167480469,487400
2012-10-25,VRSK,45.20000076293945,46.41999816894531,45.09000015258789,46.290000915527344,44.33346176147461,619800
2012-10-25,VRSK,45.20000076293945,46.41999816894531,45.09000015258789,46.290000915527344,44.33346176147461,619800
2012-10-26,VRSK,46.4900016784668,46.77000045776367,46.18000030517578,46.66999816894531,44.6973991394043,291700
2012-10-26,VRSK,46.4900016784668,46.77000045776367,46.18000030517578,46.66999816894531,44.6973991394043,291700
2012-10-31,VRSK,47.630001068115234,52.130001068115234,47.630001068115234,51.119998931884766,48.959320068359375,3441000
2012-10-31,VRSK,47.630001068115234,52.130001068115234,47.630001068115234,51.119998931884766,48.959320068359375,3441000
2012-11-01,VRSK,51.0,51.68999862670898,50.93000030517578,51.34999847412109,49.17960357666016,1063400
2012-11-01,VRSK,51.0,51.68999862670898,50.93000030517578,51.34999847412109,49.17960357666016,1063400
2012-11-02,VRSK,50.72999954223633,51.709999084472656,49.09000015258789,49.59000015258789,47.49398422241211,1989600
2012-11-02,VRSK,50.72999954223633,51.709999084472656,49.09000015258789,49.59000015258789,47.49398422241211,1989600
2012-11-05,VRSK,49.630001068115234,50.0,49.2599983215332,49.77999877929688,47.67595291137695,1088500
2012-11-05,VRSK,49.630001068115234,50.0,49.2599983215332,49.77999877929688,47.67595291137695,1088500
2012-11-06,VRSK,49.790000915527344,50.52000045776367,49.59999847412109,50.40999984741211,48.279327392578125,919800
2012-11-06,VRSK,49.790000915527344,50.52000045776367,49.59999847412109,50.40999984741211,48.279327392578125,919800
2012-11-07,VRSK,49.40999984741211,50.02000045776367,49.310001373291016,49.540000915527344,47.44609451293945,777200
2012-11-07,VRSK,49.40999984741211,50.02000045776367,49.310001373291016,49.540000915527344,47.44609451293945,777200
2012-11-08,VRSK,49.52000045776367,49.619998931884766,49.18999862670898,49.33000183105469,47.24497604370117,495300
2012-11-08,VRSK,49.52000045776367,49.619998931884766,49.18999862670898,49.33000183105469,47.24497604370117,495300
2012-11-09,VRSK,49.310001373291016,49.72999954223633,48.959999084472656,49.06999969482422,46.99595642089844,321100
2012-11-09,VRSK,49.310001373291016,49.72999954223633,48.959999084472656,49.06999969482422,46.99595642089844,321100
2012-11-12,VRSK,49.0,49.29999923706055,48.88999938964844,49.11000061035156,47.03427505493164,334100
2012-11-12,VRSK,49.0,49.29999923706055,48.88999938964844,49.11000061035156,47.03427505493164,334100
2012-11-13,VRSK,49.04999923706055,49.40999984741211,48.90999984741211,49.040000915527344,46.967227935791016,250400
2012-11-13,VRSK,49.04999923706055,49.40999984741211,48.90999984741211,49.040000915527344,46.967227935791016,250400
2012-11-14,VRSK,49.04999923706055,49.04999923706055,48.34000015258789,48.4900016784668,46.44048309326172,561000
2012-11-14,VRSK,49.04999923706055,49.04999923706055,48.34000015258789,48.4900016784668,46.44048309326172,561000
2012-11-15,VRSK,48.34999847412109,49.13999938964844,47.5,47.970001220703125,45.94245910644531,1024300
2012-11-15,VRSK,48.34999847412109,49.13999938964844,47.5,47.970001220703125,45.94245910644531,1024300
2012-11-16,VRSK,47.959999084472656,48.09000015258789,47.369998931884766,48.09000015258789,46.05739212036133,692800
2012-11-16,VRSK,47.959999084472656,48.09000015258789,47.369998931884766,48.09000015258789,46.05739212036133,692800
2012-11-19,VRSK,48.400001525878906,48.650001525878906,47.540000915527344,48.02999877929688,45.99991989135742,778300
2012-11-19,VRSK,48.400001525878906,48.650001525878906,47.540000915527344,48.02999877929688,45.99991989135742,778300
2012-11-20,VRSK,48.209999084472656,48.2400016784668,47.459999084472656,47.77999877929688,45.76047897338867,902800
2012-11-20,VRSK,48.209999084472656,48.2400016784668,47.459999084472656,47.77999877929688,45.76047897338867,902800
2012-11-21,VRSK,47.88999938964844,48.40999984741211,47.4900016784668,48.36000061035156,46.31596755981445,787700
2012-11-21,VRSK,47.88999938964844,48.40999984741211,47.4900016784668,48.36000061035156,46.31596755981445,787700
2012-11-23,VRSK,48.36000061035156,48.63999938964844,47.91999816894531,48.09000015258789,46.05739212036133,204900
2012-11-23,VRSK,48.36000061035156,48.63999938964844,47.91999816894531,48.09000015258789,46.05739212036133,204900
2012-11-26,VRSK,48.02000045776367,48.58000183105469,48.0099983215332,48.52000045776367,46.46921157836914,756000
2012-11-26,VRSK,48.02000045776367,48.58000183105469,48.0099983215332,48.52000045776367,46.46921157836914,756000
2012-11-27,VRSK,48.34999847412109,48.61000061035156,48.04999923706055,48.34999847412109,46.306400299072266,491200
2012-11-27,VRSK,48.34999847412109,48.61000061035156,48.04999923706055,48.34999847412109,46.306400299072266,491200
2012-11-28,VRSK,48.09999847412109,48.9900016784668,48.06999969482422,48.90999984741211,46.84272384643555,607600
2012-11-28,VRSK,48.09999847412109,48.9900016784668,48.06999969482422,48.90999984741211,46.84272384643555,607600
2012-11-29,VRSK,48.91999816894531,49.65999984741211,48.91999816894531,49.52999877929688,47.436519622802734,746100
2012-11-29,VRSK,48.91999816894531,49.65999984741211,48.91999816894531,49.52999877929688,47.436519622802734,746100
2012-11-30,VRSK,49.400001525878906,49.970001220703125,49.36000061035156,49.84000015258789,47.7334213256836,1157500
2012-11-30,VRSK,49.400001525878906,49.970001220703125,49.36000061035156,49.84000015258789,47.7334213256836,1157500
2012-12-03,VRSK,49.790000915527344,49.970001220703125,49.09000015258789,49.66999816894531,47.57059860229492,818000
2012-12-03,VRSK,49.790000915527344,49.970001220703125,49.09000015258789,49.66999816894531,47.57059860229492,818000
2012-12-04,VRSK,49.9900016784668,49.9900016784668,48.25,48.59999847412109,46.54582977294922,1498800
2012-12-04,VRSK,49.9900016784668,49.9900016784668,48.25,48.59999847412109,46.54582977294922,1498800
2012-12-05,VRSK,48.59000015258789,49.040000915527344,48.5099983215332,49.0,46.92892456054688,717700
2012-12-05,VRSK,48.59000015258789,49.040000915527344,48.5099983215332,49.0,46.92892456054688,717700
2012-12-06,VRSK,49.040000915527344,49.2400016784668,48.810001373291016,49.06999969482422,46.99595642089844,914100
2012-12-06,VRSK,49.040000915527344,49.2400016784668,48.810001373291016,49.06999969482422,46.99595642089844,914100
2012-12-07,VRSK,48.86000061035156,49.58000183105469,48.86000061035156,49.5099983215332,47.417362213134766,486800
2012-12-07,VRSK,48.86000061035156,49.58000183105469,48.86000061035156,49.5099983215332,47.417362213134766,486800
2012-12-10,VRSK,49.56999969482422,49.93999862670898,48.959999084472656,49.45000076293945,47.35990524291992,910500
2012-12-10,VRSK,49.56999969482422,49.93999862670898,48.959999084472656,49.45000076293945,47.35990524291992,910500
2012-12-11,VRSK,49.72999954223633,49.86000061035156,49.47999954223633,49.7400016784668,47.63764190673828,664800
2012-12-11,VRSK,49.72999954223633,49.86000061035156,49.47999954223633,49.7400016784668,47.63764190673828,664800
2012-12-12,VRSK,49.59999847412109,49.959999084472656,49.18999862670898,49.77999877929688,47.67595291137695,1179200
2012-12-12,VRSK,49.59999847412109,49.959999084472656,49.18999862670898,49.77999877929688,47.67595291137695,1179200
2012-12-13,VRSK,49.54999923706055,49.66999816894531,49.150001525878906,49.209999084472656,47.13005065917969,708500
2012-12-13,VRSK,49.54999923706055,49.66999816894531,49.150001525878906,49.209999084472656,47.13005065917969,708500
2012-12-14,VRSK,49.25,49.400001525878906,48.79999923706055,48.84000015258789,46.77568054199219,716900
2012-12-14,VRSK,49.25,49.400001525878906,48.79999923706055,48.84000015258789,46.77568054199219,716900
2012-12-17,VRSK,49.18999862670898,50.34000015258789,48.90999984741211,50.290000915527344,48.16440582275391,1432800
2012-12-17,VRSK,49.18999862670898,50.34000015258789,48.90999984741211,50.290000915527344,48.16440582275391,1432800
2012-12-18,VRSK,50.09000015258789,50.630001068115234,49.84999847412109,50.22999954223633,48.10693359375,939000
2012-12-18,VRSK,50.09000015258789,50.630001068115234,49.84999847412109,50.22999954223633,48.10693359375,939000
2012-12-19,VRSK,50.4900016784668,51.369998931884766,49.900001525878906,51.11000061035156,48.94974136352539,1270100
2012-12-19,VRSK,50.4900016784668,51.369998931884766,49.900001525878906,51.11000061035156,48.94974136352539,1270100
2012-12-20,VRSK,50.81999969482422,51.25,50.619998931884766,51.130001068115234,48.96890258789063,1060300
2012-12-20,VRSK,50.81999969482422,51.25,50.619998931884766,51.130001068115234,48.96890258789063,1060300
2012-12-21,VRSK,50.7599983215332,51.290000915527344,50.5,50.959999084472656,48.806060791015625,5469400
2012-12-21,VRSK,50.7599983215332,51.290000915527344,50.5,50.959999084472656,48.806060791015625,5469400
2012-12-24,VRSK,50.7599983215332,50.790000915527344,50.25,50.70000076293945,48.55706787109375,245800
2012-12-24,VRSK,50.7599983215332,50.790000915527344,50.25,50.70000076293945,48.55706787109375,245800
2012-12-26,VRSK,50.459999084472656,50.79999923706055,49.97999954223633,50.11000061035156,47.99199676513672,424000
2012-12-26,VRSK,50.459999084472656,50.79999923706055,49.97999954223633,50.11000061035156,47.99199676513672,424000
2012-12-27,VRSK,49.97999954223633,50.27000045776367,49.2400016784668,50.11000061035156,47.99199676513672,626900
2012-12-27,VRSK,49.97999954223633,50.27000045776367,49.2400016784668,50.11000061035156,47.99199676513672,626900
2012-12-28,VRSK,49.0099983215332,50.470001220703125,49.0099983215332,50.11000061035156,47.99199676513672,763900
2012-12-28,VRSK,49.0099983215332,50.470001220703125,49.0099983215332,50.11000061035156,47.99199676513672,763900
2012-12-31,VRSK,50.150001525878906,51.09000015258789,50.0099983215332,50.970001220703125,48.81565856933594,870500
2012-12-31,VRSK,50.150001525878906,51.09000015258789,50.0099983215332,50.970001220703125,48.81565856933594,870500
2013-01-02,VRSK,51.65999984741211,53.0,51.16999816894531,52.97999954223633,50.74070358276367,1305600
2013-01-02,VRSK,51.65999984741211,53.0,51.16999816894531,52.97999954223633,50.74070358276367,1305600
2013-01-03,VRSK,52.93999862670898,53.59999847412109,52.79999923706055,53.59000015258789,51.32491683959961,1201700
2013-01-03,VRSK,52.93999862670898,53.59999847412109,52.79999923706055,53.59000015258789,51.32491683959961,1201700
2013-01-04,VRSK,53.43000030517578,53.97999954223633,53.25,53.5,51.238731384277344,692300
2013-01-04,VRSK,53.43000030517578,53.97999954223633,53.25,53.5,51.238731384277344,692300
2013-01-07,VRSK,53.2400016784668,53.4900016784668,53.08000183105469,53.2599983215332,51.00885391235352,1077500
2013-01-07,VRSK,53.2400016784668,53.4900016784668,53.08000183105469,53.2599983215332,51.00885391235352,1077500
2013-01-08,VRSK,53.369998931884766,53.90999984741211,53.2599983215332,53.900001525878906,51.62181854248047,626400
2013-01-08,VRSK,53.369998931884766,53.90999984741211,53.2599983215332,53.900001525878906,51.62181854248047,626400
2013-01-09,VRSK,53.81999969482422,54.20000076293945,53.58000183105469,53.95000076293945,51.669708251953125,668700
2013-01-09,VRSK,53.81999969482422,54.20000076293945,53.58000183105469,53.95000076293945,51.669708251953125,668700
2013-01-10,VRSK,54.29999923706055,54.29999923706055,53.66999816894531,53.869998931884766,51.59308242797852,1141200
2013-01-10,VRSK,54.29999923706055,54.29999923706055,53.66999816894531,53.869998931884766,51.59308242797852,1141200
2013-01-11,VRSK,54.060001373291016,54.060001373291016,53.36000061035156,53.900001525878906,51.62181854248047,672200
2013-01-11,VRSK,54.060001373291016,54.060001373291016,53.36000061035156,53.900001525878906,51.62181854248047,672200
2013-01-14,VRSK,54.720001220703125,55.400001525878906,53.970001220703125,54.41999816894531,52.11983489990234,958000
2013-01-14,VRSK,54.720001220703125,55.400001525878906,53.970001220703125,54.41999816894531,52.11983489990234,958000
2013-01-15,VRSK,54.13999938964844,55.09000015258789,54.13999938964844,55.02999877929688,52.70405578613281,1035200
2013-01-15,VRSK,54.13999938964844,55.09000015258789,54.13999938964844,55.02999877929688,52.70405578613281,1035200
2013-01-16,VRSK,54.810001373291016,55.11000061035156,53.81999969482422,53.88999938964844,51.61222839355469,1044300
2013-01-16,VRSK,54.810001373291016,55.11000061035156,53.81999969482422,53.88999938964844,51.61222839355469,1044300
2013-01-17,VRSK,53.75,54.15999984741211,53.41999816894531,53.84000015258789,51.56435394287109,896800
2013-01-17,VRSK,53.75,54.15999984741211,53.41999816894531,53.84000015258789,51.56435394287109,896800
2013-01-18,VRSK,53.619998931884766,54.650001525878906,53.56999969482422,54.58000183105469,52.27306365966797,574600
2013-01-18,VRSK,53.619998931884766,54.650001525878906,53.56999969482422,54.58000183105469,52.27306365966797,574600
2013-01-22,VRSK,54.38999938964844,54.630001068115234,53.77999877929688,54.540000915527344,52.2347526550293,755900
2013-01-22,VRSK,54.38999938964844,54.630001068115234,53.77999877929688,54.540000915527344,52.2347526550293,755900
2013-01-23,VRSK,54.68000030517578,54.75,54.369998931884766,54.52000045776367,52.215606689453125,424100
2013-01-23,VRSK,54.68000030517578,54.75,54.369998931884766,54.52000045776367,52.215606689453125,424100
2013-01-24,VRSK,54.88999938964844,55.77000045776367,54.560001373291016,55.18000030517578,52.84772491455078,677300
2013-01-24,VRSK,54.88999938964844,55.77000045776367,54.560001373291016,55.18000030517578,52.84772491455078,677300
2013-01-25,VRSK,55.09000015258789,55.27000045776367,54.77000045776367,54.9900016784668,52.66574478149414,625900
2013-01-25,VRSK,55.09000015258789,55.27000045776367,54.77000045776367,54.9900016784668,52.66574478149414,625900
2013-01-28,VRSK,54.9900016784668,55.09999847412109,54.77000045776367,54.970001220703125,52.646583557128906,481400
2013-01-28,VRSK,54.9900016784668,55.09999847412109,54.77000045776367,54.970001220703125,52.646583557128906,481400
2013-01-29,VRSK,54.630001068115234,55.36000061035156,54.5,55.310001373291016,52.97222518920898,450600
2013-01-29,VRSK,54.630001068115234,55.36000061035156,54.5,55.310001373291016,52.97222518920898,450600
2013-01-30,VRSK,55.06999969482422,55.70000076293945,55.06999969482422,55.29999923706055,52.96264266967773,739700
2013-01-30,VRSK,55.06999969482422,55.70000076293945,55.06999969482422,55.29999923706055,52.96264266967773,739700
2013-01-31,VRSK,55.09000015258789,55.5,54.56999969482422,55.15999984741211,52.82855987548828,596400
2013-01-31,VRSK,55.09000015258789,55.5,54.56999969482422,55.15999984741211,52.82855987548828,596400
2013-02-01,VRSK,55.65999984741211,56.060001373291016,55.34000015258789,55.709999084472656,53.35530853271485,594400
2013-02-01,VRSK,55.65999984741211,56.060001373291016,55.34000015258789,55.709999084472656,53.35530853271485,594400
2013-02-04,VRSK,55.43000030517578,55.72999954223633,54.63999938964844,54.810001373291016,52.49334716796875,508600
2013-02-04,VRSK,55.43000030517578,55.72999954223633,54.63999938964844,54.810001373291016,52.49334716796875,508600
2013-02-05,VRSK,54.93000030517578,55.22999954223633,54.65999984741211,55.09999847412109,52.771095275878906,437400
2013-02-05,VRSK,54.93000030517578,55.22999954223633,54.65999984741211,55.09999847412109,52.771095275878906,437400
2013-02-06,VRSK,54.93999862670898,55.18000030517578,54.41999816894531,54.5,52.19645690917969,774800
2013-02-06,VRSK,54.93999862670898,55.18000030517578,54.41999816894531,54.5,52.19645690917969,774800
2013-02-07,VRSK,54.709999084472656,54.709999084472656,53.84000015258789,54.290000915527344,51.99532699584961,850900
2013-02-07,VRSK,54.709999084472656,54.709999084472656,53.84000015258789,54.290000915527344,51.99532699584961,850900
2013-02-08,VRSK,54.650001525878906,55.130001068115234,54.27999877929688,54.900001525878906,52.57954788208008,364200
2013-02-08,VRSK,54.650001525878906,55.130001068115234,54.27999877929688,54.900001525878906,52.57954788208008,364200
2013-02-11,VRSK,55.0,55.0,53.72999954223633,54.619998931884766,52.31137847900391,548600
2013-02-11,VRSK,55.0,55.0,53.72999954223633,54.619998931884766,52.31137847900391,548600
2013-02-12,VRSK,54.52000045776367,54.59999847412109,53.70000076293945,54.22999954223633,51.9378662109375,447000
2013-02-12,VRSK,54.52000045776367,54.59999847412109,53.70000076293945,54.22999954223633,51.9378662109375,447000
2013-02-13,VRSK,54.56999969482422,54.810001373291016,54.2599983215332,54.56999969482422,52.26348876953125,343900
2013-02-13,VRSK,54.56999969482422,54.810001373291016,54.2599983215332,54.56999969482422,52.26348876953125,343900
2013-02-14,VRSK,54.470001220703125,54.54999923706055,54.2599983215332,54.27000045776367,51.976173400878906,406300
2013-02-14,VRSK,54.470001220703125,54.54999923706055,54.2599983215332,54.27000045776367,51.976173400878906,406300
2013-02-15,VRSK,54.29999923706055,55.18000030517578,54.2599983215332,54.880001068115234,52.56040191650391,363500
2013-02-15,VRSK,54.29999923706055,55.18000030517578,54.2599983215332,54.880001068115234,52.56040191650391,363500
2013-02-19,VRSK,54.869998931884766,55.02000045776367,54.58000183105469,55.0,52.67532730102539,469200
2013-02-19,VRSK,54.869998931884766,55.02000045776367,54.58000183105469,55.0,52.67532730102539,469200
2013-02-20,VRSK,54.970001220703125,55.400001525878906,54.209999084472656,54.310001373291016,52.01448059082031,648800
2013-02-20,VRSK,54.970001220703125,55.400001525878906,54.209999084472656,54.310001373291016,52.01448059082031,648800
2013-02-21,VRSK,54.25,54.31999969482422,53.5,53.72999954223633,51.45899963378906,434800
2013-02-21,VRSK,54.25,54.31999969482422,53.5,53.72999954223633,51.45899963378906,434800
2013-02-22,VRSK,53.93000030517578,54.470001220703125,53.84000015258789,54.43999862670898,52.13898468017578,469500
2013-02-22,VRSK,53.93000030517578,54.470001220703125,53.84000015258789,54.43999862670898,52.13898468017578,469500
2013-02-25,VRSK,54.66999816894531,55.060001373291016,53.650001525878906,53.70000076293945,51.43027877807617,625700
2013-02-25,VRSK,54.66999816894531,55.060001373291016,53.650001525878906,53.70000076293945,51.43027877807617,625700
2013-02-26,VRSK,54.09999847412109,54.2599983215332,53.68000030517578,53.900001525878906,51.62181854248047,711000
2013-02-26,VRSK,54.09999847412109,54.2599983215332,53.68000030517578,53.900001525878906,51.62181854248047,711000
2013-02-27,VRSK,55.40999984741211,60.290000915527344,55.02000045776367,58.04999923706055,55.59640502929688,2422900
2013-02-27,VRSK,55.40999984741211,60.290000915527344,55.02000045776367,58.04999923706055,55.59640502929688,2422900
2013-02-28,VRSK,58.29999923706055,58.810001373291016,57.150001525878906,58.470001220703125,55.998661041259766,1249600
2013-02-28,VRSK,58.29999923706055,58.810001373291016,57.150001525878906,58.470001220703125,55.998661041259766,1249600
2013-03-01,VRSK,58.18000030517578,59.02000045776367,57.970001220703125,59.0,56.50625228881836,956900
2013-03-01,VRSK,58.18000030517578,59.02000045776367,57.970001220703125,59.0,56.50625228881836,956900
2013-03-04,VRSK,58.95000076293945,59.38999938964844,58.810001373291016,59.369998931884766,56.8606071472168,535900
2013-03-04,VRSK,58.95000076293945,59.38999938964844,58.810001373291016,59.369998931884766,56.8606071472168,535900
2013-03-05,VRSK,59.47999954223633,59.540000915527344,58.59999847412109,59.31999969482422,56.8127326965332,828700
2013-03-05,VRSK,59.47999954223633,59.540000915527344,58.59999847412109,59.31999969482422,56.8127326965332,828700
2013-03-06,VRSK,59.68999862670898,60.0099983215332,59.27999877929688,59.34000015258789,56.83187484741211,469600
2013-03-06,VRSK,59.68999862670898,60.0099983215332,59.27999877929688,59.34000015258789,56.83187484741211,469600
2013-03-07,VRSK,59.470001220703125,59.81999969482422,59.0,59.369998931884766,56.8606071472168,737600
2013-03-07,VRSK,59.470001220703125,59.81999969482422,59.0,59.369998931884766,56.8606071472168,737600
2013-03-08,VRSK,59.619998931884766,59.79999923706055,59.150001525878906,59.709999084472656,57.186256408691406,675000
2013-03-08,VRSK,59.619998931884766,59.79999923706055,59.150001525878906,59.709999084472656,57.186256408691406,675000
2013-03-11,VRSK,59.68000030517578,59.84000015258789,59.25,59.84000015258789,57.31075668334961,492300
2013-03-11,VRSK,59.68000030517578,59.84000015258789,59.25,59.84000015258789,57.31075668334961,492300
2013-03-12,VRSK,59.84999847412109,59.95000076293945,58.65999984741211,58.70000076293945,56.21893310546875,750700
2013-03-12,VRSK,59.84999847412109,59.95000076293945,58.65999984741211,58.70000076293945,56.21893310546875,750700
2013-03-13,VRSK,59.0099983215332,59.54999923706055,58.41999816894531,59.18999862670898,56.68822479248047,925200
2013-03-13,VRSK,59.0099983215332,59.54999923706055,58.41999816894531,59.18999862670898,56.68822479248047,925200
2013-03-14,VRSK,59.130001068115234,59.56999969482422,58.91999816894531,59.560001373291016,57.042579650878906,569700
2013-03-14,VRSK,59.130001068115234,59.56999969482422,58.91999816894531,59.560001373291016,57.042579650878906,569700
2013-03-15,VRSK,58.880001068115234,60.119998931884766,58.880001068115234,60.04999923706055,57.51187515258789,1564300
2013-03-15,VRSK,58.880001068115234,60.119998931884766,58.880001068115234,60.04999923706055,57.51187515258789,1564300
2013-03-18,VRSK,59.380001068115234,60.0099983215332,59.27999877929688,59.72999954223633,57.20539855957031,621600
2013-03-18,VRSK,59.380001068115234,60.0099983215332,59.27999877929688,59.72999954223633,57.20539855957031,621600
2013-03-19,VRSK,59.75,59.959999084472656,59.380001068115234,59.83000183105469,57.301177978515625,641900
2013-03-19,VRSK,59.75,59.959999084472656,59.380001068115234,59.83000183105469,57.301177978515625,641900
2013-03-20,VRSK,60.2599983215332,60.4900016784668,59.45000076293945,60.06999969482422,57.53102111816406,719800
2013-03-20,VRSK,60.2599983215332,60.4900016784668,59.45000076293945,60.06999969482422,57.53102111816406,719800
2013-03-21,VRSK,59.66999816894531,60.27999877929688,59.59000015258789,60.02000045776367,57.4831428527832,588600
2013-03-21,VRSK,59.66999816894531,60.27999877929688,59.59000015258789,60.02000045776367,57.4831428527832,588600
2013-03-22,VRSK,60.310001373291016,61.41999816894531,60.310001373291016,61.22999954223633,58.641998291015625,719800
2013-03-22,VRSK,60.310001373291016,61.41999816894531,60.310001373291016,61.22999954223633,58.641998291015625,719800
2013-03-25,VRSK,61.45000076293945,61.56999969482422,60.47999954223633,61.09999847412109,58.51748275756836,561800
2013-03-25,VRSK,61.45000076293945,61.56999969482422,60.47999954223633,61.09999847412109,58.51748275756836,561800
2013-03-26,VRSK,61.38999938964844,61.63999938964844,61.0,61.380001068115234,58.78567123413086,438900
2013-03-26,VRSK,61.38999938964844,61.63999938964844,61.0,61.380001068115234,58.78567123413086,438900
2013-03-27,VRSK,61.0,61.720001220703125,60.720001220703125,61.54999923706055,58.948463439941406,463800
2013-03-27,VRSK,61.0,61.720001220703125,60.720001220703125,61.54999923706055,58.948463439941406,463800
2013-03-28,VRSK,61.77000045776367,61.84999847412109,60.900001525878906,61.619998931884766,59.01549911499024,1221300
2013-03-28,VRSK,61.77000045776367,61.84999847412109,60.900001525878906,61.619998931884766,59.01549911499024,1221300
2013-04-01,VRSK,61.09999847412109,61.880001068115234,60.61000061035156,61.13999938964844,58.55580139160156,787900
2013-04-01,VRSK,61.09999847412109,61.880001068115234,60.61000061035156,61.13999938964844,58.55580139160156,787900
2013-04-02,VRSK,61.20000076293945,61.70000076293945,60.84999847412109,61.08000183105469,58.498348236083984,545800
2013-04-02,VRSK,61.20000076293945,61.70000076293945,60.84999847412109,61.08000183105469,58.498348236083984,545800
2013-04-03,VRSK,61.220001220703125,61.369998931884766,60.15999984741211,60.470001220703125,57.91411972045898,531200
2013-04-03,VRSK,61.220001220703125,61.369998931884766,60.15999984741211,60.470001220703125,57.91411972045898,531200
2013-04-04,VRSK,60.380001068115234,60.66999816894531,59.70000076293945,59.97999954223633,57.44484329223633,560900
2013-04-04,VRSK,60.380001068115234,60.66999816894531,59.70000076293945,59.97999954223633,57.44484329223633,560900
2013-04-05,VRSK,59.02999877929688,59.36000061035156,58.41999816894531,58.900001525878906,56.41047668457031,1107500
2013-04-05,VRSK,59.02999877929688,59.36000061035156,58.41999816894531,58.900001525878906,56.41047668457031,1107500
2013-04-08,VRSK,58.900001525878906,60.220001220703125,58.900001525878906,59.93000030517578,57.39694213867188,625900
2013-04-08,VRSK,58.900001525878906,60.220001220703125,58.900001525878906,59.93000030517578,57.39694213867188,625900
2013-04-09,VRSK,60.09999847412109,60.25,59.2400016784668,59.77999877929688,57.25329208374024,489200
2013-04-09,VRSK,60.09999847412109,60.25,59.2400016784668,59.77999877929688,57.25329208374024,489200
2013-04-10,VRSK,59.91999816894531,61.310001373291016,59.869998931884766,61.22999954223633,58.641998291015625,756700
2013-04-10,VRSK,59.91999816894531,61.310001373291016,59.869998931884766,61.22999954223633,58.641998291015625,756700
2013-04-11,VRSK,61.15999984741211,61.47999954223633,60.77000045776367,61.02999877929688,58.4504508972168,509700
2013-04-11,VRSK,61.15999984741211,61.47999954223633,60.77000045776367,61.02999877929688,58.4504508972168,509700
2013-04-12,VRSK,61.18000030517578,61.2599983215332,60.72999954223633,61.150001525878906,58.56538009643555,363100
2013-04-12,VRSK,61.18000030517578,61.2599983215332,60.72999954223633,61.150001525878906,58.56538009643555,363100
2013-04-15,VRSK,60.900001525878906,61.09000015258789,59.91999816894531,59.93000030517578,57.39694213867188,553600
2013-04-15,VRSK,60.900001525878906,61.09000015258789,59.91999816894531,59.93000030517578,57.39694213867188,553600
2013-04-16,VRSK,60.31999969482422,60.66999816894531,59.470001220703125,59.75,57.22455978393555,1501700
2013-04-16,VRSK,60.31999969482422,60.66999816894531,59.470001220703125,59.75,57.22455978393555,1501700
2013-04-17,VRSK,59.22999954223633,59.91999816894531,59.220001220703125,59.66999816894531,57.14793014526367,744800
2013-04-17,VRSK,59.22999954223633,59.91999816894531,59.220001220703125,59.66999816894531,57.14793014526367,744800
2013-04-18,VRSK,59.66999816894531,59.880001068115234,59.09000015258789,59.13999938964844,56.64033508300781,441300
2013-04-18,VRSK,59.66999816894531,59.880001068115234,59.09000015258789,59.13999938964844,56.64033508300781,441300
2013-04-19,VRSK,60.130001068115234,60.5,58.720001220703125,59.02999877929688,56.53498458862305,1086100
2013-04-19,VRSK,60.130001068115234,60.5,58.720001220703125,59.02999877929688,56.53498458862305,1086100
2013-04-22,VRSK,59.25,59.470001220703125,58.79999923706055,59.18000030517578,56.67864227294922,474100
2013-04-22,VRSK,59.25,59.470001220703125,58.79999923706055,59.18000030517578,56.67864227294922,474100
2013-04-23,VRSK,59.47999954223633,60.25,59.47999954223633,59.869998931884766,57.339473724365234,609100
2013-04-23,VRSK,59.47999954223633,60.25,59.47999954223633,59.869998931884766,57.339473724365234,609100
2013-04-24,VRSK,59.7599983215332,60.25,59.54999923706055,59.630001068115234,57.10962677001953,583800
2013-04-24,VRSK,59.7599983215332,60.25,59.54999923706055,59.630001068115234,57.10962677001953,583800
2013-04-25,VRSK,59.880001068115234,60.41999816894531,59.7400016784668,60.11000061035156,57.569332122802734,576000
2013-04-25,VRSK,59.880001068115234,60.41999816894531,59.7400016784668,60.11000061035156,57.569332122802734,576000
2013-04-26,VRSK,59.90999984741211,59.9900016784668,59.59000015258789,59.81999969482422,57.29159164428711,486400
2013-04-26,VRSK,59.90999984741211,59.9900016784668,59.59000015258789,59.81999969482422,57.29159164428711,486400
2013-04-29,VRSK,59.84999847412109,60.5,59.709999084472656,60.4900016784668,57.93327713012695,690400
2013-04-29,VRSK,59.84999847412109,60.5,59.709999084472656,60.4900016784668,57.93327713012695,690400
2013-04-30,VRSK,60.56999969482422,61.40999984741211,60.2599983215332,61.290000915527344,58.69947814941406,1019500
2013-04-30,VRSK,60.56999969482422,61.40999984741211,60.2599983215332,61.290000915527344,58.69947814941406,1019500
2013-05-01,VRSK,56.400001525878906,62.38999938964844,54.68000030517578,60.619998931884766,58.05777740478516,1261900
2013-05-01,VRSK,56.400001525878906,62.38999938964844,54.68000030517578,60.619998931884766,58.05777740478516,1261900
2013-05-02,VRSK,59.83000183105469,61.16999816894531,59.15999984741211,60.650001525878906,58.08650970458984,501900
2013-05-02,VRSK,59.83000183105469,61.16999816894531,59.15999984741211,60.650001525878906,58.08650970458984,501900
2013-05-03,VRSK,60.59999847412109,60.959999084472656,60.31999969482422,60.58000183105469,58.01947021484375,747200
2013-05-03,VRSK,60.59999847412109,60.959999084472656,60.31999969482422,60.58000183105469,58.01947021484375,747200
2013-05-06,VRSK,60.7400016784668,61.25,60.36000061035156,60.459999084472656,57.90455627441406,783400
2013-05-06,VRSK,60.7400016784668,61.25,60.36000061035156,60.459999084472656,57.90455627441406,783400
2013-05-07,VRSK,60.709999084472656,60.970001220703125,60.5099983215332,60.84999847412109,58.27806091308594,681100
2013-05-07,VRSK,60.709999084472656,60.970001220703125,60.5099983215332,60.84999847412109,58.27806091308594,681100
2013-05-08,VRSK,60.72999954223633,61.29999923706055,60.43999862670898,61.02000045776367,58.44087600708008,892900
2013-05-08,VRSK,60.72999954223633,61.29999923706055,60.43999862670898,61.02000045776367,58.44087600708008,892900
2013-05-09,VRSK,61.18000030517578,61.36000061035156,60.63999938964844,60.810001373291016,58.2397575378418,563400
2013-05-09,VRSK,61.18000030517578,61.36000061035156,60.63999938964844,60.810001373291016,58.2397575378418,563400
2013-05-10,VRSK,61.0099983215332,61.130001068115234,60.560001373291016,60.59000015258789,58.029056549072266,490500
2013-05-10,VRSK,61.0099983215332,61.130001068115234,60.560001373291016,60.59000015258789,58.029056549072266,490500
2013-05-13,VRSK,60.38999938964844,60.68000030517578,60.11000061035156,60.400001525878906,57.84707260131836,669000
2013-05-13,VRSK,60.38999938964844,60.68000030517578,60.11000061035156,60.400001525878906,57.84707260131836,669000
2013-05-14,VRSK,60.43999862670898,60.81999969482422,60.43999862670898,60.70000076293945,58.1343994140625,641100
2013-05-14,VRSK,60.43999862670898,60.81999969482422,60.43999862670898,60.70000076293945,58.1343994140625,641100
2013-05-15,VRSK,60.869998931884766,61.040000915527344,60.70000076293945,60.79999923706055,58.23017883300781,607700
2013-05-15,VRSK,60.869998931884766,61.040000915527344,60.70000076293945,60.79999923706055,58.23017883300781,607700
2013-05-16,VRSK,59.7599983215332,60.91999816894531,58.619998931884766,60.400001525878906,57.84707260131836,642600
2013-05-16,VRSK,59.7599983215332,60.91999816894531,58.619998931884766,60.400001525878906,57.84707260131836,642600
2013-05-17,VRSK,60.86000061035156,60.90999984741211,60.470001220703125,60.720001220703125,58.15355682373047,592900
2013-05-17,VRSK,60.86000061035156,60.90999984741211,60.470001220703125,60.720001220703125,58.15355682373047,592900
2013-05-20,VRSK,60.560001373291016,60.72999954223633,60.13999938964844,60.33000183105469,57.7800407409668,540700
2013-05-20,VRSK,60.560001373291016,60.72999954223633,60.13999938964844,60.33000183105469,57.7800407409668,540700
2013-05-21,VRSK,60.27000045776367,60.560001373291016,60.25,60.40999984741211,57.85666275024414,831000
2013-05-21,VRSK,60.27000045776367,60.560001373291016,60.25,60.40999984741211,57.85666275024414,831000
2013-05-22,VRSK,60.5,61.0,59.59000015258789,59.900001525878906,57.36822128295898,832400
2013-05-22,VRSK,60.5,61.0,59.59000015258789,59.900001525878906,57.36822128295898,832400
2013-05-23,VRSK,59.7400016784668,60.400001525878906,59.060001373291016,59.9900016784668,57.45441055297852,1053200
2013-05-23,VRSK,59.7400016784668,60.400001525878906,59.060001373291016,59.9900016784668,57.45441055297852,1053200
2013-05-24,VRSK,59.959999084472656,59.9900016784668,58.959999084472656,59.34000015258789,56.83187484741211,1400800
2013-05-24,VRSK,59.959999084472656,59.9900016784668,58.959999084472656,59.34000015258789,56.83187484741211,1400800
2013-05-28,VRSK,59.0,59.630001068115234,59.0,59.5,56.9851188659668,1468800
2013-05-28,VRSK,59.0,59.630001068115234,59.0,59.5,56.9851188659668,1468800
2013-05-29,VRSK,59.310001373291016,59.560001373291016,58.66999816894531,59.29999923706055,56.793575286865234,1371000
2013-05-29,VRSK,59.310001373291016,59.560001373291016,58.66999816894531,59.29999923706055,56.793575286865234,1371000
2013-05-30,VRSK,59.220001220703125,59.65999984741211,59.09000015258789,59.18000030517578,56.67864227294922,1440100
2013-05-30,VRSK,59.220001220703125,59.65999984741211,59.09000015258789,59.18000030517578,56.67864227294922,1440100
2013-05-31,VRSK,58.900001525878906,59.58000183105469,58.68000030517578,58.81999969482422,56.33386993408203,1206700
2013-05-31,VRSK,58.900001525878906,59.58000183105469,58.68000030517578,58.81999969482422,56.33386993408203,1206700
2013-06-03,VRSK,58.81999969482422,59.40999984741211,58.02000045776367,59.40999984741211,56.89892578125,565400
2013-06-03,VRSK,58.81999969482422,59.40999984741211,58.02000045776367,59.40999984741211,56.89892578125,565400
2013-06-04,VRSK,59.16999816894531,59.4900016784668,58.59999847412109,58.84999847412109,56.36259078979492,546300
2013-06-04,VRSK,59.16999816894531,59.4900016784668,58.59999847412109,58.84999847412109,56.36259078979492,546300
2013-06-05,VRSK,58.790000915527344,58.790000915527344,57.5099983215332,57.75,55.30908966064453,695400
2013-06-05,VRSK,58.790000915527344,58.790000915527344,57.5099983215332,57.75,55.30908966064453,695400
2013-06-06,VRSK,57.869998931884766,58.59999847412109,57.84000015258789,58.59999847412109,56.12315368652344,626000
2013-06-06,VRSK,57.869998931884766,58.59999847412109,57.84000015258789,58.59999847412109,56.12315368652344,626000
2013-06-07,VRSK,58.68000030517578,59.310001373291016,58.22999954223633,59.18000030517578,56.67864227294922,368100
2013-06-07,VRSK,58.68000030517578,59.310001373291016,58.22999954223633,59.18000030517578,56.67864227294922,368100
2013-06-10,VRSK,59.20000076293945,59.470001220703125,58.93999862670898,59.2599983215332,56.75526809692383,442000
2013-06-10,VRSK,59.20000076293945,59.470001220703125,58.93999862670898,59.2599983215332,56.75526809692383,442000
2013-06-11,VRSK,58.5099983215332,59.52000045776367,58.47999954223633,59.369998931884766,56.8606071472168,580300
2013-06-11,VRSK,58.5099983215332,59.52000045776367,58.47999954223633,59.369998931884766,56.8606071472168,580300
2013-06-12,VRSK,59.59999847412109,59.7400016784668,58.52999877929688,58.650001525878906,56.17104721069336,581800
2013-06-12,VRSK,59.59999847412109,59.7400016784668,58.52999877929688,58.650001525878906,56.17104721069336,581800
2013-06-13,VRSK,58.7599983215332,58.970001220703125,58.09000015258789,58.75,56.26680755615234,543100
2013-06-13,VRSK,58.7599983215332,58.970001220703125,58.09000015258789,58.75,56.26680755615234,543100
2013-06-14,VRSK,58.77999877929688,59.06999969482422,58.54999923706055,58.810001373291016,56.32429122924805,436500
2013-06-14,VRSK,58.77999877929688,59.06999969482422,58.54999923706055,58.810001373291016,56.32429122924805,436500
2013-06-17,VRSK,59.09000015258789,60.25,58.709999084472656,59.65999984741211,57.13836288452149,711100
2013-06-17,VRSK,59.09000015258789,60.25,58.709999084472656,59.65999984741211,57.13836288452149,711100
2013-06-18,VRSK,59.93000030517578,60.41999816894531,59.560001373291016,60.11000061035156,57.569332122802734,537600
2013-06-18,VRSK,59.93000030517578,60.41999816894531,59.560001373291016,60.11000061035156,57.569332122802734,537600
2013-06-19,VRSK,59.81999969482422,60.36000061035156,59.290000915527344,59.290000915527344,56.783992767333984,492100
2013-06-19,VRSK,59.81999969482422,60.36000061035156,59.290000915527344,59.290000915527344,56.783992767333984,492100
2013-06-20,VRSK,59.09999847412109,59.09999847412109,57.43000030517578,57.70000076293945,55.26119995117188,673100
2013-06-20,VRSK,59.09999847412109,59.09999847412109,57.43000030517578,57.70000076293945,55.26119995117188,673100
2013-06-21,VRSK,57.720001220703125,58.369998931884766,57.68999862670898,57.77999877929688,55.33782196044922,1034100
2013-06-21,VRSK,57.720001220703125,58.369998931884766,57.68999862670898,57.77999877929688,55.33782196044922,1034100
2013-06-24,VRSK,57.630001068115234,58.45000076293945,57.18999862670898,58.119998931884766,55.66344833374024,600700
2013-06-24,VRSK,57.630001068115234,58.45000076293945,57.18999862670898,58.119998931884766,55.66344833374024,600700
2013-06-25,VRSK,58.5,58.7400016784668,57.38999938964844,58.09999847412109,55.644287109375,737700
2013-06-25,VRSK,58.5,58.7400016784668,57.38999938964844,58.09999847412109,55.644287109375,737700
2013-06-26,VRSK,58.43999862670898,58.52999877929688,57.7599983215332,58.0,55.548526763916016,409000
2013-06-26,VRSK,58.43999862670898,58.52999877929688,57.7599983215332,58.0,55.548526763916016,409000
2013-06-27,VRSK,58.36000061035156,58.84999847412109,58.310001373291016,58.650001525878906,56.17104721069336,314100
2013-06-27,VRSK,58.36000061035156,58.84999847412109,58.310001373291016,58.650001525878906,56.17104721069336,314100
2013-06-28,VRSK,58.900001525878906,60.11000061035156,58.75,59.70000076293945,57.17666244506836,1214300
2013-06-28,VRSK,58.900001525878906,60.11000061035156,58.75,59.70000076293945,57.17666244506836,1214300
2013-07-01,VRSK,59.95000076293945,61.33000183105469,59.95000076293945,60.709999084472656,58.14397811889648,834200
2013-07-01,VRSK,59.95000076293945,61.33000183105469,59.95000076293945,60.709999084472656,58.14397811889648,834200
2013-07-02,VRSK,60.54999923706055,61.02000045776367,60.43000030517578,60.470001220703125,57.91411972045898,510900
2013-07-02,VRSK,60.54999923706055,61.02000045776367,60.43000030517578,60.470001220703125,57.91411972045898,510900
2013-07-03,VRSK,60.5,61.04999923706055,60.220001220703125,60.90999984741211,58.33552932739258,277400
2013-07-03,VRSK,60.5,61.04999923706055,60.220001220703125,60.90999984741211,58.33552932739258,277400
2013-07-05,VRSK,61.0,61.25,60.47999954223633,61.22999954223633,58.641998291015625,575500
2013-07-05,VRSK,61.0,61.25,60.47999954223633,61.22999954223633,58.641998291015625,575500
2013-07-08,VRSK,61.38999938964844,61.630001068115234,61.38999938964844,61.54999923706055,58.948463439941406,673600
2013-07-08,VRSK,61.38999938964844,61.630001068115234,61.38999938964844,61.54999923706055,58.948463439941406,673600
2013-07-09,VRSK,61.900001525878906,62.0,61.38999938964844,61.5,58.90059280395508,779200
2013-07-09,VRSK,61.900001525878906,62.0,61.38999938964844,61.5,58.90059280395508,779200
2013-07-10,VRSK,61.38999938964844,61.900001525878906,61.18999862670898,61.66999816894531,59.06339263916016,611000
2013-07-10,VRSK,61.38999938964844,61.900001525878906,61.18999862670898,61.66999816894531,59.06339263916016,611000
2013-07-11,VRSK,62.0,62.68999862670898,61.84000015258789,62.63999938964844,59.99240493774414,484700
2013-07-11,VRSK,62.0,62.68999862670898,61.84000015258789,62.63999938964844,59.99240493774414,484700
2013-07-12,VRSK,63.119998931884766,63.45000076293945,62.7599983215332,63.2400016784668,60.56704330444336,813700
2013-07-12,VRSK,63.119998931884766,63.45000076293945,62.7599983215332,63.2400016784668,60.56704330444336,813700
2013-07-15,VRSK,63.119998931884766,63.41999816894531,62.45000076293945,62.880001068115234,60.22224807739258,396400
2013-07-15,VRSK,63.119998931884766,63.41999816894531,62.45000076293945,62.880001068115234,60.22224807739258,396400
2013-07-16,VRSK,62.810001373291016,62.880001068115234,61.900001525878906,62.09999847412109,59.4752311706543,541400
2013-07-16,VRSK,62.810001373291016,62.880001068115234,61.900001525878906,62.09999847412109,59.4752311706543,541400
2013-07-17,VRSK,62.34000015258789,62.34000015258789,61.72999954223633,61.75,59.140018463134766,297900
2013-07-17,VRSK,62.34000015258789,62.34000015258789,61.72999954223633,61.75,59.140018463134766,297900
2013-07-18,VRSK,61.75,62.11000061035156,61.68999862670898,61.75,59.140018463134766,414000
2013-07-18,VRSK,61.75,62.11000061035156,61.68999862670898,61.75,59.140018463134766,414000
2013-07-19,VRSK,61.75,62.59000015258789,61.459999084472656,61.869998931884766,59.25493621826172,705500
2013-07-19,VRSK,61.75,62.59000015258789,61.459999084472656,61.869998931884766,59.25493621826172,705500
2013-07-22,VRSK,62.369998931884766,62.369998931884766,61.540000915527344,62.040000915527344,59.41776657104492,523100
2013-07-22,VRSK,62.369998931884766,62.369998931884766,61.540000915527344,62.040000915527344,59.41776657104492,523100
2013-07-23,VRSK,61.970001220703125,62.27999877929688,61.40999984741211,61.68000030517578,59.07298278808594,353500
2013-07-23,VRSK,61.970001220703125,62.27999877929688,61.40999984741211,61.68000030517578,59.07298278808594,353500
2013-07-24,VRSK,61.900001525878906,62.5,61.40999984741211,61.56999969482422,58.96762466430664,456800
2013-07-24,VRSK,61.900001525878906,62.5,61.40999984741211,61.56999969482422,58.96762466430664,456800
2013-07-25,VRSK,61.66999816894531,62.220001220703125,61.5099983215332,61.70000076293945,59.09212493896485,471600
2013-07-25,VRSK,61.66999816894531,62.220001220703125,61.5099983215332,61.70000076293945,59.09212493896485,471600
2013-07-26,VRSK,61.25,61.86000061035156,60.66999816894531,61.470001220703125,58.87185287475586,290900
2013-07-26,VRSK,61.25,61.86000061035156,60.66999816894531,61.470001220703125,58.87185287475586,290900
2013-07-29,VRSK,61.310001373291016,61.63999938964844,61.130001068115234,61.22999954223633,58.641998291015625,325400
2013-07-29,VRSK,61.310001373291016,61.63999938964844,61.130001068115234,61.22999954223633,58.641998291015625,325400
2013-07-30,VRSK,61.040000915527344,61.310001373291016,60.65999984741211,60.86000061035156,58.28763961791992,1010200
2013-07-30,VRSK,61.040000915527344,61.310001373291016,60.65999984741211,60.86000061035156,58.28763961791992,1010200
2013-07-31,VRSK,64.5199966430664,65.58999633789062,62.84000015258789,64.36000061035156,61.63969421386719,2043500
2013-07-31,VRSK,64.5199966430664,65.58999633789062,62.84000015258789,64.36000061035156,61.63969421386719,2043500
2013-08-01,VRSK,64.43000030517578,64.98999786376953,64.16000366210938,64.45999908447266,61.73546600341797,1478200
2013-08-01,VRSK,64.43000030517578,64.98999786376953,64.16000366210938,64.45999908447266,61.73546600341797,1478200
2013-08-02,VRSK,64.63999938964844,65.05999755859375,64.0199966430664,64.25,61.53435134887695,849400
2013-08-02,VRSK,64.63999938964844,65.05999755859375,64.0199966430664,64.25,61.53435134887695,849400
2013-08-05,VRSK,64.0,64.12000274658203,63.5,63.91999816894531,61.21828842163086,672600
2013-08-05,VRSK,64.0,64.12000274658203,63.5,63.91999816894531,61.21828842163086,672600
2013-08-06,VRSK,63.900001525878906,63.959999084472656,63.369998931884766,63.54999923706055,60.86393356323242,609800
2013-08-06,VRSK,63.900001525878906,63.959999084472656,63.369998931884766,63.54999923706055,60.86393356323242,609800
2013-08-07,VRSK,63.5,63.560001373291016,63.08000183105469,63.36000061035156,60.681976318359375,825300
2013-08-07,VRSK,63.5,63.560001373291016,63.08000183105469,63.36000061035156,60.681976318359375,825300
2013-08-08,VRSK,63.65999984741211,63.65999984741211,62.84000015258789,63.290000915527344,60.61492538452149,336800
2013-08-08,VRSK,63.65999984741211,63.65999984741211,62.84000015258789,63.290000915527344,60.61492538452149,336800
2013-08-09,VRSK,63.0,63.7400016784668,62.970001220703125,63.25,60.576622009277344,568500
2013-08-09,VRSK,63.0,63.7400016784668,62.970001220703125,63.25,60.576622009277344,568500
2013-08-12,VRSK,63.09000015258789,63.38999938964844,62.86000061035156,62.93999862670898,60.27972030639648,513300
2013-08-12,VRSK,63.09000015258789,63.38999938964844,62.86000061035156,62.93999862670898,60.27972030639648,513300
2013-08-13,VRSK,62.93999862670898,63.34000015258789,62.41999816894531,63.04999923706055,60.38506317138672,394500
2013-08-13,VRSK,62.93999862670898,63.34000015258789,62.41999816894531,63.04999923706055,60.38506317138672,394500
2013-08-14,VRSK,62.9900016784668,63.060001373291016,62.15999984741211,62.310001373291016,59.67634963989258,376400
2013-08-14,VRSK,62.9900016784668,63.060001373291016,62.15999984741211,62.310001373291016,59.67634963989258,376400
2013-08-15,VRSK,61.81999969482422,62.209999084472656,61.15999984741211,61.65999984741211,59.05382537841797,417100
2013-08-15,VRSK,61.81999969482422,62.209999084472656,61.15999984741211,61.65999984741211,59.05382537841797,417100
2013-08-16,VRSK,61.5,61.84000015258789,61.11000061035156,61.52000045776367,58.91974258422852,484300
2013-08-16,VRSK,61.5,61.84000015258789,61.11000061035156,61.52000045776367,58.91974258422852,484300
2013-08-19,VRSK,61.34000015258789,61.97999954223633,61.0,61.38999938964844,58.79523468017578,463600
2013-08-19,VRSK,61.34000015258789,61.97999954223633,61.0,61.38999938964844,58.79523468017578,463600
2013-08-20,VRSK,61.34999847412109,61.900001525878906,61.25,61.68999862670898,59.08255386352539,419800
2013-08-20,VRSK,61.34999847412109,61.900001525878906,61.25,61.68999862670898,59.08255386352539,419800
2013-08-21,VRSK,61.36000061035156,62.130001068115234,61.27000045776367,61.7400016784668,59.13043975830078,335000
2013-08-21,VRSK,61.36000061035156,62.130001068115234,61.27000045776367,61.7400016784668,59.13043975830078,335000
2013-08-22,VRSK,61.70000076293945,62.34000015258789,61.68999862670898,62.02999877929688,59.40818405151367,267700
2013-08-22,VRSK,61.70000076293945,62.34000015258789,61.68999862670898,62.02999877929688,59.40818405151367,267700
2013-08-23,VRSK,62.20000076293945,62.93999862670898,62.0,62.75,60.09774398803711,594600
2013-08-23,VRSK,62.20000076293945,62.93999862670898,62.0,62.75,60.09774398803711,594600
2013-08-26,VRSK,62.560001373291016,62.880001068115234,62.34999847412109,62.66999816894531,60.0211296081543,333500
2013-08-26,VRSK,62.560001373291016,62.880001068115234,62.34999847412109,62.66999816894531,60.0211296081543,333500
2013-08-27,VRSK,62.09999847412109,62.61000061035156,61.93999862670898,62.27000045776367,59.63804244995117,496100
2013-08-27,VRSK,62.09999847412109,62.61000061035156,61.93999862670898,62.27000045776367,59.63804244995117,496100
2013-08-28,VRSK,62.060001373291016,62.38999938964844,61.79999923706055,62.130001068115234,59.50395202636719,473800
2013-08-28,VRSK,62.060001373291016,62.38999938964844,61.79999923706055,62.130001068115234,59.50395202636719,473800
2013-08-29,VRSK,61.84999847412109,62.72999954223633,61.7400016784668,62.310001373291016,59.67634963989258,350500
2013-08-29,VRSK,61.84999847412109,62.72999954223633,61.7400016784668,62.310001373291016,59.67634963989258,350500
2013-08-30,VRSK,62.36000061035156,62.54999923706055,61.81999969482422,62.18000030517578,59.55184555053711,431100
2013-08-30,VRSK,62.36000061035156,62.54999923706055,61.81999969482422,62.18000030517578,59.55184555053711,431100
2013-09-03,VRSK,62.790000915527344,63.18000030517578,62.459999084472656,62.84000015258789,60.18395614624024,971200
2013-09-03,VRSK,62.790000915527344,63.18000030517578,62.459999084472656,62.84000015258789,60.18395614624024,971200
2013-09-04,VRSK,62.75,63.2599983215332,62.459999084472656,63.2599983215332,60.58619689941406,589900
2013-09-04,VRSK,62.75,63.2599983215332,62.459999084472656,63.2599983215332,60.58619689941406,589900
2013-09-05,VRSK,63.22999954223633,63.470001220703125,62.93999862670898,63.08000183105469,60.41379928588867,731200
2013-09-05,VRSK,63.22999954223633,63.470001220703125,62.93999862670898,63.08000183105469,60.41379928588867,731200
2013-09-06,VRSK,63.45000076293945,63.7400016784668,62.400001525878906,63.13999938964844,60.47126388549805,601700
2013-09-06,VRSK,63.45000076293945,63.7400016784668,62.400001525878906,63.13999938964844,60.47126388549805,601700
2013-09-09,VRSK,63.18000030517578,64.05999755859375,62.65999984741211,63.63999938964844,60.95014190673828,639800
2013-09-09,VRSK,63.18000030517578,64.05999755859375,62.65999984741211,63.63999938964844,60.95014190673828,639800
2013-09-10,VRSK,63.900001525878906,64.66999816894531,63.79999923706055,64.66000366210938,61.927032470703125,606500
2013-09-10,VRSK,63.900001525878906,64.66999816894531,63.79999923706055,64.66000366210938,61.927032470703125,606500
2013-09-11,VRSK,64.79000091552734,65.62999725341797,64.52999877929688,65.05000305175781,62.30054473876953,694200
2013-09-11,VRSK,64.79000091552734,65.62999725341797,64.52999877929688,65.05000305175781,62.30054473876953,694200
2013-09-12,VRSK,65.16000366210938,65.37999725341797,64.86000061035156,65.16999816894531,62.41546630859375,344500
2013-09-12,VRSK,65.16000366210938,65.37999725341797,64.86000061035156,65.16999816894531,62.41546630859375,344500
2013-09-13,VRSK,65.5,65.5,64.95999908447266,65.31999969482422,62.559120178222656,666800
2013-09-13,VRSK,65.5,65.5,64.95999908447266,65.31999969482422,62.559120178222656,666800
2013-09-16,VRSK,65.58999633789062,66.08999633789062,65.38999938964844,66.08999633789062,63.29657745361328,1554900
2013-09-16,VRSK,65.58999633789062,66.08999633789062,65.38999938964844,66.08999633789062,63.29657745361328,1554900
2013-09-17,VRSK,65.98999786376953,66.45999908447266,65.81999969482422,66.0199966430664,63.22954559326172,422000
2013-09-17,VRSK,65.98999786376953,66.45999908447266,65.81999969482422,66.0199966430664,63.22954559326172,422000
2013-09-18,VRSK,66.02999877929688,66.6500015258789,65.4800033569336,66.52999877929688,63.71797943115234,745700
2013-09-18,VRSK,66.02999877929688,66.6500015258789,65.4800033569336,66.52999877929688,63.71797943115234,745700
2013-09-19,VRSK,66.75,66.7699966430664,65.95999908447266,66.38999938964844,63.583892822265625,826500
2013-09-19,VRSK,66.75,66.7699966430664,65.95999908447266,66.38999938964844,63.583892822265625,826500
2013-09-20,VRSK,66.1500015258789,66.44000244140625,65.47000122070312,65.80000305175781,63.01884841918945,924200
2013-09-20,VRSK,66.1500015258789,66.44000244140625,65.47000122070312,65.80000305175781,63.01884841918945,924200
2013-09-23,VRSK,65.5199966430664,65.83000183105469,65.29000091552734,65.37000274658203,62.60700607299805,656800
2013-09-23,VRSK,65.5199966430664,65.83000183105469,65.29000091552734,65.37000274658203,62.60700607299805,656800
2013-09-24,VRSK,65.37000274658203,65.79000091552734,64.91999816894531,65.5199966430664,62.75067901611328,377100
2013-09-24,VRSK,65.37000274658203,65.79000091552734,64.91999816894531,65.5199966430664,62.75067901611328,377100
2013-09-25,VRSK,65.45999908447266,65.56999969482422,64.87999725341797,65.06999969482422,62.31968688964844,424800
2013-09-25,VRSK,65.45999908447266,65.56999969482422,64.87999725341797,65.06999969482422,62.31968688964844,424800
2013-09-26,VRSK,65.4000015258789,65.77999877929688,64.9000015258789,65.25,62.492095947265625,391200
2013-09-26,VRSK,65.4000015258789,65.77999877929688,64.9000015258789,65.25,62.492095947265625,391200
2013-09-27,VRSK,65.0,65.44000244140625,64.55999755859375,65.33999633789062,62.57827758789063,287700
2013-09-27,VRSK,65.0,65.44000244140625,64.55999755859375,65.33999633789062,62.57827758789063,287700
2013-09-30,VRSK,64.95999908447266,65.26000213623047,64.54000091552734,64.95999908447266,62.214332580566406,578100
2013-09-30,VRSK,64.95999908447266,65.26000213623047,64.54000091552734,64.95999908447266,62.214332580566406,578100
2013-10-01,VRSK,65.04000091552734,65.52999877929688,64.81999969482422,65.16000366210938,62.40589141845703,478500
2013-10-01,VRSK,65.04000091552734,65.52999877929688,64.81999969482422,65.16000366210938,62.40589141845703,478500
2013-10-02,VRSK,64.86000061035156,64.86000061035156,64.27999877929688,64.37000274658203,61.6492919921875,731500
2013-10-02,VRSK,64.86000061035156,64.86000061035156,64.27999877929688,64.37000274658203,61.6492919921875,731500
2013-10-03,VRSK,64.33999633789062,64.47000122070312,63.290000915527344,63.970001220703125,61.26618957519531,1134900
2013-10-03,VRSK,64.33999633789062,64.47000122070312,63.290000915527344,63.970001220703125,61.26618957519531,1134900
2013-10-04,VRSK,64.12999725341797,65.0999984741211,63.869998931884766,65.0199966430664,62.27180480957031,884700
2013-10-04,VRSK,64.12999725341797,65.0999984741211,63.869998931884766,65.0199966430664,62.27180480957031,884700
2013-10-07,VRSK,64.45999908447266,64.91999816894531,63.86000061035156,64.66000366210938,61.927032470703125,625500
2013-10-07,VRSK,64.45999908447266,64.91999816894531,63.86000061035156,64.66000366210938,61.927032470703125,625500
2013-10-08,VRSK,64.5,65.1500015258789,64.31999969482422,64.94000244140625,62.195194244384766,970100
2013-10-08,VRSK,64.5,65.1500015258789,64.31999969482422,64.94000244140625,62.195194244384766,970100
2013-10-09,VRSK,65.0,65.20999908447266,64.4000015258789,65.13999938964844,62.38674545288086,1106600
2013-10-09,VRSK,65.0,65.20999908447266,64.4000015258789,65.13999938964844,62.38674545288086,1106600
2013-10-10,VRSK,65.3499984741211,66.66000366210938,65.3499984741211,66.44999694824219,63.641357421875,477600
2013-10-10,VRSK,65.3499984741211,66.66000366210938,65.3499984741211,66.44999694824219,63.641357421875,477600
2013-10-11,VRSK,66.33000183105469,67.16999816894531,66.16000366210938,67.06999969482422,64.23516082763672,445200
2013-10-11,VRSK,66.33000183105469,67.16999816894531,66.16000366210938,67.06999969482422,64.23516082763672,445200
2013-10-14,VRSK,66.86000061035156,67.29000091552734,66.55999755859375,67.26000213623047,64.41712188720703,519100
2013-10-14,VRSK,66.86000061035156,67.29000091552734,66.55999755859375,67.26000213623047,64.41712188720703,519100
2013-10-15,VRSK,66.95999908447266,67.1500015258789,66.73999786376953,66.97000122070312,64.13937377929688,551700
2013-10-15,VRSK,66.95999908447266,67.1500015258789,66.73999786376953,66.97000122070312,64.13937377929688,551700
2013-10-16,VRSK,67.43000030517578,67.98999786376953,67.11000061035156,67.7699966430664,64.90557861328125,494700
2013-10-16,VRSK,67.43000030517578,67.98999786376953,67.11000061035156,67.7699966430664,64.90557861328125,494700
2013-10-17,VRSK,67.5999984741211,68.7699966430664,67.36000061035156,68.70999908447266,65.80585479736328,523000
2013-10-17,VRSK,67.5999984741211,68.7699966430664,67.36000061035156,68.70999908447266,65.80585479736328,523000
2013-10-18,VRSK,68.72000122070312,68.7300033569336,68.11000061035156,68.69000244140625,65.78668212890625,718600
2013-10-18,VRSK,68.72000122070312,68.7300033569336,68.11000061035156,68.69000244140625,65.78668212890625,718600
2013-10-21,VRSK,68.70999908447266,68.86000061035156,67.75,68.37999725341797,65.48977661132812,652300
2013-10-21,VRSK,68.70999908447266,68.86000061035156,67.75,68.37999725341797,65.48977661132812,652300
2013-10-22,VRSK,68.73999786376953,69.02999877929688,68.25,68.3499984741211,65.46106719970703,491500
2013-10-22,VRSK,68.73999786376953,69.02999877929688,68.25,68.3499984741211,65.46106719970703,491500
2013-10-23,VRSK,68.05999755859375,68.83000183105469,67.68000030517578,68.52999877929688,65.6334457397461,633300
2013-10-23,VRSK,68.05999755859375,68.83000183105469,67.68000030517578,68.52999877929688,65.6334457397461,633300
2013-10-24,VRSK,68.43000030517578,69.08999633789062,67.94000244140625,68.0199966430664,65.1449966430664,658200
2013-10-24,VRSK,68.43000030517578,69.08999633789062,67.94000244140625,68.0199966430664,65.1449966430664,658200
2013-10-25,VRSK,68.44999694824219,68.44999694824219,67.86000061035156,68.38999938964844,65.4993667602539,345600
2013-10-25,VRSK,68.44999694824219,68.44999694824219,67.86000061035156,68.38999938964844,65.4993667602539,345600
2013-10-28,VRSK,68.51000213623047,68.94000244140625,67.9000015258789,67.94000244140625,65.06837463378906,685600
2013-10-28,VRSK,68.51000213623047,68.94000244140625,67.9000015258789,67.94000244140625,65.06837463378906,685600
2013-10-29,VRSK,68.20999908447266,68.73999786376953,68.13999938964844,68.73999786376953,65.83454895019531,371400
2013-10-29,VRSK,68.20999908447266,68.73999786376953,68.13999938964844,68.73999786376953,65.83454895019531,371400
2013-10-30,VRSK,68.68000030517578,69.06999969482422,67.81999969482422,68.1500015258789,65.26951599121094,415800
2013-10-30,VRSK,68.68000030517578,69.06999969482422,67.81999969482422,68.1500015258789,65.26951599121094,415800
2013-10-31,VRSK,68.11000061035156,68.69000244140625,67.87000274658203,68.5199966430664,65.62387084960938,474600
2013-10-31,VRSK,68.11000061035156,68.69000244140625,67.87000274658203,68.5199966430664,65.62387084960938,474600
2013-11-01,VRSK,68.79000091552734,68.79000091552734,67.26000213623047,67.9800033569336,65.1067123413086,847100
2013-11-01,VRSK,68.79000091552734,68.79000091552734,67.26000213623047,67.9800033569336,65.1067123413086,847100
2013-11-04,VRSK,68.05000305175781,68.33999633789062,67.6500015258789,68.33000183105469,65.44190979003906,517200
2013-11-04,VRSK,68.05000305175781,68.33999633789062,67.6500015258789,68.33000183105469,65.44190979003906,517200
2013-11-05,VRSK,67.91000366210938,68.2300033569336,67.52999877929688,67.80000305175781,64.93431091308594,799800
2013-11-05,VRSK,67.91000366210938,68.2300033569336,67.52999877929688,67.80000305175781,64.93431091308594,799800
2013-11-06,VRSK,61.0,62.84999847412109,60.15999984741211,62.0,59.37945175170898,5231700
2013-11-06,VRSK,61.0,62.84999847412109,60.15999984741211,62.0,59.37945175170898,5231700
2013-11-07,VRSK,61.68000030517578,64.1500015258789,61.130001068115234,61.27000045776367,58.6802978515625,1287500
2013-11-07,VRSK,61.68000030517578,64.1500015258789,61.130001068115234,61.27000045776367,58.6802978515625,1287500
2013-11-08,VRSK,61.45000076293945,62.59000015258789,61.25,62.470001220703125,59.82959365844727,935400
2013-11-08,VRSK,61.45000076293945,62.59000015258789,61.25,62.470001220703125,59.82959365844727,935400
2013-11-11,VRSK,62.56999969482422,62.75,62.16999816894531,62.310001373291016,59.67634963989258,832600
2013-11-11,VRSK,62.56999969482422,62.75,62.16999816894531,62.310001373291016,59.67634963989258,832600
2013-11-12,VRSK,62.08000183105469,62.86000061035156,62.0,62.84999847412109,60.19352340698242,905400
2013-11-12,VRSK,62.08000183105469,62.86000061035156,62.0,62.84999847412109,60.19352340698242,905400
2013-11-13,VRSK,62.54999923706055,63.43000030517578,62.43000030517578,63.41999816894531,60.73942947387695,711300
2013-11-13,VRSK,62.54999923706055,63.43000030517578,62.43000030517578,63.41999816894531,60.73942947387695,711300
2013-11-14,VRSK,63.29999923706055,64.08999633789062,63.20000076293945,63.66999816894531,60.97886276245117,546000
2013-11-14,VRSK,63.29999923706055,64.08999633789062,63.20000076293945,63.66999816894531,60.97886276245117,546000
2013-11-15,VRSK,64.0,64.43000030517578,63.310001373291016,64.37000274658203,61.6492919921875,717700
2013-11-15,VRSK,64.0,64.43000030517578,63.310001373291016,64.37000274658203,61.6492919921875,717700
2013-11-18,VRSK,63.209999084472656,63.56999969482422,62.79999923706055,63.33000183105469,60.65323257446289,982300
2013-11-18,VRSK,63.209999084472656,63.56999969482422,62.79999923706055,63.33000183105469,60.65323257446289,982300
2013-11-19,VRSK,63.20000076293945,63.56999969482422,62.90999984741211,63.18999862670898,60.5191535949707,436400
2013-11-19,VRSK,63.20000076293945,63.56999969482422,62.90999984741211,63.18999862670898,60.5191535949707,436400
2013-11-20,VRSK,63.119998931884766,63.15999984741211,62.40999984741211,62.630001068115234,59.98282241821289,1350600
2013-11-20,VRSK,63.119998931884766,63.15999984741211,62.40999984741211,62.630001068115234,59.98282241821289,1350600
2013-11-21,VRSK,62.630001068115234,63.38999938964844,62.43000030517578,63.27000045776367,60.59576797485352,776600
2013-11-21,VRSK,62.630001068115234,63.38999938964844,62.43000030517578,63.27000045776367,60.59576797485352,776600
2013-11-22,VRSK,63.18000030517578,63.959999084472656,63.16999816894531,63.90999984741211,61.208717346191406,562000
2013-11-22,VRSK,63.18000030517578,63.959999084472656,63.16999816894531,63.90999984741211,61.208717346191406,562000
2013-11-25,VRSK,63.70000076293945,64.86000061035156,63.68000030517578,64.52999877929688,61.80251693725586,860700
2013-11-25,VRSK,63.70000076293945,64.86000061035156,63.68000030517578,64.52999877929688,61.80251693725586,860700
2013-11-26,VRSK,64.77999877929688,65.11000061035156,64.47000122070312,64.88999938964844,62.14729309082031,1047800
2013-11-26,VRSK,64.77999877929688,65.11000061035156,64.47000122070312,64.88999938964844,62.14729309082031,1047800
2013-11-27,VRSK,64.83999633789062,65.8499984741211,64.62999725341797,65.44999694824219,62.68362808227539,1604500
2013-11-27,VRSK,64.83999633789062,65.8499984741211,64.62999725341797,65.44999694824219,62.68362808227539,1604500
2013-11-29,VRSK,65.51000213623047,65.6500015258789,64.83000183105469,65.11000061035156,62.358001708984375,333800
2013-11-29,VRSK,65.51000213623047,65.6500015258789,64.83000183105469,65.11000061035156,62.358001708984375,333800
2013-12-02,VRSK,64.81999969482422,65.62999725341797,64.7300033569336,65.4000015258789,62.63574981689453,834500
2013-12-02,VRSK,64.81999969482422,65.62999725341797,64.7300033569336,65.4000015258789,62.63574981689453,834500
2013-12-03,VRSK,64.91999816894531,65.22000122070312,64.7300033569336,65.12999725341797,62.37715530395508,651000
2013-12-03,VRSK,64.91999816894531,65.22000122070312,64.7300033569336,65.12999725341797,62.37715530395508,651000
2013-12-04,VRSK,64.98999786376953,65.56999969482422,64.72000122070312,65.26000213623047,62.50167465209961,576900
2013-12-04,VRSK,64.98999786376953,65.56999969482422,64.72000122070312,65.26000213623047,62.50167465209961,576900
2013-12-05,VRSK,65.0999984741211,65.12000274658203,64.70999908447266,65.0999984741211,62.348426818847656,975000
2013-12-05,VRSK,65.0999984741211,65.12000274658203,64.70999908447266,65.0999984741211,62.348426818847656,975000
2013-12-06,VRSK,66.33000183105469,67.33000183105469,65.62999725341797,67.33000183105469,64.48417663574219,1071800
2013-12-06,VRSK,66.33000183105469,67.33000183105469,65.62999725341797,67.33000183105469,64.48417663574219,1071800
2013-12-09,VRSK,67.23999786376953,67.33999633789062,66.19000244140625,66.5199966430664,63.70840072631836,1323300
2013-12-09,VRSK,67.23999786376953,67.33999633789062,66.19000244140625,66.5199966430664,63.70840072631836,1323300
2013-12-10,VRSK,66.16000366210938,66.36000061035156,65.81999969482422,66.2300033569336,63.43067169189453,616400
2013-12-10,VRSK,66.16000366210938,66.36000061035156,65.81999969482422,66.2300033569336,63.43067169189453,616400
2013-12-11,VRSK,65.5999984741211,65.91000366210938,64.55999755859375,64.5999984741211,61.86957550048828,1000000
2013-12-11,VRSK,65.5999984741211,65.91000366210938,64.55999755859375,64.5999984741211,61.86957550048828,1000000
2013-12-12,VRSK,64.63999938964844,64.80000305175781,64.04000091552734,64.19000244140625,61.47689437866211,849700
2013-12-12,VRSK,64.63999938964844,64.80000305175781,64.04000091552734,64.19000244140625,61.47689437866211,849700
2013-12-13,VRSK,64.5999984741211,65.16999816894531,64.36000061035156,64.62999725341797,61.89828109741211,1163800
2013-12-13,VRSK,64.5999984741211,65.16999816894531,64.36000061035156,64.62999725341797,61.89828109741211,1163800
2013-12-16,VRSK,64.63999938964844,65.5,64.58999633789062,65.22000122070312,62.46333694458008,665800
2013-12-16,VRSK,64.63999938964844,65.5,64.58999633789062,65.22000122070312,62.46333694458008,665800
2013-12-17,VRSK,65.08999633789062,65.58999633789062,64.55999755859375,65.22000122070312,62.46333694458008,665400
2013-12-17,VRSK,65.08999633789062,65.58999633789062,64.55999755859375,65.22000122070312,62.46333694458008,665400
2013-12-18,VRSK,65.41999816894531,65.83999633789062,64.70999908447266,65.75,62.97096633911133,503300
2013-12-18,VRSK,65.41999816894531,65.83999633789062,64.70999908447266,65.75,62.97096633911133,503300
2013-12-19,VRSK,65.51000213623047,66.08000183105469,65.51000213623047,65.8499984741211,63.06672668457031,516400
2013-12-19,VRSK,65.51000213623047,66.08000183105469,65.51000213623047,65.8499984741211,63.06672668457031,516400
2013-12-20,VRSK,65.56999969482422,66.63999938964844,65.56999969482422,66.55999755859375,63.74671936035156,879100
2013-12-20,VRSK,65.56999969482422,66.63999938964844,65.56999969482422,66.55999755859375,63.74671936035156,879100
2013-12-23,VRSK,66.41999816894531,66.86000061035156,65.87999725341797,66.02999877929688,63.23911666870117,440800
2013-12-23,VRSK,66.41999816894531,66.86000061035156,65.87999725341797,66.02999877929688,63.23911666870117,440800
2013-12-24,VRSK,66.2300033569336,66.48999786376953,65.91999816894531,65.97000122070312,63.1816635131836,202200
2013-12-24,VRSK,66.2300033569336,66.48999786376953,65.91999816894531,65.97000122070312,63.1816635131836,202200
2013-12-26,VRSK,66.19000244140625,66.41999816894531,65.73999786376953,65.9800033569336,63.19125747680664,290300
2013-12-26,VRSK,66.19000244140625,66.41999816894531,65.73999786376953,65.9800033569336,63.19125747680664,290300
2013-12-27,VRSK,66.25,66.2699966430664,65.69999694824219,66.05000305175781,63.25827026367188,432400
2013-12-27,VRSK,66.25,66.2699966430664,65.69999694824219,66.05000305175781,63.25827026367188,432400
2013-12-30,VRSK,65.91000366210938,66.12000274658203,65.7300033569336,65.80999755859375,63.028419494628906,374400
2013-12-30,VRSK,65.91000366210938,66.12000274658203,65.7300033569336,65.80999755859375,63.028419494628906,374400
2013-12-31,VRSK,65.3499984741211,66.13999938964844,65.30000305175781,65.72000122070312,62.94220733642578,723000
2013-12-31,VRSK,65.3499984741211,66.13999938964844,65.30000305175781,65.72000122070312,62.94220733642578,723000
2014-01-02,VRSK,65.2699966430664,65.56999969482422,64.75,65.12000274658203,62.367584228515625,683300
2014-01-02,VRSK,65.2699966430664,65.56999969482422,64.75,65.12000274658203,62.367584228515625,683300
2014-01-03,VRSK,65.02999877929688,65.5,64.95999908447266,65.12999725341797,62.37715530395508,532100
2014-01-03,VRSK,65.02999877929688,65.5,64.95999908447266,65.12999725341797,62.37715530395508,532100
2014-01-06,VRSK,65.0999984741211,65.43000030517578,63.630001068115234,63.650001525878906,60.95970916748047,889100
2014-01-06,VRSK,65.0999984741211,65.43000030517578,63.630001068115234,63.650001525878906,60.95970916748047,889100
2014-01-07,VRSK,63.790000915527344,64.25,63.540000915527344,63.61000061035156,60.92140197753906,693200
2014-01-07,VRSK,63.790000915527344,64.25,63.540000915527344,63.61000061035156,60.92140197753906,693200
2014-01-08,VRSK,63.45000076293945,63.560001373291016,62.7599983215332,63.36000061035156,60.681976318359375,1565400
2014-01-08,VRSK,63.45000076293945,63.560001373291016,62.7599983215332,63.36000061035156,60.681976318359375,1565400
2014-01-09,VRSK,63.59000015258789,63.650001525878906,62.970001220703125,63.13999938964844,60.47126388549805,585100
2014-01-09,VRSK,63.59000015258789,63.650001525878906,62.970001220703125,63.13999938964844,60.47126388549805,585100
2014-01-10,VRSK,63.5,63.75,62.72999954223633,62.93000030517578,60.27014923095703,813500
2014-01-10,VRSK,63.5,63.75,62.72999954223633,62.93000030517578,60.27014923095703,813500
2014-01-13,VRSK,62.310001373291016,63.400001525878906,62.310001373291016,62.45000076293945,59.81043243408203,951800
2014-01-13,VRSK,62.310001373291016,63.400001525878906,62.310001373291016,62.45000076293945,59.81043243408203,951800
2014-01-14,VRSK,62.38999938964844,63.27999877929688,62.38999938964844,63.0,60.33718490600586,778100
2014-01-14,VRSK,62.38999938964844,63.27999877929688,62.38999938964844,63.0,60.33718490600586,778100
2014-01-15,VRSK,63.59000015258789,63.880001068115234,62.93999862670898,63.43000030517578,60.74900817871094,1160500
2014-01-15,VRSK,63.59000015258789,63.880001068115234,62.93999862670898,63.43000030517578,60.74900817871094,1160500
2014-01-16,VRSK,63.459999084472656,64.1500015258789,63.20000076293945,64.12000274658203,61.40985107421875,1000900
2014-01-16,VRSK,63.459999084472656,64.1500015258789,63.20000076293945,64.12000274658203,61.40985107421875,1000900
2014-01-17,VRSK,63.86000061035156,64.0999984741211,63.31999969482422,63.45000076293945,60.768165588378906,1106200
2014-01-17,VRSK,63.86000061035156,64.0999984741211,63.31999969482422,63.45000076293945,60.768165588378906,1106200
2014-01-21,VRSK,63.84000015258789,64.2699966430664,63.540000915527344,64.0199966430664,61.31407928466797,699400
2014-01-21,VRSK,63.84000015258789,64.2699966430664,63.540000915527344,64.0199966430664,61.31407928466797,699400
2014-01-22,VRSK,64.01000213623047,64.22000122070312,63.720001220703125,63.970001220703125,61.26618957519531,532300
2014-01-22,VRSK,64.01000213623047,64.22000122070312,63.720001220703125,63.970001220703125,61.26618957519531,532300
2014-01-23,VRSK,63.45000076293945,64.16000366210938,63.22999954223633,64.16000366210938,61.44815826416016,717300
2014-01-23,VRSK,63.45000076293945,64.16000366210938,63.22999954223633,64.16000366210938,61.44815826416016,717300
2014-01-24,VRSK,63.68000030517578,64.02999877929688,63.25,63.56999969482422,60.88309097290039,887700
2014-01-24,VRSK,63.68000030517578,64.02999877929688,63.25,63.56999969482422,60.88309097290039,887700
2014-01-27,VRSK,62.68000030517578,63.68999862670898,62.68000030517578,63.310001373291016,60.63408279418945,1058800
2014-01-27,VRSK,62.68000030517578,63.68999862670898,62.68000030517578,63.310001373291016,60.63408279418945,1058800
2014-01-28,VRSK,63.400001525878906,63.970001220703125,63.34999847412109,63.86000061035156,61.16084671020508,863400
2014-01-28,VRSK,63.400001525878906,63.970001220703125,63.34999847412109,63.86000061035156,61.16084671020508,863400
2014-01-29,VRSK,63.459999084472656,63.880001068115234,63.04999923706055,63.68000030517578,60.98843765258789,674600
2014-01-29,VRSK,63.459999084472656,63.880001068115234,63.04999923706055,63.68000030517578,60.98843765258789,674600
2014-01-30,VRSK,63.790000915527344,64.61000061035156,63.58000183105469,64.55000305175781,61.821685791015625,551900
2014-01-30,VRSK,63.790000915527344,64.61000061035156,63.58000183105469,64.55000305175781,61.821685791015625,551900
2014-01-31,VRSK,63.52000045776367,64.1500015258789,63.18999862670898,63.86000061035156,61.16084671020508,553700
2014-01-31,VRSK,63.52000045776367,64.1500015258789,63.18999862670898,63.86000061035156,61.16084671020508,553700
2014-02-03,VRSK,63.790000915527344,63.9900016784668,62.619998931884766,62.77999877929688,60.1264877319336,951900
2014-02-03,VRSK,63.790000915527344,63.9900016784668,62.619998931884766,62.77999877929688,60.1264877319336,951900
2014-02-04,VRSK,62.86000061035156,63.290000915527344,62.38999938964844,62.7400016784668,60.08817672729492,821600
2014-02-04,VRSK,62.86000061035156,63.290000915527344,62.38999938964844,62.7400016784668,60.08817672729492,821600
2014-02-05,VRSK,62.43999862670898,63.02000045776367,62.0099983215332,62.27999877929688,59.64761352539063,619100
2014-02-05,VRSK,62.43999862670898,63.02000045776367,62.0099983215332,62.27999877929688,59.64761352539063,619100
2014-02-06,VRSK,62.560001373291016,62.880001068115234,62.31999969482422,62.33000183105469,59.69551086425781,838900
2014-02-06,VRSK,62.560001373291016,62.880001068115234,62.31999969482422,62.33000183105469,59.69551086425781,838900
2014-02-07,VRSK,62.400001525878906,63.040000915527344,61.91999816894531,62.400001525878906,59.762542724609375,1111200
2014-02-07,VRSK,62.400001525878906,63.040000915527344,61.91999816894531,62.400001525878906,59.762542724609375,1111200
2014-02-10,VRSK,62.31999969482422,62.560001373291016,61.79999923706055,62.29999923706055,59.666770935058594,788500
2014-02-10,VRSK,62.31999969482422,62.560001373291016,61.79999923706055,62.29999923706055,59.666770935058594,788500
2014-02-11,VRSK,62.33000183105469,62.810001373291016,62.13999938964844,62.77999877929688,60.1264877319336,922800
2014-02-11,VRSK,62.33000183105469,62.810001373291016,62.13999938964844,62.77999877929688,60.1264877319336,922800
2014-02-12,VRSK,62.7400016784668,63.59000015258789,62.7400016784668,63.27999877929688,60.60535430908203,877600
2014-02-12,VRSK,62.7400016784668,63.59000015258789,62.7400016784668,63.27999877929688,60.60535430908203,877600
2014-02-13,VRSK,63.79999923706055,66.01000213623047,63.70000076293945,65.88999938964844,63.10504150390625,1346000
2014-02-13,VRSK,63.79999923706055,66.01000213623047,63.70000076293945,65.88999938964844,63.10504150390625,1346000
2014-02-14,VRSK,66.08000183105469,66.20999908447266,65.43000030517578,65.6500015258789,62.87519073486328,613500
2014-02-14,VRSK,66.08000183105469,66.20999908447266,65.43000030517578,65.6500015258789,62.87519073486328,613500
2014-02-18,VRSK,65.86000061035156,65.86000061035156,64.93000030517578,65.20999908447266,62.45377349853516,762600
2014-02-18,VRSK,65.86000061035156,65.86000061035156,64.93000030517578,65.20999908447266,62.45377349853516,762600
2014-02-19,VRSK,65.0,65.77999877929688,65.0,65.48999786376953,62.72195053100586,399900
2014-02-19,VRSK,65.0,65.77999877929688,65.0,65.48999786376953,62.72195053100586,399900
2014-02-20,VRSK,65.5,66.25,65.29000091552734,66.05000305175781,63.25827026367188,620600
2014-02-20,VRSK,65.5,66.25,65.29000091552734,66.05000305175781,63.25827026367188,620600
2014-02-21,VRSK,66.0,66.29000091552734,65.38999938964844,65.52999877929688,62.7602424621582,866600
2014-02-21,VRSK,66.0,66.29000091552734,65.38999938964844,65.52999877929688,62.7602424621582,866600
2014-02-24,VRSK,65.80999755859375,65.95999908447266,65.3499984741211,65.37999725341797,62.616580963134766,1019000
2014-02-24,VRSK,65.80999755859375,65.95999908447266,65.3499984741211,65.37999725341797,62.616580963134766,1019000
2014-02-25,VRSK,65.63999938964844,65.63999938964844,65.0199966430664,65.19999694824219,62.44419479370117,1255500
2014-02-25,VRSK,65.63999938964844,65.63999938964844,65.0199966430664,65.19999694824219,62.44419479370117,1255500
2014-02-26,VRSK,67.18000030517578,67.4800033569336,63.709999084472656,63.77999877929688,61.0842170715332,1278500
2014-02-26,VRSK,67.18000030517578,67.4800033569336,63.709999084472656,63.77999877929688,61.0842170715332,1278500
2014-02-27,VRSK,64.12999725341797,64.12999725341797,63.54999923706055,63.790000915527344,61.09379577636719,936900
2014-02-27,VRSK,64.12999725341797,64.12999725341797,63.54999923706055,63.790000915527344,61.09379577636719,936900
2014-02-28,VRSK,63.9900016784668,64.16000366210938,63.369998931884766,63.720001220703125,61.02676010131836,900600
2014-02-28,VRSK,63.9900016784668,64.16000366210938,63.369998931884766,63.720001220703125,61.02676010131836,900600
2014-03-03,VRSK,63.40999984741211,63.68000030517578,62.720001220703125,63.40999984741211,60.72986602783203,751400
2014-03-03,VRSK,63.40999984741211,63.68000030517578,62.720001220703125,63.40999984741211,60.72986602783203,751400
2014-03-04,VRSK,63.93000030517578,64.20999908447266,63.34000015258789,63.470001220703125,60.78731536865234,894500
2014-03-04,VRSK,63.93000030517578,64.20999908447266,63.34000015258789,63.470001220703125,60.78731536865234,894500
2014-03-05,VRSK,63.36000061035156,63.470001220703125,62.060001373291016,62.09999847412109,59.4752311706543,1535600
2014-03-05,VRSK,63.36000061035156,63.470001220703125,62.060001373291016,62.09999847412109,59.4752311706543,1535600
2014-03-06,VRSK,62.09999847412109,62.91999816894531,61.88999938964844,62.58000183105469,59.93494415283203,1897300
2014-03-06,VRSK,62.09999847412109,62.91999816894531,61.88999938964844,62.58000183105469,59.93494415283203,1897300
2014-03-07,VRSK,63.0,63.0,61.91999816894531,62.2400016784668,59.60931396484375,1422600
2014-03-07,VRSK,63.0,63.0,61.91999816894531,62.2400016784668,59.60931396484375,1422600
2014-03-10,VRSK,62.2400016784668,63.880001068115234,61.9900016784668,63.84999847412109,61.15125274658203,2163800
2014-03-10,VRSK,62.2400016784668,63.880001068115234,61.9900016784668,63.84999847412109,61.15125274658203,2163800
2014-03-11,VRSK,63.7599983215332,64.61000061035156,63.52000045776367,63.72999954223633,61.03633499145508,1168700
2014-03-11,VRSK,63.7599983215332,64.61000061035156,63.52000045776367,63.72999954223633,61.03633499145508,1168700
2014-03-12,VRSK,63.38999938964844,64.0199966430664,62.91999816894531,63.290000915527344,60.61492538452149,699700
2014-03-12,VRSK,63.38999938964844,64.0199966430664,62.91999816894531,63.290000915527344,60.61492538452149,699700
2014-03-13,VRSK,63.290000915527344,63.47999954223633,62.2400016784668,62.36000061035156,59.724246978759766,792600
2014-03-13,VRSK,63.290000915527344,63.47999954223633,62.2400016784668,62.36000061035156,59.724246978759766,792600
2014-03-14,VRSK,62.27000045776367,62.7400016784668,62.08000183105469,62.369998931884766,59.73380279541016,731400
2014-03-14,VRSK,62.27000045776367,62.7400016784668,62.08000183105469,62.369998931884766,59.73380279541016,731400
2014-03-17,VRSK,62.75,63.709999084472656,62.52000045776367,62.880001068115234,60.22224807739258,729000
2014-03-17,VRSK,62.75,63.709999084472656,62.52000045776367,62.880001068115234,60.22224807739258,729000
2014-03-18,VRSK,62.88999938964844,63.45000076293945,62.7400016784668,62.93999862670898,60.27972030639648,561700
2014-03-18,VRSK,62.88999938964844,63.45000076293945,62.7400016784668,62.93999862670898,60.27972030639648,561700
2014-03-19,VRSK,62.959999084472656,63.15999984741211,62.470001220703125,62.83000183105469,60.17437362670898,573600
2014-03-19,VRSK,62.959999084472656,63.15999984741211,62.470001220703125,62.83000183105469,60.17437362670898,573600
2014-03-20,VRSK,62.7599983215332,63.04999923706055,62.400001525878906,62.470001220703125,59.82959365844727,515600
2014-03-20,VRSK,62.7599983215332,63.04999923706055,62.400001525878906,62.470001220703125,59.82959365844727,515600
2014-03-21,VRSK,62.90999984741211,63.0,62.34999847412109,62.47999954223633,59.83915710449219,1265000
2014-03-21,VRSK,62.90999984741211,63.0,62.34999847412109,62.47999954223633,59.83915710449219,1265000
2014-03-24,VRSK,62.59999847412109,62.880001068115234,61.22999954223633,61.619998931884766,59.01549911499024,923100
2014-03-24,VRSK,62.59999847412109,62.880001068115234,61.22999954223633,61.619998931884766,59.01549911499024,923100
2014-03-25,VRSK,62.119998931884766,62.36000061035156,61.18999862670898,61.220001220703125,58.63242721557617,672000
2014-03-25,VRSK,62.119998931884766,62.36000061035156,61.18999862670898,61.220001220703125,58.63242721557617,672000
2014-03-26,VRSK,61.52000045776367,61.7599983215332,60.7599983215332,60.77000045776367,58.20144271850586,721800
2014-03-26,VRSK,61.52000045776367,61.7599983215332,60.7599983215332,60.77000045776367,58.20144271850586,721800
2014-03-27,VRSK,61.02000045776367,61.2400016784668,60.33000183105469,60.5,57.942848205566406,819400
2014-03-27,VRSK,61.02000045776367,61.2400016784668,60.33000183105469,60.5,57.942848205566406,819400
2014-03-28,VRSK,60.560001373291016,60.81999969482422,59.75,59.869998931884766,57.339473724365234,1182100
2014-03-28,VRSK,60.560001373291016,60.81999969482422,59.75,59.869998931884766,57.339473724365234,1182100
2014-03-31,VRSK,60.11000061035156,60.4900016784668,59.540000915527344,59.959999084472656,57.42567443847656,1044600
2014-03-31,VRSK,60.11000061035156,60.4900016784668,59.540000915527344,59.959999084472656,57.42567443847656,1044600
2014-04-01,VRSK,59.970001220703125,60.060001373291016,59.58000183105469,59.7400016784668,57.21499252319336,1378500
2014-04-01,VRSK,59.970001220703125,60.060001373291016,59.58000183105469,59.7400016784668,57.21499252319336,1378500
2014-04-02,VRSK,59.84999847412109,60.63999938964844,59.5,60.61000061035156,58.04821014404297,2312200
2014-04-02,VRSK,59.84999847412109,60.63999938964844,59.5,60.61000061035156,58.04821014404297,2312200
2014-04-03,VRSK,60.59000015258789,61.09999847412109,60.400001525878906,60.75,58.18229293823242,1037200
2014-04-03,VRSK,60.59000015258789,61.09999847412109,60.400001525878906,60.75,58.18229293823242,1037200
2014-04-04,VRSK,61.11000061035156,61.2400016784668,59.380001068115234,59.56999969482422,57.05215835571289,871800
2014-04-04,VRSK,61.11000061035156,61.2400016784668,59.380001068115234,59.56999969482422,57.05215835571289,871800
2014-04-07,VRSK,59.34000015258789,59.86000061035156,58.29999923706055,58.34000015258789,55.874149322509766,837600
2014-04-07,VRSK,59.34000015258789,59.86000061035156,58.29999923706055,58.34000015258789,55.874149322509766,837600
2014-04-08,VRSK,58.380001068115234,59.209999084472656,58.09000015258789,58.900001525878906,56.41047668457031,1321900
2014-04-08,VRSK,58.380001068115234,59.209999084472656,58.09000015258789,58.900001525878906,56.41047668457031,1321900
2014-04-09,VRSK,59.13999938964844,59.290000915527344,58.70000076293945,59.0,56.50625228881836,1456100
2014-04-09,VRSK,59.13999938964844,59.290000915527344,58.70000076293945,59.0,56.50625228881836,1456100
2014-04-10,VRSK,58.86000061035156,59.150001525878906,57.84999847412109,58.08000183105469,55.62514114379883,1729200
2014-04-10,VRSK,58.86000061035156,59.150001525878906,57.84999847412109,58.08000183105469,55.62514114379883,1729200
2014-04-11,VRSK,57.7400016784668,58.209999084472656,56.369998931884766,56.54999923706055,54.1598014831543,1293100
2014-04-11,VRSK,57.7400016784668,58.209999084472656,56.369998931884766,56.54999923706055,54.1598014831543,1293100
2014-04-14,VRSK,57.09999847412109,57.83000183105469,56.52000045776367,57.77999877929688,55.33782196044922,1553600
2014-04-14,VRSK,57.09999847412109,57.83000183105469,56.52000045776367,57.77999877929688,55.33782196044922,1553600
2014-04-15,VRSK,57.75,58.02999877929688,56.72999954223633,57.119998931884766,54.70570755004883,684300
2014-04-15,VRSK,57.75,58.02999877929688,56.72999954223633,57.119998931884766,54.70570755004883,684300
2014-04-16,VRSK,57.59999847412109,58.02000045776367,57.0099983215332,57.970001220703125,55.5197868347168,596300
2014-04-16,VRSK,57.59999847412109,58.02000045776367,57.0099983215332,57.970001220703125,55.5197868347168,596300
2014-04-17,VRSK,57.93000030517578,58.2400016784668,57.52000045776367,57.59999847412109,55.16543197631836,461100
2014-04-17,VRSK,57.93000030517578,58.2400016784668,57.52000045776367,57.59999847412109,55.16543197631836,461100
2014-04-21,VRSK,57.5,57.7599983215332,57.16999816894531,57.59000015258789,55.15584945678711,487100
2014-04-21,VRSK,57.5,57.7599983215332,57.16999816894531,57.59000015258789,55.15584945678711,487100
2014-04-22,VRSK,57.91999816894531,58.119998931884766,57.5,58.0,55.548526763916016,388400
2014-04-22,VRSK,57.91999816894531,58.119998931884766,57.5,58.0,55.548526763916016,388400
2014-04-23,VRSK,57.7400016784668,58.29999923706055,57.61000061035156,58.0,55.548526763916016,673100
2014-04-23,VRSK,57.7400016784668,58.29999923706055,57.61000061035156,58.0,55.548526763916016,673100
2014-04-24,VRSK,58.34000015258789,58.4900016784668,58.02000045776367,58.34000015258789,55.874149322509766,663500
2014-04-24,VRSK,58.34000015258789,58.4900016784668,58.02000045776367,58.34000015258789,55.874149322509766,663500
2014-04-25,VRSK,58.18000030517578,58.40999984741211,57.59999847412109,57.810001373291016,55.36655426025391,721300
2014-04-25,VRSK,58.18000030517578,58.40999984741211,57.59999847412109,57.810001373291016,55.36655426025391,721300
2014-04-28,VRSK,58.09000015258789,58.13999938964844,56.84999847412109,57.650001525878906,55.21331787109375,882400
2014-04-28,VRSK,58.09000015258789,58.13999938964844,56.84999847412109,57.650001525878906,55.21331787109375,882400
2014-04-29,VRSK,57.68999862670898,58.150001525878906,57.310001373291016,57.880001068115234,55.43360137939453,453200
2014-04-29,VRSK,57.68999862670898,58.150001525878906,57.310001373291016,57.880001068115234,55.43360137939453,453200
2014-04-30,VRSK,60.0,61.18999862670898,58.380001068115234,60.09000015258789,57.550174713134766,1528800
2014-04-30,VRSK,60.0,61.18999862670898,58.380001068115234,60.09000015258789,57.550174713134766,1528800
2014-05-01,VRSK,59.959999084472656,60.459999084472656,59.65999984741211,59.90999984741211,57.37778854370117,895000
2014-05-01,VRSK,59.959999084472656,60.459999084472656,59.65999984741211,59.90999984741211,57.37778854370117,895000
2014-05-02,VRSK,60.43000030517578,60.43000030517578,59.63999938964844,59.72999954223633,57.20539855957031,552600
2014-05-02,VRSK,60.43000030517578,60.43000030517578,59.63999938964844,59.72999954223633,57.20539855957031,552600
2014-05-05,VRSK,59.34000015258789,60.310001373291016,59.09999847412109,60.25,57.70341110229492,533900
2014-05-05,VRSK,59.34000015258789,60.310001373291016,59.09999847412109,60.25,57.70341110229492,533900
2014-05-06,VRSK,60.09999847412109,60.36000061035156,59.70000076293945,59.84999847412109,57.32032775878906,327900
2014-05-06,VRSK,60.09999847412109,60.36000061035156,59.70000076293945,59.84999847412109,57.32032775878906,327900
2014-05-07,VRSK,59.880001068115234,60.02999877929688,59.11000061035156,59.72999954223633,57.20539855957031,652500
2014-05-07,VRSK,59.880001068115234,60.02999877929688,59.11000061035156,59.72999954223633,57.20539855957031,652500
2014-05-08,VRSK,59.540000915527344,60.66999816894531,59.18999862670898,60.20000076293945,57.65553283691406,586500
2014-05-08,VRSK,59.540000915527344,60.66999816894531,59.18999862670898,60.20000076293945,57.65553283691406,586500
2014-05-09,VRSK,60.310001373291016,60.970001220703125,59.93999862670898,60.52999877929688,57.97158432006836,460300
2014-05-09,VRSK,60.310001373291016,60.970001220703125,59.93999862670898,60.52999877929688,57.97158432006836,460300
2014-05-12,VRSK,60.72999954223633,61.68000030517578,60.369998931884766,61.45000076293945,58.85269165039063,470700
2014-05-12,VRSK,60.72999954223633,61.68000030517578,60.369998931884766,61.45000076293945,58.85269165039063,470700
2014-05-13,VRSK,61.650001525878906,61.650001525878906,60.650001525878906,60.81999969482422,58.249324798583984,400700
2014-05-13,VRSK,61.650001525878906,61.650001525878906,60.650001525878906,60.81999969482422,58.249324798583984,400700
2014-05-14,VRSK,60.540000915527344,61.290000915527344,60.540000915527344,60.90999984741211,58.33552932739258,348600
2014-05-14,VRSK,60.540000915527344,61.290000915527344,60.540000915527344,60.90999984741211,58.33552932739258,348600
2014-05-15,VRSK,60.86000061035156,60.86000061035156,59.47999954223633,60.25,57.70341110229492,549300
2014-05-15,VRSK,60.86000061035156,60.86000061035156,59.47999954223633,60.25,57.70341110229492,549300
2014-05-16,VRSK,60.2599983215332,60.97999954223633,59.77999877929688,60.970001220703125,58.39297866821289,466900
2014-05-16,VRSK,60.2599983215332,60.97999954223633,59.77999877929688,60.970001220703125,58.39297866821289,466900
2014-05-19,VRSK,60.68000030517578,61.560001373291016,60.619998931884766,61.15999984741211,58.5749626159668,554600
2014-05-19,VRSK,60.68000030517578,61.560001373291016,60.619998931884766,61.15999984741211,58.5749626159668,554600
2014-05-20,VRSK,61.25,61.47999954223633,60.52000045776367,60.7400016784668,58.17270278930664,584900
2014-05-20,VRSK,61.25,61.47999954223633,60.52000045776367,60.7400016784668,58.17270278930664,584900
2014-05-21,VRSK,60.83000183105469,61.27999877929688,60.619998931884766,60.9900016784668,58.41214370727539,478100
2014-05-21,VRSK,60.83000183105469,61.27999877929688,60.619998931884766,60.9900016784668,58.41214370727539,478100
2014-05-22,VRSK,60.88999938964844,61.31999969482422,60.54999923706055,60.630001068115234,58.06736373901367,689600
2014-05-22,VRSK,60.88999938964844,61.31999969482422,60.54999923706055,60.630001068115234,58.06736373901367,689600
2014-05-23,VRSK,60.88999938964844,61.02999877929688,60.540000915527344,60.95000076293945,58.37384033203125,462600
2014-05-23,VRSK,60.88999938964844,61.02999877929688,60.540000915527344,60.95000076293945,58.37384033203125,462600
2014-05-27,VRSK,61.02999877929688,61.13999938964844,60.65999984741211,61.130001068115234,58.54623031616211,437700
2014-05-27,VRSK,61.02999877929688,61.13999938964844,60.65999984741211,61.130001068115234,58.54623031616211,437700
2014-05-28,VRSK,61.25,61.25,60.52999877929688,60.540000915527344,57.98116683959961,481200
2014-05-28,VRSK,61.25,61.25,60.52999877929688,60.540000915527344,57.98116683959961,481200
2014-05-29,VRSK,60.54999923706055,61.02000045776367,60.4900016784668,60.810001373291016,58.2397575378418,361700
2014-05-29,VRSK,60.54999923706055,61.02000045776367,60.4900016784668,60.810001373291016,58.2397575378418,361700
2014-05-30,VRSK,61.0,61.0,59.18999862670898,59.18999862670898,56.68822479248047,3349800
2014-05-30,VRSK,61.0,61.0,59.18999862670898,59.18999862670898,56.68822479248047,3349800
2014-06-02,VRSK,59.310001373291016,59.68999862670898,59.11000061035156,59.56999969482422,57.05215835571289,836200
2014-06-02,VRSK,59.310001373291016,59.68999862670898,59.11000061035156,59.56999969482422,57.05215835571289,836200
2014-06-03,VRSK,59.47999954223633,60.209999084472656,59.40999984741211,59.91999816894531,57.38735961914063,501200
2014-06-03,VRSK,59.47999954223633,60.209999084472656,59.40999984741211,59.91999816894531,57.38735961914063,501200
2014-06-04,VRSK,59.72999954223633,61.0,59.72999954223633,60.880001068115234,58.30679321289063,1029700
2014-06-04,VRSK,59.72999954223633,61.0,59.72999954223633,60.880001068115234,58.30679321289063,1029700
2014-06-05,VRSK,61.0,61.40999984741211,60.84999847412109,61.34000015258789,58.74735641479492,579700
2014-06-05,VRSK,61.0,61.40999984741211,60.84999847412109,61.34000015258789,58.74735641479492,579700
2014-06-06,VRSK,61.61000061035156,61.84999847412109,61.2400016784668,61.34000015258789,58.74735641479492,378100
2014-06-06,VRSK,61.61000061035156,61.84999847412109,61.2400016784668,61.34000015258789,58.74735641479492,378100
2014-06-09,VRSK,61.18999862670898,61.83000183105469,61.02999877929688,61.790000915527344,59.17833709716797,362300
2014-06-09,VRSK,61.18999862670898,61.83000183105469,61.02999877929688,61.790000915527344,59.17833709716797,362300
2014-06-10,VRSK,61.650001525878906,61.91999816894531,61.09999847412109,61.18999862670898,58.60368347167969,374100
2014-06-10,VRSK,61.650001525878906,61.91999816894531,61.09999847412109,61.18999862670898,58.60368347167969,374100
2014-06-11,VRSK,60.97999954223633,61.18000030517578,60.75,61.13999938964844,58.55580139160156,318500
2014-06-11,VRSK,60.97999954223633,61.18000030517578,60.75,61.13999938964844,58.55580139160156,318500
2014-06-12,VRSK,61.06999969482422,61.18999862670898,60.470001220703125,60.59999847412109,58.03862380981445,457200
2014-06-12,VRSK,61.06999969482422,61.18999862670898,60.470001220703125,60.59999847412109,58.03862380981445,457200
2014-06-13,VRSK,60.63999938964844,60.72999954223633,60.27000045776367,60.41999816894531,57.86621856689453,468900
2014-06-13,VRSK,60.63999938964844,60.72999954223633,60.27000045776367,60.41999816894531,57.86621856689453,468900
2014-06-16,VRSK,60.52999877929688,61.0099983215332,60.43999862670898,60.79999923706055,58.23017883300781,653200
2014-06-16,VRSK,60.52999877929688,61.0099983215332,60.43999862670898,60.79999923706055,58.23017883300781,653200
2014-06-17,VRSK,60.68000030517578,61.0,60.27999877929688,60.380001068115234,57.82792282104492,636100
2014-06-17,VRSK,60.68000030517578,61.0,60.27999877929688,60.380001068115234,57.82792282104492,636100
2014-06-18,VRSK,60.459999084472656,60.66999816894531,59.810001373291016,59.9900016784668,57.45441055297852,525400
2014-06-18,VRSK,60.459999084472656,60.66999816894531,59.810001373291016,59.9900016784668,57.45441055297852,525400
2014-06-19,VRSK,62.959999084472656,62.959999084472656,59.810001373291016,60.20000076293945,57.65553283691406,797000
2014-06-19,VRSK,62.959999084472656,62.959999084472656,59.810001373291016,60.20000076293945,57.65553283691406,797000
2014-06-20,VRSK,60.08000183105469,60.77000045776367,60.0099983215332,60.459999084472656,57.90455627441406,1016800
2014-06-20,VRSK,60.08000183105469,60.77000045776367,60.0099983215332,60.459999084472656,57.90455627441406,1016800
2014-06-23,VRSK,60.310001373291016,60.59000015258789,59.880001068115234,60.369998931884766,57.81834411621094,719900
2014-06-23,VRSK,60.310001373291016,60.59000015258789,59.880001068115234,60.369998931884766,57.81834411621094,719900
2014-06-24,VRSK,60.40999984741211,60.630001068115234,59.43999862670898,59.540000915527344,57.02342987060547,1070900
2014-06-24,VRSK,60.40999984741211,60.630001068115234,59.43999862670898,59.540000915527344,57.02342987060547,1070900
2014-06-25,VRSK,59.58000183105469,59.720001220703125,59.16999816894531,59.22999954223633,56.726539611816406,904200
2014-06-25,VRSK,59.58000183105469,59.720001220703125,59.16999816894531,59.22999954223633,56.726539611816406,904200
2014-06-26,VRSK,59.16999816894531,59.27999877929688,58.75,59.150001525878906,56.64992141723633,562900
2014-06-26,VRSK,59.16999816894531,59.27999877929688,58.75,59.150001525878906,56.64992141723633,562900
2014-06-27,VRSK,59.130001068115234,59.83000183105469,58.869998931884766,59.66999816894531,57.14793014526367,1602300
2014-06-27,VRSK,59.130001068115234,59.83000183105469,58.869998931884766,59.66999816894531,57.14793014526367,1602300
2014-06-30,VRSK,59.58000183105469,60.04999923706055,58.93000030517578,60.02000045776367,57.4831428527832,814700
2014-06-30,VRSK,59.58000183105469,60.04999923706055,58.93000030517578,60.02000045776367,57.4831428527832,814700
2014-07-01,VRSK,60.04999923706055,61.08000183105469,60.02999877929688,60.900001525878906,58.32594299316406,892200
2014-07-01,VRSK,60.04999923706055,61.08000183105469,60.02999877929688,60.900001525878906,58.32594299316406,892200
2014-07-02,VRSK,60.81999969482422,61.52999877929688,60.22999954223633,60.58000183105469,58.01947021484375,698400
2014-07-02,VRSK,60.81999969482422,61.52999877929688,60.22999954223633,60.58000183105469,58.01947021484375,698400
2014-07-03,VRSK,60.880001068115234,61.150001525878906,60.630001068115234,61.150001525878906,58.56538009643555,205000
2014-07-03,VRSK,60.880001068115234,61.150001525878906,60.630001068115234,61.150001525878906,58.56538009643555,205000
2014-07-07,VRSK,61.02999877929688,61.400001525878906,60.77999877929688,61.400001525878906,58.80481719970703,582600
2014-07-07,VRSK,61.02999877929688,61.400001525878906,60.77999877929688,61.400001525878906,58.80481719970703,582600
2014-07-08,VRSK,61.18999862670898,61.43999862670898,60.86000061035156,61.150001525878906,58.56538009643555,541900
2014-07-08,VRSK,61.18999862670898,61.43999862670898,60.86000061035156,61.150001525878906,58.56538009643555,541900
2014-07-09,VRSK,61.18000030517578,61.43999862670898,60.810001373291016,60.95000076293945,58.37384033203125,484100
2014-07-09,VRSK,61.18000030517578,61.43999862670898,60.810001373291016,60.95000076293945,58.37384033203125,484100
2014-07-10,VRSK,60.560001373291016,61.06999969482422,60.27999877929688,61.02000045776367,58.44087600708008,654400
2014-07-10,VRSK,60.560001373291016,61.06999969482422,60.27999877929688,61.02000045776367,58.44087600708008,654400
2014-07-11,VRSK,61.060001373291016,61.18999862670898,60.43999862670898,61.119998931884766,58.53664016723633,554200
2014-07-11,VRSK,61.060001373291016,61.18999862670898,60.43999862670898,61.119998931884766,58.53664016723633,554200
2014-07-14,VRSK,61.33000183105469,61.369998931884766,60.81999969482422,61.13999938964844,58.55580139160156,476600
2014-07-14,VRSK,61.33000183105469,61.369998931884766,60.81999969482422,61.13999938964844,58.55580139160156,476600
2014-07-15,VRSK,60.97999954223633,61.54999923706055,60.900001525878906,61.47999954223633,58.88142776489258,650000
2014-07-15,VRSK,60.97999954223633,61.54999923706055,60.900001525878906,61.47999954223633,58.88142776489258,650000
2014-07-16,VRSK,61.650001525878906,61.90999984741211,61.29999923706055,61.5,58.90059280395508,459000
2014-07-16,VRSK,61.650001525878906,61.90999984741211,61.29999923706055,61.5,58.90059280395508,459000
2014-07-17,VRSK,61.18999862670898,61.77999877929688,61.06999969482422,61.459999084472656,58.862281799316406,610400
2014-07-17,VRSK,61.18999862670898,61.77999877929688,61.06999969482422,61.459999084472656,58.862281799316406,610400
2014-07-18,VRSK,61.70000076293945,62.52000045776367,61.43000030517578,62.4900016784668,59.84874725341797,703600
2014-07-18,VRSK,61.70000076293945,62.52000045776367,61.43000030517578,62.4900016784668,59.84874725341797,703600
2014-07-21,VRSK,62.290000915527344,62.5,61.869998931884766,62.27999877929688,59.64761352539063,585600
2014-07-21,VRSK,62.290000915527344,62.5,61.869998931884766,62.27999877929688,59.64761352539063,585600
2014-07-22,VRSK,62.400001525878906,62.959999084472656,62.36000061035156,62.52000045776367,59.877479553222656,629000
2014-07-22,VRSK,62.400001525878906,62.959999084472656,62.36000061035156,62.52000045776367,59.877479553222656,629000
2014-07-23,VRSK,62.470001220703125,63.119998931884766,62.27999877929688,62.79999923706055,60.1456413269043,488200
2014-07-23,VRSK,62.470001220703125,63.119998931884766,62.27999877929688,62.79999923706055,60.1456413269043,488200
2014-07-24,VRSK,62.9900016784668,63.400001525878906,62.81999969482422,63.20000076293945,60.52872085571289,424300
2014-07-24,VRSK,62.9900016784668,63.400001525878906,62.81999969482422,63.20000076293945,60.52872085571289,424300
2014-07-25,VRSK,63.02000045776367,63.20000076293945,62.709999084472656,62.970001220703125,60.30845642089844,530500
2014-07-25,VRSK,63.02000045776367,63.20000076293945,62.709999084472656,62.970001220703125,60.30845642089844,530500
2014-07-28,VRSK,62.880001068115234,62.93999862670898,62.13999938964844,62.65999984741211,60.011566162109375,670500
2014-07-28,VRSK,62.880001068115234,62.93999862670898,62.13999938964844,62.65999984741211,60.011566162109375,670500
2014-07-29,VRSK,62.61000061035156,62.7400016784668,62.06999969482422,62.18999862670898,59.56142425537109,1147400
2014-07-29,VRSK,62.61000061035156,62.7400016784668,62.06999969482422,62.18999862670898,59.56142425537109,1147400
2014-07-30,VRSK,62.369998931884766,62.40999984741211,60.4900016784668,60.790000915527344,58.2205924987793,1290300
2014-07-30,VRSK,62.369998931884766,62.40999984741211,60.4900016784668,60.790000915527344,58.2205924987793,1290300
2014-07-31,VRSK,60.630001068115234,60.75,59.900001525878906,60.040000915527344,57.50229263305664,1314200
2014-07-31,VRSK,60.630001068115234,60.75,59.900001525878906,60.040000915527344,57.50229263305664,1314200
2014-08-01,VRSK,59.959999084472656,60.31999969482422,59.31999969482422,59.470001220703125,56.95638656616211,590900
2014-08-01,VRSK,59.959999084472656,60.31999969482422,59.31999969482422,59.470001220703125,56.95638656616211,590900
2014-08-04,VRSK,59.400001525878906,59.810001373291016,59.2400016784668,59.54999923706055,57.03300476074219,646800
2014-08-04,VRSK,59.400001525878906,59.810001373291016,59.2400016784668,59.54999923706055,57.03300476074219,646800
2014-08-05,VRSK,59.34000015258789,59.709999084472656,58.880001068115234,59.41999816894531,56.90849304199219,1182600
2014-08-05,VRSK,59.34000015258789,59.709999084472656,58.880001068115234,59.41999816894531,56.90849304199219,1182600
2014-08-06,VRSK,59.0,59.810001373291016,58.79999923706055,59.720001220703125,57.19581985473633,914500
2014-08-06,VRSK,59.0,59.810001373291016,58.79999923706055,59.720001220703125,57.19581985473633,914500
2014-08-07,VRSK,59.97999954223633,60.880001068115234,59.400001525878906,60.400001525878906,57.84707260131836,1424000
2014-08-07,VRSK,59.97999954223633,60.880001068115234,59.400001525878906,60.400001525878906,57.84707260131836,1424000
2014-08-08,VRSK,60.290000915527344,60.54999923706055,59.93999862670898,60.16999816894531,57.62678909301758,999900
2014-08-08,VRSK,60.290000915527344,60.54999923706055,59.93999862670898,60.16999816894531,57.62678909301758,999900
2014-08-11,VRSK,60.2599983215332,60.83000183105469,60.0099983215332,60.75,58.18229293823242,2092100
2014-08-11,VRSK,60.2599983215332,60.83000183105469,60.0099983215332,60.75,58.18229293823242,2092100
2014-08-12,VRSK,60.560001373291016,60.91999816894531,60.380001068115234,60.75,58.18229293823242,521300
2014-08-12,VRSK,60.560001373291016,60.91999816894531,60.380001068115234,60.75,58.18229293823242,521300
2014-08-13,VRSK,60.77999877929688,61.66999816894531,60.52999877929688,61.630001068115234,59.02509689331055,700200
2014-08-13,VRSK,60.77999877929688,61.66999816894531,60.52999877929688,61.630001068115234,59.02509689331055,700200
2014-08-14,VRSK,61.619998931884766,62.54999923706055,61.56999969482422,62.459999084472656,59.82001495361328,648400
2014-08-14,VRSK,61.619998931884766,62.54999923706055,61.56999969482422,62.459999084472656,59.82001495361328,648400
2014-08-15,VRSK,63.11000061035156,63.11000061035156,62.36000061035156,62.68999862670898,60.04029083251953,1238600
2014-08-15,VRSK,63.11000061035156,63.11000061035156,62.36000061035156,62.68999862670898,60.04029083251953,1238600
2014-08-18,VRSK,62.83000183105469,63.79999923706055,62.83000183105469,63.77000045776367,61.07464218139648,900500
2014-08-18,VRSK,62.83000183105469,63.79999923706055,62.83000183105469,63.77000045776367,61.07464218139648,900500
2014-08-19,VRSK,63.79999923706055,63.959999084472656,63.34000015258789,63.54999923706055,60.86393356323242,418900
2014-08-19,VRSK,63.79999923706055,63.959999084472656,63.34000015258789,63.54999923706055,60.86393356323242,418900
2014-08-20,VRSK,63.22999954223633,63.7599983215332,63.13999938964844,63.58000183105469,60.892669677734375,396200
2014-08-20,VRSK,63.22999954223633,63.7599983215332,63.13999938964844,63.58000183105469,60.892669677734375,396200
2014-08-21,VRSK,63.5,64.16000366210938,63.22999954223633,64.1500015258789,61.43857955932617,421100
2014-08-21,VRSK,63.5,64.16000366210938,63.22999954223633,64.1500015258789,61.43857955932617,421100
2014-08-22,VRSK,64.2699966430664,64.33000183105469,63.38999938964844,63.79999923706055,61.103363037109375,525900
2014-08-22,VRSK,64.2699966430664,64.33000183105469,63.38999938964844,63.79999923706055,61.103363037109375,525900
2014-08-25,VRSK,64.12000274658203,64.19999694824219,63.43999862670898,63.630001068115234,60.940555572509766,277500
2014-08-25,VRSK,64.12000274658203,64.19999694824219,63.43999862670898,63.630001068115234,60.940555572509766,277500
2014-08-26,VRSK,63.95000076293945,64.18000030517578,63.720001220703125,64.06999969482422,61.361961364746094,639300
2014-08-26,VRSK,63.95000076293945,64.18000030517578,63.720001220703125,64.06999969482422,61.361961364746094,639300
2014-08-27,VRSK,64.0,64.1500015258789,63.540000915527344,63.79999923706055,61.103363037109375,495200
2014-08-27,VRSK,64.0,64.1500015258789,63.540000915527344,63.79999923706055,61.103363037109375,495200
2014-08-28,VRSK,63.7599983215332,63.97999954223633,63.56999969482422,63.880001068115234,61.17999267578125,307000
2014-08-28,VRSK,63.7599983215332,63.97999954223633,63.56999969482422,63.880001068115234,61.17999267578125,307000
2014-08-29,VRSK,64.27999877929688,64.5,63.4900016784668,64.19000244140625,61.47689437866211,397300
2014-08-29,VRSK,64.27999877929688,64.5,63.4900016784668,64.19000244140625,61.47689437866211,397300
2014-09-02,VRSK,64.08999633789062,64.94000244140625,64.08999633789062,64.47000122070312,61.745059967041016,440100
2014-09-02,VRSK,64.08999633789062,64.94000244140625,64.08999633789062,64.47000122070312,61.745059967041016,440100
2014-09-03,VRSK,64.5,64.66999816894531,64.06999969482422,64.2699966430664,61.553497314453125,365500
2014-09-03,VRSK,64.5,64.66999816894531,64.06999969482422,64.2699966430664,61.553497314453125,365500
2014-09-04,VRSK,63.97999954223633,64.66000366210938,63.97999954223633,64.27999877929688,61.56307220458984,273600
2014-09-04,VRSK,63.97999954223633,64.66000366210938,63.97999954223633,64.27999877929688,61.56307220458984,273600
2014-09-05,VRSK,64.37000274658203,64.66999816894531,64.23999786376953,64.63999938964844,61.90786743164063,341900
2014-09-05,VRSK,64.37000274658203,64.66999816894531,64.23999786376953,64.63999938964844,61.90786743164063,341900
2014-09-08,VRSK,64.41000366210938,64.56999969482422,64.0,64.22000122070312,61.505619049072266,257700
2014-09-08,VRSK,64.41000366210938,64.56999969482422,64.0,64.22000122070312,61.505619049072266,257700
2014-09-09,VRSK,64.0,64.4000015258789,63.75,64.23999786376953,61.5247917175293,376000
2014-09-09,VRSK,64.0,64.4000015258789,63.75,64.23999786376953,61.5247917175293,376000
2014-09-10,VRSK,64.26000213623047,64.7699966430664,64.11000061035156,64.68000030517578,61.94618225097656,403700
2014-09-10,VRSK,64.26000213623047,64.7699966430664,64.11000061035156,64.68000030517578,61.94618225097656,403700
2014-09-11,VRSK,64.58000183105469,64.83000183105469,64.33999633789062,64.7699966430664,62.03237533569336,380700
2014-09-11,VRSK,64.58000183105469,64.83000183105469,64.33999633789062,64.7699966430664,62.03237533569336,380700
2014-09-12,VRSK,64.5,64.93000030517578,64.23999786376953,64.62999725341797,61.89828109741211,719700
2014-09-12,VRSK,64.5,64.93000030517578,64.23999786376953,64.62999725341797,61.89828109741211,719700
2014-09-15,VRSK,64.7300033569336,64.86000061035156,64.13999938964844,64.26000213623047,61.54392623901367,751300
2014-09-15,VRSK,64.7300033569336,64.86000061035156,64.13999938964844,64.26000213623047,61.54392623901367,751300
2014-09-16,VRSK,64.27999877929688,64.68000030517578,64.02999877929688,64.5,61.773773193359375,317600
2014-09-16,VRSK,64.27999877929688,64.68000030517578,64.02999877929688,64.5,61.773773193359375,317600
2014-09-17,VRSK,64.7300033569336,64.91000366210938,64.37999725341797,64.7699966430664,62.03237533569336,251100
2014-09-17,VRSK,64.7300033569336,64.91000366210938,64.37999725341797,64.7699966430664,62.03237533569336,251100
2014-09-18,VRSK,64.69000244140625,64.91000366210938,64.54000091552734,64.63999938964844,61.90786743164063,493100
2014-09-18,VRSK,64.69000244140625,64.91000366210938,64.54000091552734,64.63999938964844,61.90786743164063,493100
2014-09-19,VRSK,65.0,65.0,63.93000030517578,64.05999755859375,61.35237503051758,776300
2014-09-19,VRSK,65.0,65.0,63.93000030517578,64.05999755859375,61.35237503051758,776300
2014-09-22,VRSK,64.01000213623047,64.12999725341797,63.09999847412109,63.150001525878906,60.48085403442383,507100
2014-09-22,VRSK,64.01000213623047,64.12999725341797,63.09999847412109,63.150001525878906,60.48085403442383,507100
2014-09-23,VRSK,62.900001525878906,63.310001373291016,62.20000076293945,62.209999084472656,59.58057022094727,500900
2014-09-23,VRSK,62.900001525878906,63.310001373291016,62.20000076293945,62.209999084472656,59.58057022094727,500900
2014-09-24,VRSK,62.220001220703125,62.45000076293945,61.959999084472656,62.36000061035156,59.724246978759766,586000
2014-09-24,VRSK,62.220001220703125,62.45000076293945,61.959999084472656,62.36000061035156,59.724246978759766,586000
2014-09-25,VRSK,62.13999938964844,62.18000030517578,61.06999969482422,61.33000183105469,58.73776245117188,549200
2014-09-25,VRSK,62.13999938964844,62.18000030517578,61.06999969482422,61.33000183105469,58.73776245117188,549200
2014-09-26,VRSK,64.19000244140625,64.19000244140625,61.08000183105469,61.34000015258789,58.74735641479492,432500
2014-09-26,VRSK,64.19000244140625,64.19000244140625,61.08000183105469,61.34000015258789,58.74735641479492,432500
2014-09-29,VRSK,61.08000183105469,61.15999984741211,60.630001068115234,60.93000030517578,58.354679107666016,635700
2014-09-29,VRSK,61.08000183105469,61.15999984741211,60.630001068115234,60.93000030517578,58.354679107666016,635700
2014-09-30,VRSK,61.02000045776367,61.290000915527344,60.75,60.88999938964844,58.31637191772461,564000
2014-09-30,VRSK,61.02000045776367,61.290000915527344,60.75,60.88999938964844,58.31637191772461,564000
2014-10-01,VRSK,60.68000030517578,60.810001373291016,59.970001220703125,60.11000061035156,57.569332122802734,617700
2014-10-01,VRSK,60.68000030517578,60.810001373291016,59.970001220703125,60.11000061035156,57.569332122802734,617700
2014-10-02,VRSK,60.18000030517578,60.34999847412109,59.540000915527344,60.18000030517578,57.63638305664063,387700
2014-10-02,VRSK,60.18000030517578,60.34999847412109,59.540000915527344,60.18000030517578,57.63638305664063,387700
2014-10-03,VRSK,60.25,61.04999923706055,60.15999984741211,60.2599983215332,57.71299362182617,573800
2014-10-03,VRSK,60.25,61.04999923706055,60.15999984741211,60.2599983215332,57.71299362182617,573800
2014-10-06,VRSK,60.38999938964844,60.81999969482422,60.310001373291016,60.459999084472656,57.90455627441406,431900
2014-10-06,VRSK,60.38999938964844,60.81999969482422,60.310001373291016,60.459999084472656,57.90455627441406,431900
2014-10-07,VRSK,60.060001373291016,60.2400016784668,59.63999938964844,59.77999877929688,57.25329208374024,546100
2014-10-07,VRSK,60.060001373291016,60.2400016784668,59.63999938964844,59.77999877929688,57.25329208374024,546100
2014-10-08,VRSK,59.95000076293945,60.59999847412109,59.84999847412109,60.47999954223633,57.9237060546875,555300
2014-10-08,VRSK,59.95000076293945,60.59999847412109,59.84999847412109,60.47999954223633,57.9237060546875,555300
2014-10-09,VRSK,60.27999877929688,60.63999938964844,59.220001220703125,59.72999954223633,57.20539855957031,556800
2014-10-09,VRSK,60.27999877929688,60.63999938964844,59.220001220703125,59.72999954223633,57.20539855957031,556800
2014-10-10,VRSK,59.52000045776367,60.04999923706055,59.040000915527344,59.06999969482422,56.57329559326172,792700
2014-10-10,VRSK,59.52000045776367,60.04999923706055,59.040000915527344,59.06999969482422,56.57329559326172,792700
2014-10-13,VRSK,59.15999984741211,59.58000183105469,59.02000045776367,59.11000061035156,56.61160659790039,617200
2014-10-13,VRSK,59.15999984741211,59.58000183105469,59.02000045776367,59.11000061035156,56.61160659790039,617200
2014-10-14,VRSK,59.45000076293945,60.04999923706055,59.310001373291016,59.630001068115234,57.10962677001953,629800
2014-10-14,VRSK,59.45000076293945,60.04999923706055,59.310001373291016,59.630001068115234,57.10962677001953,629800
2014-10-15,VRSK,59.43999862670898,59.47999954223633,57.970001220703125,59.16999816894531,56.669071197509766,1349000
2014-10-15,VRSK,59.43999862670898,59.47999954223633,57.970001220703125,59.16999816894531,56.669071197509766,1349000
2014-10-16,VRSK,58.4900016784668,59.52999877929688,58.470001220703125,59.2400016784668,56.736106872558594,783800
2014-10-16,VRSK,58.4900016784668,59.52999877929688,58.470001220703125,59.2400016784668,56.736106872558594,783800
2014-10-17,VRSK,59.52000045776367,60.27999877929688,59.25,59.459999084472656,56.94681167602539,895200
2014-10-17,VRSK,59.52000045776367,60.27999877929688,59.25,59.459999084472656,56.94681167602539,895200
2014-10-20,VRSK,59.43999862670898,60.09000015258789,59.18999862670898,59.95000076293945,57.41609191894531,611900
2014-10-20,VRSK,59.43999862670898,60.09000015258789,59.18999862670898,59.95000076293945,57.41609191894531,611900
2014-10-21,VRSK,60.04999923706055,61.290000915527344,59.790000915527344,61.09000015258789,58.50791549682617,714300
2014-10-21,VRSK,60.04999923706055,61.290000915527344,59.790000915527344,61.09000015258789,58.50791549682617,714300
2014-10-22,VRSK,61.06999969482422,61.43999862670898,60.630001068115234,60.68999862670898,58.12482070922852,481500
2014-10-22,VRSK,61.06999969482422,61.43999862670898,60.630001068115234,60.68999862670898,58.12482070922852,481500
2014-10-23,VRSK,61.040000915527344,61.52999877929688,60.7599983215332,61.16999816894531,58.58452224731445,352300
2014-10-23,VRSK,61.040000915527344,61.52999877929688,60.7599983215332,61.16999816894531,58.58452224731445,352300
2014-10-24,VRSK,61.43999862670898,61.90999984741211,61.08000183105469,61.869998931884766,59.25493621826172,328400
2014-10-24,VRSK,61.43999862670898,61.90999984741211,61.08000183105469,61.869998931884766,59.25493621826172,328400
2014-10-27,VRSK,61.810001373291016,62.4900016784668,61.58000183105469,62.459999084472656,59.82001495361328,459500
2014-10-27,VRSK,61.810001373291016,62.4900016784668,61.58000183105469,62.459999084472656,59.82001495361328,459500
2014-10-28,VRSK,62.43999862670898,63.16999816894531,62.150001525878906,63.13999938964844,60.47126388549805,572500
2014-10-28,VRSK,62.43999862670898,63.16999816894531,62.150001525878906,63.13999938964844,60.47126388549805,572500
2014-10-29,VRSK,62.18999862670898,62.630001068115234,60.470001220703125,61.52999877929688,58.9293212890625,1501600
2014-10-29,VRSK,62.18999862670898,62.630001068115234,60.470001220703125,61.52999877929688,58.9293212890625,1501600
2014-10-30,VRSK,61.630001068115234,61.970001220703125,61.33000183105469,61.86000061035156,59.245365142822266,885700
2014-10-30,VRSK,61.630001068115234,61.970001220703125,61.33000183105469,61.86000061035156,59.245365142822266,885700
2014-10-31,VRSK,63.18000030517578,63.43000030517578,62.08000183105469,62.34999847412109,59.714656829833984,887100
2014-10-31,VRSK,63.18000030517578,63.43000030517578,62.08000183105469,62.34999847412109,59.714656829833984,887100
2014-11-03,VRSK,62.52000045776367,63.0,61.88999938964844,62.0,59.37945175170898,394800
2014-11-03,VRSK,62.52000045776367,63.0,61.88999938964844,62.0,59.37945175170898,394800
2014-11-04,VRSK,61.7599983215332,62.09999847412109,61.59999847412109,62.0,59.37945175170898,496900
2014-11-04,VRSK,61.7599983215332,62.09999847412109,61.59999847412109,62.0,59.37945175170898,496900
2014-11-05,VRSK,62.18000030517578,62.900001525878906,62.09999847412109,62.83000183105469,60.17437362670898,477500
2014-11-05,VRSK,62.18000030517578,62.900001525878906,62.09999847412109,62.83000183105469,60.17437362670898,477500
2014-11-06,VRSK,62.90999984741211,63.97999954223633,62.43999862670898,63.900001525878906,61.19913864135742,540200
2014-11-06,VRSK,62.90999984741211,63.97999954223633,62.43999862670898,63.900001525878906,61.19913864135742,540200
2014-11-07,VRSK,64.13999938964844,64.29000091552734,63.68000030517578,64.25,61.53435134887695,467400
2014-11-07,VRSK,64.13999938964844,64.29000091552734,63.68000030517578,64.25,61.53435134887695,467400
2014-11-10,VRSK,64.16999816894531,64.43000030517578,63.84999847412109,63.9900016784668,61.28533554077149,533100
2014-11-10,VRSK,64.16999816894531,64.43000030517578,63.84999847412109,63.9900016784668,61.28533554077149,533100
2014-11-11,VRSK,62.47999954223633,63.31999969482422,62.47999954223633,63.0099983215332,60.346771240234375,428800
2014-11-11,VRSK,62.47999954223633,63.31999969482422,62.47999954223633,63.0099983215332,60.346771240234375,428800
2014-11-12,VRSK,62.79999923706055,63.34000015258789,62.540000915527344,63.119998931884766,60.45210266113281,681200
2014-11-12,VRSK,62.79999923706055,63.34000015258789,62.540000915527344,63.119998931884766,60.45210266113281,681200
2014-11-13,VRSK,63.27000045776367,63.43999862670898,62.63999938964844,63.15999984741211,60.49042510986328,420700
2014-11-13,VRSK,63.27000045776367,63.43999862670898,62.63999938964844,63.15999984741211,60.49042510986328,420700
2014-11-14,VRSK,63.43000030517578,63.45000076293945,62.79999923706055,62.869998931884766,60.21268081665039,414400
2014-11-14,VRSK,63.43000030517578,63.45000076293945,62.79999923706055,62.869998931884766,60.21268081665039,414400
2014-11-17,VRSK,62.84999847412109,63.31999969482422,62.75,63.08000183105469,60.41379928588867,479600
2014-11-17,VRSK,62.84999847412109,63.31999969482422,62.75,63.08000183105469,60.41379928588867,479600
2014-11-18,VRSK,63.0,63.33000183105469,62.58000183105469,62.68999862670898,60.04029083251953,656400
2014-11-18,VRSK,63.0,63.33000183105469,62.58000183105469,62.68999862670898,60.04029083251953,656400
2014-11-19,VRSK,62.77000045776367,62.790000915527344,62.0099983215332,62.209999084472656,59.58057022094727,379600
2014-11-19,VRSK,62.77000045776367,62.790000915527344,62.0099983215332,62.209999084472656,59.58057022094727,379600
2014-11-20,VRSK,62.119998931884766,62.400001525878906,61.77999877929688,62.18000030517578,59.55184555053711,402000
2014-11-20,VRSK,62.119998931884766,62.400001525878906,61.77999877929688,62.18000030517578,59.55184555053711,402000
2014-11-21,VRSK,62.9900016784668,63.2400016784668,62.150001525878906,62.29999923706055,59.666770935058594,445500
2014-11-21,VRSK,62.9900016784668,63.2400016784668,62.150001525878906,62.29999923706055,59.666770935058594,445500
2014-11-24,VRSK,62.29999923706055,62.61000061035156,61.88999938964844,62.09999847412109,59.4752311706543,517400
2014-11-24,VRSK,62.29999923706055,62.61000061035156,61.88999938964844,62.09999847412109,59.4752311706543,517400
2014-11-25,VRSK,62.18999862670898,62.84999847412109,62.0099983215332,62.18999862670898,59.56142425537109,629200
2014-11-25,VRSK,62.18999862670898,62.84999847412109,62.0099983215332,62.18999862670898,59.56142425537109,629200
2014-11-26,VRSK,62.220001220703125,62.220001220703125,61.77999877929688,62.02999877929688,59.40818405151367,354700
2014-11-26,VRSK,62.220001220703125,62.220001220703125,61.77999877929688,62.02999877929688,59.40818405151367,354700
2014-11-28,VRSK,62.22999954223633,62.83000183105469,61.97999954223633,61.97999954223633,59.36030197143555,295800
2014-11-28,VRSK,62.22999954223633,62.83000183105469,61.97999954223633,61.97999954223633,59.36030197143555,295800
2014-12-01,VRSK,61.97999954223633,62.68000030517578,61.70000076293945,62.380001068115234,59.74340057373047,635300
2014-12-01,VRSK,61.97999954223633,62.68000030517578,61.70000076293945,62.380001068115234,59.74340057373047,635300
2014-12-02,VRSK,62.150001525878906,62.869998931884766,62.119998931884766,62.54999923706055,59.90620422363281,795800
2014-12-02,VRSK,62.150001525878906,62.869998931884766,62.119998931884766,62.54999923706055,59.90620422363281,795800
2014-12-03,VRSK,62.459999084472656,62.900001525878906,62.150001525878906,62.65999984741211,60.011566162109375,373200
2014-12-03,VRSK,62.459999084472656,62.900001525878906,62.150001525878906,62.65999984741211,60.011566162109375,373200
2014-12-04,VRSK,62.47999954223633,62.66999816894531,62.09000015258789,62.41999816894531,59.78170394897461,349000
2014-12-04,VRSK,62.47999954223633,62.66999816894531,62.09000015258789,62.41999816894531,59.78170394897461,349000
2014-12-05,VRSK,62.5,63.27999877929688,62.31999969482422,63.2599983215332,60.58619689941406,735300
2014-12-05,VRSK,62.5,63.27999877929688,62.31999969482422,63.2599983215332,60.58619689941406,735300
2014-12-08,VRSK,62.150001525878906,63.58000183105469,62.150001525878906,63.400001525878906,60.72027969360352,405600
2014-12-08,VRSK,62.150001525878906,63.58000183105469,62.150001525878906,63.400001525878906,60.72027969360352,405600
2014-12-09,VRSK,63.130001068115234,63.36000061035156,61.84000015258789,63.29999923706055,60.62450408935547,636500
2014-12-09,VRSK,63.130001068115234,63.36000061035156,61.84000015258789,63.29999923706055,60.62450408935547,636500
2014-12-10,VRSK,62.95000076293945,63.2400016784668,62.52999877929688,63.0,60.33718490600586,754000
2014-12-10,VRSK,62.95000076293945,63.2400016784668,62.52999877929688,63.0,60.33718490600586,754000
2014-12-11,VRSK,63.119998931884766,63.52000045776367,62.790000915527344,62.88999938964844,60.23183441162109,471200
2014-12-11,VRSK,63.119998931884766,63.52000045776367,62.790000915527344,62.88999938964844,60.23183441162109,471200
2014-12-12,VRSK,62.13999938964844,62.869998931884766,61.720001220703125,62.38999938964844,59.752967834472656,796200
2014-12-12,VRSK,62.13999938964844,62.869998931884766,61.720001220703125,62.38999938964844,59.752967834472656,796200
2014-12-15,VRSK,62.619998931884766,63.09000015258789,62.09000015258789,62.58000183105469,59.93494415283203,636400
2014-12-15,VRSK,62.619998931884766,63.09000015258789,62.09000015258789,62.58000183105469,59.93494415283203,636400
2014-12-16,VRSK,62.43999862670898,63.130001068115234,62.130001068115234,62.77000045776367,60.11690521240234,704600
2014-12-16,VRSK,62.43999862670898,63.130001068115234,62.130001068115234,62.77000045776367,60.11690521240234,704600
2014-12-17,VRSK,63.27999877929688,63.90999984741211,62.52999877929688,63.75,61.05548095703125,1062200
2014-12-17,VRSK,63.27999877929688,63.90999984741211,62.52999877929688,63.75,61.05548095703125,1062200
2014-12-18,VRSK,64.4000015258789,64.93000030517578,64.18000030517578,64.8499984741211,62.108985900878906,1507500
2014-12-18,VRSK,64.4000015258789,64.93000030517578,64.18000030517578,64.8499984741211,62.108985900878906,1507500
2014-12-19,VRSK,64.2300033569336,65.41999816894531,64.2300033569336,64.69999694824219,61.96534729003906,2672800
2014-12-19,VRSK,64.2300033569336,65.41999816894531,64.2300033569336,64.69999694824219,61.96534729003906,2672800
2014-12-22,VRSK,64.93000030517578,65.2300033569336,64.0199966430664,65.1500015258789,62.39632034301758,856200
2014-12-22,VRSK,64.93000030517578,65.2300033569336,64.0199966430664,65.1500015258789,62.39632034301758,856200
2014-12-23,VRSK,65.19999694824219,65.62999725341797,64.9000015258789,64.91999816894531,62.17604064941406,795100
2014-12-23,VRSK,65.19999694824219,65.62999725341797,64.9000015258789,64.91999816894531,62.17604064941406,795100
2014-12-24,VRSK,64.9000015258789,65.37000274658203,64.66000366210938,64.87999725341797,62.13771438598633,276300
2014-12-24,VRSK,64.9000015258789,65.37000274658203,64.66000366210938,64.87999725341797,62.13771438598633,276300
2014-12-26,VRSK,64.91000366210938,65.30999755859375,64.63999938964844,64.76000213623047,62.02280807495117,309000
2014-12-26,VRSK,64.91000366210938,65.30999755859375,64.63999938964844,64.76000213623047,62.02280807495117,309000
2014-12-29,VRSK,64.6500015258789,64.97000122070312,64.44000244140625,64.70999908447266,61.974910736083984,418400
2014-12-29,VRSK,64.6500015258789,64.97000122070312,64.44000244140625,64.70999908447266,61.974910736083984,418400
2014-12-30,VRSK,64.66999816894531,64.86000061035156,64.37999725341797,64.81999969482422,62.08027648925781,315100
2014-12-30,VRSK,64.66999816894531,64.86000061035156,64.37999725341797,64.81999969482422,62.08027648925781,315100
2014-12-31,VRSK,64.91999816894531,65.20999908447266,63.9900016784668,64.05000305175781,61.342811584472656,321600
2014-12-31,VRSK,64.91999816894531,65.20999908447266,63.9900016784668,64.05000305175781,61.342811584472656,321600
2015-01-02,VRSK,64.08000183105469,65.0,63.04999923706055,63.970001220703125,61.26618957519531,529700
2015-01-02,VRSK,64.08000183105469,65.0,63.04999923706055,63.970001220703125,61.26618957519531,529700
2015-01-05,VRSK,63.81999969482422,63.97999954223633,62.709999084472656,63.13999938964844,60.47126388549805,885800
2015-01-05,VRSK,63.81999969482422,63.97999954223633,62.709999084472656,63.13999938964844,60.47126388549805,885800
2015-01-06,VRSK,63.04999923706055,63.7400016784668,62.81999969482422,62.91999816894531,60.26056289672852,754600
2015-01-06,VRSK,63.04999923706055,63.7400016784668,62.81999969482422,62.91999816894531,60.26056289672852,754600
2015-01-07,VRSK,63.02000045776367,63.34999847412109,62.7400016784668,62.959999084472656,60.29886245727539,632100
2015-01-07,VRSK,63.02000045776367,63.34999847412109,62.7400016784668,62.959999084472656,60.29886245727539,632100
2015-01-08,VRSK,63.18999862670898,63.93000030517578,63.18999862670898,63.59000015258789,60.902252197265625,890800
2015-01-08,VRSK,63.18999862670898,63.93000030517578,63.18999862670898,63.59000015258789,60.902252197265625,890800
2015-01-09,VRSK,63.31999969482422,63.61000061035156,62.79999923706055,63.09000015258789,60.42338562011719,561800
2015-01-09,VRSK,63.31999969482422,63.61000061035156,62.79999923706055,63.09000015258789,60.42338562011719,561800
2015-01-12,VRSK,63.33000183105469,63.66999816894531,62.59999847412109,62.970001220703125,60.30845642089844,472400
2015-01-12,VRSK,63.33000183105469,63.66999816894531,62.59999847412109,62.970001220703125,60.30845642089844,472400
2015-01-13,VRSK,63.400001525878906,64.08999633789062,63.02000045776367,63.43000030517578,60.74900817871094,575300
2015-01-13,VRSK,63.400001525878906,64.08999633789062,63.02000045776367,63.43000030517578,60.74900817871094,575300
2015-01-14,VRSK,63.02000045776367,64.05999755859375,62.560001373291016,62.970001220703125,60.30845642089844,484000
2015-01-14,VRSK,63.02000045776367,64.05999755859375,62.560001373291016,62.970001220703125,60.30845642089844,484000
2015-01-15,VRSK,62.91999816894531,63.11000061035156,62.43000030517578,62.70000076293945,60.04987716674805,479700
2015-01-15,VRSK,62.91999816894531,63.11000061035156,62.43000030517578,62.70000076293945,60.04987716674805,479700
2015-01-16,VRSK,62.5,63.2400016784668,62.27999877929688,62.900001525878906,60.24141693115234,584600
2015-01-16,VRSK,62.5,63.2400016784668,62.27999877929688,62.900001525878906,60.24141693115234,584600
2015-01-20,VRSK,63.0,63.4900016784668,62.43000030517578,63.20000076293945,60.52872085571289,828900
2015-01-20,VRSK,63.0,63.4900016784668,62.43000030517578,63.20000076293945,60.52872085571289,828900
2015-01-21,VRSK,62.869998931884766,63.630001068115234,62.7400016784668,63.43000030517578,60.74900817871094,540300
2015-01-21,VRSK,62.869998931884766,63.630001068115234,62.7400016784668,63.43000030517578,60.74900817871094,540300
2015-01-22,VRSK,63.540000915527344,64.44000244140625,63.38999938964844,64.26000213623047,61.54392623901367,1548500
2015-01-22,VRSK,63.540000915527344,64.44000244140625,63.38999938964844,64.26000213623047,61.54392623901367,1548500
2015-01-23,VRSK,64.13999938964844,65.33999633789062,63.970001220703125,65.11000061035156,62.358001708984375,668300
2015-01-23,VRSK,64.13999938964844,65.33999633789062,63.970001220703125,65.11000061035156,62.358001708984375,668300
2015-01-26,VRSK,65.0,65.29000091552734,64.52999877929688,64.91000366210938,62.16645050048828,628900
2015-01-26,VRSK,65.0,65.29000091552734,64.52999877929688,64.91000366210938,62.16645050048828,628900
2015-01-27,VRSK,64.23999786376953,64.91000366210938,64.01000213623047,64.30000305175781,61.58223342895508,483400
2015-01-27,VRSK,64.23999786376953,64.91000366210938,64.01000213623047,64.30000305175781,61.58223342895508,483400
2015-01-28,VRSK,64.37999725341797,64.77999877929688,63.7400016784668,64.01000213623047,61.30450439453125,462600
2015-01-28,VRSK,64.37999725341797,64.77999877929688,63.7400016784668,64.01000213623047,61.30450439453125,462600
2015-01-29,VRSK,64.08000183105469,64.52999877929688,63.65999984741211,64.26000213623047,61.54392623901367,1009000
2015-01-29,VRSK,64.08000183105469,64.52999877929688,63.65999984741211,64.26000213623047,61.54392623901367,1009000
2015-01-30,VRSK,64.05999755859375,64.72000122070312,63.619998931884766,64.3499984741211,61.63011932373047,800800
2015-01-30,VRSK,64.05999755859375,64.72000122070312,63.619998931884766,64.3499984741211,61.63011932373047,800800
2015-02-02,VRSK,64.41000366210938,64.87999725341797,63.790000915527344,64.87000274658203,62.12814712524414,831200
2015-02-02,VRSK,64.41000366210938,64.87999725341797,63.790000915527344,64.87000274658203,62.12814712524414,831200
2015-02-03,VRSK,64.93000030517578,65.73999786376953,64.93000030517578,65.73999786376953,62.96137619018555,775500
2015-02-03,VRSK,64.93000030517578,65.73999786376953,64.93000030517578,65.73999786376953,62.96137619018555,775500
2015-02-04,VRSK,65.63999938964844,66.19000244140625,65.37999725341797,65.75,62.97096633911133,563700
2015-02-04,VRSK,65.63999938964844,66.19000244140625,65.37999725341797,65.75,62.97096633911133,563700
2015-02-05,VRSK,66.0,66.87000274658203,65.75,66.7699966430664,63.94782257080078,652100
2015-02-05,VRSK,66.0,66.87000274658203,65.75,66.7699966430664,63.94782257080078,652100
2015-02-06,VRSK,66.88999938964844,67.0,65.66999816894531,65.95999908447266,63.17207717895508,671800
2015-02-06,VRSK,66.88999938964844,67.0,65.66999816894531,65.95999908447266,63.17207717895508,671800
2015-02-09,VRSK,65.77999877929688,66.30000305175781,65.36000061035156,65.97000122070312,63.1816635131836,417500
2015-02-09,VRSK,65.77999877929688,66.30000305175781,65.36000061035156,65.97000122070312,63.1816635131836,417500
2015-02-10,VRSK,66.0199966430664,66.91999816894531,65.55999755859375,66.08000183105469,63.2869987487793,427000
2015-02-10,VRSK,66.0199966430664,66.91999816894531,65.55999755859375,66.08000183105469,63.2869987487793,427000
2015-02-11,VRSK,66.06999969482422,66.56999969482422,65.55000305175781,66.45999908447266,63.65092468261719,343600
2015-02-11,VRSK,66.06999969482422,66.56999969482422,65.55000305175781,66.45999908447266,63.65092468261719,343600
2015-02-12,VRSK,66.69000244140625,67.68000030517578,66.41000366210938,67.44000244140625,64.58951568603516,844400
2015-02-12,VRSK,66.69000244140625,67.68000030517578,66.41000366210938,67.44000244140625,64.58951568603516,844400
2015-02-13,VRSK,67.75,68.05999755859375,67.44999694824219,67.9000015258789,65.03008270263672,485900
2015-02-13,VRSK,67.75,68.05999755859375,67.44999694824219,67.9000015258789,65.03008270263672,485900
2015-02-17,VRSK,67.69000244140625,67.98999786376953,67.36000061035156,67.55999755859375,64.70442962646484,561000
2015-02-17,VRSK,67.69000244140625,67.98999786376953,67.36000061035156,67.55999755859375,64.70442962646484,561000
2015-02-18,VRSK,67.55000305175781,67.81999969482422,67.16999816894531,67.69000244140625,64.82896423339844,374000
2015-02-18,VRSK,67.55000305175781,67.81999969482422,67.16999816894531,67.69000244140625,64.82896423339844,374000
2015-02-19,VRSK,67.4000015258789,67.91000366210938,67.2300033569336,67.51000213623047,64.65656280517578,665600
2015-02-19,VRSK,67.4000015258789,67.91000366210938,67.2300033569336,67.51000213623047,64.65656280517578,665600
2015-02-20,VRSK,67.77999877929688,67.97000122070312,67.08000183105469,67.80000305175781,64.93431091308594,644900
2015-02-20,VRSK,67.77999877929688,67.97000122070312,67.08000183105469,67.80000305175781,64.93431091308594,644900
2015-02-23,VRSK,67.88999938964844,68.0199966430664,67.36000061035156,67.80000305175781,64.93431091308594,1117600
2015-02-23,VRSK,67.88999938964844,68.0199966430664,67.36000061035156,67.80000305175781,64.93431091308594,1117600
2015-02-24,VRSK,67.73999786376953,68.05000305175781,67.43000030517578,67.91000366210938,65.03964233398438,858200
2015-02-24,VRSK,67.73999786376953,68.05000305175781,67.43000030517578,67.91000366210938,65.03964233398438,858200
2015-02-25,VRSK,70.0,74.75,70.0,72.18000030517578,69.12918090820312,3931100
2015-02-25,VRSK,70.0,74.75,70.0,72.18000030517578,69.12918090820312,3931100
2015-02-26,VRSK,71.25,72.75,71.08000183105469,72.2699966430664,69.21537780761719,1566500
2015-02-26,VRSK,71.25,72.75,71.08000183105469,72.2699966430664,69.21537780761719,1566500
2015-02-27,VRSK,72.63999938964844,72.87999725341797,71.75,71.80999755859375,68.7748031616211,813200
2015-02-27,VRSK,72.63999938964844,72.87999725341797,71.75,71.80999755859375,68.7748031616211,813200
2015-03-02,VRSK,71.80999755859375,72.27999877929688,71.55000305175781,71.87000274658203,68.83229064941406,1095700
2015-03-02,VRSK,71.80999755859375,72.27999877929688,71.55000305175781,71.87000274658203,68.83229064941406,1095700
2015-03-03,VRSK,71.87000274658203,72.11000061035156,71.33999633789062,71.5999984741211,68.57369232177734,655400
2015-03-03,VRSK,71.87000274658203,72.11000061035156,71.33999633789062,71.5999984741211,68.57369232177734,655400
2015-03-04,VRSK,71.16000366210938,71.45999908447266,70.5,70.69000244140625,67.7021484375,710600
2015-03-04,VRSK,71.16000366210938,71.45999908447266,70.5,70.69000244140625,67.7021484375,710600
2015-03-05,VRSK,71.08999633789062,71.19999694824219,70.52999877929688,71.08999633789062,68.08523559570312,749200
2015-03-05,VRSK,71.08999633789062,71.19999694824219,70.52999877929688,71.08999633789062,68.08523559570312,749200
2015-03-06,VRSK,71.0,71.26000213623047,70.12000274658203,70.66000366210938,67.67340850830078,712900
2015-03-06,VRSK,71.0,71.26000213623047,70.12000274658203,70.66000366210938,67.67340850830078,712900
2015-03-09,VRSK,70.86000061035156,71.63999938964844,70.55000305175781,71.36000061035156,68.34382629394531,1704800
2015-03-09,VRSK,70.86000061035156,71.63999938964844,70.55000305175781,71.36000061035156,68.34382629394531,1704800
2015-03-10,VRSK,70.94999694824219,71.80000305175781,68.5,68.54000091552734,65.64302825927734,2014800
2015-03-10,VRSK,70.94999694824219,71.80000305175781,68.5,68.54000091552734,65.64302825927734,2014800
2015-03-11,VRSK,69.2300033569336,71.4800033569336,69.04000091552734,69.77999877929688,66.83061218261719,1276800
2015-03-11,VRSK,69.2300033569336,71.4800033569336,69.04000091552734,69.77999877929688,66.83061218261719,1276800
2015-03-12,VRSK,71.16000366210938,71.16999816894531,70.30999755859375,71.0,67.9990463256836,2015000
2015-03-12,VRSK,71.16000366210938,71.16999816894531,70.30999755859375,71.0,67.9990463256836,2015000
2015-03-13,VRSK,70.9800033569336,71.30000305175781,70.44000244140625,71.2300033569336,68.2193374633789,779200
2015-03-13,VRSK,70.9800033569336,71.30000305175781,70.44000244140625,71.2300033569336,68.2193374633789,779200
2015-03-16,VRSK,71.55999755859375,71.97000122070312,71.30999755859375,71.63999938964844,68.61198425292969,631800
2015-03-16,VRSK,71.55999755859375,71.97000122070312,71.30999755859375,71.63999938964844,68.61198425292969,631800
2015-03-17,VRSK,71.48999786376953,71.7300033569336,71.22000122070312,71.70999908447266,68.67903900146484,770100
2015-03-17,VRSK,71.48999786376953,71.7300033569336,71.22000122070312,71.70999908447266,68.67903900146484,770100
2015-03-18,VRSK,71.62999725341797,71.91000366210938,71.02999877929688,71.75,68.71735382080078,663000
2015-03-18,VRSK,71.62999725341797,71.91000366210938,71.02999877929688,71.75,68.71735382080078,663000
2015-03-19,VRSK,71.69999694824219,71.97000122070312,71.31999969482422,71.55000305175781,68.52581024169922,493000
2015-03-19,VRSK,71.69999694824219,71.97000122070312,71.31999969482422,71.55000305175781,68.52581024169922,493000
2015-03-20,VRSK,71.77999877929688,71.88999938964844,71.25,71.5,68.47793579101562,1376900
2015-03-20,VRSK,71.77999877929688,71.88999938964844,71.25,71.5,68.47793579101562,1376900
2015-03-23,VRSK,71.5,71.6500015258789,71.0,71.11000061035156,68.10440826416016,966500
2015-03-23,VRSK,71.5,71.6500015258789,71.0,71.11000061035156,68.10440826416016,966500
2015-03-24,VRSK,71.19999694824219,71.33000183105469,70.45999908447266,70.63999938964844,67.65426635742188,1208300
2015-03-24,VRSK,71.19999694824219,71.33000183105469,70.45999908447266,70.63999938964844,67.65426635742188,1208300
2015-03-25,VRSK,71.02999877929688,71.08000183105469,69.75,69.76000213623047,66.81145477294922,1035000
2015-03-25,VRSK,71.02999877929688,71.08000183105469,69.75,69.76000213623047,66.81145477294922,1035000
2015-03-26,VRSK,69.81999969482422,70.4000015258789,69.5,69.83999633789062,66.88804626464844,979500
2015-03-26,VRSK,69.81999969482422,70.4000015258789,69.5,69.83999633789062,66.88804626464844,979500
2015-03-27,VRSK,69.8499984741211,70.69999694824219,69.6500015258789,70.4800033569336,67.50105285644531,762100
2015-03-27,VRSK,69.8499984741211,70.69999694824219,69.6500015258789,70.4800033569336,67.50105285644531,762100
2015-03-30,VRSK,70.36000061035156,71.38999938964844,70.36000061035156,71.16000366210938,68.15229797363281,715000
2015-03-30,VRSK,70.36000061035156,71.38999938964844,70.36000061035156,71.16000366210938,68.15229797363281,715000
2015-03-31,VRSK,71.04000091552734,71.7300033569336,70.75,71.4000015258789,68.38214111328125,847400
2015-03-31,VRSK,71.04000091552734,71.7300033569336,70.75,71.4000015258789,68.38214111328125,847400
2015-04-01,VRSK,71.41000366210938,71.8499984741211,71.0199966430664,71.52999877929688,68.50663757324219,1108200
2015-04-01,VRSK,71.41000366210938,71.8499984741211,71.0199966430664,71.52999877929688,68.50663757324219,1108200
2015-04-02,VRSK,71.33000183105469,72.5,70.98999786376953,72.2699966430664,69.21537780761719,1059900
2015-04-02,VRSK,71.33000183105469,72.5,70.98999786376953,72.2699966430664,69.21537780761719,1059900
2015-04-06,VRSK,71.43000030517578,72.81999969482422,71.41999816894531,72.05999755859375,69.01423645019531,1216700
2015-04-06,VRSK,71.43000030517578,72.81999969482422,71.41999816894531,72.05999755859375,69.01423645019531,1216700
2015-04-07,VRSK,72.0,72.48999786376953,71.5999984741211,71.72000122070312,68.68861389160156,648800
2015-04-07,VRSK,72.0,72.48999786376953,71.5999984741211,71.72000122070312,68.68861389160156,648800
2015-04-08,VRSK,72.0,72.62999725341797,71.70999908447266,72.4000015258789,69.33987426757812,740700
2015-04-08,VRSK,72.0,72.62999725341797,71.70999908447266,72.4000015258789,69.33987426757812,740700
2015-04-09,VRSK,72.20999908447266,72.87999725341797,72.06999969482422,72.87000274658203,69.78999328613281,924800
2015-04-09,VRSK,72.20999908447266,72.87999725341797,72.06999969482422,72.87000274658203,69.78999328613281,924800
2015-04-10,VRSK,73.0,73.2300033569336,72.5999984741211,72.86000061035156,69.78042602539062,654700
2015-04-10,VRSK,73.0,73.2300033569336,72.5999984741211,72.86000061035156,69.78042602539062,654700
2015-04-13,VRSK,72.80000305175781,73.20999908447266,72.43000030517578,72.54000091552734,69.47395324707031,514400
2015-04-13,VRSK,72.80000305175781,73.20999908447266,72.43000030517578,72.54000091552734,69.47395324707031,514400
2015-04-14,VRSK,72.36000061035156,72.91000366210938,72.08000183105469,72.75,69.67510223388672,753900
2015-04-14,VRSK,72.36000061035156,72.91000366210938,72.08000183105469,72.75,69.67510223388672,753900
2015-04-15,VRSK,72.69000244140625,73.0,72.47000122070312,72.6500015258789,69.57933807373047,567300
2015-04-15,VRSK,72.69000244140625,73.0,72.47000122070312,72.6500015258789,69.57933807373047,567300
2015-04-16,VRSK,72.45999908447266,72.77999877929688,72.0,72.66999816894531,69.59845733642578,474000
2015-04-16,VRSK,72.45999908447266,72.77999877929688,72.0,72.66999816894531,69.59845733642578,474000
2015-04-17,VRSK,71.86000061035156,72.61000061035156,71.43000030517578,71.83999633789062,68.8035659790039,668000
2015-04-17,VRSK,71.86000061035156,72.61000061035156,71.43000030517578,71.83999633789062,68.8035659790039,668000
2015-04-20,VRSK,72.18000030517578,72.7699966430664,71.91000366210938,72.37999725341797,69.32070922851562,566300
2015-04-20,VRSK,72.18000030517578,72.7699966430664,71.91000366210938,72.37999725341797,69.32070922851562,566300
2015-04-21,VRSK,72.5999984741211,72.95999908447266,72.43000030517578,72.61000061035156,69.54100036621094,393300
2015-04-21,VRSK,72.5999984741211,72.95999908447266,72.43000030517578,72.61000061035156,69.54100036621094,393300
2015-04-22,VRSK,72.37999725341797,72.63999938964844,71.9800033569336,72.29000091552734,69.2345199584961,648500
2015-04-22,VRSK,72.37999725341797,72.63999938964844,71.9800033569336,72.29000091552734,69.2345199584961,648500
2015-04-23,VRSK,72.01000213623047,72.79000091552734,72.01000213623047,72.4800033569336,69.41649627685547,673900
2015-04-23,VRSK,72.01000213623047,72.79000091552734,72.01000213623047,72.4800033569336,69.41649627685547,673900
2015-04-24,VRSK,72.51000213623047,72.87000274658203,72.1500015258789,72.68000030517578,69.60804748535156,672000
2015-04-24,VRSK,72.51000213623047,72.87000274658203,72.1500015258789,72.68000030517578,69.60804748535156,672000
2015-04-27,VRSK,72.88999938964844,73.41999816894531,72.29000091552734,72.94000244140625,69.85704803466797,1251400
2015-04-27,VRSK,72.88999938964844,73.41999816894531,72.29000091552734,72.94000244140625,69.85704803466797,1251400
2015-04-28,VRSK,72.77999877929688,72.87999725341797,72.27999877929688,72.63999938964844,69.5697250366211,722600
2015-04-28,VRSK,72.77999877929688,72.87999725341797,72.27999877929688,72.63999938964844,69.5697250366211,722600
2015-04-29,VRSK,75.01000213623047,78.08999633789062,75.01000213623047,76.8499984741211,73.60177612304688,2413800
2015-04-29,VRSK,75.01000213623047,78.08999633789062,75.01000213623047,76.8499984741211,73.60177612304688,2413800
2015-04-30,VRSK,75.70999908447266,76.70999908447266,74.93000030517578,75.04000091552734,71.8682861328125,1133900
2015-04-30,VRSK,75.70999908447266,76.70999908447266,74.93000030517578,75.04000091552734,71.8682861328125,1133900
2015-05-01,VRSK,75.48999786376953,75.97000122070312,75.08000183105469,75.70999908447266,72.50999450683594,736000
2015-05-01,VRSK,75.48999786376953,75.97000122070312,75.08000183105469,75.70999908447266,72.50999450683594,736000
2015-05-04,VRSK,75.86000061035156,76.80000305175781,75.7300033569336,76.38999938964844,73.16123962402344,920700
2015-05-04,VRSK,75.86000061035156,76.80000305175781,75.7300033569336,76.38999938964844,73.16123962402344,920700
2015-05-05,VRSK,75.43000030517578,75.72000122070312,74.12000274658203,74.51000213623047,71.3606948852539,1120600
2015-05-05,VRSK,75.43000030517578,75.72000122070312,74.12000274658203,74.51000213623047,71.3606948852539,1120600
2015-05-06,VRSK,74.44999694824219,75.41000366210938,72.33000183105469,72.48999786376953,69.42607879638672,2270700
2015-05-06,VRSK,74.44999694824219,75.41000366210938,72.33000183105469,72.48999786376953,69.42607879638672,2270700
2015-05-07,VRSK,70.31999969482422,73.19000244140625,70.19999694824219,72.0999984741211,69.05256652832031,8491400
2015-05-07,VRSK,70.31999969482422,73.19000244140625,70.19999694824219,72.0999984741211,69.05256652832031,8491400
2015-05-08,VRSK,72.95999908447266,74.80999755859375,72.63999938964844,73.66000366210938,70.54661560058594,2362500
2015-05-08,VRSK,72.95999908447266,74.80999755859375,72.63999938964844,73.66000366210938,70.54661560058594,2362500
2015-05-11,VRSK,73.87999725341797,74.44999694824219,73.76000213623047,73.7699966430664,70.65196990966797,1582800
2015-05-11,VRSK,73.87999725341797,74.44999694824219,73.76000213623047,73.7699966430664,70.65196990966797,1582800
2015-05-12,VRSK,73.48999786376953,73.95999908447266,72.98999786376953,73.75,70.6328125,1253900
2015-05-12,VRSK,73.48999786376953,73.95999908447266,72.98999786376953,73.75,70.6328125,1253900
2015-05-13,VRSK,73.70999908447266,74.22000122070312,73.20999908447266,73.22000122070312,70.1252212524414,1676300
2015-05-13,VRSK,73.70999908447266,74.22000122070312,73.20999908447266,73.22000122070312,70.1252212524414,1676300
2015-05-14,VRSK,73.48999786376953,73.94000244140625,73.30000305175781,73.44999694824219,70.34548950195312,2154200
2015-05-14,VRSK,73.48999786376953,73.94000244140625,73.30000305175781,73.44999694824219,70.34548950195312,2154200
2015-05-15,VRSK,73.87999725341797,74.0999984741211,73.4800033569336,73.73999786376953,70.62323760986328,1069600
2015-05-15,VRSK,73.87999725341797,74.0999984741211,73.4800033569336,73.73999786376953,70.62323760986328,1069600
2015-05-18,VRSK,73.69000244140625,73.9800033569336,73.3499984741211,73.36000061035156,70.25931549072266,961500
2015-05-18,VRSK,73.69000244140625,73.9800033569336,73.3499984741211,73.36000061035156,70.25931549072266,961500
2015-05-19,VRSK,73.2699966430664,73.51000213623047,73.01000213623047,73.4000015258789,70.29762268066406,1142300
2015-05-19,VRSK,73.2699966430664,73.51000213623047,73.01000213623047,73.4000015258789,70.29762268066406,1142300
2015-05-20,VRSK,73.52999877929688,73.61000061035156,73.11000061035156,73.12999725341797,70.0390396118164,1221300
2015-05-20,VRSK,73.52999877929688,73.61000061035156,73.11000061035156,73.12999725341797,70.0390396118164,1221300
2015-05-21,VRSK,73.13999938964844,73.61000061035156,73.01000213623047,73.41000366210938,70.30718231201172,1252300
2015-05-21,VRSK,73.13999938964844,73.61000061035156,73.01000213623047,73.41000366210938,70.30718231201172,1252300
2015-05-22,VRSK,73.38999938964844,73.6500015258789,73.19000244140625,73.44000244140625,70.3359146118164,852300
2015-05-22,VRSK,73.38999938964844,73.6500015258789,73.19000244140625,73.44000244140625,70.3359146118164,852300
2015-05-26,VRSK,73.0,73.25,72.12999725341797,72.44999694824219,69.38777160644531,993400
2015-05-26,VRSK,73.0,73.25,72.12999725341797,72.44999694824219,69.38777160644531,993400
2015-05-27,VRSK,72.66999816894531,73.68000030517578,72.5,73.4000015258789,70.29762268066406,1146400
2015-05-27,VRSK,72.66999816894531,73.68000030517578,72.5,73.4000015258789,70.29762268066406,1146400
2015-05-28,VRSK,73.36000061035156,73.63999938964844,72.95999908447266,73.16000366210938,70.06774139404297,1151700
2015-05-28,VRSK,73.36000061035156,73.63999938964844,72.95999908447266,73.16000366210938,70.06774139404297,1151700
2015-05-29,VRSK,72.98999786376953,73.25,72.43000030517578,72.58000183105469,69.51226043701172,3192900
2015-05-29,VRSK,72.98999786376953,73.25,72.43000030517578,72.58000183105469,69.51226043701172,3192900
2015-06-01,VRSK,72.55000305175781,73.9000015258789,72.52999877929688,73.56999969482422,70.4604263305664,907100
2015-06-01,VRSK,72.55000305175781,73.9000015258789,72.52999877929688,73.56999969482422,70.4604263305664,907100
2015-06-02,VRSK,73.56999969482422,73.63999938964844,72.68000030517578,72.8499984741211,69.77084350585938,1058000
2015-06-02,VRSK,73.56999969482422,73.63999938964844,72.68000030517578,72.8499984741211,69.77084350585938,1058000
2015-06-03,VRSK,73.26000213623047,74.26000213623047,72.9000015258789,74.18000030517578,71.0446548461914,1075300
2015-06-03,VRSK,73.26000213623047,74.26000213623047,72.9000015258789,74.18000030517578,71.0446548461914,1075300
2015-06-04,VRSK,73.62000274658203,74.4000015258789,73.5999984741211,73.73999786376953,70.62323760986328,879200
2015-06-04,VRSK,73.62000274658203,74.4000015258789,73.5999984741211,73.73999786376953,70.62323760986328,879200
2015-06-05,VRSK,72.3499984741211,74.19999694824219,72.31999969482422,74.04000091552734,70.91056060791016,1060800
2015-06-05,VRSK,72.3499984741211,74.19999694824219,72.31999969482422,74.04000091552734,70.91056060791016,1060800
2015-06-08,VRSK,73.6500015258789,73.98999786376953,73.16999816894531,73.19999694824219,70.10607147216797,715400
2015-06-08,VRSK,73.6500015258789,73.98999786376953,73.16999816894531,73.19999694824219,70.10607147216797,715400
2015-06-09,VRSK,73.41000366210938,73.9000015258789,72.87000274658203,73.69999694824219,70.58492279052734,955500
2015-06-09,VRSK,73.41000366210938,73.9000015258789,72.87000274658203,73.69999694824219,70.58492279052734,955500
2015-06-10,VRSK,74.27999877929688,74.4800033569336,73.76000213623047,74.04000091552734,70.91056060791016,668200
2015-06-10,VRSK,74.27999877929688,74.4800033569336,73.76000213623047,74.04000091552734,70.91056060791016,668200
2015-06-11,VRSK,73.94999694824219,74.55000305175781,73.80999755859375,74.52999877929688,71.37987518310547,776300
2015-06-11,VRSK,73.94999694824219,74.55000305175781,73.80999755859375,74.52999877929688,71.37987518310547,776300
2015-06-12,VRSK,74.19000244140625,74.55999755859375,73.95999908447266,74.25,71.1116714477539,592100
2015-06-12,VRSK,74.19000244140625,74.55999755859375,73.95999908447266,74.25,71.1116714477539,592100
2015-06-15,VRSK,73.83999633789062,74.68000030517578,73.55000305175781,73.9000015258789,70.77649688720703,927100
2015-06-15,VRSK,73.83999633789062,74.68000030517578,73.55000305175781,73.9000015258789,70.77649688720703,927100
2015-06-16,VRSK,73.94000244140625,74.48999786376953,73.72000122070312,74.12999725341797,70.99676513671875,668600
2015-06-16,VRSK,73.94000244140625,74.48999786376953,73.72000122070312,74.12999725341797,70.99676513671875,668600
2015-06-17,VRSK,74.44000244140625,75.05000305175781,74.22000122070312,74.80000305175781,71.63844299316406,620800
2015-06-17,VRSK,74.44000244140625,75.05000305175781,74.22000122070312,74.80000305175781,71.63844299316406,620800
2015-06-18,VRSK,74.87000274658203,75.5,74.70999908447266,75.33000183105469,72.1460189819336,671800
2015-06-18,VRSK,74.87000274658203,75.5,74.70999908447266,75.33000183105469,72.1460189819336,671800
2015-06-19,VRSK,75.2699966430664,75.55999755859375,74.88999938964844,75.25,72.06941223144531,1698700
2015-06-19,VRSK,75.2699966430664,75.55999755859375,74.88999938964844,75.25,72.06941223144531,1698700
2015-06-22,VRSK,75.62999725341797,75.69999694824219,75.08000183105469,75.29000091552734,72.10771942138672,1167100
2015-06-22,VRSK,75.62999725341797,75.69999694824219,75.08000183105469,75.29000091552734,72.10771942138672,1167100
2015-06-23,VRSK,75.51000213623047,75.69999694824219,74.94999694824219,74.95999908447266,71.79166412353516,775900
2015-06-23,VRSK,75.51000213623047,75.69999694824219,74.94999694824219,74.95999908447266,71.79166412353516,775900
2015-06-24,VRSK,74.83999633789062,75.11000061035156,74.08000183105469,74.08999633789062,70.95845794677734,1255100
2015-06-24,VRSK,74.83999633789062,75.11000061035156,74.08000183105469,74.08999633789062,70.95845794677734,1255100
2015-06-25,VRSK,74.83999633789062,74.83999633789062,74.22000122070312,74.66000366210938,71.50435638427734,976700
2015-06-25,VRSK,74.83999633789062,74.83999633789062,74.22000122070312,74.66000366210938,71.50435638427734,976700
2015-06-26,VRSK,74.88999938964844,75.08000183105469,74.33000183105469,74.51000213623047,71.3606948852539,990900
2015-06-26,VRSK,74.88999938964844,75.08000183105469,74.33000183105469,74.51000213623047,71.3606948852539,990900
2015-06-29,VRSK,74.01000213623047,74.11000061035156,72.62000274658203,72.68000030517578,69.60804748535156,575200
2015-06-29,VRSK,74.01000213623047,74.11000061035156,72.62000274658203,72.68000030517578,69.60804748535156,575200
2015-06-30,VRSK,73.33999633789062,73.33999633789062,72.58000183105469,72.76000213623047,69.68465423583984,697800
2015-06-30,VRSK,73.33999633789062,73.33999633789062,72.58000183105469,72.76000213623047,69.68465423583984,697800
2015-07-01,VRSK,73.12000274658203,73.2699966430664,72.55999755859375,72.94999694824219,69.86663055419922,989900
2015-07-01,VRSK,73.12000274658203,73.2699966430664,72.55999755859375,72.94999694824219,69.86663055419922,989900
2015-07-02,VRSK,72.93000030517578,73.18000030517578,72.6500015258789,73.05999755859375,69.97196960449219,816600
2015-07-02,VRSK,72.93000030517578,73.18000030517578,72.6500015258789,73.05999755859375,69.97196960449219,816600
2015-07-06,VRSK,72.55999755859375,73.8499984741211,72.25,73.76000213623047,70.64240264892578,1088100
2015-07-06,VRSK,72.55999755859375,73.8499984741211,72.25,73.76000213623047,70.64240264892578,1088100
2015-07-07,VRSK,74.04000091552734,74.04000091552734,72.83000183105469,73.41999816894531,70.31676483154297,934100
2015-07-07,VRSK,74.04000091552734,74.04000091552734,72.83000183105469,73.41999816894531,70.31676483154297,934100
2015-07-08,VRSK,72.75,73.01000213623047,71.87999725341797,71.98999786376953,68.94720458984375,726500
2015-07-08,VRSK,72.75,73.01000213623047,71.87999725341797,71.98999786376953,68.94720458984375,726500
2015-07-09,VRSK,72.66000366210938,72.98999786376953,72.30000305175781,72.4000015258789,69.33987426757812,684700
2015-07-09,VRSK,72.66000366210938,72.98999786376953,72.30000305175781,72.4000015258789,69.33987426757812,684700
2015-07-10,VRSK,73.4000015258789,73.44000244140625,72.91999816894531,73.23999786376953,70.1443862915039,740000
2015-07-10,VRSK,73.4000015258789,73.44000244140625,72.91999816894531,73.23999786376953,70.1443862915039,740000
2015-07-13,VRSK,73.80999755859375,74.26000213623047,73.5199966430664,74.20999908447266,71.0733642578125,537900
2015-07-13,VRSK,73.80999755859375,74.26000213623047,73.5199966430664,74.20999908447266,71.0733642578125,537900
2015-07-14,VRSK,74.33000183105469,74.87999725341797,74.16999816894531,74.61000061035156,71.45646667480469,743000
2015-07-14,VRSK,74.33000183105469,74.87999725341797,74.16999816894531,74.61000061035156,71.45646667480469,743000
2015-07-15,VRSK,74.30999755859375,75.19000244140625,74.1500015258789,75.0199966430664,71.84911346435547,794400
2015-07-15,VRSK,74.30999755859375,75.19000244140625,74.1500015258789,75.0199966430664,71.84911346435547,794400
2015-07-16,VRSK,75.55000305175781,75.83000183105469,75.04000091552734,75.62000274658203,72.42378234863281,532900
2015-07-16,VRSK,75.55000305175781,75.83000183105469,75.04000091552734,75.62000274658203,72.42378234863281,532900
2015-07-17,VRSK,75.83999633789062,75.83999633789062,75.02999877929688,75.38999938964844,72.20349884033203,533600
2015-07-17,VRSK,75.83999633789062,75.83999633789062,75.02999877929688,75.38999938964844,72.20349884033203,533600
2015-07-20,VRSK,75.41999816894531,75.94000244140625,75.11000061035156,75.54000091552734,72.34717559814453,475700
2015-07-20,VRSK,75.41999816894531,75.94000244140625,75.11000061035156,75.54000091552734,72.34717559814453,475700
2015-07-21,VRSK,74.79000091552734,75.36000061035156,73.58999633789062,73.80000305175781,70.68070983886719,1399200
2015-07-21,VRSK,74.79000091552734,75.36000061035156,73.58999633789062,73.80000305175781,70.68070983886719,1399200
2015-07-22,VRSK,73.76000213623047,74.58000183105469,73.76000213623047,74.41000366210938,71.2649154663086,700300
2015-07-22,VRSK,73.76000213623047,74.58000183105469,73.76000213623047,74.41000366210938,71.2649154663086,700300
2015-07-23,VRSK,74.43000030517578,74.69000244140625,73.94999694824219,74.13999938964844,71.00635528564453,651300
2015-07-23,VRSK,74.43000030517578,74.69000244140625,73.94999694824219,74.13999938964844,71.00635528564453,651300
2015-07-24,VRSK,74.4800033569336,74.5999984741211,74.01000213623047,74.44999694824219,71.3032455444336,854200
2015-07-24,VRSK,74.4800033569336,74.5999984741211,74.01000213623047,74.44999694824219,71.3032455444336,854200
2015-07-27,VRSK,74.75,74.87000274658203,72.73999786376953,72.93000030517578,69.84748077392578,897700
2015-07-27,VRSK,74.75,74.87000274658203,72.73999786376953,72.93000030517578,69.84748077392578,897700
2015-07-28,VRSK,73.04000091552734,73.63999938964844,72.66000366210938,73.23999786376953,70.1443862915039,693100
2015-07-28,VRSK,73.04000091552734,73.63999938964844,72.66000366210938,73.23999786376953,70.1443862915039,693100
2015-07-29,VRSK,75.19999694824219,79.87999725341797,75.06999969482422,78.5999984741211,75.2778091430664,2649900
2015-07-29,VRSK,75.19999694824219,79.87999725341797,75.06999969482422,78.5999984741211,75.2778091430664,2649900
2015-07-30,VRSK,78.69999694824219,78.91999816894531,77.83999633789062,78.56999969482422,75.24908447265625,922000
2015-07-30,VRSK,78.69999694824219,78.91999816894531,77.83999633789062,78.56999969482422,75.24908447265625,922000
2015-07-31,VRSK,78.98999786376953,78.98999786376953,78.01000213623047,78.11000061035156,74.80853271484375,877100
2015-07-31,VRSK,78.98999786376953,78.98999786376953,78.01000213623047,78.11000061035156,74.80853271484375,877100
2015-08-03,VRSK,77.55999755859375,78.30999755859375,77.22000122070312,77.80000305175781,74.51164245605469,1089300
2015-08-03,VRSK,77.55999755859375,78.30999755859375,77.22000122070312,77.80000305175781,74.51164245605469,1089300
2015-08-04,VRSK,77.87999725341797,78.4800033569336,77.0999984741211,77.61000061035156,74.32967376708984,1046300
2015-08-04,VRSK,77.87999725341797,78.4800033569336,77.0999984741211,77.61000061035156,74.32967376708984,1046300
2015-08-05,VRSK,78.05999755859375,78.16999816894531,77.4000015258789,77.98999786376953,74.69359588623047,695100
2015-08-05,VRSK,78.05999755859375,78.16999816894531,77.4000015258789,77.98999786376953,74.69359588623047,695100
2015-08-06,VRSK,77.88999938964844,77.88999938964844,76.1500015258789,76.5999984741211,73.36235046386719,968300
2015-08-06,VRSK,77.88999938964844,77.88999938964844,76.1500015258789,76.5999984741211,73.36235046386719,968300
2015-08-07,VRSK,76.62999725341797,77.68000030517578,76.18000030517578,77.66000366210938,74.3775405883789,801400
2015-08-07,VRSK,76.62999725341797,77.68000030517578,76.18000030517578,77.66000366210938,74.3775405883789,801400
2015-08-10,VRSK,77.9800033569336,78.12999725341797,77.45999908447266,77.83999633789062,74.54994201660156,658200
2015-08-10,VRSK,77.9800033569336,78.12999725341797,77.45999908447266,77.83999633789062,74.54994201660156,658200
2015-08-11,VRSK,77.16999816894531,77.45999908447266,76.47000122070312,77.0,73.74544525146484,624400
2015-08-11,VRSK,77.16999816894531,77.45999908447266,76.47000122070312,77.0,73.74544525146484,624400
2015-08-12,VRSK,76.66000366210938,77.19000244140625,75.88999938964844,76.75,73.50601196289062,532300
2015-08-12,VRSK,76.66000366210938,77.19000244140625,75.88999938964844,76.75,73.50601196289062,532300
2015-08-13,VRSK,76.61000061035156,77.30999755859375,76.0199966430664,76.87999725341797,73.63052368164062,431000
2015-08-13,VRSK,76.61000061035156,77.30999755859375,76.0199966430664,76.87999725341797,73.63052368164062,431000
2015-08-14,VRSK,76.4000015258789,76.9800033569336,76.4000015258789,76.80000305175781,73.55390930175781,431300
2015-08-14,VRSK,76.4000015258789,76.9800033569336,76.4000015258789,76.80000305175781,73.55390930175781,431300
2015-08-17,VRSK,76.55999755859375,76.87999725341797,76.05999755859375,76.72000122070312,73.47727966308594,494700
2015-08-17,VRSK,76.55999755859375,76.87999725341797,76.05999755859375,76.72000122070312,73.47727966308594,494700
2015-08-18,VRSK,76.80000305175781,77.33999633789062,76.55000305175781,77.2300033569336,73.96572875976562,590200
2015-08-18,VRSK,76.80000305175781,77.33999633789062,76.55000305175781,77.2300033569336,73.96572875976562,590200
2015-08-19,VRSK,76.91999816894531,78.16999816894531,76.58999633789062,77.6500015258789,74.36797332763672,835200
2015-08-19,VRSK,76.91999816894531,78.16999816894531,76.58999633789062,77.6500015258789,74.36797332763672,835200
2015-08-20,VRSK,76.48999786376953,77.73999786376953,75.3499984741211,75.36000061035156,72.17476654052734,688400
2015-08-20,VRSK,76.48999786376953,77.73999786376953,75.3499984741211,75.36000061035156,72.17476654052734,688400
2015-08-21,VRSK,74.5,75.41000366210938,73.9000015258789,73.91999816894531,70.79562377929688,1039500
2015-08-21,VRSK,74.5,75.41000366210938,73.9000015258789,73.91999816894531,70.79562377929688,1039500
2015-08-24,VRSK,71.68000030517578,72.87999725341797,68.87000274658203,71.58000183105469,68.55455017089844,1781800
2015-08-24,VRSK,71.68000030517578,72.87999725341797,68.87000274658203,71.58000183105469,68.55455017089844,1781800
2015-08-25,VRSK,73.6500015258789,73.87999725341797,70.73999786376953,70.7699966430664,67.7787857055664,1244400
2015-08-25,VRSK,73.6500015258789,73.87999725341797,70.73999786376953,70.7699966430664,67.7787857055664,1244400
2015-08-26,VRSK,72.54000091552734,72.75,70.5199966430664,72.6500015258789,69.57933807373047,781300
2015-08-26,VRSK,72.54000091552734,72.75,70.5199966430664,72.6500015258789,69.57933807373047,781300
2015-08-27,VRSK,73.30000305175781,74.69000244140625,73.0199966430664,74.25,71.1116714477539,949200
2015-08-27,VRSK,73.30000305175781,74.69000244140625,73.0199966430664,74.25,71.1116714477539,949200
2015-08-28,VRSK,73.66999816894531,74.4000015258789,73.41000366210938,73.94000244140625,70.8147964477539,746900
2015-08-28,VRSK,73.66999816894531,74.4000015258789,73.41000366210938,73.94000244140625,70.8147964477539,746900
2015-08-31,VRSK,73.6500015258789,73.88999938964844,72.88999938964844,73.08000183105469,69.99114990234375,588500
2015-08-31,VRSK,73.6500015258789,73.88999938964844,72.88999938964844,73.08000183105469,69.99114990234375,588500
2015-09-01,VRSK,71.58999633789062,72.37999725341797,71.0199966430664,71.58000183105469,68.55455017089844,1138800
2015-09-01,VRSK,71.58999633789062,72.37999725341797,71.0199966430664,71.58000183105469,68.55455017089844,1138800
2015-09-02,VRSK,72.69000244140625,73.75,71.7300033569336,73.66000366210938,70.54661560058594,1140900
2015-09-02,VRSK,72.69000244140625,73.75,71.7300033569336,73.66000366210938,70.54661560058594,1140900
2015-09-03,VRSK,73.93000030517578,74.1500015258789,73.38999938964844,73.81999969482422,70.69985961914062,690600
2015-09-03,VRSK,73.93000030517578,74.1500015258789,73.38999938964844,73.81999969482422,70.69985961914062,690600
2015-09-04,VRSK,73.08999633789062,73.4000015258789,72.51000213623047,72.80999755859375,69.7325439453125,484900
2015-09-04,VRSK,73.08999633789062,73.4000015258789,72.51000213623047,72.80999755859375,69.7325439453125,484900
2015-09-08,VRSK,73.97000122070312,74.80999755859375,73.36000061035156,74.77999877929688,71.61929321289062,539600
2015-09-08,VRSK,73.97000122070312,74.80999755859375,73.36000061035156,74.77999877929688,71.61929321289062,539600
2015-09-09,VRSK,75.19000244140625,75.4800033569336,73.30000305175781,73.47000122070312,70.3646469116211,672600
2015-09-09,VRSK,75.19000244140625,75.4800033569336,73.30000305175781,73.47000122070312,70.3646469116211,672600
2015-09-10,VRSK,73.37999725341797,74.38999938964844,73.06999969482422,73.76000213623047,70.64240264892578,469800
2015-09-10,VRSK,73.37999725341797,74.38999938964844,73.06999969482422,73.76000213623047,70.64240264892578,469800
2015-09-11,VRSK,73.30999755859375,74.11000061035156,73.01000213623047,73.87000274658203,70.74775695800781,470100
2015-09-11,VRSK,73.30999755859375,74.11000061035156,73.01000213623047,73.87000274658203,70.74775695800781,470100
2015-09-14,VRSK,74.0,74.12000274658203,73.05000305175781,73.16999816894531,70.07731628417969,474400
2015-09-14,VRSK,74.0,74.12000274658203,73.05000305175781,73.16999816894531,70.07731628417969,474400
2015-09-15,VRSK,73.33000183105469,74.02999877929688,72.83000183105469,73.81999969482422,70.69985961914062,801900
2015-09-15,VRSK,73.33000183105469,74.02999877929688,72.83000183105469,73.81999969482422,70.69985961914062,801900
2015-09-16,VRSK,73.69999694824219,74.16000366210938,73.33000183105469,73.77999877929688,70.66156005859375,464400
2015-09-16,VRSK,73.69999694824219,74.16000366210938,73.33000183105469,73.77999877929688,70.66156005859375,464400
2015-09-17,VRSK,73.87999725341797,74.30000305175781,73.31999969482422,73.56999969482422,70.4604263305664,557800
2015-09-17,VRSK,73.87999725341797,74.30000305175781,73.31999969482422,73.56999969482422,70.4604263305664,557800
2015-09-18,VRSK,72.7300033569336,73.48999786376953,72.69000244140625,73.0,69.91452026367188,1059800
2015-09-18,VRSK,72.7300033569336,73.48999786376953,72.69000244140625,73.0,69.91452026367188,1059800
2015-09-21,VRSK,73.30000305175781,74.48999786376953,73.2699966430664,74.30999755859375,71.16915893554688,486200
2015-09-21,VRSK,73.30000305175781,74.48999786376953,73.2699966430664,74.30999755859375,71.16915893554688,486200
2015-09-22,VRSK,73.51000213623047,74.25,73.36000061035156,73.79000091552734,70.67110443115234,998400
2015-09-22,VRSK,73.51000213623047,74.25,73.36000061035156,73.79000091552734,70.67110443115234,998400
2015-09-23,VRSK,73.66000366210938,74.44000244140625,73.52999877929688,74.26000213623047,71.12126922607422,643000
2015-09-23,VRSK,73.66000366210938,74.44000244140625,73.52999877929688,74.26000213623047,71.12126922607422,643000
2015-09-24,VRSK,73.70999908447266,74.05999755859375,73.0,73.52999877929688,70.42211151123047,591400
2015-09-24,VRSK,73.70999908447266,74.05999755859375,73.0,73.52999877929688,70.42211151123047,591400
2015-09-25,VRSK,74.02999877929688,74.91999816894531,73.56999969482422,73.77999877929688,70.66156005859375,606800
2015-09-25,VRSK,74.02999877929688,74.91999816894531,73.56999969482422,73.77999877929688,70.66156005859375,606800
2015-09-28,VRSK,73.36000061035156,73.80000305175781,71.69999694824219,71.72000122070312,68.68861389160156,574900
2015-09-28,VRSK,73.36000061035156,73.80000305175781,71.69999694824219,71.72000122070312,68.68861389160156,574900
2015-09-29,VRSK,71.94000244140625,72.4800033569336,71.51000213623047,72.25,69.19621276855469,1045900
2015-09-29,VRSK,71.94000244140625,72.4800033569336,71.51000213623047,72.25,69.19621276855469,1045900
2015-09-30,VRSK,73.22000122070312,73.93000030517578,72.45999908447266,73.91000366210938,70.78607940673828,959800
2015-09-30,VRSK,73.22000122070312,73.93000030517578,72.45999908447266,73.91000366210938,70.78607940673828,959800
2015-10-01,VRSK,78.01000213623047,78.7699966430664,76.87999725341797,78.16000366210938,74.85640716552734,5101600
2015-10-01,VRSK,78.01000213623047,78.7699966430664,76.87999725341797,78.16000366210938,74.85640716552734,5101600
2015-10-02,VRSK,77.23999786376953,79.91999816894531,76.62999725341797,79.87999725341797,76.50373077392578,2883400
2015-10-02,VRSK,77.23999786376953,79.91999816894531,76.62999725341797,79.87999725341797,76.50373077392578,2883400
2015-10-05,VRSK,80.0999984741211,82.0,80.01000213623047,81.27999877929688,77.84457397460938,3072900
2015-10-05,VRSK,80.0999984741211,82.0,80.01000213623047,81.27999877929688,77.84457397460938,3072900
2015-10-06,VRSK,80.95999908447266,81.2300033569336,80.37999725341797,80.81999969482422,77.40398406982422,2732000
2015-10-06,VRSK,80.95999908447266,81.2300033569336,80.37999725341797,80.81999969482422,77.40398406982422,2732000
2015-10-07,VRSK,81.0,81.48999786376953,80.04000091552734,80.94000244140625,77.51890563964844,26526000
2015-10-07,VRSK,81.0,81.48999786376953,80.04000091552734,80.94000244140625,77.51890563964844,26526000
2015-10-08,VRSK,80.80999755859375,81.5,79.77999877929688,81.41000366210938,77.96903228759766,2390100
2015-10-08,VRSK,80.80999755859375,81.5,79.77999877929688,81.41000366210938,77.96903228759766,2390100
2015-10-09,VRSK,81.30000305175781,81.36000061035156,80.52999877929688,81.12999725341797,77.70088195800781,1499900
2015-10-09,VRSK,81.30000305175781,81.36000061035156,80.52999877929688,81.12999725341797,77.70088195800781,1499900
2015-10-12,VRSK,81.05999755859375,81.69000244140625,80.79000091552734,81.45999908447266,78.01692962646484,1036400
2015-10-12,VRSK,81.05999755859375,81.69000244140625,80.79000091552734,81.45999908447266,78.01692962646484,1036400
2015-10-13,VRSK,81.27999877929688,81.62999725341797,80.47000122070312,80.58999633789062,77.1837158203125,1050900
2015-10-13,VRSK,81.27999877929688,81.62999725341797,80.47000122070312,80.58999633789062,77.1837158203125,1050900
2015-10-14,VRSK,80.5,80.69999694824219,78.87999725341797,79.02999877929688,75.68964385986328,2186300
2015-10-14,VRSK,80.5,80.69999694824219,78.87999725341797,79.02999877929688,75.68964385986328,2186300
2015-10-15,VRSK,79.30999755859375,79.51000213623047,78.70999908447266,79.47000122070312,76.11103820800781,1851500
2015-10-15,VRSK,79.30999755859375,79.51000213623047,78.70999908447266,79.47000122070312,76.11103820800781,1851500
2015-10-16,VRSK,79.62999725341797,79.62999725341797,78.70999908447266,79.52999877929688,76.16850280761719,1249800
2015-10-16,VRSK,79.62999725341797,79.62999725341797,78.70999908447266,79.52999877929688,76.16850280761719,1249800
2015-10-19,VRSK,79.22000122070312,80.0,78.83000183105469,79.61000061035156,76.24512481689453,982500
2015-10-19,VRSK,79.22000122070312,80.0,78.83000183105469,79.61000061035156,76.24512481689453,982500
2015-10-20,VRSK,79.41999816894531,79.8499984741211,78.9000015258789,79.83000183105469,76.45585632324219,878800
2015-10-20,VRSK,79.41999816894531,79.8499984741211,78.9000015258789,79.83000183105469,76.45585632324219,878800
2015-10-21,VRSK,80.29000091552734,80.29000091552734,79.01000213623047,79.19999694824219,75.85246276855469,1080300
2015-10-21,VRSK,80.29000091552734,80.29000091552734,79.01000213623047,79.19999694824219,75.85246276855469,1080300
2015-10-22,VRSK,79.36000061035156,80.04000091552734,79.16999816894531,79.94999694824219,76.5707778930664,1525300
2015-10-22,VRSK,79.36000061035156,80.04000091552734,79.16999816894531,79.94999694824219,76.5707778930664,1525300
2015-10-23,VRSK,78.51000213623047,81.18000030517578,78.51000213623047,81.1500015258789,77.72003173828125,1735900
2015-10-23,VRSK,78.51000213623047,81.18000030517578,78.51000213623047,81.1500015258789,77.72003173828125,1735900
2015-10-26,VRSK,81.33000183105469,81.80000305175781,80.88999938964844,81.5,78.05525207519531,1085200
2015-10-26,VRSK,81.33000183105469,81.80000305175781,80.88999938964844,81.5,78.05525207519531,1085200
2015-10-27,VRSK,80.7300033569336,80.88999938964844,79.93000030517578,80.33000183105469,76.9347152709961,1276700
2015-10-27,VRSK,80.7300033569336,80.88999938964844,79.93000030517578,80.33000183105469,76.9347152709961,1276700
2015-10-28,VRSK,77.0,78.0,71.66000366210938,72.66000366210938,69.58888244628906,7415300
2015-10-28,VRSK,77.0,78.0,71.66000366210938,72.66000366210938,69.58888244628906,7415300
2015-10-29,VRSK,72.5199966430664,72.79000091552734,69.76000213623047,70.26000213623047,67.29035186767578,3995500
2015-10-29,VRSK,72.5199966430664,72.79000091552734,69.76000213623047,70.26000213623047,67.29035186767578,3995500
2015-10-30,VRSK,69.93000030517578,71.77999877929688,69.69000244140625,71.61000061035156,68.58325958251953,2418800
2015-10-30,VRSK,69.93000030517578,71.77999877929688,69.69000244140625,71.61000061035156,68.58325958251953,2418800
2015-11-02,VRSK,71.51000213623047,71.76000213623047,69.79000091552734,70.30999755859375,67.33821105957031,2573800
2015-11-02,VRSK,71.51000213623047,71.76000213623047,69.79000091552734,70.30999755859375,67.33821105957031,2573800
2015-11-03,VRSK,70.2300033569336,70.4800033569336,69.26000213623047,69.87999725341797,66.9263687133789,1491800
2015-11-03,VRSK,70.2300033569336,70.4800033569336,69.26000213623047,69.87999725341797,66.9263687133789,1491800
2015-11-04,VRSK,69.87000274658203,70.02999877929688,68.58999633789062,69.43000030517578,66.49539947509766,1660200
2015-11-04,VRSK,69.87000274658203,70.02999877929688,68.58999633789062,69.43000030517578,66.49539947509766,1660200
2015-11-05,VRSK,69.4800033569336,69.54000091552734,68.58000183105469,69.02999877929688,66.1123275756836,1556700
2015-11-05,VRSK,69.4800033569336,69.54000091552734,68.58000183105469,69.02999877929688,66.1123275756836,1556700
2015-11-06,VRSK,68.1500015258789,70.12999725341797,68.1500015258789,70.12000274658203,67.15626525878906,1325600
2015-11-06,VRSK,68.1500015258789,70.12999725341797,68.1500015258789,70.12000274658203,67.15626525878906,1325600
2015-11-09,VRSK,69.7300033569336,70.44999694824219,69.30999755859375,70.12000274658203,67.15626525878906,1468900
2015-11-09,VRSK,69.7300033569336,70.44999694824219,69.30999755859375,70.12000274658203,67.15626525878906,1468900
2015-11-10,VRSK,70.87999725341797,71.5199966430664,70.47000122070312,71.02999877929688,68.02779388427734,2038800
2015-11-10,VRSK,70.87999725341797,71.5199966430664,70.47000122070312,71.02999877929688,68.02779388427734,2038800
2015-11-11,VRSK,71.12999725341797,71.41000366210938,70.73999786376953,70.86000061035156,67.86495971679688,887500
2015-11-11,VRSK,71.12999725341797,71.41000366210938,70.73999786376953,70.86000061035156,67.86495971679688,887500
2015-11-12,VRSK,70.6500015258789,72.22000122070312,70.23999786376953,71.93000030517578,68.88973236083984,1577100
2015-11-12,VRSK,70.6500015258789,72.22000122070312,70.23999786376953,71.93000030517578,68.88973236083984,1577100
2015-11-13,VRSK,71.83000183105469,72.5,71.2699966430664,71.66000366210938,68.63116455078125,1908500
2015-11-13,VRSK,71.83000183105469,72.5,71.2699966430664,71.66000366210938,68.63116455078125,1908500
2015-11-16,VRSK,71.94999694824219,72.76000213623047,71.41000366210938,72.72000122070312,69.6463394165039,1563600
2015-11-16,VRSK,71.94999694824219,72.76000213623047,71.41000366210938,72.72000122070312,69.6463394165039,1563600
2015-11-17,VRSK,73.05999755859375,73.05999755859375,71.36000061035156,71.58000183105469,68.55455017089844,1615500
2015-11-17,VRSK,73.05999755859375,73.05999755859375,71.36000061035156,71.58000183105469,68.55455017089844,1615500
2015-11-18,VRSK,71.80000305175781,73.44000244140625,71.7699966430664,73.33000183105469,70.2305679321289,970300
2015-11-18,VRSK,71.80000305175781,73.44000244140625,71.7699966430664,73.33000183105469,70.2305679321289,970300
2015-11-19,VRSK,73.22000122070312,73.55999755859375,73.02999877929688,73.2699966430664,70.17310333251953,894400
2015-11-19,VRSK,73.22000122070312,73.55999755859375,73.02999877929688,73.2699966430664,70.17310333251953,894400
2015-11-20,VRSK,73.87999725341797,73.9800033569336,73.29000091552734,73.77999877929688,70.66156005859375,657400
2015-11-20,VRSK,73.87999725341797,73.9800033569336,73.29000091552734,73.77999877929688,70.66156005859375,657400
2015-11-23,VRSK,73.98999786376953,74.37000274658203,73.26000213623047,73.63999938964844,70.5274658203125,780600
2015-11-23,VRSK,73.98999786376953,74.37000274658203,73.26000213623047,73.63999938964844,70.5274658203125,780600
2015-11-24,VRSK,73.44000244140625,73.75,72.70999908447266,73.66000366210938,70.54661560058594,1067500
2015-11-24,VRSK,73.44000244140625,73.75,72.70999908447266,73.66000366210938,70.54661560058594,1067500
2015-11-25,VRSK,73.83999633789062,74.72000122070312,73.33000183105469,74.45999908447266,71.31282043457031,718100
2015-11-25,VRSK,73.83999633789062,74.72000122070312,73.33000183105469,74.45999908447266,71.31282043457031,718100
2015-11-27,VRSK,74.44000244140625,75.0,74.26000213623047,74.87999725341797,71.71505737304688,361300
2015-11-27,VRSK,74.44000244140625,75.0,74.26000213623047,74.87999725341797,71.71505737304688,361300
2015-11-30,VRSK,75.11000061035156,75.52999877929688,74.55000305175781,74.94999694824219,71.78206634521484,2021900
2015-11-30,VRSK,75.11000061035156,75.52999877929688,74.55000305175781,74.94999694824219,71.78206634521484,2021900
2015-12-01,VRSK,75.31999969482422,76.41999816894531,75.06999969482422,76.0999984741211,72.88346862792969,1564200
2015-12-01,VRSK,75.31999969482422,76.41999816894531,75.06999969482422,76.0999984741211,72.88346862792969,1564200
2015-12-02,VRSK,76.44999694824219,76.44999694824219,74.86000061035156,74.97000122070312,71.8012466430664,1025000
2015-12-02,VRSK,76.44999694824219,76.44999694824219,74.86000061035156,74.97000122070312,71.8012466430664,1025000
2015-12-03,VRSK,75.01000213623047,75.45999908447266,73.83999633789062,74.1500015258789,71.01592254638672,832500
2015-12-03,VRSK,75.01000213623047,75.45999908447266,73.83999633789062,74.1500015258789,71.01592254638672,832500
2015-12-04,VRSK,75.16000366210938,75.62999725341797,74.19000244140625,75.31999969482422,72.13645935058594,650700
2015-12-04,VRSK,75.16000366210938,75.62999725341797,74.19000244140625,75.31999969482422,72.13645935058594,650700
2015-12-07,VRSK,75.02999877929688,75.8499984741211,74.5999984741211,75.79000091552734,72.58660888671875,1166900
2015-12-07,VRSK,75.02999877929688,75.8499984741211,74.5999984741211,75.79000091552734,72.58660888671875,1166900
2015-12-08,VRSK,74.94999694824219,76.62999725341797,74.47000122070312,76.5999984741211,73.36235046386719,1222300
2015-12-08,VRSK,74.94999694824219,76.62999725341797,74.47000122070312,76.5999984741211,73.36235046386719,1222300
2015-12-09,VRSK,75.9800033569336,77.12999725341797,75.8499984741211,76.47000122070312,73.23784637451172,2185900
2015-12-09,VRSK,75.9800033569336,77.12999725341797,75.8499984741211,76.47000122070312,73.23784637451172,2185900
2015-12-10,VRSK,76.4800033569336,77.27999877929688,75.69000244140625,76.2699966430664,73.04629516601562,1081200
2015-12-10,VRSK,76.4800033569336,77.27999877929688,75.69000244140625,76.2699966430664,73.04629516601562,1081200
2015-12-11,VRSK,75.18000030517578,75.81999969482422,74.80999755859375,75.05000305175781,71.87787628173828,842500
2015-12-11,VRSK,75.18000030517578,75.81999969482422,74.80999755859375,75.05000305175781,71.87787628173828,842500
2015-12-14,VRSK,75.26000213623047,76.23999786376953,74.83000183105469,76.12999725341797,72.91222381591797,945000
2015-12-14,VRSK,75.26000213623047,76.23999786376953,74.83000183105469,76.12999725341797,72.91222381591797,945000
2015-12-15,VRSK,76.70999908447266,77.80999755859375,76.30999755859375,77.19000244140625,73.92745208740234,1308700
2015-12-15,VRSK,76.70999908447266,77.80999755859375,76.30999755859375,77.19000244140625,73.92745208740234,1308700
2015-12-16,VRSK,77.62999725341797,79.04000091552734,77.12999725341797,78.81999969482422,75.488525390625,1203100
2015-12-16,VRSK,77.62999725341797,79.04000091552734,77.12999725341797,78.81999969482422,75.488525390625,1203100
2015-12-17,VRSK,78.69999694824219,79.0199966430664,76.9000015258789,76.91000366210938,73.65923309326172,1021100
2015-12-17,VRSK,78.69999694824219,79.0199966430664,76.9000015258789,76.91000366210938,73.65923309326172,1021100
2015-12-18,VRSK,76.41999816894531,76.83999633789062,74.0999984741211,75.0999984741211,71.92575073242188,3132200
2015-12-18,VRSK,76.41999816894531,76.83999633789062,74.0999984741211,75.0999984741211,71.92575073242188,3132200
2015-12-21,VRSK,75.81999969482422,76.4000015258789,74.44000244140625,75.97000122070312,72.75899505615234,853300
2015-12-21,VRSK,75.81999969482422,76.4000015258789,74.44000244140625,75.97000122070312,72.75899505615234,853300
2015-12-22,VRSK,76.5,77.73999786376953,75.76000213623047,76.27999877929688,73.05587768554688,900000
2015-12-22,VRSK,76.5,77.73999786376953,75.76000213623047,76.27999877929688,73.05587768554688,900000
2015-12-23,VRSK,76.80999755859375,77.2699966430664,76.51000213623047,77.0,73.74544525146484,975800
2015-12-23,VRSK,76.80999755859375,77.2699966430664,76.51000213623047,77.0,73.74544525146484,975800
2015-12-24,VRSK,76.97000122070312,77.25,76.63999938964844,76.95999908447266,73.70712280273438,1172500
2015-12-24,VRSK,76.97000122070312,77.25,76.63999938964844,76.95999908447266,73.70712280273438,1172500
2015-12-28,VRSK,76.79000091552734,77.19000244140625,76.4000015258789,77.16999816894531,73.90824890136719,676700
2015-12-28,VRSK,76.79000091552734,77.19000244140625,76.4000015258789,77.16999816894531,73.90824890136719,676700
2015-12-29,VRSK,77.72000122070312,77.97000122070312,77.37999725341797,77.7699966430664,74.4828872680664,772700
2015-12-29,VRSK,77.72000122070312,77.97000122070312,77.37999725341797,77.7699966430664,74.4828872680664,772700
2015-12-30,VRSK,77.87000274658203,78.26000213623047,77.3499984741211,77.51000213623047,74.23387908935547,456600
2015-12-30,VRSK,77.87000274658203,78.26000213623047,77.3499984741211,77.51000213623047,74.23387908935547,456600
2015-12-31,VRSK,77.18000030517578,77.7300033569336,76.7699966430664,76.87999725341797,73.63052368164062,585600
2015-12-31,VRSK,77.18000030517578,77.7300033569336,76.7699966430664,76.87999725341797,73.63052368164062,585600
2016-01-04,VRSK,75.36000061035156,75.36000061035156,74.41000366210938,75.30000305175781,72.11730194091797,1344600
2016-01-04,VRSK,75.36000061035156,75.36000061035156,74.41000366210938,75.30000305175781,72.11730194091797,1344600
2016-01-05,VRSK,75.20999908447266,75.58000183105469,74.7300033569336,75.02999877929688,71.85870361328125,1027100
2016-01-05,VRSK,75.20999908447266,75.58000183105469,74.7300033569336,75.02999877929688,71.85870361328125,1027100
2016-01-06,VRSK,74.01000213623047,75.19999694824219,73.75,74.63999938964844,71.48519134521484,961900
2016-01-06,VRSK,74.01000213623047,75.19999694824219,73.75,74.63999938964844,71.48519134521484,961900
2016-01-07,VRSK,73.30000305175781,73.80999755859375,72.4800033569336,73.04000091552734,69.95282745361328,1274600
2016-01-07,VRSK,73.30000305175781,73.80999755859375,72.4800033569336,73.04000091552734,69.95282745361328,1274600
2016-01-08,VRSK,73.38999938964844,73.95999908447266,72.77999877929688,73.37000274658203,70.2688980102539,1255600
2016-01-08,VRSK,73.38999938964844,73.95999908447266,72.77999877929688,73.37000274658203,70.2688980102539,1255600
2016-01-11,VRSK,73.69999694824219,74.3499984741211,73.54000091552734,74.04000091552734,70.91056060791016,1081600
2016-01-11,VRSK,73.69999694824219,74.3499984741211,73.54000091552734,74.04000091552734,70.91056060791016,1081600
2016-01-12,VRSK,74.30000305175781,74.87999725341797,73.70999908447266,74.52999877929688,71.37987518310547,873900
2016-01-12,VRSK,74.30000305175781,74.87999725341797,73.70999908447266,74.52999877929688,71.37987518310547,873900
2016-01-13,VRSK,74.5199966430664,74.69000244140625,71.87000274658203,71.88999938964844,68.8514175415039,1806300
2016-01-13,VRSK,74.5199966430664,74.69000244140625,71.87000274658203,71.88999938964844,68.8514175415039,1806300
2016-01-14,VRSK,72.0199966430664,73.0,71.51000213623047,72.3499984741211,69.29196166992188,1290700
2016-01-14,VRSK,72.0199966430664,73.0,71.51000213623047,72.3499984741211,69.29196166992188,1290700
2016-01-15,VRSK,70.52999877929688,72.30000305175781,70.22000122070312,72.05999755859375,69.01423645019531,1674700
2016-01-15,VRSK,70.52999877929688,72.30000305175781,70.22000122070312,72.05999755859375,69.01423645019531,1674700
2016-01-19,VRSK,72.70999908447266,73.68000030517578,70.54000091552734,71.52999877929688,68.50663757324219,1399200
2016-01-19,VRSK,72.70999908447266,73.68000030517578,70.54000091552734,71.52999877929688,68.50663757324219,1399200
2016-01-20,VRSK,70.76000213623047,71.66999816894531,69.0999984741211,70.97000122070312,67.97032165527344,1531200
2016-01-20,VRSK,70.76000213623047,71.66999816894531,69.0999984741211,70.97000122070312,67.97032165527344,1531200
2016-01-21,VRSK,71.31999969482422,71.69999694824219,69.98999786376953,70.44000244140625,67.46273040771484,1453300
2016-01-21,VRSK,71.31999969482422,71.69999694824219,69.98999786376953,70.44000244140625,67.46273040771484,1453300
2016-01-22,VRSK,71.55999755859375,71.94000244140625,70.75,71.13999938964844,68.13311767578125,1128200
2016-01-22,VRSK,71.55999755859375,71.94000244140625,70.75,71.13999938964844,68.13311767578125,1128200
2016-01-25,VRSK,70.77999877929688,71.3499984741211,69.5,69.94999694824219,66.9934310913086,1498400
2016-01-25,VRSK,70.77999877929688,71.3499984741211,69.5,69.94999694824219,66.9934310913086,1498400
2016-01-26,VRSK,70.19000244140625,71.30999755859375,69.97000122070312,71.19999694824219,68.19059753417969,787000
2016-01-26,VRSK,70.19000244140625,71.30999755859375,69.97000122070312,71.19999694824219,68.19059753417969,787000
2016-01-27,VRSK,71.23999786376953,72.25,70.58999633789062,70.83999633789062,67.8458023071289,770700
2016-01-27,VRSK,71.23999786376953,72.25,70.58999633789062,70.83999633789062,67.8458023071289,770700
2016-01-28,VRSK,71.1500015258789,71.97000122070312,70.69000244140625,71.20999908447266,68.20016479492188,1109200
2016-01-28,VRSK,71.1500015258789,71.97000122070312,70.69000244140625,71.20999908447266,68.20016479492188,1109200
2016-01-29,VRSK,71.62999725341797,73.66999816894531,71.27999877929688,73.0,69.91452026367188,1546300
2016-01-29,VRSK,71.62999725341797,73.66999816894531,71.27999877929688,73.0,69.91452026367188,1546300
2016-02-01,VRSK,72.33000183105469,72.4800033569336,71.66000366210938,72.11000061035156,69.06214141845703,1480700
2016-02-01,VRSK,72.33000183105469,72.4800033569336,71.66000366210938,72.11000061035156,69.06214141845703,1480700
2016-02-02,VRSK,71.1500015258789,71.2300033569336,70.33999633789062,70.72000122070312,67.73090362548828,1433400
2016-02-02,VRSK,71.1500015258789,71.2300033569336,70.33999633789062,70.72000122070312,67.73090362548828,1433400
2016-02-03,VRSK,70.83999633789062,71.30000305175781,68.08000183105469,68.87000274658203,65.9590835571289,1822300
2016-02-03,VRSK,70.83999633789062,71.30000305175781,68.08000183105469,68.87000274658203,65.9590835571289,1822300
2016-02-04,VRSK,68.94999694824219,69.62000274658203,68.5199966430664,68.93000030517578,66.01654815673828,1448000
2016-02-04,VRSK,68.94999694824219,69.62000274658203,68.5199966430664,68.93000030517578,66.01654815673828,1448000
2016-02-05,VRSK,68.69000244140625,69.19999694824219,67.6500015258789,67.93000030517578,65.05882263183594,1021700
2016-02-05,VRSK,68.69000244140625,69.19999694824219,67.6500015258789,67.93000030517578,65.05882263183594,1021700
2016-02-08,VRSK,67.37000274658203,67.73999786376953,64.79000091552734,65.94999694824219,63.16249465942383,1419300
2016-02-08,VRSK,67.37000274658203,67.73999786376953,64.79000091552734,65.94999694824219,63.16249465942383,1419300
2016-02-09,VRSK,65.68000030517578,68.3499984741211,65.68000030517578,67.7699966430664,64.90557861328125,1455400
2016-02-09,VRSK,65.68000030517578,68.3499984741211,65.68000030517578,67.7699966430664,64.90557861328125,1455400
2016-02-10,VRSK,68.19000244140625,68.94000244140625,66.80999755859375,66.88999938964844,64.0627670288086,1437800
2016-02-10,VRSK,68.19000244140625,68.94000244140625,66.80999755859375,66.88999938964844,64.0627670288086,1437800
2016-02-11,VRSK,65.54000091552734,66.72000122070312,65.0199966430664,66.3499984741211,63.54557037353516,1531200
2016-02-11,VRSK,65.54000091552734,66.72000122070312,65.0199966430664,66.3499984741211,63.54557037353516,1531200
2016-02-12,VRSK,67.19999694824219,68.2699966430664,66.97000122070312,68.05999755859375,65.1833267211914,1154200
2016-02-12,VRSK,67.19999694824219,68.2699966430664,66.97000122070312,68.05999755859375,65.1833267211914,1154200
2016-02-16,VRSK,68.41000366210938,69.19000244140625,67.97000122070312,68.22000122070312,65.3365478515625,1609100
2016-02-16,VRSK,68.41000366210938,69.19000244140625,67.97000122070312,68.22000122070312,65.3365478515625,1609100
2016-02-17,VRSK,68.70999908447266,69.80999755859375,68.04000091552734,68.38999938964844,65.4993667602539,1788300
2016-02-17,VRSK,68.70999908447266,69.80999755859375,68.04000091552734,68.38999938964844,65.4993667602539,1788300
2016-02-18,VRSK,68.63999938964844,69.55000305175781,68.26000213623047,68.44999694824219,65.55685424804688,986600
2016-02-18,VRSK,68.63999938964844,69.55000305175781,68.26000213623047,68.44999694824219,65.55685424804688,986600
2016-02-19,VRSK,68.2699966430664,68.58999633789062,67.5999984741211,67.94999694824219,65.07796478271484,1373900
2016-02-19,VRSK,68.2699966430664,68.58999633789062,67.5999984741211,67.94999694824219,65.07796478271484,1373900
2016-02-22,VRSK,68.48999786376953,69.36000061035156,68.41000366210938,68.4800033569336,65.58556365966797,1978800
2016-02-22,VRSK,68.48999786376953,69.36000061035156,68.41000366210938,68.4800033569336,65.58556365966797,1978800
2016-02-23,VRSK,68.06999969482422,68.6500015258789,67.61000061035156,68.01000213623047,65.13542938232422,1773700
2016-02-23,VRSK,68.06999969482422,68.6500015258789,67.61000061035156,68.01000213623047,65.13542938232422,1773700
2016-02-24,VRSK,67.0999984741211,72.08000183105469,67.06999969482422,71.6500015258789,68.62158203125,3287900
2016-02-24,VRSK,67.0999984741211,72.08000183105469,67.06999969482422,71.6500015258789,68.62158203125,3287900
2016-02-25,VRSK,72.36000061035156,73.93000030517578,71.88999938964844,73.9000015258789,70.77649688720703,1747700
2016-02-25,VRSK,72.36000061035156,73.93000030517578,71.88999938964844,73.9000015258789,70.77649688720703,1747700
2016-02-26,VRSK,74.12000274658203,74.55000305175781,73.63999938964844,74.02999877929688,70.9009780883789,989600
2016-02-26,VRSK,74.12000274658203,74.55000305175781,73.63999938964844,74.02999877929688,70.9009780883789,989600
2016-02-29,VRSK,74.0199966430664,74.25,72.80000305175781,72.83999633789062,69.76126861572266,1005000
2016-02-29,VRSK,74.0199966430664,74.25,72.80000305175781,72.83999633789062,69.76126861572266,1005000
2016-03-01,VRSK,73.2300033569336,74.55999755859375,72.69999694824219,74.33999633789062,71.19788360595703,927200
2016-03-01,VRSK,73.2300033569336,74.55999755859375,72.69999694824219,74.33999633789062,71.19788360595703,927200
2016-03-02,VRSK,74.45999908447266,74.69999694824219,73.62999725341797,74.66000366210938,71.50435638427734,1044900
2016-03-02,VRSK,74.45999908447266,74.69999694824219,73.62999725341797,74.66000366210938,71.50435638427734,1044900
2016-03-03,VRSK,74.43000030517578,76.20999908447266,74.16999816894531,76.1500015258789,72.93136596679688,1062600
2016-03-03,VRSK,74.43000030517578,76.20999908447266,74.16999816894531,76.1500015258789,72.93136596679688,1062600
2016-03-04,VRSK,76.4000015258789,77.2300033569336,75.51000213623047,76.69999694824219,73.4581298828125,913500
2016-03-04,VRSK,76.4000015258789,77.2300033569336,75.51000213623047,76.69999694824219,73.4581298828125,913500
2016-03-07,VRSK,75.81999969482422,76.62000274658203,75.72000122070312,76.13999938964844,72.92179870605469,614500
2016-03-07,VRSK,75.81999969482422,76.62000274658203,75.72000122070312,76.13999938964844,72.92179870605469,614500
2016-03-08,VRSK,75.86000061035156,76.41000366210938,75.01000213623047,75.6500015258789,72.4525146484375,1062200
2016-03-08,VRSK,75.86000061035156,76.41000366210938,75.01000213623047,75.6500015258789,72.4525146484375,1062200
2016-03-09,VRSK,75.91999816894531,76.81999969482422,75.56999969482422,76.4800033569336,73.24744415283203,652600
2016-03-09,VRSK,75.91999816894531,76.81999969482422,75.56999969482422,76.4800033569336,73.24744415283203,652600
2016-03-10,VRSK,76.68000030517578,76.80999755859375,74.9000015258789,75.73999786376953,72.53868865966797,486100
2016-03-10,VRSK,76.68000030517578,76.80999755859375,74.9000015258789,75.73999786376953,72.53868865966797,486100
2016-03-11,VRSK,76.6500015258789,76.75,75.44999694824219,76.30000305175781,73.07505798339844,677300
2016-03-11,VRSK,76.6500015258789,76.75,75.44999694824219,76.30000305175781,73.07505798339844,677300
2016-03-14,VRSK,76.1500015258789,76.79000091552734,75.43000030517578,76.58999633789062,73.35275268554688,625200
2016-03-14,VRSK,76.1500015258789,76.79000091552734,75.43000030517578,76.58999633789062,73.35275268554688,625200
2016-03-15,VRSK,76.1500015258789,76.83000183105469,75.02999877929688,76.45999908447266,73.22828674316406,744100
2016-03-15,VRSK,76.1500015258789,76.83000183105469,75.02999877929688,76.45999908447266,73.22828674316406,744100
2016-03-16,VRSK,75.9800033569336,77.1500015258789,75.23999786376953,76.91000366210938,73.65923309326172,506700
2016-03-16,VRSK,75.9800033569336,77.1500015258789,75.23999786376953,76.91000366210938,73.65923309326172,506700
2016-03-17,VRSK,76.93000030517578,77.3499984741211,76.2699966430664,77.19000244140625,73.92745208740234,624400
2016-03-17,VRSK,76.93000030517578,77.3499984741211,76.2699966430664,77.19000244140625,73.92745208740234,624400
2016-03-18,VRSK,77.55000305175781,78.02999877929688,76.7699966430664,77.4800033569336,74.20520782470703,1013900
2016-03-18,VRSK,77.55000305175781,78.02999877929688,76.7699966430664,77.4800033569336,74.20520782470703,1013900
2016-03-21,VRSK,77.4000015258789,78.05999755859375,76.86000061035156,78.0,74.70318603515625,578900
2016-03-21,VRSK,77.4000015258789,78.05999755859375,76.86000061035156,78.0,74.70318603515625,578900
2016-03-22,VRSK,77.47000122070312,78.45999908447266,77.16000366210938,77.87000274658203,74.57867431640625,825700
2016-03-22,VRSK,77.47000122070312,78.45999908447266,77.16000366210938,77.87000274658203,74.57867431640625,825700
2016-03-23,VRSK,77.62000274658203,77.93000030517578,77.11000061035156,77.5199966430664,74.24348449707031,506600
2016-03-23,VRSK,77.62000274658203,77.93000030517578,77.11000061035156,77.5199966430664,74.24348449707031,506600
2016-03-24,VRSK,76.4800033569336,78.22000122070312,76.41000366210938,77.61000061035156,74.32967376708984,393100
2016-03-24,VRSK,76.4800033569336,78.22000122070312,76.41000366210938,77.61000061035156,74.32967376708984,393100
2016-03-28,VRSK,78.01000213623047,78.36000061035156,77.30000305175781,77.76000213623047,74.47332763671875,639000
2016-03-28,VRSK,78.01000213623047,78.36000061035156,77.30000305175781,77.76000213623047,74.47332763671875,639000
2016-03-29,VRSK,77.55000305175781,78.79000091552734,77.55000305175781,78.62999725341797,75.30657958984375,691200
2016-03-29,VRSK,77.55000305175781,78.79000091552734,77.55000305175781,78.62999725341797,75.30657958984375,691200
2016-03-30,VRSK,79.12999725341797,79.16999816894531,78.22000122070312,78.7300033569336,75.40233612060547,336100
2016-03-30,VRSK,79.12999725341797,79.16999816894531,78.22000122070312,78.7300033569336,75.40233612060547,336100
2016-03-31,VRSK,78.94000244140625,80.44000244140625,78.75,79.91999816894531,76.54203033447266,972200
2016-03-31,VRSK,78.94000244140625,80.44000244140625,78.75,79.91999816894531,76.54203033447266,972200
2016-04-01,VRSK,79.63999938964844,80.26000213623047,79.29000091552734,80.19000244140625,76.80062866210938,690400
2016-04-01,VRSK,79.63999938964844,80.26000213623047,79.29000091552734,80.19000244140625,76.80062866210938,690400
2016-04-04,VRSK,80.01000213623047,81.58999633789062,79.19000244140625,79.44999694824219,76.0918960571289,692400
2016-04-04,VRSK,80.01000213623047,81.58999633789062,79.19000244140625,79.44999694824219,76.0918960571289,692400
2016-04-05,VRSK,78.80000305175781,79.4000015258789,78.4800033569336,78.70999908447266,75.38316345214844,479300
2016-04-05,VRSK,78.80000305175781,79.4000015258789,78.4800033569336,78.70999908447266,75.38316345214844,479300
2016-04-06,VRSK,78.55000305175781,79.80000305175781,78.41999816894531,79.75,76.37921905517578,467900
2016-04-06,VRSK,78.55000305175781,79.80000305175781,78.41999816894531,79.75,76.37921905517578,467900
2016-04-07,VRSK,79.11000061035156,79.73999786376953,78.16999816894531,78.2699966430664,74.9617919921875,765300
2016-04-07,VRSK,79.11000061035156,79.73999786376953,78.16999816894531,78.2699966430664,74.9617919921875,765300
2016-04-08,VRSK,78.05000305175781,78.12000274658203,77.29000091552734,77.58000183105469,74.30094146728516,644700
2016-04-08,VRSK,78.05000305175781,78.12000274658203,77.29000091552734,77.58000183105469,74.30094146728516,644700
2016-04-11,VRSK,77.97000122070312,77.98999786376953,76.76000213623047,76.83999633789062,73.59220123291016,537800
2016-04-11,VRSK,77.97000122070312,77.98999786376953,76.76000213623047,76.83999633789062,73.59220123291016,537800
2016-04-12,VRSK,76.9800033569336,77.83999633789062,76.93000030517578,77.73999786376953,74.45417022705078,450000
2016-04-12,VRSK,76.9800033569336,77.83999633789062,76.93000030517578,77.73999786376953,74.45417022705078,450000
2016-04-13,VRSK,78.0,78.69999694824219,77.76000213623047,78.56999969482422,75.24908447265625,555000
2016-04-13,VRSK,78.0,78.69999694824219,77.76000213623047,78.56999969482422,75.24908447265625,555000
2016-04-14,VRSK,78.55000305175781,78.69000244140625,77.44000244140625,77.86000061035156,74.56908416748047,655200
2016-04-14,VRSK,78.55000305175781,78.69000244140625,77.44000244140625,77.86000061035156,74.56908416748047,655200
2016-04-15,VRSK,77.86000061035156,78.29000091552734,77.43000030517578,78.1500015258789,74.84683227539062,476400
2016-04-15,VRSK,77.86000061035156,78.29000091552734,77.43000030517578,78.1500015258789,74.84683227539062,476400
2016-04-18,VRSK,78.19000244140625,78.9000015258789,77.86000061035156,78.61000061035156,75.28738403320312,523300
2016-04-18,VRSK,78.19000244140625,78.9000015258789,77.86000061035156,78.61000061035156,75.28738403320312,523300
2016-04-19,VRSK,78.72000122070312,79.01000213623047,78.30999755859375,78.5999984741211,75.2778091430664,435800
2016-04-19,VRSK,78.72000122070312,79.01000213623047,78.30999755859375,78.5999984741211,75.2778091430664,435800
2016-04-20,VRSK,78.61000061035156,78.95999908447266,78.16000366210938,78.58999633789062,75.26825714111328,482000
2016-04-20,VRSK,78.61000061035156,78.95999908447266,78.16000366210938,78.58999633789062,75.26825714111328,482000
2016-04-21,VRSK,78.44000244140625,78.7699966430664,78.01000213623047,78.05999755859375,74.76063537597656,516100
2016-04-21,VRSK,78.44000244140625,78.7699966430664,78.01000213623047,78.05999755859375,74.76063537597656,516100
2016-04-22,VRSK,77.80999755859375,78.61000061035156,77.80999755859375,78.19000244140625,74.88516998291016,569800
2016-04-22,VRSK,77.80999755859375,78.61000061035156,77.80999755859375,78.19000244140625,74.88516998291016,569800
2016-04-25,VRSK,78.18000030517578,78.54000091552734,77.93000030517578,78.43000030517578,75.11502838134766,389300
2016-04-25,VRSK,78.18000030517578,78.54000091552734,77.93000030517578,78.43000030517578,75.11502838134766,389300
2016-04-26,VRSK,78.11000061035156,78.94000244140625,78.05999755859375,78.79000091552734,75.4598159790039,431700
2016-04-26,VRSK,78.11000061035156,78.94000244140625,78.05999755859375,78.79000091552734,75.4598159790039,431700
2016-04-27,VRSK,78.87999725341797,79.16000366210938,78.05999755859375,78.69999694824219,75.37358856201172,664400
2016-04-27,VRSK,78.87999725341797,79.16000366210938,78.05999755859375,78.69999694824219,75.37358856201172,664400
2016-04-28,VRSK,78.41000366210938,79.43000030517578,78.33999633789062,78.68000030517578,75.35444641113281,581600
2016-04-28,VRSK,78.41000366210938,79.43000030517578,78.33999633789062,78.68000030517578,75.35444641113281,581600
2016-04-29,VRSK,78.06999969482422,78.45999908447266,77.06999969482422,77.58000183105469,74.30094146728516,799600
2016-04-29,VRSK,78.06999969482422,78.45999908447266,77.06999969482422,77.58000183105469,74.30094146728516,799600
2016-05-02,VRSK,77.68000030517578,78.16999816894531,77.4000015258789,77.77999877929688,74.49250030517578,501600
2016-05-02,VRSK,77.68000030517578,78.16999816894531,77.4000015258789,77.77999877929688,74.49250030517578,501600
2016-05-03,VRSK,77.30000305175781,77.44000244140625,76.41000366210938,77.12999725341797,73.86997985839844,953400
2016-05-03,VRSK,77.30000305175781,77.44000244140625,76.41000366210938,77.12999725341797,73.86997985839844,953400
2016-05-04,VRSK,76.41999816894531,78.0,76.29000091552734,77.48999786376953,74.21475982666016,1006700
2016-05-04,VRSK,76.41999816894531,78.0,76.29000091552734,77.48999786376953,74.21475982666016,1006700
2016-05-05,VRSK,77.41999816894531,77.94999694824219,77.05999755859375,77.2300033569336,73.96572875976562,734000
2016-05-05,VRSK,77.41999816894531,77.94999694824219,77.05999755859375,77.2300033569336,73.96572875976562,734000
2016-05-06,VRSK,76.88999938964844,78.01000213623047,76.80000305175781,77.8499984741211,74.55950927734375,674000
2016-05-06,VRSK,76.88999938964844,78.01000213623047,76.80000305175781,77.8499984741211,74.55950927734375,674000
2016-05-09,VRSK,78.01000213623047,78.44000244140625,77.47000122070312,77.7699966430664,74.4828872680664,512300
2016-05-09,VRSK,78.01000213623047,78.44000244140625,77.47000122070312,77.7699966430664,74.4828872680664,512300
2016-05-10,VRSK,78.12999725341797,78.83999633789062,77.88999938964844,78.76000213623047,75.43104553222656,411600
2016-05-10,VRSK,78.12999725341797,78.83999633789062,77.88999938964844,78.76000213623047,75.43104553222656,411600
2016-05-11,VRSK,78.62999725341797,78.69000244140625,77.3499984741211,77.45999908447266,74.18598937988281,490700
2016-05-11,VRSK,78.62999725341797,78.69000244140625,77.3499984741211,77.45999908447266,74.18598937988281,490700
2016-05-12,VRSK,77.80000305175781,78.0999984741211,76.95999908447266,77.80999755859375,74.52120971679688,580100
2016-05-12,VRSK,77.80000305175781,78.0999984741211,76.95999908447266,77.80999755859375,74.52120971679688,580100
2016-05-13,VRSK,77.5999984741211,77.77999877929688,77.05999755859375,77.08000183105469,73.82206726074219,566700
2016-05-13,VRSK,77.5999984741211,77.77999877929688,77.05999755859375,77.08000183105469,73.82206726074219,566700
2016-05-16,VRSK,77.12000274658203,78.2300033569336,77.02999877929688,77.9000015258789,74.60741424560547,527500
2016-05-16,VRSK,77.12000274658203,78.2300033569336,77.02999877929688,77.9000015258789,74.60741424560547,527500
2016-05-17,VRSK,77.79000091552734,77.97000122070312,76.75,76.86000061035156,73.61138153076172,477400
2016-05-17,VRSK,77.79000091552734,77.97000122070312,76.75,76.86000061035156,73.61138153076172,477400
2016-05-18,VRSK,76.62999725341797,76.95999908447266,75.88999938964844,76.66000366210938,73.4198226928711,854000
2016-05-18,VRSK,76.62999725341797,76.95999908447266,75.88999938964844,76.66000366210938,73.4198226928711,854000
2016-05-19,VRSK,75.95999908447266,76.52999877929688,75.76000213623047,76.33999633789062,73.11334991455078,649400
2016-05-19,VRSK,75.95999908447266,76.52999877929688,75.76000213623047,76.33999633789062,73.11334991455078,649400
2016-05-20,VRSK,76.48999786376953,77.25,76.29000091552734,77.04000091552734,73.78376007080078,1123700
2016-05-20,VRSK,76.48999786376953,77.25,76.29000091552734,77.04000091552734,73.78376007080078,1123700
2016-05-23,VRSK,77.05999755859375,77.29000091552734,76.83999633789062,76.98999786376953,73.7358627319336,373900
2016-05-23,VRSK,77.05999755859375,77.29000091552734,76.83999633789062,76.98999786376953,73.7358627319336,373900
2016-05-24,VRSK,77.26000213623047,79.0199966430664,77.05999755859375,78.79000091552734,75.4598159790039,473300
2016-05-24,VRSK,77.26000213623047,79.0199966430664,77.05999755859375,78.79000091552734,75.4598159790039,473300
2016-05-25,VRSK,78.9000015258789,79.48999786376953,78.62000274658203,79.18000030517578,75.83333587646484,490500
2016-05-25,VRSK,78.9000015258789,79.48999786376953,78.62000274658203,79.18000030517578,75.83333587646484,490500
2016-05-26,VRSK,79.0,79.27999877929688,78.68000030517578,78.9800033569336,75.64177703857422,324200
2016-05-26,VRSK,79.0,79.27999877929688,78.68000030517578,78.9800033569336,75.64177703857422,324200
2016-05-27,VRSK,78.93000030517578,79.56999969482422,78.93000030517578,79.26000213623047,75.9099349975586,473200
2016-05-27,VRSK,78.93000030517578,79.56999969482422,78.93000030517578,79.26000213623047,75.9099349975586,473200
2016-05-31,VRSK,79.56999969482422,79.62000274658203,78.91000366210938,79.38999938964844,76.03443145751953,952600
2016-05-31,VRSK,79.56999969482422,79.62000274658203,78.91000366210938,79.38999938964844,76.03443145751953,952600
2016-06-01,VRSK,79.05999755859375,79.44000244140625,78.94000244140625,79.44000244140625,76.08233642578125,538900
2016-06-01,VRSK,79.05999755859375,79.44000244140625,78.94000244140625,79.44000244140625,76.08233642578125,538900
2016-06-02,VRSK,79.0999984741211,79.98999786376953,79.0,79.9800033569336,76.59947967529297,480900
2016-06-02,VRSK,79.0999984741211,79.98999786376953,79.0,79.9800033569336,76.59947967529297,480900
2016-06-03,VRSK,79.43000030517578,80.02999877929688,79.02999877929688,79.77999877929688,76.40797424316406,1349300
2016-06-03,VRSK,79.43000030517578,80.02999877929688,79.02999877929688,79.77999877929688,76.40797424316406,1349300
2016-06-06,VRSK,79.72000122070312,80.16000366210938,79.37999725341797,79.9000015258789,76.52286529541016,704000
2016-06-06,VRSK,79.72000122070312,80.16000366210938,79.37999725341797,79.9000015258789,76.52286529541016,704000
2016-06-07,VRSK,79.9000015258789,80.11000061035156,79.37999725341797,79.62000274658203,76.25470733642578,759100
2016-06-07,VRSK,79.9000015258789,80.11000061035156,79.37999725341797,79.62000274658203,76.25470733642578,759100
2016-06-08,VRSK,79.7699966430664,80.12999725341797,79.16999816894531,79.91999816894531,76.54203033447266,537300
2016-06-08,VRSK,79.7699966430664,80.12999725341797,79.16999816894531,79.91999816894531,76.54203033447266,537300
2016-06-09,VRSK,79.81999969482422,79.93000030517578,79.20999908447266,79.58000183105469,76.21640014648438,572300
2016-06-09,VRSK,79.81999969482422,79.93000030517578,79.20999908447266,79.58000183105469,76.21640014648438,572300
2016-06-10,VRSK,78.7300033569336,79.7699966430664,78.43000030517578,78.76000213623047,75.43104553222656,534400
2016-06-10,VRSK,78.7300033569336,79.7699966430664,78.43000030517578,78.76000213623047,75.43104553222656,534400
2016-06-13,VRSK,78.80999755859375,79.55999755859375,78.80999755859375,79.0999984741211,75.75668334960938,779200
2016-06-13,VRSK,78.80999755859375,79.55999755859375,78.80999755859375,79.0999984741211,75.75668334960938,779200
2016-06-14,VRSK,78.87999725341797,79.86000061035156,78.54000091552734,78.86000061035156,75.52684020996094,499400
2016-06-14,VRSK,78.87999725341797,79.86000061035156,78.54000091552734,78.86000061035156,75.52684020996094,499400
2016-06-15,VRSK,78.91999816894531,79.11000061035156,78.30999755859375,78.38999938964844,75.07670593261719,522800
2016-06-15,VRSK,78.91999816894531,79.11000061035156,78.30999755859375,78.38999938964844,75.07670593261719,522800
2016-06-16,VRSK,78.26000213623047,78.62000274658203,77.55999755859375,78.41999816894531,75.10541534423828,673600
2016-06-16,VRSK,78.26000213623047,78.62000274658203,77.55999755859375,78.41999816894531,75.10541534423828,673600
2016-06-17,VRSK,78.45999908447266,78.4800033569336,77.52999877929688,77.80000305175781,74.51164245605469,967200
2016-06-17,VRSK,78.45999908447266,78.4800033569336,77.52999877929688,77.80000305175781,74.51164245605469,967200
2016-06-20,VRSK,78.51000213623047,79.25,78.5,78.91999816894531,75.58430480957031,475700
2016-06-20,VRSK,78.51000213623047,79.25,78.5,78.91999816894531,75.58430480957031,475700
2016-06-21,VRSK,78.94999694824219,80.36000061035156,78.77999877929688,80.16000366210938,76.77188873291016,958300
2016-06-21,VRSK,78.94999694824219,80.36000061035156,78.77999877929688,80.16000366210938,76.77188873291016,958300
2016-06-22,VRSK,79.94000244140625,80.5,78.83999633789062,78.95999908447266,75.62261199951172,659800
2016-06-22,VRSK,79.94000244140625,80.5,78.83999633789062,78.95999908447266,75.62261199951172,659800
2016-06-23,VRSK,79.55999755859375,80.16000366210938,79.01000213623047,80.12999725341797,76.7431640625,440700
2016-06-23,VRSK,79.55999755859375,80.16000366210938,79.01000213623047,80.12999725341797,76.7431640625,440700
2016-06-24,VRSK,77.25,78.76000213623047,76.3499984741211,77.95999908447266,74.66487121582031,1596000
2016-06-24,VRSK,77.25,78.76000213623047,76.3499984741211,77.95999908447266,74.66487121582031,1596000
2016-06-27,VRSK,77.30999755859375,78.01000213623047,75.72000122070312,76.0,72.78771209716797,729900
2016-06-27,VRSK,77.30999755859375,78.01000213623047,75.72000122070312,76.0,72.78771209716797,729900
2016-06-28,VRSK,76.5999984741211,77.91000366210938,76.0999984741211,77.47000122070312,74.19559478759766,597100
2016-06-28,VRSK,76.5999984741211,77.91000366210938,76.0999984741211,77.47000122070312,74.19559478759766,597100
2016-06-29,VRSK,77.83000183105469,79.18000030517578,77.0199966430664,79.16000366210938,75.81414031982422,571700
2016-06-29,VRSK,77.83000183105469,79.18000030517578,77.0199966430664,79.16000366210938,75.81414031982422,571700
2016-06-30,VRSK,79.37000274658203,81.08999633789062,78.0199966430664,81.08000183105469,77.65299224853516,862500
2016-06-30,VRSK,79.37000274658203,81.08999633789062,78.0199966430664,81.08000183105469,77.65299224853516,862500
2016-07-01,VRSK,81.08000183105469,81.43000030517578,80.58000183105469,80.93000030517578,77.50932312011719,462100
2016-07-01,VRSK,81.08000183105469,81.43000030517578,80.58000183105469,80.93000030517578,77.50932312011719,462100
2016-07-05,VRSK,80.63999938964844,81.72000122070312,80.63999938964844,81.62000274658203,78.17018127441406,664700
2016-07-05,VRSK,80.63999938964844,81.72000122070312,80.63999938964844,81.62000274658203,78.17018127441406,664700
2016-07-06,VRSK,81.26000213623047,81.76000213623047,80.73999786376953,81.66000366210938,78.20850372314453,545000
2016-07-06,VRSK,81.26000213623047,81.76000213623047,80.73999786376953,81.66000366210938,78.20850372314453,545000
2016-07-07,VRSK,81.56999969482422,82.1500015258789,81.2699966430664,81.8499984741211,78.39047241210938,465700
2016-07-07,VRSK,81.56999969482422,82.1500015258789,81.2699966430664,81.8499984741211,78.39047241210938,465700
2016-07-08,VRSK,82.20999908447266,83.4000015258789,82.06999969482422,83.4000015258789,79.87493896484375,660000
2016-07-08,VRSK,82.20999908447266,83.4000015258789,82.06999969482422,83.4000015258789,79.87493896484375,660000
2016-07-11,VRSK,83.4800033569336,84.44000244140625,83.19000244140625,84.0199966430664,80.46873474121094,805300
2016-07-11,VRSK,83.4800033569336,84.44000244140625,83.19000244140625,84.0199966430664,80.46873474121094,805300
2016-07-12,VRSK,84.5,84.62000274658203,83.8499984741211,84.4800033569336,80.90928649902344,569900
2016-07-12,VRSK,84.5,84.62000274658203,83.8499984741211,84.4800033569336,80.90928649902344,569900
2016-07-13,VRSK,85.0,85.0,84.3499984741211,84.70999908447266,81.12956237792969,492000
2016-07-13,VRSK,85.0,85.0,84.3499984741211,84.70999908447266,81.12956237792969,492000
2016-07-14,VRSK,85.19999694824219,85.70999908447266,84.95999908447266,85.5999984741211,81.98194885253906,614500
2016-07-14,VRSK,85.19999694824219,85.70999908447266,84.95999908447266,85.5999984741211,81.98194885253906,614500
2016-07-15,VRSK,86.0,86.0,85.08000183105469,85.23999786376953,81.63716888427734,476300
2016-07-15,VRSK,86.0,86.0,85.08000183105469,85.23999786376953,81.63716888427734,476300
2016-07-18,VRSK,85.47000122070312,85.54000091552734,84.9800033569336,85.05999755859375,81.46476745605469,474300
2016-07-18,VRSK,85.47000122070312,85.54000091552734,84.9800033569336,85.05999755859375,81.46476745605469,474300
2016-07-19,VRSK,84.75,85.55999755859375,84.66000366210938,85.54000091552734,81.92449188232422,397000
2016-07-19,VRSK,84.75,85.55999755859375,84.66000366210938,85.54000091552734,81.92449188232422,397000
2016-07-20,VRSK,85.5999984741211,85.87999725341797,85.3499984741211,85.4000015258789,81.7904281616211,393500
2016-07-20,VRSK,85.5999984741211,85.87999725341797,85.3499984741211,85.4000015258789,81.7904281616211,393500
2016-07-21,VRSK,85.16999816894531,85.33999633789062,84.54000091552734,84.80000305175781,81.21577453613281,460100
2016-07-21,VRSK,85.16999816894531,85.33999633789062,84.54000091552734,84.80000305175781,81.21577453613281,460100
2016-07-22,VRSK,85.1500015258789,85.88999938964844,84.83999633789062,85.75,82.1256103515625,524300
2016-07-22,VRSK,85.1500015258789,85.88999938964844,84.83999633789062,85.75,82.1256103515625,524300
2016-07-25,VRSK,85.72000122070312,85.75,85.16000366210938,85.5199966430664,81.90532684326172,308100
2016-07-25,VRSK,85.72000122070312,85.75,85.16000366210938,85.5199966430664,81.90532684326172,308100
2016-07-26,VRSK,85.44000244140625,85.7300033569336,85.0199966430664,85.36000061035156,81.75209045410156,365600
2016-07-26,VRSK,85.44000244140625,85.7300033569336,85.0199966430664,85.36000061035156,81.75209045410156,365600
2016-07-27,VRSK,85.26000213623047,85.41999816894531,84.83999633789062,85.16999816894531,81.57011413574219,420100
2016-07-27,VRSK,85.26000213623047,85.41999816894531,84.83999633789062,85.16999816894531,81.57011413574219,420100
2016-07-28,VRSK,85.19999694824219,85.70999908447266,84.58999633789062,85.54000091552734,81.92449188232422,332400
2016-07-28,VRSK,85.19999694824219,85.70999908447266,84.58999633789062,85.54000091552734,81.92449188232422,332400
2016-07-29,VRSK,85.58000183105469,85.61000061035156,84.94999694824219,85.27999877929688,81.67549133300781,616200
2016-07-29,VRSK,85.58000183105469,85.61000061035156,84.94999694824219,85.27999877929688,81.67549133300781,616200
2016-08-01,VRSK,85.1500015258789,85.44999694824219,84.76000213623047,84.86000061035156,81.27322387695312,522100
2016-08-01,VRSK,85.1500015258789,85.44999694824219,84.76000213623047,84.86000061035156,81.27322387695312,522100
2016-08-02,VRSK,84.83000183105469,84.94000244140625,83.70999908447266,83.72000122070312,80.18141174316406,839100
2016-08-02,VRSK,84.83000183105469,84.94000244140625,83.70999908447266,83.72000122070312,80.18141174316406,839100
2016-08-03,VRSK,81.5999984741211,81.94000244140625,78.2699966430664,79.43000030517578,76.07273864746094,2014300
2016-08-03,VRSK,81.5999984741211,81.94000244140625,78.2699966430664,79.43000030517578,76.07273864746094,2014300
2016-08-04,VRSK,79.6500015258789,81.30999755859375,79.5999984741211,81.12999725341797,77.70088195800781,1166900
2016-08-04,VRSK,79.6500015258789,81.30999755859375,79.5999984741211,81.12999725341797,77.70088195800781,1166900
2016-08-05,VRSK,81.2699966430664,82.62999725341797,81.19000244140625,82.16999816894531,78.69692993164062,875500
2016-08-05,VRSK,81.2699966430664,82.62999725341797,81.19000244140625,82.16999816894531,78.69692993164062,875500
2016-08-08,VRSK,82.19999694824219,82.5199966430664,81.31999969482422,81.51000213623047,78.06480407714844,643400
2016-08-08,VRSK,82.19999694824219,82.5199966430664,81.31999969482422,81.51000213623047,78.06480407714844,643400
2016-08-09,VRSK,81.68000030517578,82.1500015258789,81.19999694824219,81.7300033569336,78.27552795410156,412600
2016-08-09,VRSK,81.68000030517578,82.1500015258789,81.19999694824219,81.7300033569336,78.27552795410156,412600
2016-08-10,VRSK,81.5999984741211,81.5999984741211,81.0199966430664,81.44999694824219,78.00736236572266,445700
2016-08-10,VRSK,81.5999984741211,81.5999984741211,81.0199966430664,81.44999694824219,78.00736236572266,445700
2016-08-11,VRSK,81.7300033569336,82.0199966430664,81.51000213623047,81.56999969482422,78.12227630615234,274100
2016-08-11,VRSK,81.7300033569336,82.0199966430664,81.51000213623047,81.56999969482422,78.12227630615234,274100
2016-08-12,VRSK,81.25,81.56999969482422,80.6500015258789,81.41999816894531,77.9786148071289,386200
2016-08-12,VRSK,81.25,81.56999969482422,80.6500015258789,81.41999816894531,77.9786148071289,386200
2016-08-15,VRSK,81.7699966430664,81.7699966430664,81.27999877929688,81.62999725341797,78.17974853515625,524200
2016-08-15,VRSK,81.7699966430664,81.7699966430664,81.27999877929688,81.62999725341797,78.17974853515625,524200
2016-08-16,VRSK,81.5999984741211,81.79000091552734,81.05000305175781,81.58999633789062,78.14144897460938,619900
2016-08-16,VRSK,81.5999984741211,81.79000091552734,81.05000305175781,81.58999633789062,78.14144897460938,619900
2016-08-17,VRSK,81.88999938964844,81.9000015258789,80.9800033569336,81.76000213623047,78.30426788330078,887200
2016-08-17,VRSK,81.88999938964844,81.9000015258789,80.9800033569336,81.76000213623047,78.30426788330078,887200
2016-08-18,VRSK,81.75,81.98999786376953,81.22000122070312,81.69000244140625,78.23722839355469,587500
2016-08-18,VRSK,81.75,81.98999786376953,81.22000122070312,81.69000244140625,78.23722839355469,587500
2016-08-19,VRSK,81.41999816894531,81.95999908447266,81.1500015258789,81.94999694824219,78.48622131347656,465200
2016-08-19,VRSK,81.41999816894531,81.95999908447266,81.1500015258789,81.94999694824219,78.48622131347656,465200
2016-08-22,VRSK,81.45999908447266,82.62999725341797,81.44000244140625,82.2699966430664,78.79268646240234,545300
2016-08-22,VRSK,81.45999908447266,82.62999725341797,81.44000244140625,82.2699966430664,78.79268646240234,545300
2016-08-23,VRSK,82.47000122070312,82.47000122070312,82.02999877929688,82.29000091552734,78.81185913085938,463400
2016-08-23,VRSK,82.47000122070312,82.47000122070312,82.02999877929688,82.29000091552734,78.81185913085938,463400
2016-08-24,VRSK,82.22000122070312,82.69999694824219,82.0,82.11000061035156,78.63945007324219,418000
2016-08-24,VRSK,82.22000122070312,82.69999694824219,82.0,82.11000061035156,78.63945007324219,418000
2016-08-25,VRSK,82.12000274658203,83.05000305175781,82.0,83.0,79.49185180664062,784000
2016-08-25,VRSK,82.12000274658203,83.05000305175781,82.0,83.0,79.49185180664062,784000
2016-08-26,VRSK,83.36000061035156,84.04000091552734,82.80000305175781,83.13999938964844,79.62593841552734,619100
2016-08-26,VRSK,83.36000061035156,84.04000091552734,82.80000305175781,83.13999938964844,79.62593841552734,619100
2016-08-29,VRSK,83.06999969482422,83.44000244140625,83.0,83.0999984741211,79.58763122558594,476500
2016-08-29,VRSK,83.06999969482422,83.44000244140625,83.0,83.0999984741211,79.58763122558594,476500
2016-08-30,VRSK,82.94000244140625,83.25,82.80000305175781,83.0,79.49185180664062,583600
2016-08-30,VRSK,82.94000244140625,83.25,82.80000305175781,83.0,79.49185180664062,583600
2016-08-31,VRSK,83.0999984741211,83.27999877929688,82.79000091552734,83.05000305175781,79.53976440429688,780100
2016-08-31,VRSK,83.0999984741211,83.27999877929688,82.79000091552734,83.05000305175781,79.53976440429688,780100
2016-09-01,VRSK,83.2699966430664,83.55000305175781,82.83999633789062,83.30000305175781,79.7791748046875,728300
2016-09-01,VRSK,83.2699966430664,83.55000305175781,82.83999633789062,83.30000305175781,79.7791748046875,728300
2016-09-02,VRSK,83.94000244140625,84.22000122070312,83.05000305175781,83.83999633789062,80.29634094238281,596500
2016-09-02,VRSK,83.94000244140625,84.22000122070312,83.05000305175781,83.83999633789062,80.29634094238281,596500
2016-09-06,VRSK,83.69999694824219,84.08000183105469,83.38999938964844,84.05999755859375,80.50702667236328,643400
2016-09-06,VRSK,83.69999694824219,84.08000183105469,83.38999938964844,84.05999755859375,80.50702667236328,643400
2016-09-07,VRSK,83.91999816894531,84.16000366210938,83.5199966430664,83.62000274658203,80.08564758300781,526700
2016-09-07,VRSK,83.91999816894531,84.16000366210938,83.5199966430664,83.62000274658203,80.08564758300781,526700
2016-09-08,VRSK,83.44000244140625,83.72000122070312,82.81999969482422,82.81999969482422,79.31945037841797,539000
2016-09-08,VRSK,83.44000244140625,83.72000122070312,82.81999969482422,82.81999969482422,79.31945037841797,539000
2016-09-09,VRSK,82.02999877929688,82.83000183105469,81.94999694824219,81.95999908447266,78.49578857421875,1054300
2016-09-09,VRSK,82.02999877929688,82.83000183105469,81.94999694824219,81.95999908447266,78.49578857421875,1054300
2016-09-12,VRSK,81.9800033569336,83.9800033569336,81.48999786376953,82.75,79.25242614746094,786600
2016-09-12,VRSK,81.9800033569336,83.9800033569336,81.48999786376953,82.75,79.25242614746094,786600
2016-09-13,VRSK,81.98999786376953,82.16999816894531,81.26000213623047,81.80999755859375,78.3521499633789,840800
2016-09-13,VRSK,81.98999786376953,82.16999816894531,81.26000213623047,81.80999755859375,78.3521499633789,840800
2016-09-14,VRSK,81.83999633789062,82.18000030517578,80.95999908447266,81.13999938964844,77.71046447753906,492700
2016-09-14,VRSK,81.83999633789062,82.18000030517578,80.95999908447266,81.13999938964844,77.71046447753906,492700
2016-09-15,VRSK,81.12000274658203,81.76000213623047,80.69000244140625,81.48999786376953,78.04566955566406,624700
2016-09-15,VRSK,81.12000274658203,81.76000213623047,80.69000244140625,81.48999786376953,78.04566955566406,624700
2016-09-16,VRSK,80.98999786376953,81.31999969482422,80.43000030517578,80.63999938964844,77.2315902709961,1402600
2016-09-16,VRSK,80.98999786376953,81.31999969482422,80.43000030517578,80.63999938964844,77.2315902709961,1402600
2016-09-19,VRSK,80.9800033569336,81.3499984741211,80.41999816894531,80.72000122070312,77.30821228027344,437400
2016-09-19,VRSK,80.9800033569336,81.3499984741211,80.41999816894531,80.72000122070312,77.30821228027344,437400
2016-09-20,VRSK,81.05999755859375,81.31999969482422,80.52999877929688,80.56999969482422,77.16454315185547,560000
2016-09-20,VRSK,81.05999755859375,81.31999969482422,80.52999877929688,80.56999969482422,77.16454315185547,560000
2016-09-21,VRSK,80.7300033569336,81.13999938964844,80.1500015258789,80.86000061035156,77.44229125976562,426900
2016-09-21,VRSK,80.7300033569336,81.13999938964844,80.1500015258789,80.86000061035156,77.44229125976562,426900
2016-09-22,VRSK,81.20999908447266,81.30999755859375,80.80999755859375,81.05000305175781,77.6242446899414,1058500
2016-09-22,VRSK,81.20999908447266,81.30999755859375,80.80999755859375,81.05000305175781,77.6242446899414,1058500
2016-09-23,VRSK,81.08000183105469,81.66000366210938,80.56999969482422,81.31999969482422,77.88284301757812,1637600
2016-09-23,VRSK,81.08000183105469,81.66000366210938,80.56999969482422,81.31999969482422,77.88284301757812,1637600
2016-09-26,VRSK,80.77999877929688,81.47000122070312,80.33999633789062,81.12000274658203,77.6913070678711,654100
2016-09-26,VRSK,80.77999877929688,81.47000122070312,80.33999633789062,81.12000274658203,77.6913070678711,654100
2016-09-27,VRSK,80.98999786376953,81.7300033569336,80.91999816894531,81.38999938964844,77.94991302490234,767800
2016-09-27,VRSK,80.98999786376953,81.7300033569336,80.91999816894531,81.38999938964844,77.94991302490234,767800
2016-09-28,VRSK,81.55000305175781,81.9000015258789,81.01000213623047,81.87000274658203,78.40960693359375,839700
2016-09-28,VRSK,81.55000305175781,81.9000015258789,81.01000213623047,81.87000274658203,78.40960693359375,839700
2016-09-29,VRSK,81.88999938964844,82.18000030517578,80.83999633789062,81.05000305175781,77.6242446899414,523900
2016-09-29,VRSK,81.88999938964844,82.18000030517578,80.83999633789062,81.05000305175781,77.6242446899414,523900
2016-09-30,VRSK,81.48999786376953,81.72000122070312,81.22000122070312,81.27999877929688,77.84457397460938,947600
2016-09-30,VRSK,81.48999786376953,81.72000122070312,81.22000122070312,81.27999877929688,77.84457397460938,947600
2016-10-03,VRSK,80.93000030517578,81.5,80.54000091552734,81.2300033569336,77.79666137695312,634700
2016-10-03,VRSK,80.93000030517578,81.5,80.54000091552734,81.2300033569336,77.79666137695312,634700
2016-10-04,VRSK,81.23999786376953,81.30999755859375,80.55999755859375,80.6500015258789,77.24117279052734,881300
2016-10-04,VRSK,81.23999786376953,81.30999755859375,80.55999755859375,80.6500015258789,77.24117279052734,881300
2016-10-05,VRSK,80.87999725341797,81.05999755859375,80.19000244140625,80.30000305175781,76.90596771240234,553300
2016-10-05,VRSK,80.87999725341797,81.05999755859375,80.19000244140625,80.30000305175781,76.90596771240234,553300
2016-10-06,VRSK,80.31999969482422,80.5,79.2699966430664,79.75,76.37921905517578,729600
2016-10-06,VRSK,80.31999969482422,80.5,79.2699966430664,79.75,76.37921905517578,729600
2016-10-07,VRSK,79.70999908447266,79.95999908447266,79.25,79.61000061035156,76.24512481689453,521900
2016-10-07,VRSK,79.70999908447266,79.95999908447266,79.25,79.61000061035156,76.24512481689453,521900
2016-10-10,VRSK,79.80000305175781,80.41999816894531,79.80000305175781,80.0999984741211,76.71441650390625,373500
2016-10-10,VRSK,79.80000305175781,80.41999816894531,79.80000305175781,80.0999984741211,76.71441650390625,373500
2016-10-11,VRSK,79.81999969482422,80.06999969482422,79.16000366210938,79.4000015258789,76.04401397705078,647300
2016-10-11,VRSK,79.81999969482422,80.06999969482422,79.16000366210938,79.4000015258789,76.04401397705078,647300
2016-10-12,VRSK,79.25,79.80000305175781,79.05000305175781,79.5199966430664,76.1589126586914,546100
2016-10-12,VRSK,79.25,79.80000305175781,79.05000305175781,79.5199966430664,76.1589126586914,546100
2016-10-13,VRSK,79.05000305175781,79.66000366210938,78.5999984741211,79.36000061035156,76.00569152832031,560500
2016-10-13,VRSK,79.05000305175781,79.66000366210938,78.5999984741211,79.36000061035156,76.00569152832031,560500
2016-10-14,VRSK,79.47000122070312,80.13999938964844,79.30000305175781,79.37000274658203,76.01527404785156,580200
2016-10-14,VRSK,79.47000122070312,80.13999938964844,79.30000305175781,79.37000274658203,76.01527404785156,580200
2016-10-17,VRSK,79.41999816894531,79.81999969482422,79.31999969482422,79.47000122070312,76.11103820800781,385100
2016-10-17,VRSK,79.41999816894531,79.81999969482422,79.31999969482422,79.47000122070312,76.11103820800781,385100
2016-10-18,VRSK,79.97000122070312,81.48999786376953,79.70999908447266,80.33999633789062,76.94426727294922,926900
2016-10-18,VRSK,79.97000122070312,81.48999786376953,79.70999908447266,80.33999633789062,76.94426727294922,926900
2016-10-19,VRSK,80.18000030517578,81.25,80.18000030517578,80.44999694824219,77.04960632324219,739500
2016-10-19,VRSK,80.18000030517578,81.25,80.18000030517578,80.44999694824219,77.04960632324219,739500
2016-10-20,VRSK,80.5,80.91999816894531,79.75,80.08000183105469,76.69527435302734,650800
2016-10-20,VRSK,80.5,80.91999816894531,79.75,80.08000183105469,76.69527435302734,650800
2016-10-21,VRSK,79.83999633789062,81.27999877929688,79.30999755859375,81.26000213623047,77.82537841796875,877900
2016-10-21,VRSK,79.83999633789062,81.27999877929688,79.30999755859375,81.26000213623047,77.82537841796875,877900
2016-10-24,VRSK,81.81999969482422,82.43000030517578,81.76000213623047,82.22000122070312,78.74481964111328,830400
2016-10-24,VRSK,81.81999969482422,82.43000030517578,81.76000213623047,82.22000122070312,78.74481964111328,830400
2016-10-25,VRSK,82.2300033569336,82.27999877929688,81.76000213623047,82.08999633789062,78.62032318115234,671000
2016-10-25,VRSK,82.2300033569336,82.27999877929688,81.76000213623047,82.08999633789062,78.62032318115234,671000
2016-10-26,VRSK,82.0199966430664,82.58999633789062,81.4000015258789,81.43000030517578,77.98822784423828,1298800
2016-10-26,VRSK,82.0199966430664,82.58999633789062,81.4000015258789,81.43000030517578,77.98822784423828,1298800
2016-10-27,VRSK,81.58000183105469,81.93000030517578,81.05000305175781,81.25,77.81581115722656,1233000
2016-10-27,VRSK,81.58000183105469,81.93000030517578,81.05000305175781,81.25,77.81581115722656,1233000
2016-10-28,VRSK,81.43000030517578,82.19000244140625,81.26000213623047,81.3499984741211,77.91157531738281,718800
2016-10-28,VRSK,81.43000030517578,82.19000244140625,81.26000213623047,81.3499984741211,77.91157531738281,718800
2016-10-31,VRSK,81.68000030517578,82.0999984741211,81.54000091552734,81.55000305175781,78.1031265258789,813000
2016-10-31,VRSK,81.68000030517578,82.0999984741211,81.54000091552734,81.55000305175781,78.1031265258789,813000
2016-11-01,VRSK,81.68000030517578,81.68000030517578,80.66999816894531,80.94000244140625,77.51890563964844,1130900
2016-11-01,VRSK,81.68000030517578,81.68000030517578,80.66999816894531,80.94000244140625,77.51890563964844,1130900
2016-11-02,VRSK,81.4000015258789,83.29000091552734,81.12000274658203,82.20999908447266,78.73522186279297,1829000
2016-11-02,VRSK,81.4000015258789,83.29000091552734,81.12000274658203,82.20999908447266,78.73522186279297,1829000
2016-11-03,VRSK,82.56999969482422,82.98999786376953,82.08000183105469,82.41000366210938,78.9267807006836,1092300
2016-11-03,VRSK,82.56999969482422,82.98999786376953,82.08000183105469,82.41000366210938,78.9267807006836,1092300
2016-11-04,VRSK,81.83000183105469,82.8499984741211,81.7300033569336,81.76000213623047,78.30426788330078,780200
2016-11-04,VRSK,81.83000183105469,82.8499984741211,81.7300033569336,81.76000213623047,78.30426788330078,780200
2016-11-07,VRSK,82.86000061035156,83.19999694824219,82.4800033569336,83.0999984741211,79.58763122558594,1228500
2016-11-07,VRSK,82.86000061035156,83.19999694824219,82.4800033569336,83.0999984741211,79.58763122558594,1228500
2016-11-08,VRSK,82.94999694824219,83.2300033569336,82.58000183105469,82.88999938964844,79.3864974975586,676400
2016-11-08,VRSK,82.94999694824219,83.2300033569336,82.58000183105469,82.88999938964844,79.3864974975586,676400
2016-11-09,VRSK,80.87999725341797,83.4000015258789,80.87999725341797,83.33000183105469,79.80790710449219,933300
2016-11-09,VRSK,80.87999725341797,83.4000015258789,80.87999725341797,83.33000183105469,79.80790710449219,933300
2016-11-10,VRSK,83.58000183105469,84.29000091552734,82.6500015258789,83.12000274658203,79.60675811767578,979400
2016-11-10,VRSK,83.58000183105469,84.29000091552734,82.6500015258789,83.12000274658203,79.60675811767578,979400
2016-11-11,VRSK,82.83000183105469,83.70999908447266,82.83000183105469,83.12999725341797,79.61634063720703,1231400
2016-11-11,VRSK,82.83000183105469,83.70999908447266,82.83000183105469,83.12999725341797,79.61634063720703,1231400
2016-11-14,VRSK,83.38999938964844,83.5999984741211,82.7300033569336,82.83000183105469,79.32904052734375,1291200
2016-11-14,VRSK,83.38999938964844,83.5999984741211,82.7300033569336,82.83000183105469,79.32904052734375,1291200
2016-11-15,VRSK,83.01000213623047,83.58000183105469,82.5,82.69000244140625,79.19497680664062,2155400
2016-11-15,VRSK,83.01000213623047,83.58000183105469,82.5,82.69000244140625,79.19497680664062,2155400
2016-11-16,VRSK,82.68000030517578,83.05999755859375,82.05999755859375,82.30000305175781,78.82144165039062,852500
2016-11-16,VRSK,82.68000030517578,83.05999755859375,82.05999755859375,82.30000305175781,78.82144165039062,852500
2016-11-17,VRSK,82.5,83.02999877929688,82.44000244140625,83.0,79.49185180664062,1276900
2016-11-17,VRSK,82.5,83.02999877929688,82.44000244140625,83.0,79.49185180664062,1276900
2016-11-18,VRSK,82.83000183105469,83.52999877929688,82.81999969482422,83.16000366210938,79.64509582519531,1905700
2016-11-18,VRSK,82.83000183105469,83.52999877929688,82.81999969482422,83.16000366210938,79.64509582519531,1905700
2016-11-21,VRSK,83.4000015258789,83.91000366210938,83.16000366210938,83.75,80.21013641357422,791000
2016-11-21,VRSK,83.4000015258789,83.91000366210938,83.16000366210938,83.75,80.21013641357422,791000
2016-11-22,VRSK,84.0,84.01000213623047,83.68000030517578,83.95999908447266,80.41126251220703,845000
2016-11-22,VRSK,84.0,84.01000213623047,83.68000030517578,83.95999908447266,80.41126251220703,845000
2016-11-23,VRSK,83.79000091552734,84.76000213623047,82.5,83.88999938964844,80.34422302246094,669600
2016-11-23,VRSK,83.79000091552734,84.76000213623047,82.5,83.88999938964844,80.34422302246094,669600
2016-11-25,VRSK,83.95999908447266,84.30000305175781,83.3499984741211,84.11000061035156,80.554931640625,522700
2016-11-25,VRSK,83.95999908447266,84.30000305175781,83.3499984741211,84.11000061035156,80.554931640625,522700
2016-11-28,VRSK,84.41000366210938,84.8499984741211,84.06999969482422,84.1500015258789,80.59323120117188,760200
2016-11-28,VRSK,84.41000366210938,84.8499984741211,84.06999969482422,84.1500015258789,80.59323120117188,760200
2016-11-29,VRSK,84.19999694824219,84.4000015258789,83.62000274658203,83.87999725341797,80.33465576171875,766000
2016-11-29,VRSK,84.19999694824219,84.4000015258789,83.62000274658203,83.87999725341797,80.33465576171875,766000
2016-11-30,VRSK,84.19000244140625,84.41999816894531,83.02999877929688,83.08000183105469,79.56846618652344,1380700
2016-11-30,VRSK,84.19000244140625,84.41999816894531,83.02999877929688,83.08000183105469,79.56846618652344,1380700
2016-12-01,VRSK,83.2300033569336,83.5199966430664,81.94999694824219,82.36000061035156,78.87889862060547,976100
2016-12-01,VRSK,83.2300033569336,83.5199966430664,81.94999694824219,82.36000061035156,78.87889862060547,976100
2016-12-02,VRSK,82.41999816894531,82.66000366210938,81.6500015258789,82.19999694824219,78.72567749023438,892400
2016-12-02,VRSK,82.41999816894531,82.66000366210938,81.6500015258789,82.19999694824219,78.72567749023438,892400
2016-12-05,VRSK,82.69000244140625,83.27999877929688,82.66000366210938,82.91000366210938,79.40563201904297,868300
2016-12-05,VRSK,82.69000244140625,83.27999877929688,82.66000366210938,82.91000366210938,79.40563201904297,868300
2016-12-06,VRSK,82.88999938964844,83.1500015258789,82.33999633789062,83.04000091552734,79.53015899658203,1170200
2016-12-06,VRSK,82.88999938964844,83.1500015258789,82.33999633789062,83.04000091552734,79.53015899658203,1170200
2016-12-07,VRSK,83.04000091552734,83.13999938964844,82.18000030517578,83.13999938964844,79.62593841552734,1241200
2016-12-07,VRSK,83.04000091552734,83.13999938964844,82.18000030517578,83.13999938964844,79.62593841552734,1241200
2016-12-08,VRSK,83.19000244140625,83.5199966430664,82.7699966430664,83.19000244140625,79.67381286621094,647600
2016-12-08,VRSK,83.19000244140625,83.5199966430664,82.7699966430664,83.19000244140625,79.67381286621094,647600
2016-12-09,VRSK,83.3499984741211,83.52999877929688,82.87999725341797,82.93000030517578,79.42481994628906,940800
2016-12-09,VRSK,83.3499984741211,83.52999877929688,82.87999725341797,82.93000030517578,79.42481994628906,940800
2016-12-12,VRSK,82.69999694824219,83.12999725341797,82.44000244140625,83.02999877929688,79.52058410644531,829300
2016-12-12,VRSK,82.69999694824219,83.12999725341797,82.44000244140625,83.02999877929688,79.52058410644531,829300
2016-12-13,VRSK,83.27999877929688,83.94999694824219,82.9800033569336,83.56999969482422,80.03772735595703,1200800
2016-12-13,VRSK,83.27999877929688,83.94999694824219,82.9800033569336,83.56999969482422,80.03772735595703,1200800
2016-12-14,VRSK,83.73999786376953,83.73999786376953,81.94999694824219,82.05000305175781,78.5820083618164,1211900
2016-12-14,VRSK,83.73999786376953,83.73999786376953,81.94999694824219,82.05000305175781,78.5820083618164,1211900
2016-12-15,VRSK,82.01000213623047,82.25,81.23999786376953,81.27999877929688,77.84457397460938,645100
2016-12-15,VRSK,82.01000213623047,82.25,81.23999786376953,81.27999877929688,77.84457397460938,645100
2016-12-16,VRSK,81.4000015258789,82.19000244140625,80.9000015258789,81.77999877929688,78.32340240478516,1619900
2016-12-16,VRSK,81.4000015258789,82.19000244140625,80.9000015258789,81.77999877929688,78.32340240478516,1619900
2016-12-19,VRSK,81.8499984741211,82.66000366210938,81.83999633789062,82.11000061035156,78.63945007324219,484500
2016-12-19,VRSK,81.8499984741211,82.66000366210938,81.83999633789062,82.11000061035156,78.63945007324219,484500
2016-12-20,VRSK,82.36000061035156,82.48999786376953,82.0999984741211,82.37000274658203,78.88848114013672,445900
2016-12-20,VRSK,82.36000061035156,82.48999786376953,82.0999984741211,82.37000274658203,78.88848114013672,445900
2016-12-21,VRSK,82.37000274658203,82.98999786376953,82.37000274658203,82.43000030517578,78.94593048095703,412300
2016-12-21,VRSK,82.37000274658203,82.98999786376953,82.37000274658203,82.43000030517578,78.94593048095703,412300
2016-12-22,VRSK,82.2699966430664,82.4800033569336,81.75,82.06999969482422,78.6011734008789,346200
2016-12-22,VRSK,82.2699966430664,82.4800033569336,81.75,82.06999969482422,78.6011734008789,346200
2016-12-23,VRSK,82.01000213623047,82.41000366210938,81.87000274658203,82.11000061035156,78.63945007324219,267100
2016-12-23,VRSK,82.01000213623047,82.41000366210938,81.87000274658203,82.11000061035156,78.63945007324219,267100
2016-12-27,VRSK,82.41000366210938,82.97000122070312,82.0,82.1500015258789,78.67778015136719,300000
2016-12-27,VRSK,82.41000366210938,82.97000122070312,82.0,82.1500015258789,78.67778015136719,300000
2016-12-28,VRSK,82.41999816894531,82.52999877929688,81.52999877929688,81.6500015258789,78.19889831542969,348700
2016-12-28,VRSK,82.41999816894531,82.52999877929688,81.52999877929688,81.6500015258789,78.19889831542969,348700
2016-12-29,VRSK,81.5199966430664,82.01000213623047,81.5199966430664,81.69999694824219,78.24677276611328,389800
2016-12-29,VRSK,81.5199966430664,82.01000213623047,81.5199966430664,81.69999694824219,78.24677276611328,389800
2016-12-30,VRSK,81.98999786376953,81.98999786376953,80.95999908447266,81.16999816894531,77.73918914794922,524700
2016-12-30,VRSK,81.98999786376953,81.98999786376953,80.95999908447266,81.16999816894531,77.73918914794922,524700
2017-01-03,VRSK,81.58999633789062,82.08000183105469,81.05000305175781,81.31999969482422,77.88284301757812,545700
2017-01-03,VRSK,81.58999633789062,82.08000183105469,81.05000305175781,81.31999969482422,77.88284301757812,545700
2017-01-04,VRSK,81.27999877929688,82.01000213623047,81.2300033569336,81.95999908447266,78.49578857421875,651800
2017-01-04,VRSK,81.27999877929688,82.01000213623047,81.2300033569336,81.95999908447266,78.49578857421875,651800
2017-01-05,VRSK,81.69000244140625,82.2300033569336,81.51000213623047,81.66000366210938,78.20850372314453,394700
2017-01-05,VRSK,81.69000244140625,82.2300033569336,81.51000213623047,81.66000366210938,78.20850372314453,394700
2017-01-06,VRSK,81.5199966430664,82.4000015258789,81.43000030517578,82.37999725341797,78.89806365966797,515900
2017-01-06,VRSK,81.5199966430664,82.4000015258789,81.43000030517578,82.37999725341797,78.89806365966797,515900
2017-01-09,VRSK,82.02999877929688,82.25,81.55000305175781,81.7300033569336,78.27552795410156,489600
2017-01-09,VRSK,82.02999877929688,82.25,81.55000305175781,81.7300033569336,78.27552795410156,489600
2017-01-10,VRSK,81.72000122070312,82.33000183105469,81.41999816894531,82.26000213623047,78.7831039428711,594600
2017-01-10,VRSK,81.72000122070312,82.33000183105469,81.41999816894531,82.26000213623047,78.7831039428711,594600
2017-01-11,VRSK,82.05999755859375,82.75,81.88999938964844,82.75,79.25242614746094,468600
2017-01-11,VRSK,82.05999755859375,82.75,81.88999938964844,82.75,79.25242614746094,468600
2017-01-12,VRSK,82.76000213623047,82.76000213623047,81.62999725341797,82.31999969482422,78.84056854248047,557600
2017-01-12,VRSK,82.76000213623047,82.76000213623047,81.62999725341797,82.31999969482422,78.84056854248047,557600
2017-01-13,VRSK,82.44999694824219,82.70999908447266,82.27999877929688,82.62999725341797,79.13748931884766,350600
2017-01-13,VRSK,82.44999694824219,82.70999908447266,82.27999877929688,82.62999725341797,79.13748931884766,350600
2017-01-17,VRSK,82.44999694824219,82.44999694824219,81.41000366210938,81.55000305175781,78.1031265258789,553300
2017-01-17,VRSK,82.44999694824219,82.44999694824219,81.41000366210938,81.55000305175781,78.1031265258789,553300
2017-01-18,VRSK,81.0,81.16000366210938,80.20999908447266,81.08000183105469,77.65299224853516,742000
2017-01-18,VRSK,81.0,81.16000366210938,80.20999908447266,81.08000183105469,77.65299224853516,742000
2017-01-19,VRSK,80.94999694824219,81.4800033569336,80.19999694824219,80.91999816894531,77.499755859375,609900
2017-01-19,VRSK,80.94999694824219,81.4800033569336,80.19999694824219,80.91999816894531,77.499755859375,609900
2017-01-20,VRSK,81.2699966430664,81.5199966430664,80.76000213623047,81.36000061035156,77.92115020751953,500400
2017-01-20,VRSK,81.2699966430664,81.5199966430664,80.76000213623047,81.36000061035156,77.92115020751953,500400
2017-01-23,VRSK,81.2300033569336,81.4800033569336,80.8499984741211,81.18000030517578,77.74878692626953,508500
2017-01-23,VRSK,81.2300033569336,81.4800033569336,80.8499984741211,81.18000030517578,77.74878692626953,508500
2017-01-24,VRSK,81.37999725341797,82.20999908447266,81.25,82.16999816894531,78.69692993164062,466900
2017-01-24,VRSK,81.37999725341797,82.20999908447266,81.25,82.16999816894531,78.69692993164062,466900
2017-01-25,VRSK,82.5,83.0199966430664,82.41999816894531,82.69000244140625,79.19497680664062,455000
2017-01-25,VRSK,82.5,83.0199966430664,82.41999816894531,82.69000244140625,79.19497680664062,455000
2017-01-26,VRSK,82.62999725341797,82.72000122070312,82.25,82.52999877929688,79.04170227050781,296100
2017-01-26,VRSK,82.62999725341797,82.72000122070312,82.25,82.52999877929688,79.04170227050781,296100
2017-01-27,VRSK,82.20999908447266,82.79000091552734,82.12999725341797,82.68000030517578,79.18537902832031,362400
2017-01-27,VRSK,82.20999908447266,82.79000091552734,82.12999725341797,82.68000030517578,79.18537902832031,362400
2017-01-30,VRSK,82.62999725341797,82.76000213623047,82.2300033569336,82.73999786376953,79.24284362792969,362200
2017-01-30,VRSK,82.62999725341797,82.76000213623047,82.2300033569336,82.73999786376953,79.24284362792969,362200
2017-01-31,VRSK,83.0,83.0,81.94999694824219,82.63999938964844,79.1470718383789,795300
2017-01-31,VRSK,83.0,83.0,81.94999694824219,82.63999938964844,79.1470718383789,795300
2017-02-01,VRSK,82.62999725341797,82.91999816894531,81.43000030517578,81.76000213623047,78.30426788330078,544300
2017-02-01,VRSK,82.62999725341797,82.91999816894531,81.43000030517578,81.76000213623047,78.30426788330078,544300
2017-02-02,VRSK,81.52999877929688,82.20999908447266,81.30999755859375,82.1500015258789,78.67778015136719,532100
2017-02-02,VRSK,81.52999877929688,82.20999908447266,81.30999755859375,82.1500015258789,78.67778015136719,532100
2017-02-03,VRSK,82.80000305175781,83.5199966430664,82.68000030517578,83.5199966430664,79.9898681640625,542300
2017-02-03,VRSK,82.80000305175781,83.5199966430664,82.68000030517578,83.5199966430664,79.9898681640625,542300
2017-02-06,VRSK,83.18000030517578,83.31999969482422,82.94999694824219,83.2699966430664,79.75041961669922,362900
2017-02-06,VRSK,83.18000030517578,83.31999969482422,82.94999694824219,83.2699966430664,79.75041961669922,362900
2017-02-07,VRSK,83.2699966430664,83.27999877929688,82.9000015258789,83.01000213623047,79.50142669677734,471200
2017-02-07,VRSK,83.2699966430664,83.27999877929688,82.9000015258789,83.01000213623047,79.50142669677734,471200
2017-02-08,VRSK,82.87999725341797,83.76000213623047,82.80999755859375,83.61000061035156,80.0760498046875,349700
2017-02-08,VRSK,82.87999725341797,83.76000213623047,82.80999755859375,83.61000061035156,80.0760498046875,349700
2017-02-09,VRSK,82.1500015258789,84.11000061035156,82.1500015258789,84.06999969482422,80.51663208007812,572000
2017-02-09,VRSK,82.1500015258789,84.11000061035156,82.1500015258789,84.06999969482422,80.51663208007812,572000
2017-02-10,VRSK,84.27999877929688,84.69000244140625,83.7699966430664,84.5199966430664,80.94757080078125,350600
2017-02-10,VRSK,84.27999877929688,84.69000244140625,83.7699966430664,84.5199966430664,80.94757080078125,350600
2017-02-13,VRSK,84.98999786376953,85.2300033569336,84.62999725341797,84.95999908447266,81.36898803710938,407400
2017-02-13,VRSK,84.98999786376953,85.2300033569336,84.62999725341797,84.95999908447266,81.36898803710938,407400
2017-02-14,VRSK,84.80000305175781,85.0999984741211,84.69000244140625,85.08999633789062,81.4935073852539,448400
2017-02-14,VRSK,84.80000305175781,85.0999984741211,84.69000244140625,85.08999633789062,81.4935073852539,448400
2017-02-15,VRSK,84.13999938964844,84.48999786376953,83.38999938964844,83.7699966430664,80.22927856445312,762600
2017-02-15,VRSK,84.13999938964844,84.48999786376953,83.38999938964844,83.7699966430664,80.22927856445312,762600
2017-02-16,VRSK,84.08000183105469,84.98999786376953,83.52999877929688,84.2699966430664,80.70816040039062,526200
2017-02-16,VRSK,84.08000183105469,84.98999786376953,83.52999877929688,84.2699966430664,80.70816040039062,526200
2017-02-17,VRSK,84.27999877929688,84.9000015258789,84.06999969482422,84.9000015258789,81.3115463256836,645400
2017-02-17,VRSK,84.27999877929688,84.9000015258789,84.06999969482422,84.9000015258789,81.3115463256836,645400
2017-02-21,VRSK,84.80000305175781,85.41999816894531,84.16000366210938,85.19000244140625,81.58928680419922,1201200
2017-02-21,VRSK,84.80000305175781,85.41999816894531,84.16000366210938,85.19000244140625,81.58928680419922,1201200
2017-02-22,VRSK,85.44000244140625,87.4000015258789,81.9000015258789,82.2300033569336,78.75440216064453,2245400
2017-02-22,VRSK,85.44000244140625,87.4000015258789,81.9000015258789,82.2300033569336,78.75440216064453,2245400
2017-02-23,VRSK,82.47000122070312,83.70999908447266,82.4000015258789,82.83999633789062,79.338623046875,1144300
2017-02-23,VRSK,82.47000122070312,83.70999908447266,82.4000015258789,82.83999633789062,79.338623046875,1144300
2017-02-24,VRSK,82.93000030517578,84.0,82.80000305175781,83.94999694824219,80.40169525146484,1052500
2017-02-24,VRSK,82.93000030517578,84.0,82.80000305175781,83.94999694824219,80.40169525146484,1052500
2017-02-27,VRSK,83.62000274658203,83.83999633789062,83.2699966430664,83.79000091552734,80.24846649169922,573300
2017-02-27,VRSK,83.62000274658203,83.83999633789062,83.2699966430664,83.79000091552734,80.24846649169922,573300
2017-02-28,VRSK,83.72000122070312,83.80999755859375,82.77999877929688,82.91999816894531,79.41522979736328,862400
2017-02-28,VRSK,83.72000122070312,83.80999755859375,82.77999877929688,82.91999816894531,79.41522979736328,862400
2017-03-01,VRSK,83.55000305175781,84.48999786376953,83.26000213623047,84.31999969482422,80.75603485107422,765900
2017-03-01,VRSK,83.55000305175781,84.48999786376953,83.26000213623047,84.31999969482422,80.75603485107422,765900
2017-03-02,VRSK,84.18000030517578,84.45999908447266,83.37000274658203,83.66999816894531,80.13351440429688,468700
2017-03-02,VRSK,84.18000030517578,84.45999908447266,83.37000274658203,83.66999816894531,80.13351440429688,468700
2017-03-03,VRSK,83.83999633789062,84.1500015258789,83.33000183105469,83.94999694824219,80.40169525146484,509600
2017-03-03,VRSK,83.83999633789062,84.1500015258789,83.33000183105469,83.94999694824219,80.40169525146484,509600
2017-03-06,VRSK,83.68000030517578,83.93000030517578,82.83999633789062,82.87000274658203,79.36735534667969,959000
2017-03-06,VRSK,83.68000030517578,83.93000030517578,82.83999633789062,82.87000274658203,79.36735534667969,959000
2017-03-07,VRSK,82.62000274658203,83.1500015258789,81.52999877929688,81.83999633789062,78.3808822631836,797100
2017-03-07,VRSK,82.62000274658203,83.1500015258789,81.52999877929688,81.83999633789062,78.3808822631836,797100
2017-03-08,VRSK,81.58999633789062,82.0,80.5199966430664,80.70999908447266,77.29864501953125,1415700
2017-03-08,VRSK,81.58999633789062,82.0,80.5199966430664,80.70999908447266,77.29864501953125,1415700
2017-03-09,VRSK,80.83999633789062,80.87000274658203,79.70999908447266,80.05000305175781,76.66653442382812,1014500
2017-03-09,VRSK,80.83999633789062,80.87000274658203,79.70999908447266,80.05000305175781,76.66653442382812,1014500
2017-03-10,VRSK,80.36000061035156,80.43000030517578,79.76000213623047,79.94000244140625,76.56120300292969,976800
2017-03-10,VRSK,80.36000061035156,80.43000030517578,79.76000213623047,79.94000244140625,76.56120300292969,976800
2017-03-13,VRSK,80.0999984741211,80.19999694824219,79.36000061035156,79.76000213623047,76.3887939453125,884100
2017-03-13,VRSK,80.0999984741211,80.19999694824219,79.36000061035156,79.76000213623047,76.3887939453125,884100
2017-03-14,VRSK,79.51000213623047,79.66000366210938,79.08999633789062,79.3499984741211,75.99612426757812,779500
2017-03-14,VRSK,79.51000213623047,79.66000366210938,79.08999633789062,79.3499984741211,75.99612426757812,779500
2017-03-15,VRSK,79.58999633789062,80.19000244140625,79.38999938964844,80.06999969482422,76.68568420410156,943300
2017-03-15,VRSK,79.58999633789062,80.19000244140625,79.38999938964844,80.06999969482422,76.68568420410156,943300
2017-03-16,VRSK,79.9000015258789,80.66000366210938,79.9000015258789,80.3499984741211,76.953857421875,1501100
2017-03-16,VRSK,79.9000015258789,80.66000366210938,79.9000015258789,80.3499984741211,76.953857421875,1501100
2017-03-17,VRSK,80.6500015258789,81.2699966430664,80.08999633789062,81.19000244140625,77.75836181640625,1313300
2017-03-17,VRSK,80.6500015258789,81.2699966430664,80.08999633789062,81.19000244140625,77.75836181640625,1313300
2017-03-20,VRSK,80.94000244140625,81.0999984741211,80.4800033569336,80.94999694824219,77.52847290039062,1233000
2017-03-20,VRSK,80.94000244140625,81.0999984741211,80.4800033569336,80.94999694824219,77.52847290039062,1233000
2017-03-21,VRSK,81.08000183105469,81.38999938964844,79.58999633789062,79.62999725341797,76.26427459716797,884300
2017-03-21,VRSK,81.08000183105469,81.38999938964844,79.58999633789062,79.62999725341797,76.26427459716797,884300
2017-03-22,VRSK,79.86000061035156,80.61000061035156,79.43000030517578,80.02999877929688,76.64739990234375,987400
2017-03-22,VRSK,79.86000061035156,80.61000061035156,79.43000030517578,80.02999877929688,76.64739990234375,987400
2017-03-23,VRSK,80.2699966430664,80.55999755859375,79.69000244140625,79.95999908447266,76.5803451538086,907100
2017-03-23,VRSK,80.2699966430664,80.55999755859375,79.69000244140625,79.95999908447266,76.5803451538086,907100
2017-03-24,VRSK,80.18000030517578,80.48999786376953,79.69999694824219,79.70999908447266,76.34089660644531,971800
2017-03-24,VRSK,80.18000030517578,80.48999786376953,79.69999694824219,79.70999908447266,76.34089660644531,971800
2017-03-27,VRSK,79.36000061035156,79.97000122070312,79.16999816894531,79.68000030517578,76.31217956542969,788300
2017-03-27,VRSK,79.36000061035156,79.97000122070312,79.16999816894531,79.68000030517578,76.31217956542969,788300
2017-03-28,VRSK,79.38999938964844,80.37000274658203,79.23999786376953,80.05999755859375,76.67610168457031,592900
2017-03-28,VRSK,79.38999938964844,80.37000274658203,79.23999786376953,80.05999755859375,76.67610168457031,592900
2017-03-29,VRSK,79.77999877929688,80.47000122070312,79.61000061035156,80.44999694824219,77.04960632324219,740300
2017-03-29,VRSK,79.77999877929688,80.47000122070312,79.61000061035156,80.44999694824219,77.04960632324219,740300
2017-03-30,VRSK,80.41000366210938,80.94999694824219,80.04000091552734,80.79000091552734,77.37525177001953,1318800
2017-03-30,VRSK,80.41000366210938,80.94999694824219,80.04000091552734,80.79000091552734,77.37525177001953,1318800
2017-03-31,VRSK,80.81999969482422,81.61000061035156,80.58999633789062,81.13999938964844,77.71046447753906,861900
2017-03-31,VRSK,80.81999969482422,81.61000061035156,80.58999633789062,81.13999938964844,77.71046447753906,861900
2017-04-03,VRSK,81.05999755859375,81.29000091552734,79.36000061035156,79.83999633789062,76.4654312133789,1019500
2017-04-03,VRSK,81.05999755859375,81.29000091552734,79.36000061035156,79.83999633789062,76.4654312133789,1019500
2017-04-04,VRSK,80.01000213623047,80.63999938964844,79.62999725341797,79.94999694824219,76.5707778930664,666100
2017-04-04,VRSK,80.01000213623047,80.63999938964844,79.62999725341797,79.94999694824219,76.5707778930664,666100
2017-04-05,VRSK,79.9800033569336,80.33999633789062,79.43000030517578,79.44999694824219,76.0918960571289,1174100
2017-04-05,VRSK,79.9800033569336,80.33999633789062,79.43000030517578,79.44999694824219,76.0918960571289,1174100
2017-04-06,VRSK,79.45999908447266,79.81999969482422,79.12999725341797,79.5,76.1397933959961,958300
2017-04-06,VRSK,79.45999908447266,79.81999969482422,79.12999725341797,79.5,76.1397933959961,958300
2017-04-07,VRSK,79.41000366210938,79.79000091552734,79.25,79.29000091552734,75.93865966796875,732800
2017-04-07,VRSK,79.41000366210938,79.79000091552734,79.25,79.29000091552734,75.93865966796875,732800
2017-04-10,VRSK,79.30999755859375,79.87000274658203,79.30999755859375,79.47000122070312,76.11103820800781,558700
2017-04-10,VRSK,79.30999755859375,79.87000274658203,79.30999755859375,79.47000122070312,76.11103820800781,558700
2017-04-11,VRSK,79.2699966430664,79.63999938964844,78.80999755859375,79.62999725341797,76.26427459716797,976400
2017-04-11,VRSK,79.2699966430664,79.63999938964844,78.80999755859375,79.62999725341797,76.26427459716797,976400
2017-04-12,VRSK,79.16999816894531,79.73999786376953,78.69000244140625,79.23999786376953,75.89076232910156,561900
2017-04-12,VRSK,79.16999816894531,79.73999786376953,78.69000244140625,79.23999786376953,75.89076232910156,561900
2017-04-13,VRSK,79.25,79.6500015258789,79.11000061035156,79.11000061035156,75.7662582397461,571800
2017-04-13,VRSK,79.25,79.6500015258789,79.11000061035156,79.11000061035156,75.7662582397461,571800
2017-04-17,VRSK,79.4800033569336,80.08000183105469,79.4800033569336,80.06999969482422,76.68568420410156,593000
2017-04-17,VRSK,79.4800033569336,80.08000183105469,79.4800033569336,80.06999969482422,76.68568420410156,593000
2017-04-18,VRSK,79.70999908447266,80.80000305175781,79.70999908447266,80.62999725341797,77.2220230102539,527900
2017-04-18,VRSK,79.70999908447266,80.80000305175781,79.70999908447266,80.62999725341797,77.2220230102539,527900
2017-04-19,VRSK,80.9800033569336,81.2699966430664,80.55000305175781,80.7699966430664,77.35607147216797,611500
2017-04-19,VRSK,80.9800033569336,81.2699966430664,80.55000305175781,80.7699966430664,77.35607147216797,611500
2017-04-20,VRSK,81.0999984741211,81.62000274658203,81.01000213623047,81.37000274658203,77.93074035644531,647000
2017-04-20,VRSK,81.0999984741211,81.62000274658203,81.01000213623047,81.37000274658203,77.93074035644531,647000
2017-04-21,VRSK,81.44000244140625,81.9000015258789,81.30999755859375,81.6500015258789,78.19889831542969,460200
2017-04-21,VRSK,81.44000244140625,81.9000015258789,81.30999755859375,81.6500015258789,78.19889831542969,460200
2017-04-24,VRSK,82.41999816894531,82.80999755859375,82.13999938964844,82.66000366210938,79.16620635986328,615600
2017-04-24,VRSK,82.41999816894531,82.80999755859375,82.13999938964844,82.66000366210938,79.16620635986328,615600
2017-04-25,VRSK,82.87000274658203,83.29000091552734,82.58000183105469,82.97000122070312,79.46312713623047,550000
2017-04-25,VRSK,82.87000274658203,83.29000091552734,82.58000183105469,82.97000122070312,79.46312713623047,550000
2017-04-26,VRSK,82.86000061035156,83.69000244140625,82.83999633789062,83.18000030517578,79.66422271728516,779200
2017-04-26,VRSK,82.86000061035156,83.69000244140625,82.83999633789062,83.18000030517578,79.66422271728516,779200
2017-04-27,VRSK,83.2300033569336,83.68000030517578,82.87999725341797,83.1500015258789,79.6355209350586,597100
2017-04-27,VRSK,83.2300033569336,83.68000030517578,82.87999725341797,83.1500015258789,79.6355209350586,597100
2017-04-28,VRSK,83.1500015258789,83.1500015258789,82.55000305175781,82.80999755859375,79.30984497070312,754300
2017-04-28,VRSK,83.1500015258789,83.1500015258789,82.55000305175781,82.80999755859375,79.30984497070312,754300
2017-05-01,VRSK,83.0,83.4000015258789,82.44000244140625,82.7699966430664,79.27159118652344,1193300
2017-05-01,VRSK,83.0,83.4000015258789,82.44000244140625,82.7699966430664,79.27159118652344,1193300
2017-05-02,VRSK,82.87000274658203,83.27999877929688,82.05999755859375,82.18000030517578,78.70651245117188,1195700
2017-05-02,VRSK,82.87000274658203,83.27999877929688,82.05999755859375,82.18000030517578,78.70651245117188,1195700
2017-05-03,VRSK,76.55000305175781,79.01000213623047,76.5,76.75,73.50601196289062,4077500
2017-05-03,VRSK,76.55000305175781,79.01000213623047,76.5,76.75,73.50601196289062,4077500
2017-05-04,VRSK,76.69000244140625,78.43000030517578,75.5999984741211,78.01000213623047,74.7127456665039,2582100
2017-05-04,VRSK,76.69000244140625,78.43000030517578,75.5999984741211,78.01000213623047,74.7127456665039,2582100
2017-05-05,VRSK,78.80999755859375,79.7699966430664,78.44000244140625,79.76000213623047,76.3887939453125,1329700
2017-05-05,VRSK,78.80999755859375,79.7699966430664,78.44000244140625,79.76000213623047,76.3887939453125,1329700
2017-05-08,VRSK,79.7699966430664,80.06999969482422,79.12999725341797,79.30000305175781,75.94823455810547,1141600
2017-05-08,VRSK,79.7699966430664,80.06999969482422,79.12999725341797,79.30000305175781,75.94823455810547,1141600
2017-05-09,VRSK,79.04000091552734,79.5,79.04000091552734,79.26000213623047,75.9099349975586,878800
2017-05-09,VRSK,79.04000091552734,79.5,79.04000091552734,79.26000213623047,75.9099349975586,878800
2017-05-10,VRSK,79.05999755859375,79.23999786376953,78.43000030517578,78.69999694824219,75.37358856201172,1008200
2017-05-10,VRSK,79.05999755859375,79.23999786376953,78.43000030517578,78.69999694824219,75.37358856201172,1008200
2017-05-11,VRSK,78.33999633789062,78.63999938964844,77.72000122070312,78.27999877929688,74.97135162353516,712600
2017-05-11,VRSK,78.33999633789062,78.63999938964844,77.72000122070312,78.27999877929688,74.97135162353516,712600
2017-05-12,VRSK,78.1500015258789,78.5199966430664,77.91999816894531,78.0999984741211,74.79895782470703,782900
2017-05-12,VRSK,78.1500015258789,78.5199966430664,77.91999816894531,78.0999984741211,74.79895782470703,782900
2017-05-15,VRSK,78.1500015258789,79.04000091552734,78.1500015258789,78.97000122070312,75.63218688964844,1103900
2017-05-15,VRSK,78.1500015258789,79.04000091552734,78.1500015258789,78.97000122070312,75.63218688964844,1103900
2017-05-16,VRSK,79.0,79.12000274658203,78.58999633789062,78.81999969482422,75.488525390625,804300
2017-05-16,VRSK,79.0,79.12000274658203,78.58999633789062,78.81999969482422,75.488525390625,804300
2017-05-17,VRSK,78.4800033569336,79.01000213623047,78.41000366210938,78.5,75.18204498291016,1564000
2017-05-17,VRSK,78.4800033569336,79.01000213623047,78.41000366210938,78.5,75.18204498291016,1564000
2017-05-18,VRSK,78.62999725341797,79.22000122070312,78.22000122070312,78.5199966430664,75.2011947631836,912300
2017-05-18,VRSK,78.62999725341797,79.22000122070312,78.22000122070312,78.5199966430664,75.2011947631836,912300
2017-05-19,VRSK,78.62999725341797,79.56999969482422,78.29000091552734,79.41000366210938,76.05359649658203,1107800
2017-05-19,VRSK,78.62999725341797,79.56999969482422,78.29000091552734,79.41000366210938,76.05359649658203,1107800
2017-05-22,VRSK,79.38999938964844,79.94000244140625,79.33999633789062,79.91000366210938,76.53243255615234,660300
2017-05-22,VRSK,79.38999938964844,79.94000244140625,79.33999633789062,79.91000366210938,76.53243255615234,660300
2017-05-23,VRSK,80.0,80.0199966430664,79.33999633789062,79.5199966430664,76.1589126586914,750700
2017-05-23,VRSK,80.0,80.0199966430664,79.33999633789062,79.5199966430664,76.1589126586914,750700
2017-05-24,VRSK,79.7699966430664,80.44000244140625,79.69000244140625,80.41000366210938,77.0113296508789,988600
2017-05-24,VRSK,79.7699966430664,80.44000244140625,79.69000244140625,80.41000366210938,77.0113296508789,988600
2017-05-25,VRSK,80.58000183105469,81.61000061035156,80.38999938964844,81.18000030517578,77.74878692626953,1024700
2017-05-25,VRSK,80.58000183105469,81.61000061035156,80.38999938964844,81.18000030517578,77.74878692626953,1024700
2017-05-26,VRSK,81.19999694824219,81.5199966430664,80.5199966430664,80.55000305175781,77.1453857421875,814900
2017-05-26,VRSK,81.19999694824219,81.5199966430664,80.5199966430664,80.55000305175781,77.1453857421875,814900
2017-05-30,VRSK,80.20999908447266,81.23999786376953,80.08000183105469,81.05000305175781,77.6242446899414,765500
2017-05-30,VRSK,80.20999908447266,81.23999786376953,80.08000183105469,81.05000305175781,77.6242446899414,765500
2017-05-31,VRSK,81.26000213623047,81.44000244140625,80.37999725341797,80.88999938964844,77.47103118896484,817800
2017-05-31,VRSK,81.26000213623047,81.44000244140625,80.37999725341797,80.88999938964844,77.47103118896484,817800
2017-06-01,VRSK,81.05000305175781,81.5,80.81999969482422,81.16999816894531,77.73918914794922,985000
2017-06-01,VRSK,81.05000305175781,81.5,80.81999969482422,81.16999816894531,77.73918914794922,985000
2017-06-02,VRSK,81.41999816894531,81.88999938964844,80.9000015258789,81.86000061035156,78.40001678466797,895000
2017-06-02,VRSK,81.41999816894531,81.88999938964844,80.9000015258789,81.86000061035156,78.40001678466797,895000
2017-06-05,VRSK,81.83000183105469,82.20999908447266,81.44999694824219,81.47000122070312,78.02651977539062,904700
2017-06-05,VRSK,81.83000183105469,82.20999908447266,81.44999694824219,81.47000122070312,78.02651977539062,904700
2017-06-06,VRSK,81.20999908447266,81.45999908447266,80.55000305175781,80.66999816894531,77.26033020019531,521400
2017-06-06,VRSK,81.20999908447266,81.45999908447266,80.55000305175781,80.66999816894531,77.26033020019531,521400
2017-06-07,VRSK,81.05000305175781,81.06999969482422,80.02999877929688,80.73999786376953,77.3273696899414,629200
2017-06-07,VRSK,81.05000305175781,81.06999969482422,80.02999877929688,80.73999786376953,77.3273696899414,629200
2017-06-08,VRSK,80.58000183105469,80.88999938964844,80.06999969482422,80.37999725341797,76.98258209228516,528100
2017-06-08,VRSK,80.58000183105469,80.88999938964844,80.06999969482422,80.37999725341797,76.98258209228516,528100
2017-06-09,VRSK,80.38999938964844,80.51000213623047,79.88999938964844,80.06999969482422,76.68568420410156,521900
2017-06-09,VRSK,80.38999938964844,80.51000213623047,79.88999938964844,80.06999969482422,76.68568420410156,521900
2017-06-12,VRSK,79.86000061035156,81.54000091552734,79.86000061035156,81.5,78.05525207519531,778400
2017-06-12,VRSK,79.86000061035156,81.54000091552734,79.86000061035156,81.5,78.05525207519531,778400
2017-06-13,VRSK,81.41999816894531,82.5999984741211,81.41999816894531,82.41999816894531,78.93636322021484,962400
2017-06-13,VRSK,81.41999816894531,82.5999984741211,81.41999816894531,82.41999816894531,78.93636322021484,962400
2017-06-14,VRSK,82.56999969482422,83.0199966430664,82.44000244140625,82.97000122070312,79.46312713623047,800000
2017-06-14,VRSK,82.56999969482422,83.0199966430664,82.44000244140625,82.97000122070312,79.46312713623047,800000
2017-06-15,VRSK,82.61000061035156,83.62000274658203,82.61000061035156,83.25,79.7313003540039,989000
2017-06-15,VRSK,82.61000061035156,83.62000274658203,82.61000061035156,83.25,79.7313003540039,989000
2017-06-16,VRSK,82.9000015258789,83.41999816894531,82.27999877929688,83.13999938964844,79.62593841552734,1427400
2017-06-16,VRSK,82.9000015258789,83.41999816894531,82.27999877929688,83.13999938964844,79.62593841552734,1427400
2017-06-19,VRSK,83.3499984741211,83.91000366210938,83.12000274658203,83.77999877929688,80.2388916015625,657100
2017-06-19,VRSK,83.3499984741211,83.91000366210938,83.12000274658203,83.77999877929688,80.2388916015625,657100
2017-06-20,VRSK,83.47000122070312,83.91999816894531,83.23999786376953,83.91000366210938,80.36339569091797,828100
2017-06-20,VRSK,83.47000122070312,83.91999816894531,83.23999786376953,83.91000366210938,80.36339569091797,828100
2017-06-21,VRSK,83.91000366210938,84.18000030517578,83.55000305175781,84.05999755859375,80.50702667236328,1112100
2017-06-21,VRSK,83.91000366210938,84.18000030517578,83.55000305175781,84.05999755859375,80.50702667236328,1112100
2017-06-22,VRSK,84.11000061035156,84.12000274658203,83.01000213623047,83.02999877929688,79.52058410644531,951700
2017-06-22,VRSK,84.11000061035156,84.12000274658203,83.01000213623047,83.02999877929688,79.52058410644531,951700
2017-06-23,VRSK,83.08999633789062,83.08999633789062,82.13999938964844,82.36000061035156,78.87889862060547,1870900
2017-06-23,VRSK,83.08999633789062,83.08999633789062,82.13999938964844,82.36000061035156,78.87889862060547,1870900
2017-06-26,VRSK,82.68000030517578,83.55000305175781,82.62000274658203,83.18000030517578,79.66422271728516,778300
2017-06-26,VRSK,82.68000030517578,83.55000305175781,82.62000274658203,83.18000030517578,79.66422271728516,778300
2017-06-27,VRSK,83.0199966430664,83.1500015258789,82.30000305175781,82.81999969482422,79.31945037841797,903400
2017-06-27,VRSK,83.0199966430664,83.1500015258789,82.30000305175781,82.81999969482422,79.31945037841797,903400
2017-06-28,VRSK,83.02999877929688,84.0,82.68000030517578,83.95999908447266,80.41126251220703,741300
2017-06-28,VRSK,83.02999877929688,84.0,82.68000030517578,83.95999908447266,80.41126251220703,741300
2017-06-29,VRSK,83.81999969482422,83.86000061035156,82.98999786376953,83.36000061035156,79.83661651611328,1062000
2017-06-29,VRSK,83.81999969482422,83.86000061035156,82.98999786376953,83.36000061035156,79.83661651611328,1062000
2017-06-30,VRSK,83.91000366210938,84.68000030517578,83.54000091552734,84.37000274658203,80.803955078125,982100
2017-06-30,VRSK,83.91000366210938,84.68000030517578,83.54000091552734,84.37000274658203,80.803955078125,982100
2017-07-03,VRSK,84.87000274658203,84.95999908447266,84.1500015258789,84.16999816894531,80.61239624023438,507200
2017-07-03,VRSK,84.87000274658203,84.95999908447266,84.1500015258789,84.16999816894531,80.61239624023438,507200
2017-07-05,VRSK,84.22000122070312,84.54000091552734,83.91999816894531,84.29000091552734,80.72733306884766,781000
2017-07-05,VRSK,84.22000122070312,84.54000091552734,83.91999816894531,84.29000091552734,80.72733306884766,781000
2017-07-06,VRSK,83.73999786376953,83.86000061035156,83.37999725341797,83.4800033569336,79.95156860351562,830300
2017-07-06,VRSK,83.73999786376953,83.86000061035156,83.37999725341797,83.4800033569336,79.95156860351562,830300
2017-07-07,VRSK,83.4800033569336,83.86000061035156,83.37999725341797,83.6500015258789,80.11437225341797,1077700
2017-07-07,VRSK,83.4800033569336,83.86000061035156,83.37999725341797,83.6500015258789,80.11437225341797,1077700
2017-07-10,VRSK,83.62999725341797,83.69000244140625,83.33000183105469,83.44999694824219,79.92282104492188,769600
2017-07-10,VRSK,83.62999725341797,83.69000244140625,83.33000183105469,83.44999694824219,79.92282104492188,769600
2017-07-11,VRSK,83.4800033569336,83.51000213623047,82.94000244140625,83.4800033569336,79.95156860351562,494600
2017-07-11,VRSK,83.4800033569336,83.51000213623047,82.94000244140625,83.4800033569336,79.95156860351562,494600
2017-07-12,VRSK,84.01000213623047,84.62000274658203,83.97000122070312,84.55000305175781,80.9763412475586,601600
2017-07-12,VRSK,84.01000213623047,84.62000274658203,83.97000122070312,84.55000305175781,80.9763412475586,601600
2017-07-13,VRSK,84.4000015258789,84.55000305175781,83.55999755859375,84.4000015258789,80.83268737792969,508500
2017-07-13,VRSK,84.4000015258789,84.55000305175781,83.55999755859375,84.4000015258789,80.83268737792969,508500
2017-07-14,VRSK,84.76000213623047,85.52999877929688,84.69000244140625,85.44000244140625,81.8287124633789,852000
2017-07-14,VRSK,84.76000213623047,85.52999877929688,84.69000244140625,85.44000244140625,81.8287124633789,852000
2017-07-17,VRSK,85.44999694824219,85.75,85.06999969482422,85.23999786376953,81.63716888427734,912500
2017-07-17,VRSK,85.44999694824219,85.75,85.06999969482422,85.23999786376953,81.63716888427734,912500
2017-07-18,VRSK,85.06999969482422,85.94000244140625,84.7300033569336,85.87000274658203,82.24054718017578,864700
2017-07-18,VRSK,85.06999969482422,85.94000244140625,84.7300033569336,85.87000274658203,82.24054718017578,864700
2017-07-19,VRSK,85.86000061035156,86.01000213623047,84.95999908447266,85.98999786376953,82.35546875,674500
2017-07-19,VRSK,85.86000061035156,86.01000213623047,84.95999908447266,85.98999786376953,82.35546875,674500
2017-07-20,VRSK,86.05000305175781,86.3499984741211,85.0,86.2699966430664,82.62362670898438,410200
2017-07-20,VRSK,86.05000305175781,86.3499984741211,85.0,86.2699966430664,82.62362670898438,410200
2017-07-21,VRSK,86.13999938964844,86.95999908447266,86.13999938964844,86.51000213623047,82.85346984863281,881500
2017-07-21,VRSK,86.13999938964844,86.95999908447266,86.13999938964844,86.51000213623047,82.85346984863281,881500
2017-07-24,VRSK,86.4800033569336,87.20999908447266,85.94999694824219,87.11000061035156,83.42813873291016,864400
2017-07-24,VRSK,86.4800033569336,87.20999908447266,85.94999694824219,87.11000061035156,83.42813873291016,864400
2017-07-25,VRSK,87.30000305175781,87.41999816894531,86.66000366210938,86.87999725341797,83.2078628540039,590300
2017-07-25,VRSK,87.30000305175781,87.41999816894531,86.66000366210938,86.87999725341797,83.2078628540039,590300
2017-07-26,VRSK,86.97000122070312,87.18000030517578,86.7699966430664,87.05999755859375,83.3802490234375,404100
2017-07-26,VRSK,86.97000122070312,87.18000030517578,86.7699966430664,87.05999755859375,83.3802490234375,404100
2017-07-27,VRSK,87.02999877929688,87.47000122070312,86.58000183105469,87.1500015258789,83.46644592285156,721700
2017-07-27,VRSK,87.02999877929688,87.47000122070312,86.58000183105469,87.1500015258789,83.46644592285156,721700
2017-07-28,VRSK,87.05999755859375,87.62000274658203,86.7699966430664,87.31999969482422,83.62922668457031,510200
2017-07-28,VRSK,87.05999755859375,87.62000274658203,86.7699966430664,87.31999969482422,83.62922668457031,510200
2017-07-31,VRSK,87.31999969482422,88.0,87.0,87.26000213623047,83.5718002319336,739600
2017-07-31,VRSK,87.31999969482422,88.0,87.0,87.26000213623047,83.5718002319336,739600
2017-08-01,VRSK,85.4800033569336,88.16999816894531,85.4800033569336,87.16999816894531,83.485595703125,1081600
2017-08-01,VRSK,85.4800033569336,88.16999816894531,85.4800033569336,87.16999816894531,83.485595703125,1081600
2017-08-02,VRSK,85.43000030517578,85.43000030517578,82.55000305175781,83.83999633789062,80.29634094238281,2072300
2017-08-02,VRSK,85.43000030517578,85.43000030517578,82.55000305175781,83.83999633789062,80.29634094238281,2072300
2017-08-03,VRSK,83.44999694824219,83.73999786376953,82.12000274658203,82.30999755859375,78.83100891113281,1470400
2017-08-03,VRSK,83.44999694824219,83.73999786376953,82.12000274658203,82.30999755859375,78.83100891113281,1470400
2017-08-04,VRSK,82.55999755859375,82.9800033569336,82.02999877929688,82.87999725341797,79.37692260742188,1043100
2017-08-04,VRSK,82.55999755859375,82.9800033569336,82.02999877929688,82.87999725341797,79.37692260742188,1043100
2017-08-07,VRSK,82.98999786376953,83.23999786376953,82.1500015258789,82.5199966430664,79.0321273803711,749900
2017-08-07,VRSK,82.98999786376953,83.23999786376953,82.1500015258789,82.5199966430664,79.0321273803711,749900
2017-08-08,VRSK,82.33000183105469,82.75,81.86000061035156,81.88999938964844,78.42876434326172,597400
2017-08-08,VRSK,82.33000183105469,82.75,81.86000061035156,81.88999938964844,78.42876434326172,597400
2017-08-09,VRSK,81.91000366210938,82.02999877929688,81.41000366210938,81.52999877929688,78.083984375,721700
2017-08-09,VRSK,81.91000366210938,82.02999877929688,81.41000366210938,81.52999877929688,78.083984375,721700
2017-08-10,VRSK,81.2300033569336,81.41000366210938,80.55999755859375,80.58000183105469,77.17414855957031,788600
2017-08-10,VRSK,81.2300033569336,81.41000366210938,80.55999755859375,80.58000183105469,77.17414855957031,788600
2017-08-11,VRSK,80.95999908447266,81.19999694824219,80.58999633789062,80.62000274658203,77.21243286132812,551100
2017-08-11,VRSK,80.95999908447266,81.19999694824219,80.58999633789062,80.62000274658203,77.21243286132812,551100
2017-08-14,VRSK,81.1500015258789,81.69999694824219,80.94000244140625,81.44000244140625,77.997802734375,504800
2017-08-14,VRSK,81.1500015258789,81.69999694824219,80.94000244140625,81.44000244140625,77.997802734375,504800
2017-08-15,VRSK,81.4800033569336,81.66999816894531,81.19999694824219,81.4000015258789,77.95945739746094,552500
2017-08-15,VRSK,81.4800033569336,81.66999816894531,81.19999694824219,81.4000015258789,77.95945739746094,552500
2017-08-16,VRSK,81.61000061035156,81.88999938964844,81.27999877929688,81.6500015258789,78.19889831542969,559500
2017-08-16,VRSK,81.61000061035156,81.88999938964844,81.27999877929688,81.6500015258789,78.19889831542969,559500
2017-08-17,VRSK,81.51000213623047,81.9000015258789,80.81999969482422,80.9000015258789,77.4806137084961,1111400
2017-08-17,VRSK,81.51000213623047,81.9000015258789,80.81999969482422,80.9000015258789,77.4806137084961,1111400
2017-08-18,VRSK,80.38999938964844,80.95999908447266,80.12000274658203,80.6500015258789,77.24117279052734,850900
2017-08-18,VRSK,80.38999938964844,80.95999908447266,80.12000274658203,80.6500015258789,77.24117279052734,850900
2017-08-21,VRSK,80.80000305175781,81.30000305175781,80.43000030517578,81.06999969482422,77.6434326171875,535900
2017-08-21,VRSK,80.80000305175781,81.30000305175781,80.43000030517578,81.06999969482422,77.6434326171875,535900
2017-08-22,VRSK,81.20999908447266,82.36000061035156,81.05999755859375,82.05000305175781,78.5820083618164,633500
2017-08-22,VRSK,81.20999908447266,82.36000061035156,81.05999755859375,82.05000305175781,78.5820083618164,633500
2017-08-23,VRSK,81.87000274658203,81.87000274658203,81.18000030517578,81.20999908447266,77.7774887084961,603100
2017-08-23,VRSK,81.87000274658203,81.87000274658203,81.18000030517578,81.20999908447266,77.7774887084961,603100
2017-08-24,VRSK,81.30000305175781,81.30000305175781,79.87000274658203,80.26000213623047,76.86766052246094,717300
2017-08-24,VRSK,81.30000305175781,81.30000305175781,79.87000274658203,80.26000213623047,76.86766052246094,717300
2017-08-25,VRSK,80.75,80.75,79.58999633789062,79.66999816894531,76.3026123046875,994600
2017-08-25,VRSK,80.75,80.75,79.58999633789062,79.66999816894531,76.3026123046875,994600
2017-08-28,VRSK,80.0,80.1500015258789,79.08000183105469,79.2300033569336,75.88118743896484,653000
2017-08-28,VRSK,80.0,80.1500015258789,79.08000183105469,79.2300033569336,75.88118743896484,653000
2017-08-29,VRSK,79.29000091552734,79.61000061035156,78.97000122070312,79.5199966430664,76.1589126586914,813100
2017-08-29,VRSK,79.29000091552734,79.61000061035156,78.97000122070312,79.5199966430664,76.1589126586914,813100
2017-08-30,VRSK,79.62000274658203,80.3499984741211,79.19999694824219,80.16000366210938,76.77188873291016,957600
2017-08-30,VRSK,79.62000274658203,80.3499984741211,79.19999694824219,80.16000366210938,76.77188873291016,957600
2017-08-31,VRSK,80.25,81.19000244140625,80.16000366210938,81.05000305175781,77.6242446899414,660400
2017-08-31,VRSK,80.25,81.19000244140625,80.16000366210938,81.05000305175781,77.6242446899414,660400
2017-09-01,VRSK,81.37999725341797,81.37999725341797,80.80999755859375,80.9800033569336,77.55724334716797,631300
2017-09-01,VRSK,81.37999725341797,81.37999725341797,80.80999755859375,80.9800033569336,77.55724334716797,631300
2017-09-05,VRSK,80.81999969482422,81.23999786376953,80.41999816894531,80.62000274658203,77.21243286132812,1056000
2017-09-05,VRSK,80.81999969482422,81.23999786376953,80.41999816894531,80.62000274658203,77.21243286132812,1056000
2017-09-06,VRSK,80.72000122070312,81.18000030517578,80.58999633789062,81.05999755859375,77.63382720947266,767700
2017-09-06,VRSK,80.72000122070312,81.18000030517578,80.58999633789062,81.05999755859375,77.63382720947266,767700
2017-09-07,VRSK,81.16000366210938,82.3499984741211,81.16000366210938,82.0,78.53411865234375,893400
2017-09-07,VRSK,81.16000366210938,82.3499984741211,81.16000366210938,82.0,78.53411865234375,893400
2017-09-08,VRSK,81.7300033569336,82.80000305175781,80.88999938964844,82.4800033569336,78.99384307861328,665400
2017-09-08,VRSK,81.7300033569336,82.80000305175781,80.88999938964844,82.4800033569336,78.99384307861328,665400
2017-09-11,VRSK,82.91999816894531,82.93000030517578,81.87000274658203,82.02999877929688,78.56282806396484,796300
2017-09-11,VRSK,82.91999816894531,82.93000030517578,81.87000274658203,82.02999877929688,78.56282806396484,796300
2017-09-12,VRSK,82.0199966430664,83.0,81.5,82.9000015258789,79.39607238769531,628100
2017-09-12,VRSK,82.0199966430664,83.0,81.5,82.9000015258789,79.39607238769531,628100
2017-09-13,VRSK,82.63999938964844,82.6500015258789,81.33000183105469,81.44999694824219,78.00736236572266,557400
2017-09-13,VRSK,82.63999938964844,82.6500015258789,81.33000183105469,81.44999694824219,78.00736236572266,557400
2017-09-14,VRSK,81.25,81.48999786376953,80.31999969482422,80.69000244140625,77.27949523925781,817300
2017-09-14,VRSK,81.25,81.48999786376953,80.31999969482422,80.69000244140625,77.27949523925781,817300
2017-09-15,VRSK,80.72000122070312,81.4000015258789,80.52999877929688,81.02999877929688,77.60511016845703,1191700
2017-09-15,VRSK,80.72000122070312,81.4000015258789,80.52999877929688,81.02999877929688,77.60511016845703,1191700
2017-09-18,VRSK,81.0999984741211,81.80999755859375,80.91999816894531,81.7699966430664,78.3138427734375,621000
2017-09-18,VRSK,81.0999984741211,81.80999755859375,80.91999816894531,81.7699966430664,78.3138427734375,621000
2017-09-19,VRSK,81.80999755859375,81.80999755859375,81.37999725341797,81.70999908447266,78.25634765625,390300
2017-09-19,VRSK,81.80999755859375,81.80999755859375,81.37999725341797,81.70999908447266,78.25634765625,390300
2017-09-20,VRSK,81.69999694824219,82.48999786376953,81.44999694824219,82.08999633789062,78.62032318115234,570500
2017-09-20,VRSK,81.69999694824219,82.48999786376953,81.44999694824219,82.08999633789062,78.62032318115234,570500
2017-09-21,VRSK,82.01000213623047,82.31999969482422,81.69999694824219,81.94999694824219,78.48622131347656,463900
2017-09-21,VRSK,82.01000213623047,82.31999969482422,81.69999694824219,81.94999694824219,78.48622131347656,463900
2017-09-22,VRSK,81.58000183105469,82.37999725341797,81.58000183105469,82.30999755859375,78.83100891113281,393600
2017-09-22,VRSK,81.58000183105469,82.37999725341797,81.58000183105469,82.30999755859375,78.83100891113281,393600
2017-09-25,VRSK,82.20999908447266,82.4000015258789,81.81999969482422,82.02999877929688,78.56282806396484,595900
2017-09-25,VRSK,82.20999908447266,82.4000015258789,81.81999969482422,82.02999877929688,78.56282806396484,595900
2017-09-26,VRSK,82.5,82.5,81.69999694824219,81.9000015258789,78.4383544921875,1049400
2017-09-26,VRSK,82.5,82.5,81.69999694824219,81.9000015258789,78.4383544921875,1049400
2017-09-27,VRSK,82.02999877929688,82.26000213623047,81.69000244140625,81.9800033569336,78.51497650146484,737800
2017-09-27,VRSK,82.02999877929688,82.26000213623047,81.69000244140625,81.9800033569336,78.51497650146484,737800
2017-09-28,VRSK,81.58000183105469,82.44000244140625,81.48999786376953,82.4000015258789,78.91722869873047,864000
2017-09-28,VRSK,81.58000183105469,82.44000244140625,81.48999786376953,82.4000015258789,78.91722869873047,864000
2017-09-29,VRSK,82.27999877929688,83.83999633789062,82.2699966430664,83.19000244140625,79.67381286621094,922200
2017-09-29,VRSK,82.27999877929688,83.83999633789062,82.2699966430664,83.19000244140625,79.67381286621094,922200
2017-10-02,VRSK,83.4000015258789,84.08999633789062,83.01000213623047,83.5199966430664,79.9898681640625,794900
2017-10-02,VRSK,83.4000015258789,84.08999633789062,83.01000213623047,83.5199966430664,79.9898681640625,794900
2017-10-03,VRSK,83.56999969482422,84.05000305175781,83.0999984741211,83.75,80.21013641357422,548700
2017-10-03,VRSK,83.56999969482422,84.05000305175781,83.0999984741211,83.75,80.21013641357422,548700
2017-10-04,VRSK,83.73999786376953,84.0,83.11000061035156,83.87000274658203,80.32506561279297,462900
2017-10-04,VRSK,83.73999786376953,84.0,83.11000061035156,83.87000274658203,80.32506561279297,462900
2017-10-05,VRSK,83.87999725341797,84.01000213623047,83.58000183105469,83.80000305175781,80.258056640625,495000
2017-10-05,VRSK,83.87999725341797,84.01000213623047,83.58000183105469,83.80000305175781,80.258056640625,495000
2017-10-06,VRSK,83.63999938964844,83.87999725341797,83.20999908447266,83.5,79.97071075439453,493900
2017-10-06,VRSK,83.63999938964844,83.87999725341797,83.20999908447266,83.5,79.97071075439453,493900
2017-10-09,VRSK,83.36000061035156,83.68000030517578,83.02999877929688,83.33000183105469,79.80790710449219,493500
2017-10-09,VRSK,83.36000061035156,83.68000030517578,83.02999877929688,83.33000183105469,79.80790710449219,493500
2017-10-10,VRSK,83.37000274658203,83.86000061035156,83.33000183105469,83.73999786376953,80.2005844116211,401200
2017-10-10,VRSK,83.37000274658203,83.86000061035156,83.33000183105469,83.73999786376953,80.2005844116211,401200
2017-10-11,VRSK,83.72000122070312,83.97000122070312,83.16000366210938,83.36000061035156,79.83661651611328,530000
2017-10-11,VRSK,83.72000122070312,83.97000122070312,83.16000366210938,83.36000061035156,79.83661651611328,530000
2017-10-12,VRSK,83.38999938964844,83.98999786376953,83.20999908447266,83.81999969482422,80.27717590332031,640200
2017-10-12,VRSK,83.38999938964844,83.98999786376953,83.20999908447266,83.81999969482422,80.27717590332031,640200
2017-10-13,VRSK,84.2699966430664,84.5999984741211,83.91000366210938,84.0,80.44957733154297,474000
2017-10-13,VRSK,84.2699966430664,84.5999984741211,83.91000366210938,84.0,80.44957733154297,474000
2017-10-16,VRSK,83.95999908447266,84.26000213623047,83.73999786376953,84.06999969482422,80.51663208007812,379000
2017-10-16,VRSK,83.95999908447266,84.26000213623047,83.73999786376953,84.06999969482422,80.51663208007812,379000
2017-10-17,VRSK,84.01000213623047,84.44000244140625,83.81999969482422,84.30999755859375,80.74646759033203,441400
2017-10-17,VRSK,84.01000213623047,84.44000244140625,83.81999969482422,84.30999755859375,80.74646759033203,441400
2017-10-18,VRSK,84.26000213623047,84.9000015258789,84.26000213623047,84.80000305175781,81.21577453613281,428500
2017-10-18,VRSK,84.26000213623047,84.9000015258789,84.26000213623047,84.80000305175781,81.21577453613281,428500
2017-10-19,VRSK,84.80000305175781,84.91999816894531,84.12000274658203,84.91000366210938,81.32110595703125,514800
2017-10-19,VRSK,84.80000305175781,84.91999816894531,84.12000274658203,84.91000366210938,81.32110595703125,514800
2017-10-20,VRSK,85.0,85.37000274658203,84.76000213623047,84.8499984741211,81.2636489868164,748500
2017-10-20,VRSK,85.0,85.37000274658203,84.76000213623047,84.8499984741211,81.2636489868164,748500
2017-10-23,VRSK,84.87999725341797,85.06999969482422,84.36000061035156,84.7699966430664,81.18702697753906,634100
2017-10-23,VRSK,84.87999725341797,85.06999969482422,84.36000061035156,84.7699966430664,81.18702697753906,634100
2017-10-24,VRSK,84.7300033569336,85.1500015258789,84.37000274658203,84.87999725341797,81.29238891601562,532400
2017-10-24,VRSK,84.7300033569336,85.1500015258789,84.37000274658203,84.87999725341797,81.29238891601562,532400
2017-10-25,VRSK,84.52999877929688,84.93000030517578,83.95999908447266,84.19999694824219,80.64112091064453,540600
2017-10-25,VRSK,84.52999877929688,84.93000030517578,83.95999908447266,84.19999694824219,80.64112091064453,540600
2017-10-26,VRSK,84.4800033569336,85.16000366210938,84.29000091552734,84.83000183105469,81.24449920654297,777200
2017-10-26,VRSK,84.4800033569336,85.16000366210938,84.29000091552734,84.83000183105469,81.24449920654297,777200
2017-10-27,VRSK,84.52999877929688,85.3499984741211,84.37000274658203,84.94000244140625,81.34986877441406,1169500
2017-10-27,VRSK,84.52999877929688,85.3499984741211,84.37000274658203,84.94000244140625,81.34986877441406,1169500
2017-10-30,VRSK,84.91999816894531,85.16000366210938,84.4000015258789,84.69999694824219,81.1199951171875,779000
2017-10-30,VRSK,84.91999816894531,85.16000366210938,84.4000015258789,84.69999694824219,81.1199951171875,779000
2017-10-31,VRSK,84.80999755859375,85.41999816894531,84.66000366210938,85.05000305175781,81.4552230834961,1239800
2017-10-31,VRSK,84.80999755859375,85.41999816894531,84.66000366210938,85.05000305175781,81.4552230834961,1239800
2017-11-01,VRSK,86.0,91.33999633789062,86.0,89.87999725341797,86.0810317993164,2413500
2017-11-01,VRSK,86.0,91.33999633789062,86.0,89.87999725341797,86.0810317993164,2413500
2017-11-02,VRSK,90.3000030517578,91.30999755859376,89.93000030517578,91.0199966430664,87.17288208007812,1598500
2017-11-02,VRSK,90.3000030517578,91.30999755859376,89.93000030517578,91.0199966430664,87.17288208007812,1598500
2017-11-03,VRSK,91.08000183105467,91.41000366210938,90.1500015258789,91.02999877929688,87.18244171142578,877100
2017-11-03,VRSK,91.08000183105467,91.41000366210938,90.1500015258789,91.02999877929688,87.18244171142578,877100
2017-11-06,VRSK,90.94000244140624,91.7300033569336,90.30999755859376,91.0999984741211,87.2494888305664,797600
2017-11-06,VRSK,90.94000244140624,91.7300033569336,90.30999755859376,91.0999984741211,87.2494888305664,797600
2017-11-07,VRSK,91.8000030517578,92.91999816894533,91.6999969482422,92.29000091552734,88.38919067382812,924500
2017-11-07,VRSK,91.8000030517578,92.91999816894533,91.6999969482422,92.29000091552734,88.38919067382812,924500
2017-11-08,VRSK,92.13999938964844,92.86000061035156,91.8499984741211,92.56999969482422,88.65736389160156,980800
2017-11-08,VRSK,92.13999938964844,92.86000061035156,91.8499984741211,92.56999969482422,88.65736389160156,980800
2017-11-09,VRSK,92.16000366210938,92.77999877929688,90.66999816894533,90.81999969482422,86.9813232421875,751500
2017-11-09,VRSK,92.16000366210938,92.77999877929688,90.66999816894533,90.81999969482422,86.9813232421875,751500
2017-11-10,VRSK,90.72000122070312,90.72000122070312,89.94999694824219,90.20999908447266,86.3970947265625,889600
2017-11-10,VRSK,90.72000122070312,90.72000122070312,89.94999694824219,90.20999908447266,86.3970947265625,889600
2017-11-13,VRSK,90.02999877929688,90.43000030517578,89.6500015258789,90.12000274658205,86.3108901977539,888900
2017-11-13,VRSK,90.02999877929688,90.43000030517578,89.6500015258789,90.12000274658205,86.3108901977539,888900
2017-11-14,VRSK,89.98999786376953,91.58999633789062,89.97000122070312,91.11000061035156,87.25906372070312,1044100
2017-11-14,VRSK,89.98999786376953,91.58999633789062,89.97000122070312,91.11000061035156,87.25906372070312,1044100
2017-11-15,VRSK,91.0999984741211,91.31999969482422,90.38999938964844,90.83000183105467,86.99089050292969,613200
2017-11-15,VRSK,91.0999984741211,91.31999969482422,90.38999938964844,90.83000183105467,86.99089050292969,613200
2017-11-16,VRSK,91.12999725341795,91.41000366210938,90.62999725341795,90.81999969482422,86.9813232421875,1090200
2017-11-16,VRSK,91.12999725341795,91.41000366210938,90.62999725341795,90.81999969482422,86.9813232421875,1090200
2017-11-17,VRSK,90.87999725341795,92.20999908447266,90.68000030517578,91.86000061035156,87.97735595703125,1884000
2017-11-17,VRSK,90.87999725341795,92.20999908447266,90.68000030517578,91.86000061035156,87.97735595703125,1884000
2017-11-20,VRSK,91.73999786376952,92.55999755859376,91.62000274658205,92.52999877929688,88.61903381347656,1030800
2017-11-20,VRSK,91.73999786376952,92.55999755859376,91.62000274658205,92.52999877929688,88.61903381347656,1030800
2017-11-21,VRSK,92.72000122070312,94.0999984741211,92.6500015258789,93.58000183105467,89.6246566772461,1269500
2017-11-21,VRSK,92.72000122070312,94.0999984741211,92.6500015258789,93.58000183105467,89.6246566772461,1269500
2017-11-22,VRSK,93.5199966430664,94.26000213623048,93.20999908447266,93.81999969482422,89.85454559326172,946700
2017-11-22,VRSK,93.5199966430664,94.26000213623048,93.20999908447266,93.81999969482422,89.85454559326172,946700
2017-11-24,VRSK,93.8000030517578,94.12999725341795,93.5199966430664,93.87999725341795,89.91199493408203,223800
2017-11-24,VRSK,93.8000030517578,94.12999725341795,93.5199966430664,93.87999725341795,89.91199493408203,223800
2017-11-27,VRSK,93.87999725341795,94.51000213623048,93.87000274658205,94.22000122070312,90.23760986328124,685200
2017-11-27,VRSK,93.87999725341795,94.51000213623048,93.87000274658205,94.22000122070312,90.23760986328124,685200
2017-11-28,VRSK,94.41000366210938,95.25,94.12999725341795,95.2300033569336,91.20491790771484,759500
2017-11-28,VRSK,94.41000366210938,95.25,94.12999725341795,95.2300033569336,91.20491790771484,759500
2017-11-29,VRSK,95.29000091552734,95.91999816894533,94.80999755859376,94.9800033569336,90.96548461914062,681700
2017-11-29,VRSK,95.29000091552734,95.91999816894533,94.80999755859376,94.9800033569336,90.96548461914062,681700
2017-11-30,VRSK,95.19000244140624,96.91999816894533,94.83999633789062,96.41999816894533,92.3446273803711,904500
2017-11-30,VRSK,95.19000244140624,96.91999816894533,94.83999633789062,96.41999816894533,92.3446273803711,904500
2017-12-01,VRSK,98.0500030517578,98.5999984741211,94.18000030517578,95.63999938964844,91.59757995605467,957700
2017-12-01,VRSK,98.0500030517578,98.5999984741211,94.18000030517578,95.63999938964844,91.59757995605467,957700
2017-12-04,VRSK,95.81999969482422,96.70999908447266,95.79000091552734,96.01000213623048,91.95197296142578,877000
2017-12-04,VRSK,95.81999969482422,96.70999908447266,95.79000091552734,96.01000213623048,91.95197296142578,877000
2017-12-05,VRSK,96.33999633789062,96.6500015258789,95.87999725341795,95.94000244140624,91.88491821289062,838300
2017-12-05,VRSK,96.33999633789062,96.6500015258789,95.87999725341795,95.94000244140624,91.88491821289062,838300
2017-12-06,VRSK,96.08000183105467,96.3499984741211,95.62000274658205,95.87000274658205,91.81788635253906,605500
2017-12-06,VRSK,96.08000183105467,96.3499984741211,95.62000274658205,95.87000274658205,91.81788635253906,605500
2017-12-07,VRSK,96.25,96.41000366210938,95.3499984741211,95.44000244140624,91.40604400634766,715700
2017-12-07,VRSK,96.25,96.41000366210938,95.3499984741211,95.44000244140624,91.40604400634766,715700
2017-12-08,VRSK,96.01000213623048,96.37999725341795,95.3499984741211,96.16000366210938,92.09561920166016,565100
2017-12-08,VRSK,96.01000213623048,96.37999725341795,95.3499984741211,96.16000366210938,92.09561920166016,565100
2017-12-11,VRSK,95.95999908447266,95.95999908447266,94.2300033569336,94.31999969482422,90.3333740234375,1249400
2017-12-11,VRSK,95.95999908447266,95.95999908447266,94.2300033569336,94.31999969482422,90.3333740234375,1249400
2017-12-12,VRSK,94.4800033569336,94.8499984741211,93.7300033569336,94.5999984741211,90.60154724121094,972400
2017-12-12,VRSK,94.4800033569336,94.8499984741211,93.7300033569336,94.5999984741211,90.60154724121094,972400
2017-12-13,VRSK,94.79000091552734,95.0999984741211,94.25,94.41000366210938,90.41959381103516,848200
2017-12-13,VRSK,94.79000091552734,95.0999984741211,94.25,94.41000366210938,90.41959381103516,848200
2017-12-14,VRSK,94.55999755859376,95.76000213623048,94.5,94.7300033569336,90.72606658935548,1015500
2017-12-14,VRSK,94.55999755859376,95.76000213623048,94.5,94.7300033569336,90.72606658935548,1015500
2017-12-15,VRSK,95.0,95.62000274658205,94.38999938964844,95.0,90.98465728759766,2703900
2017-12-15,VRSK,95.0,95.62000274658205,94.38999938964844,95.0,90.98465728759766,2703900
2017-12-18,VRSK,95.41000366210938,96.36000061035156,95.31999969482422,95.94000244140624,91.88491821289062,824200
2017-12-18,VRSK,95.41000366210938,96.36000061035156,95.31999969482422,95.94000244140624,91.88491821289062,824200
2017-12-19,VRSK,95.7699966430664,96.76000213623048,95.45999908447266,96.0,91.9423828125,1067500
2017-12-19,VRSK,95.7699966430664,96.76000213623048,95.45999908447266,96.0,91.9423828125,1067500
2017-12-20,VRSK,96.37999725341795,97.08999633789062,96.08000183105467,96.31999969482422,92.24885559082033,822700
2017-12-20,VRSK,96.37999725341795,97.08999633789062,96.08000183105467,96.31999969482422,92.24885559082033,822700
2017-12-21,VRSK,96.83000183105467,96.83000183105467,95.31999969482422,95.58000183105467,91.54011535644533,652700
2017-12-21,VRSK,96.83000183105467,96.83000183105467,95.31999969482422,95.58000183105467,91.54011535644533,652700
2017-12-22,VRSK,95.5199966430664,95.73999786376952,94.93000030517578,95.33000183105467,91.30069732666016,656200
2017-12-22,VRSK,95.5199966430664,95.73999786376952,94.93000030517578,95.33000183105467,91.30069732666016,656200
2017-12-26,VRSK,95.45999908447266,96.16999816894533,95.27999877929688,95.6500015258789,91.60717010498048,456900
2017-12-26,VRSK,95.45999908447266,96.16999816894533,95.27999877929688,95.6500015258789,91.60717010498048,456900
2017-12-27,VRSK,95.95999908447266,96.0500030517578,95.44000244140624,95.7699966430664,91.72210693359376,369300
2017-12-27,VRSK,95.95999908447266,96.0500030517578,95.44000244140624,95.7699966430664,91.72210693359376,369300
2017-12-28,VRSK,95.54000091552734,96.5199966430664,95.54000091552734,96.4499969482422,92.37335205078124,597800
2017-12-28,VRSK,95.54000091552734,96.5199966430664,95.54000091552734,96.4499969482422,92.37335205078124,597800
2017-12-29,VRSK,96.41000366210938,97.0,95.93000030517578,96.0,91.9423828125,529400
2017-12-29,VRSK,96.41000366210938,97.0,95.93000030517578,96.0,91.9423828125,529400
2018-01-02,VRSK,96.4800033569336,96.73999786376952,95.37999725341795,95.83000183105467,91.77955627441406,653900
2018-01-02,VRSK,96.4800033569336,96.73999786376952,95.37999725341795,95.83000183105467,91.77955627441406,653900
2018-01-03,VRSK,95.76000213623048,95.97000122070312,95.26000213623048,95.5500030517578,91.51142120361328,760200
2018-01-03,VRSK,95.76000213623048,95.97000122070312,95.26000213623048,95.5500030517578,91.51142120361328,760200
2018-01-04,VRSK,95.95999908447266,96.29000091552734,95.58000183105467,96.02999877929688,91.97113037109376,960300
2018-01-04,VRSK,95.95999908447266,96.29000091552734,95.58000183105467,96.02999877929688,91.97113037109376,960300
2018-01-05,VRSK,96.5,96.95999908447266,95.91999816894533,96.87999725341795,92.78518676757812,882100
2018-01-05,VRSK,96.5,96.95999908447266,95.91999816894533,96.87999725341795,92.78518676757812,882100
2018-01-08,VRSK,96.55999755859376,97.55999755859376,96.33999633789062,97.0,92.90011596679688,791600
2018-01-08,VRSK,96.55999755859376,97.55999755859376,96.33999633789062,97.0,92.90011596679688,791600
2018-01-09,VRSK,97.0199966430664,97.19000244140624,96.33000183105467,96.7300033569336,92.64152526855467,566900
2018-01-09,VRSK,97.0199966430664,97.19000244140624,96.33000183105467,96.7300033569336,92.64152526855467,566900
2018-01-10,VRSK,97.12999725341795,97.12999725341795,96.06999969482422,96.33999633789062,92.26799774169922,437500
2018-01-10,VRSK,97.12999725341795,97.12999725341795,96.06999969482422,96.33999633789062,92.26799774169922,437500
2018-01-11,VRSK,96.38999938964844,96.7300033569336,96.02999877929688,96.66999816894533,92.58405303955078,357900
2018-01-11,VRSK,96.38999938964844,96.7300033569336,96.02999877929688,96.66999816894533,92.58405303955078,357900
2018-01-12,VRSK,96.77999877929688,97.58999633789062,96.43000030517578,97.5,93.37895965576172,734500
2018-01-12,VRSK,96.77999877929688,97.58999633789062,96.43000030517578,97.5,93.37895965576172,734500
2018-01-16,VRSK,97.37000274658205,97.88999938964844,97.0999984741211,97.1999969482422,93.09165954589844,967600
2018-01-16,VRSK,97.37000274658205,97.88999938964844,97.0999984741211,97.1999969482422,93.09165954589844,967600
2018-01-17,VRSK,97.75,98.2699966430664,97.2699966430664,98.01000213623048,93.86744689941406,719800
2018-01-17,VRSK,97.75,98.2699966430664,97.2699966430664,98.01000213623048,93.86744689941406,719800
2018-01-18,VRSK,98.08999633789062,98.72000122070312,96.29000091552734,98.1999969482422,94.04939270019533,764000
2018-01-18,VRSK,98.08999633789062,98.72000122070312,96.29000091552734,98.1999969482422,94.04939270019533,764000
2018-01-19,VRSK,98.5,99.08999633789062,97.98999786376952,98.9000015258789,94.71981048583984,1088600
2018-01-19,VRSK,98.5,99.08999633789062,97.98999786376952,98.9000015258789,94.71981048583984,1088600
2018-01-22,VRSK,99.01000213623048,99.5500030517578,98.33999633789062,99.5199966430664,95.31359100341795,628700
2018-01-22,VRSK,99.01000213623048,99.5500030517578,98.33999633789062,99.5199966430664,95.31359100341795,628700
2018-01-23,VRSK,99.08000183105467,99.3000030517578,97.33000183105467,99.25,95.05501556396484,922100
2018-01-23,VRSK,99.08000183105467,99.3000030517578,97.33000183105467,99.25,95.05501556396484,922100
2018-01-24,VRSK,99.25,99.91999816894533,98.88999938964844,99.0,94.81555938720705,637400
2018-01-24,VRSK,99.25,99.91999816894533,98.88999938964844,99.0,94.81555938720705,637400
2018-01-25,VRSK,99.4499969482422,99.70999908447266,98.52999877929688,98.58999633789062,94.42290496826172,653200
2018-01-25,VRSK,99.4499969482422,99.70999908447266,98.52999877929688,98.58999633789062,94.42290496826172,653200
2018-01-26,VRSK,98.95999908447266,98.95999908447266,97.87000274658205,98.30999755859376,94.15473175048828,1477600
2018-01-26,VRSK,98.95999908447266,98.95999908447266,97.87000274658205,98.30999755859376,94.15473175048828,1477600
2018-01-29,VRSK,98.0,98.86000061035156,97.54000091552734,98.25,94.0972671508789,1033600
2018-01-29,VRSK,98.0,98.86000061035156,97.54000091552734,98.25,94.0972671508789,1033600
2018-01-30,VRSK,98.29000091552734,99.4000015258789,97.87999725341795,99.12000274658205,94.93049621582033,1253600
2018-01-30,VRSK,98.29000091552734,99.4000015258789,97.87999725341795,99.12000274658205,94.93049621582033,1253600
2018-01-31,VRSK,99.16999816894533,100.54000091552734,98.72000122070312,100.0500030517578,95.82122039794922,1264600
2018-01-31,VRSK,99.16999816894533,100.54000091552734,98.72000122070312,100.0500030517578,95.82122039794922,1264600
2018-02-01,VRSK,99.2300033569336,100.33999633789062,98.0,100.26000213623048,96.0223159790039,1599800
2018-02-01,VRSK,99.2300033569336,100.33999633789062,98.0,100.26000213623048,96.0223159790039,1599800
2018-02-02,VRSK,99.83999633789062,100.26000213623048,98.8000030517578,98.83000183105467,94.65277099609376,1086600
2018-02-02,VRSK,99.83999633789062,100.26000213623048,98.8000030517578,98.83000183105467,94.65277099609376,1086600
2018-02-05,VRSK,98.87999725341795,99.30999755859376,94.8499984741211,94.88999938964844,90.87928009033205,1257500
2018-02-05,VRSK,98.87999725341795,99.30999755859376,94.8499984741211,94.88999938964844,90.87928009033205,1257500
2018-02-06,VRSK,93.52999877929688,95.44000244140624,92.4000015258789,95.01000213623048,90.99421691894533,1246900
2018-02-06,VRSK,93.52999877929688,95.44000244140624,92.4000015258789,95.01000213623048,90.99421691894533,1246900
2018-02-07,VRSK,94.61000061035156,96.4000015258789,94.5199966430664,94.69000244140624,90.68775177001952,940100
2018-02-07,VRSK,94.61000061035156,96.4000015258789,94.5199966430664,94.69000244140624,90.68775177001952,940100
2018-02-08,VRSK,94.6999969482422,95.48999786376952,92.23999786376952,92.27999877929688,88.37960052490234,1038200
2018-02-08,VRSK,94.6999969482422,95.48999786376952,92.23999786376952,92.27999877929688,88.37960052490234,1038200
2018-02-09,VRSK,92.9800033569336,93.54000091552734,90.5999984741211,92.91000366210938,88.98298645019531,1134700
2018-02-09,VRSK,92.9800033569336,93.54000091552734,90.5999984741211,92.91000366210938,88.98298645019531,1134700
2018-02-12,VRSK,93.58000183105467,95.12999725341795,92.88999938964844,94.3000030517578,90.31424713134766,900200
2018-02-12,VRSK,93.58000183105467,95.12999725341795,92.88999938964844,94.3000030517578,90.31424713134766,900200
2018-02-13,VRSK,93.94000244140624,95.08000183105467,92.62000274658205,94.87999725341795,90.86969757080078,800200
2018-02-13,VRSK,93.94000244140624,95.08000183105467,92.62000274658205,94.87999725341795,90.86969757080078,800200
2018-02-14,VRSK,94.37000274658205,96.77999877929688,93.5199966430664,96.62999725341795,92.54576873779295,916000
2018-02-14,VRSK,94.37000274658205,96.77999877929688,93.5199966430664,96.62999725341795,92.54576873779295,916000
2018-02-15,VRSK,97.4000015258789,98.2300033569336,96.51000213623048,98.2300033569336,94.07813262939452,937600
2018-02-15,VRSK,97.4000015258789,98.2300033569336,96.51000213623048,98.2300033569336,94.07813262939452,937600
2018-02-16,VRSK,98.16999816894533,99.68000030517578,98.16999816894533,98.79000091552734,94.61443328857422,2067700
2018-02-16,VRSK,98.16999816894533,99.68000030517578,98.16999816894533,98.79000091552734,94.61443328857422,2067700
2018-02-20,VRSK,98.51000213623048,98.51000213623048,96.58999633789062,97.04000091552734,92.93842315673828,1466200
2018-02-20,VRSK,98.51000213623048,98.51000213623048,96.58999633789062,97.04000091552734,92.93842315673828,1466200
2018-02-21,VRSK,100.0,102.0,99.0,99.2300033569336,95.0358657836914,1855600
2018-02-21,VRSK,100.0,102.0,99.0,99.2300033569336,95.0358657836914,1855600
2018-02-22,VRSK,100.62000274658205,101.69000244140624,98.98999786376952,99.61000061035156,95.3998031616211,1734000
2018-02-22,VRSK,100.62000274658205,101.69000244140624,98.98999786376952,99.61000061035156,95.3998031616211,1734000
2018-02-23,VRSK,100.0,101.56999969482422,99.18000030517578,101.54000091552734,97.24822998046876,802700
2018-02-23,VRSK,100.0,101.56999969482422,99.18000030517578,101.54000091552734,97.24822998046876,802700
2018-02-26,VRSK,101.83000183105467,103.62000274658205,101.79000091552734,103.58999633789062,99.2115707397461,1005800
2018-02-26,VRSK,101.83000183105467,103.62000274658205,101.79000091552734,103.58999633789062,99.2115707397461,1005800
2018-02-27,VRSK,103.8499984741211,103.86000061035156,103.04000091552734,103.06999969482422,98.71356964111328,951300
2018-02-27,VRSK,103.8499984741211,103.86000061035156,103.04000091552734,103.06999969482422,98.71356964111328,951300
2018-02-28,VRSK,103.66999816894533,103.72000122070312,102.16000366210938,102.19000244140624,97.8707504272461,867400
2018-02-28,VRSK,103.66999816894533,103.72000122070312,102.16000366210938,102.19000244140624,97.8707504272461,867400
2018-03-01,VRSK,102.0,102.68000030517578,100.0,101.05999755859376,96.78851318359376,996700
2018-03-01,VRSK,102.0,102.68000030517578,100.0,101.05999755859376,96.78851318359376,996700
2018-03-02,VRSK,100.19000244140624,101.58999633789062,99.3000030517578,101.37000274658205,97.08539581298828,1140600
2018-03-02,VRSK,100.19000244140624,101.58999633789062,99.3000030517578,101.37000274658205,97.08539581298828,1140600
2018-03-05,VRSK,101.2699966430664,103.33999633789062,100.86000061035156,103.08999633789062,98.73269653320312,857700
2018-03-05,VRSK,101.2699966430664,103.33999633789062,100.86000061035156,103.08999633789062,98.73269653320312,857700
2018-03-06,VRSK,103.30999755859376,104.5500030517578,103.08000183105467,104.2699966430664,99.8628158569336,1012700
2018-03-06,VRSK,103.30999755859376,104.5500030517578,103.08000183105467,104.2699966430664,99.8628158569336,1012700
2018-03-07,VRSK,103.62999725341795,104.3000030517578,103.08000183105467,104.12999725341795,99.72874450683594,636500
2018-03-07,VRSK,103.62999725341795,104.3000030517578,103.08000183105467,104.12999725341795,99.72874450683594,636500
2018-03-08,VRSK,104.33000183105467,104.68000030517578,103.76000213623048,104.37999725341795,99.96817779541016,824300
2018-03-08,VRSK,104.33000183105467,104.68000030517578,103.76000213623048,104.37999725341795,99.96817779541016,824300
2018-03-09,VRSK,104.9499969482422,106.01000213623048,104.6500015258789,105.83999633789062,101.36647033691406,1175900
2018-03-09,VRSK,104.9499969482422,106.01000213623048,104.6500015258789,105.83999633789062,101.36647033691406,1175900
2018-03-12,VRSK,105.81999969482422,106.06999969482422,104.68000030517578,104.86000061035156,100.42790222167967,681000
2018-03-12,VRSK,105.81999969482422,106.06999969482422,104.68000030517578,104.86000061035156,100.42790222167967,681000
2018-03-13,VRSK,105.81999969482422,106.06999969482422,104.12999725341795,104.4800033569336,100.06396484375,617400
2018-03-13,VRSK,105.81999969482422,106.06999969482422,104.12999725341795,104.4800033569336,100.06396484375,617400
2018-03-14,VRSK,104.91000366210938,105.0,103.91000366210938,104.08999633789062,99.6904296875,508600
2018-03-14,VRSK,104.91000366210938,105.0,103.91000366210938,104.08999633789062,99.6904296875,508600
2018-03-15,VRSK,104.25,104.70999908447266,103.58000183105467,104.26000213623048,99.8532485961914,612900
2018-03-15,VRSK,104.25,104.70999908447266,103.58000183105467,104.26000213623048,99.8532485961914,612900
2018-03-16,VRSK,104.3000030517578,105.37999725341795,104.16000366210938,104.7699966430664,100.34169006347656,979300
2018-03-16,VRSK,104.3000030517578,105.37999725341795,104.16000366210938,104.7699966430664,100.34169006347656,979300
2018-03-19,VRSK,104.48999786376952,104.55999755859376,103.0999984741211,103.9499969482422,99.5563507080078,709800
2018-03-19,VRSK,104.48999786376952,104.55999755859376,103.0999984741211,103.9499969482422,99.5563507080078,709800
2018-03-20,VRSK,104.25,105.58999633789062,104.25,105.23999786376952,100.79183959960938,580200
2018-03-20,VRSK,104.25,105.58999633789062,104.25,105.23999786376952,100.79183959960938,580200
2018-03-21,VRSK,105.06999969482422,105.87000274658205,104.8000030517578,105.0500030517578,100.60987091064452,466800
2018-03-21,VRSK,105.06999969482422,105.87000274658205,104.8000030517578,105.0500030517578,100.60987091064452,466800
2018-03-22,VRSK,104.0199966430664,105.37000274658205,103.05999755859376,103.98999786376952,99.59467315673828,1119100
2018-03-22,VRSK,104.0199966430664,105.37000274658205,103.05999755859376,103.98999786376952,99.59467315673828,1119100
2018-03-23,VRSK,104.04000091552734,104.0500030517578,102.0500030517578,102.11000061035156,97.79413604736328,660900
2018-03-23,VRSK,104.04000091552734,104.0500030517578,102.0500030517578,102.11000061035156,97.79413604736328,660900
2018-03-26,VRSK,103.5500030517578,103.72000122070312,101.73999786376952,103.58999633789062,99.2115707397461,605100
2018-03-26,VRSK,103.5500030517578,103.72000122070312,101.73999786376952,103.58999633789062,99.2115707397461,605100
2018-03-27,VRSK,103.83999633789062,104.38999938964844,101.0500030517578,101.66000366210938,97.36314392089844,962600
2018-03-27,VRSK,103.83999633789062,104.38999938964844,101.0500030517578,101.66000366210938,97.36314392089844,962600
2018-03-28,VRSK,101.91000366210938,102.8000030517578,101.3499984741211,101.76000213623048,97.45893096923828,448600
2018-03-28,VRSK,101.91000366210938,102.8000030517578,101.3499984741211,101.76000213623048,97.45893096923828,448600
2018-03-29,VRSK,102.41999816894533,104.5999984741211,101.61000061035156,104.0,99.60423278808594,1275400
2018-03-29,VRSK,102.41999816894533,104.5999984741211,101.61000061035156,104.0,99.60423278808594,1275400
2018-04-02,VRSK,103.30999755859376,103.41000366210938,100.31999969482422,101.58999633789062,97.29610443115234,1006400
2018-04-02,VRSK,103.30999755859376,103.41000366210938,100.31999969482422,101.58999633789062,97.29610443115234,1006400
2018-04-03,VRSK,101.81999969482422,103.95999908447266,101.45999908447266,103.5,99.1253662109375,887000
2018-04-03,VRSK,101.81999969482422,103.95999908447266,101.45999908447266,103.5,99.1253662109375,887000
2018-04-04,VRSK,102.33999633789062,104.8000030517578,102.33999633789062,104.5199966430664,100.10225677490234,848900
2018-04-04,VRSK,102.33999633789062,104.8000030517578,102.33999633789062,104.5199966430664,100.10225677490234,848900
2018-04-05,VRSK,104.83999633789062,105.75,104.61000061035156,105.4499969482422,100.99295806884766,805300
2018-04-05,VRSK,104.83999633789062,105.75,104.61000061035156,105.4499969482422,100.99295806884766,805300
2018-04-06,VRSK,104.56999969482422,105.62000274658205,103.37999725341795,104.12999725341795,99.72874450683594,1267300
2018-04-06,VRSK,104.56999969482422,105.62000274658205,103.37999725341795,104.12999725341795,99.72874450683594,1267300
2018-04-09,VRSK,104.55999755859376,106.05999755859376,104.31999969482422,104.7699966430664,100.34169006347656,964400
2018-04-09,VRSK,104.55999755859376,106.05999755859376,104.31999969482422,104.7699966430664,100.34169006347656,964400
2018-04-10,VRSK,106.23999786376952,106.88999938964844,105.38999938964844,106.47000122070312,101.96984100341795,1019700
2018-04-10,VRSK,106.23999786376952,106.88999938964844,105.38999938964844,106.47000122070312,101.96984100341795,1019700
2018-04-11,VRSK,106.02999877929688,106.7699966430664,105.72000122070312,106.0500030517578,101.56759643554688,654500
2018-04-11,VRSK,106.02999877929688,106.7699966430664,105.72000122070312,106.0500030517578,101.56759643554688,654500
2018-04-12,VRSK,106.41000366210938,106.93000030517578,105.4000015258789,106.33999633789062,101.8453140258789,537100
2018-04-12,VRSK,106.41000366210938,106.93000030517578,105.4000015258789,106.33999633789062,101.8453140258789,537100
2018-04-13,VRSK,106.5999984741211,106.79000091552734,105.18000030517578,105.41999816894533,100.9642105102539,742300
2018-04-13,VRSK,106.5999984741211,106.79000091552734,105.18000030517578,105.41999816894533,100.9642105102539,742300
2018-04-16,VRSK,106.3499984741211,107.12999725341795,105.94000244140624,106.91000366210938,102.3912353515625,483500
2018-04-16,VRSK,106.3499984741211,107.12999725341795,105.94000244140624,106.91000366210938,102.3912353515625,483500
2018-04-17,VRSK,107.70999908447266,108.4499969482422,106.91000366210938,107.37999725341795,102.84137725830078,844400
2018-04-17,VRSK,107.70999908447266,108.4499969482422,106.91000366210938,107.37999725341795,102.84137725830078,844400
2018-04-18,VRSK,107.75,108.12000274658205,106.27999877929688,107.98999786376952,103.42562103271484,655600
2018-04-18,VRSK,107.75,108.12000274658205,106.27999877929688,107.98999786376952,103.42562103271484,655600
2018-04-19,VRSK,107.9499969482422,108.20999908447266,106.9000015258789,107.56999969482422,103.02336120605467,586900
2018-04-19,VRSK,107.9499969482422,108.20999908447266,106.9000015258789,107.56999969482422,103.02336120605467,586900
2018-04-20,VRSK,107.81999969482422,108.58000183105467,107.0199966430664,107.37999725341795,102.84137725830078,571400
2018-04-20,VRSK,107.81999969482422,108.58000183105467,107.0199966430664,107.37999725341795,102.84137725830078,571400
2018-04-23,VRSK,107.7300033569336,107.94000244140624,107.1999969482422,107.6500015258789,103.09996795654295,589500
2018-04-23,VRSK,107.7300033569336,107.94000244140624,107.1999969482422,107.6500015258789,103.09996795654295,589500
2018-04-24,VRSK,108.31999969482422,108.33000183105467,106.58999633789062,106.9800033569336,102.4582977294922,1025800
2018-04-24,VRSK,108.31999969482422,108.33000183105467,106.58999633789062,106.9800033569336,102.4582977294922,1025800
2018-04-25,VRSK,106.81999969482422,107.01000213623048,106.01000213623048,106.62000274658205,102.11348724365234,642400
2018-04-25,VRSK,106.81999969482422,107.01000213623048,106.01000213623048,106.62000274658205,102.11348724365234,642400
2018-04-26,VRSK,106.86000061035156,107.08999633789062,105.73999786376952,106.63999938964844,102.1326675415039,934000
2018-04-26,VRSK,106.86000061035156,107.08999633789062,105.73999786376952,106.63999938964844,102.1326675415039,934000
2018-04-27,VRSK,106.6999969482422,107.5,106.5500030517578,107.12000274658205,102.5923843383789,727400
2018-04-27,VRSK,106.6999969482422,107.5,106.5500030517578,107.12000274658205,102.5923843383789,727400
2018-04-30,VRSK,107.18000030517578,107.76000213623048,106.43000030517578,106.4499969482422,101.95068359375,821600
2018-04-30,VRSK,107.18000030517578,107.76000213623048,106.43000030517578,106.4499969482422,101.95068359375,821600
2018-05-01,VRSK,106.47000122070312,107.4499969482422,105.58000183105467,106.69000244140624,102.18053436279295,1314600
2018-05-01,VRSK,106.47000122070312,107.4499969482422,105.58000183105467,106.69000244140624,102.18053436279295,1314600
2018-05-02,VRSK,105.5,105.5,99.86000061035156,100.0,95.77332305908205,3128200
2018-05-02,VRSK,105.5,105.5,99.86000061035156,100.0,95.77332305908205,3128200
2018-05-03,VRSK,98.08000183105467,101.0,95.20999908447266,100.61000061035156,96.3575210571289,2234500
2018-05-03,VRSK,98.08000183105467,101.0,95.20999908447266,100.61000061035156,96.3575210571289,2234500
2018-05-04,VRSK,100.5,103.48999786376952,100.26000213623048,102.36000061035156,98.03357696533205,1586100
2018-05-04,VRSK,100.5,103.48999786376952,100.26000213623048,102.36000061035156,98.03357696533205,1586100
2018-05-07,VRSK,102.62999725341795,104.33000183105467,102.4800033569336,103.69000244140624,99.3073272705078,911000
2018-05-07,VRSK,102.62999725341795,104.33000183105467,102.4800033569336,103.69000244140624,99.3073272705078,911000
2018-05-08,VRSK,102.66999816894533,103.88999938964844,102.01000213623048,103.62000274658205,99.24031829833984,1120100
2018-05-08,VRSK,102.66999816894533,103.88999938964844,102.01000213623048,103.62000274658205,99.24031829833984,1120100
2018-05-09,VRSK,103.93000030517578,105.29000091552734,102.22000122070312,104.77999877929688,100.35128784179688,759600
2018-05-09,VRSK,103.93000030517578,105.29000091552734,102.22000122070312,104.77999877929688,100.35128784179688,759600
2018-05-10,VRSK,105.3499984741211,106.5999984741211,105.0999984741211,105.9000015258789,101.42393493652344,683600
2018-05-10,VRSK,105.3499984741211,106.5999984741211,105.0999984741211,105.9000015258789,101.42393493652344,683600
2018-05-11,VRSK,106.0,106.58000183105467,105.31999969482422,105.87999725341795,101.4047622680664,734500
2018-05-11,VRSK,106.0,106.58000183105467,105.31999969482422,105.87999725341795,101.4047622680664,734500
2018-05-14,VRSK,105.7699966430664,106.16999816894533,104.91999816894533,105.25,100.8014144897461,580400
2018-05-14,VRSK,105.7699966430664,106.16999816894533,104.91999816894533,105.25,100.8014144897461,580400
2018-05-15,VRSK,104.58000183105467,105.16000366210938,104.5500030517578,105.04000091552734,100.60028839111328,709900
2018-05-15,VRSK,104.58000183105467,105.16000366210938,104.5500030517578,105.04000091552734,100.60028839111328,709900
2018-05-16,VRSK,105.12000274658205,105.37999725341795,104.4499969482422,104.68000030517578,100.2554931640625,766200
2018-05-16,VRSK,105.12000274658205,105.37999725341795,104.4499969482422,104.68000030517578,100.2554931640625,766200
2018-05-17,VRSK,104.48999786376952,105.76000213623048,104.12999725341795,104.58000183105467,100.15973663330078,751300
2018-05-17,VRSK,104.48999786376952,105.76000213623048,104.12999725341795,104.58000183105467,100.15973663330078,751300
2018-05-18,VRSK,104.9000015258789,106.3499984741211,104.55999755859376,106.30999755859376,101.81661224365234,2472900
2018-05-18,VRSK,104.9000015258789,106.3499984741211,104.55999755859376,106.30999755859376,101.81661224365234,2472900
2018-05-21,VRSK,106.41999816894533,107.33999633789062,106.41999816894533,107.16000366210938,102.63069152832033,612200
2018-05-21,VRSK,106.41999816894533,107.33999633789062,106.41999816894533,107.16000366210938,102.63069152832033,612200
2018-05-22,VRSK,107.33999633789062,107.41999816894533,105.37999725341795,105.6500015258789,101.18451690673828,549300
2018-05-22,VRSK,107.33999633789062,107.41999816894533,105.37999725341795,105.6500015258789,101.18451690673828,549300
2018-05-23,VRSK,104.9499969482422,105.72000122070312,104.4499969482422,105.66000366210938,101.19408416748048,453900
2018-05-23,VRSK,104.9499969482422,105.72000122070312,104.4499969482422,105.66000366210938,101.19408416748048,453900
2018-05-24,VRSK,105.6999969482422,106.7699966430664,105.30999755859376,106.45999908447266,101.96028137207033,696400
2018-05-24,VRSK,105.6999969482422,106.7699966430664,105.30999755859376,106.45999908447266,101.96028137207033,696400
2018-05-25,VRSK,106.19000244140624,106.70999908447266,105.8499984741211,106.0999984741211,101.615478515625,467100
2018-05-25,VRSK,106.19000244140624,106.70999908447266,105.8499984741211,106.0999984741211,101.615478515625,467100
2018-05-29,VRSK,105.55999755859376,106.0999984741211,104.45999908447266,105.45999908447266,101.00253295898438,652300
2018-05-29,VRSK,105.55999755859376,106.0999984741211,104.45999908447266,105.45999908447266,101.00253295898438,652300
2018-05-30,VRSK,105.72000122070312,107.5999984741211,105.72000122070312,107.08000183105467,102.5540542602539,823400
2018-05-30,VRSK,105.72000122070312,107.5999984741211,105.72000122070312,107.08000183105467,102.5540542602539,823400
2018-05-31,VRSK,107.22000122070312,109.33000183105467,106.0,106.23999786376952,101.74956512451172,1051800
2018-05-31,VRSK,107.22000122070312,109.33000183105467,106.0,106.23999786376952,101.74956512451172,1051800
2018-06-01,VRSK,106.83000183105467,107.31999969482422,106.19000244140624,107.2699966430664,102.73602294921876,737600
2018-06-01,VRSK,106.83000183105467,107.31999969482422,106.19000244140624,107.2699966430664,102.73602294921876,737600
2018-06-04,VRSK,106.6999969482422,108.1500015258789,106.04000091552734,108.0199966430664,103.4543228149414,949400
2018-06-04,VRSK,106.6999969482422,108.1500015258789,106.04000091552734,108.0199966430664,103.4543228149414,949400
2018-06-05,VRSK,108.27999877929688,109.12000274658205,108.08999633789062,109.0199966430664,104.41205596923828,785300
2018-06-05,VRSK,108.27999877929688,109.12000274658205,108.08999633789062,109.0199966430664,104.41205596923828,785300
2018-06-06,VRSK,108.94000244140624,109.47000122070312,108.8000030517578,109.41999816894533,104.79513549804688,899200
2018-06-06,VRSK,108.94000244140624,109.47000122070312,108.8000030517578,109.41999816894533,104.79513549804688,899200
2018-06-07,VRSK,109.58999633789062,109.58999633789062,108.62000274658205,109.11000061035156,104.49827575683594,812600
2018-06-07,VRSK,109.58999633789062,109.58999633789062,108.62000274658205,109.11000061035156,104.49827575683594,812600
2018-06-08,VRSK,109.11000061035156,109.4499969482422,108.83999633789062,109.05999755859376,104.45037841796876,1020900
2018-06-08,VRSK,109.11000061035156,109.4499969482422,108.83999633789062,109.05999755859376,104.45037841796876,1020900
2018-06-11,VRSK,109.0199966430664,109.31999969482422,108.8000030517578,108.94000244140624,104.33544158935548,688900
2018-06-11,VRSK,109.0199966430664,109.31999969482422,108.8000030517578,108.94000244140624,104.33544158935548,688900
2018-06-12,VRSK,109.19000244140624,109.5999984741211,109.02999877929688,109.43000030517578,104.80471801757812,910800
2018-06-12,VRSK,109.19000244140624,109.5999984741211,109.02999877929688,109.43000030517578,104.80471801757812,910800
2018-06-13,VRSK,109.56999969482422,110.26000213623048,109.4499969482422,109.6999969482422,105.0633316040039,595200
2018-06-13,VRSK,109.56999969482422,110.26000213623048,109.4499969482422,109.6999969482422,105.0633316040039,595200
2018-06-14,VRSK,110.0,110.31999969482422,109.05999755859376,109.97000122070312,105.32190704345705,482400
2018-06-14,VRSK,110.0,110.31999969482422,109.05999755859376,109.97000122070312,105.32190704345705,482400
2018-06-15,VRSK,109.83000183105467,110.0,108.62999725341795,109.9000015258789,105.25486755371094,1095600
2018-06-15,VRSK,109.83000183105467,110.0,108.62999725341795,109.9000015258789,105.25486755371094,1095600
2018-06-18,VRSK,109.12999725341795,109.98999786376952,108.87999725341795,109.5999984741211,104.96755981445312,651800
2018-06-18,VRSK,109.12999725341795,109.98999786376952,108.87999725341795,109.5999984741211,104.96755981445312,651800
2018-06-19,VRSK,108.87000274658205,109.3499984741211,108.3499984741211,109.20999908447266,104.5940399169922,751300
2018-06-19,VRSK,108.87000274658205,109.3499984741211,108.3499984741211,109.20999908447266,104.5940399169922,751300
2018-06-20,VRSK,109.13999938964844,109.48999786376952,108.55999755859376,108.63999938964844,104.04812622070312,491600
2018-06-20,VRSK,109.13999938964844,109.48999786376952,108.55999755859376,108.63999938964844,104.04812622070312,491600
2018-06-21,VRSK,108.87999725341795,108.87999725341795,107.33000183105467,107.56999969482422,103.02336120605467,431500
2018-06-21,VRSK,108.87999725341795,108.87999725341795,107.33000183105467,107.56999969482422,103.02336120605467,431500
2018-06-22,VRSK,108.08999633789062,108.51000213623048,107.47000122070312,107.88999938964844,103.32984161376952,1436400
2018-06-22,VRSK,108.08999633789062,108.51000213623048,107.47000122070312,107.88999938964844,103.32984161376952,1436400
2018-06-25,VRSK,107.16000366210938,107.5199966430664,106.16999816894533,106.62000274658205,102.11348724365234,885900
2018-06-25,VRSK,107.16000366210938,107.5199966430664,106.16999816894533,106.62000274658205,102.11348724365234,885900
2018-06-26,VRSK,106.76000213623048,107.16999816894533,106.05999755859376,106.26000213623048,101.76873016357422,723200
2018-06-26,VRSK,106.76000213623048,107.16999816894533,106.05999755859376,106.26000213623048,101.76873016357422,723200
2018-06-27,VRSK,106.70999908447266,107.93000030517578,106.05999755859376,106.05999755859376,101.5771713256836,907400
2018-06-27,VRSK,106.70999908447266,107.93000030517578,106.05999755859376,106.05999755859376,101.5771713256836,907400
2018-06-28,VRSK,105.9800033569336,106.8000030517578,105.43000030517578,106.44000244140624,101.94112396240234,673400
2018-06-28,VRSK,105.9800033569336,106.8000030517578,105.43000030517578,106.44000244140624,101.94112396240234,673400
2018-06-29,VRSK,106.73999786376952,108.13999938964844,106.1500015258789,107.63999938964844,103.09039306640624,658500
2018-06-29,VRSK,106.73999786376952,108.13999938964844,106.1500015258789,107.63999938964844,103.09039306640624,658500
2018-07-02,VRSK,106.98999786376952,108.13999938964844,106.5500030517578,108.12999725341795,103.55967712402344,553700
2018-07-02,VRSK,106.98999786376952,108.13999938964844,106.5500030517578,108.12999725341795,103.55967712402344,553700
2018-07-03,VRSK,108.73999786376952,108.80999755859376,107.62999725341795,107.7300033569336,103.17659759521484,258400
2018-07-03,VRSK,108.73999786376952,108.80999755859376,107.62999725341795,107.7300033569336,103.17659759521484,258400
2018-07-05,VRSK,108.06999969482422,109.36000061035156,107.80999755859376,109.26000213623048,104.64191436767578,976200
2018-07-05,VRSK,108.06999969482422,109.36000061035156,107.80999755859376,109.26000213623048,104.64191436767578,976200
2018-07-06,VRSK,109.5,110.83999633789062,109.5,110.58000183105467,105.90609741210938,687200
2018-07-06,VRSK,109.5,110.83999633789062,109.5,110.58000183105467,105.90609741210938,687200
2018-07-09,VRSK,110.88999938964844,111.62000274658205,110.7699966430664,111.56999969482422,106.85426330566406,637000
2018-07-09,VRSK,110.88999938964844,111.62000274658205,110.7699966430664,111.56999969482422,106.85426330566406,637000
2018-07-10,VRSK,111.5,112.0,110.5500030517578,111.5500030517578,106.83514404296876,822300
2018-07-10,VRSK,111.5,112.0,110.5500030517578,111.5500030517578,106.83514404296876,822300
2018-07-11,VRSK,111.1500015258789,112.0199966430664,110.6500015258789,111.8000030517578,107.07456970214844,736100
2018-07-11,VRSK,111.1500015258789,112.0199966430664,110.6500015258789,111.8000030517578,107.07456970214844,736100
2018-07-12,VRSK,112.0,113.0500030517578,111.87000274658205,112.98999786376952,108.21426391601562,606300
2018-07-12,VRSK,112.0,113.0500030517578,111.87000274658205,112.98999786376952,108.21426391601562,606300
2018-07-13,VRSK,113.1999969482422,113.29000091552734,112.37999725341795,113.04000091552734,108.2621612548828,403600
2018-07-13,VRSK,113.1999969482422,113.29000091552734,112.37999725341795,113.04000091552734,108.2621612548828,403600
2018-07-16,VRSK,112.97000122070312,113.05999755859376,111.83999633789062,112.01000213623048,107.27569580078124,765900
2018-07-16,VRSK,112.97000122070312,113.05999755859376,111.83999633789062,112.01000213623048,107.27569580078124,765900
2018-07-17,VRSK,111.97000122070312,112.5999984741211,111.37000274658205,112.48999786376952,107.73540496826172,408800
2018-07-17,VRSK,111.97000122070312,112.5999984741211,111.37000274658205,112.48999786376952,107.73540496826172,408800
2018-07-18,VRSK,112.1999969482422,112.55999755859376,111.45999908447266,112.4499969482422,107.69709777832033,478000
2018-07-18,VRSK,112.1999969482422,112.55999755859376,111.45999908447266,112.4499969482422,107.69709777832033,478000
2018-07-19,VRSK,112.19000244140624,112.66999816894533,111.73999786376952,112.25,107.50554656982422,373900
2018-07-19,VRSK,112.19000244140624,112.66999816894533,111.73999786376952,112.25,107.50554656982422,373900
2018-07-20,VRSK,111.83999633789062,112.6500015258789,110.4800033569336,112.58999633789062,107.83116149902344,658200
2018-07-20,VRSK,111.83999633789062,112.6500015258789,110.4800033569336,112.58999633789062,107.83116149902344,658200
2018-07-23,VRSK,112.51000213623048,113.04000091552734,111.12999725341795,112.72000122070312,107.95568084716795,478800
2018-07-23,VRSK,112.51000213623048,113.04000091552734,111.12999725341795,112.72000122070312,107.95568084716795,478800
2018-07-24,VRSK,113.23999786376952,113.30999755859376,112.25,112.81999969482422,108.05144500732422,720300
2018-07-24,VRSK,113.23999786376952,113.30999755859376,112.25,112.81999969482422,108.05144500732422,720300
2018-07-25,VRSK,112.87000274658205,114.61000061035156,112.13999938964844,114.4800033569336,109.64127349853516,546300
2018-07-25,VRSK,112.87000274658205,114.61000061035156,112.13999938964844,114.4800033569336,109.64127349853516,546300
2018-07-26,VRSK,114.88999938964844,115.0999984741211,113.43000030517578,113.6500015258789,108.84637451171876,1046900
2018-07-26,VRSK,114.88999938964844,115.0999984741211,113.43000030517578,113.6500015258789,108.84637451171876,1046900
2018-07-27,VRSK,113.9000015258789,113.9000015258789,111.22000122070312,111.45999908447266,106.74893951416016,991900
2018-07-27,VRSK,113.9000015258789,113.9000015258789,111.22000122070312,111.45999908447266,106.74893951416016,991900
2018-07-30,VRSK,111.20999908447266,111.47000122070312,109.25,109.41999816894533,104.79513549804688,1046400
2018-07-30,VRSK,111.20999908447266,111.47000122070312,109.25,109.41999816894533,104.79513549804688,1046400
2018-07-31,VRSK,109.86000061035156,110.6999969482422,109.33999633789062,110.62000274658205,105.94445037841795,1118300
2018-07-31,VRSK,109.86000061035156,110.6999969482422,109.33999633789062,110.62000274658205,105.94445037841795,1118300
2018-08-01,VRSK,112.62999725341795,115.0500030517578,111.16000366210938,114.80999755859376,109.95735168457033,1487400
2018-08-01,VRSK,112.62999725341795,115.0500030517578,111.16000366210938,114.80999755859376,109.95735168457033,1487400
2018-08-02,VRSK,113.70999908447266,114.79000091552734,113.0500030517578,114.66999816894533,109.82324981689452,1106100
2018-08-02,VRSK,113.70999908447266,114.79000091552734,113.0500030517578,114.66999816894533,109.82324981689452,1106100
2018-08-03,VRSK,114.4000015258789,114.93000030517578,112.73999786376952,114.38999938964844,109.55506134033205,787700
2018-08-03,VRSK,114.4000015258789,114.93000030517578,112.73999786376952,114.38999938964844,109.55506134033205,787700
2018-08-06,VRSK,114.29000091552734,115.4000015258789,113.4800033569336,114.58000183105467,109.73704528808594,540600
2018-08-06,VRSK,114.29000091552734,115.4000015258789,113.4800033569336,114.58000183105467,109.73704528808594,540600
2018-08-07,VRSK,114.29000091552734,116.26000213623048,114.29000091552734,116.16999816894533,111.25984954833984,689400
2018-08-07,VRSK,114.29000091552734,116.26000213623048,114.29000091552734,116.16999816894533,111.25984954833984,689400
2018-08-08,VRSK,115.91999816894533,116.76000213623048,115.9000015258789,116.37999725341795,111.46096801757812,562300
2018-08-08,VRSK,115.91999816894533,116.76000213623048,115.9000015258789,116.37999725341795,111.46096801757812,562300
2018-08-09,VRSK,116.91999816894533,118.12999725341795,116.25,116.6999969482422,111.7674560546875,656900
2018-08-09,VRSK,116.91999816894533,118.12999725341795,116.25,116.6999969482422,111.7674560546875,656900
2018-08-10,VRSK,116.25,117.45999908447266,116.0,116.9499969482422,112.00686645507812,436600
2018-08-10,VRSK,116.25,117.45999908447266,116.0,116.9499969482422,112.00686645507812,436600
2018-08-13,VRSK,116.91000366210938,117.6999969482422,116.1999969482422,116.31999969482422,111.40351104736328,536800
2018-08-13,VRSK,116.91000366210938,117.6999969482422,116.1999969482422,116.31999969482422,111.40351104736328,536800
2018-08-14,VRSK,116.8000030517578,118.11000061035156,116.63999938964844,117.76000213623048,112.7826690673828,539300
2018-08-14,VRSK,116.8000030517578,118.11000061035156,116.63999938964844,117.76000213623048,112.7826690673828,539300
2018-08-15,VRSK,116.75,117.13999938964844,116.16000366210938,116.87999725341795,111.93984985351562,697000
2018-08-15,VRSK,116.75,117.13999938964844,116.16000366210938,116.87999725341795,111.93984985351562,697000
2018-08-16,VRSK,117.45999908447266,117.72000122070312,116.81999969482422,117.05999755859376,112.11223602294922,469700
2018-08-16,VRSK,117.45999908447266,117.72000122070312,116.81999969482422,117.05999755859376,112.11223602294922,469700
2018-08-17,VRSK,117.05999755859376,117.61000061035156,116.88999938964844,117.41999816894533,112.45702362060548,639000
2018-08-17,VRSK,117.05999755859376,117.61000061035156,116.88999938964844,117.41999816894533,112.45702362060548,639000
2018-08-20,VRSK,117.43000030517578,118.12000274658205,117.16000366210938,117.61000061035156,112.63899230957033,535500
2018-08-20,VRSK,117.43000030517578,118.12000274658205,117.16000366210938,117.61000061035156,112.63899230957033,535500
2018-08-21,VRSK,117.7300033569336,118.20999908447266,117.1999969482422,117.44000244140624,112.4761734008789,598600
2018-08-21,VRSK,117.7300033569336,118.20999908447266,117.1999969482422,117.44000244140624,112.4761734008789,598600
2018-08-22,VRSK,117.2699966430664,117.86000061035156,117.06999969482422,117.54000091552734,112.57195281982422,281700
2018-08-22,VRSK,117.2699966430664,117.86000061035156,117.06999969482422,117.54000091552734,112.57195281982422,281700
2018-08-23,VRSK,117.5,117.83000183105467,117.05999755859376,117.38999938964844,112.42827606201172,356100
2018-08-23,VRSK,117.5,117.83000183105467,117.05999755859376,117.38999938964844,112.42827606201172,356100
2018-08-24,VRSK,117.45999908447266,118.29000091552734,117.41000366210938,117.94000244140624,112.95503997802734,451800
2018-08-24,VRSK,117.45999908447266,118.29000091552734,117.41000366210938,117.94000244140624,112.95503997802734,451800
2018-08-27,VRSK,118.2300033569336,118.75,117.66000366210938,118.08000183105467,113.0891342163086,545300
2018-08-27,VRSK,118.2300033569336,118.75,117.66000366210938,118.08000183105467,113.0891342163086,545300
2018-08-28,VRSK,117.47000122070312,118.97000122070312,117.47000122070312,118.22000122070312,113.22321319580078,473400
2018-08-28,VRSK,117.47000122070312,118.97000122070312,117.47000122070312,118.22000122070312,113.22321319580078,473400
2018-08-29,VRSK,118.08999633789062,119.33999633789062,117.70999908447266,118.95999908447266,113.93192291259766,723300
2018-08-29,VRSK,118.08999633789062,119.33999633789062,117.70999908447266,118.95999908447266,113.93192291259766,723300
2018-08-30,VRSK,119.08000183105467,119.55999755859376,118.55999755859376,118.88999938964844,113.86490631103516,455600
2018-08-30,VRSK,119.08000183105467,119.55999755859376,118.55999755859376,118.88999938964844,113.86490631103516,455600
2018-08-31,VRSK,118.5999984741211,119.36000061035156,118.33000183105467,119.08999633789062,114.05643463134766,664400
2018-08-31,VRSK,118.5999984741211,119.36000061035156,118.33000183105467,119.08999633789062,114.05643463134766,664400
2018-09-04,VRSK,118.94000244140624,120.69000244140624,118.51000213623048,120.45999908447266,115.36852264404295,930900
2018-09-04,VRSK,118.94000244140624,120.69000244140624,118.51000213623048,120.45999908447266,115.36852264404295,930900
2018-09-05,VRSK,120.05999755859376,120.38999938964844,118.6999969482422,120.05999755859376,114.98543548583984,728400
2018-09-05,VRSK,120.05999755859376,120.38999938964844,118.6999969482422,120.05999755859376,114.98543548583984,728400
2018-09-06,VRSK,119.86000061035156,120.79000091552734,119.70999908447266,120.31999969482422,115.23445129394533,755800
2018-09-06,VRSK,119.86000061035156,120.79000091552734,119.70999908447266,120.31999969482422,115.23445129394533,755800
2018-09-07,VRSK,120.05999755859376,121.81999969482422,119.58000183105467,120.43000030517578,115.33980560302734,702300
2018-09-07,VRSK,120.05999755859376,121.81999969482422,119.58000183105467,120.43000030517578,115.33980560302734,702300
2018-09-10,VRSK,121.0,121.9000015258789,120.19000244140624,120.88999938964844,115.78034210205078,883600
2018-09-10,VRSK,121.0,121.9000015258789,120.19000244140624,120.88999938964844,115.78034210205078,883600
2018-09-11,VRSK,120.72000122070312,121.66999816894533,120.58999633789062,120.69000244140624,115.58881378173828,791500
2018-09-11,VRSK,120.72000122070312,121.66999816894533,120.58999633789062,120.69000244140624,115.58881378173828,791500
2018-09-12,VRSK,120.75,121.75,120.72000122070312,121.5,116.36458587646484,771500
2018-09-12,VRSK,120.75,121.75,120.72000122070312,121.5,116.36458587646484,771500
2018-09-13,VRSK,122.13999938964844,122.8000030517578,121.9000015258789,122.5999984741211,117.41809844970705,662800
2018-09-13,VRSK,122.13999938964844,122.8000030517578,121.9000015258789,122.5999984741211,117.41809844970705,662800
2018-09-14,VRSK,122.6999969482422,122.6999969482422,121.23999786376952,121.62999725341795,116.48906707763672,545000
2018-09-14,VRSK,122.6999969482422,122.6999969482422,121.23999786376952,121.62999725341795,116.48906707763672,545000
2018-09-17,VRSK,121.56999969482422,121.80999755859376,120.2699966430664,120.5500030517578,115.45474243164062,510400
2018-09-17,VRSK,121.56999969482422,121.80999755859376,120.2699966430664,120.5500030517578,115.45474243164062,510400
2018-09-18,VRSK,120.47000122070312,122.56999969482422,120.47000122070312,122.1999969482422,117.03496551513672,549200
2018-09-18,VRSK,120.47000122070312,122.56999969482422,120.47000122070312,122.1999969482422,117.03496551513672,549200
2018-09-19,VRSK,121.97000122070312,122.23999786376952,119.58000183105467,119.83999633789062,114.77471923828124,551400
2018-09-19,VRSK,121.97000122070312,122.23999786376952,119.58000183105467,119.83999633789062,114.77471923828124,551400
2018-09-20,VRSK,120.61000061035156,121.43000030517578,119.9000015258789,120.79000091552734,115.68457794189452,772300
2018-09-20,VRSK,120.61000061035156,121.43000030517578,119.9000015258789,120.79000091552734,115.68457794189452,772300
2018-09-21,VRSK,121.19000244140624,121.47000122070312,119.79000091552734,120.02999877929688,114.95670318603516,2722400
2018-09-21,VRSK,121.19000244140624,121.47000122070312,119.79000091552734,120.02999877929688,114.95670318603516,2722400
2018-09-24,VRSK,119.66000366210938,120.2699966430664,118.80999755859376,120.05999755859376,114.98543548583984,606500
2018-09-24,VRSK,119.66000366210938,120.2699966430664,118.80999755859376,120.05999755859376,114.98543548583984,606500
2018-09-25,VRSK,120.37000274658205,121.43000030517578,119.93000030517578,120.8000030517578,115.69414520263672,595600
2018-09-25,VRSK,120.37000274658205,121.43000030517578,119.93000030517578,120.8000030517578,115.69414520263672,595600
2018-09-26,VRSK,120.9499969482422,121.6500015258789,120.1500015258789,120.68000030517578,115.57923126220705,621100
2018-09-26,VRSK,120.9499969482422,121.6500015258789,120.1500015258789,120.68000030517578,115.57923126220705,621100
2018-09-27,VRSK,120.68000030517578,121.37000274658205,119.91000366210938,120.8000030517578,115.69414520263672,547100
2018-09-27,VRSK,120.68000030517578,121.37000274658205,119.91000366210938,120.8000030517578,115.69414520263672,547100
2018-09-28,VRSK,120.87999725341795,121.29000091552734,120.08000183105467,120.5500030517578,115.45474243164062,693100
2018-09-28,VRSK,120.87999725341795,121.29000091552734,120.08000183105467,120.5500030517578,115.45474243164062,693100
2018-10-01,VRSK,121.5199966430664,121.6500015258789,120.02999877929688,120.38999938964844,115.3014907836914,602200
2018-10-01,VRSK,121.5199966430664,121.6500015258789,120.02999877929688,120.38999938964844,115.3014907836914,602200
2018-10-02,VRSK,120.51000213623048,120.77999877929688,120.1500015258789,120.47000122070312,115.37811279296876,653900
2018-10-02,VRSK,120.51000213623048,120.77999877929688,120.1500015258789,120.47000122070312,115.37811279296876,653900
2018-10-03,VRSK,120.86000061035156,121.44000244140624,120.37000274658205,120.97000122070312,115.85697174072266,632400
2018-10-03,VRSK,120.86000061035156,121.44000244140624,120.37000274658205,120.97000122070312,115.85697174072266,632400
2018-10-04,VRSK,120.77999877929688,120.83000183105467,117.62000274658205,118.36000061035156,113.35728454589844,941100
2018-10-04,VRSK,120.77999877929688,120.83000183105467,117.62000274658205,118.36000061035156,113.35728454589844,941100
2018-10-05,VRSK,118.58000183105467,120.23999786376952,118.3000030517578,119.45999908447266,114.41079711914062,1021500
2018-10-05,VRSK,118.58000183105467,120.23999786376952,118.3000030517578,119.45999908447266,114.41079711914062,1021500
2018-10-08,VRSK,119.41999816894533,120.12000274658205,118.26000213623048,119.16999816894533,114.13306427001952,778100
2018-10-08,VRSK,119.41999816894533,120.12000274658205,118.26000213623048,119.16999816894533,114.13306427001952,778100
2018-10-09,VRSK,119.31999969482422,121.18000030517578,119.31999969482422,120.56999969482422,115.47389221191406,860800
2018-10-09,VRSK,119.31999969482422,121.18000030517578,119.31999969482422,120.56999969482422,115.47389221191406,860800
2018-10-10,VRSK,119.9800033569336,119.98999786376952,115.0,115.11000061035156,110.24466705322266,1194600
2018-10-10,VRSK,119.9800033569336,119.98999786376952,115.0,115.11000061035156,110.24466705322266,1194600
2018-10-11,VRSK,115.51000213623048,117.26000213623048,112.6500015258789,113.33000183105467,108.53988647460938,1236100
2018-10-11,VRSK,115.51000213623048,117.26000213623048,112.6500015258789,113.33000183105467,108.53988647460938,1236100
2018-10-12,VRSK,114.20999908447266,115.45999908447266,113.52999877929688,114.77999877929688,109.9285659790039,933100
2018-10-12,VRSK,114.20999908447266,115.45999908447266,113.52999877929688,114.77999877929688,109.9285659790039,933100
2018-10-15,VRSK,114.58000183105467,115.04000091552734,113.2300033569336,113.2300033569336,108.44412994384766,676400
2018-10-15,VRSK,114.58000183105467,115.04000091552734,113.2300033569336,113.2300033569336,108.44412994384766,676400
2018-10-16,VRSK,114.02999877929688,116.66999816894533,113.68000030517578,116.2300033569336,111.31734466552734,611700
2018-10-16,VRSK,114.02999877929688,116.66999816894533,113.68000030517578,116.2300033569336,111.31734466552734,611700
2018-10-17,VRSK,116.16999816894533,117.58000183105467,115.37000274658205,117.08000183105467,112.1313934326172,754900
2018-10-17,VRSK,116.16999816894533,117.58000183105467,115.37000274658205,117.08000183105467,112.1313934326172,754900
2018-10-18,VRSK,116.68000030517578,117.58999633789062,114.9800033569336,115.63999938964844,110.75227355957033,547900
2018-10-18,VRSK,116.68000030517578,117.58999633789062,114.9800033569336,115.63999938964844,110.75227355957033,547900
2018-10-19,VRSK,116.41000366210938,117.25,115.66999816894533,116.13999938964844,111.23111724853516,658500
2018-10-19,VRSK,116.41000366210938,117.25,115.66999816894533,116.13999938964844,111.23111724853516,658500
2018-10-22,VRSK,116.52999877929688,117.22000122070312,115.87000274658205,116.69000244140624,111.75788879394533,688600
2018-10-22,VRSK,116.52999877929688,117.22000122070312,115.87000274658205,116.69000244140624,111.75788879394533,688600
2018-10-23,VRSK,115.16000366210938,115.80999755859376,113.44000244140624,115.4499969482422,110.5702667236328,861000
2018-10-23,VRSK,115.16000366210938,115.80999755859376,113.44000244140624,115.4499969482422,110.5702667236328,861000
2018-10-24,VRSK,115.55999755859376,116.61000061035156,113.22000122070312,113.38999938964844,108.59737396240234,684400
2018-10-24,VRSK,115.55999755859376,116.61000061035156,113.22000122070312,113.38999938964844,108.59737396240234,684400
2018-10-25,VRSK,114.25,115.83999633789062,113.2699966430664,114.91000366210938,110.05311584472656,806000
2018-10-25,VRSK,114.25,115.83999633789062,113.2699966430664,114.91000366210938,110.05311584472656,806000
2018-10-26,VRSK,112.80999755859376,114.97000122070312,111.5199966430664,113.83999633789062,109.02832794189452,915700
2018-10-26,VRSK,112.80999755859376,114.97000122070312,111.5199966430664,113.83999633789062,109.02832794189452,915700
2018-10-29,VRSK,115.26000213623048,116.8000030517578,112.7300033569336,114.48999786376952,109.65087127685548,1322800
2018-10-29,VRSK,115.26000213623048,116.8000030517578,112.7300033569336,114.48999786376952,109.65087127685548,1322800
2018-10-30,VRSK,115.0500030517578,117.27999877929688,114.8000030517578,116.91000366210938,111.96858215332033,1185600
2018-10-30,VRSK,115.0500030517578,117.27999877929688,114.8000030517578,116.91000366210938,111.96858215332033,1185600
2018-10-31,VRSK,116.91000366210938,121.95999908447266,113.83000183105467,119.83999633789062,114.77471923828124,2079300
2018-10-31,VRSK,116.91000366210938,121.95999908447266,113.83000183105467,119.83999633789062,114.77471923828124,2079300
2018-11-01,VRSK,119.4800033569336,120.11000061035156,115.62000274658205,115.63999938964844,110.75227355957033,1404500
2018-11-01,VRSK,119.4800033569336,120.11000061035156,115.62000274658205,115.63999938964844,110.75227355957033,1404500
2018-11-02,VRSK,116.26000213623048,117.4499969482422,114.81999969482422,115.5500030517578,110.66603088378906,1216400
2018-11-02,VRSK,116.26000213623048,117.4499969482422,114.81999969482422,115.5500030517578,110.66603088378906,1216400
2018-11-05,VRSK,116.0500030517578,117.3000030517578,114.19000244140624,116.91999816894533,111.97816467285156,858200
2018-11-05,VRSK,116.0500030517578,117.3000030517578,114.19000244140624,116.91999816894533,111.97816467285156,858200
2018-11-06,VRSK,117.12000274658205,119.12000274658205,116.93000030517578,118.87999725341795,113.85530853271484,775900
2018-11-06,VRSK,117.12000274658205,119.12000274658205,116.93000030517578,118.87999725341795,113.85530853271484,775900
2018-11-07,VRSK,119.9499969482422,121.68000030517578,119.6500015258789,120.9499969482422,115.83782196044922,816000
2018-11-07,VRSK,119.9499969482422,121.68000030517578,119.6500015258789,120.9499969482422,115.83782196044922,816000
2018-11-08,VRSK,120.41000366210938,122.7300033569336,120.41000366210938,122.72000122070312,117.53299713134766,541300
2018-11-08,VRSK,120.41000366210938,122.7300033569336,120.41000366210938,122.72000122070312,117.53299713134766,541300
2018-11-09,VRSK,122.79000091552734,123.80999755859376,121.87000274658205,123.37999725341795,118.16510772705078,1124200
2018-11-09,VRSK,122.79000091552734,123.80999755859376,121.87000274658205,123.37999725341795,118.16510772705078,1124200
2018-11-12,VRSK,123.41000366210938,124.01000213623048,122.16999816894533,122.25,117.0828628540039,1210500
2018-11-12,VRSK,123.41000366210938,124.01000213623048,122.16999816894533,122.25,117.0828628540039,1210500
2018-11-13,VRSK,123.0,123.25,120.8499984741211,120.93000030517578,115.81866455078124,1291200
2018-11-13,VRSK,123.0,123.25,120.8499984741211,120.93000030517578,115.81866455078124,1291200
2018-11-14,VRSK,121.7300033569336,122.16000366210938,120.01000213623048,121.08999633789062,115.97188568115234,770800
2018-11-14,VRSK,121.7300033569336,122.16000366210938,120.01000213623048,121.08999633789062,115.97188568115234,770800
2018-11-15,VRSK,120.47000122070312,124.2300033569336,120.47000122070312,123.87999725341795,118.64396667480467,1060400
2018-11-15,VRSK,120.47000122070312,124.2300033569336,120.47000122070312,123.87999725341795,118.64396667480467,1060400
2018-11-16,VRSK,123.27999877929688,124.31999969482422,122.61000061035156,123.83000183105467,118.59609985351562,1069800
2018-11-16,VRSK,123.27999877929688,124.31999969482422,122.61000061035156,123.83000183105467,118.59609985351562,1069800
2018-11-19,VRSK,123.4800033569336,124.5,122.27999877929688,122.5,117.32230377197266,1507400
2018-11-19,VRSK,123.4800033569336,124.5,122.27999877929688,122.5,117.32230377197266,1507400
2018-11-20,VRSK,122.06999969482422,122.54000091552734,120.12999725341795,120.2699966430664,115.18656158447266,879300
2018-11-20,VRSK,122.06999969482422,122.54000091552734,120.12999725341795,120.2699966430664,115.18656158447266,879300
2018-11-21,VRSK,121.62000274658205,121.79000091552734,119.95999908447266,120.13999938964844,115.06204223632812,920200
2018-11-21,VRSK,121.62000274658205,121.79000091552734,119.95999908447266,120.13999938964844,115.06204223632812,920200
2018-11-23,VRSK,119.58999633789062,120.72000122070312,119.05999755859376,120.05999755859376,114.98543548583984,293200
2018-11-23,VRSK,119.58999633789062,120.72000122070312,119.05999755859376,120.05999755859376,114.98543548583984,293200
2018-11-26,VRSK,121.18000030517578,122.0,120.19000244140624,120.9499969482422,115.83782196044922,792100
2018-11-26,VRSK,121.18000030517578,122.0,120.19000244140624,120.9499969482422,115.83782196044922,792100
2018-11-27,VRSK,121.0500030517578,121.76000213623048,120.45999908447266,121.69000244140624,116.5465316772461,711100
2018-11-27,VRSK,121.0500030517578,121.76000213623048,120.45999908447266,121.69000244140624,116.5465316772461,711100
2018-11-28,VRSK,121.83000183105467,124.3499984741211,121.83000183105467,123.8000030517578,118.56734466552734,872000
2018-11-28,VRSK,121.83000183105467,124.3499984741211,121.83000183105467,123.8000030517578,118.56734466552734,872000
2018-11-29,VRSK,123.13999938964844,124.83000183105467,123.0,123.83000183105467,118.59609985351562,719400
2018-11-29,VRSK,123.13999938964844,124.83000183105467,123.0,123.83000183105467,118.59609985351562,719400
2018-11-30,VRSK,123.94000244140624,124.5,122.9000015258789,123.31999969482422,118.10765075683594,1194900
2018-11-30,VRSK,123.94000244140624,124.5,122.9000015258789,123.31999969482422,118.10765075683594,1194900
2018-12-03,VRSK,123.48999786376952,124.6999969482422,121.9499969482422,124.69000244140624,119.41973876953124,1573400
2018-12-03,VRSK,123.48999786376952,124.6999969482422,121.9499969482422,124.69000244140624,119.41973876953124,1573400
2018-12-04,VRSK,124.86000061035156,125.98999786376952,120.0,120.38999938964844,115.3014907836914,1190600
2018-12-04,VRSK,124.86000061035156,125.98999786376952,120.0,120.38999938964844,115.3014907836914,1190600
2018-12-06,VRSK,119.02999877929688,119.7300033569336,114.5999984741211,118.0,113.01250457763672,1458600
2018-12-06,VRSK,119.02999877929688,119.7300033569336,114.5999984741211,118.0,113.01250457763672,1458600
2018-12-07,VRSK,117.25,118.30999755859376,113.9800033569336,114.4499969482422,109.61254119873048,832300
2018-12-07,VRSK,117.25,118.30999755859376,113.9800033569336,114.4499969482422,109.61254119873048,832300
2018-12-10,VRSK,114.72000122070312,115.52999877929688,112.8000030517578,114.37999725341795,109.54550170898438,1195100
2018-12-10,VRSK,114.72000122070312,115.52999877929688,112.8000030517578,114.37999725341795,109.54550170898438,1195100
2018-12-11,VRSK,115.80999755859376,116.61000061035156,114.26000213623048,114.68000030517578,109.83281707763672,1026400
2018-12-11,VRSK,115.80999755859376,116.61000061035156,114.26000213623048,114.68000030517578,109.83281707763672,1026400
2018-12-12,VRSK,116.0999984741211,117.7699966430664,115.76000213623048,116.18000030517578,111.26941680908205,1162400
2018-12-12,VRSK,116.0999984741211,117.7699966430664,115.76000213623048,116.18000030517578,111.26941680908205,1162400
2018-12-13,VRSK,115.91000366210938,116.6500015258789,114.73999786376952,115.45999908447266,110.57986450195312,741900
2018-12-13,VRSK,115.91000366210938,116.6500015258789,114.73999786376952,115.45999908447266,110.57986450195312,741900
2018-12-14,VRSK,114.73999786376952,114.87000274658205,112.9499969482422,113.83000183105467,109.01873779296876,1166800
2018-12-14,VRSK,114.73999786376952,114.87000274658205,112.9499969482422,113.83000183105467,109.01873779296876,1166800
2018-12-17,VRSK,113.83999633789062,113.83999633789062,110.37999725341795,111.0500030517578,106.35626220703124,1007500
2018-12-17,VRSK,113.83999633789062,113.83999633789062,110.37999725341795,111.0500030517578,106.35626220703124,1007500
2018-12-18,VRSK,111.70999908447266,112.4499969482422,110.12999725341795,111.1500015258789,106.45203399658205,905100
2018-12-18,VRSK,111.70999908447266,112.4499969482422,110.12999725341795,111.1500015258789,106.45203399658205,905100
2018-12-19,VRSK,110.97000122070312,113.8000030517578,109.91000366210938,110.2300033569336,105.57093811035156,1181200
2018-12-19,VRSK,110.97000122070312,113.8000030517578,109.91000366210938,110.2300033569336,105.57093811035156,1181200
2018-12-20,VRSK,110.11000061035156,110.86000061035156,107.58000183105467,108.47000122070312,103.88530731201172,861700
2018-12-20,VRSK,110.11000061035156,110.86000061035156,107.58000183105467,108.47000122070312,103.88530731201172,861700
2018-12-21,VRSK,108.41000366210938,109.87999725341795,105.94000244140624,106.01000213623048,101.529296875,1739200
2018-12-21,VRSK,108.41000366210938,109.87999725341795,105.94000244140624,106.01000213623048,101.529296875,1739200
2018-12-24,VRSK,105.6999969482422,106.0500030517578,103.04000091552734,103.04000091552734,98.68482208251952,540200
2018-12-24,VRSK,105.6999969482422,106.0500030517578,103.04000091552734,103.04000091552734,98.68482208251952,540200
2018-12-26,VRSK,103.79000091552734,107.61000061035156,102.73999786376952,107.48999786376952,102.9467315673828,780200
2018-12-26,VRSK,103.79000091552734,107.61000061035156,102.73999786376952,107.48999786376952,102.9467315673828,780200
2018-12-27,VRSK,106.1999969482422,109.16999816894533,104.95999908447266,109.16999816894533,104.5557098388672,776800
2018-12-27,VRSK,106.1999969482422,109.16999816894533,104.95999908447266,109.16999816894533,104.5557098388672,776800
2018-12-28,VRSK,109.58000183105467,109.93000030517578,107.06999969482422,108.05999755859376,103.49263763427734,735000
2018-12-28,VRSK,109.58000183105467,109.93000030517578,107.06999969482422,108.05999755859376,103.49263763427734,735000
2018-12-31,VRSK,108.55999755859376,109.05999755859376,107.8499984741211,109.04000091552734,104.43121337890624,654800
2018-12-31,VRSK,108.55999755859376,109.05999755859376,107.8499984741211,109.04000091552734,104.43121337890624,654800
2019-01-02,VRSK,107.0500030517578,108.7300033569336,106.8499984741211,108.6500015258789,104.0577163696289,770500
2019-01-02,VRSK,107.0500030517578,108.7300033569336,106.8499984741211,108.6500015258789,104.0577163696289,770500
2019-01-03,VRSK,107.4000015258789,108.7300033569336,104.91999816894533,105.33000183105467,100.87802124023438,1102000
2019-01-03,VRSK,107.4000015258789,108.7300033569336,104.91999816894533,105.33000183105467,100.87802124023438,1102000
2019-01-04,VRSK,106.9800033569336,110.3499984741211,106.45999908447266,109.9800033569336,105.33148956298828,811300
2019-01-04,VRSK,106.9800033569336,110.3499984741211,106.45999908447266,109.9800033569336,105.33148956298828,811300
2019-01-07,VRSK,109.97000122070312,110.94000244140624,109.51000213623048,110.08999633789062,105.43685150146484,801700
2019-01-07,VRSK,109.97000122070312,110.94000244140624,109.51000213623048,110.08999633789062,105.43685150146484,801700
2019-01-08,VRSK,110.22000122070312,111.16000366210938,109.12000274658205,111.06999969482422,106.37541198730467,668500
2019-01-08,VRSK,110.22000122070312,111.16000366210938,109.12000274658205,111.06999969482422,106.37541198730467,668500
2019-01-09,VRSK,111.12000274658205,111.91999816894533,110.5,111.48999786376952,106.77765655517578,497200
2019-01-09,VRSK,111.12000274658205,111.91999816894533,110.5,111.48999786376952,106.77765655517578,497200
2019-01-10,VRSK,111.16999816894533,112.86000061035156,110.81999969482422,112.63999938964844,107.87906646728516,724200
2019-01-10,VRSK,111.16999816894533,112.86000061035156,110.81999969482422,112.63999938964844,107.87906646728516,724200
2019-01-11,VRSK,111.81999969482422,112.7699966430664,111.1500015258789,112.01000213623048,107.27569580078124,670400
2019-01-11,VRSK,111.81999969482422,112.7699966430664,111.1500015258789,112.01000213623048,107.27569580078124,670400
2019-01-14,VRSK,111.37999725341795,112.25,111.0500030517578,111.18000030517578,106.48078155517578,638700
2019-01-14,VRSK,111.37999725341795,112.25,111.0500030517578,111.18000030517578,106.48078155517578,638700
2019-01-15,VRSK,111.1500015258789,112.80999755859376,111.1500015258789,112.62000274658205,107.85990142822266,498300
2019-01-15,VRSK,111.1500015258789,112.80999755859376,111.1500015258789,112.62000274658205,107.85990142822266,498300
2019-01-16,VRSK,112.47000122070312,113.1999969482422,112.05999755859376,112.9800033569336,108.2046890258789,564500
2019-01-16,VRSK,112.47000122070312,113.1999969482422,112.05999755859376,112.9800033569336,108.2046890258789,564500
2019-01-17,VRSK,112.66000366210938,113.83000183105467,112.31999969482422,113.16000366210938,108.37709045410156,613700
2019-01-17,VRSK,112.66000366210938,113.83000183105467,112.31999969482422,113.16000366210938,108.37709045410156,613700
2019-01-18,VRSK,114.08999633789062,115.76000213623048,113.62999725341795,115.6999969482422,110.80973052978516,578100
2019-01-18,VRSK,114.08999633789062,115.76000213623048,113.62999725341795,115.6999969482422,110.80973052978516,578100
2019-01-22,VRSK,114.8499984741211,116.4800033569336,114.8499984741211,116.3000030517578,111.38436126708984,1329800
2019-01-22,VRSK,114.8499984741211,116.4800033569336,114.8499984741211,116.3000030517578,111.38436126708984,1329800
2019-01-23,VRSK,116.38999938964844,117.26000213623048,115.72000122070312,116.80999755859376,111.87281036376952,582100
2019-01-23,VRSK,116.38999938964844,117.26000213623048,115.72000122070312,116.80999755859376,111.87281036376952,582100
2019-01-24,VRSK,116.8499984741211,117.12000274658205,115.61000061035156,116.1500015258789,111.24071502685548,497800
2019-01-24,VRSK,116.8499984741211,117.12000274658205,115.61000061035156,116.1500015258789,111.24071502685548,497800
2019-01-25,VRSK,117.0500030517578,117.77999877929688,116.91000366210938,117.23999786376952,112.2846221923828,524000
2019-01-25,VRSK,117.0500030517578,117.77999877929688,116.91000366210938,117.23999786376952,112.2846221923828,524000
2019-01-28,VRSK,116.66000366210938,116.66000366210938,115.30999755859376,116.2300033569336,111.31734466552734,449300
2019-01-28,VRSK,116.66000366210938,116.66000366210938,115.30999755859376,116.2300033569336,111.31734466552734,449300
2019-01-29,VRSK,116.41000366210938,117.05999755859376,115.23999786376952,116.2300033569336,111.31734466552734,372500
2019-01-29,VRSK,116.41000366210938,117.05999755859376,115.23999786376952,116.2300033569336,111.31734466552734,372500
2019-01-30,VRSK,116.58000183105467,118.4800033569336,116.06999969482422,117.5,112.53361511230467,658300
2019-01-30,VRSK,116.58000183105467,118.4800033569336,116.06999969482422,117.5,112.53361511230467,658300
2019-01-31,VRSK,117.4800033569336,117.62000274658205,116.2300033569336,117.41000366210938,112.44744110107422,1023100
2019-01-31,VRSK,117.4800033569336,117.62000274658205,116.2300033569336,117.41000366210938,112.44744110107422,1023100
2019-02-01,VRSK,117.51000213623048,119.61000061035156,117.51000213623048,118.7699966430664,113.74996185302734,1031700
2019-02-01,VRSK,117.51000213623048,119.61000061035156,117.51000213623048,118.7699966430664,113.74996185302734,1031700
2019-02-04,VRSK,118.61000061035156,119.5,117.62999725341795,119.3499984741211,114.30542755126952,494500
2019-02-04,VRSK,118.61000061035156,119.5,117.62999725341795,119.3499984741211,114.30542755126952,494500
2019-02-05,VRSK,119.01000213623048,119.98999786376952,118.2300033569336,119.93000030517578,114.86093139648438,688200
2019-02-05,VRSK,119.01000213623048,119.98999786376952,118.2300033569336,119.93000030517578,114.86093139648438,688200
2019-02-06,VRSK,119.75,119.86000061035156,118.45999908447266,119.63999938964844,114.58318328857422,536900
2019-02-06,VRSK,119.75,119.86000061035156,118.45999908447266,119.63999938964844,114.58318328857422,536900
2019-02-07,VRSK,119.0500030517578,120.25,118.7300033569336,120.25,115.16740417480467,598300
2019-02-07,VRSK,119.0500030517578,120.25,118.7300033569336,120.25,115.16740417480467,598300
2019-02-08,VRSK,119.5199966430664,121.9800033569336,119.48999786376952,121.9800033569336,116.82428741455078,653000
2019-02-08,VRSK,119.5199966430664,121.9800033569336,119.48999786376952,121.9800033569336,116.82428741455078,653000
2019-02-11,VRSK,122.44000244140624,122.91999816894533,121.77999877929688,122.08999633789062,116.92963409423828,550300
2019-02-11,VRSK,122.44000244140624,122.91999816894533,121.77999877929688,122.08999633789062,116.92963409423828,550300
2019-02-12,VRSK,123.0500030517578,124.01000213623048,122.25,123.6999969482422,118.47157287597656,794500
2019-02-12,VRSK,123.0500030517578,124.01000213623048,122.25,123.6999969482422,118.47157287597656,794500
2019-02-13,VRSK,124.16000366210938,124.61000061035156,123.69000244140624,123.91999816894533,118.68228912353516,790900
2019-02-13,VRSK,124.16000366210938,124.61000061035156,123.69000244140624,123.91999816894533,118.68228912353516,790900
2019-02-14,VRSK,123.47000122070312,124.41000366210938,123.20999908447266,123.83999633789062,118.60565948486328,536600
2019-02-14,VRSK,123.47000122070312,124.41000366210938,123.20999908447266,123.83999633789062,118.60565948486328,536600
2019-02-15,VRSK,124.55999755859376,125.4000015258789,123.23999786376952,125.37999725341795,120.08058166503906,661700
2019-02-15,VRSK,124.55999755859376,125.4000015258789,123.23999786376952,125.37999725341795,120.08058166503906,661700
2019-02-19,VRSK,124.91999816894533,125.3000030517578,124.0500030517578,124.43000030517578,119.17072296142578,1090000
2019-02-19,VRSK,124.91999816894533,125.3000030517578,124.0500030517578,124.43000030517578,119.17072296142578,1090000
2019-02-20,VRSK,121.9000015258789,123.5,121.05999755859376,122.83000183105467,117.63834381103516,1422400
2019-02-20,VRSK,121.9000015258789,123.5,121.05999755859376,122.83000183105467,117.63834381103516,1422400
2019-02-21,VRSK,122.95999908447266,125.3000030517578,122.58000183105467,124.52999877929688,119.26652526855467,907400
2019-02-21,VRSK,122.95999908447266,125.3000030517578,122.58000183105467,124.52999877929688,119.26652526855467,907400
2019-02-22,VRSK,124.95999908447266,125.66999816894533,124.4499969482422,125.02999877929688,119.7453842163086,752200
2019-02-22,VRSK,124.95999908447266,125.66999816894533,124.4499969482422,125.02999877929688,119.7453842163086,752200
2019-02-25,VRSK,125.68000030517578,126.2699966430664,125.12999725341795,125.2300033569336,119.93693542480467,543700
2019-02-25,VRSK,125.68000030517578,126.2699966430664,125.12999725341795,125.2300033569336,119.93693542480467,543700
2019-02-26,VRSK,125.1500015258789,125.66999816894533,125.04000091552734,125.3499984741211,120.05184173583984,702100
2019-02-26,VRSK,125.1500015258789,125.66999816894533,125.04000091552734,125.3499984741211,120.05184173583984,702100
2019-02-27,VRSK,124.9499969482422,126.06999969482422,122.44000244140624,125.7699966430664,120.45406341552734,500000
2019-02-27,VRSK,124.9499969482422,126.06999969482422,122.44000244140624,125.7699966430664,120.45406341552734,500000
2019-02-28,VRSK,125.5199966430664,126.79000091552734,125.5199966430664,126.43000030517578,121.08619689941406,588600
2019-02-28,VRSK,125.5199966430664,126.79000091552734,125.5199966430664,126.43000030517578,121.08619689941406,588600
2019-03-01,VRSK,126.76000213623048,127.22000122070312,126.02999877929688,126.70999908447266,121.3543701171875,740900
2019-03-01,VRSK,126.76000213623048,127.22000122070312,126.02999877929688,126.70999908447266,121.3543701171875,740900
2019-03-04,VRSK,127.3000030517578,127.5500030517578,125.25,125.91000366210938,120.58818817138672,962700
2019-03-04,VRSK,127.3000030517578,127.5500030517578,125.25,125.91000366210938,120.58818817138672,962700
2019-03-05,VRSK,126.01000213623048,127.16000366210938,125.8499984741211,126.47000122070312,121.12450408935548,768600
2019-03-05,VRSK,126.01000213623048,127.16000366210938,125.8499984741211,126.47000122070312,121.12450408935548,768600
2019-03-06,VRSK,126.36000061035156,126.97000122070312,126.16000366210938,126.6500015258789,121.29689025878906,420900
2019-03-06,VRSK,126.36000061035156,126.97000122070312,126.16000366210938,126.6500015258789,121.29689025878906,420900
2019-03-07,VRSK,126.61000061035156,127.12000274658205,125.8000030517578,126.58000183105467,121.22985076904295,524900
2019-03-07,VRSK,126.61000061035156,127.12000274658205,125.8000030517578,126.58000183105467,121.22985076904295,524900
2019-03-08,VRSK,125.9499969482422,126.70999908447266,125.0999984741211,126.01000213623048,120.68396759033205,471700
2019-03-08,VRSK,125.9499969482422,126.70999908447266,125.0999984741211,126.01000213623048,120.68396759033205,471700
2019-03-11,VRSK,125.9000015258789,127.5500030517578,125.5199966430664,127.30999755859376,121.92900848388672,552400
2019-03-11,VRSK,125.9000015258789,127.5500030517578,125.5199966430664,127.30999755859376,121.92900848388672,552400
2019-03-12,VRSK,127.48999786376952,128.47999572753906,126.66999816894533,128.25999450683594,122.83885955810548,606900
2019-03-12,VRSK,127.48999786376952,128.47999572753906,126.66999816894533,128.25999450683594,122.83885955810548,606900
2019-03-13,VRSK,128.77000427246094,129.3000030517578,128.00999450683594,128.75999450683594,123.31768035888672,849500
2019-03-13,VRSK,128.77000427246094,129.3000030517578,128.00999450683594,128.75999450683594,123.31768035888672,849500
2019-03-14,VRSK,128.2100067138672,128.7899932861328,127.83000183105467,128.1300048828125,122.95308685302734,841300
2019-03-14,VRSK,128.2100067138672,128.7899932861328,127.83000183105467,128.1300048828125,122.95308685302734,841300
2019-03-15,VRSK,128.13999938964844,129.07000732421875,128.05999755859375,128.42999267578125,123.2409439086914,1272500
2019-03-15,VRSK,128.13999938964844,129.07000732421875,128.05999755859375,128.42999267578125,123.2409439086914,1272500
2019-03-18,VRSK,128.14999389648438,129.0,128.10000610351562,128.69000244140625,123.4904556274414,620300
2019-03-18,VRSK,128.14999389648438,129.0,128.10000610351562,128.69000244140625,123.4904556274414,620300
2019-03-19,VRSK,128.82000732421875,129.33999633789062,128.3699951171875,128.8699951171875,123.66317749023438,856500
2019-03-19,VRSK,128.82000732421875,129.33999633789062,128.3699951171875,128.8699951171875,123.66317749023438,856500
2019-03-20,VRSK,128.8800048828125,129.49000549316406,128.22000122070312,128.2899932861328,123.10660552978516,604900
2019-03-20,VRSK,128.8800048828125,129.49000549316406,128.22000122070312,128.2899932861328,123.10660552978516,604900
2019-03-21,VRSK,128.14999389648438,129.9199981689453,128.14999389648438,129.75999450683594,124.5171890258789,561900
2019-03-21,VRSK,128.14999389648438,129.9199981689453,128.14999389648438,129.75999450683594,124.5171890258789,561900
2019-03-22,VRSK,129.3000030517578,129.64999389648438,128.6300048828125,128.88999938964844,123.68235778808594,629300
2019-03-22,VRSK,129.3000030517578,129.64999389648438,128.6300048828125,128.88999938964844,123.68235778808594,629300
2019-03-25,VRSK,129.1699981689453,129.94000244140625,128.36000061035156,129.7899932861328,124.5459976196289,618300
2019-03-25,VRSK,129.1699981689453,129.94000244140625,128.36000061035156,129.7899932861328,124.5459976196289,618300
2019-03-26,VRSK,130.36000061035156,131.77000427246094,130.27999877929688,131.7100067138672,126.38842010498048,576000
2019-03-26,VRSK,130.36000061035156,131.77000427246094,130.27999877929688,131.7100067138672,126.38842010498048,576000
2019-03-27,VRSK,131.72000122070312,132.35000610351562,130.85000610351562,131.80999755859375,126.48440551757812,1270900
2019-03-27,VRSK,131.72000122070312,132.35000610351562,130.85000610351562,131.80999755859375,126.48440551757812,1270900
2019-03-28,VRSK,132.02000427246094,133.38999938964844,130.9499969482422,132.80999755859375,127.44393157958984,1477700
2019-03-28,VRSK,132.02000427246094,133.38999938964844,130.9499969482422,132.80999755859375,127.44393157958984,1477700
2019-03-29,VRSK,133.0,133.27999877929688,132.36000061035156,133.0,127.62629699707033,979900
2019-03-29,VRSK,133.0,133.27999877929688,132.36000061035156,133.0,127.62629699707033,979900
2019-04-01,VRSK,133.6699981689453,134.4199981689453,132.72000122070312,134.24000549316406,128.8162078857422,775700
2019-04-01,VRSK,133.6699981689453,134.4199981689453,132.72000122070312,134.24000549316406,128.8162078857422,775700
2019-04-02,VRSK,134.22000122070312,135.02999877929688,133.57000732421875,134.91000366210938,129.4591522216797,636900
2019-04-02,VRSK,134.22000122070312,135.02999877929688,133.57000732421875,134.91000366210938,129.4591522216797,636900
2019-04-03,VRSK,135.42999267578125,136.99000549316406,135.0399932861328,136.30999755859375,130.80255126953125,1238700
2019-04-03,VRSK,135.42999267578125,136.99000549316406,135.0399932861328,136.30999755859375,130.80255126953125,1238700
2019-04-04,VRSK,136.32000732421875,136.6999969482422,135.3699951171875,135.7100067138672,130.22682189941406,492800
2019-04-04,VRSK,136.32000732421875,136.6999969482422,135.3699951171875,135.7100067138672,130.22682189941406,492800
2019-04-05,VRSK,135.85000610351562,136.69000244140625,135.1699981689453,135.52000427246094,130.04449462890625,862500
2019-04-05,VRSK,135.85000610351562,136.69000244140625,135.1699981689453,135.52000427246094,130.04449462890625,862500
2019-04-08,VRSK,134.8800048828125,135.77000427246094,134.25,135.3800048828125,129.91015625,659600
2019-04-08,VRSK,134.8800048828125,135.77000427246094,134.25,135.3800048828125,129.91015625,659600
2019-04-09,VRSK,134.9499969482422,135.50999450683594,134.49000549316406,135.14999389648438,129.68942260742188,368900
2019-04-09,VRSK,134.9499969482422,135.50999450683594,134.49000549316406,135.14999389648438,129.68942260742188,368900
2019-04-10,VRSK,135.2100067138672,135.55999755859375,134.4600067138672,134.75999450683594,129.3152313232422,867600
2019-04-10,VRSK,135.2100067138672,135.55999755859375,134.4600067138672,134.75999450683594,129.3152313232422,867600
2019-04-11,VRSK,134.9600067138672,135.83999633789062,134.30999755859375,135.7899932861328,130.3035430908203,554200
2019-04-11,VRSK,134.9600067138672,135.83999633789062,134.30999755859375,135.7899932861328,130.3035430908203,554200
2019-04-12,VRSK,136.2899932861328,137.0,135.50999450683594,136.97999572753906,131.4455108642578,485200
2019-04-12,VRSK,136.2899932861328,137.0,135.50999450683594,136.97999572753906,131.4455108642578,485200
2019-04-15,VRSK,136.89999389648438,137.9199981689453,136.17999267578125,137.85000610351562,132.28033447265625,446500
2019-04-15,VRSK,136.89999389648438,137.9199981689453,136.17999267578125,137.85000610351562,132.28033447265625,446500
2019-04-16,VRSK,138.63999938964844,138.92999267578125,136.3800048828125,136.5399932861328,131.0232696533203,702100
2019-04-16,VRSK,138.63999938964844,138.92999267578125,136.3800048828125,136.5399932861328,131.0232696533203,702100
2019-04-17,VRSK,137.1999969482422,137.1999969482422,136.1699981689453,136.94000244140625,131.40711975097656,665800
2019-04-17,VRSK,137.1999969482422,137.1999969482422,136.1699981689453,136.94000244140625,131.40711975097656,665800
2019-04-18,VRSK,137.33999633789062,138.47000122070312,136.33999633789062,137.99000549316406,132.4146728515625,373900
2019-04-18,VRSK,137.33999633789062,138.47000122070312,136.33999633789062,137.99000549316406,132.4146728515625,373900
2019-04-22,VRSK,137.60000610351562,137.9199981689453,137.0,137.63999938964844,132.078857421875,550600
2019-04-22,VRSK,137.60000610351562,137.9199981689453,137.0,137.63999938964844,132.078857421875,550600
2019-04-23,VRSK,137.97000122070312,139.52000427246094,136.69000244140625,139.47000122070312,133.83486938476562,518800
2019-04-23,VRSK,137.97000122070312,139.52000427246094,136.69000244140625,139.47000122070312,133.83486938476562,518800
2019-04-24,VRSK,139.47000122070312,140.41000366210938,139.08999633789062,139.5,133.8636932373047,502900
2019-04-24,VRSK,139.47000122070312,140.41000366210938,139.08999633789062,139.5,133.8636932373047,502900
2019-04-25,VRSK,139.08999633789062,139.47999572753906,138.0500030517578,138.7899932861328,133.182373046875,626000
2019-04-25,VRSK,139.08999633789062,139.47999572753906,138.0500030517578,138.7899932861328,133.182373046875,626000
2019-04-26,VRSK,139.13999938964844,140.00999450683594,138.75999450683594,139.8699951171875,134.21873474121094,440300
2019-04-26,VRSK,139.13999938964844,140.00999450683594,138.75999450683594,139.8699951171875,134.21873474121094,440300
2019-04-29,VRSK,140.13999938964844,140.4499969482422,139.60000610351562,140.3699951171875,134.69854736328125,494300
2019-04-29,VRSK,140.13999938964844,140.4499969482422,139.60000610351562,140.3699951171875,134.69854736328125,494300
2019-04-30,VRSK,140.61000061035156,141.3000030517578,140.05999755859375,141.13999938964844,135.43743896484375,966100
2019-04-30,VRSK,140.61000061035156,141.3000030517578,140.05999755859375,141.13999938964844,135.43743896484375,966100
2019-05-01,VRSK,140.55999755859375,142.47000122070312,137.91000366210938,139.8800048828125,134.2283172607422,732400
2019-05-01,VRSK,140.55999755859375,142.47000122070312,137.91000366210938,139.8800048828125,134.2283172607422,732400
2019-05-02,VRSK,139.5500030517578,140.88999938964844,139.17999267578125,140.35000610351562,134.6793670654297,690100
2019-05-02,VRSK,139.5500030517578,140.88999938964844,139.17999267578125,140.35000610351562,134.6793670654297,690100
2019-05-03,VRSK,140.83999633789062,143.27000427246094,140.8300018310547,143.2100067138672,137.42376708984375,514000
2019-05-03,VRSK,140.83999633789062,143.27000427246094,140.8300018310547,143.2100067138672,137.42376708984375,514000
2019-05-06,VRSK,141.2100067138672,143.6699981689453,141.1300048828125,143.38999938964844,137.59649658203125,509600
2019-05-06,VRSK,141.2100067138672,143.6699981689453,141.1300048828125,143.38999938964844,137.59649658203125,509600
2019-05-07,VRSK,142.1999969482422,142.52999877929688,139.69000244140625,140.5,134.8232421875,881700
2019-05-07,VRSK,142.1999969482422,142.52999877929688,139.69000244140625,140.5,134.8232421875,881700
2019-05-08,VRSK,140.5,141.61000061035156,139.72999572753906,140.55999755859375,134.8809051513672,676300
2019-05-08,VRSK,140.5,141.61000061035156,139.72999572753906,140.55999755859375,134.8809051513672,676300
2019-05-09,VRSK,139.44000244140625,141.08999633789062,138.94000244140625,140.5,134.8232421875,899600
2019-05-09,VRSK,139.44000244140625,141.08999633789062,138.94000244140625,140.5,134.8232421875,899600
2019-05-10,VRSK,140.0,140.83999633789062,137.83999633789062,140.67999267578125,134.9960174560547,991200
2019-05-10,VRSK,140.0,140.83999633789062,137.83999633789062,140.67999267578125,134.9960174560547,991200
2019-05-13,VRSK,138.6699981689453,138.89999389648438,137.74000549316406,138.47999572753906,132.88491821289062,1130900
2019-05-13,VRSK,138.6699981689453,138.89999389648438,137.74000549316406,138.47999572753906,132.88491821289062,1130900
2019-05-14,VRSK,138.61000061035156,140.22000122070312,138.61000061035156,139.32000732421875,133.6909637451172,1144700
2019-05-14,VRSK,138.61000061035156,140.22000122070312,138.61000061035156,139.32000732421875,133.6909637451172,1144700
2019-05-15,VRSK,138.52999877929688,141.52000427246094,138.5,140.77999877929688,135.09197998046875,707300
2019-05-15,VRSK,138.52999877929688,141.52000427246094,138.5,140.77999877929688,135.09197998046875,707300
2019-05-16,VRSK,140.9600067138672,142.92999267578125,140.72999572753906,142.1300048828125,136.38743591308594,838200
2019-05-16,VRSK,140.9600067138672,142.92999267578125,140.72999572753906,142.1300048828125,136.38743591308594,838200
2019-05-17,VRSK,141.2899932861328,142.92999267578125,141.24000549316406,141.97000122070312,136.23385620117188,656300
2019-05-17,VRSK,141.2899932861328,142.92999267578125,141.24000549316406,141.97000122070312,136.23385620117188,656300
2019-05-20,VRSK,140.6300048828125,142.8000030517578,140.6300048828125,141.3000030517578,135.5909423828125,532500
2019-05-20,VRSK,140.6300048828125,142.8000030517578,140.6300048828125,141.3000030517578,135.5909423828125,532500
2019-05-21,VRSK,142.1300048828125,143.33999633789062,141.77999877929688,143.19000244140625,137.40460205078125,606800
2019-05-21,VRSK,142.1300048828125,143.33999633789062,141.77999877929688,143.19000244140625,137.40460205078125,606800
2019-05-22,VRSK,143.16000366210938,144.47999572753906,142.99000549316406,143.86000061035156,138.04750061035156,408000
2019-05-22,VRSK,143.16000366210938,144.47999572753906,142.99000549316406,143.86000061035156,138.04750061035156,408000
2019-05-23,VRSK,142.57000732421875,143.50999450683594,141.7100067138672,142.16000366210938,136.41622924804688,497300
2019-05-23,VRSK,142.57000732421875,143.50999450683594,141.7100067138672,142.16000366210938,136.41622924804688,497300
2019-05-24,VRSK,143.05999755859375,143.5399932861328,141.9600067138672,142.2100067138672,136.46420288085938,407000
2019-05-24,VRSK,143.05999755859375,143.5399932861328,141.9600067138672,142.2100067138672,136.46420288085938,407000
2019-05-28,VRSK,142.69000244140625,144.3800048828125,141.7100067138672,142.02000427246094,136.28187561035156,1023300
2019-05-28,VRSK,142.69000244140625,144.3800048828125,141.7100067138672,142.02000427246094,136.28187561035156,1023300
2019-05-29,VRSK,140.89999389648438,141.5500030517578,139.19000244140625,139.6699981689453,134.0267791748047,978800
2019-05-29,VRSK,140.89999389648438,141.5500030517578,139.19000244140625,139.6699981689453,134.0267791748047,978800
2019-05-30,VRSK,140.39999389648438,141.3000030517578,139.5399932861328,140.52000427246094,134.84249877929688,1982100
2019-05-30,VRSK,140.39999389648438,141.3000030517578,139.5399932861328,140.52000427246094,134.84249877929688,1982100
2019-05-31,VRSK,139.25999450683594,140.3699951171875,139.25999450683594,140.0,134.3434600830078,1185400
2019-05-31,VRSK,139.25999450683594,140.3699951171875,139.25999450683594,140.0,134.3434600830078,1185400
2019-06-03,VRSK,140.4499969482422,141.4600067138672,139.41000366210938,140.22999572753906,134.56417846679688,1394000
2019-06-03,VRSK,140.4499969482422,141.4600067138672,139.41000366210938,140.22999572753906,134.56417846679688,1394000
2019-06-04,VRSK,141.2899932861328,141.91000366210938,139.67999267578125,141.83999633789062,136.10914611816406,1751200
2019-06-04,VRSK,141.2899932861328,141.91000366210938,139.67999267578125,141.83999633789062,136.10914611816406,1751200
2019-06-05,VRSK,142.22999572753906,144.42999267578125,142.22999572753906,144.35000610351562,138.51771545410156,1633300
2019-06-05,VRSK,142.22999572753906,144.42999267578125,142.22999572753906,144.35000610351562,138.51771545410156,1633300
2019-06-06,VRSK,144.5,144.82000732421875,143.4199981689453,144.74000549316406,138.89198303222656,1020600
2019-06-06,VRSK,144.5,144.82000732421875,143.4199981689453,144.74000549316406,138.89198303222656,1020600
2019-06-07,VRSK,145.0,147.02999877929688,144.99000549316406,146.47000122070312,140.55209350585938,912300
2019-06-07,VRSK,145.0,147.02999877929688,144.99000549316406,146.47000122070312,140.55209350585938,912300
2019-06-10,VRSK,147.19000244140625,147.5,146.30999755859375,146.8699951171875,140.93588256835938,714300
2019-06-10,VRSK,147.19000244140625,147.5,146.30999755859375,146.8699951171875,140.93588256835938,714300
2019-06-11,VRSK,147.57000732421875,147.94000244140625,144.97000122070312,145.5500030517578,139.66925048828125,506700
2019-06-11,VRSK,147.57000732421875,147.94000244140625,144.97000122070312,145.5500030517578,139.66925048828125,506700
2019-06-12,VRSK,145.75,146.52999877929688,145.64999389648438,145.97000122070312,140.07228088378906,692700
2019-06-12,VRSK,145.75,146.52999877929688,145.64999389648438,145.97000122070312,140.07228088378906,692700
2019-06-13,VRSK,145.97000122070312,146.19000244140625,144.89999389648438,145.33999633789062,139.7069854736328,361500
2019-06-13,VRSK,145.97000122070312,146.19000244140625,144.89999389648438,145.33999633789062,139.7069854736328,361500
2019-06-14,VRSK,145.47000122070312,146.17999267578125,144.8800048828125,145.8300018310547,140.17803955078125,896100
2019-06-14,VRSK,145.47000122070312,146.17999267578125,144.8800048828125,145.8300018310547,140.17803955078125,896100
2019-06-17,VRSK,146.08999633789062,146.75,144.89999389648438,145.02999877929688,139.40899658203125,413200
2019-06-17,VRSK,146.08999633789062,146.75,144.89999389648438,145.02999877929688,139.40899658203125,413200
2019-06-18,VRSK,146.10000610351562,146.47000122070312,144.39999389648438,144.50999450683594,138.90914916992188,937100
2019-06-18,VRSK,146.10000610351562,146.47000122070312,144.39999389648438,144.50999450683594,138.90914916992188,937100
2019-06-19,VRSK,144.44000244140625,145.6699981689453,144.0800018310547,145.38999938964844,139.7550506591797,643300
2019-06-19,VRSK,144.44000244140625,145.6699981689453,144.0800018310547,145.38999938964844,139.7550506591797,643300
2019-06-20,VRSK,146.86000061035156,147.30999755859375,145.05999755859375,146.00999450683594,140.3510284423828,871300
2019-06-20,VRSK,146.86000061035156,147.30999755859375,145.05999755859375,146.00999450683594,140.3510284423828,871300
2019-06-21,VRSK,146.1300048828125,147.44000244140625,141.72000122070312,145.07000732421875,139.4474334716797,1768200
2019-06-21,VRSK,146.1300048828125,147.44000244140625,141.72000122070312,145.07000732421875,139.4474334716797,1768200
2019-06-24,VRSK,145.1699981689453,145.8699951171875,144.60000610351562,145.41000366210938,139.77426147460938,737900
2019-06-24,VRSK,145.1699981689453,145.8699951171875,144.60000610351562,145.41000366210938,139.77426147460938,737900
2019-06-25,VRSK,145.9600067138672,146.8800048828125,143.94000244140625,144.3300018310547,138.73619079589844,692300
2019-06-25,VRSK,145.9600067138672,146.8800048828125,143.94000244140625,144.3300018310547,138.73619079589844,692300
2019-06-26,VRSK,144.33999633789062,145.60000610351562,142.61000061035156,142.64999389648438,137.12123107910156,680700
2019-06-26,VRSK,144.33999633789062,145.60000610351562,142.61000061035156,142.64999389648438,137.12123107910156,680700
2019-06-27,VRSK,143.16000366210938,144.83999633789062,142.77000427246094,144.6199951171875,139.0148468017578,888500
2019-06-27,VRSK,143.16000366210938,144.83999633789062,142.77000427246094,144.6199951171875,139.0148468017578,888500
2019-06-28,VRSK,144.85000610351562,146.9199981689453,143.91000366210938,146.4600067138672,140.7836151123047,1183600
2019-06-28,VRSK,144.85000610351562,146.9199981689453,143.91000366210938,146.4600067138672,140.7836151123047,1183600
2019-07-01,VRSK,147.52000427246094,148.22000122070312,146.5399932861328,147.6300048828125,141.90821838378906,710300
2019-07-01,VRSK,147.52000427246094,148.22000122070312,146.5399932861328,147.6300048828125,141.90821838378906,710300
2019-07-02,VRSK,148.17999267578125,149.11000061035156,147.32000732421875,148.58999633789062,142.83103942871094,717400
2019-07-02,VRSK,148.17999267578125,149.11000061035156,147.32000732421875,148.58999633789062,142.83103942871094,717400
2019-07-03,VRSK,148.7100067138672,151.08999633789062,148.7100067138672,150.6699981689453,144.83038330078125,444600
2019-07-03,VRSK,148.7100067138672,151.08999633789062,148.7100067138672,150.6699981689453,144.83038330078125,444600
2019-07-05,VRSK,149.8300018310547,149.8300018310547,147.0500030517578,148.8699951171875,143.1001739501953,1473200
2019-07-05,VRSK,149.8300018310547,149.8300018310547,147.0500030517578,148.8699951171875,143.1001739501953,1473200
2019-07-08,VRSK,148.82000732421875,149.50999450683594,148.36000061035156,148.8699951171875,143.1001739501953,494200
2019-07-08,VRSK,148.82000732421875,149.50999450683594,148.36000061035156,148.8699951171875,143.1001739501953,494200
2019-07-09,VRSK,148.52000427246094,149.88999938964844,148.10000610351562,149.6199951171875,143.8211212158203,643900
2019-07-09,VRSK,148.52000427246094,149.88999938964844,148.10000610351562,149.6199951171875,143.8211212158203,643900
2019-07-10,VRSK,149.8699951171875,150.94000244140625,149.86000061035156,150.00999450683594,144.19601440429688,643600
2019-07-10,VRSK,149.8699951171875,150.94000244140625,149.86000061035156,150.00999450683594,144.19601440429688,643600
2019-07-11,VRSK,150.25999450683594,151.27000427246094,149.47000122070312,151.19000244140625,145.3302764892578,532800
2019-07-11,VRSK,150.25999450683594,151.27000427246094,149.47000122070312,151.19000244140625,145.3302764892578,532800
2019-07-12,VRSK,151.64999389648438,152.10000610351562,150.5500030517578,151.8300018310547,145.9454803466797,492200
2019-07-12,VRSK,151.64999389648438,152.10000610351562,150.5500030517578,151.8300018310547,145.9454803466797,492200
2019-07-15,VRSK,152.3000030517578,152.39999389648438,151.22000122070312,152.25,146.3491973876953,646200
2019-07-15,VRSK,152.3000030517578,152.39999389648438,151.22000122070312,152.25,146.3491973876953,646200
2019-07-16,VRSK,152.25,153.3699951171875,151.52000427246094,151.77000427246094,145.8878173828125,467800
2019-07-16,VRSK,152.25,153.3699951171875,151.52000427246094,151.77000427246094,145.8878173828125,467800
2019-07-17,VRSK,152.22000122070312,152.89999389648438,151.4499969482422,151.49000549316406,145.61863708496094,494200
2019-07-17,VRSK,152.22000122070312,152.89999389648438,151.4499969482422,151.49000549316406,145.61863708496094,494200
2019-07-18,VRSK,151.22000122070312,153.0,151.0,152.9600067138672,147.03170776367188,682800
2019-07-18,VRSK,151.22000122070312,153.0,151.0,152.9600067138672,147.03170776367188,682800
2019-07-19,VRSK,153.82000732421875,153.82000732421875,151.2899932861328,151.42999267578125,145.56094360351562,680300
2019-07-19,VRSK,153.82000732421875,153.82000732421875,151.2899932861328,151.42999267578125,145.56094360351562,680300
2019-07-22,VRSK,151.75,152.44000244140625,150.50999450683594,150.50999450683594,144.6765899658203,558900
2019-07-22,VRSK,151.75,152.44000244140625,150.50999450683594,150.50999450683594,144.6765899658203,558900
2019-07-23,VRSK,151.25999450683594,151.52999877929688,149.8699951171875,150.80999755859375,144.96495056152344,827900
2019-07-23,VRSK,151.25999450683594,151.52999877929688,149.8699951171875,150.80999755859375,144.96495056152344,827900
2019-07-24,VRSK,150.83999633789062,152.00999450683594,149.66000366210938,150.77000427246094,144.92657470703125,645200
2019-07-24,VRSK,150.83999633789062,152.00999450683594,149.66000366210938,150.77000427246094,144.92657470703125,645200
2019-07-25,VRSK,151.72999572753906,151.8000030517578,149.82000732421875,150.22000122070312,144.3978271484375,633800
2019-07-25,VRSK,151.72999572753906,151.8000030517578,149.82000732421875,150.22000122070312,144.3978271484375,633800
2019-07-26,VRSK,150.60000610351562,152.72000122070312,150.2899932861328,152.50999450683594,146.5990447998047,671100
2019-07-26,VRSK,150.60000610351562,152.72000122070312,150.2899932861328,152.50999450683594,146.5990447998047,671100
2019-07-29,VRSK,152.69000244140625,153.27000427246094,152.13999938964844,152.57000732421875,146.65679931640625,518700
2019-07-29,VRSK,152.69000244140625,153.27000427246094,152.13999938964844,152.57000732421875,146.65679931640625,518700
2019-07-30,VRSK,151.94000244140625,153.11000061035156,151.5500030517578,152.0399932861328,146.14735412597656,690100
2019-07-30,VRSK,151.94000244140625,153.11000061035156,151.5500030517578,152.0399932861328,146.14735412597656,690100
2019-07-31,VRSK,152.0399932861328,153.47000122070312,150.02000427246094,151.72000122070312,145.8397216796875,1234700
2019-07-31,VRSK,152.0399932861328,153.47000122070312,150.02000427246094,151.72000122070312,145.8397216796875,1234700
2019-08-01,VRSK,150.50999450683594,155.5,150.50999450683594,152.9199981689453,146.99322509765625,830600
2019-08-01,VRSK,150.50999450683594,155.5,150.50999450683594,152.9199981689453,146.99322509765625,830600
2019-08-02,VRSK,152.30999755859375,154.14999389648438,151.11000061035156,153.22999572753906,147.2912139892578,874600
2019-08-02,VRSK,152.30999755859375,154.14999389648438,151.11000061035156,153.22999572753906,147.2912139892578,874600
2019-08-05,VRSK,151.92999267578125,152.3699951171875,148.42999267578125,149.41000366210938,143.61923217773438,958000
2019-08-05,VRSK,151.92999267578125,152.3699951171875,148.42999267578125,149.41000366210938,143.61923217773438,958000
2019-08-06,VRSK,150.16000366210938,152.6199951171875,149.77000427246094,152.33999633789062,146.4357147216797,805900
2019-08-06,VRSK,150.16000366210938,152.6199951171875,149.77000427246094,152.33999633789062,146.4357147216797,805900
2019-08-07,VRSK,150.72999572753906,154.5,149.0800018310547,153.89999389648438,147.93524169921875,662600
2019-08-07,VRSK,150.72999572753906,154.5,149.0800018310547,153.89999389648438,147.93524169921875,662600
2019-08-08,VRSK,154.49000549316406,156.30999755859375,153.9499969482422,156.1699981689453,150.1172332763672,969000
2019-08-08,VRSK,154.49000549316406,156.30999755859375,153.9499969482422,156.1699981689453,150.1172332763672,969000
2019-08-09,VRSK,156.05999755859375,157.24000549316406,154.7899932861328,156.4600067138672,150.39602661132812,654700
2019-08-09,VRSK,156.05999755859375,157.24000549316406,154.7899932861328,156.4600067138672,150.39602661132812,654700
2019-08-12,VRSK,156.27999877929688,156.99000549316406,155.27000427246094,155.4600067138672,149.4347686767578,505000
2019-08-12,VRSK,156.27999877929688,156.99000549316406,155.27000427246094,155.4600067138672,149.4347686767578,505000
2019-08-13,VRSK,155.5,157.60000610351562,154.85000610351562,155.9199981689453,149.87692260742188,838800
2019-08-13,VRSK,155.5,157.60000610351562,154.85000610351562,155.9199981689453,149.87692260742188,838800
2019-08-14,VRSK,154.8699951171875,155.8699951171875,152.6999969482422,153.08999633789062,147.15663146972656,973000
2019-08-14,VRSK,154.8699951171875,155.8699951171875,152.6999969482422,153.08999633789062,147.15663146972656,973000
2019-08-15,VRSK,153.72000122070312,155.6199951171875,153.49000549316406,155.1699981689453,149.15599060058594,470600
2019-08-15,VRSK,153.72000122070312,155.6199951171875,153.49000549316406,155.1699981689453,149.15599060058594,470600
2019-08-16,VRSK,156.11000061035156,157.16000366210938,155.25,156.8800048828125,150.7997283935547,511200
2019-08-16,VRSK,156.11000061035156,157.16000366210938,155.25,156.8800048828125,150.7997283935547,511200
2019-08-19,VRSK,158.0,158.63999938964844,157.4600067138672,158.2899932861328,152.1550750732422,532900
2019-08-19,VRSK,158.0,158.63999938964844,157.4600067138672,158.2899932861328,152.1550750732422,532900
2019-08-20,VRSK,158.1699981689453,158.57000732421875,156.6999969482422,158.2100067138672,152.0781707763672,634300
2019-08-20,VRSK,158.1699981689453,158.57000732421875,156.6999969482422,158.2100067138672,152.0781707763672,634300
2019-08-21,VRSK,159.13999938964844,159.72000122070312,158.38999938964844,158.67999267578125,152.52999877929688,537300
2019-08-21,VRSK,159.13999938964844,159.72000122070312,158.38999938964844,158.67999267578125,152.52999877929688,537300
2019-08-22,VRSK,159.36000061035156,159.6300048828125,157.3800048828125,158.0500030517578,151.9243927001953,537500
2019-08-22,VRSK,159.36000061035156,159.6300048828125,157.3800048828125,158.0500030517578,151.9243927001953,537500
2019-08-23,VRSK,157.5800018310547,158.52000427246094,153.91000366210938,154.61000061035156,148.6177215576172,688500
2019-08-23,VRSK,157.5800018310547,158.52000427246094,153.91000366210938,154.61000061035156,148.6177215576172,688500
2019-08-26,VRSK,155.75,159.3800048828125,155.6999969482422,157.36000061035156,151.26112365722656,583400
2019-08-26,VRSK,155.75,159.3800048828125,155.6999969482422,157.36000061035156,151.26112365722656,583400
2019-08-27,VRSK,158.36000061035156,159.5500030517578,157.8699951171875,158.91000366210938,152.75108337402344,590300
2019-08-27,VRSK,158.36000061035156,159.5500030517578,157.8699951171875,158.91000366210938,152.75108337402344,590300
2019-08-28,VRSK,158.32000732421875,159.91000366210938,157.44000244140625,159.77999877929688,153.5873565673828,471400
2019-08-28,VRSK,158.32000732421875,159.91000366210938,157.44000244140625,159.77999877929688,153.5873565673828,471400
2019-08-29,VRSK,160.4499969482422,161.7899932861328,159.35000610351562,160.77999877929688,154.54856872558594,460100
2019-08-29,VRSK,160.4499969482422,161.7899932861328,159.35000610351562,160.77999877929688,154.54856872558594,460100
2019-08-30,VRSK,161.85000610351562,162.1300048828125,160.47000122070312,161.5399932861328,155.27908325195312,659400
2019-08-30,VRSK,161.85000610351562,162.1300048828125,160.47000122070312,161.5399932861328,155.27908325195312,659400
2019-09-03,VRSK,161.86000061035156,163.97999572753906,160.4199981689453,161.74000549316406,155.4713592529297,627000
2019-09-03,VRSK,161.86000061035156,163.97999572753906,160.4199981689453,161.74000549316406,155.4713592529297,627000
2019-09-04,VRSK,162.41000366210938,164.0,162.17999267578125,162.83999633789062,156.52870178222656,654600
2019-09-04,VRSK,162.41000366210938,164.0,162.17999267578125,162.83999633789062,156.52870178222656,654600
2019-09-05,VRSK,164.05999755859375,164.91000366210938,163.10000610351562,163.5399932861328,157.2016143798828,698700
2019-09-05,VRSK,164.05999755859375,164.91000366210938,163.10000610351562,163.5399932861328,157.2016143798828,698700
2019-09-06,VRSK,163.97000122070312,164.97000122070312,163.5500030517578,164.5800018310547,158.20130920410156,572200
2019-09-06,VRSK,163.97000122070312,164.97000122070312,163.5500030517578,164.5800018310547,158.20130920410156,572200
2019-09-09,VRSK,164.3300018310547,164.5399932861328,159.92999267578125,160.1999969482422,153.9910430908203,853700
2019-09-09,VRSK,164.3300018310547,164.5399932861328,159.92999267578125,160.1999969482422,153.9910430908203,853700
2019-09-10,VRSK,159.1699981689453,159.44000244140625,153.69000244140625,155.1199951171875,149.10791015625,1127100
2019-09-10,VRSK,159.1699981689453,159.44000244140625,153.69000244140625,155.1199951171875,149.10791015625,1127100
2019-09-11,VRSK,155.02000427246094,156.19000244140625,153.02999877929688,155.11000061035156,149.0983428955078,1175200
2019-09-11,VRSK,155.02000427246094,156.19000244140625,153.02999877929688,155.11000061035156,149.0983428955078,1175200
2019-09-12,VRSK,157.1199951171875,159.1699981689453,156.36000061035156,157.42999267578125,151.57269287109375,686400
2019-09-12,VRSK,157.1199951171875,159.1699981689453,156.36000061035156,157.42999267578125,151.57269287109375,686400
2019-09-13,VRSK,157.1300048828125,158.14999389648438,155.3000030517578,155.75999450683594,149.96487426757812,1002400
2019-09-13,VRSK,157.1300048828125,158.14999389648438,155.3000030517578,155.75999450683594,149.96487426757812,1002400
2019-09-16,VRSK,154.8800048828125,157.05999755859375,153.52000427246094,156.52000427246094,150.69656372070312,642800
2019-09-16,VRSK,154.8800048828125,157.05999755859375,153.52000427246094,156.52000427246094,150.69656372070312,642800
2019-09-17,VRSK,157.55999755859375,158.9199981689453,156.52000427246094,158.64999389648438,152.747314453125,746700
2019-09-17,VRSK,157.55999755859375,158.9199981689453,156.52000427246094,158.64999389648438,152.747314453125,746700
2019-09-18,VRSK,158.1300048828125,159.5,157.0500030517578,159.3300018310547,153.4020538330078,627200
2019-09-18,VRSK,158.1300048828125,159.5,157.0500030517578,159.3300018310547,153.4020538330078,627200
2019-09-19,VRSK,158.92999267578125,159.94000244140625,158.4499969482422,158.6999969482422,152.7954864501953,426200
2019-09-19,VRSK,158.92999267578125,159.94000244140625,158.4499969482422,158.6999969482422,152.7954864501953,426200
2019-09-20,VRSK,158.24000549316406,159.13999938964844,157.52999877929688,158.4199981689453,152.52587890625,975600
2019-09-20,VRSK,158.24000549316406,159.13999938964844,157.52999877929688,158.4199981689453,152.52587890625,975600
2019-09-23,VRSK,158.77999877929688,158.97000122070312,157.0,157.32000732421875,151.4668426513672,557000
2019-09-23,VRSK,158.77999877929688,158.97000122070312,157.0,157.32000732421875,151.4668426513672,557000
2019-09-24,VRSK,158.0399932861328,160.27999877929688,156.77000427246094,157.47000122070312,151.61123657226562,638700
2019-09-24,VRSK,158.0399932861328,160.27999877929688,156.77000427246094,157.47000122070312,151.61123657226562,638700
2019-09-25,VRSK,157.9600067138672,158.05999755859375,156.25999450683594,157.8000030517578,151.92893981933594,645300
2019-09-25,VRSK,157.9600067138672,158.05999755859375,156.25999450683594,157.8000030517578,151.92893981933594,645300
2019-09-26,VRSK,158.05999755859375,160.08999633789062,157.4199981689453,159.2899932861328,153.36349487304688,617800
2019-09-26,VRSK,158.05999755859375,160.08999633789062,157.4199981689453,159.2899932861328,153.36349487304688,617800
2019-09-27,VRSK,159.88999938964844,160.55999755859375,154.39999389648438,155.58999633789062,149.80113220214844,853600
2019-09-27,VRSK,159.88999938964844,160.55999755859375,154.39999389648438,155.58999633789062,149.80113220214844,853600
2019-09-30,VRSK,155.58999633789062,158.74000549316406,155.17999267578125,158.13999938964844,152.2562713623047,911100
2019-09-30,VRSK,155.58999633789062,158.74000549316406,155.17999267578125,158.13999938964844,152.2562713623047,911100
2019-10-01,VRSK,158.3300018310547,158.6199951171875,156.3000030517578,156.4499969482422,150.6291961669922,600200
2019-10-01,VRSK,158.3300018310547,158.6199951171875,156.3000030517578,156.4499969482422,150.6291961669922,600200
2019-10-02,VRSK,155.25,155.94000244140625,152.72000122070312,153.3300018310547,147.62525939941406,824300
2019-10-02,VRSK,155.25,155.94000244140625,152.72000122070312,153.3300018310547,147.62525939941406,824300
2019-10-03,VRSK,153.63999938964844,154.39999389648438,151.8800048828125,154.3000030517578,148.5592041015625,824300
2019-10-03,VRSK,153.63999938964844,154.39999389648438,151.8800048828125,154.3000030517578,148.5592041015625,824300
2019-10-04,VRSK,154.72999572753906,158.0,154.6300048828125,157.5399932861328,151.67861938476562,647100
2019-10-04,VRSK,154.72999572753906,158.0,154.6300048828125,157.5399932861328,151.67861938476562,647100
2019-10-07,VRSK,157.5500030517578,157.8300018310547,156.3000030517578,157.1699981689453,151.32244873046875,359600
2019-10-07,VRSK,157.5500030517578,157.8300018310547,156.3000030517578,157.1699981689453,151.32244873046875,359600
2019-10-08,VRSK,156.42999267578125,156.9199981689453,154.7899932861328,154.89999389648438,149.1368408203125,426300
2019-10-08,VRSK,156.42999267578125,156.9199981689453,154.7899932861328,154.89999389648438,149.1368408203125,426300
2019-10-09,VRSK,155.9499969482422,157.97000122070312,155.47000122070312,157.08999633789062,151.245361328125,480600
2019-10-09,VRSK,155.9499969482422,157.97000122070312,155.47000122070312,157.08999633789062,151.245361328125,480600
2019-10-10,VRSK,156.80999755859375,158.50999450683594,156.1300048828125,157.86000061035156,151.98672485351562,485200
2019-10-10,VRSK,156.80999755859375,158.50999450683594,156.1300048828125,157.86000061035156,151.98672485351562,485200
2019-10-11,VRSK,158.8800048828125,159.57000732421875,156.99000549316406,157.11000061035156,151.2646026611328,690400
2019-10-11,VRSK,158.8800048828125,159.57000732421875,156.99000549316406,157.11000061035156,151.2646026611328,690400
2019-10-14,VRSK,157.44000244140625,158.39999389648438,155.25999450683594,155.3800048828125,149.59901428222656,503100
2019-10-14,VRSK,157.44000244140625,158.39999389648438,155.25999450683594,155.3800048828125,149.59901428222656,503100
2019-10-15,VRSK,156.11000061035156,156.8000030517578,155.3800048828125,156.0800018310547,150.27297973632812,700100
2019-10-15,VRSK,156.11000061035156,156.8000030517578,155.3800048828125,156.0800018310547,150.27297973632812,700100
2019-10-16,VRSK,155.19000244140625,155.72999572753906,152.9499969482422,155.58999633789062,149.80113220214844,988800
2019-10-16,VRSK,155.19000244140625,155.72999572753906,152.9499969482422,155.58999633789062,149.80113220214844,988800
2019-10-17,VRSK,155.80999755859375,156.75,154.88999938964844,155.22000122070312,149.44496154785156,878900
2019-10-17,VRSK,155.80999755859375,156.75,154.88999938964844,155.22000122070312,149.44496154785156,878900
2019-10-18,VRSK,155.49000549316406,155.49000549316406,153.6300048828125,154.4199981689453,148.67471313476562,953700
2019-10-18,VRSK,155.49000549316406,155.49000549316406,153.6300048828125,154.4199981689453,148.67471313476562,953700
2019-10-21,VRSK,154.88999938964844,155.38999938964844,152.36000061035156,153.47000122070312,147.7600555419922,654400
2019-10-21,VRSK,154.88999938964844,155.38999938964844,152.36000061035156,153.47000122070312,147.7600555419922,654400
2019-10-22,VRSK,157.8000030517578,157.8000030517578,150.99000549316406,151.02000427246094,145.40115356445312,786400
2019-10-22,VRSK,157.8000030517578,157.8000030517578,150.99000549316406,151.02000427246094,145.40115356445312,786400
2019-10-23,VRSK,150.47000122070312,151.94000244140625,147.7100067138672,148.6300048828125,143.1001739501953,1537600
2019-10-23,VRSK,150.47000122070312,151.94000244140625,147.7100067138672,148.6300048828125,143.1001739501953,1537600
2019-10-24,VRSK,149.36000061035156,150.72999572753906,148.27000427246094,149.75,144.17843627929688,731800
2019-10-24,VRSK,149.36000061035156,150.72999572753906,148.27000427246094,149.75,144.17843627929688,731800
2019-10-25,VRSK,150.14999389648438,150.9499969482422,148.6199951171875,148.9199981689453,143.3793487548828,536600
2019-10-25,VRSK,150.14999389648438,150.9499969482422,148.6199951171875,148.9199981689453,143.3793487548828,536600
2019-10-28,VRSK,148.94000244140625,149.6999969482422,148.4499969482422,148.5500030517578,143.02313232421875,716700
2019-10-28,VRSK,148.94000244140625,149.6999969482422,148.4499969482422,148.5500030517578,143.02313232421875,716700
2019-10-29,VRSK,147.77000427246094,151.32000732421875,147.77000427246094,150.1199951171875,144.53465270996094,1962800
2019-10-29,VRSK,147.77000427246094,151.32000732421875,147.77000427246094,150.1199951171875,144.53465270996094,1962800
2019-10-30,VRSK,146.1699981689453,148.67999267578125,145.00999450683594,147.9199981689453,142.41650390625,1340500
2019-10-30,VRSK,146.1699981689453,148.67999267578125,145.00999450683594,147.9199981689453,142.41650390625,1340500
2019-10-31,VRSK,147.36000061035156,148.5,144.32000732421875,144.6999969482422,139.3163299560547,1004200
2019-10-31,VRSK,147.36000061035156,148.5,144.32000732421875,144.6999969482422,139.3163299560547,1004200
2019-11-01,VRSK,144.7899932861328,146.24000549316406,144.7899932861328,145.36000061035156,139.95181274414062,1002100
2019-11-01,VRSK,144.7899932861328,146.24000549316406,144.7899932861328,145.36000061035156,139.95181274414062,1002100
2019-11-04,VRSK,145.5,145.5,140.00999450683594,140.3000030517578,135.080078125,983600
2019-11-04,VRSK,145.5,145.5,140.00999450683594,140.3000030517578,135.080078125,983600
2019-11-05,VRSK,140.27000427246094,140.88999938964844,137.6300048828125,138.77999877929688,133.61660766601562,1184000
2019-11-05,VRSK,140.27000427246094,140.88999938964844,137.6300048828125,138.77999877929688,133.61660766601562,1184000
2019-11-06,VRSK,139.30999755859375,141.10000610351562,139.13999938964844,140.77999877929688,135.54220581054688,1024400
2019-11-06,VRSK,139.30999755859375,141.10000610351562,139.13999938964844,140.77999877929688,135.54220581054688,1024400
2019-11-07,VRSK,140.66000366210938,141.55999755859375,139.24000549316406,139.8000030517578,134.5986328125,1050300
2019-11-07,VRSK,140.66000366210938,141.55999755859375,139.24000549316406,139.8000030517578,134.5986328125,1050300
2019-11-08,VRSK,139.07000732421875,140.35000610351562,136.38999938964844,136.75,131.66212463378906,1177000
2019-11-08,VRSK,139.07000732421875,140.35000610351562,136.38999938964844,136.75,131.66212463378906,1177000
2019-11-11,VRSK,135.7100067138672,137.41000366210938,135.39999389648438,137.3800048828125,132.26866149902344,925700
2019-11-11,VRSK,135.7100067138672,137.41000366210938,135.39999389648438,137.3800048828125,132.26866149902344,925700
2019-11-12,VRSK,137.3800048828125,138.99000549316406,137.27999877929688,138.08999633789062,132.95230102539062,1046900
2019-11-12,VRSK,137.3800048828125,138.99000549316406,137.27999877929688,138.08999633789062,132.95230102539062,1046900
2019-11-13,VRSK,138.08999633789062,140.22999572753906,137.8800048828125,139.77999877929688,134.57937622070312,930500
2019-11-13,VRSK,138.08999633789062,140.22999572753906,137.8800048828125,139.77999877929688,134.57937622070312,930500
2019-11-14,VRSK,139.60000610351562,141.27000427246094,138.97000122070312,141.02999877929688,135.78285217285156,784500
2019-11-14,VRSK,139.60000610351562,141.27000427246094,138.97000122070312,141.02999877929688,135.78285217285156,784500
2019-11-15,VRSK,141.82000732421875,141.82000732421875,140.44000244140625,141.17999267578125,135.9273223876953,1000600
2019-11-15,VRSK,141.82000732421875,141.82000732421875,140.44000244140625,141.17999267578125,135.9273223876953,1000600
2019-11-18,VRSK,141.5399932861328,142.99000549316406,141.0,142.10000610351562,136.81307983398438,1104200
2019-11-18,VRSK,141.5399932861328,142.99000549316406,141.0,142.10000610351562,136.81307983398438,1104200
2019-11-19,VRSK,142.77999877929688,144.42999267578125,142.22000122070312,143.97999572753906,138.62310791015625,1041500
2019-11-19,VRSK,142.77999877929688,144.42999267578125,142.22000122070312,143.97999572753906,138.62310791015625,1041500
2019-11-20,VRSK,143.44000244140625,144.80999755859375,142.7899932861328,144.33999633789062,138.9697723388672,1270500
2019-11-20,VRSK,143.44000244140625,144.80999755859375,142.7899932861328,144.33999633789062,138.9697723388672,1270500
2019-11-21,VRSK,144.72000122070312,145.50999450683594,143.4600067138672,144.4499969482422,139.0756072998047,1449100
2019-11-21,VRSK,144.72000122070312,145.50999450683594,143.4600067138672,144.4499969482422,139.0756072998047,1449100
2019-11-22,VRSK,145.16000366210938,146.25,144.27000427246094,145.97999572753906,140.5487060546875,1318200
2019-11-22,VRSK,145.16000366210938,146.25,144.27000427246094,145.97999572753906,140.5487060546875,1318200
2019-11-25,VRSK,146.0800018310547,147.07000732421875,145.27000427246094,145.41000366210938,139.9999237060547,794300
2019-11-25,VRSK,146.0800018310547,147.07000732421875,145.27000427246094,145.41000366210938,139.9999237060547,794300
2019-11-26,VRSK,145.5800018310547,147.7899932861328,145.0,147.77999877929688,142.2817840576172,1317200
2019-11-26,VRSK,145.5800018310547,147.7899932861328,145.0,147.77999877929688,142.2817840576172,1317200
2019-11-27,VRSK,147.97999572753906,148.5800018310547,147.50999450683594,148.50999450683594,142.98458862304688,555100
2019-11-27,VRSK,147.97999572753906,148.5800018310547,147.50999450683594,148.50999450683594,142.98458862304688,555100
2019-11-29,VRSK,148.39999389648438,148.97000122070312,147.17999267578125,147.47999572753906,141.99293518066406,480800
2019-11-29,VRSK,148.39999389648438,148.97000122070312,147.17999267578125,147.47999572753906,141.99293518066406,480800
2019-12-02,VRSK,147.55999755859375,148.22000122070312,146.02999877929688,146.11000061035156,140.6739044189453,791800
2019-12-02,VRSK,147.55999755859375,148.22000122070312,146.02999877929688,146.11000061035156,140.6739044189453,791800
2019-12-03,VRSK,145.27999877929688,146.17999267578125,144.19000244140625,144.97000122070312,139.57632446289062,720700
2019-12-03,VRSK,145.27999877929688,146.17999267578125,144.19000244140625,144.97000122070312,139.57632446289062,720700
2019-12-04,VRSK,145.47999572753906,146.63999938964844,144.9499969482422,145.41000366210938,139.9999237060547,705100
2019-12-04,VRSK,145.47999572753906,146.63999938964844,144.9499969482422,145.41000366210938,139.9999237060547,705100
2019-12-05,VRSK,145.33999633789062,146.55999755859375,145.33999633789062,146.02000427246094,140.58726501464844,561000
2019-12-05,VRSK,145.33999633789062,146.55999755859375,145.33999633789062,146.02000427246094,140.58726501464844,561000
2019-12-06,VRSK,146.5399932861328,147.30999755859375,145.99000549316406,146.82000732421875,141.3574676513672,572800
2019-12-06,VRSK,146.5399932861328,147.30999755859375,145.99000549316406,146.82000732421875,141.3574676513672,572800
2019-12-09,VRSK,147.0800018310547,148.3000030517578,146.5500030517578,147.47000122070312,141.98329162597656,789300
2019-12-09,VRSK,147.0800018310547,148.3000030517578,146.5500030517578,147.47000122070312,141.98329162597656,789300
2019-12-10,VRSK,148.19000244140625,148.47999572753906,147.02999877929688,147.27999877929688,141.8003692626953,635100
2019-12-10,VRSK,148.19000244140625,148.47999572753906,147.02999877929688,147.27999877929688,141.8003692626953,635100
2019-12-11,VRSK,147.19000244140625,147.7100067138672,146.30999755859375,146.80999755859375,141.3478240966797,477600
2019-12-11,VRSK,147.19000244140625,147.7100067138672,146.30999755859375,146.80999755859375,141.3478240966797,477600
2019-12-12,VRSK,146.55999755859375,147.6999969482422,146.3300018310547,147.41000366210938,142.1676483154297,652100
2019-12-12,VRSK,146.55999755859375,147.6999969482422,146.3300018310547,147.41000366210938,142.1676483154297,652100
2019-12-13,VRSK,147.0800018310547,149.55999755859375,146.50999450683594,149.19000244140625,143.88430786132812,684900
2019-12-13,VRSK,147.0800018310547,149.55999755859375,146.50999450683594,149.19000244140625,143.88430786132812,684900
2019-12-16,VRSK,149.77999877929688,150.11000061035156,148.94000244140625,149.69000244140625,144.3665313720703,1406400
2019-12-16,VRSK,149.77999877929688,150.11000061035156,148.94000244140625,149.69000244140625,144.3665313720703,1406400
2019-12-17,VRSK,150.4600067138672,151.16000366210938,149.5399932861328,150.80999755859375,145.4467010498047,998400
2019-12-17,VRSK,150.4600067138672,151.16000366210938,149.5399932861328,150.80999755859375,145.4467010498047,998400
2019-12-18,VRSK,151.1699981689453,151.49000549316406,148.42999267578125,148.83999633789062,143.5467529296875,1008700
2019-12-18,VRSK,151.1699981689453,151.49000549316406,148.42999267578125,148.83999633789062,143.5467529296875,1008700
2019-12-19,VRSK,148.52000427246094,149.02999877929688,148.0500030517578,148.19000244140625,142.91986083984375,776600
2019-12-19,VRSK,148.52000427246094,149.02999877929688,148.0500030517578,148.19000244140625,142.91986083984375,776600
2019-12-20,VRSK,150.0500030517578,150.0500030517578,148.16000366210938,149.67999267578125,144.35690307617188,1791000
2019-12-20,VRSK,150.0500030517578,150.0500030517578,148.16000366210938,149.67999267578125,144.35690307617188,1791000
2019-12-23,VRSK,149.7100067138672,149.82000732421875,148.91000366210938,149.5500030517578,144.23155212402344,555400
2019-12-23,VRSK,149.7100067138672,149.82000732421875,148.91000366210938,149.5500030517578,144.23155212402344,555400
2019-12-24,VRSK,149.58999633789062,150.47999572753906,148.77000427246094,149.1699981689453,143.86502075195312,159500
2019-12-24,VRSK,149.58999633789062,150.47999572753906,148.77000427246094,149.1699981689453,143.86502075195312,159500
2019-12-26,VRSK,149.33999633789062,149.33999633789062,148.3000030517578,148.8300018310547,143.537109375,303600
2019-12-26,VRSK,149.33999633789062,149.33999633789062,148.3000030517578,148.8300018310547,143.537109375,303600
2019-12-27,VRSK,148.91000366210938,149.25,148.0399932861328,148.5800018310547,143.2960205078125,686700
2019-12-27,VRSK,148.91000366210938,149.25,148.0399932861328,148.5800018310547,143.2960205078125,686700
2019-12-30,VRSK,148.47999572753906,148.49000549316406,146.44000244140625,147.5500030517578,142.30262756347656,590400
2019-12-30,VRSK,148.47999572753906,148.49000549316406,146.44000244140625,147.5500030517578,142.30262756347656,590400
2019-12-31,VRSK,147.8699951171875,149.47999572753906,147.5500030517578,149.33999633789062,144.0289764404297,549000
2019-12-31,VRSK,147.8699951171875,149.47999572753906,147.5500030517578,149.33999633789062,144.0289764404297,549000
2020-01-02,VRSK,149.27999877929688,151.1300048828125,148.89999389648438,151.1199951171875,145.74566650390625,845100
2020-01-02,VRSK,149.27999877929688,151.1300048828125,148.89999389648438,151.1199951171875,145.74566650390625,845100
2020-01-03,VRSK,150.0,152.72999572753906,150.0,152.58999633789062,147.1634063720703,876900
2020-01-03,VRSK,150.0,152.72999572753906,150.0,152.58999633789062,147.1634063720703,876900
2020-01-06,VRSK,151.83999633789062,153.02999877929688,150.69000244140625,152.94000244140625,147.50091552734375,656200
2020-01-06,VRSK,151.83999633789062,153.02999877929688,150.69000244140625,152.94000244140625,147.50091552734375,656200
2020-01-07,VRSK,153.24000549316406,154.92999267578125,153.0800018310547,154.22000122070312,148.7354278564453,1514700
2020-01-07,VRSK,153.24000549316406,154.92999267578125,153.0800018310547,154.22000122070312,148.7354278564453,1514700
2020-01-08,VRSK,154.47999572753906,156.22999572753906,153.9600067138672,155.63999938964844,150.1049346923828,773100
2020-01-08,VRSK,154.47999572753906,156.22999572753906,153.9600067138672,155.63999938964844,150.1049346923828,773100
2020-01-09,VRSK,156.6699981689453,157.9600067138672,156.64999389648438,157.13999938964844,151.55160522460938,758800
2020-01-09,VRSK,156.6699981689453,157.9600067138672,156.64999389648438,157.13999938964844,151.55160522460938,758800
2020-01-10,VRSK,157.11000061035156,157.82000732421875,156.38999938964844,157.32000732421875,151.72515869140625,844700
2020-01-10,VRSK,157.11000061035156,157.82000732421875,156.38999938964844,157.32000732421875,151.72515869140625,844700
2020-01-13,VRSK,157.33999633789062,158.13999938964844,156.8800048828125,158.02000427246094,152.4003143310547,549500
2020-01-13,VRSK,157.33999633789062,158.13999938964844,156.8800048828125,158.02000427246094,152.4003143310547,549500
2020-01-14,VRSK,157.64999389648438,157.92999267578125,156.5399932861328,156.8800048828125,151.30084228515625,617600
2020-01-14,VRSK,157.64999389648438,157.92999267578125,156.5399932861328,156.8800048828125,151.30084228515625,617600
2020-01-15,VRSK,157.33999633789062,159.13999938964844,157.2100067138672,158.64999389648438,153.00791931152344,824100
2020-01-15,VRSK,157.33999633789062,159.13999938964844,157.2100067138672,158.64999389648438,153.00791931152344,824100
2020-01-16,VRSK,159.3000030517578,160.88999938964844,158.97000122070312,160.55999755859375,154.84996032714844,628000
2020-01-16,VRSK,159.3000030517578,160.88999938964844,158.97000122070312,160.55999755859375,154.84996032714844,628000
2020-01-17,VRSK,160.86000061035156,161.58999633789062,160.07000732421875,160.5500030517578,154.84031677246094,549300
2020-01-17,VRSK,160.86000061035156,161.58999633789062,160.07000732421875,160.5500030517578,154.84031677246094,549300
2020-01-21,VRSK,159.66000366210938,162.24000549316406,159.25999450683594,161.3000030517578,155.56365966796875,648400
2020-01-21,VRSK,159.66000366210938,162.24000549316406,159.25999450683594,161.3000030517578,155.56365966796875,648400
2020-01-22,VRSK,162.42999267578125,164.0500030517578,162.42999267578125,163.58999633789062,157.77227783203125,790700
2020-01-22,VRSK,162.42999267578125,164.0500030517578,162.42999267578125,163.58999633789062,157.77227783203125,790700
2020-01-23,VRSK,163.1300048828125,165.2899932861328,162.17999267578125,165.10000610351562,159.22848510742188,708100
2020-01-23,VRSK,163.1300048828125,165.2899932861328,162.17999267578125,165.10000610351562,159.22848510742188,708100
2020-01-24,VRSK,165.39999389648438,165.9499969482422,164.1300048828125,165.3000030517578,159.42140197753906,486000
2020-01-24,VRSK,165.39999389648438,165.9499969482422,164.1300048828125,165.3000030517578,159.42140197753906,486000
2020-01-27,VRSK,163.30999755859375,164.91000366210938,161.82000732421875,163.9499969482422,158.11936950683594,640200
2020-01-27,VRSK,163.30999755859375,164.91000366210938,161.82000732421875,163.9499969482422,158.11936950683594,640200
2020-01-28,VRSK,164.14999389648438,165.5,163.8800048828125,164.80999755859375,158.9488067626953,758900
2020-01-28,VRSK,164.14999389648438,165.5,163.8800048828125,164.80999755859375,158.9488067626953,758900
2020-01-29,VRSK,165.0,165.3699951171875,163.92999267578125,164.17999267578125,158.34120178222656,529300
2020-01-29,VRSK,165.0,165.3699951171875,163.92999267578125,164.17999267578125,158.34120178222656,529300
2020-01-30,VRSK,163.25,164.80999755859375,162.97999572753906,164.7100067138672,158.8523712158203,476000
2020-01-30,VRSK,163.25,164.80999755859375,162.97999572753906,164.7100067138672,158.8523712158203,476000
2020-01-31,VRSK,164.4199981689453,164.74000549316406,162.0,162.47000122070312,156.6920166015625,621000
2020-01-31,VRSK,164.4199981689453,164.74000549316406,162.0,162.47000122070312,156.6920166015625,621000
2020-02-03,VRSK,163.02999877929688,166.00999450683594,163.02999877929688,165.22000122070312,159.34422302246094,649600
2020-02-03,VRSK,163.02999877929688,166.00999450683594,163.02999877929688,165.22000122070312,159.34422302246094,649600
2020-02-04,VRSK,166.8000030517578,168.7100067138672,166.3800048828125,168.1300048828125,162.15072631835938,931700
2020-02-04,VRSK,166.8000030517578,168.7100067138672,166.3800048828125,168.1300048828125,162.15072631835938,931700
2020-02-05,VRSK,169.5,169.89999389648438,167.5800018310547,168.55999755859375,162.5654296875,1132400
2020-02-05,VRSK,169.5,169.89999389648438,167.5800018310547,168.55999755859375,162.5654296875,1132400
2020-02-06,VRSK,169.5500030517578,169.8800048828125,168.27999877929688,168.9499969482422,162.9415740966797,446700
2020-02-06,VRSK,169.5500030517578,169.8800048828125,168.27999877929688,168.9499969482422,162.9415740966797,446700
2020-02-07,VRSK,168.80999755859375,169.49000549316406,167.82000732421875,169.1199951171875,163.1055145263672,476300
2020-02-07,VRSK,168.80999755859375,169.49000549316406,167.82000732421875,169.1199951171875,163.1055145263672,476300
2020-02-10,VRSK,168.7899932861328,170.1199951171875,168.17999267578125,169.94000244140625,163.89637756347656,479100
2020-02-10,VRSK,168.7899932861328,170.1199951171875,168.17999267578125,169.94000244140625,163.89637756347656,479100
2020-02-11,VRSK,170.1699981689453,170.66000366210938,167.57000732421875,167.88999938964844,161.91929626464844,539500
2020-02-11,VRSK,170.1699981689453,170.66000366210938,167.57000732421875,167.88999938964844,161.91929626464844,539500
2020-02-12,VRSK,167.9199981689453,169.52000427246094,167.4499969482422,169.27999877929688,163.25979614257812,515800
2020-02-12,VRSK,167.9199981689453,169.52000427246094,167.4499969482422,169.27999877929688,163.25979614257812,515800
2020-02-13,VRSK,169.0500030517578,171.5800018310547,169.0500030517578,170.6699981689453,164.60044860839844,513700
2020-02-13,VRSK,169.0500030517578,171.5800018310547,169.0500030517578,170.6699981689453,164.60044860839844,513700
2020-02-14,VRSK,170.4199981689453,171.67999267578125,170.4199981689453,171.3800048828125,165.2852020263672,533600
2020-02-14,VRSK,170.4199981689453,171.67999267578125,170.4199981689453,171.3800048828125,165.2852020263672,533600
2020-02-18,VRSK,170.8000030517578,171.72999572753906,169.8800048828125,171.55999755859375,165.45875549316406,1120200
2020-02-18,VRSK,170.8000030517578,171.72999572753906,169.8800048828125,171.55999755859375,165.45875549316406,1120200
2020-02-19,VRSK,165.47999572753906,170.74000549316406,163.0,169.74000549316406,163.7034912109375,1196600
2020-02-19,VRSK,165.47999572753906,170.74000549316406,163.0,169.74000549316406,163.7034912109375,1196600
2020-02-20,VRSK,168.8699951171875,170.1999969482422,167.0800018310547,169.38999938964844,163.3659210205078,761300
2020-02-20,VRSK,168.8699951171875,170.1999969482422,167.0800018310547,169.38999938964844,163.3659210205078,761300
2020-02-21,VRSK,168.69000244140625,170.16000366210938,167.50999450683594,168.69000244140625,162.6908416748047,912000
2020-02-21,VRSK,168.69000244140625,170.16000366210938,167.50999450683594,168.69000244140625,162.6908416748047,912000
2020-02-24,VRSK,166.25999450683594,169.14999389648438,165.58999633789062,167.5800018310547,161.6203155517578,1096600
2020-02-24,VRSK,166.25999450683594,169.14999389648438,165.58999633789062,167.5800018310547,161.6203155517578,1096600
2020-02-25,VRSK,168.08999633789062,168.9199981689453,162.5399932861328,162.82000732421875,157.0296173095703,983700
2020-02-25,VRSK,168.08999633789062,168.9199981689453,162.5399932861328,162.82000732421875,157.0296173095703,983700
2020-02-26,VRSK,164.2899932861328,165.9600067138672,162.61000061035156,163.52999877929688,157.7143096923828,903300
2020-02-26,VRSK,164.2899932861328,165.9600067138672,162.61000061035156,163.52999877929688,157.7143096923828,903300
2020-02-27,VRSK,161.97000122070312,162.91000366210938,155.7899932861328,155.7899932861328,150.24960327148438,1053500
2020-02-27,VRSK,161.97000122070312,162.91000366210938,155.7899932861328,155.7899932861328,150.24960327148438,1053500
2020-02-28,VRSK,152.47000122070312,155.4600067138672,148.7100067138672,155.11000061035156,149.59381103515625,2168900
2020-02-28,VRSK,152.47000122070312,155.4600067138672,148.7100067138672,155.11000061035156,149.59381103515625,2168900
2020-03-02,VRSK,154.9199981689453,163.27999877929688,154.35000610351562,163.1300048828125,157.32859802246094,1516200
2020-03-02,VRSK,154.9199981689453,163.27999877929688,154.35000610351562,163.1300048828125,157.32859802246094,1516200
2020-03-03,VRSK,163.2899932861328,166.4199981689453,159.5,160.39999389648438,154.69564819335938,1231900
2020-03-03,VRSK,163.2899932861328,166.4199981689453,159.5,160.39999389648438,154.69564819335938,1231900
2020-03-04,VRSK,162.22000122070312,169.86000061035156,161.30999755859375,169.17999267578125,163.16339111328125,987800
2020-03-04,VRSK,162.22000122070312,169.86000061035156,161.30999755859375,169.17999267578125,163.16339111328125,987800
2020-03-05,VRSK,163.8800048828125,166.6999969482422,162.9499969482422,164.97000122070312,159.10313415527344,1062900
2020-03-05,VRSK,163.8800048828125,166.6999969482422,162.9499969482422,164.97000122070312,159.10313415527344,1062900
2020-03-06,VRSK,159.1699981689453,164.4600067138672,157.88999938964844,163.3699951171875,157.5600128173828,1214500
2020-03-06,VRSK,159.1699981689453,164.4600067138672,157.88999938964844,163.3699951171875,157.5600128173828,1214500
2020-03-09,VRSK,150.6300048828125,156.66000366210938,145.14999389648438,147.9199981689453,142.65945434570312,2051200
2020-03-09,VRSK,150.6300048828125,156.66000366210938,145.14999389648438,147.9199981689453,142.65945434570312,2051200
2020-03-10,VRSK,151.07000732421875,156.75999450683594,147.07000732421875,156.74000549316406,151.16587829589844,1486800
2020-03-10,VRSK,151.07000732421875,156.75999450683594,147.07000732421875,156.74000549316406,151.16587829589844,1486800
2020-03-11,VRSK,152.1699981689453,155.17999267578125,148.57000732421875,151.67999267578125,146.28575134277344,1392000
2020-03-11,VRSK,152.1699981689453,155.17999267578125,148.57000732421875,151.67999267578125,146.28575134277344,1392000
2020-03-12,VRSK,142.25,149.05999755859375,132.0,139.49000549316406,134.76919555664062,1788400
2020-03-12,VRSK,142.25,149.05999755859375,132.0,139.49000549316406,134.76919555664062,1788400
2020-03-13,VRSK,145.2899932861328,147.99000549316406,133.60000610351562,145.61000061035156,140.68203735351562,1761700
2020-03-13,VRSK,145.2899932861328,147.99000549316406,133.60000610351562,145.61000061035156,140.68203735351562,1761700
2020-03-16,VRSK,132.5399932861328,142.4499969482422,128.7100067138672,130.05999755859375,125.65833282470705,1402700
2020-03-16,VRSK,132.5399932861328,142.4499969482422,128.7100067138672,130.05999755859375,125.65833282470705,1402700
2020-03-17,VRSK,131.9499969482422,148.61000061035156,130.83999633789062,144.7100067138672,139.81251525878906,1620800
2020-03-17,VRSK,131.9499969482422,148.61000061035156,130.83999633789062,144.7100067138672,139.81251525878906,1620800
2020-03-18,VRSK,133.0,137.4199981689453,123.9499969482422,135.11000061035156,130.53741455078125,1720800
2020-03-18,VRSK,133.0,137.4199981689453,123.9499969482422,135.11000061035156,130.53741455078125,1720800
2020-03-19,VRSK,135.3000030517578,144.97999572753906,131.7899932861328,136.47999572753906,131.86106872558594,1124600
2020-03-19,VRSK,135.3000030517578,144.97999572753906,131.7899932861328,136.47999572753906,131.86106872558594,1124600
2020-03-20,VRSK,137.39999389648438,137.60000610351562,123.54000091552734,124.25,120.04496002197266,1509200
2020-03-20,VRSK,137.39999389648438,137.60000610351562,123.54000091552734,124.25,120.04496002197266,1509200
2020-03-23,VRSK,125.7300033569336,125.76000213623048,116.61000061035156,121.18000030517578,117.07884216308594,1398700
2020-03-23,VRSK,125.7300033569336,125.76000213623048,116.61000061035156,121.18000030517578,117.07884216308594,1398700
2020-03-24,VRSK,126.86000061035156,138.05999755859375,125.37000274658205,137.27999877929688,132.6339569091797,1300500
2020-03-24,VRSK,126.86000061035156,138.05999755859375,125.37000274658205,137.27999877929688,132.6339569091797,1300500
2020-03-25,VRSK,134.61000061035156,138.89999389648438,128.0,134.3000030517578,129.75485229492188,1662900
2020-03-25,VRSK,134.61000061035156,138.89999389648438,128.0,134.3000030517578,129.75485229492188,1662900
2020-03-26,VRSK,135.5399932861328,143.47999572753906,135.5399932861328,142.10000610351562,137.2908477783203,1248100
2020-03-26,VRSK,135.5399932861328,143.47999572753906,135.5399932861328,142.10000610351562,137.2908477783203,1248100
2020-03-27,VRSK,139.10000610351562,143.47000122070312,136.97999572753906,137.77000427246094,133.107421875,1234300
2020-03-27,VRSK,139.10000610351562,143.47000122070312,136.97999572753906,137.77000427246094,133.107421875,1234300
2020-03-30,VRSK,138.80999755859375,147.92999267578125,138.10000610351562,146.8699951171875,141.89939880371094,793900
2020-03-30,VRSK,138.80999755859375,147.92999267578125,138.10000610351562,146.8699951171875,141.89939880371094,793900
2020-03-31,VRSK,144.9199981689453,146.5399932861328,138.42999267578125,139.3800048828125,134.6629180908203,1422200
2020-03-31,VRSK,144.9199981689453,146.5399932861328,138.42999267578125,139.3800048828125,134.6629180908203,1422200
2020-04-01,VRSK,134.22000122070312,142.49000549316406,133.5,140.77999877929688,136.01553344726562,1343500
2020-04-01,VRSK,134.22000122070312,142.49000549316406,133.5,140.77999877929688,136.01553344726562,1343500
2020-04-02,VRSK,137.02999877929688,144.3300018310547,134.4499969482422,142.99000549316406,138.1507568359375,1044400
2020-04-02,VRSK,137.02999877929688,144.3300018310547,134.4499969482422,142.99000549316406,138.1507568359375,1044400
2020-04-03,VRSK,141.67999267578125,143.2899932861328,138.1699981689453,141.64999389648438,136.8560333251953,815700
2020-04-03,VRSK,141.67999267578125,143.2899932861328,138.1699981689453,141.64999389648438,136.8560333251953,815700
2020-04-06,VRSK,146.1999969482422,148.80999755859375,144.8800048828125,147.74000549316406,142.73997497558594,1244000
2020-04-06,VRSK,146.1999969482422,148.80999755859375,144.8800048828125,147.74000549316406,142.73997497558594,1244000
2020-04-07,VRSK,151.50999450683594,152.88999938964844,146.57000732421875,147.1699981689453,142.18927001953125,967200
2020-04-07,VRSK,151.50999450683594,152.88999938964844,146.57000732421875,147.1699981689453,142.18927001953125,967200
2020-04-08,VRSK,147.83999633789062,150.89999389648438,147.1699981689453,148.6999969482422,143.66748046875,883800
2020-04-08,VRSK,147.83999633789062,150.89999389648438,147.1699981689453,148.6999969482422,143.66748046875,883800
2020-04-09,VRSK,149.63999938964844,152.63999938964844,147.22999572753906,148.25999450683594,143.2423553466797,1076800
2020-04-09,VRSK,149.63999938964844,152.63999938964844,147.22999572753906,148.25999450683594,143.2423553466797,1076800
2020-04-13,VRSK,146.14999389648438,148.0,142.4600067138672,144.16000366210938,139.28111267089844,704600
2020-04-13,VRSK,146.14999389648438,148.0,142.4600067138672,144.16000366210938,139.28111267089844,704600
2020-04-14,VRSK,147.8800048828125,150.85000610351562,146.80999755859375,150.3000030517578,145.21339416503906,1070200
2020-04-14,VRSK,147.8800048828125,150.85000610351562,146.80999755859375,150.3000030517578,145.21339416503906,1070200
2020-04-15,VRSK,147.55999755859375,148.6300048828125,146.0399932861328,147.1300048828125,142.1505889892578,722300
2020-04-15,VRSK,147.55999755859375,148.6300048828125,146.0399932861328,147.1300048828125,142.1505889892578,722300
2020-04-16,VRSK,148.30999755859375,149.94000244140625,146.1999969482422,149.11000061035156,144.06358337402344,912400
2020-04-16,VRSK,148.30999755859375,149.94000244140625,146.1999969482422,149.11000061035156,144.06358337402344,912400
2020-04-17,VRSK,153.47999572753906,154.02999877929688,151.39999389648438,153.7899932861328,148.58522033691406,957800
2020-04-17,VRSK,153.47999572753906,154.02999877929688,151.39999389648438,153.7899932861328,148.58522033691406,957800
2020-04-20,VRSK,151.58999633789062,151.60000610351562,148.49000549316406,149.32000732421875,144.26654052734375,722100
2020-04-20,VRSK,151.58999633789062,151.60000610351562,148.49000549316406,149.32000732421875,144.26654052734375,722100
2020-04-21,VRSK,146.97000122070312,148.1699981689453,144.5500030517578,145.2100067138672,140.29559326171875,810300
2020-04-21,VRSK,146.97000122070312,148.1699981689453,144.5500030517578,145.2100067138672,140.29559326171875,810300
2020-04-22,VRSK,148.61000061035156,152.8300018310547,146.89999389648438,151.1999969482422,146.08285522460938,710200
2020-04-22,VRSK,148.61000061035156,152.8300018310547,146.89999389648438,151.1999969482422,146.08285522460938,710200
2020-04-23,VRSK,151.49000549316406,152.1199951171875,146.72000122070312,147.6999969482422,142.70132446289062,1082800
2020-04-23,VRSK,151.49000549316406,152.1199951171875,146.72000122070312,147.6999969482422,142.70132446289062,1082800
2020-04-24,VRSK,149.14999389648438,149.14999389648438,146.6300048828125,148.5399932861328,143.51287841796875,975900
2020-04-24,VRSK,149.14999389648438,149.14999389648438,146.6300048828125,148.5399932861328,143.51287841796875,975900
2020-04-27,VRSK,151.07000732421875,152.4199981689453,149.17999267578125,151.8000030517578,146.66258239746094,797700
2020-04-27,VRSK,151.07000732421875,152.4199981689453,149.17999267578125,151.8000030517578,146.66258239746094,797700
2020-04-28,VRSK,159.3000030517578,159.99000549316406,151.49000549316406,151.7899932861328,146.65293884277344,672600
2020-04-28,VRSK,159.3000030517578,159.99000549316406,151.49000549316406,151.7899932861328,146.65293884277344,672600
2020-04-29,VRSK,154.0500030517578,154.82000732421875,151.61000061035156,153.07000732421875,147.88961791992188,856600
2020-04-29,VRSK,154.0500030517578,154.82000732421875,151.61000061035156,153.07000732421875,147.88961791992188,856600
2020-04-30,VRSK,152.1699981689453,153.2899932861328,150.47000122070312,152.8300018310547,147.65768432617188,1483100
2020-04-30,VRSK,152.1699981689453,153.2899932861328,150.47000122070312,152.8300018310547,147.65768432617188,1483100
2020-05-01,VRSK,149.85000610351562,154.5399932861328,149.85000610351562,153.4499969482422,148.2567138671875,1036100
2020-05-01,VRSK,149.85000610351562,154.5399932861328,149.85000610351562,153.4499969482422,148.2567138671875,1036100
2020-05-04,VRSK,152.3000030517578,155.47999572753906,151.3800048828125,154.4600067138672,149.23255920410156,779400
2020-05-04,VRSK,152.3000030517578,155.47999572753906,151.3800048828125,154.4600067138672,149.23255920410156,779400
2020-05-05,VRSK,154.91000366210938,159.14999389648438,154.67999267578125,157.49000549316406,152.1599884033203,965000
2020-05-05,VRSK,154.91000366210938,159.14999389648438,154.67999267578125,157.49000549316406,152.1599884033203,965000
2020-05-06,VRSK,160.0,161.74000549316406,154.5,155.17999267578125,149.92816162109375,880500
2020-05-06,VRSK,160.0,161.74000549316406,154.5,155.17999267578125,149.92816162109375,880500
2020-05-07,VRSK,156.1699981689453,160.25,156.1699981689453,158.27000427246094,152.9136199951172,956700
2020-05-07,VRSK,156.1699981689453,160.25,156.1699981689453,158.27000427246094,152.9136199951172,956700
2020-05-08,VRSK,160.11000061035156,161.66000366210938,158.1999969482422,159.57000732421875,154.16966247558594,636800
2020-05-08,VRSK,160.11000061035156,161.66000366210938,158.1999969482422,159.57000732421875,154.16966247558594,636800
2020-05-11,VRSK,158.1999969482422,161.5,157.85000610351562,160.7100067138672,155.27105712890625,673300
2020-05-11,VRSK,158.1999969482422,161.5,157.85000610351562,160.7100067138672,155.27105712890625,673300
2020-05-12,VRSK,160.17999267578125,161.3000030517578,156.5800018310547,156.60000610351562,151.30014038085938,808100
2020-05-12,VRSK,160.17999267578125,161.3000030517578,156.5800018310547,156.60000610351562,151.30014038085938,808100
2020-05-13,VRSK,156.4199981689453,157.0,152.75,154.42999267578125,149.2035675048828,847600
2020-05-13,VRSK,156.4199981689453,157.0,152.75,154.42999267578125,149.2035675048828,847600
2020-05-14,VRSK,155.02000427246094,156.38999938964844,151.17999267578125,153.89999389648438,148.69149780273438,757200
2020-05-14,VRSK,155.02000427246094,156.38999938964844,151.17999267578125,153.89999389648438,148.69149780273438,757200
2020-05-15,VRSK,152.8800048828125,155.4499969482422,151.5399932861328,154.55999755859375,149.32916259765625,824400
2020-05-15,VRSK,152.8800048828125,155.4499969482422,151.5399932861328,154.55999755859375,149.32916259765625,824400
2020-05-18,VRSK,158.1300048828125,159.75,156.88999938964844,158.32000732421875,152.9619140625,1145700
2020-05-18,VRSK,158.1300048828125,159.75,156.88999938964844,158.32000732421875,152.9619140625,1145700
2020-05-19,VRSK,158.4199981689453,161.0,157.5399932861328,158.05999755859375,152.710693359375,668500
2020-05-19,VRSK,158.4199981689453,161.0,157.5399932861328,158.05999755859375,152.710693359375,668500
2020-05-20,VRSK,158.83999633789062,161.0399932861328,158.83999633789062,159.5399932861328,154.140625,636100
2020-05-20,VRSK,158.83999633789062,161.0399932861328,158.83999633789062,159.5399932861328,154.140625,636100
2020-05-21,VRSK,157.50999450683594,159.36000061035156,156.52000427246094,156.83999633789062,151.531982421875,553100
2020-05-21,VRSK,157.50999450683594,159.36000061035156,156.52000427246094,156.83999633789062,151.531982421875,553100
2020-05-22,VRSK,155.80999755859375,158.3699951171875,155.74000549316406,157.27999877929688,151.95712280273438,625700
2020-05-22,VRSK,155.80999755859375,158.3699951171875,155.74000549316406,157.27999877929688,151.95712280273438,625700
2020-05-26,VRSK,158.52000427246094,161.25999450683594,157.16000366210938,160.4600067138672,155.02944946289062,1149400
2020-05-26,VRSK,158.52000427246094,161.25999450683594,157.16000366210938,160.4600067138672,155.02944946289062,1149400
2020-05-27,VRSK,162.3699951171875,164.3800048828125,158.7100067138672,163.4600067138672,157.92799377441406,2028500
2020-05-27,VRSK,162.3699951171875,164.3800048828125,158.7100067138672,163.4600067138672,157.92799377441406,2028500
2020-05-28,VRSK,165.0,169.94000244140625,164.02000427246094,168.33999633789062,162.6427764892578,1303500
2020-05-28,VRSK,165.0,169.94000244140625,164.02000427246094,168.33999633789062,162.6427764892578,1303500
2020-05-29,VRSK,169.1300048828125,173.3300018310547,168.75999450683594,172.67999267578125,166.83590698242188,2021900
2020-05-29,VRSK,169.1300048828125,173.3300018310547,168.75999450683594,172.67999267578125,166.83590698242188,2021900
2020-06-01,VRSK,171.4600067138672,173.69000244140625,169.25,169.3800048828125,163.6475830078125,940700
2020-06-01,VRSK,171.4600067138672,173.69000244140625,169.25,169.3800048828125,163.6475830078125,940700
2020-06-02,VRSK,170.0399932861328,172.27999877929688,169.42999267578125,170.9600067138672,165.17410278320312,1605200
2020-06-02,VRSK,170.0399932861328,172.27999877929688,169.42999267578125,170.9600067138672,165.17410278320312,1605200
2020-06-03,VRSK,172.3000030517578,173.77000427246094,170.2899932861328,170.75999450683594,164.98089599609375,1034800
2020-06-03,VRSK,172.3000030517578,173.77000427246094,170.2899932861328,170.75999450683594,164.98089599609375,1034800
2020-06-04,VRSK,170.22000122070312,171.1199951171875,163.86000061035156,164.4600067138672,158.8941192626953,1267000
2020-06-04,VRSK,170.22000122070312,171.1199951171875,163.86000061035156,164.4600067138672,158.8941192626953,1267000
2020-06-05,VRSK,165.6699981689453,166.7899932861328,162.13999938964844,166.1300048828125,160.50758361816406,1773500
2020-06-05,VRSK,165.6699981689453,166.7899932861328,162.13999938964844,166.1300048828125,160.50758361816406,1773500
2020-06-08,VRSK,163.94000244140625,169.97000122070312,163.74000549316406,169.6699981689453,163.9278106689453,861800
2020-06-08,VRSK,163.94000244140625,169.97000122070312,163.74000549316406,169.6699981689453,163.9278106689453,861800
2020-06-09,VRSK,170.0,170.2100067138672,167.5800018310547,169.3300018310547,163.59927368164062,794300
2020-06-09,VRSK,170.0,170.2100067138672,167.5800018310547,169.3300018310547,163.59927368164062,794300
2020-06-10,VRSK,170.55999755859375,171.9199981689453,169.74000549316406,171.24000549316406,165.44464111328125,896300
2020-06-10,VRSK,170.55999755859375,171.9199981689453,169.74000549316406,171.24000549316406,165.44464111328125,896300
2020-06-11,VRSK,170.0399932861328,171.11000061035156,162.3699951171875,162.69000244140625,157.1840057373047,936500
2020-06-11,VRSK,170.0399932861328,171.11000061035156,162.3699951171875,162.69000244140625,157.1840057373047,936500
2020-06-12,VRSK,164.4600067138672,165.7100067138672,160.41000366210938,162.6699981689453,157.4259490966797,824600
2020-06-12,VRSK,164.4600067138672,165.7100067138672,160.41000366210938,162.6699981689453,157.4259490966797,824600
2020-06-15,VRSK,159.47000122070312,165.69000244140625,159.1699981689453,165.39999389648438,160.06793212890625,1026000
2020-06-15,VRSK,159.47000122070312,165.69000244140625,159.1699981689453,165.39999389648438,160.06793212890625,1026000
2020-06-16,VRSK,169.7899932861328,170.52000427246094,165.10000610351562,166.4199981689453,161.0550537109375,674700
2020-06-16,VRSK,169.7899932861328,170.52000427246094,165.10000610351562,166.4199981689453,161.0550537109375,674700
2020-06-17,VRSK,166.67999267578125,168.2100067138672,166.58999633789062,167.0500030517578,161.66473388671875,520900
2020-06-17,VRSK,166.67999267578125,168.2100067138672,166.58999633789062,167.0500030517578,161.66473388671875,520900
2020-06-18,VRSK,167.41000366210938,168.5500030517578,166.05999755859375,166.85000610351562,161.47119140625,617700
2020-06-18,VRSK,167.41000366210938,168.5500030517578,166.05999755859375,166.85000610351562,161.47119140625,617700
2020-06-19,VRSK,167.17999267578125,169.77999877929688,164.08999633789062,164.19000244140625,158.8969268798828,1599200
2020-06-19,VRSK,167.17999267578125,169.77999877929688,164.08999633789062,164.19000244140625,158.8969268798828,1599200
2020-06-22,VRSK,163.99000549316406,167.6300048828125,163.27000427246094,167.27000427246094,161.877685546875,615000
2020-06-22,VRSK,163.99000549316406,167.6300048828125,163.27000427246094,167.27000427246094,161.877685546875,615000
2020-06-23,VRSK,169.3699951171875,169.3699951171875,166.55999755859375,166.80999755859375,161.43246459960938,627700
2020-06-23,VRSK,169.3699951171875,169.3699951171875,166.55999755859375,166.80999755859375,161.43246459960938,627700
2020-06-24,VRSK,166.2100067138672,167.3300018310547,163.25999450683594,163.69000244140625,158.4130859375,683500
2020-06-24,VRSK,166.2100067138672,167.3300018310547,163.25999450683594,163.69000244140625,158.4130859375,683500
2020-06-25,VRSK,163.42999267578125,166.52999877929688,161.7899932861328,166.2100067138672,160.85183715820312,724400
2020-06-25,VRSK,163.42999267578125,166.52999877929688,161.7899932861328,166.2100067138672,160.85183715820312,724400
2020-06-26,VRSK,166.91000366210938,168.0800018310547,161.39999389648438,162.88999938964844,157.6388702392578,1715500
2020-06-26,VRSK,166.91000366210938,168.0800018310547,161.39999389648438,162.88999938964844,157.6388702392578,1715500
2020-06-29,VRSK,163.27000427246094,164.52999877929688,161.10000610351562,164.33999633789062,159.04208374023438,568500
2020-06-29,VRSK,163.27000427246094,164.52999877929688,161.10000610351562,164.33999633789062,159.04208374023438,568500
2020-06-30,VRSK,164.0800018310547,171.10000610351562,162.9199981689453,170.1999969482422,164.7131805419922,1079700
2020-06-30,VRSK,164.0800018310547,171.10000610351562,162.9199981689453,170.1999969482422,164.7131805419922,1079700
2020-07-01,VRSK,169.22999572753906,173.19000244140625,168.47999572753906,172.4199981689453,166.8616180419922,762900
2020-07-01,VRSK,169.22999572753906,173.19000244140625,168.47999572753906,172.4199981689453,166.8616180419922,762900
2020-07-02,VRSK,173.50999450683594,174.2899932861328,171.75,173.11000061035156,167.52940368652344,955500
2020-07-02,VRSK,173.50999450683594,174.2899932861328,171.75,173.11000061035156,167.52940368652344,955500
2020-07-06,VRSK,175.57000732421875,176.47999572753906,172.07000732421875,173.55999755859375,167.9648895263672,972000
2020-07-06,VRSK,175.57000732421875,176.47999572753906,172.07000732421875,173.55999755859375,167.9648895263672,972000
2020-07-07,VRSK,172.72999572753906,175.8000030517578,169.83999633789062,172.92999267578125,167.35519409179688,836700
2020-07-07,VRSK,172.72999572753906,175.8000030517578,169.83999633789062,172.92999267578125,167.35519409179688,836700
2020-07-08,VRSK,174.8300018310547,174.8300018310547,171.14999389648438,172.8300018310547,167.2584228515625,793100
2020-07-08,VRSK,174.8300018310547,174.8300018310547,171.14999389648438,172.8300018310547,167.2584228515625,793100
2020-07-09,VRSK,172.49000549316406,173.99000549316406,170.5800018310547,173.1999969482422,167.61651611328125,766700
2020-07-09,VRSK,172.49000549316406,173.99000549316406,170.5800018310547,173.1999969482422,167.61651611328125,766700
2020-07-10,VRSK,173.60000610351562,174.2899932861328,170.7100067138672,174.1699981689453,168.55520629882812,470500
2020-07-10,VRSK,173.60000610351562,174.2899932861328,170.7100067138672,174.1699981689453,168.55520629882812,470500
2020-07-13,VRSK,175.2100067138672,176.4499969482422,172.0500030517578,172.85000610351562,167.27780151367188,832900
2020-07-13,VRSK,175.2100067138672,176.4499969482422,172.0500030517578,172.85000610351562,167.27780151367188,832900
2020-07-14,VRSK,171.05999755859375,174.8300018310547,169.7100067138672,174.58999633789062,168.9617156982422,837200
2020-07-14,VRSK,171.05999755859375,174.8300018310547,169.7100067138672,174.58999633789062,168.9617156982422,837200
2020-07-15,VRSK,175.60000610351562,176.10000610351562,173.25999450683594,175.39999389648438,169.7455596923828,821000
2020-07-15,VRSK,175.60000610351562,176.10000610351562,173.25999450683594,175.39999389648438,169.7455596923828,821000
2020-07-16,VRSK,175.3699951171875,176.07000732421875,173.83999633789062,175.4199981689453,169.76492309570312,621500
2020-07-16,VRSK,175.3699951171875,176.07000732421875,173.83999633789062,175.4199981689453,169.76492309570312,621500
2020-07-17,VRSK,176.1199951171875,178.5500030517578,175.17999267578125,178.39999389648438,172.6488494873047,510700
2020-07-17,VRSK,176.1199951171875,178.5500030517578,175.17999267578125,178.39999389648438,172.6488494873047,510700
2020-07-20,VRSK,178.0,182.5500030517578,178.0,181.6000061035156,175.74569702148438,686500
2020-07-20,VRSK,178.0,182.5500030517578,178.0,181.6000061035156,175.74569702148438,686500
2020-07-21,VRSK,181.8300018310547,182.0500030517578,180.05999755859375,180.67999267578125,174.8553466796875,632100
2020-07-21,VRSK,181.8300018310547,182.0500030517578,180.05999755859375,180.67999267578125,174.8553466796875,632100
2020-07-22,VRSK,181.32000732421875,181.82000732421875,180.13999938964844,181.3500061035156,175.5037384033203,489100
2020-07-22,VRSK,181.32000732421875,181.82000732421875,180.13999938964844,181.3500061035156,175.5037384033203,489100
2020-07-23,VRSK,181.2400054931641,183.9199981689453,179.24000549316406,180.6300048828125,174.80699157714844,814300
2020-07-23,VRSK,181.2400054931641,183.9199981689453,179.24000549316406,180.6300048828125,174.80699157714844,814300
2020-07-24,VRSK,180.69000244140625,181.44000244140625,179.35000610351562,179.77999877929688,173.984375,520500
2020-07-24,VRSK,180.69000244140625,181.44000244140625,179.35000610351562,179.77999877929688,173.984375,520500
2020-07-27,VRSK,181.13999938964844,183.4499969482422,181.1000061035156,183.2100067138672,177.3037872314453,699200
2020-07-27,VRSK,181.13999938964844,183.4499969482422,181.1000061035156,183.2100067138672,177.3037872314453,699200
2020-07-28,VRSK,183.3500061035156,184.75999450683597,181.38999938964844,182.42999267578125,176.54891967773438,754000
2020-07-28,VRSK,183.3500061035156,184.75999450683597,181.38999938964844,182.42999267578125,176.54891967773438,754000
2020-07-29,VRSK,182.8000030517578,188.38999938964844,182.8000030517578,187.6499938964844,181.6006622314453,786300
2020-07-29,VRSK,182.8000030517578,188.38999938964844,182.8000030517578,187.6499938964844,181.6006622314453,786300
2020-07-30,VRSK,185.7400054931641,187.4600067138672,184.0,187.1699981689453,181.13612365722656,459600
2020-07-30,VRSK,185.7400054931641,187.4600067138672,184.0,187.1699981689453,181.13612365722656,459600
2020-07-31,VRSK,187.8999938964844,188.75,184.8500061035156,188.7100067138672,182.62649536132807,542500
2020-07-31,VRSK,187.8999938964844,188.75,184.8500061035156,188.7100067138672,182.62649536132807,542500
2020-08-03,VRSK,188.8500061035156,190.0,186.6999969482422,186.9600067138672,180.9329071044922,753900
2020-08-03,VRSK,188.8500061035156,190.0,186.6999969482422,186.9600067138672,180.9329071044922,753900
2020-08-04,VRSK,187.25,188.6100006103516,185.88999938964844,187.72000122070312,181.66839599609372,1062900
2020-08-04,VRSK,187.25,188.6100006103516,185.88999938964844,187.72000122070312,181.66839599609372,1062900
2020-08-05,VRSK,188.25999450683597,188.83999633789065,184.47999572753903,186.66000366210935,180.64259338378903,626100
2020-08-05,VRSK,188.25999450683597,188.83999633789065,184.47999572753903,186.66000366210935,180.64259338378903,626100
2020-08-06,VRSK,187.4900054931641,189.94000244140625,186.83999633789065,189.55999755859372,183.44906616210935,608500
2020-08-06,VRSK,187.4900054931641,189.94000244140625,186.83999633789065,189.55999755859372,183.44906616210935,608500
2020-08-07,VRSK,188.91000366210935,191.2100067138672,188.44000244140625,191.16000366210935,184.9974822998047,597100
2020-08-07,VRSK,188.91000366210935,191.2100067138672,188.44000244140625,191.16000366210935,184.9974822998047,597100
2020-08-10,VRSK,190.1999969482422,190.72999572753903,188.92999267578125,189.6499938964844,183.53614807128903,526400
2020-08-10,VRSK,190.1999969482422,190.72999572753903,188.92999267578125,189.6499938964844,183.53614807128903,526400
2020-08-11,VRSK,190.7700042724609,190.7700042724609,187.1999969482422,187.88999938964844,181.8329315185547,464700
2020-08-11,VRSK,190.7700042724609,190.7700042724609,187.1999969482422,187.88999938964844,181.8329315185547,464700
2020-08-12,VRSK,188.4600067138672,192.3999938964844,187.88999938964844,190.42999267578125,184.291015625,589200
2020-08-12,VRSK,188.4600067138672,192.3999938964844,187.88999938964844,190.42999267578125,184.291015625,589200
2020-08-13,VRSK,189.8699951171875,191.38999938964844,189.7899932861328,190.7100067138672,184.56202697753903,469200
2020-08-13,VRSK,189.8699951171875,191.38999938964844,189.7899932861328,190.7100067138672,184.56202697753903,469200
2020-08-14,VRSK,190.7400054931641,191.97000122070312,188.47000122070312,189.1499938964844,183.05230712890625,317900
2020-08-14,VRSK,190.7400054931641,191.97000122070312,188.47000122070312,189.1499938964844,183.05230712890625,317900
2020-08-17,VRSK,189.58999633789065,191.1999969482422,188.1199951171875,189.07000732421875,182.9748992919922,611700
2020-08-17,VRSK,189.58999633789065,191.1999969482422,188.1199951171875,189.07000732421875,182.9748992919922,611700
2020-08-18,VRSK,189.0,189.5399932861328,188.25,189.1300048828125,183.03292846679688,490300
2020-08-18,VRSK,189.0,189.5399932861328,188.25,189.1300048828125,183.03292846679688,490300
2020-08-19,VRSK,189.6300048828125,189.8999938964844,186.7100067138672,187.2400054931641,181.20388793945312,450400
2020-08-19,VRSK,189.6300048828125,189.8999938964844,186.7100067138672,187.2400054931641,181.20388793945312,450400
2020-08-20,VRSK,186.22999572753903,187.25999450683597,185.7400054931641,185.8600006103516,179.8683624267578,568600
2020-08-20,VRSK,186.22999572753903,187.25999450683597,185.7400054931641,185.8600006103516,179.8683624267578,568600
2020-08-21,VRSK,185.2400054931641,186.05999755859372,184.27999877929688,185.6499938964844,179.66513061523438,689300
2020-08-21,VRSK,185.2400054931641,186.05999755859372,184.27999877929688,185.6499938964844,179.66513061523438,689300
2020-08-24,VRSK,186.3300018310547,186.63999938964844,184.5200042724609,185.1100006103516,179.14251708984375,588200
2020-08-24,VRSK,186.3300018310547,186.63999938964844,184.5200042724609,185.1100006103516,179.14251708984375,588200
2020-08-25,VRSK,186.32000732421875,186.32000732421875,184.22000122070312,185.97000122070312,179.97482299804688,930800
2020-08-25,VRSK,186.32000732421875,186.32000732421875,184.22000122070312,185.97000122070312,179.97482299804688,930800
2020-08-26,VRSK,185.16000366210935,187.05999755859372,184.3500061035156,186.41000366210935,180.400634765625,774800
2020-08-26,VRSK,185.16000366210935,187.05999755859372,184.3500061035156,186.41000366210935,180.400634765625,774800
2020-08-27,VRSK,187.38999938964844,188.4900054931641,185.5200042724609,186.6100006103516,180.5941925048828,855900
2020-08-27,VRSK,187.38999938964844,188.4900054931641,185.5200042724609,186.6100006103516,180.5941925048828,855900
2020-08-28,VRSK,186.3800048828125,187.42999267578125,184.6999969482422,187.3500061035156,181.310302734375,955500
2020-08-28,VRSK,186.3800048828125,187.42999267578125,184.6999969482422,187.3500061035156,181.310302734375,955500
2020-08-31,VRSK,187.0200042724609,187.1999969482422,184.80999755859372,186.6699981689453,180.6522674560547,902900
2020-08-31,VRSK,187.0200042724609,187.1999969482422,184.80999755859372,186.6699981689453,180.6522674560547,902900
2020-09-01,VRSK,186.3800048828125,188.0800018310547,185.3600006103516,187.69000244140625,181.6393585205078,639700
2020-09-01,VRSK,186.3800048828125,188.0800018310547,185.3600006103516,187.69000244140625,181.6393585205078,639700
2020-09-02,VRSK,188.3000030517578,193.6100006103516,188.00999450683597,192.7899932861328,186.57493591308597,900700
2020-09-02,VRSK,188.3000030517578,193.6100006103516,188.00999450683597,192.7899932861328,186.57493591308597,900700
2020-09-03,VRSK,192.5800018310547,192.7700042724609,185.6100006103516,187.27999877929688,181.2425842285156,900100
2020-09-03,VRSK,192.5800018310547,192.7700042724609,185.6100006103516,187.27999877929688,181.2425842285156,900100
2020-09-04,VRSK,188.3000030517578,189.6199951171875,181.69000244140625,182.7700042724609,176.87799072265625,697800
2020-09-04,VRSK,188.3000030517578,189.6199951171875,181.69000244140625,182.7700042724609,176.87799072265625,697800
2020-09-08,VRSK,181.47000122070312,181.47000122070312,177.55999755859375,178.08999633789062,172.3488311767578,866200
2020-09-08,VRSK,181.47000122070312,181.47000122070312,177.55999755859375,178.08999633789062,172.3488311767578,866200
2020-09-09,VRSK,179.33999633789062,184.25,178.86000061035156,182.9600067138672,177.0618896484375,767800
2020-09-09,VRSK,179.33999633789062,184.25,178.86000061035156,182.9600067138672,177.0618896484375,767800
2020-09-10,VRSK,182.8000030517578,184.6499938964844,180.47000122070312,181.5,175.64894104003906,659300
2020-09-10,VRSK,182.8000030517578,184.6499938964844,180.47000122070312,181.5,175.64894104003906,659300
2020-09-11,VRSK,181.75999450683597,183.97000122070312,179.25,181.63999938964844,175.78439331054688,551500
2020-09-11,VRSK,181.75999450683597,183.97000122070312,179.25,181.63999938964844,175.78439331054688,551500
2020-09-14,VRSK,182.94000244140625,186.0800018310547,182.1199951171875,185.0800018310547,179.3801727294922,971300
2020-09-14,VRSK,182.94000244140625,186.0800018310547,182.1199951171875,185.0800018310547,179.3801727294922,971300
2020-09-15,VRSK,186.32000732421875,187.92999267578125,185.30999755859372,187.83999633789065,182.05514526367188,593400
2020-09-15,VRSK,186.32000732421875,187.92999267578125,185.30999755859372,187.83999633789065,182.05514526367188,593400
2020-09-16,VRSK,189.47999572753903,189.7700042724609,186.5800018310547,186.7899932861328,181.0374755859375,521700
2020-09-16,VRSK,189.47999572753903,189.7700042724609,186.5800018310547,186.7899932861328,181.0374755859375,521700
2020-09-17,VRSK,184.8500061035156,186.05999755859372,182.00999450683597,184.7899932861328,179.09909057617188,738600
2020-09-17,VRSK,184.8500061035156,186.05999755859372,182.00999450683597,184.7899932861328,179.09909057617188,738600
2020-09-18,VRSK,183.27999877929688,185.0500030517578,180.07000732421875,181.5800018310547,175.98794555664062,1187000
2020-09-18,VRSK,183.27999877929688,185.0500030517578,180.07000732421875,181.5800018310547,175.98794555664062,1187000
2020-09-21,VRSK,180.13999938964844,180.3699951171875,176.38999938964844,178.67999267578125,173.17724609375,682000
2020-09-21,VRSK,180.13999938964844,180.3699951171875,176.38999938964844,178.67999267578125,173.17724609375,682000
2020-09-22,VRSK,179.52000427246094,180.75999450683597,178.05999755859375,180.38999938964844,174.83460998535156,554500
2020-09-22,VRSK,179.52000427246094,180.75999450683597,178.05999755859375,180.38999938964844,174.83460998535156,554500
2020-09-23,VRSK,181.08999633789065,181.08999633789065,176.55999755859375,177.0800018310547,171.6265411376953,477200
2020-09-23,VRSK,181.08999633789065,181.08999633789065,176.55999755859375,177.0800018310547,171.6265411376953,477200
2020-09-24,VRSK,176.1699981689453,178.77999877929688,175.3699951171875,177.22999572753906,171.77191162109375,400400
2020-09-24,VRSK,176.1699981689453,178.77999877929688,175.3699951171875,177.22999572753906,171.77191162109375,400400
2020-09-25,VRSK,176.9600067138672,181.72999572753903,175.75999450683594,181.33999633789065,175.75534057617188,515600
2020-09-25,VRSK,176.9600067138672,181.72999572753903,175.75999450683594,181.33999633789065,175.75534057617188,515600
2020-09-28,VRSK,183.3300018310547,185.1100006103516,182.9600067138672,184.5200042724609,178.8373565673828,623700
2020-09-28,VRSK,183.3300018310547,185.1100006103516,182.9600067138672,184.5200042724609,178.8373565673828,623700
2020-09-29,VRSK,185.0200042724609,188.02999877929688,184.3600006103516,184.3800048828125,178.70175170898438,946900
2020-09-29,VRSK,185.0200042724609,188.02999877929688,184.3600006103516,184.3800048828125,178.70175170898438,946900
2020-09-30,VRSK,184.6999969482422,186.6999969482422,183.19000244140625,185.30999755859372,179.6031036376953,1001800
2020-09-30,VRSK,184.6999969482422,186.6999969482422,183.19000244140625,185.30999755859372,179.6031036376953,1001800
2020-10-01,VRSK,185.72999572753903,188.72999572753903,184.92999267578125,185.63999938964844,179.92286682128906,808400
2020-10-01,VRSK,185.72999572753903,188.72999572753903,184.92999267578125,185.63999938964844,179.92286682128906,808400
2020-10-02,VRSK,182.63999938964844,184.7400054931641,180.72999572753903,182.1000061035156,176.49192810058594,601000
2020-10-02,VRSK,182.63999938964844,184.7400054931641,180.72999572753903,182.1000061035156,176.49192810058594,601000
2020-10-05,VRSK,183.0800018310547,183.57000732421875,180.5200042724609,181.7899932861328,176.1914520263672,352400
2020-10-05,VRSK,183.0800018310547,183.57000732421875,180.5200042724609,181.7899932861328,176.1914520263672,352400
2020-10-06,VRSK,181.5800018310547,183.0200042724609,179.5,179.7899932861328,174.2530517578125,507900
2020-10-06,VRSK,181.5800018310547,183.0200042724609,179.5,179.7899932861328,174.2530517578125,507900
2020-10-07,VRSK,181.7100067138672,183.22000122070312,180.80999755859372,183.02999877929688,177.3932647705078,562400
2020-10-07,VRSK,181.7100067138672,183.22000122070312,180.80999755859372,183.02999877929688,177.3932647705078,562400
2020-10-08,VRSK,184.4199981689453,185.22999572753903,182.3000030517578,184.8999938964844,179.20571899414062,401200
2020-10-08,VRSK,184.4199981689453,185.22999572753903,182.3000030517578,184.8999938964844,179.20571899414062,401200
2020-10-09,VRSK,185.94000244140625,188.02999877929688,184.8800048828125,187.17999267578125,181.4154357910156,561800
2020-10-09,VRSK,185.94000244140625,188.02999877929688,184.8800048828125,187.17999267578125,181.4154357910156,561800
2020-10-12,VRSK,189.58999633789065,193.69000244140625,188.7899932861328,192.75,186.81393432617188,923700
2020-10-12,VRSK,189.58999633789065,193.69000244140625,188.7899932861328,192.75,186.81393432617188,923700
2020-10-13,VRSK,193.57000732421875,195.1000061035156,190.8000030517578,193.6499938964844,187.6862030029297,599200
2020-10-13,VRSK,193.57000732421875,195.1000061035156,190.8000030517578,193.6499938964844,187.6862030029297,599200
2020-10-14,VRSK,193.4900054931641,195.0200042724609,191.1699981689453,191.75999450683597,185.85443115234372,570600
2020-10-14,VRSK,193.4900054931641,195.0200042724609,191.1699981689453,191.75999450683597,185.85443115234372,570600
2020-10-15,VRSK,189.75999450683597,192.52999877929688,189.1999969482422,192.0200042724609,186.1064300537109,338100
2020-10-15,VRSK,189.75999450683597,192.52999877929688,189.1999969482422,192.0200042724609,186.1064300537109,338100
2020-10-16,VRSK,192.55999755859372,194.9600067138672,191.22999572753903,192.47000122070312,186.54258728027344,367700
2020-10-16,VRSK,192.55999755859372,194.9600067138672,191.22999572753903,192.47000122070312,186.54258728027344,367700
2020-10-19,VRSK,192.1699981689453,194.2100067138672,187.57000732421875,188.5,182.69485473632807,430700
2020-10-19,VRSK,192.1699981689453,194.2100067138672,187.57000732421875,188.5,182.69485473632807,430700
2020-10-20,VRSK,189.57000732421875,192.4499969482422,188.38999938964844,190.3600006103516,184.49757385253903,436400
2020-10-20,VRSK,189.57000732421875,192.4499969482422,188.38999938964844,190.3600006103516,184.49757385253903,436400
2020-10-21,VRSK,189.22999572753903,191.3999938964844,188.66000366210935,189.17999267578125,183.3538818359375,510200
2020-10-21,VRSK,189.22999572753903,191.3999938964844,188.66000366210935,189.17999267578125,183.3538818359375,510200
2020-10-22,VRSK,189.82000732421875,190.17999267578125,187.9499969482422,188.8800048828125,183.0631103515625,364900
2020-10-22,VRSK,189.82000732421875,190.17999267578125,187.9499969482422,188.8800048828125,183.0631103515625,364900
2020-10-23,VRSK,189.2400054931641,190.92999267578125,187.3300018310547,189.25,183.4217529296875,376900
2020-10-23,VRSK,189.2400054931641,190.92999267578125,187.3300018310547,189.25,183.4217529296875,376900
2020-10-26,VRSK,187.4900054931641,188.25999450683597,184.1000061035156,185.4900054931641,179.77752685546875,457400
2020-10-26,VRSK,187.4900054931641,188.25999450683597,184.1000061035156,185.4900054931641,179.77752685546875,457400
2020-10-27,VRSK,186.1699981689453,187.3000030517578,184.6999969482422,185.1499938964844,179.44798278808594,579200
2020-10-27,VRSK,186.1699981689453,187.3000030517578,184.6999969482422,185.1499938964844,179.44798278808594,579200
2020-10-28,VRSK,182.38999938964844,183.69000244140625,178.91000366210938,179.49000549316406,173.96234130859375,567300
2020-10-28,VRSK,182.38999938964844,183.69000244140625,178.91000366210938,179.49000549316406,173.96234130859375,567300
2020-10-29,VRSK,174.82000732421875,181.42999267578125,174.82000732421875,179.22000122070312,173.7006072998047,619900
2020-10-29,VRSK,174.82000732421875,181.42999267578125,174.82000732421875,179.22000122070312,173.7006072998047,619900
2020-10-30,VRSK,178.2100067138672,179.80999755859375,175.44000244140625,177.97000122070312,172.4890899658203,886200
2020-10-30,VRSK,178.2100067138672,179.80999755859375,175.44000244140625,177.97000122070312,172.4890899658203,886200
2020-11-02,VRSK,180.50999450683597,183.67999267578125,180.50999450683597,182.1499938964844,176.54037475585938,697400
2020-11-02,VRSK,180.50999450683597,183.67999267578125,180.50999450683597,182.1499938964844,176.54037475585938,697400
2020-11-03,VRSK,184.3500061035156,189.1300048828125,184.3500061035156,187.9499969482422,182.16177368164065,607100
2020-11-03,VRSK,184.3500061035156,189.1300048828125,184.3500061035156,187.9499969482422,182.16177368164065,607100
2020-11-04,VRSK,191.4900054931641,197.55999755859372,189.55999755859372,196.38999938964844,190.3418426513672,1202200
2020-11-04,VRSK,191.4900054931641,197.55999755859372,189.55999755859372,196.38999938964844,190.3418426513672,1202200
2020-11-05,VRSK,200.30999755859372,204.8500061035156,192.2400054931641,194.41000366210935,188.4228363037109,879700
2020-11-05,VRSK,200.30999755859372,204.8500061035156,192.2400054931641,194.41000366210935,188.4228363037109,879700
2020-11-06,VRSK,196.4600067138672,198.3300018310547,195.1699981689453,197.3500061035156,191.2722930908203,459400
2020-11-06,VRSK,196.4600067138672,198.3300018310547,195.1699981689453,197.3500061035156,191.2722930908203,459400
2020-11-09,VRSK,204.6300048828125,206.42999267578125,195.97000122070312,196.30999755859372,190.2642974853516,815800
2020-11-09,VRSK,204.6300048828125,206.42999267578125,195.97000122070312,196.30999755859372,190.2642974853516,815800
2020-11-10,VRSK,193.7400054931641,196.75999450683597,192.7700042724609,195.1000061035156,189.09158325195312,578500
2020-11-10,VRSK,193.7400054931641,196.75999450683597,192.7700042724609,195.1000061035156,189.09158325195312,578500
2020-11-11,VRSK,196.75,200.3699951171875,194.08999633789065,199.8300018310547,193.67588806152344,518700
2020-11-11,VRSK,196.75,200.3699951171875,194.08999633789065,199.8300018310547,193.67588806152344,518700
2020-11-12,VRSK,199.4199981689453,200.9600067138672,197.6000061035156,199.17999267578125,193.04591369628903,345300
2020-11-12,VRSK,199.4199981689453,200.9600067138672,197.6000061035156,199.17999267578125,193.04591369628903,345300
2020-11-13,VRSK,200.3600006103516,203.9499969482422,200.3600006103516,203.6999969482422,197.4267120361328,751300
2020-11-13,VRSK,200.3600006103516,203.9499969482422,200.3600006103516,203.6999969482422,197.4267120361328,751300
2020-11-16,VRSK,204.3500061035156,205.7899932861328,203.4900054931641,205.25,198.9290313720703,475400
2020-11-16,VRSK,204.3500061035156,205.7899932861328,203.4900054931641,205.25,198.9290313720703,475400
2020-11-17,VRSK,204.0800018310547,206.25999450683597,203.30999755859372,205.27999877929688,198.95803833007807,474500
2020-11-17,VRSK,204.0800018310547,206.25999450683597,203.30999755859372,205.27999877929688,198.95803833007807,474500
2020-11-18,VRSK,205.5800018310547,206.0500030517578,203.6699981689453,203.8999938964844,197.62054443359372,393000
2020-11-18,VRSK,205.5800018310547,206.0500030517578,203.6699981689453,203.8999938964844,197.62054443359372,393000
2020-11-19,VRSK,203.8999938964844,206.8300018310547,201.7100067138672,205.72000122070312,199.38450622558597,650800
2020-11-19,VRSK,203.8999938964844,206.8300018310547,201.7100067138672,205.72000122070312,199.38450622558597,650800
2020-11-20,VRSK,204.0200042724609,206.33999633789065,203.42999267578125,204.3699951171875,198.07611083984372,573000
2020-11-20,VRSK,204.0200042724609,206.33999633789065,203.42999267578125,204.3699951171875,198.07611083984372,573000
2020-11-23,VRSK,203.9199981689453,204.3000030517578,197.82000732421875,198.1199951171875,192.0185546875,827300
2020-11-23,VRSK,203.9199981689453,204.3000030517578,197.82000732421875,198.1199951171875,192.0185546875,827300
2020-11-24,VRSK,197.8800048828125,199.42999267578125,194.47000122070312,194.47999572753903,188.4906463623047,983000
2020-11-24,VRSK,197.8800048828125,199.42999267578125,194.47000122070312,194.47999572753903,188.4906463623047,983000
2020-11-25,VRSK,195.63999938964844,197.75999450683597,194.3000030517578,195.6199951171875,189.59556579589844,762700
2020-11-25,VRSK,195.63999938964844,197.75999450683597,194.3000030517578,195.6199951171875,189.59556579589844,762700
2020-11-27,VRSK,197.9900054931641,198.75999450683597,195.00999450683597,198.22999572753903,192.1251678466797,350900
2020-11-27,VRSK,197.9900054931641,198.75999450683597,195.00999450683597,198.22999572753903,192.1251678466797,350900
2020-11-30,VRSK,197.7700042724609,201.1499938964844,196.33999633789065,198.30999755859372,192.2027282714844,1175400
2020-11-30,VRSK,197.7700042724609,201.1499938964844,196.33999633789065,198.30999755859372,192.2027282714844,1175400
2020-12-01,VRSK,202.0500030517578,203.0,199.3800048828125,200.13999938964844,193.97634887695312,1127900
2020-12-01,VRSK,202.0500030517578,203.0,199.3800048828125,200.13999938964844,193.97634887695312,1127900
2020-12-02,VRSK,199.67999267578125,201.0800018310547,195.30999755859372,195.9900054931641,189.9541473388672,972900
2020-12-02,VRSK,199.67999267578125,201.0800018310547,195.30999755859372,195.9900054931641,189.9541473388672,972900
2020-12-03,VRSK,195.5,198.0399932861328,193.5,193.8500061035156,187.8800811767578,623400
2020-12-03,VRSK,195.5,198.0399932861328,193.5,193.8500061035156,187.8800811767578,623400
2020-12-04,VRSK,194.6499938964844,196.1999969482422,194.1100006103516,195.67999267578125,189.6537170410156,569400
2020-12-04,VRSK,194.6499938964844,196.1999969482422,194.1100006103516,195.67999267578125,189.6537170410156,569400
2020-12-07,VRSK,195.22000122070312,196.0800018310547,194.02999877929688,194.4499969482422,188.4615631103516,517300
2020-12-07,VRSK,195.22000122070312,196.0800018310547,194.02999877929688,194.4499969482422,188.4615631103516,517300
2020-12-08,VRSK,194.25,195.88999938964844,193.7100067138672,194.92999267578125,188.9268341064453,456700
2020-12-08,VRSK,194.25,195.88999938964844,193.7100067138672,194.92999267578125,188.9268341064453,456700
2020-12-09,VRSK,194.8300018310547,196.5200042724609,191.47000122070312,193.4499969482422,187.49237060546875,581500
2020-12-09,VRSK,194.8300018310547,196.5200042724609,191.47000122070312,193.4499969482422,187.49237060546875,581500
2020-12-10,VRSK,193.2400054931641,193.63999938964844,191.47000122070312,192.1999969482422,186.2808990478516,484300
2020-12-10,VRSK,193.2400054931641,193.63999938964844,191.47000122070312,192.1999969482422,186.2808990478516,484300
2020-12-11,VRSK,192.2100067138672,194.2100067138672,191.3300018310547,193.9900054931641,188.0157470703125,369500
2020-12-11,VRSK,192.2100067138672,194.2100067138672,191.3300018310547,193.9900054931641,188.0157470703125,369500
2020-12-14,VRSK,194.13999938964844,197.72999572753903,194.02999877929688,194.7700042724609,189.03485107421875,495600
2020-12-14,VRSK,194.13999938964844,197.72999572753903,194.02999877929688,194.7700042724609,189.03485107421875,495600
2020-12-15,VRSK,196.0200042724609,198.67999267578125,194.4499969482422,196.13999938964844,190.364501953125,538700
2020-12-15,VRSK,196.0200042724609,198.67999267578125,194.4499969482422,196.13999938964844,190.364501953125,538700
2020-12-16,VRSK,197.25999450683597,198.02999877929688,195.25999450683597,195.8800048828125,190.11215209960935,824200
2020-12-16,VRSK,197.25999450683597,198.02999877929688,195.25999450683597,195.8800048828125,190.11215209960935,824200
2020-12-17,VRSK,197.6100006103516,201.25999450683597,197.38999938964844,201.2400054931641,195.31431579589844,729100
2020-12-17,VRSK,197.6100006103516,201.25999450683597,197.38999938964844,201.2400054931641,195.31431579589844,729100
2020-12-18,VRSK,201.7700042724609,204.97000122070312,201.02999877929688,204.47000122070312,198.4492034912109,1558000
2020-12-18,VRSK,201.7700042724609,204.97000122070312,201.02999877929688,204.47000122070312,198.4492034912109,1558000
2020-12-21,VRSK,201.69000244140625,203.33999633789065,198.2700042724609,202.7700042724609,196.79928588867188,585100
2020-12-21,VRSK,201.69000244140625,203.33999633789065,198.2700042724609,202.7700042724609,196.79928588867188,585100
2020-12-22,VRSK,201.52999877929688,202.72000122070312,200.80999755859372,201.92999267578125,195.9840087890625,582400
2020-12-22,VRSK,201.52999877929688,202.72000122070312,200.80999755859372,201.92999267578125,195.9840087890625,582400
2020-12-23,VRSK,202.72999572753903,203.1000061035156,199.8999938964844,199.97000122070312,194.0817108154297,357500
2020-12-23,VRSK,202.72999572753903,203.1000061035156,199.8999938964844,199.97000122070312,194.0817108154297,357500
2020-12-24,VRSK,200.3000030517578,201.77999877929688,199.9499969482422,201.22999572753903,195.3046417236328,145000
2020-12-24,VRSK,200.3000030517578,201.77999877929688,199.9499969482422,201.22999572753903,195.3046417236328,145000
2020-12-28,VRSK,203.3300018310547,208.75,202.5200042724609,207.97999572753903,201.8558654785156,917700
2020-12-28,VRSK,203.3300018310547,208.75,202.5200042724609,207.97999572753903,201.8558654785156,917700
2020-12-29,VRSK,209.63999938964844,210.66000366210935,205.1300048828125,205.6699981689453,199.61387634277344,415800
2020-12-29,VRSK,209.63999938964844,210.66000366210935,205.1300048828125,205.6699981689453,199.61387634277344,415800
2020-12-30,VRSK,205.38999938964844,207.22000122070312,205.13999938964844,205.77999877929688,199.72064208984372,339900
2020-12-30,VRSK,205.38999938964844,207.22000122070312,205.13999938964844,205.77999877929688,199.72064208984372,339900
2020-12-31,VRSK,206.0399932861328,207.7899932861328,205.2100067138672,207.58999633789065,201.47732543945312,358200
2020-12-31,VRSK,206.0399932861328,207.7899932861328,205.2100067138672,207.58999633789065,201.47732543945312,358200
2021-01-04,VRSK,207.6000061035156,209.6699981689453,202.08999633789065,202.8800048828125,196.90606689453125,733400
2021-01-04,VRSK,207.6000061035156,209.6699981689453,202.08999633789065,202.8800048828125,196.90606689453125,733400
2021-01-05,VRSK,203.3300018310547,204.4499969482422,200.1100006103516,201.97000122070312,196.02281188964844,622300
2021-01-05,VRSK,203.3300018310547,204.4499969482422,200.1100006103516,201.97000122070312,196.02281188964844,622300
2021-01-06,VRSK,199.8600006103516,202.67999267578125,198.94000244140625,200.05999755859372,194.1690826416016,825400
2021-01-06,VRSK,199.8600006103516,202.67999267578125,198.94000244140625,200.05999755859372,194.1690826416016,825400
2021-01-07,VRSK,201.5800018310547,202.9600067138672,199.30999755859372,200.97000122070312,195.05227661132807,762700
2021-01-07,VRSK,201.5800018310547,202.9600067138672,199.30999755859372,200.97000122070312,195.05227661132807,762700
2021-01-08,VRSK,201.25,202.0500030517578,199.6000061035156,200.8999938964844,194.98434448242188,626400
2021-01-08,VRSK,201.25,202.0500030517578,199.6000061035156,200.8999938964844,194.98434448242188,626400
2021-01-11,VRSK,200.5800018310547,200.77999877929688,197.3999938964844,197.8699951171875,192.0435333251953,469400
2021-01-11,VRSK,200.5800018310547,200.77999877929688,197.3999938964844,197.8699951171875,192.0435333251953,469400
2021-01-12,VRSK,197.2700042724609,197.97000122070312,193.77999877929688,196.63999938964844,190.84976196289065,454400
2021-01-12,VRSK,197.2700042724609,197.97000122070312,193.77999877929688,196.63999938964844,190.84976196289065,454400
2021-01-13,VRSK,196.8300018310547,198.69000244140625,195.9199981689453,196.8800048828125,191.0827178955078,653500
2021-01-13,VRSK,196.8300018310547,198.69000244140625,195.9199981689453,196.8800048828125,191.0827178955078,653500
2021-01-14,VRSK,197.3800048828125,197.8000030517578,192.25,193.8800048828125,188.1710662841797,671800
2021-01-14,VRSK,197.3800048828125,197.8000030517578,192.25,193.8800048828125,188.1710662841797,671800
2021-01-15,VRSK,192.33999633789065,193.16000366210935,188.7400054931641,190.0200042724609,184.4247283935547,1173300
2021-01-15,VRSK,192.33999633789065,193.16000366210935,188.7400054931641,190.0200042724609,184.4247283935547,1173300
2021-01-19,VRSK,189.38999938964844,192.6000061035156,189.38999938964844,191.3699951171875,185.73492431640625,636100
2021-01-19,VRSK,189.38999938964844,192.6000061035156,189.38999938964844,191.3699951171875,185.73492431640625,636100
2021-01-20,VRSK,192.22999572753903,195.82000732421875,191.22000122070312,194.7100067138672,188.9766082763672,692000
2021-01-20,VRSK,192.22999572753903,195.82000732421875,191.22000122070312,194.7100067138672,188.9766082763672,692000
2021-01-21,VRSK,193.13999938964844,196.16000366210935,193.07000732421875,194.8699951171875,189.1318817138672,588700
2021-01-21,VRSK,193.13999938964844,196.16000366210935,193.07000732421875,194.8699951171875,189.1318817138672,588700
2021-01-22,VRSK,194.22999572753903,194.7899932861328,191.7400054931641,192.75999450683597,187.0840301513672,521100
2021-01-22,VRSK,194.22999572753903,194.7899932861328,191.7400054931641,192.75999450683597,187.0840301513672,521100
2021-01-25,VRSK,192.7899932861328,192.7899932861328,188.33999633789065,188.67999267578125,183.12413024902344,1223800
2021-01-25,VRSK,192.7899932861328,192.7899932861328,188.33999633789065,188.67999267578125,183.12413024902344,1223800
2021-01-26,VRSK,187.6100006103516,190.38999938964844,185.9900054931641,188.5,182.949462890625,1027600
2021-01-26,VRSK,187.6100006103516,190.38999938964844,185.9900054931641,188.5,182.949462890625,1027600
2021-01-27,VRSK,187.3600006103516,188.02999877929688,183.25,184.2700042724609,178.8440399169922,776800
2021-01-27,VRSK,187.3600006103516,188.02999877929688,183.25,184.2700042724609,178.8440399169922,776800
2021-01-28,VRSK,183.52999877929688,189.41000366210935,182.6999969482422,186.42999267578125,180.9404296875,765900
2021-01-28,VRSK,183.52999877929688,189.41000366210935,182.6999969482422,186.42999267578125,180.9404296875,765900
2021-01-29,VRSK,185.5,185.88999938964844,182.5200042724609,183.5,178.0966796875,1030500
2021-01-29,VRSK,185.5,185.88999938964844,182.5200042724609,183.5,178.0966796875,1030500
2021-02-01,VRSK,184.3000030517578,187.1100006103516,183.72999572753903,185.94000244140625,180.46485900878903,688000
2021-02-01,VRSK,184.3000030517578,187.1100006103516,183.72999572753903,185.94000244140625,180.46485900878903,688000
2021-02-02,VRSK,186.22999572753903,189.2100067138672,185.3000030517578,188.6999969482422,183.14356994628903,912200
2021-02-02,VRSK,186.22999572753903,189.2100067138672,185.3000030517578,188.6999969482422,183.14356994628903,912200
2021-02-03,VRSK,187.72999572753903,188.3600006103516,185.6100006103516,186.8699951171875,181.3674468994141,615300
2021-02-03,VRSK,187.72999572753903,188.3600006103516,185.6100006103516,186.8699951171875,181.3674468994141,615300
2021-02-04,VRSK,187.5,189.47999572753903,186.50999450683597,188.38999938964844,182.8426971435547,545800
2021-02-04,VRSK,187.5,189.47999572753903,186.50999450683597,188.38999938964844,182.8426971435547,545800
2021-02-05,VRSK,188.8600006103516,189.41000366210935,187.1300048828125,187.42999267578125,181.91099548339844,708300
2021-02-05,VRSK,188.8600006103516,189.41000366210935,187.1300048828125,187.42999267578125,181.91099548339844,708300
2021-02-08,VRSK,187.77999877929688,188.9499969482422,187.02999877929688,188.8600006103516,183.2988739013672,653400
2021-02-08,VRSK,187.77999877929688,188.9499969482422,187.02999877929688,188.8600006103516,183.2988739013672,653400
2021-02-09,VRSK,189.25999450683597,191.1300048828125,189.1699981689453,190.50999450683597,184.9002685546875,458100
2021-02-09,VRSK,189.25999450683597,191.1300048828125,189.1699981689453,190.50999450683597,184.9002685546875,458100
2021-02-10,VRSK,192.0800018310547,192.32000732421875,189.50999450683597,190.82000732421875,185.201171875,456800
2021-02-10,VRSK,192.0800018310547,192.32000732421875,189.50999450683597,190.82000732421875,185.201171875,456800
2021-02-11,VRSK,191.6199951171875,192.0,188.8600006103516,189.3000030517578,183.7259063720703,565200
2021-02-11,VRSK,191.6199951171875,192.0,188.8600006103516,189.3000030517578,183.7259063720703,565200
2021-02-12,VRSK,189.94000244140625,190.0500030517578,188.3000030517578,189.5,183.92002868652344,684700
2021-02-12,VRSK,189.94000244140625,190.0500030517578,188.3000030517578,189.5,183.92002868652344,684700
2021-02-16,VRSK,189.0,190.42999267578125,188.2100067138672,188.3600006103516,182.8136138916016,777800
2021-02-16,VRSK,189.0,190.42999267578125,188.2100067138672,188.3600006103516,182.8136138916016,777800
2021-02-17,VRSK,187.55999755859372,188.77999877929688,186.5800018310547,188.55999755859372,183.0077209472656,913200
2021-02-17,VRSK,187.55999755859372,188.77999877929688,186.5800018310547,188.55999755859372,183.0077209472656,913200
2021-02-18,VRSK,188.5399932861328,192.7400054931641,188.4600067138672,192.0200042724609,186.3658142089844,659000
2021-02-18,VRSK,188.5399932861328,192.7400054931641,188.4600067138672,192.0200042724609,186.3658142089844,659000
2021-02-19,VRSK,191.92999267578125,192.4900054931641,189.69000244140625,190.4900054931641,184.8808441162109,960300
2021-02-19,VRSK,191.92999267578125,192.4900054931641,189.69000244140625,190.4900054931641,184.8808441162109,960300
2021-02-22,VRSK,189.47000122070312,190.52999877929688,186.05999755859372,186.2400054931641,180.7559967041016,923400
2021-02-22,VRSK,189.47000122070312,190.52999877929688,186.05999755859372,186.2400054931641,180.7559967041016,923400
2021-02-23,VRSK,186.91000366210935,188.55999755859372,182.66000366210935,185.3600006103516,179.90191650390625,1551400
2021-02-23,VRSK,186.91000366210935,188.55999755859372,182.66000366210935,185.3600006103516,179.90191650390625,1551400
2021-02-24,VRSK,176.0,178.77999877929688,166.85000610351562,167.52999877929688,162.59693908691406,3606000
2021-02-24,VRSK,176.0,178.77999877929688,166.85000610351562,167.52999877929688,162.59693908691406,3606000
2021-02-25,VRSK,168.25999450683594,170.89999389648438,164.00999450683594,164.2899932861328,159.45236206054688,3663200
2021-02-25,VRSK,168.25999450683594,170.89999389648438,164.00999450683594,164.2899932861328,159.45236206054688,3663200
2021-02-26,VRSK,164.72000122070312,165.10000610351562,162.16000366210938,163.85000610351562,159.0253143310547,1898200
2021-02-26,VRSK,164.72000122070312,165.10000610351562,162.16000366210938,163.85000610351562,159.0253143310547,1898200
2021-03-01,VRSK,167.11000061035156,168.19000244140625,165.5500030517578,167.0399932861328,162.121337890625,2963400
2021-03-01,VRSK,167.11000061035156,168.19000244140625,165.5500030517578,167.0399932861328,162.121337890625,2963400
2021-03-02,VRSK,167.10000610351562,167.1199951171875,164.22999572753906,166.3800048828125,161.48077392578125,2617300
2021-03-02,VRSK,167.10000610351562,167.1199951171875,164.22999572753906,166.3800048828125,161.48077392578125,2617300
2021-03-03,VRSK,165.1699981689453,166.13999938964844,163.61000061035156,164.80999755859375,159.95701599121094,2316400
2021-03-03,VRSK,165.1699981689453,166.13999938964844,163.61000061035156,164.80999755859375,159.95701599121094,2316400
2021-03-04,VRSK,164.25,164.6300048828125,159.7899932861328,161.64999389648438,156.8900604248047,2506000
2021-03-04,VRSK,164.25,164.6300048828125,159.7899932861328,161.64999389648438,156.8900604248047,2506000
2021-03-05,VRSK,162.6199951171875,168.6199951171875,160.99000549316406,168.1199951171875,163.16954040527344,1922800
2021-03-05,VRSK,162.6199951171875,168.6199951171875,160.99000549316406,168.1199951171875,163.16954040527344,1922800
2021-03-08,VRSK,169.5800018310547,173.47000122070312,168.52000427246094,171.64999389648438,166.59559631347656,2017800
2021-03-08,VRSK,169.5800018310547,173.47000122070312,168.52000427246094,171.64999389648438,166.59559631347656,2017800
2021-03-09,VRSK,176.1699981689453,177.33999633789062,173.97999572753906,174.4199981689453,169.2840576171875,1703800
2021-03-09,VRSK,176.1699981689453,177.33999633789062,173.97999572753906,174.4199981689453,169.2840576171875,1703800
2021-03-10,VRSK,175.9199981689453,176.60000610351562,174.05999755859375,174.86000061035156,169.7111053466797,1046700
2021-03-10,VRSK,175.9199981689453,176.60000610351562,174.05999755859375,174.86000061035156,169.7111053466797,1046700
2021-03-11,VRSK,175.17999267578125,176.99000549316406,171.6699981689453,173.2100067138672,168.10971069335938,1087400
2021-03-11,VRSK,175.17999267578125,176.99000549316406,171.6699981689453,173.2100067138672,168.10971069335938,1087400
2021-03-12,VRSK,169.4499969482422,172.72000122070312,169.4499969482422,171.75999450683594,166.98196411132812,881500
2021-03-12,VRSK,169.4499969482422,172.72000122070312,169.4499969482422,171.75999450683594,166.98196411132812,881500
2021-03-15,VRSK,171.8300018310547,174.67999267578125,171.0,174.58999633789062,169.73324584960938,778500
2021-03-15,VRSK,171.8300018310547,174.67999267578125,171.0,174.58999633789062,169.73324584960938,778500
2021-03-16,VRSK,177.52000427246094,177.52000427246094,172.6199951171875,172.97000122070312,168.15829467773438,670400
2021-03-16,VRSK,177.52000427246094,177.52000427246094,172.6199951171875,172.97000122070312,168.15829467773438,670400
2021-03-17,VRSK,173.33999633789062,174.27999877929688,170.9199981689453,171.94000244140625,167.156982421875,798200
2021-03-17,VRSK,173.33999633789062,174.27999877929688,170.9199981689453,171.94000244140625,167.156982421875,798200
2021-03-18,VRSK,169.3699951171875,171.1699981689453,168.33999633789062,170.5500030517578,165.8056640625,1932500
2021-03-18,VRSK,169.3699951171875,171.1699981689453,168.33999633789062,170.5500030517578,165.8056640625,1932500
2021-03-19,VRSK,171.55999755859375,172.4499969482422,170.22999572753906,171.8699951171875,167.08892822265625,1857800
2021-03-19,VRSK,171.55999755859375,172.4499969482422,170.22999572753906,171.8699951171875,167.08892822265625,1857800
2021-03-22,VRSK,171.25999450683594,175.2899932861328,171.10000610351562,174.82000732421875,169.95684814453125,904200
2021-03-22,VRSK,171.25999450683594,175.2899932861328,171.10000610351562,174.82000732421875,169.95684814453125,904200
2021-03-23,VRSK,175.33999633789062,178.30999755859375,174.1699981689453,177.58999633789062,172.64976501464844,1260400
2021-03-23,VRSK,175.33999633789062,178.30999755859375,174.1699981689453,177.58999633789062,172.64976501464844,1260400
2021-03-24,VRSK,177.8300018310547,178.6699981689453,174.00999450683594,176.92999267578125,172.0081024169922,1726200
2021-03-24,VRSK,177.8300018310547,178.6699981689453,174.00999450683594,176.92999267578125,172.0081024169922,1726200
2021-03-25,VRSK,177.5,177.5,174.5,174.77999877929688,169.91793823242188,825000
2021-03-25,VRSK,177.5,177.5,174.5,174.77999877929688,169.91793823242188,825000
2021-03-26,VRSK,174.3699951171875,178.7100067138672,174.02000427246094,178.6300048828125,173.66082763671875,653300
2021-03-26,VRSK,174.3699951171875,178.7100067138672,174.02000427246094,178.6300048828125,173.66082763671875,653300
2021-03-29,VRSK,177.80999755859375,181.27999877929688,177.36000061035156,180.32000732421875,175.30389404296875,907600
2021-03-29,VRSK,177.80999755859375,181.27999877929688,177.36000061035156,180.32000732421875,175.30389404296875,907600
2021-03-30,VRSK,179.61000061035156,180.10000610351562,175.39999389648438,175.9499969482422,171.055419921875,497300
2021-03-30,VRSK,179.61000061035156,180.10000610351562,175.39999389648438,175.9499969482422,171.055419921875,497300
2021-03-31,VRSK,175.74000549316406,178.0399932861328,175.0,176.69000244140625,171.7748565673828,845800
2021-03-31,VRSK,175.74000549316406,178.0399932861328,175.0,176.69000244140625,171.7748565673828,845800
2021-04-01,VRSK,176.97000122070312,180.75999450683597,176.75999450683594,179.80999755859375,174.80804443359375,675000
2021-04-01,VRSK,176.97000122070312,180.75999450683597,176.75999450683594,179.80999755859375,174.80804443359375,675000
2021-04-05,VRSK,179.6199951171875,182.3300018310547,179.02000427246094,181.5500030517578,176.49960327148438,839800
2021-04-05,VRSK,179.6199951171875,182.3300018310547,179.02000427246094,181.5500030517578,176.49960327148438,839800
2021-04-06,VRSK,180.8600006103516,182.08999633789065,179.49000549316406,180.88999938964844,175.8579864501953,661700
2021-04-06,VRSK,180.8600006103516,182.08999633789065,179.49000549316406,180.88999938964844,175.8579864501953,661700
2021-04-07,VRSK,181.6100006103516,181.92999267578125,179.3699951171875,179.99000549316406,174.9830322265625,660700
2021-04-07,VRSK,181.6100006103516,181.92999267578125,179.3699951171875,179.99000549316406,174.9830322265625,660700
2021-04-08,VRSK,180.9900054931641,182.3300018310547,180.66000366210935,181.2100067138672,176.1691131591797,761800
2021-04-08,VRSK,180.9900054931641,182.3300018310547,180.66000366210935,181.2100067138672,176.1691131591797,761800
2021-04-09,VRSK,181.47000122070312,183.0500030517578,180.1199951171875,182.6999969482422,177.61761474609375,785400
2021-04-09,VRSK,181.47000122070312,183.0500030517578,180.1199951171875,182.6999969482422,177.61761474609375,785400
2021-04-12,VRSK,182.3699951171875,183.57000732421875,182.1199951171875,182.5,177.42323303222656,1394000
2021-04-12,VRSK,182.3699951171875,183.57000732421875,182.1199951171875,182.5,177.42323303222656,1394000
2021-04-13,VRSK,182.30999755859372,184.7700042724609,182.30999755859372,183.57000732421875,178.4634552001953,970300
2021-04-13,VRSK,182.30999755859372,184.7700042724609,182.30999755859372,183.57000732421875,178.4634552001953,970300
2021-04-14,VRSK,183.32000732421875,184.3500061035156,181.2700042724609,181.9499969482422,176.8884735107422,951300
2021-04-14,VRSK,183.32000732421875,184.3500061035156,181.2700042724609,181.9499969482422,176.8884735107422,951300
2021-04-15,VRSK,183.50999450683597,185.3600006103516,182.6499938964844,184.5,179.36756896972656,1174900
2021-04-15,VRSK,183.50999450683597,185.3600006103516,182.6499938964844,184.5,179.36756896972656,1174900
2021-04-16,VRSK,185.0,186.3600006103516,183.16000366210935,185.4600067138672,180.3008728027344,789700
2021-04-16,VRSK,185.0,186.3600006103516,183.16000366210935,185.4600067138672,180.3008728027344,789700
2021-04-19,VRSK,184.75999450683597,185.6499938964844,183.13999938964844,184.52999877929688,179.39671325683594,939100
2021-04-19,VRSK,184.75999450683597,185.6499938964844,183.13999938964844,184.52999877929688,179.39671325683594,939100
2021-04-20,VRSK,184.27999877929688,185.5399932861328,182.82000732421875,184.44000244140625,179.30923461914062,1190500
2021-04-20,VRSK,184.27999877929688,185.5399932861328,182.82000732421875,184.44000244140625,179.30923461914062,1190500
2021-04-21,VRSK,184.6499938964844,186.50999450683597,184.57000732421875,185.3800048828125,180.22308349609372,875300
2021-04-21,VRSK,184.6499938964844,186.50999450683597,184.57000732421875,185.3800048828125,180.22308349609372,875300
2021-04-22,VRSK,185.8500061035156,187.9900054931641,184.9499969482422,187.25999450683597,182.05079650878903,603900
2021-04-22,VRSK,185.8500061035156,187.9900054931641,184.9499969482422,187.25999450683597,182.05079650878903,603900
2021-04-23,VRSK,187.5,189.7899932861328,185.8800048828125,188.8800048828125,183.62571716308597,925500
2021-04-23,VRSK,187.5,189.7899932861328,185.8800048828125,188.8800048828125,183.62571716308597,925500
2021-04-26,VRSK,188.94000244140625,189.72999572753903,186.0800018310547,186.47000122070312,181.2827606201172,562800
2021-04-26,VRSK,188.94000244140625,189.72999572753903,186.0800018310547,186.47000122070312,181.2827606201172,562800
2021-04-27,VRSK,187.6499938964844,187.75999450683597,186.0,187.1999969482422,181.99249267578125,605800
2021-04-27,VRSK,187.6499938964844,187.75999450683597,186.0,187.1999969482422,181.99249267578125,605800
2021-04-28,VRSK,186.9499969482422,187.52999877929688,185.69000244140625,187.25999450683597,182.05079650878903,544400
2021-04-28,VRSK,186.9499969482422,187.52999877929688,185.69000244140625,187.25999450683597,182.05079650878903,544400
2021-04-29,VRSK,187.7100067138672,189.3999938964844,187.1000061035156,188.6000061035156,183.353515625,593900
2021-04-29,VRSK,187.7100067138672,189.3999938964844,187.1000061035156,188.6000061035156,183.353515625,593900
2021-04-30,VRSK,188.50999450683597,188.80999755859372,187.08999633789065,188.1999969482422,182.96463012695312,580500
2021-04-30,VRSK,188.50999450683597,188.80999755859372,187.08999633789065,188.1999969482422,182.96463012695312,580500
2021-05-03,VRSK,188.8300018310547,190.25999450683597,188.17999267578125,188.5500030517578,183.30491638183597,662600
2021-05-03,VRSK,188.8300018310547,190.25999450683597,188.17999267578125,188.5500030517578,183.30491638183597,662600
2021-05-04,VRSK,188.1999969482422,189.77999877929688,187.17999267578125,188.5200042724609,183.27574157714844,634800
2021-05-04,VRSK,188.1999969482422,189.77999877929688,187.17999267578125,188.5200042724609,183.27574157714844,634800
2021-05-05,VRSK,182.63999938964844,182.67999267578125,172.42999267578125,172.6300048828125,167.8278045654297,2484000
2021-05-05,VRSK,182.63999938964844,182.67999267578125,172.42999267578125,172.6300048828125,167.8278045654297,2484000
2021-05-06,VRSK,172.58999633789062,175.0500030517578,171.6999969482422,175.02000427246094,170.1512451171875,1751500
2021-05-06,VRSK,172.58999633789062,175.0500030517578,171.6999969482422,175.02000427246094,170.1512451171875,1751500
2021-05-07,VRSK,175.5399932861328,179.22000122070312,175.19000244140625,178.77000427246094,173.79698181152344,1284400
2021-05-07,VRSK,175.5399932861328,179.22000122070312,175.19000244140625,178.77000427246094,173.79698181152344,1284400
2021-05-10,VRSK,178.36000061035156,181.3600006103516,177.8699951171875,179.55999755859375,174.56497192382812,1108400
2021-05-10,VRSK,178.36000061035156,181.3600006103516,177.8699951171875,179.55999755859375,174.56497192382812,1108400
2021-05-11,VRSK,178.9199981689453,181.1300048828125,174.77999877929688,175.0800018310547,170.20960998535156,1046800
2021-05-11,VRSK,178.9199981689453,181.1300048828125,174.77999877929688,175.0800018310547,170.20960998535156,1046800
2021-05-12,VRSK,172.52000427246094,174.30999755859375,171.25,172.0,167.21530151367188,1313600
2021-05-12,VRSK,172.52000427246094,174.30999755859375,171.25,172.0,167.21530151367188,1313600
2021-05-13,VRSK,171.8000030517578,173.9600067138672,171.52999877929688,173.5800018310547,168.7513427734375,1171500
2021-05-13,VRSK,171.8000030517578,173.9600067138672,171.52999877929688,173.5800018310547,168.7513427734375,1171500
2021-05-14,VRSK,174.05999755859375,176.19000244140625,173.36000061035156,175.0,170.1317901611328,489700
2021-05-14,VRSK,174.05999755859375,176.19000244140625,173.36000061035156,175.0,170.1317901611328,489700
2021-05-17,VRSK,175.07000732421875,175.8300018310547,172.75,172.94000244140625,168.12911987304688,572400
2021-05-17,VRSK,175.07000732421875,175.8300018310547,172.75,172.94000244140625,168.12911987304688,572400
2021-05-18,VRSK,173.82000732421875,175.3000030517578,171.33999633789062,172.05999755859375,167.2736053466797,816800
2021-05-18,VRSK,173.82000732421875,175.3000030517578,171.33999633789062,172.05999755859375,167.2736053466797,816800
2021-05-19,VRSK,170.47999572753906,173.27000427246094,169.02999877929688,173.07000732421875,168.25552368164062,969400
2021-05-19,VRSK,170.47999572753906,173.27000427246094,169.02999877929688,173.07000732421875,168.25552368164062,969400
2021-05-20,VRSK,172.77999877929688,174.89999389648438,171.63999938964844,173.35000610351562,168.52772521972656,918300
2021-05-20,VRSK,172.77999877929688,174.89999389648438,171.63999938964844,173.35000610351562,168.52772521972656,918300
2021-05-21,VRSK,174.02999877929688,174.99000549316406,172.52000427246094,173.50999450683594,168.68328857421875,769800
2021-05-21,VRSK,174.02999877929688,174.99000549316406,172.52000427246094,173.50999450683594,168.68328857421875,769800
2021-05-24,VRSK,174.89999389648438,175.2100067138672,173.02000427246094,174.1699981689453,169.32493591308594,586100
2021-05-24,VRSK,174.89999389648438,175.2100067138672,173.02000427246094,174.1699981689453,169.32493591308594,586100
2021-05-25,VRSK,174.1999969482422,174.61000061035156,173.41000366210938,173.6999969482422,168.86798095703125,476000
2021-05-25,VRSK,174.1999969482422,174.61000061035156,173.41000366210938,173.6999969482422,168.86798095703125,476000
2021-05-26,VRSK,174.0,174.3699951171875,172.8000030517578,172.97999572753906,168.16802978515625,450000
2021-05-26,VRSK,174.0,174.3699951171875,172.8000030517578,172.97999572753906,168.16802978515625,450000
2021-05-27,VRSK,173.39999389648438,173.39999389648438,171.6999969482422,172.1300048828125,167.3416748046875,1100600
2021-05-27,VRSK,173.39999389648438,173.39999389648438,171.6999969482422,172.1300048828125,167.3416748046875,1100600
2021-05-28,VRSK,172.00999450683594,174.1999969482422,172.00999450683594,172.8300018310547,168.0221710205078,991600
2021-05-28,VRSK,172.00999450683594,174.1999969482422,172.00999450683594,172.8300018310547,168.0221710205078,991600
2021-06-01,VRSK,173.50999450683594,174.0,170.86000061035156,171.17999267578125,166.41806030273438,823400
2021-06-01,VRSK,173.50999450683594,174.0,170.86000061035156,171.17999267578125,166.41806030273438,823400
2021-06-02,VRSK,171.2100067138672,172.74000549316406,171.2100067138672,172.67999267578125,167.87631225585938,566100
2021-06-02,VRSK,171.2100067138672,172.74000549316406,171.2100067138672,172.67999267578125,167.87631225585938,566100
2021-06-03,VRSK,171.80999755859375,172.42999267578125,170.6300048828125,171.8300018310547,167.05003356933594,795600
2021-06-03,VRSK,171.80999755859375,172.42999267578125,170.6300048828125,171.8300018310547,167.05003356933594,795600
2021-06-04,VRSK,172.02000427246094,173.00999450683594,170.8300018310547,172.64999389648438,167.84716796875,535700
2021-06-04,VRSK,172.02000427246094,173.00999450683594,170.8300018310547,172.64999389648438,167.84716796875,535700
2021-06-07,VRSK,172.47999572753906,173.0,167.3699951171875,167.8000030517578,163.1321258544922,1116400
2021-06-07,VRSK,172.47999572753906,173.0,167.3699951171875,167.8000030517578,163.1321258544922,1116400
2021-06-08,VRSK,167.8699951171875,169.94000244140625,167.8699951171875,169.5,164.7848663330078,979900
2021-06-08,VRSK,167.8699951171875,169.94000244140625,167.8699951171875,169.5,164.7848663330078,979900
2021-06-09,VRSK,170.2899932861328,170.6699981689453,169.4499969482422,169.9199981689453,165.1931610107422,801200
2021-06-09,VRSK,170.2899932861328,170.6699981689453,169.4499969482422,169.9199981689453,165.1931610107422,801200
2021-06-10,VRSK,170.32000732421875,170.94000244140625,168.77000427246094,170.82000732421875,166.06813049316406,799900
2021-06-10,VRSK,170.32000732421875,170.94000244140625,168.77000427246094,170.82000732421875,166.06813049316406,799900
2021-06-11,VRSK,171.10000610351562,172.27999877929688,170.52000427246094,172.1999969482422,167.40969848632812,517400
2021-06-11,VRSK,171.10000610351562,172.27999877929688,170.52000427246094,172.1999969482422,167.40969848632812,517400
2021-06-14,VRSK,171.83999633789062,173.2899932861328,171.3000030517578,173.27000427246094,168.7340850830078,449300
2021-06-14,VRSK,171.83999633789062,173.2899932861328,171.3000030517578,173.27000427246094,168.7340850830078,449300
2021-06-15,VRSK,173.4499969482422,174.02000427246094,172.10000610351562,172.57000732421875,168.0524444580078,591600
2021-06-15,VRSK,173.4499969482422,174.02000427246094,172.10000610351562,172.57000732421875,168.0524444580078,591600
2021-06-16,VRSK,172.89999389648438,173.80999755859375,170.05999755859375,170.89999389648438,166.4261474609375,892700
2021-06-16,VRSK,172.89999389648438,173.80999755859375,170.05999755859375,170.89999389648438,166.4261474609375,892700
2021-06-17,VRSK,171.00999450683594,173.6699981689453,170.33999633789062,172.99000549316406,168.46148681640625,549900
2021-06-17,VRSK,171.00999450683594,173.6699981689453,170.33999633789062,172.99000549316406,168.46148681640625,549900
2021-06-18,VRSK,172.9199981689453,173.3300018310547,170.0399932861328,171.08999633789062,166.61119079589844,1243500
2021-06-18,VRSK,172.9199981689453,173.3300018310547,170.0399932861328,171.08999633789062,166.61119079589844,1243500
2021-06-21,VRSK,172.3800048828125,175.25,170.83999633789062,174.91000366210938,170.33120727539062,731800
2021-06-21,VRSK,172.3800048828125,175.25,170.83999633789062,174.91000366210938,170.33120727539062,731800
2021-06-22,VRSK,175.27999877929688,176.6300048828125,174.39999389648438,175.25999450683594,170.67201232910156,877700
2021-06-22,VRSK,175.27999877929688,176.6300048828125,174.39999389648438,175.25999450683594,170.67201232910156,877700
2021-06-23,VRSK,174.7899932861328,174.7899932861328,171.50999450683594,171.6999969482422,167.2052001953125,762600
2021-06-23,VRSK,174.7899932861328,174.7899932861328,171.50999450683594,171.6999969482422,167.2052001953125,762600
2021-06-24,VRSK,172.3300018310547,173.7100067138672,171.52999877929688,173.30999755859375,168.77308654785156,559100
2021-06-24,VRSK,172.3300018310547,173.7100067138672,171.52999877929688,173.30999755859375,168.77308654785156,559100
2021-06-25,VRSK,173.4600067138672,174.9199981689453,172.27999877929688,174.6999969482422,170.126708984375,1854400
2021-06-25,VRSK,173.4600067138672,174.9199981689453,172.27999877929688,174.6999969482422,170.126708984375,1854400
2021-06-28,VRSK,175.2899932861328,175.58999633789062,173.8000030517578,173.97999572753906,169.42550659179688,631400
2021-06-28,VRSK,175.2899932861328,175.58999633789062,173.8000030517578,173.97999572753906,169.42550659179688,631400
2021-06-29,VRSK,173.6199951171875,175.63999938964844,173.50999450683594,174.3300018310547,169.766357421875,450500
2021-06-29,VRSK,173.6199951171875,175.63999938964844,173.50999450683594,174.3300018310547,169.766357421875,450500
2021-06-30,VRSK,174.55999755859375,175.10000610351562,173.75999450683594,174.72000122070312,170.14614868164062,799000
2021-06-30,VRSK,174.55999755859375,175.10000610351562,173.75999450683594,174.72000122070312,170.14614868164062,799000
2021-07-01,VRSK,175.5399932861328,177.05999755859375,175.2100067138672,176.8000030517578,172.17172241210938,826700
2021-07-01,VRSK,175.5399932861328,177.05999755859375,175.2100067138672,176.8000030517578,172.17172241210938,826700
2021-07-02,VRSK,177.25,177.99000549316406,176.75,177.5,172.8533935546875,649600
2021-07-02,VRSK,177.25,177.99000549316406,176.75,177.5,172.8533935546875,649600
2021-07-06,VRSK,177.3000030517578,178.08999633789062,175.60000610351562,177.61000061035156,172.96051025390625,1040900
2021-07-06,VRSK,177.3000030517578,178.08999633789062,175.60000610351562,177.61000061035156,172.96051025390625,1040900
2021-07-07,VRSK,178.5,183.0,177.99000549316406,182.08999633789065,177.32321166992188,861600
2021-07-07,VRSK,178.5,183.0,177.99000549316406,182.08999633789065,177.32321166992188,861600
2021-07-08,VRSK,181.3699951171875,183.5399932861328,180.25999450683597,181.2100067138672,176.46629333496094,903300
2021-07-08,VRSK,181.3699951171875,183.5399932861328,180.25999450683597,181.2100067138672,176.46629333496094,903300
2021-07-09,VRSK,180.8300018310547,181.9600067138672,180.22999572753903,181.7100067138672,176.95318603515625,659300
2021-07-09,VRSK,180.8300018310547,181.9600067138672,180.22999572753903,181.7100067138672,176.95318603515625,659300
2021-07-12,VRSK,182.17999267578125,182.17999267578125,179.11000061035156,180.02000427246094,175.30743408203125,533500
2021-07-12,VRSK,182.17999267578125,182.17999267578125,179.11000061035156,180.02000427246094,175.30743408203125,533500
2021-07-13,VRSK,179.74000549316406,181.47000122070312,178.6699981689453,181.1699981689453,176.42730712890625,909600
2021-07-13,VRSK,179.74000549316406,181.47000122070312,178.6699981689453,181.1699981689453,176.42730712890625,909600
2021-07-14,VRSK,181.19000244140625,182.7700042724609,179.27999877929688,182.3300018310547,177.5569610595703,777900
2021-07-14,VRSK,181.19000244140625,182.7700042724609,179.27999877929688,182.3300018310547,177.5569610595703,777900
2021-07-15,VRSK,183.1999969482422,184.92999267578125,182.5399932861328,184.75999450683597,179.92332458496094,799200
2021-07-15,VRSK,183.1999969482422,184.92999267578125,182.5399932861328,184.75999450683597,179.92332458496094,799200
2021-07-16,VRSK,184.80999755859372,189.1699981689453,184.47000122070312,186.9900054931641,182.09495544433597,1089200
2021-07-16,VRSK,184.80999755859372,189.1699981689453,184.47000122070312,186.9900054931641,182.09495544433597,1089200
2021-07-19,VRSK,186.9199981689453,187.8600006103516,182.5,184.30999755859372,179.48512268066406,823900
2021-07-19,VRSK,186.9199981689453,187.8600006103516,182.5,184.30999755859372,179.48512268066406,823900
2021-07-20,VRSK,184.82000732421875,188.7400054931641,184.44000244140625,187.42999267578125,182.5234375,1080200
2021-07-20,VRSK,184.82000732421875,188.7400054931641,184.44000244140625,187.42999267578125,182.5234375,1080200
2021-07-21,VRSK,188.32000732421875,188.88999938964844,186.42999267578125,187.08999633789065,182.1923370361328,462100
2021-07-21,VRSK,188.32000732421875,188.88999938964844,186.42999267578125,187.08999633789065,182.1923370361328,462100
2021-07-22,VRSK,187.0800018310547,188.33999633789065,186.22000122070312,187.1999969482422,182.29949951171875,438900
2021-07-22,VRSK,187.0800018310547,188.33999633789065,186.22000122070312,187.1999969482422,182.29949951171875,438900
2021-07-23,VRSK,187.77999877929688,189.8800048828125,187.77999877929688,188.38999938964844,183.4583282470703,685400
2021-07-23,VRSK,187.77999877929688,189.8800048828125,187.77999877929688,188.38999938964844,183.4583282470703,685400
2021-07-26,VRSK,187.5500030517578,188.27999877929688,185.1199951171875,186.82000732421875,181.9293975830078,671500
2021-07-26,VRSK,187.5500030517578,188.27999877929688,185.1199951171875,186.82000732421875,181.9293975830078,671500
2021-07-27,VRSK,187.0500030517578,188.52999877929688,185.6000061035156,186.6999969482422,181.8125457763672,674600
2021-07-27,VRSK,187.0500030517578,188.52999877929688,185.6000061035156,186.6999969482422,181.8125457763672,674600
2021-07-28,VRSK,185.9600067138672,186.8300018310547,183.97999572753903,185.2700042724609,180.4199676513672,697400
2021-07-28,VRSK,185.9600067138672,186.8300018310547,183.97999572753903,185.2700042724609,180.4199676513672,697400
2021-07-29,VRSK,186.2700042724609,188.8999938964844,186.2700042724609,187.80999755859372,182.8934783935547,754000
2021-07-29,VRSK,186.2700042724609,188.8999938964844,186.2700042724609,187.80999755859372,182.8934783935547,754000
2021-07-30,VRSK,187.72000122070312,190.22999572753903,187.72000122070312,189.94000244140625,184.9677276611328,789800
2021-07-30,VRSK,187.72000122070312,190.22999572753903,187.72000122070312,189.94000244140625,184.9677276611328,789800
2021-08-02,VRSK,189.9900054931641,191.5500030517578,189.22999572753903,190.0,185.0261688232422,504600
2021-08-02,VRSK,189.9900054931641,191.5500030517578,189.22999572753903,190.0,185.0261688232422,504600
2021-08-03,VRSK,190.50999450683597,190.8500061035156,186.8300018310547,188.4900054931641,183.55567932128903,662000
2021-08-03,VRSK,190.50999450683597,190.8500061035156,186.8300018310547,188.4900054931641,183.55567932128903,662000
2021-08-04,VRSK,187.1199951171875,188.8500061035156,185.5,187.47999572753903,182.57211303710935,854700
2021-08-04,VRSK,187.1199951171875,188.8500061035156,185.5,187.47999572753903,182.57211303710935,854700
2021-08-05,VRSK,186.9600067138672,190.13999938964844,186.4600067138672,189.91000366210935,184.9385223388672,693700
2021-08-05,VRSK,186.9600067138672,190.13999938964844,186.4600067138672,189.91000366210935,184.9385223388672,693700
2021-08-06,VRSK,190.25,190.8699951171875,187.5500030517578,188.1300048828125,183.20510864257807,848200
2021-08-06,VRSK,190.25,190.8699951171875,187.5500030517578,188.1300048828125,183.20510864257807,848200
2021-08-09,VRSK,188.07000732421875,188.72000122070312,187.27999877929688,187.4600067138672,182.5526580810547,628800
2021-08-09,VRSK,188.07000732421875,188.72000122070312,187.27999877929688,187.4600067138672,182.5526580810547,628800
2021-08-10,VRSK,187.17999267578125,188.75,186.47999572753903,187.5,182.5915679931641,1000100
2021-08-10,VRSK,187.17999267578125,188.75,186.47999572753903,187.5,182.5915679931641,1000100
2021-08-11,VRSK,188.5399932861328,190.52999877929688,187.5200042724609,190.3699951171875,185.38644409179688,657000
2021-08-11,VRSK,188.5399932861328,190.52999877929688,187.5200042724609,190.3699951171875,185.38644409179688,657000
2021-08-12,VRSK,190.1499938964844,191.4499969482422,189.82000732421875,190.1300048828125,185.1527557373047,482300
2021-08-12,VRSK,190.1499938964844,191.4499969482422,189.82000732421875,190.1300048828125,185.1527557373047,482300
2021-08-13,VRSK,190.4199981689453,191.30999755859372,189.52999877929688,191.2400054931641,186.2336883544922,326500
2021-08-13,VRSK,190.4199981689453,191.30999755859372,189.52999877929688,191.2400054931641,186.2336883544922,326500
2021-08-16,VRSK,190.9600067138672,192.47999572753903,190.0800018310547,191.3999938964844,186.38951110839844,1183100
2021-08-16,VRSK,190.9600067138672,192.47999572753903,190.0800018310547,191.3999938964844,186.38951110839844,1183100
2021-08-17,VRSK,191.33999633789065,193.07000732421875,190.30999755859372,193.0,187.94761657714844,1163700
2021-08-17,VRSK,191.33999633789065,193.07000732421875,190.30999755859372,193.0,187.94761657714844,1163700
2021-08-18,VRSK,191.9600067138672,193.8600006103516,190.6999969482422,190.75999450683597,185.7662811279297,874300
2021-08-18,VRSK,191.9600067138672,193.8600006103516,190.6999969482422,190.75999450683597,185.7662811279297,874300
2021-08-19,VRSK,190.88999938964844,195.0500030517578,190.2100067138672,194.67999267578125,189.5836181640625,822300
2021-08-19,VRSK,190.88999938964844,195.0500030517578,190.2100067138672,194.67999267578125,189.5836181640625,822300
2021-08-20,VRSK,194.97000122070312,196.63999938964844,193.97000122070312,196.38999938964844,191.24888610839844,2008100
2021-08-20,VRSK,194.97000122070312,196.63999938964844,193.97000122070312,196.38999938964844,191.24888610839844,2008100
2021-08-23,VRSK,195.5,197.77999877929688,194.4900054931641,197.50999450683597,192.33958435058597,1203200
2021-08-23,VRSK,195.5,197.77999877929688,194.4900054931641,197.50999450683597,192.33958435058597,1203200
2021-08-24,VRSK,197.3600006103516,197.3600006103516,196.44000244140625,197.1699981689453,192.0084686279297,1330500
2021-08-24,VRSK,197.3600006103516,197.3600006103516,196.44000244140625,197.1699981689453,192.0084686279297,1330500
2021-08-25,VRSK,195.22999572753903,198.97000122070312,195.22999572753903,197.82000732421875,192.6414794921875,995800
2021-08-25,VRSK,195.22999572753903,198.97000122070312,195.22999572753903,197.82000732421875,192.6414794921875,995800
2021-08-26,VRSK,197.72000122070312,198.7100067138672,197.07000732421875,197.77999877929688,192.60250854492188,945100
2021-08-26,VRSK,197.72000122070312,198.7100067138672,197.07000732421875,197.77999877929688,192.60250854492188,945100
2021-08-27,VRSK,198.91000366210935,200.2700042724609,197.72000122070312,199.5200042724609,194.2969512939453,752300
2021-08-27,VRSK,198.91000366210935,200.2700042724609,197.72000122070312,199.5200042724609,194.2969512939453,752300
2021-08-30,VRSK,199.05999755859372,201.25,198.94000244140625,200.77999877929688,195.5239715576172,417000
2021-08-30,VRSK,199.05999755859372,201.25,198.94000244140625,200.77999877929688,195.5239715576172,417000
2021-08-31,VRSK,200.7700042724609,202.3300018310547,200.1300048828125,201.75999450683597,196.4782867431641,710800
2021-08-31,VRSK,200.7700042724609,202.3300018310547,200.1300048828125,201.75999450683597,196.4782867431641,710800
2021-09-01,VRSK,201.91000366210935,203.7100067138672,200.50999450683597,203.05999755859372,197.7442626953125,535200
2021-09-01,VRSK,201.91000366210935,203.7100067138672,200.50999450683597,203.05999755859372,197.7442626953125,535200
2021-09-02,VRSK,203.55999755859372,205.0,203.0,204.6000061035156,199.24398803710935,1399500
2021-09-02,VRSK,203.55999755859372,205.0,203.0,204.6000061035156,199.24398803710935,1399500
2021-09-03,VRSK,203.8600006103516,205.41000366210935,203.05999755859372,205.0800018310547,199.71142578125,809200
2021-09-03,VRSK,203.8600006103516,205.41000366210935,203.05999755859372,205.0800018310547,199.71142578125,809200
2021-09-07,VRSK,204.44000244140625,204.44000244140625,201.6000061035156,203.1100006103516,197.79296875,1293900
2021-09-07,VRSK,204.44000244140625,204.44000244140625,201.6000061035156,203.1100006103516,197.79296875,1293900
2021-09-08,VRSK,203.1100006103516,207.77999877929688,202.58999633789065,206.33999633789065,200.9384002685547,946600
2021-09-08,VRSK,203.1100006103516,207.77999877929688,202.58999633789065,206.33999633789065,200.9384002685547,946600
2021-09-09,VRSK,206.3500061035156,206.72999572753903,204.0,204.8600006103516,199.4971466064453,595900
2021-09-09,VRSK,206.3500061035156,206.72999572753903,204.0,204.8600006103516,199.4971466064453,595900
2021-09-10,VRSK,205.00999450683597,206.8300018310547,204.17999267578125,205.5500030517578,200.16909790039065,569000
2021-09-10,VRSK,205.00999450683597,206.8300018310547,204.17999267578125,205.5500030517578,200.16909790039065,569000
2021-09-13,VRSK,206.58999633789065,207.2100067138672,203.82000732421875,205.0200042724609,199.65293884277344,894900
2021-09-13,VRSK,206.58999633789065,207.2100067138672,203.82000732421875,205.0200042724609,199.65293884277344,894900
2021-09-14,VRSK,205.0,206.67999267578125,204.72000122070312,205.55999755859372,200.4623870849609,640600
2021-09-14,VRSK,205.0,206.67999267578125,204.72000122070312,205.55999755859372,200.4623870849609,640600
2021-09-15,VRSK,205.5,205.92999267578125,204.0200042724609,204.55999755859372,199.48716735839844,533000
2021-09-15,VRSK,205.5,205.92999267578125,204.0200042724609,204.55999755859372,199.48716735839844,533000
2021-09-16,VRSK,203.94000244140625,204.8699951171875,201.5800018310547,202.4499969482422,197.42950439453125,938000
2021-09-16,VRSK,203.94000244140625,204.8699951171875,201.5800018310547,202.4499969482422,197.42950439453125,938000
2021-09-17,VRSK,201.5500030517578,202.17999267578125,200.1100006103516,201.1000061035156,196.11297607421875,1519500
2021-09-17,VRSK,201.5500030517578,202.17999267578125,200.1100006103516,201.1000061035156,196.11297607421875,1519500
2021-09-20,VRSK,200.0399932861328,201.83999633789065,199.57000732421875,201.6999969482422,196.6980743408203,896800
2021-09-20,VRSK,200.0399932861328,201.83999633789065,199.57000732421875,201.6999969482422,196.6980743408203,896800
2021-09-21,VRSK,202.25,204.25,201.1499938964844,202.9499969482422,197.9170684814453,859300
2021-09-21,VRSK,202.25,204.25,201.1499938964844,202.9499969482422,197.9170684814453,859300
2021-09-22,VRSK,204.2700042724609,206.72000122070312,202.8800048828125,205.55999755859372,200.4623870849609,596500
2021-09-22,VRSK,204.2700042724609,206.72000122070312,202.8800048828125,205.55999755859372,200.4623870849609,596500
2021-09-23,VRSK,206.0399932861328,210.1199951171875,203.9499969482422,208.97000122070312,203.78782653808597,908800
2021-09-23,VRSK,206.0399932861328,210.1199951171875,203.9499969482422,208.97000122070312,203.78782653808597,908800
2021-09-24,VRSK,208.13999938964844,208.6499938964844,206.8500061035156,207.97000122070312,202.8125915527344,498100
2021-09-24,VRSK,208.13999938964844,208.6499938964844,206.8500061035156,207.97000122070312,202.8125915527344,498100
2021-09-27,VRSK,206.7100067138672,207.6199951171875,203.3600006103516,203.72999572753903,198.67776489257807,628400
2021-09-27,VRSK,206.7100067138672,207.6199951171875,203.3600006103516,203.72999572753903,198.67776489257807,628400
2021-09-28,VRSK,202.92999267578125,202.92999267578125,199.13999938964844,201.7400054931641,196.73709106445312,1544400
2021-09-28,VRSK,202.92999267578125,202.92999267578125,199.13999938964844,201.7400054931641,196.73709106445312,1544400
2021-09-29,VRSK,201.75,204.1100006103516,200.97999572753903,202.3699951171875,197.3514709472656,872000
2021-09-29,VRSK,201.75,204.1100006103516,200.97999572753903,202.3699951171875,197.3514709472656,872000
2021-09-30,VRSK,203.07000732421875,203.66000366210935,200.22999572753903,200.2700042724609,195.30357360839844,626100
2021-09-30,VRSK,203.07000732421875,203.66000366210935,200.22999572753903,200.2700042724609,195.30357360839844,626100
2021-10-01,VRSK,201.5800018310547,201.8500061035156,199.25999450683597,199.9900054931641,195.03050231933597,735100
2021-10-01,VRSK,201.5800018310547,201.8500061035156,199.25999450683597,199.9900054931641,195.03050231933597,735100
2021-10-04,VRSK,200.0,200.94000244140625,197.0500030517578,198.80999755859372,193.8797912597656,997900
2021-10-04,VRSK,200.0,200.94000244140625,197.0500030517578,198.80999755859372,193.8797912597656,997900
2021-10-05,VRSK,198.67999267578125,202.55999755859372,197.4900054931641,201.6300048828125,196.62985229492188,726800
2021-10-05,VRSK,198.67999267578125,202.55999755859372,197.4900054931641,201.6300048828125,196.62985229492188,726800
2021-10-06,VRSK,200.2100067138672,203.8600006103516,199.8999938964844,203.72999572753903,198.67776489257807,631000
2021-10-06,VRSK,200.2100067138672,203.8600006103516,199.8999938964844,203.72999572753903,198.67776489257807,631000
2021-10-07,VRSK,205.0,207.4600067138672,204.5200042724609,206.7400054931641,201.6131134033203,723300
2021-10-07,VRSK,205.0,207.4600067138672,204.5200042724609,206.7400054931641,201.6131134033203,723300
2021-10-08,VRSK,206.69000244140625,208.2899932861328,204.57000732421875,207.47000122070312,202.3250274658203,614200
2021-10-08,VRSK,206.69000244140625,208.2899932861328,204.57000732421875,207.47000122070312,202.3250274658203,614200
2021-10-11,VRSK,207.22000122070312,208.6199951171875,206.44000244140625,206.52999877929688,201.40830993652344,461200
2021-10-11,VRSK,207.22000122070312,208.6199951171875,206.44000244140625,206.52999877929688,201.40830993652344,461200
2021-10-12,VRSK,206.83999633789065,209.2899932861328,206.83999633789065,207.75,202.5980529785156,611600
2021-10-12,VRSK,206.83999633789065,209.2899932861328,206.83999633789065,207.75,202.5980529785156,611600
2021-10-13,VRSK,208.97999572753903,209.0200042724609,206.16000366210935,208.3699951171875,203.2026824951172,657400
2021-10-13,VRSK,208.97999572753903,209.0200042724609,206.16000366210935,208.3699951171875,203.2026824951172,657400
2021-10-14,VRSK,209.8300018310547,211.7400054931641,208.33999633789065,211.5500030517578,206.3038330078125,564100
2021-10-14,VRSK,209.8300018310547,211.7400054931641,208.33999633789065,211.5500030517578,206.3038330078125,564100
2021-10-15,VRSK,212.0500030517578,212.41000366210935,210.47999572753903,210.6300048828125,205.4066467285156,560100
2021-10-15,VRSK,212.0500030517578,212.41000366210935,210.47999572753903,210.6300048828125,205.4066467285156,560100
2021-10-18,VRSK,210.3300018310547,211.57000732421875,209.02999877929688,211.0399932861328,205.80648803710935,777900
2021-10-18,VRSK,210.3300018310547,211.57000732421875,209.02999877929688,211.0399932861328,205.80648803710935,777900
2021-10-19,VRSK,211.17999267578125,212.05999755859372,209.8699951171875,212.0500030517578,206.7914276123047,490300
2021-10-19,VRSK,211.17999267578125,212.05999755859372,209.8699951171875,212.0500030517578,206.7914276123047,490300
2021-10-20,VRSK,212.6199951171875,212.67999267578125,209.5200042724609,211.92999267578125,206.6744079589844,382400
2021-10-20,VRSK,212.6199951171875,212.67999267578125,209.5200042724609,211.92999267578125,206.6744079589844,382400
2021-10-21,VRSK,212.80999755859372,213.6300048828125,210.30999755859372,213.13999938964844,207.8544158935547,515400
2021-10-21,VRSK,212.80999755859372,213.6300048828125,210.30999755859372,213.13999938964844,207.8544158935547,515400
2021-10-22,VRSK,213.55999755859372,215.9900054931641,213.2700042724609,213.9600067138672,208.6540679931641,669000
2021-10-22,VRSK,213.55999755859372,215.9900054931641,213.2700042724609,213.9600067138672,208.6540679931641,669000
2021-10-25,VRSK,213.7700042724609,214.0399932861328,211.4199981689453,212.0200042724609,206.7621917724609,896300
2021-10-25,VRSK,213.7700042724609,214.0399932861328,211.4199981689453,212.0200042724609,206.7621917724609,896300
2021-10-26,VRSK,212.83999633789065,214.16000366210935,210.91000366210935,211.32000732421875,206.07955932617188,1034200
2021-10-26,VRSK,212.83999633789065,214.16000366210935,210.91000366210935,211.32000732421875,206.07955932617188,1034200
2021-10-27,VRSK,206.9600067138672,209.4199981689453,205.1699981689453,207.8800048828125,202.724853515625,1067300
2021-10-27,VRSK,206.9600067138672,209.4199981689453,205.1699981689453,207.8800048828125,202.724853515625,1067300
2021-10-28,VRSK,208.25999450683597,210.22000122070312,208.1499938964844,209.32000732421875,204.129150390625,716700
2021-10-28,VRSK,208.25999450683597,210.22000122070312,208.1499938964844,209.32000732421875,204.129150390625,716700
2021-10-29,VRSK,208.8500061035156,211.8999938964844,208.7400054931641,210.2700042724609,205.0555725097656,624700
2021-10-29,VRSK,208.8500061035156,211.8999938964844,208.7400054931641,210.2700042724609,205.0555725097656,624700
2021-11-01,VRSK,210.3000030517578,211.33999633789065,206.9900054931641,208.94000244140625,203.7585601806641,746000
2021-11-01,VRSK,210.3000030517578,211.33999633789065,206.9900054931641,208.94000244140625,203.7585601806641,746000
2021-11-02,VRSK,209.47999572753903,209.91000366210935,207.13999938964844,209.30999755859372,204.119384765625,598000
2021-11-02,VRSK,209.47999572753903,209.91000366210935,207.13999938964844,209.30999755859372,204.119384765625,598000
2021-11-03,VRSK,206.5399932861328,216.4900054931641,206.5399932861328,214.2899932861328,208.97586059570312,1316200
2021-11-03,VRSK,206.5399932861328,216.4900054931641,206.5399932861328,214.2899932861328,208.97586059570312,1316200
2021-11-04,VRSK,215.0,217.27999877929688,214.22000122070312,216.6000061035156,211.22862243652344,821700
2021-11-04,VRSK,215.0,217.27999877929688,214.22000122070312,216.6000061035156,211.22862243652344,821700
2021-11-05,VRSK,217.47999572753903,217.9900054931641,214.32000732421875,214.58999633789065,209.26844787597656,549600
2021-11-05,VRSK,217.47999572753903,217.9900054931641,214.32000732421875,214.58999633789065,209.26844787597656,549600
2021-11-08,VRSK,215.0,215.32000732421875,212.72999572753903,214.91000366210935,209.58056640625,715000
2021-11-08,VRSK,215.0,215.32000732421875,212.72999572753903,214.91000366210935,209.58056640625,715000
2021-11-09,VRSK,214.8999938964844,217.69000244140625,213.16000366210935,216.2899932861328,210.92626953125,467500
2021-11-09,VRSK,214.8999938964844,217.69000244140625,213.16000366210935,216.2899932861328,210.92626953125,467500
2021-11-10,VRSK,216.3800048828125,217.7700042724609,212.92999267578125,213.82000732421875,208.51754760742188,532200
2021-11-10,VRSK,216.3800048828125,217.7700042724609,212.92999267578125,213.82000732421875,208.51754760742188,532200
2021-11-11,VRSK,214.33999633789065,214.41000366210935,212.4499969482422,212.9900054931641,207.70811462402344,340000
2021-11-11,VRSK,214.33999633789065,214.41000366210935,212.4499969482422,212.9900054931641,207.70811462402344,340000
2021-11-12,VRSK,213.83999633789065,216.94000244140625,213.72000122070312,216.2700042724609,210.90679931640625,833300
2021-11-12,VRSK,213.83999633789065,216.94000244140625,213.72000122070312,216.2700042724609,210.90679931640625,833300
2021-11-15,VRSK,216.1300048828125,218.8800048828125,215.63999938964844,218.02999877929688,212.62315368652344,445900
2021-11-15,VRSK,216.1300048828125,218.8800048828125,215.63999938964844,218.02999877929688,212.62315368652344,445900
2021-11-16,VRSK,218.6100006103516,223.3000030517578,218.1499938964844,222.6000061035156,217.079833984375,881700
2021-11-16,VRSK,218.6100006103516,223.3000030517578,218.1499938964844,222.6000061035156,217.079833984375,881700
2021-11-17,VRSK,221.77999877929688,224.8500061035156,219.63999938964844,224.5,218.9326934814453,765200
2021-11-17,VRSK,221.77999877929688,224.8500061035156,219.63999938964844,224.5,218.9326934814453,765200
2021-11-18,VRSK,224.92999267578125,226.83999633789065,222.72000122070312,226.72000122070312,221.09762573242188,867200
2021-11-18,VRSK,224.92999267578125,226.83999633789065,222.72000122070312,226.72000122070312,221.09762573242188,867200
2021-11-19,VRSK,227.77999877929688,230.6999969482422,227.3000030517578,230.02999877929688,224.32557678222656,1168000
2021-11-19,VRSK,227.77999877929688,230.6999969482422,227.3000030517578,230.02999877929688,224.32557678222656,1168000
2021-11-22,VRSK,229.58999633789065,231.57000732421875,228.1300048828125,228.52999877929688,222.8627777099609,679100
2021-11-22,VRSK,229.58999633789065,231.57000732421875,228.1300048828125,228.52999877929688,222.8627777099609,679100
2021-11-23,VRSK,227.44000244140625,229.9199981689453,225.55999755859372,229.32000732421875,223.6331787109375,798300
2021-11-23,VRSK,227.44000244140625,229.9199981689453,225.55999755859372,229.32000732421875,223.6331787109375,798300
2021-11-24,VRSK,228.6199951171875,229.4600067138672,225.7700042724609,228.2100067138672,222.55067443847656,626700
2021-11-24,VRSK,228.6199951171875,229.4600067138672,225.7700042724609,228.2100067138672,222.55067443847656,626700
2021-11-26,VRSK,228.3500061035156,229.66000366210935,224.7899932861328,225.80999755859372,220.21018981933597,1024400
2021-11-26,VRSK,228.3500061035156,229.66000366210935,224.7899932861328,225.80999755859372,220.21018981933597,1024400
2021-11-29,VRSK,228.1199951171875,230.8000030517578,226.8300018310547,229.16000366210935,223.4771270751953,763200
2021-11-29,VRSK,228.1199951171875,230.8000030517578,226.8300018310547,229.16000366210935,223.4771270751953,763200
2021-11-30,VRSK,228.0200042724609,229.6699981689453,223.3500061035156,224.8699951171875,219.2935333251953,1106700
2021-11-30,VRSK,228.0200042724609,229.6699981689453,223.3500061035156,224.8699951171875,219.2935333251953,1106700
2021-12-01,VRSK,226.08999633789065,229.2899932861328,219.3300018310547,219.63999938964844,214.19317626953125,1258900
2021-12-01,VRSK,226.08999633789065,229.2899932861328,219.3300018310547,219.63999938964844,214.19317626953125,1258900
2021-12-02,VRSK,220.41000366210935,226.7400054931641,220.41000366210935,225.8699951171875,220.26870727539065,1096700
2021-12-02,VRSK,220.41000366210935,226.7400054931641,220.41000366210935,225.8699951171875,220.26870727539065,1096700
2021-12-03,VRSK,226.9199981689453,227.4900054931641,219.1699981689453,221.6499938964844,216.15338134765625,1407600
2021-12-03,VRSK,226.9199981689453,227.4900054931641,219.1699981689453,221.6499938964844,216.15338134765625,1407600
2021-12-06,VRSK,221.6499938964844,223.5200042724609,220.97999572753903,221.91000366210935,216.40692138671875,960500
2021-12-06,VRSK,221.6499938964844,223.5200042724609,220.97999572753903,221.91000366210935,216.40692138671875,960500
2021-12-07,VRSK,223.80999755859372,226.69000244140625,222.83999633789065,225.44000244140625,219.8493804931641,1170400
2021-12-07,VRSK,223.80999755859372,226.69000244140625,222.83999633789065,225.44000244140625,219.8493804931641,1170400
2021-12-08,VRSK,225.9499969482422,229.67999267578125,225.47999572753903,229.0500030517578,223.36984252929688,1054900
2021-12-08,VRSK,225.9499969482422,229.67999267578125,225.47999572753903,229.0500030517578,223.36984252929688,1054900
2021-12-09,VRSK,229.0500030517578,229.5500030517578,222.8800048828125,224.5,218.9326934814453,913500
2021-12-09,VRSK,229.0500030517578,229.5500030517578,222.8800048828125,224.5,218.9326934814453,913500
2021-12-10,VRSK,225.7100067138672,227.3600006103516,222.8000030517578,226.66000366210935,221.03912353515625,1230600
2021-12-10,VRSK,225.7100067138672,227.3600006103516,222.8000030517578,226.66000366210935,221.03912353515625,1230600
2021-12-13,VRSK,226.1699981689453,229.94000244140625,225.0,228.94000244140625,223.2625732421875,819000
2021-12-13,VRSK,226.1699981689453,229.94000244140625,225.0,228.94000244140625,223.2625732421875,819000
2021-12-14,VRSK,227.38999938964844,229.3999938964844,224.25,224.8000030517578,219.50328063964844,862100
2021-12-14,VRSK,227.38999938964844,229.3999938964844,224.25,224.8000030517578,219.50328063964844,862100
2021-12-15,VRSK,225.2100067138672,228.8699951171875,224.75999450683597,228.57000732421875,223.1844940185547,1818600
2021-12-15,VRSK,225.2100067138672,228.8699951171875,224.75999450683597,228.57000732421875,223.1844940185547,1818600
2021-12-16,VRSK,229.3300018310547,230.7899932861328,227.4199981689453,229.1999969482422,223.7996368408203,1519000
2021-12-16,VRSK,229.3300018310547,230.7899932861328,227.4199981689453,229.1999969482422,223.7996368408203,1519000
2021-12-17,VRSK,227.27999877929688,229.8800048828125,220.5500030517578,222.13999938964844,216.90594482421875,2119900
2021-12-17,VRSK,227.27999877929688,229.8800048828125,220.5500030517578,222.13999938964844,216.90594482421875,2119900
2021-12-20,VRSK,216.7700042724609,221.72999572753903,214.55999755859372,221.30999755859372,216.09555053710935,1025700
2021-12-20,VRSK,216.7700042724609,221.72999572753903,214.55999755859372,221.30999755859372,216.09555053710935,1025700
2021-12-21,VRSK,220.5,222.22999572753903,218.80999755859372,221.9900054931641,216.759521484375,574700
2021-12-21,VRSK,220.5,222.22999572753903,218.80999755859372,221.9900054931641,216.759521484375,574700
2021-12-22,VRSK,222.5800018310547,223.9900054931641,220.8800048828125,223.8500061035156,218.57571411132807,818100
2021-12-22,VRSK,222.5800018310547,223.9900054931641,220.8800048828125,223.8500061035156,218.57571411132807,818100
2021-12-23,VRSK,224.38999938964844,226.72000122070312,223.5800018310547,225.52999877929688,220.2161407470703,475600
2021-12-23,VRSK,224.38999938964844,226.72000122070312,223.5800018310547,225.52999877929688,220.2161407470703,475600
2021-12-27,VRSK,226.25,227.8000030517578,225.02999877929688,227.41000366210935,222.05181884765625,501300
2021-12-27,VRSK,226.25,227.8000030517578,225.02999877929688,227.41000366210935,222.05181884765625,501300
2021-12-28,VRSK,227.75999450683597,229.2400054931641,227.41000366210935,228.0800018310547,222.7060394287109,344500
2021-12-28,VRSK,227.75999450683597,229.2400054931641,227.41000366210935,228.0800018310547,222.7060394287109,344500
2021-12-29,VRSK,228.67999267578125,230.1000061035156,228.0500030517578,229.3000030517578,223.8972930908203,472800
2021-12-29,VRSK,228.67999267578125,230.1000061035156,228.0500030517578,229.3000030517578,223.8972930908203,472800
2021-12-30,VRSK,229.3800048828125,230.30999755859372,227.8500061035156,228.08999633789065,222.71578979492188,298000
2021-12-30,VRSK,229.3800048828125,230.30999755859372,227.8500061035156,228.08999633789065,222.71578979492188,298000
2021-12-31,VRSK,227.9199981689453,229.2899932861328,227.27999877929688,228.72999572753903,223.34068298339844,662600
2021-12-31,VRSK,227.9199981689453,229.2899932861328,227.27999877929688,228.72999572753903,223.34068298339844,662600
2022-01-03,VRSK,227.66000366210935,227.88999938964844,218.6199951171875,221.66000366210935,216.43728637695312,912100
2022-01-03,VRSK,227.66000366210935,227.88999938964844,218.6199951171875,221.66000366210935,216.43728637695312,912100
2022-01-04,VRSK,222.0,224.52999877929688,221.16000366210935,221.72999572753903,216.5056304931641,864800
2022-01-04,VRSK,222.0,224.52999877929688,221.16000366210935,221.72999572753903,216.5056304931641,864800
2022-01-05,VRSK,216.7899932861328,219.9900054931641,213.8500061035156,214.30999755859372,209.26048278808597,1013800
2022-01-05,VRSK,216.7899932861328,219.9900054931641,213.8500061035156,214.30999755859372,209.26048278808597,1013800
2022-01-06,VRSK,213.1199951171875,216.82000732421875,212.25,212.6699981689453,207.65907287597656,1117700
2022-01-06,VRSK,213.1199951171875,216.82000732421875,212.25,212.6699981689453,207.65907287597656,1117700
2022-01-07,VRSK,212.32000732421875,212.32000732421875,206.25999450683597,206.6499938964844,201.7809600830078,1669600
2022-01-07,VRSK,212.32000732421875,212.32000732421875,206.25999450683597,206.6499938964844,201.7809600830078,1669600
2022-01-10,VRSK,205.2400054931641,207.3000030517578,202.5399932861328,206.67999267578125,201.8102569580078,1957600
2022-01-10,VRSK,205.2400054931641,207.3000030517578,202.5399932861328,206.67999267578125,201.8102569580078,1957600
2022-01-11,VRSK,207.25,208.9900054931641,203.9600067138672,208.67999267578125,203.7630920410156,916800
2022-01-11,VRSK,207.25,208.9900054931641,203.9600067138672,208.67999267578125,203.7630920410156,916800
2022-01-12,VRSK,209.00999450683597,210.5399932861328,206.4199981689453,207.38999938964844,202.5035095214844,1010100
2022-01-12,VRSK,209.00999450683597,210.5399932861328,206.4199981689453,207.38999938964844,202.5035095214844,1010100
2022-01-13,VRSK,207.7400054931641,208.0500030517578,202.69000244140625,203.1100006103516,198.3243560791016,886200
2022-01-13,VRSK,207.7400054931641,208.0500030517578,202.69000244140625,203.1100006103516,198.3243560791016,886200
2022-01-14,VRSK,201.27999877929688,203.1100006103516,196.8300018310547,198.1499938964844,193.481201171875,1439100
2022-01-14,VRSK,201.27999877929688,203.1100006103516,196.8300018310547,198.1499938964844,193.481201171875,1439100
2022-01-18,VRSK,194.6499938964844,199.13999938964844,193.30999755859372,198.4499969482422,193.77413940429688,1617900
2022-01-18,VRSK,194.6499938964844,199.13999938964844,193.30999755859372,198.4499969482422,193.77413940429688,1617900
2022-01-19,VRSK,199.3600006103516,202.5,198.4199981689453,199.8600006103516,195.15093994140625,1730000
2022-01-19,VRSK,199.3600006103516,202.5,198.4199981689453,199.8600006103516,195.15093994140625,1730000
2022-01-20,VRSK,201.58999633789065,203.4499969482422,197.8000030517578,198.02999877929688,193.364013671875,976600
2022-01-20,VRSK,201.58999633789065,203.4499969482422,197.8000030517578,198.02999877929688,193.364013671875,976600
2022-01-21,VRSK,197.8000030517578,201.5800018310547,195.6999969482422,196.08999633789065,191.46975708007807,893000
2022-01-21,VRSK,197.8000030517578,201.5800018310547,195.6999969482422,196.08999633789065,191.46975708007807,893000
2022-01-24,VRSK,195.7899932861328,197.3999938964844,191.1199951171875,197.3800048828125,192.7293701171875,1519900
2022-01-24,VRSK,195.7899932861328,197.3999938964844,191.1199951171875,197.3800048828125,192.7293701171875,1519900
2022-01-25,VRSK,193.72999572753903,196.6499938964844,188.94000244140625,190.6100006103516,186.11886596679688,976800
2022-01-25,VRSK,193.72999572753903,196.6499938964844,188.94000244140625,190.6100006103516,186.11886596679688,976800
2022-01-26,VRSK,190.42999267578125,193.5500030517578,185.9600067138672,187.75999450683597,183.3360290527344,1209100
2022-01-26,VRSK,190.42999267578125,193.5500030517578,185.9600067138672,187.75999450683597,183.3360290527344,1209100
2022-01-27,VRSK,189.02999877929688,193.1100006103516,187.6699981689453,188.3000030517578,183.8633270263672,983300
2022-01-27,VRSK,189.02999877929688,193.1100006103516,187.6699981689453,188.3000030517578,183.8633270263672,983300
2022-01-28,VRSK,188.2899932861328,193.3000030517578,185.58999633789065,193.2899932861328,188.73570251464844,608800
2022-01-28,VRSK,188.2899932861328,193.3000030517578,185.58999633789065,193.2899932861328,188.73570251464844,608800
2022-01-31,VRSK,193.13999938964844,196.9499969482422,192.16000366210935,196.1300048828125,191.50881958007807,982600
2022-01-31,VRSK,193.13999938964844,196.9499969482422,192.16000366210935,196.1300048828125,191.50881958007807,982600
2022-02-01,VRSK,195.5200042724609,197.66000366210935,191.88999938964844,196.57000732421875,191.9384765625,1059600
2022-02-01,VRSK,195.5200042724609,197.66000366210935,191.88999938964844,196.57000732421875,191.9384765625,1059600
2022-02-02,VRSK,196.94000244140625,200.4900054931641,196.58999633789065,200.1100006103516,195.39505004882807,956200
2022-02-02,VRSK,196.94000244140625,200.4900054931641,196.58999633789065,200.1100006103516,195.39505004882807,956200
2022-02-03,VRSK,197.6300048828125,199.97999572753903,196.52999877929688,196.94000244140625,192.2997131347656,901100
2022-02-03,VRSK,197.6300048828125,199.97999572753903,196.52999877929688,196.94000244140625,192.2997131347656,901100
2022-02-04,VRSK,195.92999267578125,199.3000030517578,194.8699951171875,197.75,193.0906219482422,1067700
2022-02-04,VRSK,195.92999267578125,199.3000030517578,194.8699951171875,197.75,193.0906219482422,1067700
2022-02-07,VRSK,197.75,199.17999267578125,196.82000732421875,197.02999877929688,192.38758850097656,824200
2022-02-07,VRSK,197.75,199.17999267578125,196.82000732421875,197.02999877929688,192.38758850097656,824200
2022-02-08,VRSK,196.38999938964844,198.9199981689453,194.3000030517578,198.19000244140625,193.5202789306641,982100
2022-02-08,VRSK,196.38999938964844,198.9199981689453,194.3000030517578,198.19000244140625,193.5202789306641,982100
2022-02-09,VRSK,200.67999267578125,203.9900054931641,198.1000061035156,199.05999755859372,194.3697662353516,1211400
2022-02-09,VRSK,200.67999267578125,203.9900054931641,198.1000061035156,199.05999755859372,194.3697662353516,1211400
2022-02-10,VRSK,195.3500061035156,197.3500061035156,192.7100067138672,194.69000244140625,190.10275268554688,1516000
2022-02-10,VRSK,195.3500061035156,197.3500061035156,192.7100067138672,194.69000244140625,190.10275268554688,1516000
2022-02-11,VRSK,194.72999572753903,195.7400054931641,192.0399932861328,192.91000366210935,188.36471557617188,807400
2022-02-11,VRSK,194.72999572753903,195.7400054931641,192.0399932861328,192.91000366210935,188.36471557617188,807400
2022-02-14,VRSK,193.38999938964844,196.3500061035156,190.0399932861328,191.80999755859372,187.29058837890625,1024600
2022-02-14,VRSK,193.38999938964844,196.3500061035156,190.0399932861328,191.80999755859372,187.29058837890625,1024600
2022-02-15,VRSK,194.00999450683597,194.77999877929688,193.1699981689453,194.2700042724609,189.69265747070312,982600
2022-02-15,VRSK,194.00999450683597,194.77999877929688,193.1699981689453,194.2700042724609,189.69265747070312,982600
2022-02-16,VRSK,193.7700042724609,194.91000366210935,191.30999755859372,194.07000732421875,189.49734497070312,755100
2022-02-16,VRSK,193.7700042724609,194.91000366210935,191.30999755859372,194.07000732421875,189.49734497070312,755100
2022-02-17,VRSK,192.9600067138672,194.05999755859372,190.1499938964844,190.3000030517578,185.8161773681641,1289000
2022-02-17,VRSK,192.9600067138672,194.05999755859372,190.1499938964844,190.3000030517578,185.8161773681641,1289000
2022-02-18,VRSK,190.47000122070312,191.38999938964844,188.38999938964844,189.3000030517578,184.8397674560547,1443900
2022-02-18,VRSK,190.47000122070312,191.38999938964844,188.38999938964844,189.3000030517578,184.8397674560547,1443900
2022-02-22,VRSK,188.5399932861328,193.3500061035156,185.55999755859372,186.44000244140625,182.047119140625,1698000
2022-02-22,VRSK,188.5399932861328,193.3500061035156,185.55999755859372,186.44000244140625,182.047119140625,1698000
2022-02-23,VRSK,182.69000244140625,183.0399932861328,176.6699981689453,177.6199951171875,173.43492126464844,2524100
2022-02-23,VRSK,182.69000244140625,183.0399932861328,176.6699981689453,177.6199951171875,173.43492126464844,2524100
2022-02-24,VRSK,175.17999267578125,179.41000366210938,175.0,179.22000122070312,174.9972686767578,1777000
2022-02-24,VRSK,175.17999267578125,179.41000366210938,175.0,179.22000122070312,174.9972686767578,1777000
2022-02-25,VRSK,179.89999389648438,181.0200042724609,176.80999755859375,179.5399932861328,175.30967712402344,1324400
2022-02-25,VRSK,179.89999389648438,181.0200042724609,176.80999755859375,179.5399932861328,175.30967712402344,1324400
2022-02-28,VRSK,178.75999450683594,179.0,175.22999572753906,177.33999633789062,173.1615447998047,1149700
2022-02-28,VRSK,178.75999450683594,179.0,175.22999572753906,177.33999633789062,173.1615447998047,1149700
2022-03-01,VRSK,177.30999755859375,180.9199981689453,176.11000061035156,179.36000061035156,175.13394165039062,1768700
2022-03-01,VRSK,177.30999755859375,180.9199981689453,176.11000061035156,179.36000061035156,175.13394165039062,1768700
2022-03-02,VRSK,180.6100006103516,183.58999633789065,179.9199981689453,181.72999572753903,177.44808959960938,1404700
2022-03-02,VRSK,180.6100006103516,183.58999633789065,179.9199981689453,181.72999572753903,177.44808959960938,1404700
2022-03-03,VRSK,183.41000366210935,185.22000122070312,182.3800048828125,182.67999267578125,178.37571716308594,1380000
2022-03-03,VRSK,183.41000366210935,185.22000122070312,182.3800048828125,182.67999267578125,178.37571716308594,1380000
2022-03-04,VRSK,182.1000061035156,188.2899932861328,181.6100006103516,187.6999969482422,183.2774658203125,2617100
2022-03-04,VRSK,182.1000061035156,188.2899932861328,181.6100006103516,187.6999969482422,183.2774658203125,2617100
2022-03-07,VRSK,187.0,188.8300018310547,186.13999938964844,187.5,183.08213806152344,2035300
2022-03-07,VRSK,187.0,188.8300018310547,186.13999938964844,187.5,183.08213806152344,2035300
2022-03-08,VRSK,185.3300018310547,188.3300018310547,183.1000061035156,185.02999877929688,180.6703338623047,2165600
2022-03-08,VRSK,185.3300018310547,188.3300018310547,183.1000061035156,185.02999877929688,180.6703338623047,2165600
2022-03-09,VRSK,187.4499969482422,188.5500030517578,184.2400054931641,187.2700042724609,182.8575897216797,1419500
2022-03-09,VRSK,187.4499969482422,188.5500030517578,184.2400054931641,187.2700042724609,182.8575897216797,1419500
2022-03-10,VRSK,184.5399932861328,187.69000244140625,182.97999572753903,184.83999633789065,180.4848175048828,1247300
2022-03-10,VRSK,184.5399932861328,187.69000244140625,182.97999572753903,184.83999633789065,180.4848175048828,1247300
2022-03-11,VRSK,185.1699981689453,185.72000122070312,182.0,182.0399932861328,177.75079345703125,1371600
2022-03-11,VRSK,185.1699981689453,185.72000122070312,182.0,182.0399932861328,177.75079345703125,1371600
2022-03-14,VRSK,182.72000122070312,186.6999969482422,181.8999938964844,185.9499969482422,181.87838745117188,1153300
2022-03-14,VRSK,182.72000122070312,186.6999969482422,181.8999938964844,185.9499969482422,181.87838745117188,1153300
2022-03-15,VRSK,188.2400054931641,191.52999877929688,187.6000061035156,190.91000366210935,186.7297821044922,1097900
2022-03-15,VRSK,188.2400054931641,191.52999877929688,187.6000061035156,190.91000366210935,186.7297821044922,1097900
2022-03-16,VRSK,191.1199951171875,195.5399932861328,191.0200042724609,195.42999267578125,191.15084838867188,1658500
2022-03-16,VRSK,191.1199951171875,195.5399932861328,191.0200042724609,195.42999267578125,191.15084838867188,1658500
2022-03-17,VRSK,195.1300048828125,202.4600067138672,195.0,202.41000366210935,197.9779815673828,1890400
2022-03-17,VRSK,195.1300048828125,202.4600067138672,195.0,202.41000366210935,197.9779815673828,1890400
2022-03-18,VRSK,201.75,208.72000122070312,201.1699981689453,208.2400054931641,203.6803131103516,1905400
2022-03-18,VRSK,201.75,208.72000122070312,201.1699981689453,208.2400054931641,203.6803131103516,1905400
2022-03-21,VRSK,206.50999450683597,211.17999267578125,206.50999450683597,210.32000732421875,205.71481323242188,1522100
2022-03-21,VRSK,206.50999450683597,211.17999267578125,206.50999450683597,210.32000732421875,205.71481323242188,1522100
2022-03-22,VRSK,210.9600067138672,213.2700042724609,209.0500030517578,211.1499938964844,206.526611328125,1672600
2022-03-22,VRSK,210.9600067138672,213.2700042724609,209.0500030517578,211.1499938964844,206.526611328125,1672600
2022-03-23,VRSK,210.2100067138672,210.8999938964844,206.3300018310547,207.6499938964844,203.10325622558597,1718700
2022-03-23,VRSK,210.2100067138672,210.8999938964844,206.3300018310547,207.6499938964844,203.10325622558597,1718700
2022-03-24,VRSK,209.13999938964844,209.6199951171875,206.3300018310547,208.2400054931641,203.6803131103516,1307400
2022-03-24,VRSK,209.13999938964844,209.6199951171875,206.3300018310547,208.2400054931641,203.6803131103516,1307400
2022-03-25,VRSK,208.92999267578125,209.05999755859372,205.3999938964844,208.0,203.4456024169922,838600
2022-03-25,VRSK,208.92999267578125,209.05999755859372,205.3999938964844,208.0,203.4456024169922,838600
2022-03-28,VRSK,208.0800018310547,212.07000732421875,207.1300048828125,211.6000061035156,206.96676635742188,1497600
2022-03-28,VRSK,208.0800018310547,212.07000732421875,207.1300048828125,211.6000061035156,206.96676635742188,1497600
2022-03-29,VRSK,213.0,215.72000122070312,212.75,214.8000030517578,210.09671020507807,912800
2022-03-29,VRSK,213.0,215.72000122070312,212.75,214.8000030517578,210.09671020507807,912800
2022-03-30,VRSK,215.8800048828125,217.63999938964844,212.3699951171875,216.97000122070312,212.2191925048828,851900
2022-03-30,VRSK,215.8800048828125,217.63999938964844,212.3699951171875,216.97000122070312,212.2191925048828,851900
2022-03-31,VRSK,213.8000030517578,218.1300048828125,213.8000030517578,214.6300048828125,209.930419921875,1343500
2022-03-31,VRSK,213.8000030517578,218.1300048828125,213.8000030517578,214.6300048828125,209.930419921875,1343500
2022-04-01,VRSK,215.57000732421875,215.57000732421875,211.7700042724609,214.1199951171875,209.4315643310547,840200
2022-04-01,VRSK,215.57000732421875,215.57000732421875,211.7700042724609,214.1199951171875,209.4315643310547,840200
2022-04-04,VRSK,213.41000366210935,217.25,212.7100067138672,217.00999450683597,212.25827026367188,1110200
2022-04-04,VRSK,213.41000366210935,217.25,212.7100067138672,217.00999450683597,212.25827026367188,1110200
2022-04-05,VRSK,217.25,221.5200042724609,216.97000122070312,219.41000366210935,214.6057586669922,1316700
2022-04-05,VRSK,217.25,221.5200042724609,216.97000122070312,219.41000366210935,214.6057586669922,1316700
2022-04-06,VRSK,217.7700042724609,222.1100006103516,216.41000366210935,220.25,215.4273681640625,1079200
2022-04-06,VRSK,217.7700042724609,222.1100006103516,216.41000366210935,220.25,215.4273681640625,1079200
2022-04-07,VRSK,219.8800048828125,221.8000030517578,219.00999450683597,220.22000122070312,215.3980407714844,1498100
2022-04-07,VRSK,219.8800048828125,221.8000030517578,219.00999450683597,220.22000122070312,215.3980407714844,1498100
2022-04-08,VRSK,220.1100006103516,221.82000732421875,219.2700042724609,219.5200042724609,214.71334838867188,995400
2022-04-08,VRSK,220.1100006103516,221.82000732421875,219.2700042724609,219.5200042724609,214.71334838867188,995400
2022-04-11,VRSK,218.77999877929688,220.25999450683597,216.3500061035156,216.4499969482422,211.7105407714844,664600
2022-04-11,VRSK,218.77999877929688,220.25999450683597,216.3500061035156,216.4499969482422,211.7105407714844,664600
2022-04-12,VRSK,216.9499969482422,218.1699981689453,214.0,214.63999938964844,209.94017028808597,614600
2022-04-12,VRSK,216.9499969482422,218.1699981689453,214.0,214.63999938964844,209.94017028808597,614600
2022-04-13,VRSK,214.8699951171875,215.97000122070312,212.92999267578125,214.1100006103516,209.4217987060547,938900
2022-04-13,VRSK,214.8699951171875,215.97000122070312,212.92999267578125,214.1100006103516,209.4217987060547,938900
2022-04-14,VRSK,215.4900054931641,216.47000122070312,213.05999755859372,213.3000030517578,208.62954711914065,630200
2022-04-14,VRSK,215.4900054931641,216.47000122070312,213.05999755859372,213.3000030517578,208.62954711914065,630200
2022-04-18,VRSK,212.4199981689453,213.75999450683597,210.32000732421875,211.2100067138672,206.5852813720703,569200
2022-04-18,VRSK,212.4199981689453,213.75999450683597,210.32000732421875,211.2100067138672,206.5852813720703,569200
2022-04-19,VRSK,211.2100067138672,215.77999877929688,211.19000244140625,215.3300018310547,210.61509704589844,1040900
2022-04-19,VRSK,211.2100067138672,215.77999877929688,211.19000244140625,215.3300018310547,210.61509704589844,1040900
2022-04-20,VRSK,216.58999633789065,219.17999267578125,216.3000030517578,217.3999938964844,212.6397705078125,703100
2022-04-20,VRSK,216.58999633789065,219.17999267578125,216.3000030517578,217.3999938964844,212.6397705078125,703100
2022-04-21,VRSK,216.3699951171875,219.6000061035156,214.72000122070312,215.4499969482422,210.73245239257807,746000
2022-04-21,VRSK,216.3699951171875,219.6000061035156,214.72000122070312,215.4499969482422,210.73245239257807,746000
2022-04-22,VRSK,215.6999969482422,215.6999969482422,210.47999572753903,210.6000061035156,205.9886779785156,695600
2022-04-22,VRSK,215.6999969482422,215.6999969482422,210.47999572753903,210.6000061035156,205.9886779785156,695600
2022-04-25,VRSK,211.0,214.0500030517578,209.4499969482422,213.8500061035156,209.1674652099609,912300
2022-04-25,VRSK,211.0,214.0500030517578,209.4499969482422,213.8500061035156,209.1674652099609,912300
2022-04-26,VRSK,213.47000122070312,214.7100067138672,208.07000732421875,208.2400054931641,203.6803131103516,1549800
2022-04-26,VRSK,213.47000122070312,214.7100067138672,208.07000732421875,208.2400054931641,203.6803131103516,1549800
2022-04-27,VRSK,209.1100006103516,211.42999267578125,207.58999633789065,208.4199981689453,203.8563690185547,979800
2022-04-27,VRSK,209.1100006103516,211.42999267578125,207.58999633789065,208.4199981689453,203.8563690185547,979800
2022-04-28,VRSK,210.58999633789065,214.3500061035156,209.1499938964844,212.69000244140625,208.03286743164065,1164400
2022-04-28,VRSK,210.58999633789065,214.3500061035156,209.1499938964844,212.69000244140625,208.03286743164065,1164400
2022-04-29,VRSK,210.0800018310547,212.08999633789065,203.5399932861328,204.0500030517578,199.5820770263672,1536100
2022-04-29,VRSK,210.0800018310547,212.08999633789065,203.5399932861328,204.0500030517578,199.5820770263672,1536100
2022-05-02,VRSK,203.63999938964844,206.02999877929688,199.00999450683597,202.19000244140625,197.7628173828125,1429600
2022-05-02,VRSK,203.63999938964844,206.02999877929688,199.00999450683597,202.19000244140625,197.7628173828125,1429600
2022-05-03,VRSK,201.0500030517578,202.63999938964844,198.8000030517578,200.1199951171875,195.73814392089844,1398500
2022-05-03,VRSK,201.0500030517578,202.63999938964844,198.8000030517578,200.1199951171875,195.73814392089844,1398500
2022-05-04,VRSK,186.0,194.8699951171875,184.22000122070312,193.52999877929688,189.2924041748047,2613000
2022-05-04,VRSK,186.0,194.8699951171875,184.22000122070312,193.52999877929688,189.2924041748047,2613000
2022-05-05,VRSK,190.50999450683597,191.9600067138672,186.0800018310547,187.9199981689453,183.8052673339844,2006600
2022-05-05,VRSK,190.50999450683597,191.9600067138672,186.0800018310547,187.9199981689453,183.8052673339844,2006600
2022-05-06,VRSK,186.30999755859372,187.1999969482422,183.44000244140625,185.4199981689453,181.3600006103516,1370000
2022-05-06,VRSK,186.30999755859372,187.1999969482422,183.44000244140625,185.4199981689453,181.3600006103516,1370000
2022-05-09,VRSK,184.1100006103516,184.3000030517578,177.25999450683594,177.97999572753906,174.0829315185547,1207400
2022-05-09,VRSK,184.1100006103516,184.3000030517578,177.25999450683594,177.97999572753906,174.0829315185547,1207400
2022-05-10,VRSK,180.52999877929688,181.2700042724609,175.24000549316406,178.8699951171875,174.9534149169922,1062700
2022-05-10,VRSK,180.52999877929688,181.2700042724609,175.24000549316406,178.8699951171875,174.9534149169922,1062700
2022-05-11,VRSK,176.6699981689453,178.89999389648438,174.22999572753906,174.39999389648438,170.581298828125,1367600
2022-05-11,VRSK,176.6699981689453,178.89999389648438,174.22999572753906,174.39999389648438,170.581298828125,1367600
2022-05-12,VRSK,173.1300048828125,175.80999755859375,171.1699981689453,173.66000366210938,169.85751342773438,1922300
2022-05-12,VRSK,173.1300048828125,175.80999755859375,171.1699981689453,173.66000366210938,169.85751342773438,1922300
2022-05-13,VRSK,174.9600067138672,176.6300048828125,171.4199981689453,176.2100067138672,172.35165405273438,1901400
2022-05-13,VRSK,174.9600067138672,176.6300048828125,171.4199981689453,176.2100067138672,172.35165405273438,1901400
2022-05-16,VRSK,175.72000122070312,175.92999267578125,170.50999450683594,171.99000549316406,168.22409057617188,1121300
2022-05-16,VRSK,175.72000122070312,175.92999267578125,170.50999450683594,171.99000549316406,168.22409057617188,1121300
2022-05-17,VRSK,173.57000732421875,175.55999755859375,171.94000244140625,174.57000732421875,170.7476043701172,934600
2022-05-17,VRSK,173.57000732421875,175.55999755859375,171.94000244140625,174.57000732421875,170.7476043701172,934600
2022-05-18,VRSK,172.8300018310547,173.11000061035156,165.60000610351562,166.49000549316406,162.844482421875,1143100
2022-05-18,VRSK,172.8300018310547,173.11000061035156,165.60000610351562,166.49000549316406,162.844482421875,1143100
2022-05-19,VRSK,165.77999877929688,169.91000366210938,164.9600067138672,168.22000122070312,164.53659057617188,894600
2022-05-19,VRSK,165.77999877929688,169.91000366210938,164.9600067138672,168.22000122070312,164.53659057617188,894600
2022-05-20,VRSK,169.3699951171875,170.47999572753906,165.10000610351562,168.88999938964844,165.19195556640625,1041100
2022-05-20,VRSK,169.3699951171875,170.47999572753906,165.10000610351562,168.88999938964844,165.19195556640625,1041100
2022-05-23,VRSK,169.6199951171875,171.13999938964844,167.02999877929688,170.9199981689453,167.17750549316406,605800
2022-05-23,VRSK,169.6199951171875,171.13999938964844,167.02999877929688,170.9199981689453,167.17750549316406,605800
2022-05-24,VRSK,170.11000061035156,171.33999633789062,168.36000061035156,170.94000244140625,167.19705200195312,556700
2022-05-24,VRSK,170.11000061035156,171.33999633789062,168.36000061035156,170.94000244140625,167.19705200195312,556700
2022-05-25,VRSK,170.19000244140625,172.16000366210938,169.13999938964844,170.72000122070312,166.98187255859375,609400
2022-05-25,VRSK,170.19000244140625,172.16000366210938,169.13999938964844,170.72000122070312,166.98187255859375,609400
2022-05-26,VRSK,171.0500030517578,174.8800048828125,171.0500030517578,173.7100067138672,169.90643310546875,678500
2022-05-26,VRSK,171.0500030517578,174.8800048828125,171.0500030517578,173.7100067138672,169.90643310546875,678500
2022-05-27,VRSK,174.6999969482422,178.8699951171875,174.3699951171875,178.64999389648438,174.7382049560547,643600
2022-05-27,VRSK,174.6999969482422,178.8699951171875,174.3699951171875,178.64999389648438,174.7382049560547,643600
2022-05-31,VRSK,177.2100067138672,177.85000610351562,174.49000549316406,174.9199981689453,171.0899200439453,1365400
2022-05-31,VRSK,177.2100067138672,177.85000610351562,174.49000549316406,174.9199981689453,171.0899200439453,1365400
2022-06-01,VRSK,171.58999633789062,174.35000610351562,170.66000366210938,171.22999572753906,167.480712890625,973100
2022-06-01,VRSK,171.58999633789062,174.35000610351562,170.66000366210938,171.22999572753906,167.480712890625,973100
2022-06-02,VRSK,171.8000030517578,176.1199951171875,171.4499969482422,176.0,172.14627075195312,670200
2022-06-02,VRSK,171.8000030517578,176.1199951171875,171.4499969482422,176.0,172.14627075195312,670200
2022-06-03,VRSK,173.9499969482422,174.33999633789062,172.2899932861328,173.66000366210938,169.85751342773438,923500
2022-06-03,VRSK,173.9499969482422,174.33999633789062,172.2899932861328,173.66000366210938,169.85751342773438,923500
2022-06-06,VRSK,174.94000244140625,176.50999450683594,173.9600067138672,174.33999633789062,170.5226287841797,584300
2022-06-06,VRSK,174.94000244140625,176.50999450683594,173.9600067138672,174.33999633789062,170.5226287841797,584300
2022-06-07,VRSK,172.8000030517578,176.5800018310547,172.1300048828125,175.4499969482422,171.60829162597656,644600
2022-06-07,VRSK,172.8000030517578,176.5800018310547,172.1300048828125,175.4499969482422,171.60829162597656,644600
2022-06-08,VRSK,174.14999389648438,174.74000549316406,170.02999877929688,170.35000610351562,166.62001037597656,696900
2022-06-08,VRSK,174.14999389648438,174.74000549316406,170.02999877929688,170.35000610351562,166.62001037597656,696900
2022-06-09,VRSK,170.0500030517578,170.85000610351562,166.72999572753906,166.7899932861328,163.13792419433594,605400
2022-06-09,VRSK,170.0500030517578,170.85000610351562,166.72999572753906,166.7899932861328,163.13792419433594,605400
2022-06-10,VRSK,164.16000366210938,165.58999633789062,163.0,164.10000610351562,160.50685119628906,766600
2022-06-10,VRSK,164.16000366210938,165.58999633789062,163.0,164.10000610351562,160.50685119628906,766600
2022-06-13,VRSK,160.7100067138672,163.10000610351562,159.0800018310547,161.6699981689453,158.13002014160156,1013700
2022-06-13,VRSK,160.7100067138672,163.10000610351562,159.0800018310547,161.6699981689453,158.13002014160156,1013700
2022-06-14,VRSK,161.9199981689453,161.9199981689453,157.3000030517578,158.22999572753906,155.06268310546875,733900
2022-06-14,VRSK,161.9199981689453,161.9199981689453,157.3000030517578,158.22999572753906,155.06268310546875,733900
2022-06-15,VRSK,160.00999450683594,162.41000366210938,157.63999938964844,160.19000244140625,156.9834747314453,815400
2022-06-15,VRSK,160.00999450683594,162.41000366210938,157.63999938964844,160.19000244140625,156.9834747314453,815400
2022-06-16,VRSK,157.6999969482422,158.99000549316406,156.0500030517578,158.5800018310547,155.40565490722656,1264400
2022-06-16,VRSK,157.6999969482422,158.99000549316406,156.0500030517578,158.5800018310547,155.40565490722656,1264400
2022-06-17,VRSK,158.1699981689453,162.85000610351562,157.3300018310547,161.82000732421875,158.58082580566406,2422500
2022-06-17,VRSK,158.1699981689453,162.85000610351562,157.3300018310547,161.82000732421875,158.58082580566406,2422500
2022-06-21,VRSK,163.74000549316406,165.97999572753906,161.89999389648438,165.1300048828125,161.82456970214844,1201400
2022-06-21,VRSK,163.74000549316406,165.97999572753906,161.89999389648438,165.1300048828125,161.82456970214844,1201400
2022-06-22,VRSK,164.02000427246094,167.5,163.72999572753906,166.2899932861328,162.9613494873047,617200
2022-06-22,VRSK,164.02000427246094,167.5,163.72999572753906,166.2899932861328,162.9613494873047,617200
2022-06-23,VRSK,167.57000732421875,171.3300018310547,166.92999267578125,170.97000122070312,167.5476531982422,686200
2022-06-23,VRSK,167.57000732421875,171.3300018310547,166.92999267578125,170.97000122070312,167.5476531982422,686200
2022-06-24,VRSK,171.47999572753906,173.11000061035156,171.47999572753906,172.99000549316406,169.52725219726562,1632500
2022-06-24,VRSK,171.47999572753906,173.11000061035156,171.47999572753906,172.99000549316406,169.52725219726562,1632500
2022-06-27,VRSK,172.6199951171875,174.4600067138672,171.3800048828125,174.10000610351562,170.6150360107422,604600
2022-06-27,VRSK,172.6199951171875,174.4600067138672,171.3800048828125,174.10000610351562,170.6150360107422,604600
2022-06-28,VRSK,174.0800018310547,175.4499969482422,168.80999755859375,168.94000244140625,165.55831909179688,721100
2022-06-28,VRSK,174.0800018310547,175.4499969482422,168.80999755859375,168.94000244140625,165.55831909179688,721100
2022-06-29,VRSK,169.1699981689453,172.00999450683594,168.30999755859375,171.32000732421875,167.8906707763672,587000
2022-06-29,VRSK,169.1699981689453,172.00999450683594,168.30999755859375,171.32000732421875,167.8906707763672,587000
2022-06-30,VRSK,169.49000549316406,173.97000122070312,169.30999755859375,173.08999633789062,169.625244140625,819200
2022-06-30,VRSK,169.49000549316406,173.97000122070312,169.30999755859375,173.08999633789062,169.625244140625,819200
2022-07-01,VRSK,172.75,176.27999877929688,172.4499969482422,175.3000030517578,171.7909698486328,630000
2022-07-01,VRSK,172.75,176.27999877929688,172.4499969482422,175.3000030517578,171.7909698486328,630000
2022-07-05,VRSK,173.52000427246094,175.50999450683594,171.92999267578125,175.4199981689453,171.90858459472656,741700
2022-07-05,VRSK,173.52000427246094,175.50999450683594,171.92999267578125,175.4199981689453,171.90858459472656,741700
2022-07-06,VRSK,177.1699981689453,179.0,176.25,178.1199951171875,174.55455017089844,815900
2022-07-06,VRSK,177.1699981689453,179.0,176.25,178.1199951171875,174.55455017089844,815900
2022-07-07,VRSK,177.08999633789062,178.80999755859375,175.41000366210938,178.02999877929688,174.4663543701172,700200
2022-07-07,VRSK,177.08999633789062,178.80999755859375,175.41000366210938,178.02999877929688,174.4663543701172,700200
2022-07-08,VRSK,177.3800048828125,179.32000732421875,176.16000366210938,178.07000732421875,174.5055389404297,630800
2022-07-08,VRSK,177.3800048828125,179.32000732421875,176.16000366210938,178.07000732421875,174.5055389404297,630800
2022-07-11,VRSK,178.22000122070312,179.14999389648438,176.4199981689453,177.83999633789062,174.28018188476562,583600
2022-07-11,VRSK,178.22000122070312,179.14999389648438,176.4199981689453,177.83999633789062,174.28018188476562,583600
2022-07-12,VRSK,178.9499969482422,179.8800048828125,172.97000122070312,174.0800018310547,170.5954132080078,540100
2022-07-12,VRSK,178.9499969482422,179.8800048828125,172.97000122070312,174.0800018310547,170.5954132080078,540100
2022-07-13,VRSK,171.13999938964844,176.33999633789062,171.13999938964844,174.7100067138672,171.21282958984375,484500
2022-07-13,VRSK,171.13999938964844,176.33999633789062,171.13999938964844,174.7100067138672,171.21282958984375,484500
2022-07-14,VRSK,174.0399932861328,176.9499969482422,173.1300048828125,175.92999267578125,172.40838623046875,554800
2022-07-14,VRSK,174.0399932861328,176.9499969482422,173.1300048828125,175.92999267578125,172.40838623046875,554800
2022-07-15,VRSK,177.0,180.1999969482422,176.8000030517578,178.8300018310547,175.25033569335938,897400
2022-07-15,VRSK,177.0,180.1999969482422,176.8000030517578,178.8300018310547,175.25033569335938,897400
2022-07-18,VRSK,177.86000061035156,179.57000732421875,175.02999877929688,175.5,171.9869842529297,566000
2022-07-18,VRSK,177.86000061035156,179.57000732421875,175.02999877929688,175.5,171.9869842529297,566000
2022-07-19,VRSK,177.25999450683594,180.6300048828125,177.02999877929688,180.0,176.39694213867188,704200
2022-07-19,VRSK,177.25999450683594,180.6300048828125,177.02999877929688,180.0,176.39694213867188,704200
2022-07-20,VRSK,180.22000122070312,182.9499969482422,179.5,181.8699951171875,178.22947692871094,643100
2022-07-20,VRSK,180.22000122070312,182.9499969482422,179.5,181.8699951171875,178.22947692871094,643100
2022-07-21,VRSK,183.05999755859372,184.9900054931641,182.00999450683597,184.7100067138672,181.01263427734372,557500
2022-07-21,VRSK,183.05999755859372,184.9900054931641,182.00999450683597,184.7100067138672,181.01263427734372,557500
2022-07-22,VRSK,185.1100006103516,186.6699981689453,183.1699981689453,184.77999877929688,181.08123779296875,664200
2022-07-22,VRSK,185.1100006103516,186.6699981689453,183.1699981689453,184.77999877929688,181.08123779296875,664200
2022-07-25,VRSK,183.88999938964844,184.8500061035156,182.32000732421875,182.7700042724609,179.1114959716797,544300
2022-07-25,VRSK,183.88999938964844,184.8500061035156,182.32000732421875,182.7700042724609,179.1114959716797,544300
2022-07-26,VRSK,183.2100067138672,183.6100006103516,181.33999633789065,183.00999450683597,179.3466796875,578100
2022-07-26,VRSK,183.2100067138672,183.6100006103516,181.33999633789065,183.00999450683597,179.3466796875,578100
2022-07-27,VRSK,182.7899932861328,185.94000244140625,182.52999877929688,184.52999877929688,180.83624267578125,789900
2022-07-27,VRSK,182.7899932861328,185.94000244140625,182.52999877929688,184.52999877929688,180.83624267578125,789900
2022-07-28,VRSK,185.83999633789065,189.80999755859372,185.07000732421875,188.50999450683597,184.736572265625,697200
2022-07-28,VRSK,185.83999633789065,189.80999755859372,185.07000732421875,188.50999450683597,184.736572265625,697200
2022-07-29,VRSK,188.33999633789065,190.9600067138672,187.1000061035156,190.25,186.44174194335935,656000
2022-07-29,VRSK,188.33999633789065,190.9600067138672,187.1000061035156,190.25,186.44174194335935,656000
2022-08-01,VRSK,189.57000732421875,190.75999450683597,187.69000244140625,189.0200042724609,185.2364044189453,695700
2022-08-01,VRSK,189.57000732421875,190.75999450683597,187.69000244140625,189.0200042724609,185.2364044189453,695700
2022-08-02,VRSK,188.3300018310547,191.1300048828125,187.2100067138672,188.97999572753903,185.1971740722656,871200
2022-08-02,VRSK,188.3300018310547,191.1300048828125,187.2100067138672,188.97999572753903,185.1971740722656,871200
2022-08-03,VRSK,192.69000244140625,199.5500030517578,191.55999755859372,197.3800048828125,193.4290313720703,1396800
2022-08-03,VRSK,192.69000244140625,199.5500030517578,191.55999755859372,197.3800048828125,193.4290313720703,1396800
2022-08-04,VRSK,197.3600006103516,200.8699951171875,196.7700042724609,199.27999877929688,195.2909698486328,781500
2022-08-04,VRSK,197.3600006103516,200.8699951171875,196.7700042724609,199.27999877929688,195.2909698486328,781500
2022-08-05,VRSK,196.97000122070312,198.6100006103516,195.6999969482422,198.3800048828125,194.40899658203125,737600
2022-08-05,VRSK,196.97000122070312,198.6100006103516,195.6999969482422,198.3800048828125,194.40899658203125,737600
2022-08-08,VRSK,199.2100067138672,201.4600067138672,198.38999938964844,199.02999877929688,195.0459899902344,489200
2022-08-08,VRSK,199.2100067138672,201.4600067138672,198.38999938964844,199.02999877929688,195.0459899902344,489200
2022-08-09,VRSK,199.9600067138672,200.5800018310547,197.9900054931641,198.75999450683597,194.7813720703125,487100
2022-08-09,VRSK,199.9600067138672,200.5800018310547,197.9900054931641,198.75999450683597,194.7813720703125,487100
2022-08-10,VRSK,202.3300018310547,203.2100067138672,200.72000122070312,202.1499938964844,198.1035003662109,693400
2022-08-10,VRSK,202.3300018310547,203.2100067138672,200.72000122070312,202.1499938964844,198.1035003662109,693400
2022-08-11,VRSK,202.5,204.7700042724609,200.50999450683597,200.8999938964844,196.87852478027344,456600
2022-08-11,VRSK,202.5,204.7700042724609,200.50999450683597,200.8999938964844,196.87852478027344,456600
2022-08-12,VRSK,202.2100067138672,203.77999877929688,201.5399932861328,202.8699951171875,198.80911254882807,581700
2022-08-12,VRSK,202.2100067138672,203.77999877929688,201.5399932861328,202.8699951171875,198.80911254882807,581700
2022-08-15,VRSK,202.8699951171875,206.9900054931641,202.7899932861328,205.6699981689453,201.55307006835935,578300
2022-08-15,VRSK,202.8699951171875,206.9900054931641,202.7899932861328,205.6699981689453,201.55307006835935,578300
2022-08-16,VRSK,204.32000732421875,205.82000732421875,203.77999877929688,204.4900054931641,200.39671325683597,912000
2022-08-16,VRSK,204.32000732421875,205.82000732421875,203.77999877929688,204.4900054931641,200.39671325683597,912000
2022-08-17,VRSK,202.80999755859372,203.72000122070312,201.5800018310547,203.55999755859372,199.48532104492188,698500
2022-08-17,VRSK,202.80999755859372,203.72000122070312,201.5800018310547,203.55999755859372,199.48532104492188,698500
2022-08-18,VRSK,203.00999450683597,204.75,202.2899932861328,203.92999267578125,199.84788513183597,609600
2022-08-18,VRSK,203.00999450683597,204.75,202.2899932861328,203.92999267578125,199.84788513183597,609600
2022-08-19,VRSK,203.6000061035156,203.6000061035156,198.91000366210935,200.57000732421875,196.55517578125,1636700
2022-08-19,VRSK,203.6000061035156,203.6000061035156,198.91000366210935,200.57000732421875,196.55517578125,1636700
2022-08-22,VRSK,200.07000732421875,201.1699981689453,197.7700042724609,198.22999572753903,194.261962890625,780700
2022-08-22,VRSK,200.07000732421875,201.1699981689453,197.7700042724609,198.22999572753903,194.261962890625,780700
2022-08-23,VRSK,197.6199951171875,197.6199951171875,194.33999633789065,194.4600067138672,190.5674743652344,878900
2022-08-23,VRSK,197.6199951171875,197.6199951171875,194.33999633789065,194.4600067138672,190.5674743652344,878900
2022-08-24,VRSK,194.2100067138672,195.13999938964844,192.9499969482422,194.67999267578125,190.78305053710935,554000
2022-08-24,VRSK,194.2100067138672,195.13999938964844,192.9499969482422,194.67999267578125,190.78305053710935,554000
2022-08-25,VRSK,196.27999877929688,196.27999877929688,192.08999633789065,195.30999755859372,191.4004669189453,783400
2022-08-25,VRSK,196.27999877929688,196.27999877929688,192.08999633789065,195.30999755859372,191.4004669189453,783400
2022-08-26,VRSK,194.7100067138672,195.5,189.6499938964844,189.88999938964844,186.0889434814453,831200
2022-08-26,VRSK,194.7100067138672,195.5,189.6499938964844,189.88999938964844,186.0889434814453,831200
2022-08-29,VRSK,188.6999969482422,190.3000030517578,187.5800018310547,189.52999877929688,185.73614501953125,608400
2022-08-29,VRSK,188.6999969482422,190.3000030517578,187.5800018310547,189.52999877929688,185.73614501953125,608400
2022-08-30,VRSK,189.3999938964844,190.3999938964844,186.8699951171875,187.8500061035156,184.0897521972656,1707600
2022-08-30,VRSK,189.3999938964844,190.3999938964844,186.8699951171875,187.8500061035156,184.0897521972656,1707600
2022-08-31,VRSK,187.8600006103516,189.47999572753903,186.58999633789065,187.16000366210935,183.4136199951172,827200
2022-08-31,VRSK,187.8600006103516,189.47999572753903,186.58999633789065,187.16000366210935,183.4136199951172,827200
2022-09-01,VRSK,186.82000732421875,189.1000061035156,185.41000366210935,188.8999938964844,185.11875915527344,516700
2022-09-01,VRSK,186.82000732421875,189.1000061035156,185.41000366210935,188.8999938964844,185.11875915527344,516700
2022-09-02,VRSK,189.97999572753903,190.58999633789065,183.38999938964844,184.7700042724609,181.07144165039065,652200
2022-09-02,VRSK,189.97999572753903,190.58999633789065,183.38999938964844,184.7700042724609,181.07144165039065,652200
2022-09-06,VRSK,184.4900054931641,188.3500061035156,184.13999938964844,186.69000244140625,182.9530334472656,619600
2022-09-06,VRSK,184.4900054931641,188.3500061035156,184.13999938964844,186.69000244140625,182.9530334472656,619600
2022-09-07,VRSK,187.3999938964844,191.8999938964844,186.55999755859372,191.38999938964844,187.5589141845703,544200
2022-09-07,VRSK,187.3999938964844,191.8999938964844,186.55999755859372,191.38999938964844,187.5589141845703,544200
2022-09-08,VRSK,190.52999877929688,192.2400054931641,188.9900054931641,191.1000061035156,187.27474975585935,636400
2022-09-08,VRSK,190.52999877929688,192.2400054931641,188.9900054931641,191.1000061035156,187.27474975585935,636400
2022-09-09,VRSK,191.75999450683597,192.7100067138672,191.1300048828125,192.0399932861328,188.1959228515625,492400
2022-09-09,VRSK,191.75999450683597,192.7100067138672,191.1300048828125,192.0399932861328,188.1959228515625,492400
2022-09-12,VRSK,192.4600067138672,193.05999755859372,191.6000061035156,192.8300018310547,188.97007751464844,556200
2022-09-12,VRSK,192.4600067138672,193.05999755859372,191.6000061035156,192.8300018310547,188.97007751464844,556200
2022-09-13,VRSK,189.02999877929688,189.50999450683597,185.2400054931641,186.25,182.52178955078125,815400
2022-09-13,VRSK,189.02999877929688,189.50999450683597,185.2400054931641,186.25,182.52178955078125,815400
2022-09-14,VRSK,186.1499938964844,187.88999938964844,182.1000061035156,185.91000366210935,182.49237060546875,599300
2022-09-14,VRSK,186.1499938964844,187.88999938964844,182.1000061035156,185.91000366210935,182.49237060546875,599300
2022-09-15,VRSK,185.9499969482422,186.3300018310547,183.3999938964844,183.97999572753903,180.59783935546875,602600
2022-09-15,VRSK,185.9499969482422,186.3300018310547,183.3999938964844,183.97999572753903,180.59783935546875,602600
2022-09-16,VRSK,183.92999267578125,184.9600067138672,182.1999969482422,184.42999267578125,181.03955078125,1903600
2022-09-16,VRSK,183.92999267578125,184.9600067138672,182.1999969482422,184.42999267578125,181.03955078125,1903600
2022-09-19,VRSK,183.9600067138672,184.3000030517578,181.6000061035156,184.25,180.86289978027344,510500
2022-09-19,VRSK,183.9600067138672,184.3000030517578,181.6000061035156,184.25,180.86289978027344,510500
2022-09-20,VRSK,183.57000732421875,183.94000244140625,180.5800018310547,182.3300018310547,178.97816467285156,409100
2022-09-20,VRSK,183.57000732421875,183.94000244140625,180.5800018310547,182.3300018310547,178.97816467285156,409100
2022-09-21,VRSK,183.6199951171875,185.1300048828125,180.1999969482422,180.30999755859372,176.9953155517578,505600
2022-09-21,VRSK,183.6199951171875,185.1300048828125,180.1999969482422,180.30999755859372,176.9953155517578,505600
2022-09-22,VRSK,179.3000030517578,180.1300048828125,174.9600067138672,175.05999755859375,171.841796875,644000
2022-09-22,VRSK,179.3000030517578,180.1300048828125,174.9600067138672,175.05999755859375,171.841796875,644000
2022-09-23,VRSK,175.42999267578125,175.67999267578125,172.92999267578125,175.1999969482422,171.97923278808594,691400
2022-09-23,VRSK,175.42999267578125,175.67999267578125,172.92999267578125,175.1999969482422,171.97923278808594,691400
2022-09-26,VRSK,175.4499969482422,176.4499969482422,172.7100067138672,173.4199981689453,170.23193359375,707800
2022-09-26,VRSK,175.4499969482422,176.4499969482422,172.7100067138672,173.4199981689453,170.23193359375,707800
2022-09-27,VRSK,174.2100067138672,175.00999450683594,170.49000549316406,171.02999877929688,167.8859100341797,654300
2022-09-27,VRSK,174.2100067138672,175.00999450683594,170.49000549316406,171.02999877929688,167.8859100341797,654300
2022-09-28,VRSK,172.57000732421875,174.66000366210938,171.22000122070312,173.72999572753906,170.5362548828125,939300
2022-09-28,VRSK,172.57000732421875,174.66000366210938,171.22000122070312,173.72999572753906,170.5362548828125,939300
2022-09-29,VRSK,172.2899932861328,173.77000427246094,170.74000549316406,173.5500030517578,170.3595733642578,683000
2022-09-29,VRSK,172.2899932861328,173.77000427246094,170.74000549316406,173.5500030517578,170.3595733642578,683000
2022-09-30,VRSK,173.97999572753906,174.3300018310547,169.9499969482422,170.52999877929688,167.3950958251953,919800
2022-09-30,VRSK,173.97999572753906,174.3300018310547,169.9499969482422,170.52999877929688,167.3950958251953,919800
2022-10-03,VRSK,171.8000030517578,175.1300048828125,171.1699981689453,174.36000061035156,171.1547088623047,890400
2022-10-03,VRSK,171.8000030517578,175.1300048828125,171.1699981689453,174.36000061035156,171.1547088623047,890400
2022-10-04,VRSK,176.35000610351562,180.1199951171875,176.35000610351562,179.69000244140625,176.38673400878906,766900
2022-10-04,VRSK,176.35000610351562,180.1199951171875,176.35000610351562,179.69000244140625,176.38673400878906,766900
2022-10-05,VRSK,178.9600067138672,181.1199951171875,177.72000122070312,179.92999267578125,176.62228393554688,947300
2022-10-05,VRSK,178.9600067138672,181.1199951171875,177.72000122070312,179.92999267578125,176.62228393554688,947300
2022-10-06,VRSK,180.6300048828125,180.72000122070312,175.60000610351562,175.69000244140625,172.46023559570312,615100
2022-10-06,VRSK,180.6300048828125,180.72000122070312,175.60000610351562,175.69000244140625,172.46023559570312,615100
2022-10-07,VRSK,174.07000732421875,174.5399932861328,169.91000366210938,170.55999755859375,167.42457580566406,705400
2022-10-07,VRSK,174.07000732421875,174.5399932861328,169.91000366210938,170.55999755859375,167.42457580566406,705400
2022-10-10,VRSK,171.35000610351562,172.24000549316406,168.72000122070312,169.6699981689453,166.5509033203125,464100
2022-10-10,VRSK,171.35000610351562,172.24000549316406,168.72000122070312,169.6699981689453,166.5509033203125,464100
2022-10-11,VRSK,169.13999938964844,171.13999938964844,168.38999938964844,169.5,166.384033203125,807300
2022-10-11,VRSK,169.13999938964844,171.13999938964844,168.38999938964844,169.5,166.384033203125,807300
2022-10-12,VRSK,170.77999877929688,170.77999877929688,168.05999755859375,168.10000610351562,165.00975036621094,550000
2022-10-12,VRSK,170.77999877929688,170.77999877929688,168.05999755859375,168.10000610351562,165.00975036621094,550000
2022-10-13,VRSK,164.89999389648438,170.38999938964844,163.63999938964844,169.74000549316406,166.61962890625,1169300
2022-10-13,VRSK,164.89999389648438,170.38999938964844,163.63999938964844,169.74000549316406,166.61962890625,1169300
2022-10-14,VRSK,172.25999450683594,173.1199951171875,166.35000610351562,166.83999633789062,163.77291870117188,675300
2022-10-14,VRSK,172.25999450683594,173.1199951171875,166.35000610351562,166.83999633789062,163.77291870117188,675300
2022-10-17,VRSK,169.16000366210938,173.13999938964844,168.92999267578125,171.44000244140625,168.28836059570312,1195000
2022-10-17,VRSK,169.16000366210938,173.13999938964844,168.92999267578125,171.44000244140625,168.28836059570312,1195000
2022-10-18,VRSK,175.0800018310547,176.4199981689453,172.83999633789062,173.86000061035156,170.66387939453125,738200
2022-10-18,VRSK,175.0800018310547,176.4199981689453,172.83999633789062,173.86000061035156,170.66387939453125,738200
2022-10-19,VRSK,171.1199951171875,173.25,168.6300048828125,169.36000061035156,166.24659729003906,676900
2022-10-19,VRSK,171.1199951171875,173.25,168.6300048828125,169.36000061035156,166.24659729003906,676900
2022-10-20,VRSK,169.47000122070312,169.47000122070312,164.52000427246094,165.69000244140625,162.64405822753906,834900
2022-10-20,VRSK,169.47000122070312,169.47000122070312,164.52000427246094,165.69000244140625,162.64405822753906,834900
2022-10-21,VRSK,165.3800048828125,167.75,163.7899932861328,166.99000549316406,163.92018127441406,852800
2022-10-21,VRSK,165.3800048828125,167.75,163.7899932861328,166.99000549316406,163.92018127441406,852800
2022-10-24,VRSK,168.9600067138672,170.02000427246094,166.9600067138672,169.4600067138672,166.3447723388672,657500
2022-10-24,VRSK,168.9600067138672,170.02000427246094,166.9600067138672,169.4600067138672,166.3447723388672,657500
2022-10-25,VRSK,169.9499969482422,174.0800018310547,169.47999572753906,173.82000732421875,170.62461853027344,785000
2022-10-25,VRSK,169.9499969482422,174.0800018310547,169.47999572753906,173.82000732421875,170.62461853027344,785000
2022-10-26,VRSK,174.47000122070312,176.7100067138672,173.2899932861328,173.52000427246094,170.33010864257812,704600
2022-10-26,VRSK,174.47000122070312,176.7100067138672,173.2899932861328,173.52000427246094,170.33010864257812,704600
2022-10-27,VRSK,173.77000427246094,177.47999572753906,172.61000061035156,176.41000366210938,173.16702270507812,753900
2022-10-27,VRSK,173.77000427246094,177.47999572753906,172.61000061035156,176.41000366210938,173.16702270507812,753900
2022-10-28,VRSK,176.94000244140625,181.55999755859372,176.82000732421875,181.1199951171875,177.7904052734375,625100
2022-10-28,VRSK,176.94000244140625,181.55999755859372,176.82000732421875,181.1199951171875,177.7904052734375,625100
2022-10-31,VRSK,181.7100067138672,186.8600006103516,180.3500061035156,182.8300018310547,179.468994140625,1405600
2022-10-31,VRSK,181.7100067138672,186.8600006103516,180.3500061035156,182.8300018310547,179.468994140625,1405600
2022-11-01,VRSK,183.47999572753903,185.1000061035156,180.3999938964844,181.47000122070312,178.1339874267578,779400
2022-11-01,VRSK,183.47999572753903,185.1000061035156,180.3999938964844,181.47000122070312,178.1339874267578,779400
2022-11-02,VRSK,172.6199951171875,178.6199951171875,169.27999877929688,169.3300018310547,166.21713256835938,1814100
2022-11-02,VRSK,172.6199951171875,178.6199951171875,169.27999877929688,169.3300018310547,166.21713256835938,1814100
2022-11-03,VRSK,167.1199951171875,168.44000244140625,165.08999633789062,165.3699951171875,162.32994079589844,1087200
2022-11-03,VRSK,167.1199951171875,168.44000244140625,165.08999633789062,165.3699951171875,162.32994079589844,1087200
2022-11-04,VRSK,166.63999938964844,167.58999633789062,162.94000244140625,166.52000427246094,163.4588165283203,1061300
2022-11-04,VRSK,166.63999938964844,167.58999633789062,162.94000244140625,166.52000427246094,163.4588165283203,1061300
2022-11-07,VRSK,167.6999969482422,168.63999938964844,166.4600067138672,168.49000549316406,165.39260864257812,895400
2022-11-07,VRSK,167.6999969482422,168.63999938964844,166.4600067138672,168.49000549316406,165.39260864257812,895400
2022-11-08,VRSK,169.3000030517578,172.64999389648438,167.69000244140625,170.60000610351562,167.4638214111328,773900
2022-11-08,VRSK,169.3000030517578,172.64999389648438,167.69000244140625,170.60000610351562,167.4638214111328,773900
2022-11-09,VRSK,170.13999938964844,172.5399932861328,169.0,169.8699951171875,166.74720764160156,854500
2022-11-09,VRSK,170.13999938964844,172.5399932861328,169.0,169.8699951171875,166.74720764160156,854500
2022-11-10,VRSK,177.02999877929688,181.6100006103516,175.63999938964844,181.1100006103516,177.78060913085938,1386200
2022-11-10,VRSK,177.02999877929688,181.6100006103516,175.63999938964844,181.1100006103516,177.78060913085938,1386200
2022-11-11,VRSK,181.1100006103516,181.1100006103516,177.49000549316406,178.27000427246094,174.9927978515625,880800
2022-11-11,VRSK,181.1100006103516,181.1100006103516,177.49000549316406,178.27000427246094,174.9927978515625,880800
2022-11-14,VRSK,178.1300048828125,178.77999877929688,173.8000030517578,173.97999572753906,170.78163146972656,1209700
2022-11-14,VRSK,178.1300048828125,178.77999877929688,173.8000030517578,173.97999572753906,170.78163146972656,1209700
2022-11-15,VRSK,176.97999572753906,178.38999938964844,174.66000366210938,177.0,173.7461700439453,1830900
2022-11-15,VRSK,176.97999572753906,178.38999938964844,174.66000366210938,177.0,173.7461700439453,1830900
2022-11-16,VRSK,177.0,178.33999633789062,173.6699981689453,174.50999450683594,171.30191040039062,1609300
2022-11-16,VRSK,177.0,178.33999633789062,173.6699981689453,174.50999450683594,171.30191040039062,1609300
2022-11-17,VRSK,172.55999755859375,173.4600067138672,167.80999755859375,170.22999572753906,167.10060119628906,1960700
2022-11-17,VRSK,172.55999755859375,173.4600067138672,167.80999755859375,170.22999572753906,167.10060119628906,1960700
2022-11-18,VRSK,172.41000366210938,174.11000061035156,170.6999969482422,173.5399932861328,170.3497314453125,1266600
2022-11-18,VRSK,172.41000366210938,174.11000061035156,170.6999969482422,173.5399932861328,170.3497314453125,1266600
2022-11-21,VRSK,174.0,180.97999572753903,173.91000366210938,179.9499969482422,176.6419219970703,1205000
2022-11-21,VRSK,174.0,180.97999572753903,173.91000366210938,179.9499969482422,176.6419219970703,1205000
2022-11-22,VRSK,180.3500061035156,181.6999969482422,178.3800048828125,178.64999389648438,175.3657989501953,990900
2022-11-22,VRSK,180.3500061035156,181.6999969482422,178.3800048828125,178.64999389648438,175.3657989501953,990900
2022-11-23,VRSK,178.75,181.6100006103516,178.0500030517578,180.0500030517578,176.74008178710938,629300
2022-11-23,VRSK,178.75,181.6100006103516,178.0500030517578,180.0500030517578,176.74008178710938,629300
2022-11-25,VRSK,180.9900054931641,183.6699981689453,180.0,182.8699951171875,179.5082550048828,454800
2022-11-25,VRSK,180.9900054931641,183.6699981689453,180.0,182.8699951171875,179.5082550048828,454800
2022-11-28,VRSK,181.6199951171875,183.33999633789065,177.32000732421875,177.5399932861328,174.27621459960938,828500
2022-11-28,VRSK,181.6199951171875,183.33999633789065,177.32000732421875,177.5399932861328,174.27621459960938,828500
2022-11-29,VRSK,175.55999755859375,177.91000366210938,174.67999267578125,176.92999267578125,173.67742919921875,791000
2022-11-29,VRSK,175.55999755859375,177.91000366210938,174.67999267578125,176.92999267578125,173.67742919921875,791000
2022-11-30,VRSK,177.0,184.4199981689453,176.72999572753906,183.7100067138672,180.33282470703125,2044500
2022-11-30,VRSK,177.0,184.4199981689453,176.72999572753906,183.7100067138672,180.33282470703125,2044500
2022-12-01,VRSK,185.32000732421875,187.67999267578125,184.88999938964844,186.13999938964844,182.71815490722656,875500
2022-12-01,VRSK,185.32000732421875,187.67999267578125,184.88999938964844,186.13999938964844,182.71815490722656,875500
2022-12-02,VRSK,183.75999450683597,186.47000122070312,180.83999633789065,185.44000244140625,182.03099060058597,848500
2022-12-02,VRSK,183.75999450683597,186.47000122070312,180.83999633789065,185.44000244140625,182.03099060058597,848500
2022-12-05,VRSK,183.7100067138672,184.00999450683597,182.1000061035156,183.1499938964844,179.78309631347656,861300
2022-12-05,VRSK,183.7100067138672,184.00999450683597,182.1000061035156,183.1499938964844,179.78309631347656,861300
2022-12-06,VRSK,183.1499938964844,183.6000061035156,181.25,182.0399932861328,178.6934814453125,874500
2022-12-06,VRSK,183.1499938964844,183.6000061035156,181.25,182.0399932861328,178.6934814453125,874500
2022-12-07,VRSK,181.16000366210935,185.25999450683597,181.16000366210935,182.9600067138672,179.59658813476562,869100
2022-12-07,VRSK,181.16000366210935,185.25999450683597,181.16000366210935,182.9600067138672,179.59658813476562,869100
2022-12-08,VRSK,182.5399932861328,183.8300018310547,180.9900054931641,182.17999267578125,178.83091735839844,640100
2022-12-08,VRSK,182.5399932861328,183.8300018310547,180.9900054931641,182.17999267578125,178.83091735839844,640100
2022-12-09,VRSK,182.17999267578125,183.6100006103516,180.82000732421875,182.50999450683597,179.15487670898438,928200
2022-12-09,VRSK,182.17999267578125,183.6100006103516,180.82000732421875,182.50999450683597,179.15487670898438,928200
2022-12-12,VRSK,183.57000732421875,184.1499938964844,178.88999938964844,181.8999938964844,178.55609130859375,908800
2022-12-12,VRSK,183.57000732421875,184.1499938964844,178.88999938964844,181.8999938964844,178.55609130859375,908800
2022-12-13,VRSK,188.8699951171875,189.17999267578125,182.8999938964844,184.6999969482422,181.3046417236328,707100
2022-12-13,VRSK,188.8699951171875,189.17999267578125,182.8999938964844,184.6999969482422,181.3046417236328,707100
2022-12-14,VRSK,184.57000732421875,187.2899932861328,181.1000061035156,182.97000122070312,179.9083709716797,771600
2022-12-14,VRSK,184.57000732421875,187.2899932861328,181.1000061035156,182.97000122070312,179.9083709716797,771600
2022-12-15,VRSK,181.6699981689453,182.27999877929688,176.10000610351562,176.60000610351562,173.6449432373047,1195100
2022-12-15,VRSK,181.6699981689453,182.27999877929688,176.10000610351562,176.60000610351562,173.6449432373047,1195100
2022-12-16,VRSK,175.1999969482422,177.2899932861328,174.52000427246094,175.02000427246094,172.09140014648438,1877300
2022-12-16,VRSK,175.1999969482422,177.2899932861328,174.52000427246094,175.02000427246094,172.09140014648438,1877300
2022-12-19,VRSK,174.82000732421875,175.80999755859375,171.6999969482422,173.22000122070312,170.32151794433594,833900
2022-12-19,VRSK,174.82000732421875,175.80999755859375,171.6999969482422,173.22000122070312,170.32151794433594,833900
2022-12-20,VRSK,173.0399932861328,173.50999450683594,170.5399932861328,172.19000244140625,169.3087615966797,719600
2022-12-20,VRSK,173.0399932861328,173.50999450683594,170.5399932861328,172.19000244140625,169.3087615966797,719600
2022-12-21,VRSK,173.4600067138672,176.82000732421875,171.97999572753906,176.1199951171875,173.1729736328125,689600
2022-12-21,VRSK,173.4600067138672,176.82000732421875,171.97999572753906,176.1199951171875,173.1729736328125,689600
2022-12-22,VRSK,174.3300018310547,174.61000061035156,171.19000244140625,174.47999572753906,171.56044006347656,653400
2022-12-22,VRSK,174.3300018310547,174.61000061035156,171.19000244140625,174.47999572753906,171.56044006347656,653400
2022-12-23,VRSK,173.52000427246094,175.8699951171875,173.27999877929688,175.61000061035156,172.67152404785156,470600
2022-12-23,VRSK,173.52000427246094,175.8699951171875,173.27999877929688,175.61000061035156,172.67152404785156,470600
2022-12-27,VRSK,175.8000030517578,176.6199951171875,174.32000732421875,175.55999755859375,172.6223602294922,497900
2022-12-27,VRSK,175.8000030517578,176.6199951171875,174.32000732421875,175.55999755859375,172.6223602294922,497900
2022-12-28,VRSK,175.55999755859375,177.61000061035156,173.99000549316406,174.22999572753906,171.31459045410156,572400
2022-12-28,VRSK,175.55999755859375,177.61000061035156,173.99000549316406,174.22999572753906,171.31459045410156,572400
2022-12-29,VRSK,174.61000061035156,179.07000732421875,174.61000061035156,178.05999755859375,175.0805206298828,506900
2022-12-29,VRSK,174.61000061035156,179.07000732421875,174.61000061035156,178.05999755859375,175.0805206298828,506900
2022-12-30,VRSK,176.6300048828125,177.8000030517578,174.07000732421875,176.4199981689453,173.4679718017578,617700
2022-12-30,VRSK,176.6300048828125,177.8000030517578,174.07000732421875,176.4199981689453,173.4679718017578,617700
2023-01-03,VRSK,177.39999389648438,179.35000610351562,176.02000427246094,177.33999633789062,174.37255859375,644400
2023-01-03,VRSK,177.39999389648438,179.35000610351562,176.02000427246094,177.33999633789062,174.37255859375,644400
2023-01-04,VRSK,179.83999633789062,181.63999938964844,178.6999969482422,180.25,177.23387145996094,603200
2023-01-04,VRSK,179.83999633789062,181.63999938964844,178.6999969482422,180.25,177.23387145996094,603200
2023-01-05,VRSK,178.8300018310547,179.05999755859375,176.36000061035156,177.63999938964844,174.6675567626953,693300
2023-01-05,VRSK,178.8300018310547,179.05999755859375,176.36000061035156,177.63999938964844,174.6675567626953,693300
2023-01-06,VRSK,179.50999450683594,183.5200042724609,178.0,182.8800048828125,179.81988525390625,728700
2023-01-06,VRSK,179.50999450683594,183.5200042724609,178.0,182.8800048828125,179.81988525390625,728700
2023-01-09,VRSK,183.0,185.16000366210935,181.8800048828125,182.0500030517578,179.0037384033203,1095800
2023-01-09,VRSK,183.0,185.16000366210935,181.8800048828125,182.0500030517578,179.0037384033203,1095800
2023-01-10,VRSK,181.0,183.88999938964844,180.3699951171875,183.5399932861328,180.46881103515625,403000
2023-01-10,VRSK,181.0,183.88999938964844,180.3699951171875,183.5399932861328,180.46881103515625,403000
2023-01-11,VRSK,184.50999450683597,186.5200042724609,183.5,186.47000122070312,183.34979248046875,687100
2023-01-11,VRSK,184.50999450683597,186.5200042724609,183.5,186.47000122070312,183.34979248046875,687100
2023-01-12,VRSK,186.17999267578125,186.8000030517578,181.75,182.9600067138672,179.89854431152344,657900
2023-01-12,VRSK,186.17999267578125,186.8000030517578,181.75,182.9600067138672,179.89854431152344,657900
2023-01-13,VRSK,182.25,184.32000732421875,182.0399932861328,183.9499969482422,180.8719787597656,493000
2023-01-13,VRSK,182.25,184.32000732421875,182.0399932861328,183.9499969482422,180.8719787597656,493000
2023-01-17,VRSK,182.91000366210935,183.63999938964844,181.13999938964844,181.57000732421875,178.53179931640625,829200
2023-01-17,VRSK,182.91000366210935,183.63999938964844,181.13999938964844,181.57000732421875,178.53179931640625,829200
2023-01-18,VRSK,181.9499969482422,183.66000366210935,179.88999938964844,180.69000244140625,177.66651916503906,662500
2023-01-18,VRSK,181.9499969482422,183.66000366210935,179.88999938964844,180.69000244140625,177.66651916503906,662500
2023-01-19,VRSK,179.6699981689453,180.6699981689453,177.69000244140625,178.30999755859375,175.32632446289062,792300
2023-01-19,VRSK,179.6699981689453,180.6699981689453,177.69000244140625,178.30999755859375,175.32632446289062,792300
2023-01-20,VRSK,176.88999938964844,181.97999572753903,176.3699951171875,181.6100006103516,178.5711212158203,832700
2023-01-20,VRSK,176.88999938964844,181.97999572753903,176.3699951171875,181.6100006103516,178.5711212158203,832700
2023-01-23,VRSK,182.3500061035156,187.4199981689453,181.63999938964844,185.3600006103516,182.2583923339844,832600
2023-01-23,VRSK,182.3500061035156,187.4199981689453,181.63999938964844,185.3600006103516,182.2583923339844,832600
2023-01-24,VRSK,185.1699981689453,185.50999450683597,182.6100006103516,183.3500061035156,180.28201293945312,799500
2023-01-24,VRSK,185.1699981689453,185.50999450683597,182.6100006103516,183.3500061035156,180.28201293945312,799500
2023-01-25,VRSK,180.75,180.9600067138672,176.77999877929688,180.11000061035156,177.09620666503906,941100
2023-01-25,VRSK,180.75,180.9600067138672,176.77999877929688,180.11000061035156,177.09620666503906,941100
2023-01-26,VRSK,181.05999755859372,181.66000366210935,178.97999572753906,180.9900054931641,177.96148681640625,809600
2023-01-26,VRSK,181.05999755859372,181.66000366210935,178.97999572753906,180.9900054931641,177.96148681640625,809600
2023-01-27,VRSK,180.19000244140625,181.3300018310547,178.89999389648438,180.1499938964844,177.13552856445312,1005200
2023-01-27,VRSK,180.19000244140625,181.3300018310547,178.89999389648438,180.1499938964844,177.13552856445312,1005200
2023-01-30,VRSK,180.1300048828125,180.75999450683597,178.52000427246094,179.41000366210938,176.407958984375,1074300
2023-01-30,VRSK,180.1300048828125,180.75999450683597,178.52000427246094,179.41000366210938,176.407958984375,1074300
2023-01-31,VRSK,180.0,181.8500061035156,179.1199951171875,181.7899932861328,178.7480926513672,1142000
2023-01-31,VRSK,180.0,181.8500061035156,179.1199951171875,181.7899932861328,178.7480926513672,1142000
2023-02-01,VRSK,181.22999572753903,185.5500030517578,179.38999938964844,184.16000366210935,181.07846069335935,1138500
2023-02-01,VRSK,181.22999572753903,185.5500030517578,179.38999938964844,184.16000366210935,181.07846069335935,1138500
2023-02-02,VRSK,185.0,188.8500061035156,182.19000244140625,187.0200042724609,183.89059448242188,1130200
2023-02-02,VRSK,185.0,188.8500061035156,182.19000244140625,187.0200042724609,183.89059448242188,1130200
2023-02-03,VRSK,185.07000732421875,185.1199951171875,179.8300018310547,180.11000061035156,177.09620666503906,1522900
2023-02-03,VRSK,185.07000732421875,185.1199951171875,179.8300018310547,180.11000061035156,177.09620666503906,1522900
2023-02-06,VRSK,178.1999969482422,178.7899932861328,176.2100067138672,176.92999267578125,173.96942138671875,1662100
2023-02-06,VRSK,178.1999969482422,178.7899932861328,176.2100067138672,176.92999267578125,173.96942138671875,1662100
2023-02-07,VRSK,174.7100067138672,178.5800018310547,173.0500030517578,177.8699951171875,174.8936767578125,1432100
2023-02-07,VRSK,174.7100067138672,178.5800018310547,173.0500030517578,177.8699951171875,174.8936767578125,1432100
2023-02-08,VRSK,177.3000030517578,179.27999877929688,176.55999755859375,177.7100067138672,174.7363739013672,1179700
2023-02-08,VRSK,177.3000030517578,179.27999877929688,176.55999755859375,177.7100067138672,174.7363739013672,1179700
2023-02-09,VRSK,178.41000366210938,180.0,175.55999755859375,176.22000122070312,173.27130126953125,851200
2023-02-09,VRSK,178.41000366210938,180.0,175.55999755859375,176.22000122070312,173.27130126953125,851200
2023-02-10,VRSK,175.36000061035156,177.39999389648438,174.94000244140625,176.77999877929688,173.82191467285156,703500
2023-02-10,VRSK,175.36000061035156,177.39999389648438,174.94000244140625,176.77999877929688,173.82191467285156,703500
2023-02-13,VRSK,177.02000427246094,179.6199951171875,177.02000427246094,179.07000732421875,176.07362365722656,889300
2023-02-13,VRSK,177.02000427246094,179.6199951171875,177.02000427246094,179.07000732421875,176.07362365722656,889300
2023-02-14,VRSK,178.08999633789062,178.97000122070312,172.2899932861328,176.82000732421875,173.8612823486328,753700
2023-02-14,VRSK,178.08999633789062,178.97000122070312,172.2899932861328,176.82000732421875,173.8612823486328,753700
2023-02-15,VRSK,176.2100067138672,178.82000732421875,175.0,177.4199981689453,174.45123291015625,815900
2023-02-15,VRSK,176.2100067138672,178.82000732421875,175.0,177.4199981689453,174.45123291015625,815900
2023-02-16,VRSK,175.0,177.27999877929688,174.72000122070312,176.22000122070312,173.27130126953125,679300
2023-02-16,VRSK,175.0,177.27999877929688,174.72000122070312,176.22000122070312,173.27130126953125,679300
2023-02-17,VRSK,176.4199981689453,177.3300018310547,175.0,177.1300048828125,174.16610717773438,1829500
2023-02-17,VRSK,176.4199981689453,177.3300018310547,175.0,177.1300048828125,174.16610717773438,1829500
2023-02-21,VRSK,176.17999267578125,176.36000061035156,173.9499969482422,174.69000244140625,171.76690673828125,789900
2023-02-21,VRSK,176.17999267578125,176.36000061035156,173.9499969482422,174.69000244140625,171.76690673828125,789900
2023-02-22,VRSK,175.05999755859375,176.4600067138672,174.02999877929688,174.5,171.58009338378906,786300
2023-02-22,VRSK,175.05999755859375,176.4600067138672,174.02999877929688,174.5,171.58009338378906,786300
2023-02-23,VRSK,174.08999633789062,175.4600067138672,171.77999877929688,173.89999389648438,170.9901580810547,1137600
2023-02-23,VRSK,174.08999633789062,175.4600067138672,171.77999877929688,173.89999389648438,170.9901580810547,1137600
2023-02-24,VRSK,171.2100067138672,172.27999877929688,169.74000549316406,171.67999267578125,168.8072967529297,859100
2023-02-24,VRSK,171.2100067138672,172.27999877929688,169.74000549316406,171.67999267578125,168.8072967529297,859100
2023-02-27,VRSK,173.44000244140625,173.44000244140625,171.22999572753906,171.99000549316406,169.11209106445312,1232600
2023-02-27,VRSK,173.44000244140625,173.44000244140625,171.22999572753906,171.99000549316406,169.11209106445312,1232600
2023-02-28,VRSK,170.36000061035156,172.5399932861328,169.82000732421875,171.11000061035156,168.24684143066406,1528100
2023-02-28,VRSK,170.36000061035156,172.5399932861328,169.82000732421875,171.11000061035156,168.24684143066406,1528100
2023-03-01,VRSK,178.74000549316406,184.42999267578125,176.52000427246094,176.72000122070312,173.762939453125,2572900
2023-03-01,VRSK,178.74000549316406,184.42999267578125,176.52000427246094,176.72000122070312,173.762939453125,2572900
2023-03-02,VRSK,176.2899932861328,181.69000244140625,174.99000549316406,181.58999633789065,178.5514373779297,1958200
2023-03-02,VRSK,176.2899932861328,181.69000244140625,174.99000549316406,181.58999633789065,178.5514373779297,1958200
2023-03-03,VRSK,181.9499969482422,187.16000366210935,181.83999633789065,186.9199981689453,183.79226684570312,1557400
2023-03-03,VRSK,181.9499969482422,187.16000366210935,181.83999633789065,186.9199981689453,183.79226684570312,1557400
2023-03-06,VRSK,186.6300048828125,189.3600006103516,186.47999572753903,187.6999969482422,184.5592193603516,1329500
2023-03-06,VRSK,186.6300048828125,189.3600006103516,186.47999572753903,187.6999969482422,184.5592193603516,1329500
2023-03-07,VRSK,189.3000030517578,189.4499969482422,182.82000732421875,184.1499938964844,181.068603515625,1108300
2023-03-07,VRSK,189.3000030517578,189.4499969482422,182.82000732421875,184.1499938964844,181.068603515625,1108300
2023-03-08,VRSK,184.16000366210935,185.83999633789065,183.3699951171875,184.8699951171875,181.7765655517578,1012600
2023-03-08,VRSK,184.16000366210935,185.83999633789065,183.3699951171875,184.8699951171875,181.7765655517578,1012600
2023-03-09,VRSK,185.27999877929688,187.3300018310547,182.88999938964844,183.1699981689453,180.10501098632812,985500
2023-03-09,VRSK,185.27999877929688,187.3300018310547,182.88999938964844,183.1699981689453,180.10501098632812,985500
2023-03-10,VRSK,182.27999877929688,183.75999450683597,179.6699981689453,180.13999938964844,177.12571716308594,913200
2023-03-10,VRSK,182.27999877929688,183.75999450683597,179.6699981689453,180.13999938964844,177.12571716308594,913200
2023-03-13,VRSK,180.02999877929688,184.3699951171875,179.99000549316406,180.9600067138672,177.93199157714844,1713300
2023-03-13,VRSK,180.02999877929688,184.3699951171875,179.99000549316406,180.9600067138672,177.93199157714844,1713300
2023-03-14,VRSK,181.2700042724609,184.50999450683597,179.1300048828125,180.8999938964844,178.2078094482422,1541200
2023-03-14,VRSK,181.2700042724609,184.50999450683597,179.1300048828125,180.8999938964844,178.2078094482422,1541200
2023-03-15,VRSK,179.63999938964844,181.7700042724609,177.88999938964844,179.97000122070312,177.2916717529297,1665400
2023-03-15,VRSK,179.63999938964844,181.7700042724609,177.88999938964844,179.97000122070312,177.2916717529297,1665400
2023-03-16,VRSK,179.2100067138672,181.9199981689453,178.52000427246094,180.8699951171875,178.17828369140625,1832300
2023-03-16,VRSK,179.2100067138672,181.9199981689453,178.52000427246094,180.8699951171875,178.17828369140625,1832300
2023-03-17,VRSK,182.25999450683597,183.91000366210935,179.8000030517578,180.07000732421875,177.39019775390625,1780400
2023-03-17,VRSK,182.25999450683597,183.91000366210935,179.8000030517578,180.07000732421875,177.39019775390625,1780400
2023-03-20,VRSK,180.6499938964844,185.6499938964844,180.4199981689453,185.5,182.7393798828125,1238300
2023-03-20,VRSK,180.6499938964844,185.6499938964844,180.4199981689453,185.5,182.7393798828125,1238300
2023-03-21,VRSK,185.97999572753903,186.91000366210935,184.75,186.1000061035156,183.33045959472656,1015200
2023-03-21,VRSK,185.97999572753903,186.91000366210935,184.75,186.1000061035156,183.33045959472656,1015200
2023-03-22,VRSK,186.22999572753903,187.1699981689453,182.8999938964844,182.94000244140625,180.21746826171875,881500
2023-03-22,VRSK,186.22999572753903,187.1699981689453,182.8999938964844,182.94000244140625,180.21746826171875,881500
2023-03-23,VRSK,182.91000366210935,184.1199951171875,181.00999450683597,181.82000732421875,179.11412048339844,1033600
2023-03-23,VRSK,182.91000366210935,184.1199951171875,181.00999450683597,181.82000732421875,179.11412048339844,1033600
2023-03-24,VRSK,182.05999755859372,187.0800018310547,181.1999969482422,186.69000244140625,183.9116668701172,1002800
2023-03-24,VRSK,182.05999755859372,187.0800018310547,181.1999969482422,186.69000244140625,183.9116668701172,1002800
2023-03-27,VRSK,187.0399932861328,188.6699981689453,185.0399932861328,185.2400054931641,182.48324584960935,828700
2023-03-27,VRSK,187.0399932861328,188.6699981689453,185.0399932861328,185.2400054931641,182.48324584960935,828700
2023-03-28,VRSK,184.5399932861328,187.94000244140625,184.0399932861328,187.69000244140625,184.8968048095703,877000
2023-03-28,VRSK,184.5399932861328,187.94000244140625,184.0399932861328,187.69000244140625,184.8968048095703,877000
2023-03-29,VRSK,188.9199981689453,190.82000732421875,188.9199981689453,190.25,187.41867065429688,1180300
2023-03-29,VRSK,188.9199981689453,190.82000732421875,188.9199981689453,190.25,187.41867065429688,1180300
2023-03-30,VRSK,191.0,191.8999938964844,190.05999755859372,190.9600067138672,188.11813354492188,1072200
2023-03-30,VRSK,191.0,191.8999938964844,190.05999755859372,190.9600067138672,188.11813354492188,1072200
2023-03-31,VRSK,191.9199981689453,194.00999450683597,190.8999938964844,191.8600006103516,189.00473022460935,1394400
2023-03-31,VRSK,191.9199981689453,194.00999450683597,190.8999938964844,191.8600006103516,189.00473022460935,1394400
2023-04-03,VRSK,190.2400054931641,192.0800018310547,189.22999572753903,191.5800018310547,188.72889709472656,783400
2023-04-03,VRSK,190.2400054931641,192.0800018310547,189.22999572753903,191.5800018310547,188.72889709472656,783400
2023-04-04,VRSK,191.1100006103516,192.72000122070312,189.97000122070312,190.58999633789065,187.75363159179688,677600
2023-04-04,VRSK,191.1100006103516,192.72000122070312,189.97000122070312,190.58999633789065,187.75363159179688,677600
2023-04-05,VRSK,190.5,193.33999633789065,190.5,191.4600067138672,188.6106719970703,806500
2023-04-05,VRSK,190.5,193.33999633789065,190.5,191.4600067138672,188.6106719970703,806500
2023-04-06,VRSK,191.22000122070312,191.2700042724609,189.5500030517578,190.4199981689453,187.58615112304688,859000
2023-04-06,VRSK,191.22000122070312,191.2700042724609,189.5500030517578,190.4199981689453,187.58615112304688,859000
2023-04-10,VRSK,188.8000030517578,190.47999572753903,186.9600067138672,190.25999450683597,187.42852783203125,522300
2023-04-10,VRSK,188.8000030517578,190.47999572753903,186.9600067138672,190.25999450683597,187.42852783203125,522300
2023-04-11,VRSK,190.50999450683597,191.9900054931641,190.4600067138672,191.4499969482422,188.60081481933597,608300
2023-04-11,VRSK,190.50999450683597,191.9900054931641,190.4600067138672,191.4499969482422,188.60081481933597,608300
2023-04-12,VRSK,192.3999938964844,193.80999755859372,191.2899932861328,192.1699981689453,189.31008911132807,526900
2023-04-12,VRSK,192.3999938964844,193.80999755859372,191.2899932861328,192.1699981689453,189.31008911132807,526900
2023-04-13,VRSK,192.88999938964844,194.72999572753903,191.75999450683597,194.6100006103516,191.71380615234372,651100
2023-04-13,VRSK,192.88999938964844,194.72999572753903,191.75999450683597,194.6100006103516,191.71380615234372,651100
2023-04-14,VRSK,193.80999755859372,194.80999755859372,191.4199981689453,191.8600006103516,189.00473022460935,1033500
2023-04-14,VRSK,193.80999755859372,194.80999755859372,191.4199981689453,191.8600006103516,189.00473022460935,1033500
2023-04-17,VRSK,192.3999938964844,193.27999877929688,190.2899932861328,192.1699981689453,189.31008911132807,842600
2023-04-17,VRSK,192.3999938964844,193.27999877929688,190.2899932861328,192.1699981689453,189.31008911132807,842600
2023-04-18,VRSK,193.0800018310547,193.72999572753903,191.8999938964844,193.13999938964844,190.26568603515625,928100
2023-04-18,VRSK,193.0800018310547,193.72999572753903,191.8999938964844,193.13999938964844,190.26568603515625,928100
2023-04-19,VRSK,192.25,193.33999633789065,191.94000244140625,192.82000732421875,189.95042419433597,599800
2023-04-19,VRSK,192.25,193.33999633789065,191.94000244140625,192.82000732421875,189.95042419433597,599800
2023-04-20,VRSK,192.0,195.9499969482422,191.9900054931641,194.55999755859372,191.6645355224609,809300
2023-04-20,VRSK,192.0,195.9499969482422,191.9900054931641,194.55999755859372,191.6645355224609,809300
2023-04-21,VRSK,195.07000732421875,197.5399932861328,194.8500061035156,196.7899932861328,193.861328125,941600
2023-04-21,VRSK,195.07000732421875,197.5399932861328,194.8500061035156,196.7899932861328,193.861328125,941600
2023-04-24,VRSK,196.00999450683597,197.4499969482422,195.25,195.8000030517578,192.88609313964844,664700
2023-04-24,VRSK,196.00999450683597,197.4499969482422,195.25,195.8000030517578,192.88609313964844,664700
2023-04-25,VRSK,195.25999450683597,195.7899932861328,192.3000030517578,192.7100067138672,189.84207153320312,671600
2023-04-25,VRSK,195.25999450683597,195.7899932861328,192.3000030517578,192.7100067138672,189.84207153320312,671600
2023-04-26,VRSK,190.7400054931641,192.47000122070312,189.67999267578125,190.22000122070312,187.3891143798828,661200
2023-04-26,VRSK,190.7400054931641,192.47000122070312,189.67999267578125,190.22000122070312,187.3891143798828,661200
2023-04-27,VRSK,190.8600006103516,192.77999877929688,189.13999938964844,192.1000061035156,189.2411346435547,939600
2023-04-27,VRSK,190.8600006103516,192.77999877929688,189.13999938964844,192.1000061035156,189.2411346435547,939600
2023-04-28,VRSK,193.0,194.5800018310547,192.5800018310547,194.1100006103516,191.22122192382807,867800
2023-04-28,VRSK,193.0,194.5800018310547,192.5800018310547,194.1100006103516,191.22122192382807,867800
2023-05-01,VRSK,193.30999755859372,194.02999877929688,192.13999938964844,192.57000732421875,189.70416259765625,845700
2023-05-01,VRSK,193.30999755859372,194.02999877929688,192.13999938964844,192.57000732421875,189.70416259765625,845700
2023-05-02,VRSK,191.47000122070312,191.47000122070312,187.8600006103516,188.97999572753903,186.16758728027344,1120900
2023-05-02,VRSK,191.47000122070312,191.47000122070312,187.8600006103516,188.97999572753903,186.16758728027344,1120900
2023-05-03,VRSK,200.0,206.6300048828125,198.3999938964844,203.97000122070312,200.93450927734372,2300600
2023-05-03,VRSK,200.0,206.6300048828125,198.3999938964844,203.97000122070312,200.93450927734372,2300600
2023-05-04,VRSK,208.92999267578125,210.8600006103516,205.6999969482422,205.75999450683597,202.69786071777344,1318700
2023-05-04,VRSK,208.92999267578125,210.8600006103516,205.6999969482422,205.75999450683597,202.69786071777344,1318700
2023-05-05,VRSK,206.3800048828125,211.92999267578125,206.3800048828125,210.8800048828125,207.7416534423828,1233800
2023-05-05,VRSK,206.3800048828125,211.92999267578125,206.3800048828125,210.8800048828125,207.7416534423828,1233800
2023-05-08,VRSK,211.55999755859372,212.25999450683597,209.3600006103516,210.1199951171875,206.99298095703125,796800
2023-05-08,VRSK,211.55999755859372,212.25999450683597,209.3600006103516,210.1199951171875,206.99298095703125,796800
2023-05-09,VRSK,210.3800048828125,212.6100006103516,209.0200042724609,211.3999938964844,208.25390625,700500
2023-05-09,VRSK,210.3800048828125,212.6100006103516,209.0200042724609,211.3999938964844,208.25390625,700500
2023-05-10,VRSK,214.25,216.4199981689453,213.82000732421875,214.47000122070312,211.2782287597656,1118400
2023-05-10,VRSK,214.25,216.4199981689453,213.82000732421875,214.47000122070312,211.2782287597656,1118400
2023-05-11,VRSK,214.50999450683597,216.6000061035156,213.82000732421875,215.3300018310547,212.1254425048828,1218000
2023-05-11,VRSK,214.50999450683597,216.6000061035156,213.82000732421875,215.3300018310547,212.1254425048828,1218000
2023-05-12,VRSK,215.8600006103516,216.5399932861328,214.2899932861328,215.00999450683597,211.8101959228516,976300
2023-05-12,VRSK,215.8600006103516,216.5399932861328,214.2899932861328,215.00999450683597,211.8101959228516,976300
2023-05-15,VRSK,214.9900054931641,215.22000122070312,212.8999938964844,214.9900054931641,211.7905120849609,911200
2023-05-15,VRSK,214.9900054931641,215.22000122070312,212.8999938964844,214.9900054931641,211.7905120849609,911200
2023-05-16,VRSK,214.9900054931641,218.6000061035156,213.6499938964844,218.1100006103516,214.86407470703125,962000
2023-05-16,VRSK,214.9900054931641,218.6000061035156,213.6499938964844,218.1100006103516,214.86407470703125,962000
2023-05-17,VRSK,219.66000366210935,220.4900054931641,217.97999572753903,219.1199951171875,215.85903930664065,1087000
2023-05-17,VRSK,219.66000366210935,220.4900054931641,217.97999572753903,219.1199951171875,215.85903930664065,1087000
2023-05-18,VRSK,217.3000030517578,221.0,217.3000030517578,220.6300048828125,217.34657287597656,790900
2023-05-18,VRSK,217.3000030517578,221.0,217.3000030517578,220.6300048828125,217.34657287597656,790900
2023-05-19,VRSK,221.0,222.92999267578125,220.6300048828125,222.1199951171875,218.8143615722656,1137900
2023-05-19,VRSK,221.0,222.92999267578125,220.6300048828125,222.1199951171875,218.8143615722656,1137900
2023-05-22,VRSK,221.88999938964844,222.75,217.92999267578125,218.25,215.00198364257807,1048900
2023-05-22,VRSK,221.88999938964844,222.75,217.92999267578125,218.25,215.00198364257807,1048900
2023-05-23,VRSK,217.3699951171875,217.50999450683597,215.3000030517578,215.75999450683597,212.5490264892578,905400
2023-05-23,VRSK,217.3699951171875,217.50999450683597,215.3000030517578,215.75999450683597,212.5490264892578,905400
2023-05-24,VRSK,215.94000244140625,217.6300048828125,214.6699981689453,216.66000366210935,213.4356689453125,890300
2023-05-24,VRSK,215.94000244140625,217.6300048828125,214.6699981689453,216.66000366210935,213.4356689453125,890300
2023-05-25,VRSK,215.41000366210935,219.3000030517578,215.1699981689453,218.67999267578125,215.42556762695312,1231800
2023-05-25,VRSK,215.41000366210935,219.3000030517578,215.1699981689453,218.67999267578125,215.42556762695312,1231800
2023-05-26,VRSK,219.1499938964844,220.91000366210935,216.02999877929688,217.07000732421875,213.8395538330078,1076400
2023-05-26,VRSK,219.1499938964844,220.91000366210935,216.02999877929688,217.07000732421875,213.8395538330078,1076400
2023-05-30,VRSK,217.83999633789065,219.9600067138672,217.5399932861328,218.63999938964844,215.38619995117188,897000
2023-05-30,VRSK,217.83999633789065,219.9600067138672,217.5399932861328,218.63999938964844,215.38619995117188,897000
2023-05-31,VRSK,219.0399932861328,219.7700042724609,216.1699981689453,219.1100006103516,215.8491973876953,1738100
2023-05-31,VRSK,219.0399932861328,219.7700042724609,216.1699981689453,219.1100006103516,215.8491973876953,1738100
2023-06-01,VRSK,220.42999267578125,221.6100006103516,218.91000366210935,219.97000122070312,216.69635009765625,780800
2023-06-01,VRSK,220.42999267578125,221.6100006103516,218.91000366210935,219.97000122070312,216.69635009765625,780800
2023-06-02,VRSK,220.3300018310547,222.6000061035156,219.83999633789065,221.3699951171875,218.07554626464844,1228500
2023-06-02,VRSK,220.3300018310547,222.6000061035156,219.83999633789065,221.3699951171875,218.07554626464844,1228500
2023-06-05,VRSK,221.0200042724609,224.3500061035156,220.72999572753903,223.1300048828125,219.80938720703125,1153400
2023-06-05,VRSK,221.0200042724609,224.3500061035156,220.72999572753903,223.1300048828125,219.80938720703125,1153400
2023-06-06,VRSK,223.82000732421875,224.47000122070312,220.7400054931641,221.32000732421875,218.02630615234372,778000
2023-06-06,VRSK,223.82000732421875,224.47000122070312,220.7400054931641,221.32000732421875,218.02630615234372,778000
2023-06-07,VRSK,221.32000732421875,222.19000244140625,217.83999633789065,218.4900054931641,215.2384185791016,941600
2023-06-07,VRSK,221.32000732421875,222.19000244140625,217.83999633789065,218.4900054931641,215.2384185791016,941600
2023-06-08,VRSK,217.80999755859372,220.1199951171875,216.7899932861328,219.91000366210935,216.63731384277344,986000
2023-06-08,VRSK,217.80999755859372,220.1199951171875,216.7899932861328,219.91000366210935,216.63731384277344,986000
2023-06-09,VRSK,219.22999572753903,220.7400054931641,217.80999755859372,219.3600006103516,216.09548950195312,614600
2023-06-09,VRSK,219.22999572753903,220.7400054931641,217.80999755859372,219.3600006103516,216.09548950195312,614600
2023-06-12,VRSK,219.3600006103516,219.75999450683597,217.1199951171875,219.1199951171875,215.85903930664065,1094400
2023-06-12,VRSK,219.3600006103516,219.75999450683597,217.1199951171875,219.1199951171875,215.85903930664065,1094400
2023-06-13,VRSK,219.08999633789065,219.50999450683597,216.2400054931641,217.13999938964844,213.9084930419922,1766000
2023-06-13,VRSK,219.08999633789065,219.50999450683597,216.2400054931641,217.13999938964844,213.9084930419922,1766000
2023-06-14,VRSK,216.8000030517578,220.5,216.44000244140625,220.27999877929688,217.34210205078125,1423600
2023-06-14,VRSK,216.8000030517578,220.5,216.44000244140625,220.27999877929688,217.34210205078125,1423600
2023-06-15,VRSK,220.1499938964844,225.6499938964844,219.6499938964844,224.57000732421875,221.5748748779297,1417900
2023-06-15,VRSK,220.1499938964844,225.6499938964844,219.6499938964844,224.57000732421875,221.5748748779297,1417900
2023-06-16,VRSK,225.77999877929688,226.47999572753903,223.2700042724609,224.5200042724609,221.52554321289065,4248200
2023-06-16,VRSK,225.77999877929688,226.47999572753903,223.2700042724609,224.5200042724609,221.52554321289065,4248200
2023-06-20,VRSK,225.1100006103516,227.8300018310547,224.3699951171875,225.97000122070312,222.9562225341797,1321900
2023-06-20,VRSK,225.1100006103516,227.8300018310547,224.3699951171875,225.97000122070312,222.9562225341797,1321900
2023-06-21,VRSK,225.97000122070312,227.94000244140625,225.25999450683597,227.22000122070312,224.18951416015625,1237700
2023-06-21,VRSK,225.97000122070312,227.94000244140625,225.25999450683597,227.22000122070312,224.18951416015625,1237700
2023-06-22,VRSK,226.88999938964844,228.42999267578125,226.13999938964844,228.00999450683597,224.96897888183597,1283900
2023-06-22,VRSK,226.88999938964844,228.42999267578125,226.13999938964844,228.00999450683597,224.96897888183597,1283900
2023-06-23,VRSK,227.0500030517578,227.25999450683597,223.57000732421875,224.3500061035156,221.3578186035156,1812400
2023-06-23,VRSK,227.0500030517578,227.25999450683597,223.57000732421875,224.3500061035156,221.3578186035156,1812400
2023-06-26,VRSK,224.4900054931641,225.4199981689453,222.80999755859372,223.0,220.02581787109372,1284200
2023-06-26,VRSK,224.4900054931641,225.4199981689453,222.80999755859372,223.0,220.02581787109372,1284200
2023-06-27,VRSK,223.7700042724609,225.32000732421875,222.5,224.6300048828125,221.6340789794922,1425400
2023-06-27,VRSK,223.7700042724609,225.32000732421875,222.5,224.6300048828125,221.6340789794922,1425400
2023-06-28,VRSK,225.0,225.97000122070312,222.13999938964844,223.1699981689453,220.19354248046875,1270900
2023-06-28,VRSK,225.0,225.97000122070312,222.13999938964844,223.1699981689453,220.19354248046875,1270900
2023-06-29,VRSK,222.6699981689453,224.32000732421875,222.1300048828125,223.2700042724609,220.29222106933597,1151500
2023-06-29,VRSK,222.6699981689453,224.32000732421875,222.1300048828125,223.2700042724609,220.29222106933597,1151500
2023-06-30,VRSK,224.2400054931641,228.08999633789065,224.2400054931641,226.02999877929688,223.0153961181641,1072500
2023-06-30,VRSK,224.2400054931641,228.08999633789065,224.2400054931641,226.02999877929688,223.0153961181641,1072500
2023-07-03,VRSK,224.2400054931641,224.25,220.67999267578125,222.5,219.5324859619141,813500
2023-07-03,VRSK,224.2400054931641,224.25,220.67999267578125,222.5,219.5324859619141,813500
2023-07-05,VRSK,222.1300048828125,226.1300048828125,221.3000030517578,226.0500030517578,223.0351104736328,1267700
2023-07-05,VRSK,222.1300048828125,226.1300048828125,221.3000030517578,226.0500030517578,223.0351104736328,1267700
2023-07-06,VRSK,224.72000122070312,227.1999969482422,223.8500061035156,227.00999450683597,223.9823303222656,1205400
2023-07-06,VRSK,224.72000122070312,227.1999969482422,223.8500061035156,227.00999450683597,223.9823303222656,1205400
2023-07-07,VRSK,226.58999633789065,227.44000244140625,224.72000122070312,224.97000122070312,221.96954345703125,958100
2023-07-07,VRSK,226.58999633789065,227.44000244140625,224.72000122070312,224.97000122070312,221.96954345703125,958100
2023-07-10,VRSK,225.8500061035156,228.9600067138672,225.8000030517578,226.97999572753903,223.9527282714844,871300
2023-07-10,VRSK,225.8500061035156,228.9600067138672,225.8000030517578,226.97999572753903,223.9527282714844,871300
2023-07-11,VRSK,226.8000030517578,227.3699951171875,225.83999633789065,226.9600067138672,223.9329833984375,700500
2023-07-11,VRSK,226.8000030517578,227.3699951171875,225.83999633789065,226.9600067138672,223.9329833984375,700500
2023-07-12,VRSK,227.75,228.47999572753903,226.2899932861328,226.50999450683597,223.48898315429688,962300
2023-07-12,VRSK,227.75,228.47999572753903,226.2899932861328,226.50999450683597,223.48898315429688,962300
2023-07-13,VRSK,226.66000366210935,227.1300048828125,225.82000732421875,226.6000061035156,223.57778930664065,908600
2023-07-13,VRSK,226.66000366210935,227.1300048828125,225.82000732421875,226.6000061035156,223.57778930664065,908600
2023-07-14,VRSK,225.8800048828125,229.57000732421875,225.5,228.7899932861328,225.73858642578125,785300
2023-07-14,VRSK,225.8800048828125,229.57000732421875,225.5,228.7899932861328,225.73858642578125,785300
2023-07-17,VRSK,228.97000122070312,230.7400054931641,228.72999572753903,229.97000122070312,226.90284729003903,622400
2023-07-17,VRSK,228.97000122070312,230.7400054931641,228.72999572753903,229.97000122070312,226.90284729003903,622400
2023-07-18,VRSK,229.94000244140625,231.3999938964844,228.82000732421875,228.97999572753903,225.92605590820312,980400
2023-07-18,VRSK,229.94000244140625,231.3999938964844,228.82000732421875,228.97999572753903,225.92605590820312,980400
2023-07-19,VRSK,228.3800048828125,230.3999938964844,227.6499938964844,228.2100067138672,225.16632080078125,863700
2023-07-19,VRSK,228.3800048828125,230.3999938964844,227.6499938964844,228.2100067138672,225.16632080078125,863700
2023-07-20,VRSK,227.27999877929688,231.6000061035156,227.27999877929688,230.8600006103516,227.78097534179688,1137500
2023-07-20,VRSK,227.27999877929688,231.6000061035156,227.27999877929688,230.8600006103516,227.78097534179688,1137500
2023-07-21,VRSK,231.75999450683597,235.19000244140625,231.75999450683597,234.1100006103516,230.98765563964844,3315200
2023-07-21,VRSK,231.75999450683597,235.19000244140625,231.75999450683597,234.1100006103516,230.98765563964844,3315200
2023-07-24,VRSK,233.8500061035156,234.6300048828125,231.3500061035156,234.16000366210935,231.03697204589844,1031900
2023-07-24,VRSK,233.8500061035156,234.6300048828125,231.3500061035156,234.16000366210935,231.03697204589844,1031900
2023-07-25,VRSK,232.8000030517578,238.17999267578125,232.7400054931641,236.9199981689453,233.76014709472656,1058700
2023-07-25,VRSK,232.8000030517578,238.17999267578125,232.7400054931641,236.9199981689453,233.76014709472656,1058700
2023-07-26,VRSK,236.1499938964844,237.47000122070312,235.5500030517578,237.00999450683597,233.8489532470703,884500
2023-07-26,VRSK,236.1499938964844,237.47000122070312,235.5500030517578,237.00999450683597,233.8489532470703,884500
2023-07-27,VRSK,237.8999938964844,238.82000732421875,230.6499938964844,231.4600067138672,228.37301635742188,1336300
2023-07-27,VRSK,237.8999938964844,238.82000732421875,230.6499938964844,231.4600067138672,228.37301635742188,1336300
2023-07-28,VRSK,232.44000244140625,234.0,230.57000732421875,232.16000366210935,229.06362915039065,863400
2023-07-28,VRSK,232.44000244140625,234.0,230.57000732421875,232.16000366210935,229.06362915039065,863400
2023-07-31,VRSK,232.32000732421875,232.32000732421875,228.1100006103516,228.94000244140625,225.8865966796875,1511800
2023-07-31,VRSK,232.32000732421875,232.32000732421875,228.1100006103516,228.94000244140625,225.8865966796875,1511800
2023-08-01,VRSK,228.9900054931641,229.77999877929688,227.41000366210935,229.22000122070312,226.16287231445312,1097500
2023-08-01,VRSK,228.9900054931641,229.77999877929688,227.41000366210935,229.22000122070312,226.16287231445312,1097500
2023-08-02,VRSK,226.3800048828125,235.9900054931641,225.7100067138672,232.4199981689453,229.32015991210935,1817800
2023-08-02,VRSK,226.3800048828125,235.9900054931641,225.7100067138672,232.4199981689453,229.32015991210935,1817800
2023-08-03,VRSK,232.8800048828125,237.22999572753903,229.75999450683597,230.3999938964844,227.32711791992188,1460900
2023-08-03,VRSK,232.8800048828125,237.22999572753903,229.75999450683597,230.3999938964844,227.32711791992188,1460900
2023-08-04,VRSK,231.00999450683597,232.33999633789065,228.9499969482422,229.75999450683597,226.69564819335935,806500
2023-08-04,VRSK,231.00999450683597,232.33999633789065,228.9499969482422,229.75999450683597,226.69564819335935,806500
2023-08-07,VRSK,231.1499938964844,233.97999572753903,229.94000244140625,233.52999877929688,230.41537475585935,820900
2023-08-07,VRSK,231.1499938964844,233.97999572753903,229.94000244140625,233.52999877929688,230.41537475585935,820900
2023-08-08,VRSK,233.5500030517578,234.0399932861328,231.4900054931641,232.52999877929688,229.4287109375,802100
2023-08-08,VRSK,233.5500030517578,234.0399932861328,231.4900054931641,232.52999877929688,229.4287109375,802100
2023-08-09,VRSK,232.1300048828125,236.63999938964844,231.5,235.02999877929688,231.8953399658203,963600
2023-08-09,VRSK,232.1300048828125,236.63999938964844,231.5,235.02999877929688,231.8953399658203,963600
2023-08-10,VRSK,235.42999267578125,236.5200042724609,232.8600006103516,233.08999633789065,229.9812164306641,753400
2023-08-10,VRSK,235.42999267578125,236.5200042724609,232.8600006103516,233.08999633789065,229.9812164306641,753400
2023-08-11,VRSK,232.8800048828125,235.3600006103516,232.44000244140625,234.6699981689453,231.5401611328125,556200
2023-08-11,VRSK,232.8800048828125,235.3600006103516,232.44000244140625,234.6699981689453,231.5401611328125,556200
2023-08-14,VRSK,235.1199951171875,237.2400054931641,234.25999450683597,237.13999938964844,233.97723388671875,666000
2023-08-14,VRSK,235.1199951171875,237.2400054931641,234.25999450683597,237.13999938964844,233.97723388671875,666000
2023-08-15,VRSK,235.92999267578125,236.83999633789065,234.2899932861328,234.77999877929688,231.64871215820312,720100
2023-08-15,VRSK,235.92999267578125,236.83999633789065,234.2899932861328,234.77999877929688,231.64871215820312,720100
2023-08-16,VRSK,234.80999755859372,237.32000732421875,234.32000732421875,235.3300018310547,232.19137573242188,611800
2023-08-16,VRSK,234.80999755859372,237.32000732421875,234.32000732421875,235.3300018310547,232.19137573242188,611800
2023-08-17,VRSK,235.58999633789065,236.19000244140625,230.66000366210935,230.67999267578125,227.60337829589844,1188100
2023-08-17,VRSK,235.58999633789065,236.19000244140625,230.66000366210935,230.67999267578125,227.60337829589844,1188100
2023-08-18,VRSK,230.47999572753903,232.8500061035156,230.30999755859372,230.94000244140625,227.85992431640625,621700
2023-08-18,VRSK,230.47999572753903,232.8500061035156,230.30999755859372,230.94000244140625,227.85992431640625,621700
2023-08-21,VRSK,230.6300048828125,233.22999572753903,229.7700042724609,232.3800048828125,229.2807159423828,800500
2023-08-21,VRSK,230.6300048828125,233.22999572753903,229.7700042724609,232.3800048828125,229.2807159423828,800500
2023-08-22,VRSK,232.2100067138672,233.3600006103516,231.0800018310547,231.7400054931641,228.6492462158203,853400
2023-08-22,VRSK,232.2100067138672,233.3600006103516,231.0800018310547,231.7400054931641,228.6492462158203,853400
2023-08-23,VRSK,231.9900054931641,235.91000366210935,231.1000061035156,235.3500061035156,232.21109008789065,818400
2023-08-23,VRSK,231.9900054931641,235.91000366210935,231.1000061035156,235.3500061035156,232.21109008789065,818400
2023-08-24,VRSK,236.1499938964844,237.97000122070312,234.2899932861328,234.6699981689453,231.5401611328125,743100
2023-08-24,VRSK,236.1499938964844,237.97000122070312,234.2899932861328,234.6699981689453,231.5401611328125,743100
2023-08-25,VRSK,235.6699981689453,237.6699981689453,234.5800018310547,237.19000244140625,234.02655029296875,907400
2023-08-25,VRSK,235.6699981689453,237.6699981689453,234.5800018310547,237.19000244140625,234.02655029296875,907400
2023-08-28,VRSK,238.00999450683597,239.6499938964844,237.4199981689453,237.94000244140625,234.76657104492188,590800
2023-08-28,VRSK,238.00999450683597,239.6499938964844,237.4199981689453,237.94000244140625,234.76657104492188,590800
2023-08-29,VRSK,238.1199951171875,239.3699951171875,236.6300048828125,239.13999938964844,235.9505615234375,662200
2023-08-29,VRSK,238.1199951171875,239.3699951171875,236.6300048828125,239.13999938964844,235.9505615234375,662200
2023-08-30,VRSK,239.9900054931641,242.22999572753903,239.9900054931641,241.6699981689453,238.44679260253903,786000
2023-08-30,VRSK,239.9900054931641,242.22999572753903,239.9900054931641,241.6699981689453,238.44679260253903,786000
2023-08-31,VRSK,241.3600006103516,242.88999938964844,241.1699981689453,242.22000122070312,238.98947143554688,965000
2023-08-31,VRSK,241.3600006103516,242.88999938964844,241.1699981689453,242.22000122070312,238.98947143554688,965000
2023-09-01,VRSK,243.6999969482422,243.6999969482422,240.52999877929688,242.83999633789065,239.6011962890625,772100
2023-09-01,VRSK,243.6999969482422,243.6999969482422,240.52999877929688,242.83999633789065,239.6011962890625,772100
2023-09-05,VRSK,242.1499938964844,242.75,238.6499938964844,240.6100006103516,237.4009552001953,745100
2023-09-05,VRSK,242.1499938964844,242.75,238.6499938964844,240.6100006103516,237.4009552001953,745100
2023-09-06,VRSK,241.2700042724609,243.7100067138672,240.5500030517578,243.47000122070312,240.2227935791016,597200
2023-09-06,VRSK,241.2700042724609,243.7100067138672,240.5500030517578,243.47000122070312,240.2227935791016,597200
2023-09-07,VRSK,244.1699981689453,246.2400054931641,243.22999572753903,245.16000366210935,241.8902740478516,757200
2023-09-07,VRSK,244.1699981689453,246.2400054931641,243.22999572753903,245.16000366210935,241.8902740478516,757200
2023-09-08,VRSK,245.05999755859372,246.02999877929688,243.25999450683597,244.3800048828125,241.1206817626953,550000
2023-09-08,VRSK,245.05999755859372,246.02999877929688,243.25999450683597,244.3800048828125,241.1206817626953,550000
2023-09-11,VRSK,244.6100006103516,245.8300018310547,242.9199981689453,245.00999450683597,241.7422637939453,688000
2023-09-11,VRSK,244.6100006103516,245.8300018310547,242.9199981689453,245.00999450683597,241.7422637939453,688000
2023-09-12,VRSK,244.6300048828125,247.13999938964844,244.2400054931641,244.5200042724609,241.2587890625,742600
2023-09-12,VRSK,244.6300048828125,247.13999938964844,244.2400054931641,244.5200042724609,241.2587890625,742600
2023-09-13,VRSK,243.5,245.6000061035156,242.8300018310547,245.55999755859372,242.28494262695312,718600
2023-09-13,VRSK,243.5,245.6000061035156,242.8300018310547,245.55999755859372,242.28494262695312,718600
2023-09-14,VRSK,247.05999755859372,249.25999450683597,245.1499938964844,248.4900054931641,245.5157928466797,734800
2023-09-14,VRSK,247.05999755859372,249.25999450683597,245.1499938964844,248.4900054931641,245.5157928466797,734800
2023-09-15,VRSK,247.5200042724609,247.8000030517578,244.50999450683597,245.6499938964844,242.7097625732422,1380000
2023-09-15,VRSK,247.5200042724609,247.8000030517578,244.50999450683597,245.6499938964844,242.7097625732422,1380000
2023-09-18,VRSK,244.97000122070312,247.1199951171875,243.97999572753903,246.22000122070312,243.27294921875,501300
2023-09-18,VRSK,244.97000122070312,247.1199951171875,243.97999572753903,246.22000122070312,243.27294921875,501300
2023-09-19,VRSK,245.17999267578125,246.52999877929688,243.88999938964844,246.30999755859372,243.3618927001953,629300
2023-09-19,VRSK,245.17999267578125,246.52999877929688,243.88999938964844,246.30999755859372,243.3618927001953,629300
2023-09-20,VRSK,247.44000244140625,248.4900054931641,245.8000030517578,246.3300018310547,243.38165283203125,616000
2023-09-20,VRSK,247.44000244140625,248.4900054931641,245.8000030517578,246.3300018310547,243.38165283203125,616000
2023-09-21,VRSK,245.13999938964844,245.5800018310547,240.8999938964844,240.92999267578125,238.0462646484375,1109200
2023-09-21,VRSK,245.13999938964844,245.5800018310547,240.8999938964844,240.92999267578125,238.0462646484375,1109200
2023-09-22,VRSK,240.92999267578125,244.47999572753903,240.5399932861328,241.9499969482422,239.0540771484375,545000
2023-09-22,VRSK,240.92999267578125,244.47999572753903,240.5399932861328,241.9499969482422,239.0540771484375,545000
2023-09-25,VRSK,240.9199981689453,243.0800018310547,240.50999450683597,242.69000244140625,239.78521728515625,620500
2023-09-25,VRSK,240.9199981689453,243.0800018310547,240.50999450683597,242.69000244140625,239.78521728515625,620500
2023-09-26,VRSK,242.63999938964844,243.38999938964844,240.88999938964844,241.41000366210935,238.52053833007807,602600
2023-09-26,VRSK,242.63999938964844,243.38999938964844,240.88999938964844,241.41000366210935,238.52053833007807,602600
2023-09-27,VRSK,242.33999633789065,243.6699981689453,237.83999633789065,239.6300048828125,236.76187133789065,728600
2023-09-27,VRSK,242.33999633789065,243.6699981689453,237.83999633789065,239.6300048828125,236.76187133789065,728600
2023-09-28,VRSK,239.8000030517578,242.3300018310547,239.8000030517578,240.5399932861328,237.6609344482422,555200
2023-09-28,VRSK,239.8000030517578,242.3300018310547,239.8000030517578,240.5399932861328,237.6609344482422,555200
2023-09-29,VRSK,240.9900054931641,241.3699951171875,235.22999572753903,236.2400054931641,233.4124298095703,1239100
2023-09-29,VRSK,240.9900054931641,241.3699951171875,235.22999572753903,236.2400054931641,233.4124298095703,1239100
2023-10-02,VRSK,235.30999755859372,237.1000061035156,233.30999755859372,236.3500061035156,233.5211181640625,694300
2023-10-02,VRSK,235.30999755859372,237.1000061035156,233.30999755859372,236.3500061035156,233.5211181640625,694300
2023-10-03,VRSK,235.82000732421875,237.82000732421875,233.63999938964844,234.75,231.94024658203125,980600
2023-10-03,VRSK,235.82000732421875,237.82000732421875,233.63999938964844,234.75,231.94024658203125,980600
2023-10-04,VRSK,235.7899932861328,240.4199981689453,235.25999450683597,239.92999267578125,237.0582275390625,894600
2023-10-04,VRSK,235.7899932861328,240.4199981689453,235.25999450683597,239.92999267578125,237.0582275390625,894600
2023-10-05,VRSK,238.9499969482422,240.4499969482422,237.5,238.6300048828125,235.7738037109375,969000
2023-10-05,VRSK,238.9499969482422,240.4499969482422,237.5,238.6300048828125,235.7738037109375,969000
2023-10-06,VRSK,237.6499938964844,241.58999633789065,235.4600067138672,239.97000122070312,237.0977783203125,1091500
2023-10-06,VRSK,237.6499938964844,241.58999633789065,235.4600067138672,239.97000122070312,237.0977783203125,1091500
2023-10-09,VRSK,240.16000366210935,244.6100006103516,240.0399932861328,244.07000732421875,241.1487274169922,769000
2023-10-09,VRSK,240.16000366210935,244.6100006103516,240.0399932861328,244.07000732421875,241.1487274169922,769000
2023-10-10,VRSK,244.3300018310547,246.69000244140625,242.08999633789065,244.4499969482422,241.52415466308597,952300
2023-10-10,VRSK,244.3300018310547,246.69000244140625,242.08999633789065,244.4499969482422,241.52415466308597,952300
2023-10-11,VRSK,245.33999633789065,245.6499938964844,243.44000244140625,245.50999450683597,242.5714569091797,762900
2023-10-11,VRSK,245.33999633789065,245.6499938964844,243.44000244140625,245.50999450683597,242.5714569091797,762900
2023-10-12,VRSK,246.0200042724609,247.3000030517578,244.8500061035156,245.97999572753903,243.0358428955078,781700
2023-10-12,VRSK,246.0200042724609,247.3000030517578,244.8500061035156,245.97999572753903,243.0358428955078,781700
2023-10-13,VRSK,246.8500061035156,249.0,246.7899932861328,247.6000061035156,244.63645935058597,1179300
2023-10-13,VRSK,246.8500061035156,249.0,246.7899932861328,247.6000061035156,244.63645935058597,1179300
2023-10-16,VRSK,248.0200042724609,248.19000244140625,242.13999938964844,242.5200042724609,239.6172790527344,1217600
2023-10-16,VRSK,248.0200042724609,248.19000244140625,242.13999938964844,242.5200042724609,239.6172790527344,1217600
2023-10-17,VRSK,241.6999969482422,243.02999877929688,238.80999755859372,239.91000366210935,237.0384979248047,1152500
2023-10-17,VRSK,241.6999969482422,243.02999877929688,238.80999755859372,239.91000366210935,237.0384979248047,1152500
2023-10-18,VRSK,240.8500061035156,241.42999267578125,237.55999755859372,238.1300048828125,235.27978515625,1038700
2023-10-18,VRSK,240.8500061035156,241.42999267578125,237.55999755859372,238.1300048828125,235.27978515625,1038700
2023-10-19,VRSK,238.2100067138672,239.52999877929688,233.9199981689453,234.4499969482422,231.64382934570312,901400
2023-10-19,VRSK,238.2100067138672,239.52999877929688,233.9199981689453,234.4499969482422,231.64382934570312,901400
2023-10-20,VRSK,234.3000030517578,236.0800018310547,232.41000366210935,234.4499969482422,231.64382934570312,1155600
2023-10-20,VRSK,234.3000030517578,236.0800018310547,232.41000366210935,234.4499969482422,231.64382934570312,1155600
2023-10-23,VRSK,235.1100006103516,235.97999572753903,230.58999633789065,230.8699951171875,228.106689453125,1242500
2023-10-23,VRSK,235.1100006103516,235.97999572753903,230.58999633789065,230.8699951171875,228.106689453125,1242500
2023-10-24,VRSK,231.3699951171875,233.44000244140625,227.91000366210935,230.13999938964844,227.3854217529297,1224000
2023-10-24,VRSK,231.3699951171875,233.44000244140625,227.91000366210935,230.13999938964844,227.3854217529297,1224000
2023-10-25,VRSK,229.57000732421875,232.08999633789065,227.5399932861328,228.1300048828125,225.39947509765625,1111400
2023-10-25,VRSK,229.57000732421875,232.08999633789065,227.5399932861328,228.1300048828125,225.39947509765625,1111400
2023-10-26,VRSK,227.88999938964844,231.72999572753903,225.83999633789065,226.69000244140625,223.97671508789065,909000
2023-10-26,VRSK,227.88999938964844,231.72999572753903,225.83999633789065,226.69000244140625,223.97671508789065,909000
2023-10-27,VRSK,226.3699951171875,226.3699951171875,222.3000030517578,223.8500061035156,221.17071533203125,1106600
2023-10-27,VRSK,226.3699951171875,226.3699951171875,222.3000030517578,223.8500061035156,221.17071533203125,1106600
2023-10-30,VRSK,223.8500061035156,225.08999633789065,221.88999938964844,224.4900054931641,221.80307006835935,920100
2023-10-30,VRSK,223.8500061035156,225.08999633789065,221.88999938964844,224.4900054931641,221.80307006835935,920100
2023-10-31,VRSK,225.77999877929688,227.91000366210935,223.9600067138672,227.3600006103516,224.63870239257807,1240800
2023-10-31,VRSK,225.77999877929688,227.91000366210935,223.9600067138672,227.3600006103516,224.63870239257807,1240800
2023-11-01,VRSK,221.5500030517578,228.33999633789065,215.32000732421875,222.25,219.58984375,1948400
2023-11-01,VRSK,221.5500030517578,228.33999633789065,215.32000732421875,222.25,219.58984375,1948400
2023-11-02,VRSK,222.8999938964844,230.3600006103516,222.8999938964844,229.8699951171875,227.11865234375,1371200
2023-11-02,VRSK,222.8999938964844,230.3600006103516,222.8999938964844,229.8699951171875,227.11865234375,1371200
2023-11-03,VRSK,230.3600006103516,233.7100067138672,228.1499938964844,230.6199951171875,227.85964965820312,967200
2023-11-03,VRSK,230.3600006103516,233.7100067138672,228.1499938964844,230.6199951171875,227.85964965820312,967200
2023-11-06,VRSK,230.5500030517578,231.69000244140625,229.1199951171875,230.80999755859372,228.0474090576172,701300
2023-11-06,VRSK,230.5500030517578,231.69000244140625,229.1199951171875,230.80999755859372,228.0474090576172,701300
2023-11-07,VRSK,231.67999267578125,234.3800048828125,230.30999755859372,233.19000244140625,230.39894104003903,717300
2023-11-07,VRSK,231.67999267578125,234.3800048828125,230.30999755859372,233.19000244140625,230.39894104003903,717300
2023-11-08,VRSK,234.8500061035156,236.41000366210935,233.5200042724609,236.00999450683597,233.18516540527344,793700
2023-11-08,VRSK,234.8500061035156,236.41000366210935,233.5200042724609,236.00999450683597,233.18516540527344,793700
2023-11-09,VRSK,236.00999450683597,236.88999938964844,234.02999877929688,235.5,232.6812896728516,599100
2023-11-09,VRSK,236.00999450683597,236.88999938964844,234.02999877929688,235.5,232.6812896728516,599100
2023-11-10,VRSK,236.83999633789065,237.9600067138672,236.13999938964844,237.92999267578125,235.08218383789065,777900
2023-11-10,VRSK,236.83999633789065,237.9600067138672,236.13999938964844,237.92999267578125,235.08218383789065,777900
2023-11-13,VRSK,237.66000366210935,239.3800048828125,237.58999633789065,238.50999450683597,235.65524291992188,586700
2023-11-13,VRSK,237.66000366210935,239.3800048828125,237.58999633789065,238.50999450683597,235.65524291992188,586700
2023-11-14,VRSK,241.16000366210935,241.8300018310547,237.7899932861328,238.05999755859372,235.2106475830078,1157000
2023-11-14,VRSK,241.16000366210935,241.8300018310547,237.7899932861328,238.05999755859372,235.2106475830078,1157000
2023-11-15,VRSK,240.0399932861328,240.8000030517578,237.66000366210935,237.7899932861328,234.94387817382807,920300
2023-11-15,VRSK,240.0399932861328,240.8000030517578,237.66000366210935,237.7899932861328,234.94387817382807,920300
2023-11-16,VRSK,239.22000122070312,240.47000122070312,237.05999755859372,237.5500030517578,234.70675659179688,721100
2023-11-16,VRSK,239.22000122070312,240.47000122070312,237.05999755859372,237.5500030517578,234.70675659179688,721100
2023-11-17,VRSK,239.2700042724609,239.2700042724609,236.57000732421875,237.1199951171875,234.2818603515625,729200
2023-11-17,VRSK,239.2700042724609,239.2700042724609,236.57000732421875,237.1199951171875,234.2818603515625,729200
2023-11-20,VRSK,236.75,240.47000122070312,236.22000122070312,239.27999877929688,236.41603088378903,1065600
2023-11-20,VRSK,236.75,240.47000122070312,236.22000122070312,239.27999877929688,236.41603088378903,1065600
2023-11-21,VRSK,239.8999938964844,241.7100067138672,238.7700042724609,239.7899932861328,236.919921875,1091900
2023-11-21,VRSK,239.8999938964844,241.7100067138672,238.7700042724609,239.7899932861328,236.919921875,1091900
2023-11-22,VRSK,240.67999267578125,242.9499969482422,239.88999938964844,240.02999877929688,237.1570587158203,706900
2023-11-22,VRSK,240.67999267578125,242.9499969482422,239.88999938964844,240.02999877929688,237.1570587158203,706900
2023-11-24,VRSK,240.3000030517578,241.69000244140625,239.50999450683597,239.5399932861328,236.6729278564453,300600
2023-11-24,VRSK,240.3000030517578,241.69000244140625,239.50999450683597,239.5399932861328,236.6729278564453,300600
2023-11-27,VRSK,240.33999633789065,242.6100006103516,240.08999633789065,241.0,238.11544799804688,721000
2023-11-27,VRSK,240.33999633789065,242.6100006103516,240.08999633789065,241.0,238.11544799804688,721000
2023-11-28,VRSK,240.50999450683597,242.83999633789065,240.00999450683597,240.07000732421875,237.19656372070312,740800
2023-11-28,VRSK,240.50999450683597,242.83999633789065,240.00999450683597,240.07000732421875,237.19656372070312,740800
2023-11-29,VRSK,240.32000732421875,241.1000061035156,237.3999938964844,238.25999450683597,235.40821838378903,721500
2023-11-29,VRSK,240.32000732421875,241.1000061035156,237.3999938964844,238.25999450683597,235.40821838378903,721500
2023-11-30,VRSK,238.1999969482422,242.0500030517578,237.8699951171875,241.42999267578125,238.5402984619141,1265800
2023-11-30,VRSK,238.1999969482422,242.0500030517578,237.8699951171875,241.42999267578125,238.5402984619141,1265800
2023-12-01,VRSK,240.6100006103516,243.5399932861328,239.7700042724609,242.72999572753903,239.82472229003903,702400
2023-12-01,VRSK,240.6100006103516,243.5399932861328,239.7700042724609,242.72999572753903,239.82472229003903,702400
2023-12-04,VRSK,241.08999633789065,243.5,238.00999450683597,239.3000030517578,236.43577575683597,939200
2023-12-04,VRSK,241.08999633789065,243.5,238.00999450683597,239.3000030517578,236.43577575683597,939200
2023-12-05,VRSK,238.6999969482422,240.4199981689453,236.1699981689453,238.6000061035156,235.7441864013672,796300
2023-12-05,VRSK,238.6999969482422,240.4199981689453,236.1699981689453,238.6000061035156,235.7441864013672,796300
2023-12-06,VRSK,238.6000061035156,238.80999755859372,233.0800018310547,234.8600006103516,232.0489501953125,1218200
2023-12-06,VRSK,238.6000061035156,238.80999755859372,233.0800018310547,234.8600006103516,232.0489501953125,1218200
2023-12-07,VRSK,235.32000732421875,235.3800048828125,233.0200042724609,233.75,230.9522247314453,773700
2023-12-07,VRSK,235.32000732421875,235.3800048828125,233.0200042724609,233.75,230.9522247314453,773700
2023-12-08,VRSK,232.3600006103516,233.19000244140625,230.17999267578125,232.9199981689453,230.13214111328125,936000
2023-12-08,VRSK,232.3600006103516,233.19000244140625,230.17999267578125,232.9199981689453,230.13214111328125,936000
2023-12-11,VRSK,234.9499969482422,240.8000030517578,232.9199981689453,240.1100006103516,237.2360992431641,944300
2023-12-11,VRSK,234.9499969482422,240.8000030517578,232.9199981689453,240.1100006103516,237.2360992431641,944300
2023-12-12,VRSK,242.1000061035156,243.4900054931641,240.2100067138672,243.27999877929688,240.3681640625,696500
2023-12-12,VRSK,242.1000061035156,243.4900054931641,240.2100067138672,243.27999877929688,240.3681640625,696500
2023-12-13,VRSK,244.1499938964844,248.0800018310547,243.0800018310547,247.22999572753903,244.2708740234375,1037200
2023-12-13,VRSK,244.1499938964844,248.0800018310547,243.0800018310547,247.22999572753903,244.2708740234375,1037200
2023-12-14,VRSK,247.80999755859372,248.5500030517578,235.3600006103516,235.42999267578125,232.9324188232422,1755200
2023-12-14,VRSK,247.80999755859372,248.5500030517578,235.3600006103516,235.42999267578125,232.9324188232422,1755200
2023-12-15,VRSK,235.50999450683597,237.27999877929688,233.05999755859372,235.0,232.50698852539065,2638000
2023-12-15,VRSK,235.50999450683597,237.27999877929688,233.05999755859372,235.0,232.50698852539065,2638000
2023-12-18,VRSK,235.58999633789065,238.83999633789065,235.58999633789065,237.3300018310547,234.8123016357422,829000
2023-12-18,VRSK,235.58999633789065,238.83999633789065,235.58999633789065,237.3300018310547,234.8123016357422,829000
2023-12-19,VRSK,237.3800048828125,238.1000061035156,234.1199951171875,234.4600067138672,231.9727478027344,1107400
2023-12-19,VRSK,237.3800048828125,238.1000061035156,234.1199951171875,234.4600067138672,231.9727478027344,1107400
2023-12-20,VRSK,233.7700042724609,237.22999572753903,233.3000030517578,233.47000122070312,230.99322509765625,1059000
2023-12-20,VRSK,233.7700042724609,237.22999572753903,233.3000030517578,233.47000122070312,230.99322509765625,1059000
2023-12-21,VRSK,233.2100067138672,235.41000366210935,232.8300018310547,235.00999450683597,232.51687622070312,646300
2023-12-21,VRSK,233.2100067138672,235.41000366210935,232.8300018310547,235.00999450683597,232.51687622070312,646300
2023-12-22,VRSK,235.8600006103516,237.0500030517578,234.97000122070312,236.1999969482422,233.69427490234372,918800
2023-12-22,VRSK,235.8600006103516,237.0500030517578,234.97000122070312,236.1999969482422,233.69427490234372,918800
2023-12-26,VRSK,235.94000244140625,238.1100006103516,235.02999877929688,237.02999877929688,234.51547241210935,516500
2023-12-26,VRSK,235.94000244140625,238.1100006103516,235.02999877929688,237.02999877929688,234.51547241210935,516500
2023-12-27,VRSK,236.6199951171875,237.67999267578125,236.32000732421875,237.22000122070312,234.70346069335935,534400
2023-12-27,VRSK,236.6199951171875,237.67999267578125,236.32000732421875,237.22000122070312,234.70346069335935,534400
2023-12-28,VRSK,238.27999877929688,238.69000244140625,236.7100067138672,237.6100006103516,235.08932495117188,374300
2023-12-28,VRSK,238.27999877929688,238.69000244140625,236.7100067138672,237.6100006103516,235.08932495117188,374300
2023-12-29,VRSK,237.4499969482422,239.1999969482422,237.22000122070312,238.8600006103516,236.32606506347656,520700
2023-12-29,VRSK,237.4499969482422,239.1999969482422,237.22000122070312,238.8600006103516,236.32606506347656,520700
2024-01-02,VRSK,237.82000732421875,239.2700042724609,236.67999267578125,237.97999572753903,235.45541381835935,743700
2024-01-02,VRSK,237.82000732421875,239.2700042724609,236.67999267578125,237.97999572753903,235.45541381835935,743700
2024-01-03,VRSK,238.16000366210935,239.1999969482422,236.5500030517578,236.6999969482422,234.18898010253903,679500
2024-01-03,VRSK,238.16000366210935,239.1999969482422,236.5500030517578,236.6999969482422,234.18898010253903,679500
2024-01-04,VRSK,237.5200042724609,239.1300048828125,237.2700042724609,237.9499969482422,235.42572021484372,707800
2024-01-04,VRSK,237.5200042724609,239.1300048828125,237.2700042724609,237.9499969482422,235.42572021484372,707800
2024-01-05,VRSK,237.9499969482422,238.8699951171875,232.83999633789065,233.6999969482422,231.22080993652344,832800
2024-01-05,VRSK,237.9499969482422,238.8699951171875,232.83999633789065,233.6999969482422,231.22080993652344,832800
2024-01-08,VRSK,232.9499969482422,234.22000122070312,229.52999877929688,232.7100067138672,230.24131774902344,1139900
2024-01-08,VRSK,232.9499969482422,234.22000122070312,229.52999877929688,232.7100067138672,230.24131774902344,1139900
2024-01-09,VRSK,231.88999938964844,235.1999969482422,231.3000030517578,234.72000122070312,232.22999572753903,648700
2024-01-09,VRSK,231.88999938964844,235.1999969482422,231.3000030517578,234.72000122070312,232.22999572753903,648700
2024-01-10,VRSK,235.3000030517578,236.1699981689453,232.8500061035156,233.9600067138672,231.47805786132807,730600
2024-01-10,VRSK,235.3000030517578,236.1699981689453,232.8500061035156,233.9600067138672,231.47805786132807,730600
2024-01-11,VRSK,234.17999267578125,235.16000366210935,231.42999267578125,234.2100067138672,231.72540283203125,997900
2024-01-11,VRSK,234.17999267578125,235.16000366210935,231.42999267578125,234.2100067138672,231.72540283203125,997900
2024-01-12,VRSK,235.63999938964844,236.8800048828125,233.6499938964844,236.7700042724609,234.2582550048828,619100
2024-01-12,VRSK,235.63999938964844,236.8800048828125,233.6499938964844,236.7700042724609,234.2582550048828,619100
2024-01-16,VRSK,234.6000061035156,237.1100006103516,234.0200042724609,237.02999877929688,234.51547241210935,1368200
2024-01-16,VRSK,234.6000061035156,237.1100006103516,234.0200042724609,237.02999877929688,234.51547241210935,1368200
2024-01-17,VRSK,236.0500030517578,237.88999938964844,232.72000122070312,236.6699981689453,234.1593017578125,681700
2024-01-17,VRSK,236.0500030517578,237.88999938964844,232.72000122070312,236.6699981689453,234.1593017578125,681700
2024-01-18,VRSK,236.2899932861328,237.8699951171875,234.63999938964844,237.5500030517578,235.0299835205078,667300
2024-01-18,VRSK,236.2899932861328,237.8699951171875,234.63999938964844,237.5500030517578,235.0299835205078,667300
2024-01-19,VRSK,237.8300018310547,241.02999877929688,237.3999938964844,240.1199951171875,237.5727081298828,803200
2024-01-19,VRSK,237.8300018310547,241.02999877929688,237.3999938964844,240.1199951171875,237.5727081298828,803200
2024-01-22,VRSK,241.22999572753903,244.17999267578125,240.05999755859372,243.4600067138672,240.8772735595703,639400
2024-01-22,VRSK,241.22999572753903,244.17999267578125,240.05999755859372,243.4600067138672,240.8772735595703,639400
2024-01-23,VRSK,243.00999450683597,243.91000366210935,241.8500061035156,243.83999633789065,241.25323486328125,673100
2024-01-23,VRSK,243.00999450683597,243.91000366210935,241.8500061035156,243.83999633789065,241.25323486328125,673100
2024-01-24,VRSK,245.0,245.25999450683597,243.19000244140625,244.6499938964844,242.05462646484372,546200
2024-01-24,VRSK,245.0,245.25999450683597,243.19000244140625,244.6499938964844,242.05462646484372,546200
2024-01-25,VRSK,244.5800018310547,245.30999755859372,241.16000366210935,243.47999572753903,240.8970489501953,508100
2024-01-25,VRSK,244.5800018310547,245.30999755859372,241.16000366210935,243.47999572753903,240.8970489501953,508100
2024-01-26,VRSK,244.38999938964844,244.8800048828125,242.6999969482422,244.1499938964844,241.55992126464844,713700
2024-01-26,VRSK,244.38999938964844,244.8800048828125,242.6999969482422,244.1499938964844,241.55992126464844,713700
2024-01-29,VRSK,243.22000122070312,244.94000244140625,242.8300018310547,244.57000732421875,241.9755096435547,644700
2024-01-29,VRSK,243.22000122070312,244.94000244140625,242.8300018310547,244.57000732421875,241.9755096435547,644700
2024-01-30,VRSK,244.13999938964844,246.94000244140625,244.13999938964844,246.08999633789065,243.4793701171875,751900
2024-01-30,VRSK,244.13999938964844,246.94000244140625,244.13999938964844,246.08999633789065,243.4793701171875,751900
2024-01-31,VRSK,247.0500030517578,247.7100067138672,241.13999938964844,241.52999877929688,238.96774291992188,1187300
2024-01-31,VRSK,247.0500030517578,247.7100067138672,241.13999938964844,241.52999877929688,238.96774291992188,1187300
2024-02-01,VRSK,242.47999572753903,246.6999969482422,240.3600006103516,246.6199951171875,244.0037384033203,935200
2024-02-01,VRSK,242.47999572753903,246.6999969482422,240.3600006103516,246.6199951171875,244.0037384033203,935200
2024-02-02,VRSK,246.57000732421875,248.6499938964844,244.75,247.77999877929688,245.15142822265625,549500
2024-02-02,VRSK,246.57000732421875,248.6499938964844,244.75,247.77999877929688,245.15142822265625,549500
2024-02-05,VRSK,247.2899932861328,247.5,242.52999877929688,246.6000061035156,243.9839630126953,557700
2024-02-05,VRSK,247.2899932861328,247.5,242.52999877929688,246.6000061035156,243.9839630126953,557700
2024-02-06,VRSK,247.5,248.75,246.7700042724609,248.47000122070312,245.8341217041016,518300
2024-02-06,VRSK,247.5,248.75,246.7700042724609,248.47000122070312,245.8341217041016,518300
2024-02-07,VRSK,249.5500030517578,251.97999572753903,248.1000061035156,250.66000366210935,248.0009002685547,803400
2024-02-07,VRSK,249.5500030517578,251.97999572753903,248.1000061035156,250.66000366210935,248.0009002685547,803400
2024-02-08,VRSK,250.00999450683597,251.8300018310547,248.3699951171875,249.25999450683597,246.61572265625,640900
2024-02-08,VRSK,250.00999450683597,251.8300018310547,248.3699951171875,249.25999450683597,246.61572265625,640900
2024-02-09,VRSK,250.0500030517578,251.47000122070312,248.13999938964844,250.6100006103516,247.95140075683597,722400
2024-02-09,VRSK,250.0500030517578,251.47000122070312,248.13999938964844,250.6100006103516,247.95140075683597,722400
2024-02-12,VRSK,249.25,250.41000366210935,246.9199981689453,247.1300048828125,244.5083465576172,575100
2024-02-12,VRSK,249.25,250.41000366210935,246.9199981689453,247.1300048828125,244.5083465576172,575100
2024-02-13,VRSK,247.2100067138672,247.8300018310547,243.63999938964844,244.92999267578125,242.3316650390625,738000
2024-02-13,VRSK,247.2100067138672,247.8300018310547,243.63999938964844,244.92999267578125,242.3316650390625,738000
2024-02-14,VRSK,244.5399932861328,246.32000732421875,243.44000244140625,246.13999938964844,243.52883911132807,988500
2024-02-14,VRSK,244.5399932861328,246.32000732421875,243.44000244140625,246.13999938964844,243.52883911132807,988500
2024-02-15,VRSK,247.19000244140625,248.1999969482422,245.00999450683597,246.6499938964844,244.03343200683597,666800
2024-02-15,VRSK,247.19000244140625,248.1999969482422,245.00999450683597,246.6499938964844,244.03343200683597,666800
2024-02-16,VRSK,247.3800048828125,247.3800048828125,244.16000366210935,244.6999969482422,242.10411071777344,1399200
2024-02-16,VRSK,247.3800048828125,247.3800048828125,244.16000366210935,244.6999969482422,242.10411071777344,1399200
2024-02-20,VRSK,245.1000061035156,249.2100067138672,245.0399932861328,248.50999450683597,245.8736724853516,1231700
2024-02-20,VRSK,245.1000061035156,249.2100067138672,245.0399932861328,248.50999450683597,245.8736724853516,1231700
2024-02-21,VRSK,244.5,244.7400054931641,234.8999938964844,237.6699981689453,235.14866638183597,1876300
2024-02-21,VRSK,244.5,244.7400054931641,234.8999938964844,237.6699981689453,235.14866638183597,1876300
2024-02-22,VRSK,238.27999877929688,241.3699951171875,238.27999877929688,240.00999450683597,237.4638671875,1009200
2024-02-22,VRSK,238.27999877929688,241.3699951171875,238.27999877929688,240.00999450683597,237.4638671875,1009200
2024-02-23,VRSK,240.7400054931641,245.47999572753903,240.7400054931641,244.8300018310547,242.2327423095703,688100
2024-02-23,VRSK,240.7400054931641,245.47999572753903,240.7400054931641,244.8300018310547,242.2327423095703,688100
2024-02-26,VRSK,244.8699951171875,245.2899932861328,243.0399932861328,243.1100006103516,240.53099060058597,679200
2024-02-26,VRSK,244.8699951171875,245.2899932861328,243.0399932861328,243.1100006103516,240.53099060058597,679200
2024-02-27,VRSK,242.2899932861328,242.9499969482422,241.3300018310547,242.9199981689453,240.3429718017578,532500
2024-02-27,VRSK,242.2899932861328,242.9499969482422,241.3300018310547,242.9199981689453,240.3429718017578,532500
2024-02-28,VRSK,242.6100006103516,244.41000366210935,241.2899932861328,242.0,239.4327545166016,658400
2024-02-28,VRSK,242.6100006103516,244.41000366210935,241.2899932861328,242.0,239.4327545166016,658400
2024-02-29,VRSK,242.72999572753903,242.83999633789065,239.97999572753903,241.8999938964844,239.3338165283203,1238100
2024-02-29,VRSK,242.72999572753903,242.83999633789065,239.97999572753903,241.8999938964844,239.3338165283203,1238100
2024-03-01,VRSK,240.22999572753903,242.0399932861328,239.07000732421875,241.6499938964844,239.08645629882807,738600
2024-03-01,VRSK,240.22999572753903,242.0399932861328,239.07000732421875,241.6499938964844,239.08645629882807,738600
2024-03-04,VRSK,242.0500030517578,243.4900054931641,239.1699981689453,239.92999267578125,237.3846893310547,715600
2024-03-04,VRSK,242.0500030517578,243.4900054931641,239.1699981689453,239.92999267578125,237.3846893310547,715600
2024-03-05,VRSK,240.55999755859372,241.1499938964844,236.2899932861328,237.7400054931641,235.21795654296875,906000
2024-03-05,VRSK,240.55999755859372,241.1499938964844,236.2899932861328,237.7400054931641,235.21795654296875,906000
2024-03-06,VRSK,237.5399932861328,238.1300048828125,235.1699981689453,235.57000732421875,233.0709686279297,984200
2024-03-06,VRSK,237.5399932861328,238.1300048828125,235.1699981689453,235.57000732421875,233.0709686279297,984200
2024-03-07,VRSK,237.66000366210935,238.47999572753903,234.8699951171875,236.13999938964844,233.63491821289065,1300800
2024-03-07,VRSK,237.66000366210935,238.47999572753903,234.8699951171875,236.13999938964844,233.63491821289065,1300800
2024-03-08,VRSK,236.7100067138672,237.94000244140625,235.6000061035156,236.52999877929688,234.02078247070312,765900
2024-03-08,VRSK,236.7100067138672,237.94000244140625,235.6000061035156,236.52999877929688,234.02078247070312,765900
2024-03-11,VRSK,236.72000122070312,237.69000244140625,233.6999969482422,237.47999572753903,234.960693359375,727200
2024-03-11,VRSK,236.72000122070312,237.69000244140625,233.6999969482422,237.47999572753903,234.960693359375,727200
2024-03-12,VRSK,236.1199951171875,238.7100067138672,236.1199951171875,238.0800018310547,235.5543670654297,610200
2024-03-12,VRSK,236.1199951171875,238.7100067138672,236.1199951171875,238.0800018310547,235.5543670654297,610200
2024-03-13,VRSK,237.0500030517578,237.83999633789065,235.5500030517578,236.25999450683597,233.75364685058597,778300
2024-03-13,VRSK,237.0500030517578,237.83999633789065,235.5500030517578,236.25999450683597,233.75364685058597,778300
2024-03-14,VRSK,237.66000366210935,238.75999450683597,232.19000244140625,232.8500061035156,230.7607421875,992600
2024-03-14,VRSK,237.66000366210935,238.75999450683597,232.19000244140625,232.8500061035156,230.7607421875,992600
2024-03-15,VRSK,231.97999572753903,235.1999969482422,231.97999572753903,234.5200042724609,232.415771484375,1611200
2024-03-15,VRSK,231.97999572753903,235.1999969482422,231.97999572753903,234.5200042724609,232.415771484375,1611200
2024-03-18,VRSK,235.6100006103516,238.1100006103516,235.32000732421875,235.72999572753903,233.61489868164065,1011300
2024-03-18,VRSK,235.6100006103516,238.1100006103516,235.32000732421875,235.72999572753903,233.61489868164065,1011300
2024-03-19,VRSK,235.5500030517578,237.8800048828125,235.52999877929688,237.44000244140625,235.3095703125,741800
2024-03-19,VRSK,235.5500030517578,237.8800048828125,235.52999877929688,237.44000244140625,235.3095703125,741800
2024-03-20,VRSK,237.3600006103516,238.25,235.5,236.3999938964844,234.2789001464844,719100
2024-03-20,VRSK,237.3600006103516,238.25,235.5,236.3999938964844,234.2789001464844,719100
2024-03-21,VRSK,236.6000061035156,238.0800018310547,235.3500061035156,235.91000366210935,233.7932891845703,1261000
2024-03-21,VRSK,236.6000061035156,238.0800018310547,235.3500061035156,235.91000366210935,233.7932891845703,1261000
2024-03-22,VRSK,236.75,237.3500061035156,233.67999267578125,234.8600006103516,232.75271606445312,1020500
2024-03-22,VRSK,236.75,237.3500061035156,233.67999267578125,234.8600006103516,232.75271606445312,1020500
2024-03-25,VRSK,234.6499938964844,234.8600006103516,231.80999755859372,232.0,229.9183807373047,1063400
2024-03-25,VRSK,234.6499938964844,234.8600006103516,231.80999755859372,232.0,229.9183807373047,1063400
2024-03-26,VRSK,231.57000732421875,232.4199981689453,231.05999755859372,231.2100067138672,229.13546752929688,1179900
2024-03-26,VRSK,231.57000732421875,232.4199981689453,231.05999755859372,231.2100067138672,229.13546752929688,1179900
2024-03-27,VRSK,233.22000122070312,234.00999450683597,230.58999633789065,233.92999267578125,231.8310546875,1533800
2024-03-27,VRSK,233.22000122070312,234.00999450683597,230.58999633789065,233.92999267578125,231.8310546875,1533800
2024-03-28,VRSK,233.92999267578125,236.25999450683597,232.66000366210935,235.72999572753903,233.61489868164065,1218600
2024-03-28,VRSK,233.92999267578125,236.25999450683597,232.66000366210935,235.72999572753903,233.61489868164065,1218600
2024-04-01,VRSK,235.42999267578125,235.42999267578125,230.91000366210935,232.77999877929688,230.69137573242188,847200
2024-04-01,VRSK,235.42999267578125,235.42999267578125,230.91000366210935,232.77999877929688,230.69137573242188,847200
2024-04-02,VRSK,232.3999938964844,232.7700042724609,231.07000732421875,231.9900054931641,229.90847778320312,847000
2024-04-02,VRSK,232.3999938964844,232.7700042724609,231.07000732421875,231.9900054931641,229.90847778320312,847000
2024-04-03,VRSK,232.0,233.9199981689453,230.33999633789065,231.00999450683597,228.93724060058597,559300
2024-04-03,VRSK,232.0,233.9199981689453,230.33999633789065,231.00999450683597,228.93724060058597,559300
2024-04-04,VRSK,232.63999938964844,233.00999450683597,226.4600067138672,226.5200042724609,224.487548828125,891200
2024-04-04,VRSK,232.63999938964844,233.00999450683597,226.4600067138672,226.5200042724609,224.487548828125,891200
2024-04-05,VRSK,226.66000366210935,228.82000732421875,226.0200042724609,227.6499938964844,225.6074066162109,579900
2024-04-05,VRSK,226.66000366210935,228.82000732421875,226.0200042724609,227.6499938964844,225.6074066162109,579900
2024-04-08,VRSK,227.2700042724609,228.1499938964844,225.00999450683597,226.3800048828125,224.3488006591797,1035500
2024-04-08,VRSK,227.2700042724609,228.1499938964844,225.00999450683597,226.3800048828125,224.3488006591797,1035500
2024-04-09,VRSK,227.6999969482422,229.4600067138672,226.3999938964844,229.3600006103516,227.3020782470703,690100
2024-04-09,VRSK,227.6999969482422,229.4600067138672,226.3999938964844,229.3600006103516,227.3020782470703,690100
2024-04-10,VRSK,227.8500061035156,229.7700042724609,225.5,225.9199981689453,223.89291381835935,608100
2024-04-10,VRSK,227.8500061035156,229.7700042724609,225.5,225.9199981689453,223.89291381835935,608100
2024-04-11,VRSK,224.4900054931641,224.5399932861328,222.1100006103516,223.3600006103516,221.35589599609372,1382800
2024-04-11,VRSK,224.4900054931641,224.5399932861328,222.1100006103516,223.3600006103516,221.35589599609372,1382800
2024-04-12,VRSK,222.92999267578125,223.8500061035156,221.0500030517578,222.52999877929688,220.5333709716797,1039700
2024-04-12,VRSK,222.92999267578125,223.8500061035156,221.0500030517578,222.52999877929688,220.5333709716797,1039700
2024-04-15,VRSK,225.02999877929688,226.3999938964844,222.07000732421875,222.17999267578125,220.18649291992188,1070500
2024-04-15,VRSK,225.02999877929688,226.3999938964844,222.07000732421875,222.17999267578125,220.18649291992188,1070500
2024-04-16,VRSK,223.7100067138672,224.47000122070312,220.5500030517578,222.1000061035156,220.1071929931641,1462500
2024-04-16,VRSK,223.7100067138672,224.47000122070312,220.5500030517578,222.1000061035156,220.1071929931641,1462500
2024-04-17,VRSK,223.2400054931641,223.3000030517578,220.91000366210935,222.25,220.255859375,841400
2024-04-17,VRSK,223.2400054931641,223.3000030517578,220.91000366210935,222.25,220.255859375,841400
2024-04-18,VRSK,223.17999267578125,225.07000732421875,222.5500030517578,223.3300018310547,221.3261566162109,676800
2024-04-18,VRSK,223.17999267578125,225.07000732421875,222.5500030517578,223.3300018310547,221.3261566162109,676800
2024-04-19,VRSK,224.3800048828125,224.6300048828125,222.1100006103516,222.5200042724609,220.52345275878903,714300
2024-04-19,VRSK,224.3800048828125,224.6300048828125,222.1100006103516,222.5200042724609,220.52345275878903,714300
2024-04-22,VRSK,224.52999877929688,224.97000122070312,222.67999267578125,223.1699981689453,221.1676025390625,733100
2024-04-22,VRSK,224.52999877929688,224.97000122070312,222.67999267578125,223.1699981689453,221.1676025390625,733100
2024-04-23,VRSK,224.33999633789065,224.6199951171875,222.05999755859372,222.25,220.255859375,1068500
2024-04-23,VRSK,224.33999633789065,224.6199951171875,222.05999755859372,222.25,220.255859375,1068500
2024-04-24,VRSK,220.75,222.5800018310547,219.66000366210935,222.25,220.255859375,1008800
2024-04-24,VRSK,220.75,222.5800018310547,219.66000366210935,222.25,220.255859375,1008800
2024-04-25,VRSK,222.58999633789065,224.1300048828125,219.75,222.7899932861328,220.791015625,1052600
2024-04-25,VRSK,222.58999633789065,224.1300048828125,219.75,222.7899932861328,220.791015625,1052600
2024-04-26,VRSK,220.66000366210935,223.6100006103516,220.66000366210935,221.13999938964844,219.1558074951172,815700
2024-04-26,VRSK,220.66000366210935,223.6100006103516,220.66000366210935,221.13999938964844,219.1558074951172,815700
2024-04-29,VRSK,221.7899932861328,222.75,220.82000732421875,221.8500061035156,219.8594665527344,911700
2024-04-29,VRSK,221.7899932861328,222.75,220.82000732421875,221.8500061035156,219.8594665527344,911700
2024-04-30,VRSK,221.25,222.47000122070312,217.33999633789065,217.9600067138672,216.0043487548828,1455600
2024-04-30,VRSK,221.25,222.47000122070312,217.33999633789065,217.9600067138672,216.0043487548828,1455600
2024-05-01,VRSK,225.0,236.2899932861328,222.6100006103516,232.80999755859372,230.7210998535156,1824400
2024-05-01,VRSK,225.0,236.2899932861328,222.6100006103516,232.80999755859372,230.7210998535156,1824400
2024-05-02,VRSK,234.0,235.2400054931641,229.8999938964844,233.75999450683597,231.6625823974609,1544700
2024-05-02,VRSK,234.0,235.2400054931641,229.8999938964844,233.75999450683597,231.6625823974609,1544700
2024-05-03,VRSK,234.2700042724609,237.57000732421875,233.77999877929688,237.3300018310547,235.20054626464844,1127600
2024-05-03,VRSK,234.2700042724609,237.57000732421875,233.77999877929688,237.3300018310547,235.20054626464844,1127600
2024-05-06,VRSK,238.5500030517578,242.00999450683597,237.08999633789065,241.8600006103516,239.68991088867188,892900
2024-05-06,VRSK,238.5500030517578,242.00999450683597,237.08999633789065,241.8600006103516,239.68991088867188,892900
2024-05-07,VRSK,243.07000732421875,247.08999633789065,242.5500030517578,247.0,244.7837829589844,1094500
2024-05-07,VRSK,243.07000732421875,247.08999633789065,242.5500030517578,247.0,244.7837829589844,1094500
2024-05-08,VRSK,247.1000061035156,247.9499969482422,243.72999572753903,244.57000732421875,242.3756103515625,780300
2024-05-08,VRSK,247.1000061035156,247.9499969482422,243.72999572753903,244.57000732421875,242.3756103515625,780300
2024-05-09,VRSK,245.25,245.5,243.27999877929688,244.97999572753903,242.7819061279297,523000
2024-05-09,VRSK,245.25,245.5,243.27999877929688,244.97999572753903,242.7819061279297,523000
2024-05-10,VRSK,245.7100067138672,249.38999938964844,244.9900054931641,248.30999755859372,246.0820159912109,697900
2024-05-10,VRSK,245.7100067138672,249.38999938964844,244.9900054931641,248.30999755859372,246.0820159912109,697900
2024-05-13,VRSK,248.8800048828125,248.8800048828125,245.8600006103516,246.33999633789065,244.12969970703125,399200
2024-05-13,VRSK,248.8800048828125,248.8800048828125,245.8600006103516,246.33999633789065,244.12969970703125,399200
2024-05-14,VRSK,247.75,247.9499969482422,245.42999267578125,246.92999267578125,244.71441650390625,499600
2024-05-14,VRSK,247.75,247.9499969482422,245.42999267578125,246.92999267578125,244.71441650390625,499600
2024-05-15,VRSK,248.2899932861328,249.8300018310547,247.38999938964844,247.83999633789065,245.61622619628903,477700
2024-05-15,VRSK,248.2899932861328,249.8300018310547,247.38999938964844,247.83999633789065,245.61622619628903,477700
2024-05-16,VRSK,248.19000244140625,251.8699951171875,248.0200042724609,251.47999572753903,249.2235870361328,605700
2024-05-16,VRSK,248.19000244140625,251.8699951171875,248.0200042724609,251.47999572753903,249.2235870361328,605700
2024-05-17,VRSK,251.0,251.72000122070312,249.6999969482422,251.6199951171875,249.36233520507807,778900
2024-05-17,VRSK,251.0,251.72000122070312,249.6999969482422,251.6199951171875,249.36233520507807,778900
2024-05-20,VRSK,251.0500030517578,253.1699981689453,249.8800048828125,252.41000366210935,250.14524841308597,580300
2024-05-20,VRSK,251.0500030517578,253.1699981689453,249.8800048828125,252.41000366210935,250.14524841308597,580300
2024-05-21,VRSK,253.2100067138672,253.2100067138672,249.1499938964844,251.5,249.243408203125,607300
2024-05-21,VRSK,253.2100067138672,253.2100067138672,249.1499938964844,251.5,249.243408203125,607300
2024-05-22,VRSK,251.3999938964844,254.0800018310547,250.50999450683597,253.63999938964844,251.36419677734372,707000
2024-05-22,VRSK,251.3999938964844,254.0800018310547,250.50999450683597,253.63999938964844,251.36419677734372,707000
2024-05-23,VRSK,254.13999938964844,254.13999938964844,248.5800018310547,249.25,247.01361083984372,894600
2024-05-23,VRSK,254.13999938964844,254.13999938964844,248.5800018310547,249.25,247.01361083984372,894600
2024-05-24,VRSK,250.0200042724609,252.19000244140625,247.5500030517578,251.5800018310547,249.32269287109372,689800
2024-05-24,VRSK,250.0200042724609,252.19000244140625,247.5500030517578,251.5800018310547,249.32269287109372,689800
2024-05-28,VRSK,249.7400054931641,251.3600006103516,248.52999877929688,248.8699951171875,246.63699340820312,770400
2024-05-28,VRSK,249.7400054931641,251.3600006103516,248.52999877929688,248.8699951171875,246.63699340820312,770400
2024-05-29,VRSK,248.25999450683597,248.83999633789065,246.3000030517578,246.9199981689453,244.7044982910156,636300
2024-05-29,VRSK,248.25999450683597,248.83999633789065,246.3000030517578,246.9199981689453,244.7044982910156,636300
2024-05-30,VRSK,246.6000061035156,249.6300048828125,245.00999450683597,249.3699951171875,247.13250732421875,888300
2024-05-30,VRSK,246.6000061035156,249.6300048828125,245.00999450683597,249.3699951171875,247.13250732421875,888300
2024-05-31,VRSK,249.3699951171875,253.1499938964844,246.52999877929688,252.77999877929688,250.51194763183597,2984800
2024-05-31,VRSK,249.3699951171875,253.1499938964844,246.52999877929688,252.77999877929688,250.51194763183597,2984800
2024-06-03,VRSK,252.5399932861328,254.5200042724609,251.58999633789065,253.75,251.4732208251953,639800
2024-06-03,VRSK,252.5399932861328,254.5200042724609,251.58999633789065,253.75,251.4732208251953,639800
2024-06-04,VRSK,255.0,258.4700012207031,254.4600067138672,258.25,255.93283081054688,885400
2024-06-04,VRSK,255.0,258.4700012207031,254.4600067138672,258.25,255.93283081054688,885400
2024-06-05,VRSK,259.0799865722656,261.44000244140625,258.04998779296875,261.2799987792969,258.9356689453125,674700
2024-06-05,VRSK,259.0799865722656,261.44000244140625,258.04998779296875,261.2799987792969,258.9356689453125,674700
2024-06-06,VRSK,261.2799987792969,261.7699890136719,258.95001220703125,260.0,257.6671447753906,530200
2024-06-06,VRSK,261.2799987792969,261.7699890136719,258.95001220703125,260.0,257.6671447753906,530200
2024-06-07,VRSK,260.6300048828125,264.1400146484375,259.1199951171875,264.0,261.6312561035156,898300
2024-06-07,VRSK,260.6300048828125,264.1400146484375,259.1199951171875,264.0,261.6312561035156,898300
2024-06-10,VRSK,263.2200012207031,264.94000244140625,261.0400085449219,263.4800109863281,261.1159362792969,667700
2024-06-10,VRSK,263.2200012207031,264.94000244140625,261.0400085449219,263.4800109863281,261.1159362792969,667700
2024-06-11,VRSK,262.739990234375,264.760009765625,261.2699890136719,264.6700134277344,262.2952880859375,397300
2024-06-11,VRSK,262.739990234375,264.760009765625,261.2699890136719,264.6700134277344,262.2952880859375,397300
2024-06-12,VRSK,264.8599853515625,265.1499938964844,259.760009765625,263.5599975585937,261.1952209472656,589400
2024-06-12,VRSK,264.8599853515625,265.1499938964844,259.760009765625,263.5599975585937,261.1952209472656,589400
2024-06-13,VRSK,261.8999938964844,263.17999267578125,260.69000244140625,262.239990234375,259.88702392578125,496000
2024-06-13,VRSK,261.8999938964844,263.17999267578125,260.69000244140625,262.239990234375,259.88702392578125,496000
2024-06-14,VRSK,261.7200012207031,264.510009765625,260.3099975585937,264.3699951171875,262.3881530761719,472000
2024-06-14,VRSK,261.7200012207031,264.510009765625,260.3099975585937,264.3699951171875,262.3881530761719,472000
2024-06-17,VRSK,262.3099975585937,268.1199951171875,261.0199890136719,267.69000244140625,265.6832580566406,487100
2024-06-17,VRSK,262.3099975585937,268.1199951171875,261.0199890136719,267.69000244140625,265.6832580566406,487100
2024-06-18,VRSK,267.69000244140625,270.3800048828125,265.3299865722656,268.79998779296875,266.78497314453125,655700
2024-06-18,VRSK,267.69000244140625,270.3800048828125,265.3299865722656,268.79998779296875,266.78497314453125,655700
2024-06-20,VRSK,268.9800109863281,269.1400146484375,266.6199951171875,268.0899963378906,266.08026123046875,648800
2024-06-20,VRSK,268.9800109863281,269.1400146484375,266.6199951171875,268.0899963378906,266.08026123046875,648800
2024-06-21,VRSK,269.54998779296875,270.7099914550781,267.3800048828125,270.32000732421875,268.2935791015625,1547600
2024-06-21,VRSK,269.54998779296875,270.7099914550781,267.3800048828125,270.32000732421875,268.2935791015625,1547600
2024-06-24,VRSK,271.6000061035156,273.3699951171875,270.32000732421875,271.7699890136719,269.7326965332031,726300
2024-06-24,VRSK,271.6000061035156,273.3699951171875,270.32000732421875,271.7699890136719,269.7326965332031,726300
2024-06-25,VRSK,271.3099975585937,273.70001220703125,270.57000732421875,272.2699890136719,270.2289428710937,763800
2024-06-25,VRSK,271.3099975585937,273.70001220703125,270.57000732421875,272.2699890136719,270.2289428710937,763800
2024-06-26,VRSK,269.9100036621094,270.3999938964844,266.9700012207031,269.8599853515625,267.83697509765625,565700
2024-06-26,VRSK,269.9100036621094,270.3999938964844,266.9700012207031,269.8599853515625,267.83697509765625,565700
2024-06-27,VRSK,270.7799987792969,271.4800109863281,269.2300109863281,270.8500061035156,268.819580078125,646500
2024-06-27,VRSK,270.7799987792969,271.4800109863281,269.2300109863281,270.8500061035156,268.819580078125,646500
2024-06-28,VRSK,270.8500061035156,272.0400085449219,268.7200012207031,269.54998779296875,267.5293273925781,1101800
2024-06-28,VRSK,270.8500061035156,272.0400085449219,268.7200012207031,269.54998779296875,267.5293273925781,1101800
2024-07-01,VRSK,269.54998779296875,270.8900146484375,266.4100036621094,268.1099853515625,266.10009765625,810300
2024-07-01,VRSK,269.54998779296875,270.8900146484375,266.4100036621094,268.1099853515625,266.10009765625,810300
2024-07-02,VRSK,269.1499938964844,272.6499938964844,268.70001220703125,272.3599853515625,270.3182373046875,835700
2024-07-02,VRSK,269.1499938964844,272.6499938964844,268.70001220703125,272.3599853515625,270.3182373046875,835700
2024-07-03,VRSK,272.2200012207031,273.7699890136719,270.489990234375,273.2799987792969,271.2313232421875,340200
2024-07-03,VRSK,272.2200012207031,273.7699890136719,270.489990234375,273.2799987792969,271.2313232421875,340200
2024-07-05,VRSK,272.6400146484375,275.0799865722656,272.3299865722656,274.45001220703125,272.3926086425781,592300
2024-07-05,VRSK,272.6400146484375,275.0799865722656,272.3299865722656,274.45001220703125,272.3926086425781,592300
2024-07-08,VRSK,273.8999938964844,275.9200134277344,273.1300048828125,273.20001220703125,271.1519775390625,572000
2024-07-08,VRSK,273.8999938964844,275.9200134277344,273.1300048828125,273.20001220703125,271.1519775390625,572000
2024-07-09,VRSK,273.5400085449219,275.94000244140625,273.5,275.3800048828125,273.3156433105469,487500
2024-07-09,VRSK,273.5400085449219,275.94000244140625,273.5,275.3800048828125,273.3156433105469,487500
2024-07-10,VRSK,275.3800048828125,277.7099914550781,273.19000244140625,277.5199890136719,275.4395751953125,836900
2024-07-10,VRSK,275.3800048828125,277.7099914550781,273.19000244140625,277.5199890136719,275.4395751953125,836900
2024-07-11,VRSK,278.92999267578125,279.5899963378906,274.4599914550781,275.0899963378906,273.0278015136719,826500
2024-07-11,VRSK,278.92999267578125,279.5899963378906,274.4599914550781,275.0899963378906,273.0278015136719,826500
2024-07-12,VRSK,276.95001220703125,279.75,276.4800109863281,277.3800048828125,275.30059814453125,531200
2024-07-12,VRSK,276.95001220703125,279.75,276.4800109863281,277.3800048828125,275.30059814453125,531200
2024-07-15,VRSK,277.3800048828125,280.2200012207031,276.6600036621094,277.5,275.4197082519531,939300
2024-07-15,VRSK,277.3800048828125,280.2200012207031,276.6600036621094,277.5,275.4197082519531,939300
2024-07-16,VRSK,277.29998779296875,281.5799865722656,277.239990234375,281.1400146484375,279.032470703125,692800
2024-07-16,VRSK,277.29998779296875,281.5799865722656,277.239990234375,281.1400146484375,279.032470703125,692800
2024-07-17,VRSK,281.4800109863281,282.0799865722656,278.7099914550781,279.1600036621094,277.0672912597656,859200
2024-07-17,VRSK,281.4800109863281,282.0799865722656,278.7099914550781,279.1600036621094,277.0672912597656,859200
2024-07-18,VRSK,279.7900085449219,282.2099914550781,275.989990234375,280.9200134277344,278.8140563964844,659000
2024-07-18,VRSK,279.7900085449219,282.2099914550781,275.989990234375,280.9200134277344,278.8140563964844,659000
2024-07-19,VRSK,281.8900146484375,281.8900146484375,275.510009765625,276.8299865722656,274.7547607421875,1382900
2024-07-19,VRSK,281.8900146484375,281.8900146484375,275.510009765625,276.8299865722656,274.7547607421875,1382900
2024-07-22,VRSK,278.4700012207031,280.4800109863281,277.3299865722656,278.6099853515625,276.5214233398437,467100
2024-07-22,VRSK,278.4700012207031,280.4800109863281,277.3299865722656,278.6099853515625,276.5214233398437,467100
2024-07-23,VRSK,278.6099853515625,279.69000244140625,277.5,278.1199951171875,276.0350952148437,397800
2024-07-23,VRSK,278.6099853515625,279.69000244140625,277.5,278.1199951171875,276.0350952148437,397800
2024-07-24,VRSK,278.9700012207031,278.9700012207031,276.25,276.54998779296875,274.476806640625,618400
2024-07-24,VRSK,278.9700012207031,278.9700012207031,276.25,276.54998779296875,274.476806640625,618400
2024-07-25,VRSK,278.4200134277344,281.7900085449219,275.8500061035156,275.8999938964844,273.83172607421875,681400
2024-07-25,VRSK,278.4200134277344,281.7900085449219,275.8500061035156,275.8999938964844,273.83172607421875,681400
2024-07-26,VRSK,275.8999938964844,280.6099853515625,271.70001220703125,279.9700012207031,277.8712158203125,869900
2024-07-26,VRSK,275.8999938964844,280.6099853515625,271.70001220703125,279.9700012207031,277.8712158203125,869900
2024-07-29,VRSK,280.3599853515625,284.75,279.6499938964844,283.7799987792969,281.6526794433594,822800
2024-07-29,VRSK,280.3599853515625,284.75,279.6499938964844,283.7799987792969,281.6526794433594,822800
2024-07-30,VRSK,285.0,287.1300048828125,283.6499938964844,285.989990234375,283.8460693359375,872000
2024-07-30,VRSK,285.0,287.1300048828125,283.6499938964844,285.989990234375,283.8460693359375,872000
2024-07-31,VRSK,275.0,276.8999938964844,260.1199951171875,261.75,259.7878112792969,1410300
2024-07-31,VRSK,275.0,276.8999938964844,260.1199951171875,261.75,259.7878112792969,1410300
2024-08-01,VRSK,261.3699951171875,262.75,257.5899963378906,261.3699951171875,259.41064453125,1107300
2024-08-01,VRSK,261.3699951171875,262.75,257.5899963378906,261.3699951171875,259.41064453125,1107300
2024-08-02,VRSK,262.6000061035156,266.8399963378906,262.1099853515625,266.6600036621094,264.6609802246094,1233000
2024-08-02,VRSK,262.6000061035156,266.8399963378906,262.1099853515625,266.6600036621094,264.6609802246094,1233000
2024-08-05,VRSK,272.7099914550781,272.7099914550781,259.2200012207031,262.2799987792969,260.3138122558594,1354700
2024-08-05,VRSK,272.7099914550781,272.7099914550781,259.2200012207031,262.2799987792969,260.3138122558594,1354700
2024-08-06,VRSK,260.6199951171875,265.3399963378906,260.45001220703125,260.94000244140625,258.9838562011719,773700
2024-08-06,VRSK,260.6199951171875,265.3399963378906,260.45001220703125,260.94000244140625,258.9838562011719,773700
2024-08-07,VRSK,260.92999267578125,265.3900146484375,260.1700134277344,260.3099975585937,258.3586120605469,782000
2024-08-07,VRSK,260.92999267578125,265.3900146484375,260.1700134277344,260.3099975585937,258.3586120605469,782000
2024-08-08,VRSK,261.0,265.2699890136719,260.7200012207031,264.6000061035156,262.616455078125,672300
2024-08-08,VRSK,261.0,265.2699890136719,260.7200012207031,264.6000061035156,262.616455078125,672300
2024-08-09,VRSK,263.9599914550781,264.3999938964844,262.45001220703125,264.1199951171875,262.1400146484375,370700
2024-08-09,VRSK,263.9599914550781,264.3999938964844,262.45001220703125,264.1199951171875,262.1400146484375,370700
2024-08-12,VRSK,262.5299987792969,264.9599914550781,260.1700134277344,262.3599853515625,260.39324951171875,455000
2024-08-12,VRSK,262.5299987792969,264.9599914550781,260.1700134277344,262.3599853515625,260.39324951171875,455000
2024-08-13,VRSK,264.1300048828125,267.2699890136719,263.67999267578125,265.6400146484375,263.64862060546875,545400
2024-08-13,VRSK,264.1300048828125,267.2699890136719,263.67999267578125,265.6400146484375,263.64862060546875,545400
2024-08-14,VRSK,265.2799987792969,268.9800109863281,265.0599975585937,268.5899963378906,266.5765075683594,519600
2024-08-14,VRSK,265.2799987792969,268.9800109863281,265.0599975585937,268.5899963378906,266.5765075683594,519600
2024-08-15,VRSK,268.5899963378906,269.9599914550781,265.69000244140625,266.1400146484375,264.1449279785156,490400
2024-08-15,VRSK,268.5899963378906,269.9599914550781,265.69000244140625,266.1400146484375,264.1449279785156,490400
2024-08-16,VRSK,266.17999267578125,267.9100036621094,265.3299865722656,266.6300048828125,264.6312255859375,1301800
2024-08-16,VRSK,266.17999267578125,267.9100036621094,265.3299865722656,266.6300048828125,264.6312255859375,1301800
2024-08-19,VRSK,266.739990234375,269.75,266.6499938964844,269.17999267578125,267.1620788574219,552600
2024-08-19,VRSK,266.739990234375,269.75,266.6499938964844,269.17999267578125,267.1620788574219,552600
2024-08-20,VRSK,268.0,269.20001220703125,267.6099853515625,268.69000244140625,266.67578125,589600
2024-08-20,VRSK,268.0,269.20001220703125,267.6099853515625,268.69000244140625,266.67578125,589600
2024-08-21,VRSK,269.5400085449219,270.70001220703125,267.94000244140625,269.3800048828125,267.360595703125,409300
2024-08-21,VRSK,269.5400085449219,270.70001220703125,267.94000244140625,269.3800048828125,267.360595703125,409300
2024-08-22,VRSK,268.0199890136719,270.739990234375,268.0199890136719,269.92999267578125,267.9064636230469,553200
2024-08-22,VRSK,268.0199890136719,270.739990234375,268.0199890136719,269.92999267578125,267.9064636230469,553200
2024-08-23,VRSK,271.44000244140625,272.7099914550781,267.6199951171875,268.1499938964844,266.13983154296875,435500
2024-08-23,VRSK,271.44000244140625,272.7099914550781,267.6199951171875,268.1499938964844,266.13983154296875,435500
2024-08-26,VRSK,268.8399963378906,271.1600036621094,267.5400085449219,267.9800109863281,265.9711303710937,533800
2024-08-26,VRSK,268.8399963378906,271.1600036621094,267.5400085449219,267.9800109863281,265.9711303710937,533800
2024-08-27,VRSK,267.9800109863281,271.20001220703125,267.9800109863281,268.9200134277344,266.904052734375,561900
2024-08-27,VRSK,267.9800109863281,271.20001220703125,267.9800109863281,268.9200134277344,266.904052734375,561900
2024-08-28,VRSK,270.2799987792969,273.2900085449219,267.1199951171875,271.4700012207031,269.4349365234375,470900
2024-08-28,VRSK,270.2799987792969,273.2900085449219,267.1199951171875,271.4700012207031,269.4349365234375,470900
2024-08-29,VRSK,271.70001220703125,272.9200134277344,268.8999938964844,271.7099914550781,269.6731262207031,342900
2024-08-29,VRSK,271.70001220703125,272.9200134277344,268.8999938964844,271.7099914550781,269.6731262207031,342900
2024-08-30,VRSK,272.8399963378906,274.989990234375,270.6300048828125,272.82000732421875,270.7748413085937,659000
2024-08-30,VRSK,272.8399963378906,274.989990234375,270.6300048828125,272.82000732421875,270.7748413085937,659000
2024-09-03,VRSK,272.8399963378906,276.2200012207031,272.1499938964844,274.3599853515625,272.3032531738281,503500
2024-09-03,VRSK,272.8399963378906,276.2200012207031,272.1499938964844,274.3599853515625,272.3032531738281,503500
2024-09-04,VRSK,273.6700134277344,274.8599853515625,271.0299987792969,274.0899963378906,272.0352783203125,648000
2024-09-04,VRSK,273.6700134277344,274.8599853515625,271.0299987792969,274.0899963378906,272.0352783203125,648000
2024-09-05,VRSK,273.6199951171875,273.739990234375,270.239990234375,273.5,271.44970703125,615300
2024-09-05,VRSK,273.6199951171875,273.739990234375,270.239990234375,273.5,271.44970703125,615300
2024-09-06,VRSK,274.1000061035156,274.57000732421875,270.260009765625,271.6600036621094,269.6235046386719,834200
2024-09-06,VRSK,274.1000061035156,274.57000732421875,270.260009765625,271.6600036621094,269.6235046386719,834200
2024-09-09,VRSK,272.8599853515625,274.54998779296875,271.3099975585937,273.25,271.2016296386719,791400
2024-09-09,VRSK,272.8599853515625,274.54998779296875,271.3099975585937,273.25,271.2016296386719,791400
2024-09-10,VRSK,274.0299987792969,275.6099853515625,271.7099914550781,273.6000061035156,271.5489501953125,666600
2024-09-10,VRSK,274.0299987792969,275.6099853515625,271.7099914550781,273.6000061035156,271.5489501953125,666600
2024-09-11,VRSK,271.69000244140625,271.92999267578125,264.82000732421875,271.6300048828125,269.59375,925000
2024-09-11,VRSK,271.69000244140625,271.92999267578125,264.82000732421875,271.6300048828125,269.59375,925000
2024-09-12,VRSK,271.6300048828125,271.7099914550781,267.25,269.3699951171875,267.3506774902344,793500
2024-09-12,VRSK,271.6300048828125,271.7099914550781,267.25,269.3699951171875,267.3506774902344,793500
2024-09-13,VRSK,269.3699951171875,270.6499938964844,266.3099975585937,268.7900085449219,267.16180419921875,1023300
2024-09-13,VRSK,269.3699951171875,270.6499938964844,266.3099975585937,268.7900085449219,267.16180419921875,1023300
2024-09-16,VRSK,270.8699951171875,272.5199890136719,268.5400085449219,269.3999938964844,267.76812744140625,873500
2024-09-16,VRSK,270.8699951171875,272.5199890136719,268.5400085449219,269.3999938964844,267.76812744140625,873500
2024-09-17,VRSK,269.17999267578125,269.2099914550781,266.3099975585937,267.0199890136719,265.40252685546875,564100
2024-09-17,VRSK,269.17999267578125,269.2099914550781,266.3099975585937,267.0199890136719,265.40252685546875,564100
2024-09-18,VRSK,266.3599853515625,266.5,263.489990234375,264.760009765625,263.1562194824219,807200
2024-09-18,VRSK,266.3599853515625,266.5,263.489990234375,264.760009765625,263.1562194824219,807200
2024-09-19,VRSK,267.6499938964844,267.6499938964844,265.0400085449219,265.9599914550781,264.34893798828125,692600
2024-09-19,VRSK,267.6499938964844,267.6499938964844,265.0400085449219,265.9599914550781,264.34893798828125,692600
2024-09-20,VRSK,265.0899963378906,265.9800109863281,263.4200134277344,264.8500061035156,263.2456970214844,1639900
2024-09-20,VRSK,265.0899963378906,265.9800109863281,263.4200134277344,264.8500061035156,263.2456970214844,1639900
2024-09-23,VRSK,265.8999938964844,266.57000732421875,263.8299865722656,265.2699890136719,263.6631164550781,506700
2024-09-23,VRSK,265.8999938964844,266.57000732421875,263.8299865722656,265.2699890136719,263.6631164550781,506700
2024-09-24,VRSK,264.739990234375,265.2699890136719,261.75,264.7900085449219,263.1860656738281,619000
2024-09-24,VRSK,264.739990234375,265.2699890136719,261.75,264.7900085449219,263.1860656738281,619000
2024-09-25,VRSK,264.989990234375,266.1700134277344,264.67999267578125,265.1600036621094,263.5538330078125,498000
2024-09-25,VRSK,264.989990234375,266.1700134277344,264.67999267578125,265.1600036621094,263.5538330078125,498000
2024-09-26,VRSK,265.0,266.239990234375,263.6199951171875,264.989990234375,263.3848571777344,484700
2024-09-26,VRSK,265.0,266.239990234375,263.6199951171875,264.989990234375,263.3848571777344,484700
2024-09-27,VRSK,266.0599975585937,266.489990234375,264.0899963378906,264.25,262.6493225097656,752000
2024-09-27,VRSK,266.0599975585937,266.489990234375,264.0899963378906,264.25,262.6493225097656,752000
2024-09-30,VRSK,264.25,268.45001220703125,262.82000732421875,267.9599914550781,266.3368225097656,794800
2024-09-30,VRSK,264.25,268.45001220703125,262.82000732421875,267.9599914550781,266.3368225097656,794800
2024-10-01,VRSK,269.2900085449219,270.0799865722656,267.3599853515625,268.6199951171875,266.99285888671875,898300
2024-10-01,VRSK,269.2900085449219,270.0799865722656,267.3599853515625,268.6199951171875,266.99285888671875,898300
2024-10-02,VRSK,266.6300048828125,268.19000244140625,264.8800048828125,267.9599914550781,266.3368225097656,557500
2024-10-02,VRSK,266.6300048828125,268.19000244140625,264.8800048828125,267.9599914550781,266.3368225097656,557500
2024-10-03,VRSK,267.0199890136719,271.6000061035156,265.8299865722656,270.6700134277344,269.0304260253906,1363500
2024-10-03,VRSK,267.0199890136719,271.6000061035156,265.8299865722656,270.6700134277344,269.0304260253906,1363500
2024-10-04,VRSK,270.0199890136719,270.4700012207031,263.9700012207031,265.6700134277344,264.06072998046875,761900
2024-10-04,VRSK,270.0199890136719,270.4700012207031,263.9700012207031,265.6700134277344,264.06072998046875,761900
2024-10-07,VRSK,265.5799865722656,267.7300109863281,264.4800109863281,265.94000244140625,264.3290710449219,567100
2024-10-07,VRSK,265.5799865722656,267.7300109863281,264.4800109863281,265.94000244140625,264.3290710449219,567100
2024-10-08,VRSK,267.2699890136719,272.6199951171875,267.2699890136719,272.2200012207031,270.5710144042969,563000
2024-10-08,VRSK,267.2699890136719,272.6199951171875,267.2699890136719,272.2200012207031,270.5710144042969,563000
2024-10-09,VRSK,272.2200012207031,277.2699890136719,271.5299987792969,277.0599975585937,275.3817138671875,609600
2024-10-09,VRSK,272.2200012207031,277.2699890136719,271.5299987792969,277.0599975585937,275.3817138671875,609600
2024-10-10,VRSK,275.9100036621094,275.9599914550781,266.44000244140625,268.2799987792969,266.6549072265625,666400
2024-10-10,VRSK,275.9100036621094,275.9599914550781,266.44000244140625,268.2799987792969,266.6549072265625,666400
2024-10-11,VRSK,270.0799865722656,270.0799865722656,266.9700012207031,268.2300109863281,266.6052551269531,484800
2024-10-11,VRSK,270.0799865722656,270.0799865722656,266.9700012207031,268.2300109863281,266.6052551269531,484800
2024-10-14,VRSK,268.2799987792969,269.6400146484375,267.0199890136719,269.2300109863281,267.59918212890625,601800
2024-10-14,VRSK,268.2799987792969,269.6400146484375,267.0199890136719,269.2300109863281,267.59918212890625,601800
2024-10-15,VRSK,271.3299865722656,273.4100036621094,268.9100036621094,269.57000732421875,267.9371032714844,500700
2024-10-15,VRSK,271.3299865722656,273.4100036621094,268.9100036621094,269.57000732421875,267.9371032714844,500700
2024-10-16,VRSK,269.57000732421875,271.3299865722656,268.1400146484375,270.6000061035156,268.9608459472656,597600
2024-10-16,VRSK,269.57000732421875,271.3299865722656,268.1400146484375,270.6000061035156,268.9608459472656,597600
2024-10-17,VRSK,270.7900085449219,271.8500061035156,266.6000061035156,267.2699890136719,265.6510314941406,486500
2024-10-17,VRSK,270.7900085449219,271.8500061035156,266.6000061035156,267.2699890136719,265.6510314941406,486500
2024-10-18,VRSK,267.2900085449219,268.989990234375,266.3599853515625,267.6199951171875,265.9989013671875,439200
2024-10-18,VRSK,267.2900085449219,268.989990234375,266.3599853515625,267.6199951171875,265.9989013671875,439200
2024-10-21,VRSK,267.6000061035156,269.8599853515625,266.7099914550781,268.0899963378906,266.466064453125,432700
2024-10-21,VRSK,267.6000061035156,269.8599853515625,266.7099914550781,268.0899963378906,266.466064453125,432700
2024-10-22,VRSK,266.7699890136719,268.260009765625,265.1600036621094,267.5899963378906,265.9691162109375,378800
2024-10-22,VRSK,266.7699890136719,268.260009765625,265.1600036621094,267.5899963378906,265.9691162109375,378800
2024-10-23,VRSK,265.739990234375,267.57000732421875,265.739990234375,266.5899963378906,264.97515869140625,487700
2024-10-23,VRSK,265.739990234375,267.57000732421875,265.739990234375,266.5899963378906,264.97515869140625,487700
2024-10-24,VRSK,266.5899963378906,268.0199890136719,264.7699890136719,264.9700012207031,263.3649597167969,321400
2024-10-24,VRSK,266.5899963378906,268.0199890136719,264.7699890136719,264.9700012207031,263.3649597167969,321400
2024-10-25,VRSK,266.9200134277344,268.7900085449219,264.3599853515625,264.6499938964844,263.046875,532400
2024-10-25,VRSK,266.9200134277344,268.7900085449219,264.3599853515625,264.6499938964844,263.046875,532400
2024-10-28,VRSK,266.25,268.1199951171875,261.70001220703125,262.8599853515625,261.2677001953125,645700
2024-10-28,VRSK,266.25,268.1199951171875,261.70001220703125,262.8599853515625,261.2677001953125,645700
2024-10-29,VRSK,262.6400146484375,265.7200012207031,261.1300048828125,263.6499938964844,262.0529479980469,909600
2024-10-29,VRSK,262.6400146484375,265.7200012207031,261.1300048828125,263.6499938964844,262.0529479980469,909600
2024-10-30,VRSK,280.0,280.0,269.9599914550781,275.6300048828125,273.9604187011719,993900
2024-10-30,VRSK,280.0,280.0,269.9599914550781,275.6300048828125,273.9604187011719,993900
2024-10-31,VRSK,275.6300048828125,278.5299987792969,273.42999267578125,274.7200012207031,273.0558776855469,1204800
2024-10-31,VRSK,275.6300048828125,278.5299987792969,273.42999267578125,274.7200012207031,273.0558776855469,1204800
2024-11-01,VRSK,273.3900146484375,276.0899963378906,271.0199890136719,275.4800109863281,273.8113098144531,1047100
2024-11-01,VRSK,273.3900146484375,276.0899963378906,271.0199890136719,275.4800109863281,273.8113098144531,1047100
2024-11-04,VRSK,275.8900146484375,278.4599914550781,273.2799987792969,277.2200012207031,275.540771484375,475100
2024-11-04,VRSK,275.8900146484375,278.4599914550781,273.2799987792969,277.2200012207031,275.540771484375,475100
2024-11-05,VRSK,277.260009765625,281.19000244140625,276.25,279.67999267578125,277.9858703613281,384400
2024-11-05,VRSK,277.260009765625,281.19000244140625,276.25,279.67999267578125,277.9858703613281,384400
2024-11-06,VRSK,283.5599975585937,283.5599975585937,276.44000244140625,279.1300048828125,277.43914794921875,841500
2024-11-06,VRSK,283.5599975585937,283.5599975585937,276.44000244140625,279.1300048828125,277.43914794921875,841500
2024-11-07,VRSK,278.8800048828125,281.29998779296875,276.9599914550781,280.3399963378906,278.6418762207031,410300
2024-11-07,VRSK,278.8800048828125,281.29998779296875,276.9599914550781,280.3399963378906,278.6418762207031,410300
2024-11-08,VRSK,282.3299865722656,287.2099914550781,281.4100036621094,284.9800109863281,283.2537536621094,557000
2024-11-08,VRSK,282.3299865722656,287.2099914550781,281.4100036621094,284.9800109863281,283.2537536621094,557000
2024-11-11,VRSK,285.29998779296875,288.3900146484375,284.7900085449219,285.010009765625,283.2835998535156,692900
2024-11-11,VRSK,285.29998779296875,288.3900146484375,284.7900085449219,285.010009765625,283.2835998535156,692900
2024-11-12,VRSK,286.4200134277344,289.3999938964844,284.82000732421875,287.9200134277344,286.17596435546875,925300
2024-11-12,VRSK,286.4200134277344,289.3999938964844,284.82000732421875,287.9200134277344,286.17596435546875,925300
2024-11-13,VRSK,288.1000061035156,291.4200134277344,286.6700134277344,290.0400085449219,288.2831420898437,514000
2024-11-13,VRSK,288.1000061035156,291.4200134277344,286.6700134277344,290.0400085449219,288.2831420898437,514000
2024-11-14,VRSK,289.4599914550781,290.4100036621094,285.3599853515625,286.1300048828125,284.3968200683594,439200
2024-11-14,VRSK,289.4599914550781,290.4100036621094,285.3599853515625,286.1300048828125,284.3968200683594,439200
2024-11-15,VRSK,286.489990234375,286.489990234375,280.1400146484375,280.79998779296875,279.0990600585937,522100
2024-11-15,VRSK,286.489990234375,286.489990234375,280.1400146484375,280.79998779296875,279.0990600585937,522100
2024-11-18,VRSK,280.7099914550781,282.4800109863281,279.6300048828125,280.3599853515625,278.6617431640625,800000
2024-11-18,VRSK,280.7099914550781,282.4800109863281,279.6300048828125,280.3599853515625,278.6617431640625,800000
2024-11-19,VRSK,280.3599853515625,283.510009765625,279.239990234375,281.6400146484375,279.9340209960937,1028500
2024-11-19,VRSK,280.3599853515625,283.510009765625,279.239990234375,281.6400146484375,279.9340209960937,1028500
2024-11-20,VRSK,281.6400146484375,284.8500061035156,279.239990234375,284.20001220703125,282.478515625,507700
2024-11-20,VRSK,281.6400146484375,284.8500061035156,279.239990234375,284.20001220703125,282.478515625,507700
2024-11-21,VRSK,285.92999267578125,287.7799987792969,283.29998779296875,287.5599975585937,285.818115234375,518100
2024-11-21,VRSK,285.92999267578125,287.7799987792969,283.29998779296875,287.5599975585937,285.818115234375,518100
2024-11-22,VRSK,287.70001220703125,291.3900146484375,286.8900146484375,290.7300109863281,288.96893310546875,649700
2024-11-22,VRSK,287.70001220703125,291.3900146484375,286.8900146484375,290.7300109863281,288.96893310546875,649700
2024-11-25,VRSK,292.1199951171875,293.19000244140625,289.9200134277344,291.489990234375,289.72430419921875,709300
2024-11-25,VRSK,292.1199951171875,293.19000244140625,289.9200134277344,291.489990234375,289.72430419921875,709300
2024-11-26,VRSK,292.57000732421875,296.1000061035156,291.5199890136719,294.75,292.964599609375,531500
2024-11-26,VRSK,292.57000732421875,296.1000061035156,291.5199890136719,294.75,292.964599609375,531500
2024-11-27,VRSK,295.5799865722656,296.5799865722656,293.3299865722656,294.5599975585937,292.77569580078125,482500
2024-11-27,VRSK,295.5799865722656,296.5799865722656,293.3299865722656,294.5599975585937,292.77569580078125,482500
2024-11-29,VRSK,293.44000244140625,296.1700134277344,292.8299865722656,294.2099914550781,292.4278259277344,363200
2024-11-29,VRSK,293.44000244140625,296.1700134277344,292.8299865722656,294.2099914550781,292.4278259277344,363200
2024-12-02,VRSK,295.1700134277344,295.3999938964844,290.4599914550781,292.70001220703125,290.927001953125,468000
2024-12-02,VRSK,295.1700134277344,295.3999938964844,290.4599914550781,292.70001220703125,290.927001953125,468000
2024-12-03,VRSK,292.3399963378906,292.3800048828125,285.0799865722656,289.04998779296875,287.299072265625,953800
2024-12-03,VRSK,292.3399963378906,292.3800048828125,285.0799865722656,289.04998779296875,287.299072265625,953800
2024-12-04,VRSK,289.0899963378906,293.0199890136719,288.1700134277344,291.69000244140625,289.923095703125,628700
2024-12-04,VRSK,289.0899963378906,293.0199890136719,288.1700134277344,291.69000244140625,289.923095703125,628700
2024-12-05,VRSK,291.25,291.6199951171875,286.5899963378906,288.8999938964844,287.1499938964844,700300
2024-12-05,VRSK,291.25,291.6199951171875,286.5899963378906,288.8999938964844,287.1499938964844,700300
2024-12-06,VRSK,289.0899963378906,290.9200134277344,285.6199951171875,287.0599975585937,285.32110595703125,930500
2024-12-06,VRSK,289.0899963378906,290.9200134277344,285.6199951171875,287.0599975585937,285.32110595703125,930500
2024-12-09,VRSK,284.9100036621094,286.25,281.3800048828125,284.9100036621094,283.1841735839844,878000
2024-12-09,VRSK,284.9100036621094,286.25,281.3800048828125,284.9100036621094,283.1841735839844,878000
2024-12-10,VRSK,285.260009765625,287.989990234375,282.2799987792969,286.67999267578125,284.9434509277344,699900
2024-12-10,VRSK,285.260009765625,287.989990234375,282.2799987792969,286.67999267578125,284.9434509277344,699900
2024-12-11,VRSK,288.6000061035156,289.5899963378906,284.010009765625,285.0199890136719,283.2934875488281,557500
2024-12-11,VRSK,288.6000061035156,289.5899963378906,284.010009765625,285.0199890136719,283.2934875488281,557500
2024-12-12,VRSK,285.0199890136719,287.6000061035156,283.8900146484375,285.29998779296875,283.5718078613281,423400
2024-12-12,VRSK,285.0199890136719,287.6000061035156,283.8900146484375,285.29998779296875,283.5718078613281,423400
2024-12-13,VRSK,283.4100036621094,284.2200012207031,281.8099975585937,283.3500061035156,282.01910400390625,530300
2024-12-13,VRSK,283.4100036621094,284.2200012207031,281.8099975585937,283.3500061035156,282.01910400390625,530300
2024-12-16,VRSK,283.75,284.70001220703125,280.94000244140625,281.3599853515625,280.0384826660156,808600
2024-12-16,VRSK,283.75,284.70001220703125,280.94000244140625,281.3599853515625,280.0384826660156,808600
2024-12-17,VRSK,281.3599853515625,282.5199890136719,278.79998779296875,280.2200012207031,278.9038391113281,1343800
2024-12-17,VRSK,281.3599853515625,282.5199890136719,278.79998779296875,280.2200012207031,278.9038391113281,1343800
2024-12-18,VRSK,279.9599914550781,280.3900146484375,275.489990234375,275.5599975585937,274.2657165527344,805200
2024-12-18,VRSK,279.9599914550781,280.3900146484375,275.489990234375,275.5599975585937,274.2657165527344,805200
2024-12-19,VRSK,273.8500061035156,277.75,273.8500061035156,275.5799865722656,274.2856140136719,908000
2024-12-19,VRSK,273.8500061035156,277.75,273.8500061035156,275.5799865722656,274.2856140136719,908000
2024-12-20,VRSK,274.3500061035156,279.6099853515625,273.239990234375,276.8599853515625,275.5596008300781,1713900
2024-12-20,VRSK,274.3500061035156,279.6099853515625,273.239990234375,276.8599853515625,275.5596008300781,1713900
2024-12-23,VRSK,277.0,277.19000244140625,274.1700134277344,276.7099914550781,275.41033935546875,501100
2024-12-23,VRSK,277.0,277.19000244140625,274.1700134277344,276.7099914550781,275.41033935546875,501100
2024-12-24,VRSK,276.17999267578125,279.0199890136719,275.04998779296875,278.54998779296875,277.24169921875,249800
2024-12-24,VRSK,276.17999267578125,279.0199890136719,275.04998779296875,278.54998779296875,277.24169921875,249800
2024-12-26,VRSK,277.260009765625,279.4599914550781,276.0799865722656,278.3800048828125,277.072509765625,319700
2024-12-26,VRSK,277.260009765625,279.4599914550781,276.0799865722656,278.3800048828125,277.072509765625,319700
2024-12-27,VRSK,276.5400085449219,278.79998779296875,275.2200012207031,277.29998779296875,275.99755859375,480100
2024-12-27,VRSK,276.5400085449219,278.79998779296875,275.2200012207031,277.29998779296875,275.99755859375,480100
2024-12-30,VRSK,276.79998779296875,278.4100036621094,273.29998779296875,275.739990234375,274.4448547363281,699900
2024-12-30,VRSK,276.79998779296875,278.4100036621094,273.29998779296875,275.739990234375,274.4448547363281,699900
2024-12-31,VRSK,276.45001220703125,277.7900085449219,273.6199951171875,275.42999267578125,274.1363525390625,576000
2024-12-31,VRSK,276.45001220703125,277.7900085449219,273.6199951171875,275.42999267578125,274.1363525390625,576000
2025-01-02,VRSK,275.9800109863281,277.8299865722656,273.3900146484375,273.3900146484375,272.10595703125,1013500
2025-01-02,VRSK,275.9800109863281,277.8299865722656,273.3900146484375,273.3900146484375,272.10595703125,1013500
2025-01-03,VRSK,273.5,277.7699890136719,272.8599853515625,276.2799987792969,274.9823608398437,791100
2025-01-03,VRSK,273.5,277.7699890136719,272.8599853515625,276.2799987792969,274.9823608398437,791100
2025-01-06,VRSK,274.010009765625,275.489990234375,272.1400146484375,273.0,271.7177734375,860700
2025-01-06,VRSK,274.010009765625,275.489990234375,272.1400146484375,273.0,271.7177734375,860700
2025-01-07,VRSK,272.8099975585937,274.0,271.25,273.5199890136719,272.2352905273437,713700
2025-01-07,VRSK,272.8099975585937,274.0,271.25,273.5199890136719,272.2352905273437,713700
2025-01-08,VRSK,274.7099914550781,280.6199951171875,273.32000732421875,280.4200134277344,279.1029357910156,1101200
2025-01-08,VRSK,274.7099914550781,280.6199951171875,273.32000732421875,280.4200134277344,279.1029357910156,1101200
2025-01-10,VRSK,278.5599975585937,280.3299865722656,268.4100036621094,268.6300048828125,267.3682861328125,1139600
2025-01-10,VRSK,278.5599975585937,280.3299865722656,268.4100036621094,268.6300048828125,267.3682861328125,1139600
2025-01-13,VRSK,267.3999938964844,275.7099914550781,266.19000244140625,275.4700012207031,274.1761474609375,876000
2025-01-13,VRSK,267.3999938964844,275.7099914550781,266.19000244140625,275.4700012207031,274.1761474609375,876000
2025-01-14,VRSK,275.1199951171875,276.29998779296875,271.6000061035156,273.489990234375,272.2054443359375,623500
2025-01-14,VRSK,275.1199951171875,276.29998779296875,271.6000061035156,273.489990234375,272.2054443359375,623500
2025-01-15,VRSK,275.5,276.5,272.3900146484375,273.8099975585937,272.52392578125,855700
2025-01-15,VRSK,275.5,276.5,272.3900146484375,273.8099975585937,272.52392578125,855700
2025-01-16,VRSK,273.989990234375,279.1499938964844,273.3800048828125,278.4700012207031,277.1620483398437,666900
2025-01-16,VRSK,273.989990234375,279.1499938964844,273.3800048828125,278.4700012207031,277.1620483398437,666900
2025-01-17,VRSK,282.0599975585937,282.0599975585937,277.7699890136719,278.54998779296875,277.24169921875,670700
2025-01-17,VRSK,282.0599975585937,282.0599975585937,277.7699890136719,278.54998779296875,277.24169921875,670700
2025-01-21,VRSK,278.79998779296875,280.760009765625,278.3599853515625,280.0599975585937,278.7445983886719,684300
2025-01-21,VRSK,278.79998779296875,280.760009765625,278.3599853515625,280.0599975585937,278.7445983886719,684300
2025-01-22,VRSK,281.04998779296875,282.1300048828125,279.1499938964844,279.3500061035156,278.0379333496094,547900
2025-01-22,VRSK,281.04998779296875,282.1300048828125,279.1499938964844,279.3500061035156,278.0379333496094,547900
2025-01-23,VRSK,279.3500061035156,279.8699951171875,274.82000732421875,277.9800109863281,276.67437744140625,498500
2025-01-23,VRSK,279.3500061035156,279.8699951171875,274.82000732421875,277.9800109863281,276.67437744140625,498500
2025-01-24,VRSK,277.42999267578125,279.9700012207031,276.5199890136719,278.92999267578125,277.6199035644531,404500
2025-01-24,VRSK,277.42999267578125,279.9700012207031,276.5199890136719,278.92999267578125,277.6199035644531,404500
2025-01-27,VRSK,278.92999267578125,286.45001220703125,278.6700134277344,285.4599914550781,284.11920166015625,753800
2025-01-27,VRSK,278.92999267578125,286.45001220703125,278.6700134277344,285.4599914550781,284.11920166015625,753800
2025-01-28,VRSK,284.57000732421875,285.7300109863281,276.6099853515625,281.8500061035156,280.5262145996094,633300
2025-01-28,VRSK,284.57000732421875,285.7300109863281,276.6099853515625,281.8500061035156,280.5262145996094,633300
2025-01-29,VRSK,283.1600036621094,284.6700134277344,281.3299865722656,282.5899963378906,281.2626953125,600600
2025-01-29,VRSK,283.1600036621094,284.6700134277344,281.3299865722656,282.5899963378906,281.2626953125,600600
2025-01-30,VRSK,284.0799865722656,288.3999938964844,284.0799865722656,288.0799865722656,286.7268981933594,652200
2025-01-30,VRSK,284.0799865722656,288.3999938964844,284.0799865722656,288.0799865722656,286.7268981933594,652200
2025-01-31,VRSK,287.6400146484375,289.8599853515625,286.5,287.44000244140625,286.0899353027344,651400
2025-01-31,VRSK,287.6400146484375,289.8599853515625,286.5,287.44000244140625,286.0899353027344,651400
2025-02-03,VRSK,287.489990234375,292.6700134277344,284.19000244140625,290.94000244140625,289.573486328125,763400
2025-02-03,VRSK,287.489990234375,292.6700134277344,284.19000244140625,290.94000244140625,289.573486328125,763400
2025-02-04,VRSK,290.94000244140625,293.5299987792969,288.67999267578125,289.20001220703125,287.8416442871094,704000
2025-02-04,VRSK,290.94000244140625,293.5299987792969,288.67999267578125,289.20001220703125,287.8416442871094,704000
2025-02-05,VRSK,290.69000244140625,292.57000732421875,288.5199890136719,291.6400146484375,290.2702331542969,495200
2025-02-05,VRSK,290.69000244140625,292.57000732421875,288.5199890136719,291.6400146484375,290.2702331542969,495200
2025-02-06,VRSK,291.9800109863281,294.989990234375,290.1700134277344,294.95001220703125,293.5646667480469,581500
2025-02-06,VRSK,291.9800109863281,294.989990234375,290.1700134277344,294.95001220703125,293.5646667480469,581500
2025-02-07,VRSK,294.95001220703125,296.2300109863281,293.57000732421875,293.7300109863281,292.35040283203125,632200
2025-02-07,VRSK,294.95001220703125,296.2300109863281,293.57000732421875,293.7300109863281,292.35040283203125,632200
2025-02-10,VRSK,294.4200134277344,295.2300109863281,290.1099853515625,294.0,292.6191101074219,517000
2025-02-10,VRSK,294.4200134277344,295.2300109863281,290.1099853515625,294.0,292.6191101074219,517000
2025-02-11,VRSK,292.17999267578125,294.3999938964844,291.6499938964844,294.29998779296875,292.9176940917969,342700
2025-02-11,VRSK,292.17999267578125,294.3999938964844,291.6499938964844,294.29998779296875,292.9176940917969,342700
2025-02-12,VRSK,291.3299865722656,293.95001220703125,289.07000732421875,293.0599975585937,291.6835327148437,470400
2025-02-12,VRSK,291.3299865722656,293.95001220703125,289.07000732421875,293.0599975585937,291.6835327148437,470400
2025-02-13,VRSK,293.1099853515625,296.5799865722656,292.3500061035156,295.5,294.1120910644531,461900
2025-02-13,VRSK,293.1099853515625,296.5799865722656,292.3500061035156,295.5,294.1120910644531,461900
2025-02-14,VRSK,295.5,296.94000244140625,293.3299865722656,293.4800109863281,292.1015319824219,535500
2025-02-14,VRSK,295.5,296.94000244140625,293.3299865722656,293.4800109863281,292.1015319824219,535500
2025-02-18,VRSK,292.5799865722656,295.5799865722656,290.8999938964844,293.29998779296875,291.92242431640625,538400
2025-02-18,VRSK,292.5799865722656,295.5799865722656,290.8999938964844,293.29998779296875,291.92242431640625,538400
2025-02-19,VRSK,293.510009765625,296.9200134277344,292.3699951171875,295.8599853515625,294.4703674316406,692700
2025-02-19,VRSK,293.510009765625,296.9200134277344,292.3699951171875,295.8599853515625,294.4703674316406,692700
2025-02-20,VRSK,294.20001220703125,294.260009765625,291.0599975585937,292.70001220703125,291.3252258300781,878500
2025-02-20,VRSK,294.20001220703125,294.260009765625,291.0599975585937,292.70001220703125,291.3252258300781,878500
2025-02-21,VRSK,292.70001220703125,296.3900146484375,291.8299865722656,295.1099853515625,293.723876953125,1165500
2025-02-21,VRSK,292.70001220703125,296.3900146484375,291.8299865722656,295.1099853515625,293.723876953125,1165500
2025-02-24,VRSK,295.1400146484375,298.7099914550781,295.1400146484375,297.010009765625,295.6150207519531,719900
2025-02-24,VRSK,295.1400146484375,298.7099914550781,295.1400146484375,297.010009765625,295.6150207519531,719900
2025-02-25,VRSK,297.010009765625,300.5,295.5799865722656,299.7200012207031,298.3122863769531,1136900
2025-02-25,VRSK,297.010009765625,300.5,295.5799865722656,299.7200012207031,298.3122863769531,1136900
2025-02-26,VRSK,263.9700012207031,295.7799987792969,262.0,288.0299987792969,286.6771545410156,1574500
2025-02-26,VRSK,263.9700012207031,295.7799987792969,262.0,288.0299987792969,286.6771545410156,1574500
2025-02-27,VRSK,290.19000244140625,292.1099853515625,287.7300109863281,290.1099853515625,288.7473449707031,918100
2025-02-27,VRSK,290.19000244140625,292.1099853515625,287.7300109863281,290.1099853515625,288.7473449707031,918100
2025-02-28,VRSK,291.7799987792969,297.57000732421875,291.2799987792969,296.9100036621094,295.51544189453125,1029600
2025-02-28,VRSK,291.7799987792969,297.57000732421875,291.2799987792969,296.9100036621094,295.51544189453125,1029600
2025-03-03,VRSK,295.6300048828125,302.25,293.1300048828125,301.3299865722656,299.9146728515625,990300
2025-03-03,VRSK,295.6300048828125,302.25,293.1300048828125,301.3299865722656,299.9146728515625,990300
2025-03-04,VRSK,301.8800048828125,306.1000061035156,299.2900085449219,299.5400085449219,298.13311767578125,955200
2025-03-04,VRSK,301.8800048828125,306.1000061035156,299.2900085449219,299.5400085449219,298.13311767578125,955200
2025-03-05,VRSK,296.20001220703125,299.6499938964844,294.7300109863281,296.8900146484375,295.4955444335937,699600
2025-03-05,VRSK,296.20001220703125,299.6499938964844,294.7300109863281,296.8900146484375,295.4955444335937,699600
2025-03-06,VRSK,295.2099914550781,297.69000244140625,293.989990234375,295.3599853515625,293.97271728515625,726800
2025-03-06,VRSK,295.2099914550781,297.69000244140625,293.989990234375,295.3599853515625,293.97271728515625,726800
2025-03-07,VRSK,295.3599853515625,301.1600036621094,294.1499938964844,300.4800109863281,299.0686950683594,754100
2025-03-07,VRSK,295.3599853515625,301.1600036621094,294.1499938964844,300.4800109863281,299.0686950683594,754100
2025-03-10,VRSK,301.1199951171875,305.57000732421875,297.4200134277344,298.0,296.6003112792969,1645500
2025-03-10,VRSK,301.1199951171875,305.57000732421875,297.4200134277344,298.0,296.6003112792969,1645500
2025-03-11,VRSK,298.92999267578125,299.6400146484375,290.29998779296875,290.5299987792969,289.1654357910156,1320100
2025-03-11,VRSK,298.92999267578125,299.6400146484375,290.29998779296875,290.5299987792969,289.1654357910156,1320100
2025-03-12,VRSK,289.19000244140625,290.0199890136719,286.17999267578125,288.0299987792969,286.6771545410156,740400
2025-03-12,VRSK,289.19000244140625,290.0199890136719,286.17999267578125,288.0299987792969,286.6771545410156,740400
2025-03-13,VRSK,287.0599975585937,289.760009765625,285.260009765625,289.5,288.1402587890625,715100
2025-03-13,VRSK,287.0599975585937,289.760009765625,285.260009765625,289.5,288.1402587890625,715100
2025-03-14,VRSK,289.04998779296875,290.0299987792969,286.760009765625,288.5799865722656,287.6717224121094,740700
2025-03-14,VRSK,289.04998779296875,290.0299987792969,286.760009765625,288.5799865722656,287.6717224121094,740700
2025-03-17,VRSK,287.8299865722656,291.5799865722656,287.8299865722656,291.010009765625,290.0941162109375,930800
2025-03-17,VRSK,287.8299865722656,291.5799865722656,287.8299865722656,291.010009765625,290.0941162109375,930800
2025-03-18,VRSK,289.3399963378906,290.07000732421875,286.5,288.92999267578125,288.0206298828125,789400
2025-03-18,VRSK,289.3399963378906,290.07000732421875,286.5,288.92999267578125,288.0206298828125,789400
2025-03-19,VRSK,288.3999938964844,291.44000244140625,288.3999938964844,289.739990234375,288.8280944824219,784000
2025-03-19,VRSK,288.3999938964844,291.44000244140625,288.3999938964844,289.739990234375,288.8280944824219,784000
2025-03-20,VRSK,288.42999267578125,289.6199951171875,285.8599853515625,287.67999267578125,286.7745666503906,772900
2025-03-20,VRSK,288.42999267578125,289.6199951171875,285.8599853515625,287.67999267578125,286.7745666503906,772900
2025-03-21,VRSK,285.2300109863281,287.2799987792969,283.239990234375,285.1600036621094,284.26251220703125,1387700
2025-03-21,VRSK,285.2300109863281,287.2799987792969,283.239990234375,285.1600036621094,284.26251220703125,1387700
2025-03-24,VRSK,287.0199890136719,289.42999267578125,284.45001220703125,285.3999938964844,284.5017395019531,810200
2025-03-24,VRSK,287.0199890136719,289.42999267578125,284.45001220703125,285.3999938964844,284.5017395019531,810200
2025-03-25,VRSK,284.79998779296875,287.8800048828125,283.989990234375,287.760009765625,286.8543395996094,992800
2025-03-25,VRSK,284.79998779296875,287.8800048828125,283.989990234375,287.760009765625,286.8543395996094,992800
2025-03-26,VRSK,288.45001220703125,293.0,288.1099853515625,292.0299987792969,291.1108703613281,773100
2025-03-26,VRSK,288.45001220703125,293.0,288.1099853515625,292.0299987792969,291.1108703613281,773100
2025-03-27,VRSK,293.6300048828125,299.7300109863281,291.2300109863281,296.8900146484375,295.9555969238281,852400
2025-03-27,VRSK,293.6300048828125,299.7300109863281,291.2300109863281,296.8900146484375,295.9555969238281,852400
2025-03-28,VRSK,296.239990234375,296.75,293.1199951171875,294.5799865722656,293.65283203125,729000
2025-03-28,VRSK,296.239990234375,296.75,293.1199951171875,294.5799865722656,293.65283203125,729000
2025-03-31,VRSK,296.1400146484375,299.9599914550781,295.239990234375,297.6199951171875,296.6832580566406,1250100
2025-03-31,VRSK,296.1400146484375,299.9599914550781,295.239990234375,297.6199951171875,296.6832580566406,1250100
2025-04-01,VRSK,296.82000732421875,298.9800109863281,294.989990234375,298.6099853515625,297.670166015625,621600
2025-04-01,VRSK,296.82000732421875,298.9800109863281,294.989990234375,298.6099853515625,297.670166015625,621600
2025-04-02,VRSK,298.95001220703125,300.07000732421875,294.94000244140625,299.7099914550781,298.7666931152344,748900
2025-04-02,VRSK,298.95001220703125,300.07000732421875,294.94000244140625,299.7099914550781,298.7666931152344,748900
2025-04-03,VRSK,298.45001220703125,306.67999267578125,298.45001220703125,305.0899963378906,304.1297912597656,1425300
2025-04-03,VRSK,298.45001220703125,306.67999267578125,298.45001220703125,305.0899963378906,304.1297912597656,1425300
2025-04-04,VRSK,299.20001220703125,304.1600036621094,284.3699951171875,284.989990234375,284.0930480957031,2102300
2025-04-04,VRSK,299.20001220703125,304.1600036621094,284.3699951171875,284.989990234375,284.0930480957031,2102300
2025-04-07,VRSK,285.8599853515625,287.5599975585937,275.1700134277344,278.0899963378906,277.2147521972656,1815500
2025-04-07,VRSK,285.8599853515625,287.5599975585937,275.1700134277344,278.0899963378906,277.2147521972656,1815500
2025-04-08,VRSK,281.510009765625,281.82000732421875,274.9100036621094,277.0299987792969,276.1581115722656,1852800
2025-04-08,VRSK,281.510009765625,281.82000732421875,274.9100036621094,277.0299987792969,276.1581115722656,1852800
2025-04-09,VRSK,275.42999267578125,290.29998779296875,273.760009765625,289.3399963378906,288.4293212890625,1965700
2025-04-09,VRSK,275.42999267578125,290.29998779296875,273.760009765625,289.3399963378906,288.4293212890625,1965700
2025-04-10,VRSK,286.1199951171875,289.69000244140625,279.82000732421875,285.7799987792969,284.88055419921875,1397400
2025-04-10,VRSK,286.1199951171875,289.69000244140625,279.82000732421875,285.7799987792969,284.88055419921875,1397400
2025-04-11,VRSK,285.07000732421875,293.54998779296875,282.8500061035156,291.8800048828125,290.9613647460937,835000
2025-04-11,VRSK,285.07000732421875,293.54998779296875,282.8500061035156,291.8800048828125,290.9613647460937,835000
2025-04-14,VRSK,293.1199951171875,296.5,291.3800048828125,295.1000061035156,294.1712341308594,837600
2025-04-14,VRSK,293.1199951171875,296.5,291.3800048828125,295.1000061035156,294.1712341308594,837600
2025-04-15,VRSK,295.3800048828125,297.6099853515625,294.4599914550781,295.04998779296875,294.1213684082031,612800
2025-04-15,VRSK,295.3800048828125,297.6099853515625,294.4599914550781,295.04998779296875,294.1213684082031,612800
2025-04-16,VRSK,295.3099975585937,297.32000732421875,290.2300109863281,292.2300109863281,291.3102722167969,954900
2025-04-16,VRSK,295.3099975585937,297.32000732421875,290.2300109863281,292.2300109863281,291.3102722167969,954900
2025-04-17,VRSK,292.7200012207031,295.739990234375,290.57000732421875,293.0199890136719,292.0977783203125,502900
2025-04-17,VRSK,292.7200012207031,295.739990234375,290.57000732421875,293.0199890136719,292.0977783203125,502900
2025-04-21,VRSK,291.6400146484375,294.70001220703125,281.8699951171875,284.3500061035156,283.455078125,841400
2025-04-21,VRSK,291.6400146484375,294.70001220703125,281.8699951171875,284.3500061035156,283.455078125,841400
2025-04-22,VRSK,285.8399963378906,293.3999938964844,284.760009765625,292.70001220703125,291.77880859375,643400
2025-04-22,VRSK,285.8399963378906,293.3999938964844,284.760009765625,292.70001220703125,291.77880859375,643400
2025-04-23,VRSK,292.739990234375,297.1000061035156,288.8299865722656,290.04998779296875,289.1370849609375,885700
2025-04-23,VRSK,292.739990234375,297.1000061035156,288.8299865722656,290.04998779296875,289.1370849609375,885700
2025-04-24,VRSK,289.0799865722656,290.2799987792969,284.6000061035156,288.239990234375,287.3327941894531,717800
2025-04-24,VRSK,289.0799865722656,290.2799987792969,284.6000061035156,288.239990234375,287.3327941894531,717800
2025-04-25,VRSK,287.6000061035156,287.8299865722656,283.2099914550781,286.04998779296875,285.1496887207031,1016000
2025-04-25,VRSK,287.6000061035156,287.8299865722656,283.2099914550781,286.04998779296875,285.1496887207031,1016000
2025-04-28,VRSK,285.8599853515625,289.1700134277344,283.67999267578125,288.4100036621094,287.5022888183594,777100
2025-04-28,VRSK,285.8599853515625,289.1700134277344,283.67999267578125,288.4100036621094,287.5022888183594,777100
2025-04-29,VRSK,287.32000732421875,293.1099853515625,286.1700134277344,292.3699951171875,291.4497985839844,596800
2025-04-29,VRSK,287.32000732421875,293.1099853515625,286.1700134277344,292.3699951171875,291.4497985839844,596800
2025-04-30,VRSK,291.8299865722656,297.2300109863281,288.8900146484375,296.42999267578125,295.4970092773437,806100
2025-04-30,VRSK,291.8299865722656,297.2300109863281,288.8900146484375,296.42999267578125,295.4970092773437,806100
2025-05-01,VRSK,294.5,296.3399963378906,291.739990234375,294.510009765625,293.5830993652344,809500
2025-05-01,VRSK,294.5,296.3399963378906,291.739990234375,294.510009765625,293.5830993652344,809500
2025-05-02,VRSK,297.9599914550781,298.69000244140625,291.5599975585937,293.8999938964844,292.9749755859375,849600
2025-05-02,VRSK,297.9599914550781,298.69000244140625,291.5599975585937,293.8999938964844,292.9749755859375,849600
2025-05-05,VRSK,293.1400146484375,295.0,290.989990234375,294.75,293.82232666015625,645200
2025-05-05,VRSK,293.1400146484375,295.0,290.989990234375,294.75,293.82232666015625,645200
2025-05-06,VRSK,294.260009765625,297.5400085449219,292.2699890136719,296.19000244140625,295.2578125,880000
2025-05-06,VRSK,294.260009765625,297.5400085449219,292.2699890136719,296.19000244140625,295.2578125,880000
2025-05-07,VRSK,302.5799865722656,312.6199951171875,300.75,309.8999938964844,308.9246520996094,1510900
2025-05-07,VRSK,302.5799865722656,312.6199951171875,300.75,309.8999938964844,308.9246520996094,1510900
2025-05-08,VRSK,312.0,312.82000732421875,307.3900146484375,307.8500061035156,306.881103515625,948200
2025-05-08,VRSK,312.0,312.82000732421875,307.3900146484375,307.8500061035156,306.881103515625,948200
2025-05-09,VRSK,307.8500061035156,310.3299865722656,305.8299865722656,309.5,308.52587890625,707200
2025-05-09,VRSK,307.8500061035156,310.3299865722656,305.8299865722656,309.5,308.52587890625,707200
2025-05-12,VRSK,309.82000732421875,310.6700134277344,301.0400085449219,303.6499938964844,302.6943054199219,990500
2025-05-12,VRSK,309.82000732421875,310.6700134277344,301.0400085449219,303.6499938964844,302.6943054199219,990500
2025-05-13,VRSK,303.6499938964844,304.5299987792969,301.17999267578125,301.57000732421875,300.6208801269531,846800
2025-05-13,VRSK,303.6499938964844,304.5299987792969,301.17999267578125,301.57000732421875,300.6208801269531,846800
2025-05-14,VRSK,299.92999267578125,302.25,296.9700012207031,301.2699890136719,300.32177734375,835400
2025-05-14,VRSK,299.92999267578125,302.25,296.9700012207031,301.2699890136719,300.32177734375,835400
2025-05-15,VRSK,302.1700134277344,307.7099914550781,302.0599975585937,307.3599853515625,306.3926086425781,680900
2025-05-15,VRSK,302.1700134277344,307.7099914550781,302.0599975585937,307.3599853515625,306.3926086425781,680900
2025-05-16,VRSK,307.8800048828125,309.7799987792969,305.2099914550781,309.57000732421875,308.5956726074219,749800
2025-05-16,VRSK,307.8800048828125,309.7799987792969,305.2099914550781,309.57000732421875,308.5956726074219,749800
2025-05-19,VRSK,309.760009765625,314.6499938964844,309.760009765625,314.3500061035156,313.36065673828125,740700
2025-05-19,VRSK,309.760009765625,314.6499938964844,309.760009765625,314.3500061035156,313.36065673828125,740700
2025-05-20,VRSK,312.3800048828125,314.0199890136719,310.7900085449219,313.1000061035156,312.11456298828125,508300
2025-05-20,VRSK,312.3800048828125,314.0199890136719,310.7900085449219,313.1000061035156,312.11456298828125,508300
2025-05-21,VRSK,312.5199890136719,314.010009765625,311.1400146484375,312.3299865722656,311.3469543457031,566200
2025-05-21,VRSK,312.5199890136719,314.010009765625,311.1400146484375,312.3299865722656,311.3469543457031,566200
2025-05-22,VRSK,311.69000244140625,315.1099853515625,309.9599914550781,314.3399963378906,313.35064697265625,699700
2025-05-22,VRSK,311.69000244140625,315.1099853515625,309.9599914550781,314.3399963378906,313.35064697265625,699700
2025-05-23,VRSK,312.8399963378906,314.5899963378906,311.5899963378906,313.7699890136719,312.7824401855469,547900
2025-05-23,VRSK,312.8399963378906,314.5899963378906,311.5899963378906,313.7699890136719,312.7824401855469,547900
2025-05-27,VRSK,314.8800048828125,317.1000061035156,313.0199890136719,316.1600036621094,315.1649475097656,687300
2025-05-27,VRSK,314.8800048828125,317.1000061035156,313.0199890136719,316.1600036621094,315.1649475097656,687300
2025-05-28,VRSK,316.1600036621094,317.8099975585937,314.29998779296875,315.9599914550781,314.9655456542969,613300
2025-05-28,VRSK,316.1600036621094,317.8099975585937,314.29998779296875,315.9599914550781,314.9655456542969,613300
2025-05-29,VRSK,315.7900085449219,316.489990234375,312.45001220703125,314.32000732421875,313.33074951171875,774100
2025-05-29,VRSK,315.7900085449219,316.489990234375,312.45001220703125,314.32000732421875,313.33074951171875,774100
2025-05-30,VRSK,315.5599975585937,316.3699951171875,313.67999267578125,314.1400146484375,313.1513061523437,1204500
2025-05-30,VRSK,315.5599975585937,316.3699951171875,313.67999267578125,314.1400146484375,313.1513061523437,1204500
2025-06-02,VRSK,312.69000244140625,317.04998779296875,310.8699951171875,316.989990234375,315.9923400878906,592900
2025-06-02,VRSK,312.69000244140625,317.04998779296875,310.8699951171875,316.989990234375,315.9923400878906,592900
2025-06-03,VRSK,314.54998779296875,318.2300109863281,312.8399963378906,317.510009765625,316.5106811523437,868800
2025-06-03,VRSK,314.54998779296875,318.2300109863281,312.8399963378906,317.510009765625,316.5106811523437,868800
2025-06-04,VRSK,318.1000061035156,321.5799865722656,316.79998779296875,321.3299865722656,320.31866455078125,1006800
2025-06-04,VRSK,318.1000061035156,321.5799865722656,316.79998779296875,321.3299865722656,320.31866455078125,1006800
2025-06-05,VRSK,322.8299865722656,322.9200134277344,320.1300048828125,320.5899963378906,319.5809631347656,725300
2025-06-05,VRSK,322.8299865722656,322.9200134277344,320.1300048828125,320.5899963378906,319.5809631347656,725300
2025-06-06,VRSK,320.8699951171875,321.8299865722656,317.8099975585937,319.6000061035156,318.5941162109375,530800
2025-06-06,VRSK,320.8699951171875,321.8299865722656,317.8099975585937,319.6000061035156,318.5941162109375,530800
2025-06-09,VRSK,318.4200134277344,318.4200134277344,310.8500061035156,313.2699890136719,312.28399658203125,642300
2025-06-09,VRSK,318.4200134277344,318.4200134277344,310.8500061035156,313.2699890136719,312.28399658203125,642300
2025-06-10,VRSK,312.1600036621094,313.4100036621094,309.0799865722656,312.2799987792969,311.2971496582031,509600
2025-06-10,VRSK,312.1600036621094,313.4100036621094,309.0799865722656,312.2799987792969,311.2971496582031,509600
2025-06-11,VRSK,312.2799987792969,312.8900146484375,309.3299865722656,311.489990234375,310.5096130371094,567800
2025-06-11,VRSK,312.2799987792969,312.8900146484375,309.3299865722656,311.489990234375,310.5096130371094,567800
2025-06-12,VRSK,312.17999267578125,314.0400085449219,309.95001220703125,313.9100036621094,312.9220275878906,521600
2025-06-12,VRSK,312.17999267578125,314.0400085449219,309.95001220703125,313.9100036621094,312.9220275878906,521600
2025-06-13,VRSK,312.07000732421875,314.5799865722656,309.6400146484375,310.4100036621094,309.87725830078125,544000
2025-06-13,VRSK,312.07000732421875,314.5799865722656,309.6400146484375,310.4100036621094,309.87725830078125,544000
2025-06-16,VRSK,310.5799865722656,311.7300109863281,308.5299987792969,309.4700012207031,308.9388732910156,707000
2025-06-16,VRSK,310.5799865722656,311.7300109863281,308.5299987792969,309.4700012207031,308.9388732910156,707000
2025-06-17,VRSK,308.8999938964844,309.2799987792969,306.1700134277344,307.2300109863281,306.7027282714844,537300
2025-06-17,VRSK,308.8999938964844,309.2799987792969,306.1700134277344,307.2300109863281,306.7027282714844,537300
2025-06-18,VRSK,307.6400146484375,307.6400146484375,305.2799987792969,306.2699890136719,305.7443542480469,688400
2025-06-18,VRSK,307.6400146484375,307.6400146484375,305.2799987792969,306.2699890136719,305.7443542480469,688400
2025-06-20,VRSK,308.67999267578125,308.67999267578125,303.4200134277344,306.0199890136719,305.4947814941406,1898200
2025-06-20,VRSK,308.67999267578125,308.67999267578125,303.4200134277344,306.0199890136719,305.4947814941406,1898200
2025-06-23,VRSK,307.57000732421875,309.6499938964844,306.0199890136719,308.4100036621094,307.8807067871094,786500
2025-06-23,VRSK,307.57000732421875,309.6499938964844,306.0199890136719,308.4100036621094,307.8807067871094,786500
2025-06-24,VRSK,309.1400146484375,312.4200134277344,305.989990234375,309.92999267578125,309.3980712890625,863500
2025-06-24,VRSK,309.1400146484375,312.4200134277344,305.989990234375,309.92999267578125,309.3980712890625,863500
2025-06-25,VRSK,309.4700012207031,309.4700012207031,302.82000732421875,304.1700134277344,303.6479797363281,823700
2025-06-25,VRSK,309.4700012207031,309.4700012207031,302.82000732421875,304.1700134277344,303.6479797363281,823700
2025-06-26,VRSK,304.989990234375,306.07000732421875,303.2300109863281,305.1300048828125,304.6063232421875,633200
2025-06-26,VRSK,304.989990234375,306.07000732421875,303.2300109863281,305.1300048828125,304.6063232421875,633200
2025-06-27,VRSK,305.2799987792969,309.0400085449219,304.6000061035156,308.6600036621094,308.1302490234375,2480400
2025-06-27,VRSK,305.2799987792969,309.0400085449219,304.6000061035156,308.6600036621094,308.1302490234375,2480400
2025-06-30,VRSK,306.7099914550781,311.7699890136719,306.6000061035156,311.5,310.96539306640625,1054200
2025-06-30,VRSK,306.7099914550781,311.7699890136719,306.6000061035156,311.5,310.96539306640625,1054200
2025-07-01,VRSK,311.3399963378906,314.79998779296875,309.9100036621094,312.95001220703125,312.41290283203125,870600
2025-07-01,VRSK,311.3399963378906,314.79998779296875,309.9100036621094,312.95001220703125,312.41290283203125,870600
2025-07-02,VRSK,310.20001220703125,310.20001220703125,301.0400085449219,301.2099914550781,300.6930236816406,1204200
2025-07-02,VRSK,310.20001220703125,310.20001220703125,301.0400085449219,301.2099914550781,300.6930236816406,1204200
2025-07-03,VRSK,300.8299865722656,305.75,299.2699890136719,304.0599975585937,303.53814697265625,963600
2025-07-03,VRSK,300.8299865722656,305.75,299.2699890136719,304.0599975585937,303.53814697265625,963600
2025-07-07,VRSK,304.0599975585937,308.19000244140625,302.8500061035156,308.1700134277344,307.64111328125,984900
2025-07-07,VRSK,304.0599975585937,308.19000244140625,302.8500061035156,308.1700134277344,307.64111328125,984900
2025-07-08,VRSK,306.5299987792969,307.9100036621094,301.8500061035156,302.5400085449219,302.0207824707031,998600
2025-07-08,VRSK,306.5299987792969,307.9100036621094,301.8500061035156,302.5400085449219,302.0207824707031,998600
2025-07-09,VRSK,302.739990234375,304.3099975585937,301.70001220703125,303.7200012207031,303.19873046875,823100
2025-07-09,VRSK,302.739990234375,304.3099975585937,301.70001220703125,303.7200012207031,303.19873046875,823100
2025-07-10,VRSK,302.2699890136719,304.25,301.29998779296875,302.8999938964844,302.380126953125,724700
2025-07-10,VRSK,302.2699890136719,304.25,301.29998779296875,302.8999938964844,302.380126953125,724700
2025-07-11,VRSK,302.1600036621094,302.5899963378906,299.3699951171875,300.510009765625,299.9942626953125,950200
2025-07-11,VRSK,302.1600036621094,302.5899963378906,299.3699951171875,300.510009765625,299.9942626953125,950200
2025-07-14,VRSK,300.9100036621094,306.45001220703125,300.9100036621094,305.6199951171875,305.095458984375,648300
2025-07-14,VRSK,300.9100036621094,306.45001220703125,300.9100036621094,305.6199951171875,305.095458984375,648300
2025-07-15,VRSK,303.8800048828125,305.7300109863281,299.8599853515625,300.1400146484375,299.6249084472656,845800
2025-07-15,VRSK,303.8800048828125,305.7300109863281,299.8599853515625,300.1400146484375,299.6249084472656,845800
2025-07-16,VRSK,300.2099914550781,301.69000244140625,297.6499938964844,301.4800109863281,300.96258544921875,707100
2025-07-16,VRSK,300.2099914550781,301.69000244140625,297.6499938964844,301.4800109863281,300.96258544921875,707100
2025-07-17,VRSK,302.1300048828125,303.3399963378906,300.4599914550781,302.6000061035156,302.0806579589844,526700
2025-07-17,VRSK,302.1300048828125,303.3399963378906,300.4599914550781,302.6000061035156,302.0806579589844,526700
2025-07-18,VRSK,304.2900085449219,304.2900085449219,300.4599914550781,301.8999938964844,301.3818664550781,1530400
2025-07-18,VRSK,304.2900085449219,304.2900085449219,300.4599914550781,301.8999938964844,301.3818664550781,1530400
2025-07-21,VRSK,302.4800109863281,303.7200012207031,299.3999938964844,299.5599975585937,299.0458679199219,567100
2025-07-21,VRSK,302.4800109863281,303.7200012207031,299.3999938964844,299.5599975585937,299.0458679199219,567100
2025-07-22,VRSK,300.0799865722656,303.1300048828125,294.5799865722656,298.1199951171875,297.6083374023437,1256900
2025-07-22,VRSK,300.0799865722656,303.1300048828125,294.5799865722656,298.1199951171875,297.6083374023437,1256900
2025-07-23,VRSK,296.92999267578125,298.32000732421875,295.1499938964844,297.2900085449219,296.77978515625,884400
2025-07-23,VRSK,296.92999267578125,298.32000732421875,295.1499938964844,297.2900085449219,296.77978515625,884400
2025-07-24,VRSK,297.3900146484375,299.5199890136719,296.07000732421875,296.0899963378906,295.5818176269531,1078000
2025-07-24,VRSK,297.3900146484375,299.5199890136719,296.07000732421875,296.0899963378906,295.5818176269531,1078000
2025-07-25,VRSK,297.0,299.760009765625,295.9200134277344,297.9599914550781,297.4486083984375,612400
2025-07-25,VRSK,297.0,299.760009765625,295.9200134277344,297.9599914550781,297.4486083984375,612400
2025-07-28,VRSK,296.6199951171875,297.5899963378906,294.0799865722656,294.42999267578125,293.9246826171875,635500
2025-07-28,VRSK,296.6199951171875,297.5899963378906,294.0799865722656,294.42999267578125,293.9246826171875,635500
2025-07-29,VRSK,295.5,295.57000732421875,292.5,294.04998779296875,293.5453186035156,1066400
2025-07-29,VRSK,295.5,295.57000732421875,292.5,294.04998779296875,293.5453186035156,1066400
2025-07-30,VRSK,295.7900085449219,300.94000244140625,274.3299865722656,275.4700012207031,274.9972229003906,2417200
2025-07-30,VRSK,295.7900085449219,300.94000244140625,274.3299865722656,275.4700012207031,274.9972229003906,2417200
2025-07-31,VRSK,271.260009765625,279.5400085449219,270.3599853515625,278.7099914550781,278.2316589355469,2403200
2025-07-31,VRSK,271.260009765625,279.5400085449219,270.3599853515625,278.7099914550781,278.2316589355469,2403200
2025-08-01,VRSK,280.92999267578125,281.82000732421875,271.7099914550781,271.8900146484375,271.4233703613281,1544000
2025-08-01,VRSK,280.92999267578125,281.82000732421875,271.7099914550781,271.8900146484375,271.4233703613281,1544000
2025-08-04,VRSK,272.0299987792969,273.5,267.54998779296875,268.0,267.5400390625,1527200
2025-08-04,VRSK,272.0299987792969,273.5,267.54998779296875,268.0,267.5400390625,1527200
2025-08-05,VRSK,267.3999938964844,268.4100036621094,262.1199951171875,264.7200012207031,264.26568603515625,1557700
2025-08-05,VRSK,267.3999938964844,268.4100036621094,262.1199951171875,264.7200012207031,264.26568603515625,1557700
2025-08-06,VRSK,264.7200012207031,266.260009765625,261.3599853515625,264.9800109863281,264.5252380371094,874500
2025-08-06,VRSK,264.7200012207031,266.260009765625,261.3599853515625,264.9800109863281,264.5252380371094,874500
2025-08-07,VRSK,265.9100036621094,268.19000244140625,263.70001220703125,264.5199890136719,264.0660095214844,1130000
2025-08-07,VRSK,265.9100036621094,268.19000244140625,263.70001220703125,264.5199890136719,264.0660095214844,1130000
2025-08-08,VRSK,263.94000244140625,266.760009765625,263.94000244140625,265.0400085449219,264.58514404296875,830100
2025-08-08,VRSK,263.94000244140625,266.760009765625,263.94000244140625,265.0400085449219,264.58514404296875,830100
2025-08-11,VRSK,265.2799987792969,267.9200134277344,264.0199890136719,267.4200134277344,266.9610595703125,1405700
2025-08-11,VRSK,265.2799987792969,267.9200134277344,264.0199890136719,267.4200134277344,266.9610595703125,1405700
2025-08-12,VRSK,267.0899963378906,267.0899963378906,259.7699890136719,260.0,259.55377197265625,1350600
2025-08-12,VRSK,267.0899963378906,267.0899963378906,259.7699890136719,260.0,259.55377197265625,1350600
2025-08-13,VRSK,260.19000244140625,264.5400085449219,259.010009765625,264.19000244140625,263.736572265625,900600
2025-08-13,VRSK,260.19000244140625,264.5400085449219,259.010009765625,264.19000244140625,263.736572265625,900600
2025-08-14,VRSK,264.9200134277344,269.8999938964844,263.0899963378906,267.70001220703125,267.2405700683594,1483000
2025-08-14,VRSK,264.9200134277344,269.8999938964844,263.0899963378906,267.70001220703125,267.2405700683594,1483000
2025-08-15,VRSK,268.0,269.4200134277344,265.3699951171875,267.8599853515625,267.4002685546875,940300
2025-08-15,VRSK,268.0,269.4200134277344,265.3699951171875,267.8599853515625,267.4002685546875,940300
2025-08-18,VRSK,268.010009765625,268.9800109863281,264.6700134277344,265.69000244140625,265.2340087890625,1033100
2025-08-18,VRSK,268.010009765625,268.9800109863281,264.6700134277344,265.69000244140625,265.2340087890625,1033100
2025-08-19,VRSK,265.8800048828125,271.6600036621094,263.7099914550781,271.010009765625,270.5448913574219,1043900
2025-08-19,VRSK,265.8800048828125,271.6600036621094,263.7099914550781,271.010009765625,270.5448913574219,1043900
2025-08-20,VRSK,273.010009765625,276.19000244140625,270.7200012207031,270.8500061035156,270.3851623535156,1368600
2025-08-20,VRSK,273.010009765625,276.19000244140625,270.7200012207031,270.8500061035156,270.3851623535156,1368600
2025-08-21,VRSK,269.6099853515625,273.489990234375,269.04998779296875,271.9100036621094,271.4433288574219,871900
2025-08-21,VRSK,269.6099853515625,273.489990234375,269.04998779296875,271.9100036621094,271.4433288574219,871900
2025-08-22,VRSK,273.4800109863281,274.7799987792969,269.6499938964844,271.0599975585937,270.59478759765625,830200
2025-08-22,VRSK,273.4800109863281,274.7799987792969,269.6499938964844,271.0599975585937,270.59478759765625,830200
2025-08-25,VRSK,270.7699890136719,271.20001220703125,266.3800048828125,267.07000732421875,266.61163330078125,937400
2025-08-25,VRSK,270.7699890136719,271.20001220703125,266.3800048828125,267.07000732421875,266.61163330078125,937400
2025-08-26,VRSK,266.8299865722656,268.760009765625,264.9599914550781,268.3099975585937,267.8495178222656,1101100
2025-08-26,VRSK,266.8299865722656,268.760009765625,264.9599914550781,268.3099975585937,267.8495178222656,1101100
2025-08-27,VRSK,267.7200012207031,268.7300109863281,266.6000061035156,267.70001220703125,267.2405700683594,840100
2025-08-27,VRSK,267.7200012207031,268.7300109863281,266.6000061035156,267.70001220703125,267.2405700683594,840100
2025-08-28,VRSK,266.5400085449219,267.3399963378906,265.1400146484375,266.19000244140625,265.733154296875,763200
2025-08-28,VRSK,266.5400085449219,267.3399963378906,265.1400146484375,266.19000244140625,265.733154296875,763200
2025-08-29,VRSK,266.760009765625,268.44000244140625,266.1499938964844,268.1199951171875,267.6598205566406,652600
2025-08-29,VRSK,266.760009765625,268.44000244140625,266.1499938964844,268.1199951171875,267.6598205566406,652600
2025-09-02,VRSK,268.3099975585937,268.5400085449219,263.2900085449219,265.0,264.5451965332031,1116300
2025-09-02,VRSK,268.3099975585937,268.5400085449219,263.2900085449219,265.0,264.5451965332031,1116300
2025-09-03,VRSK,265.0,268.5400085449219,265.0,268.44000244140625,267.9792785644531,933500
2025-09-03,VRSK,265.0,268.5400085449219,265.0,268.44000244140625,267.9792785644531,933500
2025-09-04,VRSK,268.7900085449219,270.8399963378906,267.17999267578125,270.04998779296875,269.5865173339844,1103500
2025-09-04,VRSK,268.7900085449219,270.8399963378906,267.17999267578125,270.04998779296875,269.5865173339844,1103500
2025-09-05,VRSK,271.0400085449219,273.7200012207031,268.1099853515625,270.3099975585937,269.8460693359375,1005000
2025-09-05,VRSK,271.0400085449219,273.7200012207031,268.1099853515625,270.3099975585937,269.8460693359375,1005000
2025-09-08,VRSK,270.5,273.20001220703125,268.32000732421875,273.0299987792969,272.5614013671875,1240400
2025-09-08,VRSK,270.5,273.20001220703125,268.32000732421875,273.0299987792969,272.5614013671875,1240400
2025-09-09,VRSK,272.8399963378906,273.8299865722656,268.2200012207031,268.6600036621094,268.19891357421875,902700
2025-09-09,VRSK,272.8399963378906,273.8299865722656,268.2200012207031,268.6600036621094,268.19891357421875,902700
2025-09-10,VRSK,266.70001220703125,268.19000244140625,261.4200134277344,262.7699890136719,262.3190002441406,954200
2025-09-10,VRSK,266.70001220703125,268.19000244140625,261.4200134277344,262.7699890136719,262.3190002441406,954200
2025-09-11,VRSK,262.739990234375,267.260009765625,262.739990234375,266.239990234375,265.7830505371094,1083400
2025-09-11,VRSK,262.739990234375,267.260009765625,262.739990234375,266.239990234375,265.7830505371094,1083400
2025-09-12,VRSK,266.57000732421875,267.07000732421875,262.0299987792969,262.20001220703125,261.75,895500
2025-09-12,VRSK,266.57000732421875,267.07000732421875,262.0299987792969,262.20001220703125,261.75,895500
2025-09-15,VRSK,261.8500061035156,263.6700134277344,254.66000366210935,255.0800018310547,255.0800018310547,1402000
2025-09-15,VRSK,261.8500061035156,263.6700134277344,254.66000366210935,255.0800018310547,255.0800018310547,1402000
2025-09-16,VRSK,254.72000122070312,256.94000244140625,251.1300048828125,251.8300018310547,251.8300018310547,1697100
2025-09-16,VRSK,254.72000122070312,256.94000244140625,251.1300048828125,251.8300018310547,251.8300018310547,1697100
2025-09-17,VRSK,250.67999267578125,255.22999572753903,248.97999572753903,249.69000244140625,249.69000244140625,1515400
2025-09-17,VRSK,250.67999267578125,255.22999572753903,248.97999572753903,249.69000244140625,249.69000244140625,1515400
2025-09-18,VRSK,248.5500030517578,251.1999969482422,245.0399932861328,245.3300018310547,245.3300018310547,1669900
2025-09-18,VRSK,248.5500030517578,251.1999969482422,245.0399932861328,245.3300018310547,245.3300018310547,1669900
2025-09-19,VRSK,246.1300048828125,246.17999267578125,242.57000732421875,243.47000122070312,243.47000122070312,2380600
2025-09-19,VRSK,246.1300048828125,246.17999267578125,242.57000732421875,243.47000122070312,243.47000122070312,2380600
2025-09-22,VRSK,241.82000732421875,244.3999938964844,239.8300018310547,244.17999267578125,244.17999267578125,1549600
2025-09-22,VRSK,241.82000732421875,244.3999938964844,239.8300018310547,244.17999267578125,244.17999267578125,1549600
2025-09-23,VRSK,243.3800048828125,245.8600006103516,240.1699981689453,242.3000030517578,242.3000030517578,1077600
2025-09-23,VRSK,243.3800048828125,245.8600006103516,240.1699981689453,242.3000030517578,242.3000030517578,1077600
2025-09-24,VRSK,241.9499969482422,245.83999633789065,240.9199981689453,242.9499969482422,242.9499969482422,1179600
2025-09-24,VRSK,241.9499969482422,245.83999633789065,240.9199981689453,242.9499969482422,242.9499969482422,1179600
2025-09-25,VRSK,244.0,246.02999877929688,240.88999938964844,244.05999755859372,244.05999755859372,1615700
2025-09-25,VRSK,244.0,246.02999877929688,240.88999938964844,244.05999755859372,244.05999755859372,1615700
2025-09-26,VRSK,244.1199951171875,248.82000732421875,242.6000061035156,247.07000732421875,247.07000732421875,1120600
2025-09-26,VRSK,244.1199951171875,248.82000732421875,242.6000061035156,247.07000732421875,247.07000732421875,1120600
2025-09-29,VRSK,245.91000366210935,250.3800048828125,245.3500061035156,248.77999877929688,248.77999877929688,1376500
2025-09-29,VRSK,245.91000366210935,250.3800048828125,245.3500061035156,248.77999877929688,248.77999877929688,1376500
2025-09-30,VRSK,247.00999450683597,253.3500061035156,246.3800048828125,251.50999450683597,251.50999450683597,1451900
2025-09-30,VRSK,247.00999450683597,253.3500061035156,246.3800048828125,251.50999450683597,251.50999450683597,1451900
2025-10-01,VRSK,252.8000030517578,252.8000030517578,247.8500061035156,249.5500030517578,249.5500030517578,1099100
2025-10-01,VRSK,252.8000030517578,252.8000030517578,247.8500061035156,249.5500030517578,249.5500030517578,1099100
2025-10-02,VRSK,249.5500030517578,251.9600067138672,246.83999633789065,247.42999267578125,247.42999267578125,1303800
2025-10-02,VRSK,249.5500030517578,251.9600067138672,246.83999633789065,247.42999267578125,247.42999267578125,1303800
2025-10-03,VRSK,247.05999755859372,250.1999969482422,245.9900054931641,249.0399932861328,249.0399932861328,861800
2025-10-03,VRSK,247.05999755859372,250.1999969482422,245.9900054931641,249.0399932861328,249.0399932861328,861800
2025-10-06,VRSK,249.25999450683597,249.25999450683597,242.8999938964844,245.07000732421875,245.07000732421875,1096400
2025-10-06,VRSK,249.25999450683597,249.25999450683597,242.8999938964844,245.07000732421875,245.07000732421875,1096400
2025-10-07,VRSK,244.3800048828125,246.1199951171875,242.67999267578125,246.08999633789065,246.08999633789065,824100
2025-10-07,VRSK,244.3800048828125,246.1199951171875,242.67999267578125,246.08999633789065,246.08999633789065,824100
2025-10-08,VRSK,245.94000244140625,245.94000244140625,241.6649932861328,243.125,243.125,139806
2025-10-08,VRSK,245.94000244140625,245.94000244140625,241.6649932861328,243.125,243.125,139806
2025-10-01,VRSK,252.8000030517578,252.8000030517578,247.85000610351562,249.5500030517578,249.5500030517578,1099100
2025-10-02,VRSK,249.5500030517578,251.9600067138672,246.83999633789062,247.42999267578125,247.42999267578125,1303800
2025-10-03,VRSK,247.05999755859375,250.1999969482422,245.99000549316406,249.0399932861328,249.0399932861328,861800
2025-10-06,VRSK,249.25999450683594,249.25999450683594,242.89999389648438,245.07000732421875,245.07000732421875,1096400
2025-10-07,VRSK,244.3800048828125,246.1199951171875,242.67999267578125,246.08999633789062,246.08999633789062,824100
2025-10-08,VRSK,245.94000244140625,245.94000244140625,241.6649932861328,243.30999755859375,243.30999755859375,149499
2025-10-01,VRSK,252.8000030517578,252.8000030517578,247.85000610351562,249.5500030517578,249.5500030517578,1099100
2025-10-02,VRSK,249.5500030517578,251.9600067138672,246.83999633789062,247.42999267578125,247.42999267578125,1303800
2025-10-03,VRSK,247.05999755859375,250.1999969482422,245.99000549316406,249.0399932861328,249.0399932861328,861800
2025-10-06,VRSK,249.25999450683594,249.25999450683594,242.89999389648438,245.07000732421875,245.07000732421875,1096400
2025-10-07,VRSK,244.3800048828125,246.1199951171875,242.67999267578125,246.08999633789062,246.08999633789062,824100
2025-10-08,VRSK,245.94000244140625,245.94000244140625,241.6649932861328,243.30999755859375,243.30999755859375,149499
