Date,Ticker,Open,High,Low,Close,Adj Close,Volume
2013-02-01,ZTS,31.5,31.739999771118164,30.46999931335449,31.01000022888184,28.134918212890625,66789100
2013-02-01,ZTS,31.5,31.739999771118164,30.46999931335449,31.01000022888184,28.134918212890625,66789100
2013-02-04,ZTS,31.09000015258789,31.989999771118164,30.76000022888184,31.020000457763672,28.143991470336918,7695400
2013-02-04,ZTS,31.09000015258789,31.989999771118164,30.76000022888184,31.020000457763672,28.143991470336918,7695400
2013-02-05,ZTS,31.25,31.979999542236328,30.850000381469727,31.040000915527344,28.16214179992676,5013200
2013-02-05,ZTS,31.25,31.979999542236328,30.850000381469727,31.040000915527344,28.16214179992676,5013200
2013-02-06,ZTS,30.979999542236328,31.43000030517578,30.75,31.030000686645508,28.15306663513184,2126100
2013-02-06,ZTS,30.979999542236328,31.43000030517578,30.75,31.030000686645508,28.15306663513184,2126100
2013-02-07,ZTS,31.0,32.72999954223633,31.0,32.0,29.03312492370605,3800800
2013-02-07,ZTS,31.0,32.72999954223633,31.0,32.0,29.03312492370605,3800800
2013-02-08,ZTS,32.310001373291016,33.47999954223633,32.29999923706055,33.04999923706055,29.98577308654785,2599300
2013-02-08,ZTS,32.310001373291016,33.47999954223633,32.29999923706055,33.04999923706055,29.98577308654785,2599300
2013-02-11,ZTS,33.060001373291016,33.5,32.880001068115234,33.2599983215332,30.17631721496582,1487200
2013-02-11,ZTS,33.060001373291016,33.5,32.880001068115234,33.2599983215332,30.17631721496582,1487200
2013-02-12,ZTS,33.400001525878906,34.0,33.150001525878906,33.7400016784668,30.61181640625,1637300
2013-02-12,ZTS,33.400001525878906,34.0,33.150001525878906,33.7400016784668,30.61181640625,1637300
2013-02-13,ZTS,33.79999923706055,33.79999923706055,33.0,33.54999923706055,30.43941116333008,1269700
2013-02-13,ZTS,33.79999923706055,33.79999923706055,33.0,33.54999923706055,30.43941116333008,1269700
2013-02-14,ZTS,33.38999938964844,33.45000076293945,32.77000045776367,33.27000045776367,30.18538475036621,2954500
2013-02-14,ZTS,33.38999938964844,33.45000076293945,32.77000045776367,33.27000045776367,30.18538475036621,2954500
2013-02-15,ZTS,33.310001373291016,34.09000015258789,33.0,33.97999954223633,30.829551696777344,5415400
2013-02-15,ZTS,33.310001373291016,34.09000015258789,33.0,33.97999954223633,30.829551696777344,5415400
2013-02-19,ZTS,34.02000045776367,34.06999969482422,33.56999969482422,33.84000015258789,30.70254135131836,1206900
2013-02-19,ZTS,34.02000045776367,34.06999969482422,33.56999969482422,33.84000015258789,30.70254135131836,1206900
2013-02-20,ZTS,33.84000015258789,33.880001068115234,32.599998474121094,32.720001220703125,29.68638229370117,1842900
2013-02-20,ZTS,33.84000015258789,33.880001068115234,32.599998474121094,32.720001220703125,29.68638229370117,1842900
2013-02-21,ZTS,32.5,32.79999923706055,31.86000061035156,32.560001373291016,29.541210174560547,3242300
2013-02-21,ZTS,32.5,32.79999923706055,31.86000061035156,32.560001373291016,29.541210174560547,3242300
2013-02-22,ZTS,32.779998779296875,32.93000030517578,32.5,32.59000015258789,29.56842994689941,954500
2013-02-22,ZTS,32.779998779296875,32.93000030517578,32.5,32.59000015258789,29.56842994689941,954500
2013-02-25,ZTS,32.68000030517578,32.689998626708984,32.0,32.06999969482422,29.096635818481445,818900
2013-02-25,ZTS,32.68000030517578,32.689998626708984,32.0,32.06999969482422,29.096635818481445,818900
2013-02-26,ZTS,32.04999923706055,32.400001525878906,31.989999771118164,32.040000915527344,29.06942176818848,1048700
2013-02-26,ZTS,32.04999923706055,32.400001525878906,31.989999771118164,32.040000915527344,29.06942176818848,1048700
2013-02-27,ZTS,32.0,33.04999923706055,32.0,32.31999969482422,29.32346534729004,1343600
2013-02-27,ZTS,32.0,33.04999923706055,32.0,32.31999969482422,29.32346534729004,1343600
2013-02-28,ZTS,32.560001373291016,33.54999923706055,32.560001373291016,33.45000076293945,30.348690032958984,2991400
2013-02-28,ZTS,32.560001373291016,33.54999923706055,32.560001373291016,33.45000076293945,30.348690032958984,2991400
2013-03-01,ZTS,33.36000061035156,34.70000076293945,33.150001525878906,34.599998474121094,31.39207649230957,2334000
2013-03-01,ZTS,33.36000061035156,34.70000076293945,33.150001525878906,34.599998474121094,31.39207649230957,2334000
2013-03-04,ZTS,34.79999923706055,34.88999938964844,34.2400016784668,34.349998474121094,31.16526222229004,865400
2013-03-04,ZTS,34.79999923706055,34.88999938964844,34.2400016784668,34.349998474121094,31.16526222229004,865400
2013-03-05,ZTS,34.40999984741211,34.47999954223633,33.75,34.290000915527344,31.11080741882324,1413400
2013-03-05,ZTS,34.40999984741211,34.47999954223633,33.75,34.290000915527344,31.11080741882324,1413400
2013-03-06,ZTS,34.34000015258789,34.380001068115234,33.849998474121094,33.849998474121094,30.71160697937012,802000
2013-03-06,ZTS,34.34000015258789,34.380001068115234,33.849998474121094,33.849998474121094,30.71160697937012,802000
2013-03-07,ZTS,33.95000076293945,34.68000030517578,33.560001373291016,34.560001373291016,31.35578155517578,1320000
2013-03-07,ZTS,33.95000076293945,34.68000030517578,33.560001373291016,34.560001373291016,31.35578155517578,1320000
2013-03-08,ZTS,34.029998779296875,34.689998626708984,33.79999923706055,34.09000015258789,30.929349899291992,1541100
2013-03-08,ZTS,34.029998779296875,34.689998626708984,33.79999923706055,34.09000015258789,30.929349899291992,1541100
2013-03-11,ZTS,33.970001220703125,34.2599983215332,33.25,34.18000030517578,31.01101303100586,1729400
2013-03-11,ZTS,33.970001220703125,34.2599983215332,33.25,34.18000030517578,31.01101303100586,1729400
2013-03-12,ZTS,34.119998931884766,34.2400016784668,33.599998474121094,33.81999969482422,30.68438720703125,1557600
2013-03-12,ZTS,34.119998931884766,34.2400016784668,33.599998474121094,33.81999969482422,30.68438720703125,1557600
2013-03-13,ZTS,33.900001525878906,34.060001373291016,33.08000183105469,34.0,30.84770393371582,2240800
2013-03-13,ZTS,33.900001525878906,34.060001373291016,33.08000183105469,34.0,30.84770393371582,2240800
2013-03-14,ZTS,34.33000183105469,35.41999816894531,34.29999923706055,34.63999938964844,31.428363800048828,1865200
2013-03-14,ZTS,34.33000183105469,35.41999816894531,34.29999923706055,34.63999938964844,31.428363800048828,1865200
2013-03-15,ZTS,34.70000076293945,34.84000015258789,33.310001373291016,33.439998626708984,30.33961677551269,2692100
2013-03-15,ZTS,34.70000076293945,34.84000015258789,33.310001373291016,33.439998626708984,30.33961677551269,2692100
2013-03-18,ZTS,32.75,32.939998626708984,32.63999938964844,32.84000015258789,29.79525375366211,2372000
2013-03-18,ZTS,32.75,32.939998626708984,32.63999938964844,32.84000015258789,29.79525375366211,2372000
2013-03-19,ZTS,32.79999923706055,33.41999816894531,32.33000183105469,32.79999923706055,29.758960723876957,1336200
2013-03-19,ZTS,32.79999923706055,33.41999816894531,32.33000183105469,32.79999923706055,29.758960723876957,1336200
2013-03-20,ZTS,32.900001525878906,33.540000915527344,32.5,33.5099983215332,30.40312957763672,1944000
2013-03-20,ZTS,32.900001525878906,33.540000915527344,32.5,33.5099983215332,30.40312957763672,1944000
2013-03-21,ZTS,33.900001525878906,34.0,33.290000915527344,33.470001220703125,30.36683654785156,514500
2013-03-21,ZTS,33.900001525878906,34.0,33.290000915527344,33.470001220703125,30.36683654785156,514500
2013-03-22,ZTS,33.54999923706055,33.75,32.7400016784668,33.119998931884766,30.049291610717773,763300
2013-03-22,ZTS,33.54999923706055,33.75,32.7400016784668,33.119998931884766,30.049291610717773,763300
2013-03-25,ZTS,33.47999954223633,33.47999954223633,32.25,32.459999084472656,29.45048141479492,1324600
2013-03-25,ZTS,33.47999954223633,33.47999954223633,32.25,32.459999084472656,29.45048141479492,1324600
2013-03-26,ZTS,32.72999954223633,32.790000915527344,32.0,32.5099983215332,29.49584579467773,1396500
2013-03-26,ZTS,32.72999954223633,32.790000915527344,32.0,32.5099983215332,29.49584579467773,1396500
2013-03-27,ZTS,32.380001068115234,32.88999938964844,32.060001373291016,32.7400016784668,29.704524993896484,1896800
2013-03-27,ZTS,32.380001068115234,32.88999938964844,32.060001373291016,32.7400016784668,29.704524993896484,1896800
2013-03-28,ZTS,32.849998474121094,33.5,32.630001068115234,33.400001525878906,30.30332374572754,7434900
2013-03-28,ZTS,32.849998474121094,33.5,32.630001068115234,33.400001525878906,30.30332374572754,7434900
2013-04-01,ZTS,33.41999816894531,33.59000015258789,32.43000030517578,32.59000015258789,29.56842994689941,1466300
2013-04-01,ZTS,33.41999816894531,33.59000015258789,32.43000030517578,32.59000015258789,29.56842994689941,1466300
2013-04-02,ZTS,32.65999984741211,33.130001068115234,32.459999084472656,32.54999923706055,29.532133102416992,712200
2013-04-02,ZTS,32.65999984741211,33.130001068115234,32.459999084472656,32.54999923706055,29.532133102416992,712200
2013-04-03,ZTS,32.66999816894531,32.97999954223633,32.36000061035156,32.529998779296875,29.513996124267575,1409700
2013-04-03,ZTS,32.66999816894531,32.97999954223633,32.36000061035156,32.529998779296875,29.513996124267575,1409700
2013-04-04,ZTS,32.40999984741211,32.5,31.709999084472656,31.84000015258789,28.88796615600586,1946400
2013-04-04,ZTS,32.40999984741211,32.5,31.709999084472656,31.84000015258789,28.88796615600586,1946400
2013-04-05,ZTS,31.729999542236328,32.06999969482422,30.56999969482422,31.959999084472656,28.996835708618164,3963500
2013-04-05,ZTS,31.729999542236328,32.06999969482422,30.56999969482422,31.959999084472656,28.996835708618164,3963500
2013-04-08,ZTS,31.950000762939453,32.97999954223633,31.770000457763672,32.91999816894531,29.86783218383789,1965200
2013-04-08,ZTS,31.950000762939453,32.97999954223633,31.770000457763672,32.91999816894531,29.86783218383789,1965200
2013-04-09,ZTS,33.04999923706055,33.59000015258789,32.560001373291016,33.439998626708984,30.33961677551269,2004400
2013-04-09,ZTS,33.04999923706055,33.59000015258789,32.560001373291016,33.439998626708984,30.33961677551269,2004400
2013-04-10,ZTS,33.7599983215332,33.7599983215332,32.97999954223633,33.150001525878906,30.07650756835937,969500
2013-04-10,ZTS,33.7599983215332,33.7599983215332,32.97999954223633,33.150001525878906,30.07650756835937,969500
2013-04-11,ZTS,33.220001220703125,33.2400016784668,32.869998931884766,33.15999984741211,30.0855655670166,1826600
2013-04-11,ZTS,33.220001220703125,33.2400016784668,32.869998931884766,33.15999984741211,30.0855655670166,1826600
2013-04-12,ZTS,32.970001220703125,33.349998474121094,32.599998474121094,33.22999954223633,30.14909553527832,723500
2013-04-12,ZTS,32.970001220703125,33.349998474121094,32.599998474121094,33.22999954223633,30.14909553527832,723500
2013-04-15,ZTS,33.06999969482422,33.22999954223633,32.16999816894531,32.2400016784668,29.25088119506836,839500
2013-04-15,ZTS,33.06999969482422,33.22999954223633,32.16999816894531,32.2400016784668,29.25088119506836,839500
2013-04-16,ZTS,32.36000061035156,33.369998931884766,32.290000915527344,33.209999084472656,30.13094139099121,2271200
2013-04-16,ZTS,32.36000061035156,33.369998931884766,32.290000915527344,33.209999084472656,30.13094139099121,2271200
2013-04-17,ZTS,32.97999954223633,33.22999954223633,32.16999816894531,32.88999938964844,29.84061622619629,3140500
2013-04-17,ZTS,32.97999954223633,33.22999954223633,32.16999816894531,32.88999938964844,29.84061622619629,3140500
2013-04-18,ZTS,33.099998474121094,33.099998474121094,32.380001068115234,32.470001220703125,29.45956420898437,799900
2013-04-18,ZTS,33.099998474121094,33.099998474121094,32.380001068115234,32.470001220703125,29.45956420898437,799900
2013-04-19,ZTS,32.709999084472656,32.790000915527344,31.809999465942383,32.709999084472656,29.67729759216309,2159300
2013-04-19,ZTS,32.709999084472656,32.790000915527344,31.809999465942383,32.709999084472656,29.67729759216309,2159300
2013-04-22,ZTS,32.900001525878906,32.900001525878906,32.220001220703125,32.65999984741211,29.63192749023437,922100
2013-04-22,ZTS,32.900001525878906,32.900001525878906,32.220001220703125,32.65999984741211,29.63192749023437,922100
2013-04-23,ZTS,32.779998779296875,32.959999084472656,31.5,31.700000762939453,28.760942459106445,2731700
2013-04-23,ZTS,32.779998779296875,32.959999084472656,31.5,31.700000762939453,28.760942459106445,2731700
2013-04-24,ZTS,31.6299991607666,31.690000534057617,30.420000076293945,30.6200008392334,27.781082153320312,4149300
2013-04-24,ZTS,31.6299991607666,31.690000534057617,30.420000076293945,30.6200008392334,27.781082153320312,4149300
2013-04-25,ZTS,30.93000030517578,31.989999771118164,30.75,31.549999237060547,28.62484741210937,1520600
2013-04-25,ZTS,30.93000030517578,31.989999771118164,30.75,31.549999237060547,28.62484741210937,1520600
2013-04-26,ZTS,31.61000061035156,32.68000030517578,31.61000061035156,32.63999938964844,29.61379051208496,1421800
2013-04-26,ZTS,31.61000061035156,32.68000030517578,31.61000061035156,32.63999938964844,29.61379051208496,1421800
2013-04-29,ZTS,32.95000076293945,32.95000076293945,32.16999816894531,32.65999984741211,29.691064834594727,1711600
2013-04-29,ZTS,32.95000076293945,32.95000076293945,32.16999816894531,32.65999984741211,29.691064834594727,1711600
2013-04-30,ZTS,33.68000030517578,34.7400016784668,32.93000030517578,33.02000045776367,30.01834487915039,3390300
2013-04-30,ZTS,33.68000030517578,34.7400016784668,32.93000030517578,33.02000045776367,30.01834487915039,3390300
2013-05-01,ZTS,32.970001220703125,33.5099983215332,32.65999984741211,33.38999938964844,30.354698181152344,1393100
2013-05-01,ZTS,32.970001220703125,33.5099983215332,32.65999984741211,33.38999938964844,30.354698181152344,1393100
2013-05-02,ZTS,33.380001068115234,33.869998931884766,33.11000061035156,33.279998779296875,30.25470542907715,696300
2013-05-02,ZTS,33.380001068115234,33.869998931884766,33.11000061035156,33.279998779296875,30.25470542907715,696300
2013-05-03,ZTS,33.619998931884766,33.63999938964844,33.0,33.209999084472656,30.19106674194336,998400
2013-05-03,ZTS,33.619998931884766,33.63999938964844,33.0,33.209999084472656,30.19106674194336,998400
2013-05-06,ZTS,33.349998474121094,33.4900016784668,32.75,32.939998626708984,29.945613861083984,503700
2013-05-06,ZTS,33.349998474121094,33.4900016784668,32.75,32.939998626708984,29.945613861083984,503700
2013-05-07,ZTS,33.08000183105469,33.08000183105469,32.290000915527344,32.880001068115234,29.89105987548828,700700
2013-05-07,ZTS,33.08000183105469,33.08000183105469,32.290000915527344,32.880001068115234,29.89105987548828,700700
2013-05-08,ZTS,33.0,33.439998626708984,32.720001220703125,33.2599983215332,30.23651885986328,1034100
2013-05-08,ZTS,33.0,33.439998626708984,32.720001220703125,33.2599983215332,30.23651885986328,1034100
2013-05-09,ZTS,33.310001373291016,33.66999816894531,33.279998779296875,33.54999923706055,30.50015640258789,977200
2013-05-09,ZTS,33.310001373291016,33.66999816894531,33.279998779296875,33.54999923706055,30.50015640258789,977200
2013-05-10,ZTS,33.540000915527344,33.61000061035156,32.970001220703125,33.18000030517578,30.163799285888672,534100
2013-05-10,ZTS,33.540000915527344,33.61000061035156,32.970001220703125,33.18000030517578,30.163799285888672,534100
2013-05-13,ZTS,33.060001373291016,33.4900016784668,32.75,33.040000915527344,30.036527633666992,438700
2013-05-13,ZTS,33.060001373291016,33.4900016784668,32.75,33.040000915527344,30.036527633666992,438700
2013-05-14,ZTS,33.130001068115234,33.75,32.849998474121094,33.08000183105469,30.072887420654297,872300
2013-05-14,ZTS,33.130001068115234,33.75,32.849998474121094,33.08000183105469,30.072887420654297,872300
2013-05-15,ZTS,32.939998626708984,33.060001373291016,32.560001373291016,32.790000915527344,29.80925178527832,563200
2013-05-15,ZTS,32.939998626708984,33.060001373291016,32.560001373291016,32.790000915527344,29.80925178527832,563200
2013-05-16,ZTS,33.47999954223633,33.79999923706055,33.15999984741211,33.38999938964844,30.354698181152344,1278700
2013-05-16,ZTS,33.47999954223633,33.79999923706055,33.15999984741211,33.38999938964844,30.354698181152344,1278700
2013-05-17,ZTS,33.349998474121094,33.900001525878906,33.189998626708984,33.900001525878906,30.818344116210938,962200
2013-05-17,ZTS,33.349998474121094,33.900001525878906,33.189998626708984,33.900001525878906,30.818344116210938,962200
2013-05-20,ZTS,33.900001525878906,34.0,33.599998474121094,33.709999084472656,30.645612716674805,735700
2013-05-20,ZTS,33.900001525878906,34.0,33.599998474121094,33.709999084472656,30.645612716674805,735700
2013-05-21,ZTS,33.56999969482422,33.7400016784668,32.9900016784668,33.040000915527344,30.036527633666992,1692400
2013-05-21,ZTS,33.56999969482422,33.7400016784668,32.9900016784668,33.040000915527344,30.036527633666992,1692400
2013-05-22,ZTS,32.54999923706055,33.9900016784668,31.75,33.54999923706055,30.50015640258789,26006000
2013-05-22,ZTS,32.54999923706055,33.9900016784668,31.75,33.54999923706055,30.50015640258789,26006000
2013-05-23,ZTS,33.25,33.79999923706055,32.709999084472656,32.84000015258789,29.85470962524414,9008500
2013-05-23,ZTS,33.25,33.79999923706055,32.709999084472656,32.84000015258789,29.85470962524414,9008500
2013-05-24,ZTS,33.20000076293945,33.619998931884766,32.529998779296875,33.459999084472656,30.4183406829834,5911600
2013-05-24,ZTS,33.20000076293945,33.619998931884766,32.529998779296875,33.459999084472656,30.4183406829834,5911600
2013-05-28,ZTS,33.79999923706055,34.279998779296875,33.59000015258789,34.2599983215332,31.14561080932617,4960300
2013-05-28,ZTS,33.79999923706055,34.279998779296875,33.59000015258789,34.2599983215332,31.14561080932617,4960300
2013-05-29,ZTS,34.25,34.25,32.880001068115234,32.95000076293945,29.95470428466797,3095700
2013-05-29,ZTS,34.25,34.25,32.880001068115234,32.95000076293945,29.95470428466797,3095700
2013-05-30,ZTS,32.77000045776367,33.099998474121094,32.099998474121094,32.2400016784668,29.309249877929688,3934100
2013-05-30,ZTS,32.77000045776367,33.099998474121094,32.099998474121094,32.2400016784668,29.309249877929688,3934100
2013-05-31,ZTS,32.29999923706055,32.34000015258789,31.799999237060547,32.0,29.091062545776367,6512400
2013-05-31,ZTS,32.29999923706055,32.34000015258789,31.799999237060547,32.0,29.091062545776367,6512400
2013-06-03,ZTS,32.0099983215332,32.84000015258789,31.309999465942383,32.75,29.77288055419922,3398000
2013-06-03,ZTS,32.0099983215332,32.84000015258789,31.309999465942383,32.75,29.77288055419922,3398000
2013-06-04,ZTS,32.83000183105469,32.9900016784668,31.84000015258789,32.400001525878906,29.454702377319336,4513400
2013-06-04,ZTS,32.83000183105469,32.9900016784668,31.84000015258789,32.400001525878906,29.454702377319336,4513400
2013-06-05,ZTS,32.41999816894531,32.41999816894531,31.75,32.16999816894531,29.2456111907959,3522300
2013-06-05,ZTS,32.41999816894531,32.41999816894531,31.75,32.16999816894531,29.2456111907959,3522300
2013-06-06,ZTS,32.16999816894531,32.310001373291016,31.540000915527344,32.08000183105469,29.16379165649414,2918200
2013-06-06,ZTS,32.16999816894531,32.310001373291016,31.540000915527344,32.08000183105469,29.16379165649414,2918200
2013-06-07,ZTS,32.2599983215332,32.34000015258789,31.209999084472656,31.5,28.636512756347656,5134200
2013-06-07,ZTS,32.2599983215332,32.34000015258789,31.209999084472656,31.5,28.636512756347656,5134200
2013-06-10,ZTS,31.82999992370605,32.11000061035156,31.46999931335449,32.0099983215332,29.100154876708984,4992100
2013-06-10,ZTS,31.82999992370605,32.11000061035156,31.46999931335449,32.0099983215332,29.100154876708984,4992100
2013-06-11,ZTS,31.700000762939453,32.02000045776367,31.399999618530277,31.700000762939453,28.81833839416504,6367500
2013-06-11,ZTS,31.700000762939453,32.02000045776367,31.399999618530277,31.700000762939453,28.81833839416504,6367500
2013-06-12,ZTS,31.950000762939453,32.029998779296875,31.399999618530277,31.530000686645508,28.66379165649414,7648500
2013-06-12,ZTS,31.950000762939453,32.029998779296875,31.399999618530277,31.530000686645508,28.66379165649414,7648500
2013-06-13,ZTS,31.46999931335449,31.549999237060547,30.8700008392334,31.170000076293945,28.33651351928711,5849800
2013-06-13,ZTS,31.46999931335449,31.549999237060547,30.8700008392334,31.170000076293945,28.33651351928711,5849800
2013-06-14,ZTS,31.0,31.26000022888184,30.61000061035156,30.799999237060547,28.00014305114746,10665000
2013-06-14,ZTS,31.0,31.26000022888184,30.61000061035156,30.799999237060547,28.00014305114746,10665000
2013-06-17,ZTS,31.399999618530277,31.76000022888184,30.709999084472656,30.959999084472656,28.145601272583008,26785600
2013-06-17,ZTS,31.399999618530277,31.76000022888184,30.709999084472656,30.959999084472656,28.145601272583008,26785600
2013-06-18,ZTS,31.32999992370605,31.38999938964844,30.950000762939453,31.18000030517578,28.345605850219727,24286200
2013-06-18,ZTS,31.32999992370605,31.38999938964844,30.950000762939453,31.18000030517578,28.345605850219727,24286200
2013-06-19,ZTS,31.059999465942383,31.239999771118164,30.81999969482422,31.0,28.181962966918945,23483400
2013-06-19,ZTS,31.059999465942383,31.239999771118164,30.81999969482422,31.0,28.181962966918945,23483400
2013-06-20,ZTS,30.88999938964844,31.040000915527344,30.049999237060547,30.190000534057617,27.445602416992188,14938500
2013-06-20,ZTS,30.88999938964844,31.040000915527344,30.049999237060547,30.190000534057617,27.445602416992188,14938500
2013-06-21,ZTS,30.549999237060547,31.09000015258789,30.34000015258789,30.600000381469727,27.818323135375977,33694200
2013-06-21,ZTS,30.549999237060547,31.09000015258789,30.34000015258789,30.600000381469727,27.818323135375977,33694200
2013-06-24,ZTS,30.149999618530277,30.5,29.399999618530277,30.3799991607666,27.61832427978516,40766000
2013-06-24,ZTS,30.149999618530277,30.5,29.399999618530277,30.3799991607666,27.61832427978516,40766000
2013-06-25,ZTS,30.799999237060547,31.6200008392334,30.5,31.489999771118164,28.627422332763672,13511100
2013-06-25,ZTS,30.799999237060547,31.6200008392334,30.5,31.489999771118164,28.627422332763672,13511100
2013-06-26,ZTS,31.799999237060547,31.899999618530277,30.920000076293945,30.96999931335449,28.154693603515625,23779700
2013-06-26,ZTS,31.799999237060547,31.899999618530277,30.920000076293945,30.96999931335449,28.154693603515625,23779700
2013-06-27,ZTS,31.459999084472656,31.51000022888184,30.790000915527344,30.8700008392334,28.06378173828125,16734600
2013-06-27,ZTS,31.459999084472656,31.51000022888184,30.790000915527344,30.8700008392334,28.06378173828125,16734600
2013-06-28,ZTS,30.899999618530277,31.38999938964844,30.540000915527344,30.88999938964844,28.08196258544922,19415100
2013-06-28,ZTS,30.899999618530277,31.38999938964844,30.540000915527344,30.88999938964844,28.08196258544922,19415100
2013-07-01,ZTS,31.020000457763672,31.059999465942383,30.1299991607666,30.61000061035156,27.82742118835449,17601000
2013-07-01,ZTS,31.020000457763672,31.059999465942383,30.1299991607666,30.61000061035156,27.82742118835449,17601000
2013-07-02,ZTS,30.21999931335449,30.82999992370605,29.6200008392334,29.700000762939453,27.000146865844727,11157300
2013-07-02,ZTS,30.21999931335449,30.82999992370605,29.6200008392334,29.700000762939453,27.000146865844727,11157300
2013-07-03,ZTS,29.670000076293945,29.739999771118164,28.96999931335449,29.280000686645508,26.61832046508789,12930000
2013-07-03,ZTS,29.670000076293945,29.739999771118164,28.96999931335449,29.280000686645508,26.61832046508789,12930000
2013-07-05,ZTS,29.809999465942383,30.18000030517578,29.780000686645508,30.170000076293945,27.42742347717285,10819200
2013-07-05,ZTS,29.809999465942383,30.18000030517578,29.780000686645508,30.170000076293945,27.42742347717285,10819200
2013-07-08,ZTS,30.450000762939453,30.96999931335449,30.21999931335449,30.940000534057617,28.12742805480957,15675100
2013-07-08,ZTS,30.450000762939453,30.96999931335449,30.21999931335449,30.940000534057617,28.12742805480957,15675100
2013-07-09,ZTS,31.1200008392334,31.399999618530277,30.940000534057617,30.979999542236328,28.16378593444824,8704800
2013-07-09,ZTS,31.1200008392334,31.399999618530277,30.940000534057617,30.979999542236328,28.16378593444824,8704800
2013-07-10,ZTS,31.07999992370605,31.239999771118164,30.46999931335449,31.040000915527344,28.218338012695312,6506200
2013-07-10,ZTS,31.07999992370605,31.239999771118164,30.46999931335449,31.040000915527344,28.218338012695312,6506200
2013-07-11,ZTS,31.43000030517578,31.450000762939453,30.84000015258789,30.920000076293945,28.10924530029297,4486900
2013-07-11,ZTS,31.43000030517578,31.450000762939453,30.84000015258789,30.920000076293945,28.10924530029297,4486900
2013-07-12,ZTS,31.020000457763672,31.3799991607666,31.01000022888184,31.350000381469727,28.500152587890625,5429400
2013-07-12,ZTS,31.020000457763672,31.3799991607666,31.01000022888184,31.350000381469727,28.500152587890625,5429400
2013-07-15,ZTS,31.309999465942383,31.649999618530277,31.100000381469727,31.57999992370605,28.709243774414062,4201900
2013-07-15,ZTS,31.309999465942383,31.649999618530277,31.100000381469727,31.57999992370605,28.709243774414062,4201900
2013-07-16,ZTS,31.559999465942383,31.649999618530277,31.100000381469727,31.15999984741211,28.32741928100586,4301200
2013-07-16,ZTS,31.559999465942383,31.649999618530277,31.100000381469727,31.15999984741211,28.32741928100586,4301200
2013-07-17,ZTS,31.229999542236328,31.229999542236328,30.850000381469727,30.989999771118164,28.172876358032227,3545800
2013-07-17,ZTS,31.229999542236328,31.229999542236328,30.850000381469727,30.989999771118164,28.172876358032227,3545800
2013-07-18,ZTS,31.11000061035156,31.200000762939453,30.770000457763672,30.81999969482422,28.018329620361328,4053700
2013-07-18,ZTS,31.11000061035156,31.200000762939453,30.770000457763672,30.81999969482422,28.018329620361328,4053700
2013-07-19,ZTS,30.790000915527344,30.799999237060547,30.1200008392334,30.239999771118164,27.49104881286621,8946200
2013-07-19,ZTS,30.790000915527344,30.799999237060547,30.1200008392334,30.239999771118164,27.49104881286621,8946200
2013-07-22,ZTS,30.36000061035156,30.59000015258789,30.15999984741211,30.270000457763672,27.51832389831543,4255800
2013-07-22,ZTS,30.36000061035156,30.59000015258789,30.15999984741211,30.270000457763672,27.51832389831543,4255800
2013-07-23,ZTS,30.40999984741211,30.440000534057617,29.76000022888184,30.059999465942383,27.32742118835449,5091800
2013-07-23,ZTS,30.40999984741211,30.440000534057617,29.76000022888184,30.059999465942383,27.32742118835449,5091800
2013-07-24,ZTS,30.1299991607666,30.549999237060547,29.65999984741211,29.899999618530277,27.181962966918945,4890100
2013-07-24,ZTS,30.1299991607666,30.549999237060547,29.65999984741211,29.899999618530277,27.181962966918945,4890100
2013-07-25,ZTS,29.8799991607666,30.549999237060547,29.709999084472656,30.520000457763672,27.745607376098636,5472900
2013-07-25,ZTS,29.8799991607666,30.549999237060547,29.709999084472656,30.520000457763672,27.745607376098636,5472900
2013-07-26,ZTS,30.399999618530277,30.530000686645508,30.0,30.43000030517578,27.66378402709961,5051600
2013-07-26,ZTS,30.399999618530277,30.530000686645508,30.0,30.43000030517578,27.66378402709961,5051600
2013-07-29,ZTS,30.270000457763672,30.540000915527344,29.979999542236328,30.09000015258789,27.35469436645508,4123600
2013-07-29,ZTS,30.270000457763672,30.540000915527344,29.979999542236328,30.09000015258789,27.35469436645508,4123600
2013-07-30,ZTS,30.149999618530277,30.31999969482422,29.88999938964844,30.040000915527344,27.36835289001465,4630100
2013-07-30,ZTS,30.149999618530277,30.31999969482422,29.88999938964844,30.040000915527344,27.36835289001465,4630100
2013-07-31,ZTS,30.0,30.190000534057617,29.799999237060547,29.809999465942383,27.1588134765625,5375100
2013-07-31,ZTS,30.0,30.190000534057617,29.799999237060547,29.809999465942383,27.1588134765625,5375100
2013-08-01,ZTS,29.96999931335449,30.209999084472656,29.459999084472656,30.15999984741211,27.477684020996094,8105500
2013-08-01,ZTS,29.96999931335449,30.209999084472656,29.459999084472656,30.15999984741211,27.477684020996094,8105500
2013-08-02,ZTS,30.1200008392334,30.959999084472656,29.90999984741211,30.940000534057617,28.18832015991211,5187500
2013-08-02,ZTS,30.1200008392334,30.959999084472656,29.90999984741211,30.940000534057617,28.18832015991211,5187500
2013-08-05,ZTS,30.46999931335449,31.38999938964844,30.46999931335449,31.25,28.47074317932129,7283300
2013-08-05,ZTS,30.46999931335449,31.38999938964844,30.46999931335449,31.25,28.47074317932129,7283300
2013-08-06,ZTS,31.68000030517578,32.5,31.09000015258789,31.1299991607666,28.36141395568848,12471200
2013-08-06,ZTS,31.68000030517578,32.5,31.09000015258789,31.1299991607666,28.36141395568848,12471200
2013-08-07,ZTS,31.100000381469727,31.399999618530277,30.649999618530277,31.239999771118164,28.46163558959961,5920100
2013-08-07,ZTS,31.100000381469727,31.399999618530277,30.649999618530277,31.239999771118164,28.46163558959961,5920100
2013-08-08,ZTS,31.399999618530277,31.82999992370605,31.18000030517578,31.239999771118164,28.46163558959961,7161900
2013-08-08,ZTS,31.399999618530277,31.82999992370605,31.18000030517578,31.239999771118164,28.46163558959961,7161900
2013-08-09,ZTS,31.13999938964844,31.239999771118164,30.780000686645508,30.90999984741211,28.16098403930664,2784100
2013-08-09,ZTS,31.13999938964844,31.239999771118164,30.780000686645508,30.90999984741211,28.16098403930664,2784100
2013-08-12,ZTS,30.68000030517578,30.989999771118164,30.040000915527344,30.32999992370605,27.63256072998047,5793700
2013-08-12,ZTS,30.68000030517578,30.989999771118164,30.040000915527344,30.32999992370605,27.63256072998047,5793700
2013-08-13,ZTS,30.5,30.75,30.200000762939453,30.450000762939453,27.741899490356445,3116200
2013-08-13,ZTS,30.5,30.75,30.200000762939453,30.450000762939453,27.741899490356445,3116200
2013-08-14,ZTS,30.5,30.6299991607666,30.07999992370605,30.13999938964844,27.45945930480957,3858200
2013-08-14,ZTS,30.5,30.6299991607666,30.07999992370605,30.13999938964844,27.45945930480957,3858200
2013-08-15,ZTS,29.940000534057617,30.15999984741211,29.790000915527344,30.020000457763672,27.350133895874023,5818900
2013-08-15,ZTS,29.940000534057617,30.15999984741211,29.790000915527344,30.020000457763672,27.350133895874023,5818900
2013-08-16,ZTS,29.940000534057617,30.200000762939453,29.75,30.0,27.33191680908203,3678800
2013-08-16,ZTS,29.940000534057617,30.200000762939453,29.75,30.0,27.33191680908203,3678800
2013-08-19,ZTS,29.90999984741211,30.299999237060547,29.84000015258789,29.8700008392334,27.213472366333008,2480600
2013-08-19,ZTS,29.90999984741211,30.299999237060547,29.84000015258789,29.8700008392334,27.213472366333008,2480600
2013-08-20,ZTS,29.86000061035156,30.40999984741211,29.709999084472656,30.229999542236328,27.54145812988281,3804100
2013-08-20,ZTS,29.86000061035156,30.40999984741211,29.709999084472656,30.229999542236328,27.54145812988281,3804100
2013-08-21,ZTS,30.06999969482422,30.190000534057617,29.600000381469727,29.850000381469727,27.195247650146484,3531400
2013-08-21,ZTS,30.06999969482422,30.190000534057617,29.600000381469727,29.850000381469727,27.195247650146484,3531400
2013-08-22,ZTS,29.82999992370605,30.01000022888184,29.56999969482422,29.8700008392334,27.213472366333008,3030800
2013-08-22,ZTS,29.82999992370605,30.01000022888184,29.56999969482422,29.8700008392334,27.213472366333008,3030800
2013-08-23,ZTS,29.8799991607666,30.229999542236328,29.63999938964844,30.200000762939453,27.51412582397461,2531600
2013-08-23,ZTS,29.8799991607666,30.229999542236328,29.63999938964844,30.200000762939453,27.51412582397461,2531600
2013-08-26,ZTS,30.15999984741211,30.15999984741211,29.649999618530277,29.799999237060547,27.14969825744629,7179000
2013-08-26,ZTS,30.15999984741211,30.15999984741211,29.649999618530277,29.799999237060547,27.14969825744629,7179000
2013-08-27,ZTS,29.530000686645508,29.670000076293945,29.0,29.200000762939453,26.60306930541992,8103500
2013-08-27,ZTS,29.530000686645508,29.670000076293945,29.0,29.200000762939453,26.60306930541992,8103500
2013-08-28,ZTS,29.06999969482422,29.82999992370605,28.809999465942383,29.56999969482422,26.94015884399414,7067300
2013-08-28,ZTS,29.06999969482422,29.82999992370605,28.809999465942383,29.56999969482422,26.94015884399414,7067300
2013-08-29,ZTS,29.43000030517578,29.61000061035156,29.21999931335449,29.46999931335449,26.849044799804688,1590600
2013-08-29,ZTS,29.43000030517578,29.61000061035156,29.21999931335449,29.46999931335449,26.849044799804688,1590600
2013-08-30,ZTS,29.450000762939453,29.5,29.040000915527344,29.149999618530277,26.55750846862793,2296300
2013-08-30,ZTS,29.450000762939453,29.5,29.040000915527344,29.149999618530277,26.55750846862793,2296300
2013-09-03,ZTS,29.459999084472656,29.770000457763672,29.190000534057617,29.43000030517578,26.81260871887207,2052100
2013-09-03,ZTS,29.459999084472656,29.770000457763672,29.190000534057617,29.43000030517578,26.81260871887207,2052100
2013-09-04,ZTS,29.450000762939453,29.709999084472656,29.350000381469727,29.690000534057617,27.049488067626957,3187200
2013-09-04,ZTS,29.450000762939453,29.709999084472656,29.350000381469727,29.690000534057617,27.049488067626957,3187200
2013-09-05,ZTS,29.71999931335449,30.489999771118164,29.65999984741211,30.32999992370605,27.63256072998047,5688100
2013-09-05,ZTS,29.71999931335449,30.489999771118164,29.65999984741211,30.32999992370605,27.63256072998047,5688100
2013-09-06,ZTS,30.450000762939453,30.950000762939453,29.96999931335449,30.61000061035156,27.88766288757324,5245900
2013-09-06,ZTS,30.450000762939453,30.950000762939453,29.96999931335449,30.61000061035156,27.88766288757324,5245900
2013-09-09,ZTS,30.63999938964844,31.0,30.36000061035156,30.59000015258789,27.86944580078125,2723800
2013-09-09,ZTS,30.63999938964844,31.0,30.36000061035156,30.59000015258789,27.86944580078125,2723800
2013-09-10,ZTS,31.32999992370605,31.81999969482422,30.86000061035156,30.950000762939453,28.19742584228516,5024400
2013-09-10,ZTS,31.32999992370605,31.81999969482422,30.86000061035156,30.950000762939453,28.19742584228516,5024400
2013-09-11,ZTS,31.36000061035156,31.459999084472656,30.88999938964844,31.32999992370605,28.543621063232425,6367900
2013-09-11,ZTS,31.36000061035156,31.459999084472656,30.88999938964844,31.32999992370605,28.543621063232425,6367900
2013-09-12,ZTS,31.36000061035156,31.38999938964844,30.81999969482422,31.07999992370605,28.31586265563965,2881300
2013-09-12,ZTS,31.36000061035156,31.38999938964844,30.81999969482422,31.07999992370605,28.31586265563965,2881300
2013-09-13,ZTS,31.06999969482422,31.299999237060547,30.90999984741211,31.049999237060547,28.288524627685547,3087300
2013-09-13,ZTS,31.06999969482422,31.299999237060547,30.90999984741211,31.049999237060547,28.288524627685547,3087300
2013-09-16,ZTS,31.440000534057617,32.18000030517578,31.38999938964844,31.850000381469727,29.017383575439453,7069200
2013-09-16,ZTS,31.440000534057617,32.18000030517578,31.38999938964844,31.850000381469727,29.017383575439453,7069200
2013-09-17,ZTS,32.0099983215332,32.52000045776367,31.979999542236328,32.380001068115234,29.5002384185791,4616300
2013-09-17,ZTS,32.0099983215332,32.52000045776367,31.979999542236328,32.380001068115234,29.5002384185791,4616300
2013-09-18,ZTS,32.279998779296875,32.72999954223633,31.959999084472656,32.720001220703125,29.810009002685547,3913200
2013-09-18,ZTS,32.279998779296875,32.72999954223633,31.959999084472656,32.720001220703125,29.810009002685547,3913200
2013-09-19,ZTS,32.79999923706055,32.900001525878906,32.15999984741211,32.5099983215332,29.61868476867676,4128700
2013-09-19,ZTS,32.79999923706055,32.900001525878906,32.15999984741211,32.5099983215332,29.61868476867676,4128700
2013-09-20,ZTS,32.68000030517578,32.75,31.8700008392334,32.189998626708984,29.3271427154541,11372300
2013-09-20,ZTS,32.68000030517578,32.75,31.8700008392334,32.189998626708984,29.3271427154541,11372300
2013-09-23,ZTS,32.189998626708984,32.189998626708984,31.350000381469727,31.57999992370605,28.771394729614254,3322100
2013-09-23,ZTS,32.189998626708984,32.189998626708984,31.350000381469727,31.57999992370605,28.771394729614254,3322100
2013-09-24,ZTS,31.6200008392334,31.65999984741211,31.209999084472656,31.479999542236328,28.680288314819336,2212100
2013-09-24,ZTS,31.6200008392334,31.65999984741211,31.209999084472656,31.479999542236328,28.680288314819336,2212100
2013-09-25,ZTS,31.479999542236328,31.59000015258789,31.030000686645508,31.059999465942383,28.297637939453125,3165800
2013-09-25,ZTS,31.479999542236328,31.59000015258789,31.030000686645508,31.059999465942383,28.297637939453125,3165800
2013-09-26,ZTS,31.21999931335449,31.63999938964844,31.200000762939453,31.57999992370605,28.771394729614254,2289100
2013-09-26,ZTS,31.21999931335449,31.63999938964844,31.200000762939453,31.57999992370605,28.771394729614254,2289100
2013-09-27,ZTS,31.559999465942383,31.600000381469727,31.049999237060547,31.149999618530277,28.379636764526367,2391000
2013-09-27,ZTS,31.559999465942383,31.600000381469727,31.049999237060547,31.149999618530277,28.379636764526367,2391000
2013-09-30,ZTS,31.100000381469727,31.31999969482422,30.93000030517578,31.1200008392334,28.35231208801269,2890400
2013-09-30,ZTS,31.100000381469727,31.31999969482422,30.93000030517578,31.1200008392334,28.35231208801269,2890400
2013-10-01,ZTS,31.1200008392334,32.040000915527344,31.01000022888184,31.780000686645508,28.95360946655273,3263200
2013-10-01,ZTS,31.1200008392334,32.040000915527344,31.01000022888184,31.780000686645508,28.95360946655273,3263200
2013-10-02,ZTS,31.670000076293945,32.130001068115234,31.43000030517578,32.0,29.15404510498047,3071500
2013-10-02,ZTS,31.670000076293945,32.130001068115234,31.43000030517578,32.0,29.15404510498047,3071500
2013-10-03,ZTS,31.790000915527344,31.81999969482422,31.34000015258789,31.479999542236328,28.680288314819336,2520500
2013-10-03,ZTS,31.790000915527344,31.81999969482422,31.34000015258789,31.479999542236328,28.680288314819336,2520500
2013-10-04,ZTS,32.290000915527344,32.560001373291016,31.63999938964844,32.04999923706055,29.1995906829834,5795500
2013-10-04,ZTS,32.290000915527344,32.560001373291016,31.63999938964844,32.04999923706055,29.1995906829834,5795500
2013-10-07,ZTS,31.700000762939453,32.380001068115234,31.59000015258789,31.93000030517578,29.09026527404785,4420200
2013-10-07,ZTS,31.700000762939453,32.380001068115234,31.59000015258789,31.93000030517578,29.09026527404785,4420200
2013-10-08,ZTS,31.86000061035156,32.09000015258789,31.459999084472656,31.530000686645508,28.725839614868164,4152500
2013-10-08,ZTS,31.86000061035156,32.09000015258789,31.459999084472656,31.530000686645508,28.725839614868164,4152500
2013-10-09,ZTS,31.729999542236328,31.729999542236328,31.07999992370605,31.43000030517578,28.634735107421875,3379900
2013-10-09,ZTS,31.729999542236328,31.729999542236328,31.07999992370605,31.43000030517578,28.634735107421875,3379900
2013-10-10,ZTS,31.780000686645508,32.36000061035156,31.46999931335449,32.36000061035156,29.482027053833008,4397600
2013-10-10,ZTS,31.780000686645508,32.36000061035156,31.46999931335449,32.36000061035156,29.482027053833008,4397600
2013-10-11,ZTS,32.439998626708984,32.77000045776367,32.029998779296875,32.400001525878906,29.51847076416016,6164800
2013-10-11,ZTS,32.439998626708984,32.77000045776367,32.029998779296875,32.400001525878906,29.51847076416016,6164800
2013-10-14,ZTS,32.029998779296875,32.459999084472656,31.86000061035156,32.290000915527344,29.41825294494629,2527800
2013-10-14,ZTS,32.029998779296875,32.459999084472656,31.86000061035156,32.290000915527344,29.41825294494629,2527800
2013-10-15,ZTS,32.220001220703125,32.41999816894531,32.0,32.06999969482422,29.21781349182129,2326600
2013-10-15,ZTS,32.220001220703125,32.41999816894531,32.0,32.06999969482422,29.21781349182129,2326600
2013-10-16,ZTS,32.2599983215332,32.970001220703125,32.2599983215332,32.88999938964844,29.964889526367188,3625900
2013-10-16,ZTS,32.2599983215332,32.970001220703125,32.2599983215332,32.88999938964844,29.964889526367188,3625900
2013-10-17,ZTS,32.83000183105469,33.189998626708984,32.77000045776367,33.029998779296875,30.092437744140625,2891500
2013-10-17,ZTS,32.83000183105469,33.189998626708984,32.77000045776367,33.029998779296875,30.092437744140625,2891500
2013-10-18,ZTS,33.15999984741211,33.29999923706055,32.849998474121094,33.220001220703125,30.26554298400879,3979400
2013-10-18,ZTS,33.15999984741211,33.29999923706055,32.849998474121094,33.220001220703125,30.26554298400879,3979400
2013-10-21,ZTS,33.15999984741211,33.34000015258789,32.619998931884766,32.77000045776367,29.855558395385746,2677800
2013-10-21,ZTS,33.15999984741211,33.34000015258789,32.619998931884766,32.77000045776367,29.855558395385746,2677800
2013-10-22,ZTS,32.91999816894531,33.0,32.2599983215332,32.5099983215332,29.61868476867676,3084600
2013-10-22,ZTS,32.91999816894531,33.0,32.2599983215332,32.5099983215332,29.61868476867676,3084600
2013-10-23,ZTS,32.47999954223633,32.900001525878906,32.47999954223633,32.599998474121094,29.700681686401367,2817700
2013-10-23,ZTS,32.47999954223633,32.900001525878906,32.47999954223633,32.599998474121094,29.700681686401367,2817700
2013-10-24,ZTS,32.75,32.88999938964844,32.5,32.7400016784668,29.828235626220703,2351500
2013-10-24,ZTS,32.75,32.88999938964844,32.5,32.7400016784668,29.828235626220703,2351500
2013-10-25,ZTS,32.79999923706055,32.79999923706055,32.349998474121094,32.470001220703125,29.582246780395508,1480800
2013-10-25,ZTS,32.79999923706055,32.79999923706055,32.349998474121094,32.470001220703125,29.582246780395508,1480800
2013-10-28,ZTS,32.529998779296875,32.529998779296875,31.940000534057617,31.979999542236328,29.135820388793945,3636400
2013-10-28,ZTS,32.529998779296875,32.529998779296875,31.940000534057617,31.979999542236328,29.135820388793945,3636400
2013-10-29,ZTS,31.989999771118164,32.29999923706055,31.920000076293945,32.029998779296875,29.18136978149414,2912000
2013-10-29,ZTS,31.989999771118164,32.29999923706055,31.920000076293945,32.029998779296875,29.18136978149414,2912000
2013-10-30,ZTS,32.16999816894531,32.61000061035156,31.950000762939453,32.060001373291016,29.26809501647949,4398600
2013-10-30,ZTS,32.16999816894531,32.61000061035156,31.950000762939453,32.060001373291016,29.26809501647949,4398600
2013-10-31,ZTS,32.0,32.279998779296875,31.65999984741211,31.65999984741211,28.90293502807617,4241700
2013-10-31,ZTS,32.0,32.279998779296875,31.65999984741211,31.65999984741211,28.90293502807617,4241700
2013-11-01,ZTS,31.770000457763672,31.93000030517578,31.3799991607666,31.84000015258789,29.06726455688477,5890500
2013-11-01,ZTS,31.770000457763672,31.93000030517578,31.3799991607666,31.84000015258789,29.06726455688477,5890500
2013-11-04,ZTS,31.84000015258789,31.989999771118164,31.520000457763672,31.93000030517578,29.149417877197266,3838900
2013-11-04,ZTS,31.84000015258789,31.989999771118164,31.520000457763672,31.93000030517578,29.149417877197266,3838900
2013-11-05,ZTS,31.899999618530277,31.96999931335449,31.26000022888184,31.690000534057617,28.93031311035156,6642200
2013-11-05,ZTS,31.899999618530277,31.96999931335449,31.26000022888184,31.690000534057617,28.93031311035156,6642200
2013-11-06,ZTS,32.08000183105469,32.18000030517578,30.88999938964844,31.270000457763672,28.546905517578125,6722800
2013-11-06,ZTS,32.08000183105469,32.18000030517578,30.88999938964844,31.270000457763672,28.546905517578125,6722800
2013-11-07,ZTS,31.3799991607666,31.530000686645508,30.86000061035156,31.040000915527344,28.336929321289062,5204600
2013-11-07,ZTS,31.3799991607666,31.530000686645508,30.86000061035156,31.040000915527344,28.336929321289062,5204600
2013-11-08,ZTS,31.170000076293945,31.6299991607666,30.959999084472656,31.59000015258789,28.83902931213379,4664000
2013-11-08,ZTS,31.170000076293945,31.6299991607666,30.959999084472656,31.59000015258789,28.83902931213379,4664000
2013-11-11,ZTS,31.700000762939453,32.0,31.6200008392334,31.770000457763672,29.003353118896484,3078700
2013-11-11,ZTS,31.700000762939453,32.0,31.6200008392334,31.770000457763672,29.003353118896484,3078700
2013-11-12,ZTS,31.75,31.979999542236328,31.450000762939453,31.84000015258789,29.06726455688477,3204200
2013-11-12,ZTS,31.75,31.979999542236328,31.450000762939453,31.84000015258789,29.06726455688477,3204200
2013-11-13,ZTS,31.649999618530277,31.809999465942383,31.280000686645508,31.71999931335449,28.95771026611328,4179800
2013-11-13,ZTS,31.649999618530277,31.809999465942383,31.280000686645508,31.71999931335449,28.95771026611328,4179800
2013-11-14,ZTS,31.93000030517578,32.18000030517578,31.479999542236328,31.68000030517578,28.92119598388672,2945000
2013-11-14,ZTS,31.93000030517578,32.18000030517578,31.479999542236328,31.68000030517578,28.92119598388672,2945000
2013-11-15,ZTS,31.690000534057617,31.8700008392334,31.40999984741211,31.809999465942383,29.039871215820312,3601700
2013-11-15,ZTS,31.690000534057617,31.8700008392334,31.40999984741211,31.809999465942383,29.039871215820312,3601700
2013-11-18,ZTS,31.84000015258789,31.959999084472656,31.459999084472656,31.6200008392334,28.866416931152344,2927500
2013-11-18,ZTS,31.84000015258789,31.959999084472656,31.459999084472656,31.6200008392334,28.866416931152344,2927500
2013-11-19,ZTS,31.65999984741211,31.950000762939453,31.200000762939453,31.420000076293945,28.68383407592773,2571200
2013-11-19,ZTS,31.65999984741211,31.950000762939453,31.200000762939453,31.420000076293945,28.68383407592773,2571200
2013-11-20,ZTS,31.420000076293945,31.81999969482422,31.209999084472656,31.3700008392334,28.638185501098636,2374400
2013-11-20,ZTS,31.420000076293945,31.81999969482422,31.209999084472656,31.3700008392334,28.638185501098636,2374400
2013-11-21,ZTS,31.489999771118164,31.71999931335449,31.31999969482422,31.57999992370605,28.82990264892578,4425000
2013-11-21,ZTS,31.489999771118164,31.71999931335449,31.31999969482422,31.57999992370605,28.82990264892578,4425000
2013-11-22,ZTS,31.63999938964844,31.729999542236328,31.25,31.36000061035156,28.62906265258789,3850500
2013-11-22,ZTS,31.63999938964844,31.729999542236328,31.25,31.36000061035156,28.62906265258789,3850500
2013-11-25,ZTS,31.40999984741211,31.420000076293945,31.059999465942383,31.290000915527344,28.56515884399414,4719800
2013-11-25,ZTS,31.40999984741211,31.420000076293945,31.059999465942383,31.290000915527344,28.56515884399414,4719800
2013-11-26,ZTS,31.459999084472656,31.920000076293945,31.38999938964844,31.420000076293945,28.68383407592773,4398400
2013-11-26,ZTS,31.459999084472656,31.920000076293945,31.38999938964844,31.420000076293945,28.68383407592773,4398400
2013-11-27,ZTS,31.450000762939453,31.549999237060547,31.100000381469727,31.280000686645508,28.55602264404297,1783200
2013-11-27,ZTS,31.450000762939453,31.549999237060547,31.100000381469727,31.280000686645508,28.55602264404297,1783200
2013-11-29,ZTS,31.290000915527344,31.450000762939453,31.07999992370605,31.149999618530277,28.437345504760746,1058600
2013-11-29,ZTS,31.290000915527344,31.450000762939453,31.07999992370605,31.149999618530277,28.437345504760746,1058600
2013-12-02,ZTS,31.309999465942383,31.600000381469727,31.09000015258789,31.149999618530277,28.437345504760746,4065200
2013-12-02,ZTS,31.309999465942383,31.600000381469727,31.09000015258789,31.149999618530277,28.437345504760746,4065200
2013-12-03,ZTS,31.1299991607666,31.239999771118164,30.88999938964844,31.09000015258789,28.382572174072266,5514800
2013-12-03,ZTS,31.1299991607666,31.239999771118164,30.88999938964844,31.09000015258789,28.382572174072266,5514800
2013-12-04,ZTS,31.06999969482422,31.34000015258789,30.959999084472656,31.209999084472656,28.492116928100582,3196400
2013-12-04,ZTS,31.06999969482422,31.34000015258789,30.959999084472656,31.209999084472656,28.492116928100582,3196400
2013-12-05,ZTS,31.200000762939453,31.709999084472656,31.0,31.440000534057617,28.702098846435547,6498000
2013-12-05,ZTS,31.200000762939453,31.709999084472656,31.0,31.440000534057617,28.702098846435547,6498000
2013-12-06,ZTS,31.6200008392334,31.690000534057617,31.299999237060547,31.540000915527344,28.79339027404785,3263700
2013-12-06,ZTS,31.6200008392334,31.690000534057617,31.299999237060547,31.540000915527344,28.79339027404785,3263700
2013-12-09,ZTS,31.559999465942383,31.940000534057617,31.38999938964844,31.75,28.98509788513184,3073800
2013-12-09,ZTS,31.559999465942383,31.940000534057617,31.38999938964844,31.75,28.98509788513184,3073800
2013-12-10,ZTS,31.6200008392334,31.6200008392334,31.200000762939453,31.36000061035156,28.62906265258789,2941900
2013-12-10,ZTS,31.6200008392334,31.6200008392334,31.200000762939453,31.36000061035156,28.62906265258789,2941900
2013-12-11,ZTS,31.43000030517578,31.540000915527344,30.76000022888184,31.09000015258789,28.382572174072266,4436300
2013-12-11,ZTS,31.43000030517578,31.540000915527344,30.76000022888184,31.09000015258789,28.382572174072266,4436300
2013-12-12,ZTS,30.979999542236328,31.40999984741211,30.979999542236328,31.170000076293945,28.455602645874023,3603500
2013-12-12,ZTS,30.979999542236328,31.40999984741211,30.979999542236328,31.170000076293945,28.455602645874023,3603500
2013-12-13,ZTS,31.309999465942383,31.88999938964844,31.229999542236328,31.57999992370605,28.82990264892578,3286500
2013-12-13,ZTS,31.309999465942383,31.88999938964844,31.229999542236328,31.57999992370605,28.82990264892578,3286500
2013-12-16,ZTS,31.670000076293945,32.0,31.549999237060547,32.0,29.21332550048828,2635600
2013-12-16,ZTS,31.670000076293945,32.0,31.549999237060547,32.0,29.21332550048828,2635600
2013-12-17,ZTS,31.90999984741211,31.96999931335449,31.31999969482422,31.63999938964844,28.88468170166016,2629700
2013-12-17,ZTS,31.90999984741211,31.96999931335449,31.31999969482422,31.63999938964844,28.88468170166016,2629700
2013-12-18,ZTS,31.61000061035156,32.20000076293945,31.299999237060547,32.16999816894531,29.36852264404297,3684400
2013-12-18,ZTS,31.61000061035156,32.20000076293945,31.299999237060547,32.16999816894531,29.36852264404297,3684400
2013-12-19,ZTS,32.13999938964844,32.369998931884766,31.65999984741211,32.310001373291016,29.496326446533203,3447300
2013-12-19,ZTS,32.13999938964844,32.369998931884766,31.65999984741211,32.310001373291016,29.496326446533203,3447300
2013-12-20,ZTS,32.33000183105469,32.689998626708984,32.2599983215332,32.380001068115234,29.560226440429688,3681000
2013-12-20,ZTS,32.33000183105469,32.689998626708984,32.2599983215332,32.380001068115234,29.560226440429688,3681000
2013-12-23,ZTS,32.61000061035156,32.63999938964844,32.15999984741211,32.369998931884766,29.55111122131348,2219800
2013-12-23,ZTS,32.61000061035156,32.63999938964844,32.15999984741211,32.369998931884766,29.55111122131348,2219800
2013-12-24,ZTS,32.29999923706055,32.47999954223633,32.06999969482422,32.369998931884766,29.55111122131348,624300
2013-12-24,ZTS,32.29999923706055,32.47999954223633,32.06999969482422,32.369998931884766,29.55111122131348,624300
2013-12-26,ZTS,32.5,32.779998779296875,32.400001525878906,32.59000015258789,29.75194549560547,1504700
2013-12-26,ZTS,32.5,32.779998779296875,32.400001525878906,32.59000015258789,29.75194549560547,1504700
2013-12-27,ZTS,32.689998626708984,32.77000045776367,32.470001220703125,32.66999816894531,29.824975967407227,1322400
2013-12-27,ZTS,32.689998626708984,32.77000045776367,32.470001220703125,32.66999816894531,29.824975967407227,1322400
2013-12-30,ZTS,32.7400016784668,32.84000015258789,32.540000915527344,32.66999816894531,29.824975967407227,1803600
2013-12-30,ZTS,32.7400016784668,32.84000015258789,32.540000915527344,32.66999816894531,29.824975967407227,1803600
2013-12-31,ZTS,32.79999923706055,32.810001373291016,32.459999084472656,32.689998626708984,29.843238830566406,2270400
2013-12-31,ZTS,32.79999923706055,32.810001373291016,32.459999084472656,32.689998626708984,29.843238830566406,2270400
2014-01-02,ZTS,32.529998779296875,32.65999984741211,32.11000061035156,32.36000061035156,29.541980743408203,2576100
2014-01-02,ZTS,32.529998779296875,32.65999984741211,32.11000061035156,32.36000061035156,29.541980743408203,2576100
2014-01-03,ZTS,32.34000015258789,32.5,32.02000045776367,32.04999923706055,29.25897026062012,2524900
2014-01-03,ZTS,32.34000015258789,32.5,32.02000045776367,32.04999923706055,29.25897026062012,2524900
2014-01-06,ZTS,32.29999923706055,32.72999954223633,31.850000381469727,31.979999542236328,29.195066452026367,2763200
2014-01-06,ZTS,32.29999923706055,32.72999954223633,31.850000381469727,31.979999542236328,29.195066452026367,2763200
2014-01-07,ZTS,32.189998626708984,32.45000076293945,31.950000762939453,32.099998474121094,29.30461311340332,2338200
2014-01-07,ZTS,32.189998626708984,32.45000076293945,31.950000762939453,32.099998474121094,29.30461311340332,2338200
2014-01-08,ZTS,31.709999084472656,32.09000015258789,31.51000022888184,31.739999771118164,28.975969314575195,3965900
2014-01-08,ZTS,31.709999084472656,32.09000015258789,31.51000022888184,31.739999771118164,28.975969314575195,3965900
2014-01-09,ZTS,31.82999992370605,31.96999931335449,31.530000686645508,31.959999084472656,29.176815032958984,2303300
2014-01-09,ZTS,31.82999992370605,31.96999931335449,31.530000686645508,31.959999084472656,29.176815032958984,2303300
2014-01-10,ZTS,31.899999618530277,32.560001373291016,31.86000061035156,32.540000915527344,29.706300735473636,2999900
2014-01-10,ZTS,31.899999618530277,32.560001373291016,31.86000061035156,32.540000915527344,29.706300735473636,2999900
2014-01-13,ZTS,32.38999938964844,32.41999816894531,31.690000534057617,31.780000686645508,29.01249122619629,4042800
2014-01-13,ZTS,32.38999938964844,32.41999816894531,31.690000534057617,31.780000686645508,29.01249122619629,4042800
2014-01-14,ZTS,31.940000534057617,31.989999771118164,31.649999618530277,31.850000381469727,29.07638931274414,2334500
2014-01-14,ZTS,31.940000534057617,31.989999771118164,31.649999618530277,31.850000381469727,29.07638931274414,2334500
2014-01-15,ZTS,31.88999938964844,31.959999084472656,31.68000030517578,31.809999465942383,29.039871215820312,2916300
2014-01-15,ZTS,31.88999938964844,31.959999084472656,31.68000030517578,31.809999465942383,29.039871215820312,2916300
2014-01-16,ZTS,31.850000381469727,32.08000183105469,31.709999084472656,32.0,29.21332550048828,1960400
2014-01-16,ZTS,31.850000381469727,32.08000183105469,31.709999084472656,32.0,29.21332550048828,1960400
2014-01-17,ZTS,31.90999984741211,32.09000015258789,31.6299991607666,31.729999542236328,28.96683692932129,2502500
2014-01-17,ZTS,31.90999984741211,32.09000015258789,31.6299991607666,31.729999542236328,28.96683692932129,2502500
2014-01-21,ZTS,31.979999542236328,32.09000015258789,31.26000022888184,31.270000457763672,28.546905517578125,5681900
2014-01-21,ZTS,31.979999542236328,32.09000015258789,31.26000022888184,31.270000457763672,28.546905517578125,5681900
2014-01-22,ZTS,31.420000076293945,31.670000076293945,31.26000022888184,31.459999084472656,28.720355987548828,5693600
2014-01-22,ZTS,31.420000076293945,31.670000076293945,31.26000022888184,31.459999084472656,28.720355987548828,5693600
2014-01-23,ZTS,31.459999084472656,31.82999992370605,31.399999618530277,31.739999771118164,28.975969314575195,3263800
2014-01-23,ZTS,31.459999084472656,31.82999992370605,31.399999618530277,31.739999771118164,28.975969314575195,3263800
2014-01-24,ZTS,31.51000022888184,31.670000076293945,31.299999237060547,31.459999084472656,28.720355987548828,4520900
2014-01-24,ZTS,31.51000022888184,31.670000076293945,31.299999237060547,31.459999084472656,28.720355987548828,4520900
2014-01-27,ZTS,31.530000686645508,31.6200008392334,31.26000022888184,31.36000061035156,28.62906265258789,6934000
2014-01-27,ZTS,31.530000686645508,31.6200008392334,31.26000022888184,31.36000061035156,28.62906265258789,6934000
2014-01-28,ZTS,31.31999969482422,31.6200008392334,31.190000534057617,31.440000534057617,28.768150329589844,4203400
2014-01-28,ZTS,31.31999969482422,31.6200008392334,31.190000534057617,31.440000534057617,28.768150329589844,4203400
2014-01-29,ZTS,31.270000457763672,31.450000762939453,30.71999931335449,30.780000686645508,28.16423225402832,3152000
2014-01-29,ZTS,31.270000457763672,31.450000762939453,30.71999931335449,30.780000686645508,28.16423225402832,3152000
2014-01-30,ZTS,31.06999969482422,31.32999992370605,30.59000015258789,30.670000076293945,28.06357192993164,4700400
2014-01-30,ZTS,31.06999969482422,31.32999992370605,30.59000015258789,30.670000076293945,28.06357192993164,4700400
2014-01-31,ZTS,30.38999938964844,30.540000915527344,30.06999969482422,30.36000061035156,27.77992248535156,5302200
2014-01-31,ZTS,30.38999938964844,30.540000915527344,30.06999969482422,30.36000061035156,27.77992248535156,5302200
2014-02-03,ZTS,30.399999618530277,30.549999237060547,30.13999938964844,30.3700008392334,27.789072036743164,6569400
2014-02-03,ZTS,30.399999618530277,30.549999237060547,30.13999938964844,30.3700008392334,27.789072036743164,6569400
2014-02-04,ZTS,30.559999465942383,30.75,30.13999938964844,30.229999542236328,27.660968780517575,3657300
2014-02-04,ZTS,30.559999465942383,30.75,30.13999938964844,30.229999542236328,27.660968780517575,3657300
2014-02-05,ZTS,30.100000381469727,30.43000030517578,29.950000762939453,30.1299991607666,27.56946563720703,3758700
2014-02-05,ZTS,30.100000381469727,30.43000030517578,29.950000762939453,30.1299991607666,27.56946563720703,3758700
2014-02-06,ZTS,30.09000015258789,30.239999771118164,30.0,30.049999237060547,27.496273040771484,3327100
2014-02-06,ZTS,30.09000015258789,30.239999771118164,30.0,30.049999237060547,27.496273040771484,3327100
2014-02-07,ZTS,30.11000061035156,30.799999237060547,30.11000061035156,30.700000762939453,28.09103012084961,4130100
2014-02-07,ZTS,30.11000061035156,30.799999237060547,30.11000061035156,30.700000762939453,28.09103012084961,4130100
2014-02-10,ZTS,30.780000686645508,31.530000686645508,30.780000686645508,31.13999938964844,28.493635177612305,6339700
2014-02-10,ZTS,30.780000686645508,31.530000686645508,30.780000686645508,31.13999938964844,28.493635177612305,6339700
2014-02-11,ZTS,29.6299991607666,29.75,28.770000457763672,29.1299991607666,26.654438018798828,29137200
2014-02-11,ZTS,29.6299991607666,29.75,28.770000457763672,29.1299991607666,26.654438018798828,29137200
2014-02-12,ZTS,29.200000762939453,30.1299991607666,29.1299991607666,30.0,27.450519561767575,14394200
2014-02-12,ZTS,29.200000762939453,30.1299991607666,29.1299991607666,30.0,27.450519561767575,14394200
2014-02-13,ZTS,29.93000030517578,30.170000076293945,29.559999465942383,29.670000076293945,27.1485652923584,7891600
2014-02-13,ZTS,29.93000030517578,30.170000076293945,29.559999465942383,29.670000076293945,27.1485652923584,7891600
2014-02-14,ZTS,29.6200008392334,30.0,29.549999237060547,29.8799991607666,27.340723037719727,5571100
2014-02-14,ZTS,29.6200008392334,30.0,29.549999237060547,29.8799991607666,27.340723037719727,5571100
2014-02-18,ZTS,29.90999984741211,30.59000015258789,29.8799991607666,30.270000457763672,27.69757461547852,6087800
2014-02-18,ZTS,29.90999984741211,30.59000015258789,29.8799991607666,30.270000457763672,27.69757461547852,6087800
2014-02-19,ZTS,30.040000915527344,30.15999984741211,29.6299991607666,29.75,27.221757888793945,6169900
2014-02-19,ZTS,30.040000915527344,30.15999984741211,29.6299991607666,29.75,27.221757888793945,6169900
2014-02-20,ZTS,29.739999771118164,30.170000076293945,29.63999938964844,29.96999931335449,27.423065185546875,4699300
2014-02-20,ZTS,29.739999771118164,30.170000076293945,29.63999938964844,29.96999931335449,27.423065185546875,4699300
2014-02-21,ZTS,29.989999771118164,30.030000686645508,29.530000686645508,29.61000061035156,27.09365463256836,3235700
2014-02-21,ZTS,29.989999771118164,30.030000686645508,29.530000686645508,29.61000061035156,27.09365463256836,3235700
2014-02-24,ZTS,29.780000686645508,30.06999969482422,29.6200008392334,29.700000762939453,27.17601203918457,3105500
2014-02-24,ZTS,29.780000686645508,30.06999969482422,29.6200008392334,29.700000762939453,27.17601203918457,3105500
2014-02-25,ZTS,29.559999465942383,30.3799991607666,29.549999237060547,30.1299991607666,27.56946563720703,4412600
2014-02-25,ZTS,29.559999465942383,30.3799991607666,29.549999237060547,30.1299991607666,27.56946563720703,4412600
2014-02-26,ZTS,30.040000915527344,30.450000762939453,30.0,30.399999618530277,27.816524505615234,3647400
2014-02-26,ZTS,30.040000915527344,30.450000762939453,30.0,30.399999618530277,27.816524505615234,3647400
2014-02-27,ZTS,30.399999618530277,30.739999771118164,30.350000381469727,30.71999931335449,28.10932922363281,3778000
2014-02-27,ZTS,30.399999618530277,30.739999771118164,30.350000381469727,30.71999931335449,28.10932922363281,3778000
2014-02-28,ZTS,30.75,31.020000457763672,30.6299991607666,31.020000457763672,28.383832931518555,5186800
2014-02-28,ZTS,30.75,31.020000457763672,30.6299991607666,31.020000457763672,28.383832931518555,5186800
2014-03-03,ZTS,30.8799991607666,31.18000030517578,30.790000915527344,30.989999771118164,28.356380462646484,3534700
2014-03-03,ZTS,30.8799991607666,31.18000030517578,30.790000915527344,30.989999771118164,28.356380462646484,3534700
2014-03-04,ZTS,31.229999542236328,31.299999237060547,30.799999237060547,30.88999938964844,28.264877319335938,5501800
2014-03-04,ZTS,31.229999542236328,31.299999237060547,30.799999237060547,30.88999938964844,28.264877319335938,5501800
2014-03-05,ZTS,31.0,31.13999938964844,30.59000015258789,30.71999931335449,28.10932922363281,4399200
2014-03-05,ZTS,31.0,31.13999938964844,30.59000015258789,30.71999931335449,28.10932922363281,4399200
2014-03-06,ZTS,30.81999969482422,31.049999237060547,30.670000076293945,30.780000686645508,28.16423225402832,3617500
2014-03-06,ZTS,30.81999969482422,31.049999237060547,30.670000076293945,30.780000686645508,28.16423225402832,3617500
2014-03-07,ZTS,30.8799991607666,30.989999771118164,30.46999931335449,30.57999992370605,27.98122215270996,4421500
2014-03-07,ZTS,30.8799991607666,30.989999771118164,30.46999931335449,30.57999992370605,27.98122215270996,4421500
2014-03-10,ZTS,30.6200008392334,30.63999938964844,30.200000762939453,30.350000381469727,27.770767211914062,3902900
2014-03-10,ZTS,30.6200008392334,30.63999938964844,30.200000762939453,30.350000381469727,27.770767211914062,3902900
2014-03-11,ZTS,30.46999931335449,30.6299991607666,30.07999992370605,30.280000686645508,27.70672035217285,2641400
2014-03-11,ZTS,30.46999931335449,30.6299991607666,30.07999992370605,30.280000686645508,27.70672035217285,2641400
2014-03-12,ZTS,30.06999969482422,30.239999771118164,29.649999618530277,29.700000762939453,27.17601203918457,4363300
2014-03-12,ZTS,30.06999969482422,30.239999771118164,29.649999618530277,29.700000762939453,27.17601203918457,4363300
2014-03-13,ZTS,29.71999931335449,29.780000686645508,29.059999465942383,29.25,26.764249801635746,4090900
2014-03-13,ZTS,29.71999931335449,29.780000686645508,29.059999465942383,29.25,26.764249801635746,4090900
2014-03-14,ZTS,29.25,29.81999969482422,29.229999542236328,29.420000076293945,26.919801712036133,4021900
2014-03-14,ZTS,29.25,29.81999969482422,29.229999542236328,29.420000076293945,26.919801712036133,4021900
2014-03-17,ZTS,29.479999542236328,29.61000061035156,29.31999969482422,29.3799991607666,26.88319969177246,3837100
2014-03-17,ZTS,29.479999542236328,29.61000061035156,29.31999969482422,29.3799991607666,26.88319969177246,3837100
2014-03-18,ZTS,29.420000076293945,29.479999542236328,29.25,29.280000686645508,26.79170227050781,5453400
2014-03-18,ZTS,29.420000076293945,29.479999542236328,29.25,29.280000686645508,26.79170227050781,5453400
2014-03-19,ZTS,29.309999465942383,30.11000061035156,29.270000457763672,29.90999984741211,27.3681583404541,5692400
2014-03-19,ZTS,29.309999465942383,30.11000061035156,29.270000457763672,29.90999984741211,27.3681583404541,5692400
2014-03-20,ZTS,29.809999465942383,30.11000061035156,29.670000076293945,30.09000015258789,27.532861709594727,3672400
2014-03-20,ZTS,29.809999465942383,30.11000061035156,29.670000076293945,30.09000015258789,27.532861709594727,3672400
2014-03-21,ZTS,30.3700008392334,30.43000030517578,29.190000534057617,29.26000022888184,26.773406982421875,9668600
2014-03-21,ZTS,30.3700008392334,30.43000030517578,29.190000534057617,29.26000022888184,26.773406982421875,9668600
2014-03-24,ZTS,29.31999969482422,29.3799991607666,28.96999931335449,29.13999938964844,26.66360092163086,4632800
2014-03-24,ZTS,29.31999969482422,29.3799991607666,28.96999931335449,29.13999938964844,26.66360092163086,4632800
2014-03-25,ZTS,29.270000457763672,29.3799991607666,29.11000061035156,29.26000022888184,26.773406982421875,3182000
2014-03-25,ZTS,29.270000457763672,29.3799991607666,29.11000061035156,29.26000022888184,26.773406982421875,3182000
2014-03-26,ZTS,29.40999984741211,29.450000762939453,29.15999984741211,29.209999084472656,26.72765350341797,3914800
2014-03-26,ZTS,29.40999984741211,29.450000762939453,29.15999984741211,29.209999084472656,26.72765350341797,3914800
2014-03-27,ZTS,29.209999084472656,29.399999618530277,29.07999992370605,29.299999237060547,26.810001373291016,2984200
2014-03-27,ZTS,29.209999084472656,29.399999618530277,29.07999992370605,29.299999237060547,26.810001373291016,2984200
2014-03-28,ZTS,29.459999084472656,29.51000022888184,28.90999984741211,29.01000022888184,26.54465103149414,6398900
2014-03-28,ZTS,29.459999084472656,29.51000022888184,28.90999984741211,29.01000022888184,26.54465103149414,6398900
2014-03-31,ZTS,29.06999969482422,29.13999938964844,28.65999984741211,28.940000534057617,26.480600357055664,8689200
2014-03-31,ZTS,29.06999969482422,29.13999938964844,28.65999984741211,28.940000534057617,26.480600357055664,8689200
2014-04-01,ZTS,28.96999931335449,29.38999938964844,28.96999931335449,29.350000381469727,26.855756759643555,3658000
2014-04-01,ZTS,28.96999931335449,29.38999938964844,28.96999931335449,29.350000381469727,26.855756759643555,3658000
2014-04-02,ZTS,29.280000686645508,29.700000762939453,29.13999938964844,29.6200008392334,27.10280990600586,2341200
2014-04-02,ZTS,29.280000686645508,29.700000762939453,29.13999938964844,29.6200008392334,27.10280990600586,2341200
2014-04-03,ZTS,29.709999084472656,29.709999084472656,29.38999938964844,29.6200008392334,27.10280990600586,2896500
2014-04-03,ZTS,29.709999084472656,29.709999084472656,29.38999938964844,29.6200008392334,27.10280990600586,2896500
2014-04-04,ZTS,29.63999938964844,30.01000022888184,29.209999084472656,29.31999969482422,26.828304290771484,4963400
2014-04-04,ZTS,29.63999938964844,30.01000022888184,29.209999084472656,29.31999969482422,26.828304290771484,4963400
2014-04-07,ZTS,29.25,29.31999969482422,28.850000381469727,29.0,26.535497665405277,4073700
2014-04-07,ZTS,29.25,29.31999969482422,28.850000381469727,29.0,26.535497665405277,4073700
2014-04-08,ZTS,28.899999618530277,29.21999931335449,28.68000030517578,29.149999618530277,26.672752380371094,4744600
2014-04-08,ZTS,28.899999618530277,29.21999931335449,28.68000030517578,29.149999618530277,26.672752380371094,4744600
2014-04-09,ZTS,29.21999931335449,29.21999931335449,28.770000457763672,29.059999465942383,26.59039688110352,3631300
2014-04-09,ZTS,29.21999931335449,29.21999931335449,28.770000457763672,29.059999465942383,26.59039688110352,3631300
2014-04-10,ZTS,28.989999771118164,29.21999931335449,28.799999237060547,28.86000061035156,26.407394409179688,5372600
2014-04-10,ZTS,28.989999771118164,29.21999931335449,28.799999237060547,28.86000061035156,26.407394409179688,5372600
2014-04-11,ZTS,28.76000022888184,28.8700008392334,28.280000686645508,28.399999618530277,25.98648452758789,3185500
2014-04-11,ZTS,28.76000022888184,28.8700008392334,28.280000686645508,28.399999618530277,25.98648452758789,3185500
2014-04-14,ZTS,28.479999542236328,28.780000686645508,28.26000022888184,28.479999542236328,26.0596866607666,2559900
2014-04-14,ZTS,28.479999542236328,28.780000686645508,28.26000022888184,28.479999542236328,26.0596866607666,2559900
2014-04-15,ZTS,28.56999969482422,28.56999969482422,28.13999938964844,28.549999237060547,26.12373924255371,3231600
2014-04-15,ZTS,28.56999969482422,28.56999969482422,28.13999938964844,28.549999237060547,26.12373924255371,3231600
2014-04-16,ZTS,28.549999237060547,28.700000762939453,28.399999618530277,28.530000686645508,26.10544204711914,4220000
2014-04-16,ZTS,28.549999237060547,28.700000762939453,28.399999618530277,28.530000686645508,26.10544204711914,4220000
2014-04-17,ZTS,28.51000022888184,28.709999084472656,28.459999084472656,28.600000381469727,26.169490814208984,3425800
2014-04-17,ZTS,28.51000022888184,28.709999084472656,28.459999084472656,28.600000381469727,26.169490814208984,3425800
2014-04-21,ZTS,28.700000762939453,29.059999465942383,28.530000686645508,29.030000686645508,26.562952041625977,4437500
2014-04-21,ZTS,28.700000762939453,29.059999465942383,28.530000686645508,29.030000686645508,26.562952041625977,4437500
2014-04-22,ZTS,29.520000457763672,30.020000457763672,29.190000534057617,29.88999938964844,27.34986114501953,8353800
2014-04-22,ZTS,29.520000457763672,30.020000457763672,29.190000534057617,29.88999938964844,27.34986114501953,8353800
2014-04-23,ZTS,29.75,29.88999938964844,29.299999237060547,29.38999938964844,26.89235115051269,3803300
2014-04-23,ZTS,29.75,29.88999938964844,29.299999237060547,29.38999938964844,26.89235115051269,3803300
2014-04-24,ZTS,29.299999237060547,30.020000457763672,29.25,29.88999938964844,27.41702651977539,4412100
2014-04-24,ZTS,29.299999237060547,30.020000457763672,29.25,29.88999938964844,27.41702651977539,4412100
2014-04-25,ZTS,29.809999465942383,30.290000915527344,29.6200008392334,30.15999984741211,27.66469383239746,4857700
2014-04-25,ZTS,29.809999465942383,30.290000915527344,29.6200008392334,30.15999984741211,27.66469383239746,4857700
2014-04-28,ZTS,30.520000457763672,30.670000076293945,30.040000915527344,30.399999618530277,27.884838104248047,3704400
2014-04-28,ZTS,30.520000457763672,30.670000076293945,30.040000915527344,30.399999618530277,27.884838104248047,3704400
2014-04-29,ZTS,30.43000030517578,30.530000686645508,30.200000762939453,30.530000686645508,28.00408363342285,2531700
2014-04-29,ZTS,30.43000030517578,30.530000686645508,30.200000762939453,30.530000686645508,28.00408363342285,2531700
2014-04-30,ZTS,30.36000061035156,30.459999084472656,29.959999084472656,30.26000022888184,27.75642204284668,4116100
2014-04-30,ZTS,30.36000061035156,30.459999084472656,29.959999084472656,30.26000022888184,27.75642204284668,4116100
2014-05-01,ZTS,30.309999465942383,30.530000686645508,30.18000030517578,30.309999465942383,27.802284240722656,3207000
2014-05-01,ZTS,30.309999465942383,30.530000686645508,30.18000030517578,30.309999465942383,27.802284240722656,3207000
2014-05-02,ZTS,30.31999969482422,30.75,30.299999237060547,30.63999938964844,28.10498046875,3042100
2014-05-02,ZTS,30.31999969482422,30.75,30.299999237060547,30.63999938964844,28.10498046875,3042100
2014-05-05,ZTS,30.420000076293945,30.6299991607666,30.11000061035156,30.530000686645508,28.00408363342285,4425200
2014-05-05,ZTS,30.420000076293945,30.6299991607666,30.11000061035156,30.530000686645508,28.00408363342285,4425200
2014-05-06,ZTS,29.850000381469727,31.38999938964844,29.559999465942383,30.88999938964844,28.334291458129883,6532400
2014-05-06,ZTS,29.850000381469727,31.38999938964844,29.559999465942383,30.88999938964844,28.334291458129883,6532400
2014-05-07,ZTS,30.100000381469727,30.739999771118164,30.0,30.649999618530277,28.114154815673828,6810600
2014-05-07,ZTS,30.100000381469727,30.739999771118164,30.0,30.649999618530277,28.114154815673828,6810600
2014-05-08,ZTS,30.549999237060547,30.809999465942383,30.40999984741211,30.479999542236328,27.958213806152344,2687200
2014-05-08,ZTS,30.549999237060547,30.809999465942383,30.40999984741211,30.479999542236328,27.958213806152344,2687200
2014-05-09,ZTS,30.46999931335449,30.56999969482422,30.049999237060547,30.540000915527344,28.01325416564941,3339700
2014-05-09,ZTS,30.46999931335449,30.56999969482422,30.049999237060547,30.540000915527344,28.01325416564941,3339700
2014-05-12,ZTS,30.57999992370605,30.86000061035156,30.549999237060547,30.809999465942383,28.26091194152832,1971000
2014-05-12,ZTS,30.57999992370605,30.86000061035156,30.549999237060547,30.809999465942383,28.26091194152832,1971000
2014-05-13,ZTS,30.799999237060547,30.86000061035156,30.600000381469727,30.729999542236328,28.18753242492676,1932200
2014-05-13,ZTS,30.799999237060547,30.86000061035156,30.600000381469727,30.729999542236328,28.18753242492676,1932200
2014-05-14,ZTS,30.63999938964844,30.809999465942383,30.479999542236328,30.63999938964844,28.10498046875,2253600
2014-05-14,ZTS,30.63999938964844,30.809999465942383,30.479999542236328,30.63999938964844,28.10498046875,2253600
2014-05-15,ZTS,30.530000686645508,30.63999938964844,30.350000381469727,30.459999084472656,27.93987274169922,3104500
2014-05-15,ZTS,30.530000686645508,30.63999938964844,30.350000381469727,30.459999084472656,27.93987274169922,3104500
2014-05-16,ZTS,30.43000030517578,30.61000061035156,30.31999969482422,30.600000381469727,28.068279266357425,3058700
2014-05-16,ZTS,30.43000030517578,30.61000061035156,30.31999969482422,30.600000381469727,28.068279266357425,3058700
2014-05-19,ZTS,30.600000381469727,30.6299991607666,30.280000686645508,30.459999084472656,27.93987274169922,3671100
2014-05-19,ZTS,30.600000381469727,30.6299991607666,30.280000686645508,30.459999084472656,27.93987274169922,3671100
2014-05-20,ZTS,30.51000022888184,30.59000015258789,30.270000457763672,30.280000686645508,27.774763107299805,2538700
2014-05-20,ZTS,30.51000022888184,30.59000015258789,30.270000457763672,30.280000686645508,27.774763107299805,2538700
2014-05-21,ZTS,30.3799991607666,30.5,30.239999771118164,30.420000076293945,27.90317916870117,2421900
2014-05-21,ZTS,30.3799991607666,30.5,30.239999771118164,30.420000076293945,27.90317916870117,2421900
2014-05-22,ZTS,30.350000381469727,30.549999237060547,30.26000022888184,30.32999992370605,27.820629119873047,4522700
2014-05-22,ZTS,30.350000381469727,30.549999237060547,30.26000022888184,30.32999992370605,27.820629119873047,4522700
2014-05-23,ZTS,30.34000015258789,30.57999992370605,30.299999237060547,30.530000686645508,28.00408363342285,4085500
2014-05-23,ZTS,30.34000015258789,30.57999992370605,30.299999237060547,30.530000686645508,28.00408363342285,4085500
2014-05-27,ZTS,30.739999771118164,30.770000457763672,30.540000915527344,30.700000762939453,28.160017013549805,2395700
2014-05-27,ZTS,30.739999771118164,30.770000457763672,30.540000915527344,30.700000762939453,28.160017013549805,2395700
2014-05-28,ZTS,30.729999542236328,30.729999542236328,30.43000030517578,30.479999542236328,27.958213806152344,5791000
2014-05-28,ZTS,30.729999542236328,30.729999542236328,30.43000030517578,30.479999542236328,27.958213806152344,5791000
2014-05-29,ZTS,30.600000381469727,30.770000457763672,30.5,30.71999931335449,28.178356170654297,2610800
2014-05-29,ZTS,30.600000381469727,30.770000457763672,30.5,30.71999931335449,28.178356170654297,2610800
2014-05-30,ZTS,30.790000915527344,30.93000030517578,30.670000076293945,30.700000762939453,28.160017013549805,3076700
2014-05-30,ZTS,30.790000915527344,30.93000030517578,30.670000076293945,30.700000762939453,28.160017013549805,3076700
2014-06-02,ZTS,30.799999237060547,30.959999084472656,30.649999618530277,30.920000076293945,28.36181259155273,3561300
2014-06-02,ZTS,30.799999237060547,30.959999084472656,30.649999618530277,30.920000076293945,28.36181259155273,3561300
2014-06-03,ZTS,30.88999938964844,31.26000022888184,30.790000915527344,31.25,28.664506912231445,3323000
2014-06-03,ZTS,30.88999938964844,31.26000022888184,30.790000915527344,31.25,28.664506912231445,3323000
2014-06-04,ZTS,31.18000030517578,31.450000762939453,31.1299991607666,31.3700008392334,28.774585723876957,3349900
2014-06-04,ZTS,31.18000030517578,31.450000762939453,31.1299991607666,31.3700008392334,28.774585723876957,3349900
2014-06-05,ZTS,31.40999984741211,31.649999618530277,31.21999931335449,31.61000061035156,28.994718551635746,2784700
2014-06-05,ZTS,31.40999984741211,31.649999618530277,31.21999931335449,31.61000061035156,28.994718551635746,2784700
2014-06-06,ZTS,31.6200008392334,31.799999237060547,31.61000061035156,31.739999771118164,29.113969802856445,2524200
2014-06-06,ZTS,31.6200008392334,31.799999237060547,31.61000061035156,31.739999771118164,29.113969802856445,2524200
2014-06-09,ZTS,31.780000686645508,32.0099983215332,31.649999618530277,32.0099983215332,29.36163711547852,3189400
2014-06-09,ZTS,31.780000686645508,32.0099983215332,31.649999618530277,32.0099983215332,29.36163711547852,3189400
2014-06-10,ZTS,31.940000534057617,32.5099983215332,31.90999984741211,32.5,29.81109619140625,4639800
2014-06-10,ZTS,31.940000534057617,32.5099983215332,31.90999984741211,32.5,29.81109619140625,4639800
2014-06-11,ZTS,32.5,32.529998779296875,32.099998474121094,32.130001068115234,29.47170066833496,3600700
2014-06-11,ZTS,32.5,32.529998779296875,32.099998474121094,32.130001068115234,29.47170066833496,3600700
2014-06-12,ZTS,32.08000183105469,32.130001068115234,31.81999969482422,31.989999771118164,29.343284606933597,4298500
2014-06-12,ZTS,32.08000183105469,32.130001068115234,31.81999969482422,31.989999771118164,29.343284606933597,4298500
2014-06-13,ZTS,31.959999084472656,32.13999938964844,31.82999992370605,32.119998931884766,29.46253204345703,1904500
2014-06-13,ZTS,31.959999084472656,32.13999938964844,31.82999992370605,32.119998931884766,29.46253204345703,1904500
2014-06-16,ZTS,32.08000183105469,32.209999084472656,31.989999771118164,32.130001068115234,29.47170066833496,2197200
2014-06-16,ZTS,32.08000183105469,32.209999084472656,31.989999771118164,32.130001068115234,29.47170066833496,2197200
2014-06-17,ZTS,32.060001373291016,32.849998474121094,32.060001373291016,32.810001373291016,30.095439910888672,4407200
2014-06-17,ZTS,32.060001373291016,32.849998474121094,32.060001373291016,32.810001373291016,30.095439910888672,4407200
2014-06-18,ZTS,32.720001220703125,32.88999938964844,32.459999084472656,32.88999938964844,30.168825149536133,2482800
2014-06-18,ZTS,32.720001220703125,32.88999938964844,32.459999084472656,32.88999938964844,30.168825149536133,2482800
2014-06-19,ZTS,32.970001220703125,33.04999923706055,32.529998779296875,32.54999923706055,29.85696029663086,4062900
2014-06-19,ZTS,32.970001220703125,33.04999923706055,32.529998779296875,32.54999923706055,29.85696029663086,4062900
2014-06-20,ZTS,32.400001525878906,32.58000183105469,32.04999923706055,32.459999084472656,29.77440071105957,7836200
2014-06-20,ZTS,32.400001525878906,32.58000183105469,32.04999923706055,32.459999084472656,29.77440071105957,7836200
2014-06-23,ZTS,32.540000915527344,32.72999954223633,32.43000030517578,32.63999938964844,29.93951416015625,2513600
2014-06-23,ZTS,32.540000915527344,32.72999954223633,32.43000030517578,32.63999938964844,29.93951416015625,2513600
2014-06-24,ZTS,32.66999816894531,32.70000076293945,32.349998474121094,32.369998931884766,29.691850662231445,1772500
2014-06-24,ZTS,32.66999816894531,32.70000076293945,32.349998474121094,32.369998931884766,29.691850662231445,1772500
2014-06-25,ZTS,32.40999984741211,32.56999969482422,32.290000915527344,32.369998931884766,29.691850662231445,2751400
2014-06-25,ZTS,32.40999984741211,32.56999969482422,32.290000915527344,32.369998931884766,29.691850662231445,2751400
2014-06-26,ZTS,32.349998474121094,32.43000030517578,32.08000183105469,32.2400016784668,29.572608947753903,2240100
2014-06-26,ZTS,32.349998474121094,32.43000030517578,32.08000183105469,32.2400016784668,29.572608947753903,2240100
2014-06-27,ZTS,32.209999084472656,32.40999984741211,32.15999984741211,32.380001068115234,29.701026916503903,1435000
2014-06-27,ZTS,32.209999084472656,32.40999984741211,32.15999984741211,32.380001068115234,29.701026916503903,1435000
2014-06-30,ZTS,32.45000076293945,32.72999954223633,32.119998931884766,32.27000045776367,29.600120544433597,1847300
2014-06-30,ZTS,32.45000076293945,32.72999954223633,32.119998931884766,32.27000045776367,29.600120544433597,1847300
2014-07-01,ZTS,32.459999084472656,32.61000061035156,32.310001373291016,32.5099983215332,29.82026672363281,2263500
2014-07-01,ZTS,32.459999084472656,32.61000061035156,32.310001373291016,32.5099983215332,29.82026672363281,2263500
2014-07-02,ZTS,32.5,32.7599983215332,32.5,32.7400016784668,30.03123664855957,1850700
2014-07-02,ZTS,32.5,32.7599983215332,32.5,32.7400016784668,30.03123664855957,1850700
2014-07-03,ZTS,32.7599983215332,32.91999816894531,32.650001525878906,32.90999984741211,30.187170028686523,1370200
2014-07-03,ZTS,32.7599983215332,32.91999816894531,32.650001525878906,32.90999984741211,30.187170028686523,1370200
2014-07-07,ZTS,32.880001068115234,32.88999938964844,32.560001373291016,32.560001373291016,29.86613273620605,2087600
2014-07-07,ZTS,32.880001068115234,32.88999938964844,32.560001373291016,32.560001373291016,29.86613273620605,2087600
2014-07-08,ZTS,32.400001525878906,32.5099983215332,32.16999816894531,32.47999954223633,29.79275131225586,1846200
2014-07-08,ZTS,32.400001525878906,32.5099983215332,32.16999816894531,32.47999954223633,29.79275131225586,1846200
2014-07-09,ZTS,32.470001220703125,32.63999938964844,32.290000915527344,32.459999084472656,29.77440071105957,1339900
2014-07-09,ZTS,32.470001220703125,32.63999938964844,32.290000915527344,32.459999084472656,29.77440071105957,1339900
2014-07-10,ZTS,32.220001220703125,32.689998626708984,32.02000045776367,32.52000045776367,29.82943725585937,2003800
2014-07-10,ZTS,32.220001220703125,32.689998626708984,32.02000045776367,32.52000045776367,29.82943725585937,2003800
2014-07-11,ZTS,32.439998626708984,32.560001373291016,32.29999923706055,32.369998931884766,29.691850662231445,1422900
2014-07-11,ZTS,32.439998626708984,32.560001373291016,32.29999923706055,32.369998931884766,29.691850662231445,1422900
2014-07-14,ZTS,32.560001373291016,32.849998474121094,32.400001525878906,32.72999954223633,30.02205848693848,1900200
2014-07-14,ZTS,32.560001373291016,32.849998474121094,32.400001525878906,32.72999954223633,30.02205848693848,1900200
2014-07-15,ZTS,32.630001068115234,32.709999084472656,32.2599983215332,32.38999938964844,29.71019744873047,2496200
2014-07-15,ZTS,32.630001068115234,32.709999084472656,32.2599983215332,32.38999938964844,29.71019744873047,2496200
2014-07-16,ZTS,32.43000030517578,32.70000076293945,32.349998474121094,32.630001068115234,29.930339813232425,1768100
2014-07-16,ZTS,32.43000030517578,32.70000076293945,32.349998474121094,32.630001068115234,29.930339813232425,1768100
2014-07-17,ZTS,32.43000030517578,32.5099983215332,32.150001525878906,32.209999084472656,29.545089721679688,2154100
2014-07-17,ZTS,32.43000030517578,32.5099983215332,32.150001525878906,32.209999084472656,29.545089721679688,2154100
2014-07-18,ZTS,32.150001525878906,32.7400016784668,32.06999969482422,32.689998626708984,29.98537254333496,3261000
2014-07-18,ZTS,32.150001525878906,32.7400016784668,32.06999969482422,32.689998626708984,29.98537254333496,3261000
2014-07-21,ZTS,32.61000061035156,32.880001068115234,32.599998474121094,32.849998474121094,30.132137298583984,2513300
2014-07-21,ZTS,32.61000061035156,32.880001068115234,32.599998474121094,32.849998474121094,30.132137298583984,2513300
2014-07-22,ZTS,32.959999084472656,33.22999954223633,32.83000183105469,32.869998931884766,30.15047264099121,2590600
2014-07-22,ZTS,32.959999084472656,33.22999954223633,32.83000183105469,32.869998931884766,30.15047264099121,2590600
2014-07-23,ZTS,32.849998474121094,32.939998626708984,32.779998779296875,32.84000015258789,30.12296485900879,2078600
2014-07-23,ZTS,32.849998474121094,32.939998626708984,32.779998779296875,32.84000015258789,30.12296485900879,2078600
2014-07-24,ZTS,32.900001525878906,32.970001220703125,32.7599983215332,32.88999938964844,30.168825149536133,2007900
2014-07-24,ZTS,32.900001525878906,32.970001220703125,32.7599983215332,32.88999938964844,30.168825149536133,2007900
2014-07-25,ZTS,32.77000045776367,32.900001525878906,32.68000030517578,32.81999969482422,30.104616165161133,1579600
2014-07-25,ZTS,32.77000045776367,32.900001525878906,32.68000030517578,32.81999969482422,30.104616165161133,1579600
2014-07-28,ZTS,32.77000045776367,32.970001220703125,32.66999816894531,32.86000061035156,30.141307830810547,1627800
2014-07-28,ZTS,32.77000045776367,32.970001220703125,32.66999816894531,32.86000061035156,30.141307830810547,1627800
2014-07-29,ZTS,32.79999923706055,33.220001220703125,32.70000076293945,33.029998779296875,30.297239303588867,2994400
2014-07-29,ZTS,32.79999923706055,33.220001220703125,32.70000076293945,33.029998779296875,30.297239303588867,2994400
2014-07-30,ZTS,33.150001525878906,33.25,32.91999816894531,33.13999938964844,30.39813232421875,1800600
2014-07-30,ZTS,33.150001525878906,33.25,32.91999816894531,33.13999938964844,30.39813232421875,1800600
2014-07-31,ZTS,32.90999984741211,33.130001068115234,32.869998931884766,32.90999984741211,30.187170028686523,3002700
2014-07-31,ZTS,32.90999984741211,33.130001068115234,32.869998931884766,32.90999984741211,30.187170028686523,3002700
2014-08-01,ZTS,32.77000045776367,33.040000915527344,32.59000015258789,32.7400016784668,30.03123664855957,5381100
2014-08-01,ZTS,32.77000045776367,33.040000915527344,32.59000015258789,32.7400016784668,30.03123664855957,5381100
2014-08-04,ZTS,32.720001220703125,33.349998474121094,32.58000183105469,33.2400016784668,30.4898624420166,4676100
2014-08-04,ZTS,32.720001220703125,33.349998474121094,32.58000183105469,33.2400016784668,30.4898624420166,4676100
2014-08-05,ZTS,32.56999969482422,32.880001068115234,31.979999542236328,32.209999084472656,29.545089721679688,5933100
2014-08-05,ZTS,32.56999969482422,32.880001068115234,31.979999542236328,32.209999084472656,29.545089721679688,5933100
2014-08-06,ZTS,32.029998779296875,32.369998931884766,32.0099983215332,32.29999923706055,29.627641677856445,3163800
2014-08-06,ZTS,32.029998779296875,32.369998931884766,32.0099983215332,32.29999923706055,29.627641677856445,3163800
2014-08-07,ZTS,32.369998931884766,32.47999954223633,31.670000076293945,31.790000915527344,29.159832000732425,3747800
2014-08-07,ZTS,32.369998931884766,32.47999954223633,31.670000076293945,31.790000915527344,29.159832000732425,3747800
2014-08-08,ZTS,31.799999237060547,32.34000015258789,31.799999237060547,32.31999969482422,29.645984649658203,2191500
2014-08-08,ZTS,31.799999237060547,32.34000015258789,31.799999237060547,32.31999969482422,29.645984649658203,2191500
2014-08-11,ZTS,32.459999084472656,32.650001525878906,32.380001068115234,32.599998474121094,29.90282249450684,2282500
2014-08-11,ZTS,32.459999084472656,32.650001525878906,32.380001068115234,32.599998474121094,29.90282249450684,2282500
2014-08-12,ZTS,32.47999954223633,32.689998626708984,32.349998474121094,32.45000076293945,29.76522445678711,2837900
2014-08-12,ZTS,32.47999954223633,32.689998626708984,32.349998474121094,32.45000076293945,29.76522445678711,2837900
2014-08-13,ZTS,32.709999084472656,33.040000915527344,32.689998626708984,32.869998931884766,30.15047264099121,3729200
2014-08-13,ZTS,32.709999084472656,33.040000915527344,32.689998626708984,32.869998931884766,30.15047264099121,3729200
2014-08-14,ZTS,32.93000030517578,33.099998474121094,32.869998931884766,33.06999969482422,30.33393096923828,2562500
2014-08-14,ZTS,32.93000030517578,33.099998474121094,32.869998931884766,33.06999969482422,30.33393096923828,2562500
2014-08-15,ZTS,33.130001068115234,33.70000076293945,33.130001068115234,33.689998626708984,30.902637481689453,3843000
2014-08-15,ZTS,33.130001068115234,33.70000076293945,33.130001068115234,33.689998626708984,30.902637481689453,3843000
2014-08-18,ZTS,33.75,34.0099983215332,33.70000076293945,33.93000030517578,31.18944549560547,3459500
2014-08-18,ZTS,33.75,34.0099983215332,33.70000076293945,33.93000030517578,31.18944549560547,3459500
2014-08-19,ZTS,33.95000076293945,34.56999969482422,33.88999938964844,34.52000045776367,31.73178482055664,2922500
2014-08-19,ZTS,33.95000076293945,34.56999969482422,33.88999938964844,34.52000045776367,31.73178482055664,2922500
2014-08-20,ZTS,34.52000045776367,34.849998474121094,34.45000076293945,34.790000915527344,31.979969024658203,2720500
2014-08-20,ZTS,34.52000045776367,34.849998474121094,34.45000076293945,34.790000915527344,31.979969024658203,2720500
2014-08-21,ZTS,34.77000045776367,34.97999954223633,34.689998626708984,34.88999938964844,32.071903228759766,2041800
2014-08-21,ZTS,34.77000045776367,34.97999954223633,34.689998626708984,34.88999938964844,32.071903228759766,2041800
2014-08-22,ZTS,34.81999969482422,34.939998626708984,34.72999954223633,34.88999938964844,32.071903228759766,2300500
2014-08-22,ZTS,34.81999969482422,34.939998626708984,34.72999954223633,34.88999938964844,32.071903228759766,2300500
2014-08-25,ZTS,35.0,35.029998779296875,34.810001373291016,34.900001525878906,32.081085205078125,2417200
2014-08-25,ZTS,35.0,35.029998779296875,34.810001373291016,34.900001525878906,32.081085205078125,2417200
2014-08-26,ZTS,34.97999954223633,35.209999084472656,34.84000015258789,35.130001068115234,32.292510986328125,2956600
2014-08-26,ZTS,34.97999954223633,35.209999084472656,34.84000015258789,35.130001068115234,32.292510986328125,2956600
2014-08-27,ZTS,35.18000030517578,35.47999954223633,35.06999969482422,35.34000015258789,32.48554611206055,2746100
2014-08-27,ZTS,35.18000030517578,35.47999954223633,35.06999969482422,35.34000015258789,32.48554611206055,2746100
2014-08-28,ZTS,35.16999816894531,35.380001068115234,35.06999969482422,35.33000183105469,32.47636032104492,3760400
2014-08-28,ZTS,35.16999816894531,35.380001068115234,35.06999969482422,35.33000183105469,32.47636032104492,3760400
2014-08-29,ZTS,35.33000183105469,35.439998626708984,35.0099983215332,35.439998626708984,32.57747268676758,1190900
2014-08-29,ZTS,35.33000183105469,35.439998626708984,35.0099983215332,35.439998626708984,32.57747268676758,1190900
2014-09-02,ZTS,35.439998626708984,35.59000015258789,35.31999969482422,35.47999954223633,32.61425018310547,1654000
2014-09-02,ZTS,35.439998626708984,35.59000015258789,35.31999969482422,35.47999954223633,32.61425018310547,1654000
2014-09-03,ZTS,36.630001068115234,36.650001525878906,35.529998779296875,35.7599983215332,32.871612548828125,4220600
2014-09-03,ZTS,36.630001068115234,36.650001525878906,35.529998779296875,35.7599983215332,32.871612548828125,4220600
2014-09-04,ZTS,35.77000045776367,35.88999938964844,35.38999938964844,35.5099983215332,32.64181900024414,2383100
2014-09-04,ZTS,35.77000045776367,35.88999938964844,35.38999938964844,35.5099983215332,32.64181900024414,2383100
2014-09-05,ZTS,35.61000061035156,36.04999923706055,35.45000076293945,36.040000915527344,33.1290283203125,1602900
2014-09-05,ZTS,35.61000061035156,36.04999923706055,35.45000076293945,36.040000915527344,33.1290283203125,1602900
2014-09-08,ZTS,36.0,36.310001373291016,35.95000076293945,36.27999877929688,33.34961700439453,1913500
2014-09-08,ZTS,36.0,36.310001373291016,35.95000076293945,36.27999877929688,33.34961700439453,1913500
2014-09-09,ZTS,36.25,36.29999923706055,36.0099983215332,36.18000030517578,33.257713317871094,2832500
2014-09-09,ZTS,36.25,36.29999923706055,36.0099983215332,36.18000030517578,33.257713317871094,2832500
2014-09-10,ZTS,36.310001373291016,36.34000015258789,35.880001068115234,36.2400016784668,33.31285858154297,2287400
2014-09-10,ZTS,36.310001373291016,36.34000015258789,35.880001068115234,36.2400016784668,33.31285858154297,2287400
2014-09-11,ZTS,36.150001525878906,36.290000915527344,36.09000015258789,36.27000045776367,33.340431213378906,1768900
2014-09-11,ZTS,36.150001525878906,36.290000915527344,36.09000015258789,36.27000045776367,33.340431213378906,1768900
2014-09-12,ZTS,36.209999084472656,36.2400016784668,36.09000015258789,36.18000030517578,33.257713317871094,1920000
2014-09-12,ZTS,36.209999084472656,36.2400016784668,36.09000015258789,36.18000030517578,33.257713317871094,1920000
2014-09-15,ZTS,36.25,36.31999969482422,36.130001068115234,36.27000045776367,33.340431213378906,2164600
2014-09-15,ZTS,36.25,36.31999969482422,36.130001068115234,36.27000045776367,33.340431213378906,2164600
2014-09-16,ZTS,36.27999877929688,36.54999923706055,36.20000076293945,36.4900016784668,33.54265594482422,2253000
2014-09-16,ZTS,36.27999877929688,36.54999923706055,36.20000076293945,36.4900016784668,33.54265594482422,2253000
2014-09-17,ZTS,36.540000915527344,36.68000030517578,36.34000015258789,36.650001525878906,33.68974304199219,2525600
2014-09-17,ZTS,36.540000915527344,36.68000030517578,36.34000015258789,36.650001525878906,33.68974304199219,2525600
2014-09-18,ZTS,36.7400016784668,37.08000183105469,36.630001068115234,36.70000076293945,33.7357063293457,2336300
2014-09-18,ZTS,36.7400016784668,37.08000183105469,36.630001068115234,36.70000076293945,33.7357063293457,2336300
2014-09-19,ZTS,36.84000015258789,37.310001373291016,36.84000015258789,37.20000076293945,34.1953125,6105100
2014-09-19,ZTS,36.84000015258789,37.310001373291016,36.84000015258789,37.20000076293945,34.1953125,6105100
2014-09-22,ZTS,37.220001220703125,37.29999923706055,36.5,36.619998931884766,33.66215515136719,4951100
2014-09-22,ZTS,37.220001220703125,37.29999923706055,36.5,36.619998931884766,33.66215515136719,4951100
2014-09-23,ZTS,36.310001373291016,36.4900016784668,35.849998474121094,35.880001068115234,32.98194122314453,4421800
2014-09-23,ZTS,36.310001373291016,36.4900016784668,35.849998474121094,35.880001068115234,32.98194122314453,4421800
2014-09-24,ZTS,35.9900016784668,36.630001068115234,35.95000076293945,36.58000183105469,33.625389099121094,4714100
2014-09-24,ZTS,35.9900016784668,36.630001068115234,35.95000076293945,36.58000183105469,33.625389099121094,4714100
2014-09-25,ZTS,36.56999969482422,36.59000015258789,36.119998931884766,36.29999923706055,33.36800003051758,2062000
2014-09-25,ZTS,36.56999969482422,36.59000015258789,36.119998931884766,36.29999923706055,33.36800003051758,2062000
2014-09-26,ZTS,36.36000061035156,36.75,36.18999862670898,36.630001068115234,33.671356201171875,2124800
2014-09-26,ZTS,36.36000061035156,36.75,36.18999862670898,36.630001068115234,33.671356201171875,2124800
2014-09-29,ZTS,36.29999923706055,36.810001373291016,36.16999816894531,36.790000915527344,33.81843566894531,2075600
2014-09-29,ZTS,36.29999923706055,36.810001373291016,36.16999816894531,36.790000915527344,33.81843566894531,2075600
2014-09-30,ZTS,37.04999923706055,37.11000061035156,36.77000045776367,36.95000076293945,33.96551513671875,3412900
2014-09-30,ZTS,37.04999923706055,37.11000061035156,36.77000045776367,36.95000076293945,33.96551513671875,3412900
2014-10-01,ZTS,36.869998931884766,37.0099983215332,36.22999954223633,36.45000076293945,33.505897521972656,5508300
2014-10-01,ZTS,36.869998931884766,37.0099983215332,36.22999954223633,36.45000076293945,33.505897521972656,5508300
2014-10-02,ZTS,36.58000183105469,36.970001220703125,36.459999084472656,36.90999984741211,33.928733825683594,3670200
2014-10-02,ZTS,36.58000183105469,36.970001220703125,36.459999084472656,36.90999984741211,33.928733825683594,3670200
2014-10-03,ZTS,36.869998931884766,37.72999954223633,36.869998931884766,37.66999816894531,34.627349853515625,5948500
2014-10-03,ZTS,36.869998931884766,37.72999954223633,36.869998931884766,37.66999816894531,34.627349853515625,5948500
2014-10-06,ZTS,37.810001373291016,37.970001220703125,37.59999847412109,37.65999984741211,34.61815643310547,2693400
2014-10-06,ZTS,37.810001373291016,37.970001220703125,37.59999847412109,37.65999984741211,34.61815643310547,2693400
2014-10-07,ZTS,37.400001525878906,37.560001373291016,36.619998931884766,36.709999084472656,33.744895935058594,8116900
2014-10-07,ZTS,37.400001525878906,37.560001373291016,36.619998931884766,36.709999084472656,33.744895935058594,8116900
2014-10-08,ZTS,36.79999923706055,37.56999969482422,36.630001068115234,37.54999923706055,34.51704025268555,3565700
2014-10-08,ZTS,36.79999923706055,37.56999969482422,36.630001068115234,37.54999923706055,34.51704025268555,3565700
2014-10-09,ZTS,37.4900016784668,37.630001068115234,36.900001525878906,37.02000045776367,34.02985000610352,4336700
2014-10-09,ZTS,37.4900016784668,37.630001068115234,36.900001525878906,37.02000045776367,34.02985000610352,4336700
2014-10-10,ZTS,37.02000045776367,37.29999923706055,36.63999938964844,36.68000030517578,33.71731185913086,3689300
2014-10-10,ZTS,37.02000045776367,37.29999923706055,36.63999938964844,36.68000030517578,33.71731185913086,3689300
2014-10-13,ZTS,36.66999816894531,36.66999816894531,35.529998779296875,35.56999969482422,32.69696807861328,6676400
2014-10-13,ZTS,36.66999816894531,36.66999816894531,35.529998779296875,35.56999969482422,32.69696807861328,6676400
2014-10-14,ZTS,35.83000183105469,36.15999984741211,35.459999084472656,35.869998931884766,32.97273635864258,3078700
2014-10-14,ZTS,35.83000183105469,36.15999984741211,35.459999084472656,35.869998931884766,32.97273635864258,3078700
2014-10-15,ZTS,35.36000061035156,35.38999938964844,34.15999984741211,35.2599983215332,32.412010192871094,7155800
2014-10-15,ZTS,35.36000061035156,35.38999938964844,34.15999984741211,35.2599983215332,32.412010192871094,7155800
2014-10-16,ZTS,34.7400016784668,35.52000045776367,34.18000030517578,35.06999969482422,32.23735427856445,4181300
2014-10-16,ZTS,34.7400016784668,35.52000045776367,34.18000030517578,35.06999969482422,32.23735427856445,4181300
2014-10-17,ZTS,35.400001525878906,35.599998474121094,34.95000076293945,35.369998931884766,32.513126373291016,3438500
2014-10-17,ZTS,35.400001525878906,35.599998474121094,34.95000076293945,35.369998931884766,32.513126373291016,3438500
2014-10-20,ZTS,35.369998931884766,35.689998626708984,35.310001373291016,35.40999984741211,32.54990005493164,2543800
2014-10-20,ZTS,35.369998931884766,35.689998626708984,35.310001373291016,35.40999984741211,32.54990005493164,2543800
2014-10-21,ZTS,35.56999969482422,36.18000030517578,35.540000915527344,36.09000015258789,33.17496490478516,4772800
2014-10-21,ZTS,35.56999969482422,36.18000030517578,35.540000915527344,36.09000015258789,33.17496490478516,4772800
2014-10-22,ZTS,36.060001373291016,36.34000015258789,35.880001068115234,35.88999938964844,32.99112701416016,2263500
2014-10-22,ZTS,36.060001373291016,36.34000015258789,35.880001068115234,35.88999938964844,32.99112701416016,2263500
2014-10-23,ZTS,35.79999923706055,36.45000076293945,35.470001220703125,36.11000061035156,33.1933479309082,2925800
2014-10-23,ZTS,35.79999923706055,36.45000076293945,35.470001220703125,36.11000061035156,33.1933479309082,2925800
2014-10-24,ZTS,36.20000076293945,36.59999847412109,36.09999847412109,36.58000183105469,33.625389099121094,1419000
2014-10-24,ZTS,36.20000076293945,36.59999847412109,36.09999847412109,36.58000183105469,33.625389099121094,1419000
2014-10-27,ZTS,36.59999847412109,36.77999877929688,36.4900016784668,36.56999969482422,33.616207122802734,2511400
2014-10-27,ZTS,36.59999847412109,36.77999877929688,36.4900016784668,36.56999969482422,33.616207122802734,2511400
2014-10-28,ZTS,36.65999984741211,37.02000045776367,36.5099983215332,37.0099983215332,34.020660400390625,1533400
2014-10-28,ZTS,36.65999984741211,37.02000045776367,36.5099983215332,37.0099983215332,34.020660400390625,1533400
2014-10-29,ZTS,36.880001068115234,36.93999862670898,36.310001373291016,36.619998931884766,33.66215515136719,2269900
2014-10-29,ZTS,36.880001068115234,36.93999862670898,36.310001373291016,36.619998931884766,33.66215515136719,2269900
2014-10-30,ZTS,36.630001068115234,37.400001525878906,36.54999923706055,37.31999969482422,34.30561828613281,2137900
2014-10-30,ZTS,36.630001068115234,37.400001525878906,36.54999923706055,37.31999969482422,34.30561828613281,2137900
2014-10-31,ZTS,37.7400016784668,37.90999984741211,37.04999923706055,37.15999984741211,34.158538818359375,2589500
2014-10-31,ZTS,37.7400016784668,37.90999984741211,37.04999923706055,37.15999984741211,34.158538818359375,2589500
2014-11-03,ZTS,37.08000183105469,37.81999969482422,37.02000045776367,37.720001220703125,34.74064254760742,4071300
2014-11-03,ZTS,37.08000183105469,37.81999969482422,37.02000045776367,37.720001220703125,34.74064254760742,4071300
2014-11-04,ZTS,38.0099983215332,39.119998931884766,38.0099983215332,39.119998931884766,36.03004837036133,9723700
2014-11-04,ZTS,38.0099983215332,39.119998931884766,38.0099983215332,39.119998931884766,36.03004837036133,9723700
2014-11-05,ZTS,39.290000915527344,39.40999984741211,38.7599983215332,39.27000045776367,36.16819763183594,11878900
2014-11-05,ZTS,39.290000915527344,39.40999984741211,38.7599983215332,39.27000045776367,36.16819763183594,11878900
2014-11-06,ZTS,39.34999847412109,39.720001220703125,39.27000045776367,39.709999084472656,36.57345199584961,4457100
2014-11-06,ZTS,39.34999847412109,39.720001220703125,39.27000045776367,39.709999084472656,36.57345199584961,4457100
2014-11-07,ZTS,39.650001525878906,40.29999923706055,39.619998931884766,40.22999954223633,37.0523796081543,6819000
2014-11-07,ZTS,39.650001525878906,40.29999923706055,39.619998931884766,40.22999954223633,37.0523796081543,6819000
2014-11-10,ZTS,40.29999923706055,40.34000015258789,40.02999877929688,40.15999984741211,36.9879035949707,7530100
2014-11-10,ZTS,40.29999923706055,40.34000015258789,40.02999877929688,40.15999984741211,36.9879035949707,7530100
2014-11-11,ZTS,40.15999984741211,44.130001068115234,39.91999816894531,43.720001220703125,40.26670455932617,20228500
2014-11-11,ZTS,40.15999984741211,44.130001068115234,39.91999816894531,43.720001220703125,40.26670455932617,20228500
2014-11-12,ZTS,43.900001525878906,43.959999084472656,42.56999969482422,42.63999938964844,39.27200698852539,21414900
2014-11-12,ZTS,43.900001525878906,43.959999084472656,42.56999969482422,42.63999938964844,39.27200698852539,21414900
2014-11-13,ZTS,42.65999984741211,43.290000915527344,42.61000061035156,43.2400016784668,39.82463455200195,6151300
2014-11-13,ZTS,42.65999984741211,43.290000915527344,42.61000061035156,43.2400016784668,39.82463455200195,6151300
2014-11-14,ZTS,43.18999862670898,43.45000076293945,42.86000061035156,43.13999938964844,39.73251724243164,2689500
2014-11-14,ZTS,43.18999862670898,43.45000076293945,42.86000061035156,43.13999938964844,39.73251724243164,2689500
2014-11-17,ZTS,43.86000061035156,44.43000030517578,42.97999954223633,44.22999954223633,40.73642349243164,9537400
2014-11-17,ZTS,43.86000061035156,44.43000030517578,42.97999954223633,44.22999954223633,40.73642349243164,9537400
2014-11-18,ZTS,44.880001068115234,44.93999862670898,43.02999877929688,44.18999862670898,40.69958114624024,12180600
2014-11-18,ZTS,44.880001068115234,44.93999862670898,43.02999877929688,44.18999862670898,40.69958114624024,12180600
2014-11-19,ZTS,44.33000183105469,44.380001068115234,43.209999084472656,43.400001525878906,39.97198867797852,7031100
2014-11-19,ZTS,44.33000183105469,44.380001068115234,43.209999084472656,43.400001525878906,39.97198867797852,7031100
2014-11-20,ZTS,42.90999984741211,43.25,42.709999084472656,43.150001525878906,39.74172592163086,5091100
2014-11-20,ZTS,42.90999984741211,43.25,42.709999084472656,43.150001525878906,39.74172592163086,5091100
2014-11-21,ZTS,43.47999954223633,43.869998931884766,42.84999847412109,43.869998931884766,40.40485382080078,5192500
2014-11-21,ZTS,43.47999954223633,43.869998931884766,42.84999847412109,43.869998931884766,40.40485382080078,5192500
2014-11-24,ZTS,44.09000015258789,44.93000030517578,43.83000183105469,44.58000183105469,41.05878829956055,4179400
2014-11-24,ZTS,44.09000015258789,44.93000030517578,43.83000183105469,44.58000183105469,41.05878829956055,4179400
2014-11-25,ZTS,44.58000183105469,44.720001220703125,43.869998931884766,43.90999984741211,40.441707611083984,3589000
2014-11-25,ZTS,44.58000183105469,44.720001220703125,43.869998931884766,43.90999984741211,40.441707611083984,3589000
2014-11-26,ZTS,44.27000045776367,44.70000076293945,43.869998931884766,44.66999816894531,41.14166641235352,2131400
2014-11-26,ZTS,44.27000045776367,44.70000076293945,43.869998931884766,44.66999816894531,41.14166641235352,2131400
2014-11-28,ZTS,44.75,45.09000015258789,44.75,44.93000030517578,41.381126403808594,1332200
2014-11-28,ZTS,44.75,45.09000015258789,44.75,44.93000030517578,41.381126403808594,1332200
2014-12-01,ZTS,45.20000076293945,45.2400016784668,44.2599983215332,44.369998931884766,40.8653678894043,3153000
2014-12-01,ZTS,45.20000076293945,45.2400016784668,44.2599983215332,44.369998931884766,40.8653678894043,3153000
2014-12-02,ZTS,44.369998931884766,44.95000076293945,44.27999877929688,44.7400016784668,41.20613479614258,2500600
2014-12-02,ZTS,44.369998931884766,44.95000076293945,44.27999877929688,44.7400016784668,41.20613479614258,2500600
2014-12-03,ZTS,44.7400016784668,45.0099983215332,44.38999938964844,44.880001068115234,41.3350830078125,2003600
2014-12-03,ZTS,44.7400016784668,45.0099983215332,44.38999938964844,44.880001068115234,41.3350830078125,2003600
2014-12-04,ZTS,44.790000915527344,44.900001525878906,43.84999847412109,44.0,40.52458953857422,4294300
2014-12-04,ZTS,44.790000915527344,44.900001525878906,43.84999847412109,44.0,40.52458953857422,4294300
2014-12-05,ZTS,43.970001220703125,44.459999084472656,43.83000183105469,43.97999954223633,40.50616455078125,3314000
2014-12-05,ZTS,43.970001220703125,44.459999084472656,43.83000183105469,43.97999954223633,40.50616455078125,3314000
2014-12-08,ZTS,44.20000076293945,44.38999938964844,43.869998931884766,44.09999847412109,40.6166877746582,5889300
2014-12-08,ZTS,44.20000076293945,44.38999938964844,43.869998931884766,44.09999847412109,40.6166877746582,5889300
2014-12-09,ZTS,43.18000030517578,44.4900016784668,42.7400016784668,43.81999969482422,40.35880279541016,5515000
2014-12-09,ZTS,43.18000030517578,44.4900016784668,42.7400016784668,43.81999969482422,40.35880279541016,5515000
2014-12-10,ZTS,43.84999847412109,44.20000076293945,42.70000076293945,42.77000045776367,39.39175415039063,4393500
2014-12-10,ZTS,43.84999847412109,44.20000076293945,42.70000076293945,42.77000045776367,39.39175415039063,4393500
2014-12-11,ZTS,42.970001220703125,43.5,42.7599983215332,42.880001068115234,39.4930534362793,4942200
2014-12-11,ZTS,42.970001220703125,43.5,42.7599983215332,42.880001068115234,39.4930534362793,4942200
2014-12-12,ZTS,42.720001220703125,43.09000015258789,41.7400016784668,41.77000045776367,38.4707260131836,4050300
2014-12-12,ZTS,42.720001220703125,43.09000015258789,41.7400016784668,41.77000045776367,38.4707260131836,4050300
2014-12-15,ZTS,42.25,42.4900016784668,41.34000015258789,41.7400016784668,38.44308853149414,5943600
2014-12-15,ZTS,42.25,42.4900016784668,41.34000015258789,41.7400016784668,38.44308853149414,5943600
2014-12-16,ZTS,41.650001525878906,42.0099983215332,40.83000183105469,40.84999847412109,37.623382568359375,4606400
2014-12-16,ZTS,41.650001525878906,42.0099983215332,40.83000183105469,40.84999847412109,37.623382568359375,4606400
2014-12-17,ZTS,41.08000183105469,41.43000030517578,40.83000183105469,41.130001068115234,37.88127136230469,7627700
2014-12-17,ZTS,41.08000183105469,41.43000030517578,40.83000183105469,41.130001068115234,37.88127136230469,7627700
2014-12-18,ZTS,41.84000015258789,43.150001525878906,41.790000915527344,43.150001525878906,39.74172592163086,6578100
2014-12-18,ZTS,41.84000015258789,43.150001525878906,41.790000915527344,43.150001525878906,39.74172592163086,6578100
2014-12-19,ZTS,43.02999877929688,43.72999954223633,42.630001068115234,43.5099983215332,40.07328414916992,5601600
2014-12-19,ZTS,43.02999877929688,43.72999954223633,42.630001068115234,43.5099983215332,40.07328414916992,5601600
2014-12-22,ZTS,43.56999969482422,43.77999877929688,42.95000076293945,43.40999984741211,39.98118209838867,1913800
2014-12-22,ZTS,43.56999969482422,43.77999877929688,42.95000076293945,43.40999984741211,39.98118209838867,1913800
2014-12-23,ZTS,43.59999847412109,43.72999954223633,42.7599983215332,42.970001220703125,39.57594680786133,2612500
2014-12-23,ZTS,43.59999847412109,43.72999954223633,42.7599983215332,42.970001220703125,39.57594680786133,2612500
2014-12-24,ZTS,43.060001373291016,43.9900016784668,43.0,43.84000015258789,40.37722396850586,1300600
2014-12-24,ZTS,43.060001373291016,43.9900016784668,43.0,43.84000015258789,40.37722396850586,1300600
2014-12-26,ZTS,43.79999923706055,44.290000915527344,43.79999923706055,44.20000076293945,40.70878601074219,1518000
2014-12-26,ZTS,43.79999923706055,44.290000915527344,43.79999923706055,44.20000076293945,40.70878601074219,1518000
2014-12-29,ZTS,44.02000045776367,44.22999954223633,43.84999847412109,44.0099983215332,40.53380584716797,2006700
2014-12-29,ZTS,44.02000045776367,44.22999954223633,43.84999847412109,44.0099983215332,40.53380584716797,2006700
2014-12-30,ZTS,43.97999954223633,44.09999847412109,43.09000015258789,43.34999847412109,39.92593002319336,2251100
2014-12-30,ZTS,43.97999954223633,44.09999847412109,43.09000015258789,43.34999847412109,39.92593002319336,2251100
2014-12-31,ZTS,43.459999084472656,43.880001068115234,43.0,43.02999877929688,39.63121032714844,2131900
2014-12-31,ZTS,43.459999084472656,43.880001068115234,43.0,43.02999877929688,39.63121032714844,2131900
2015-01-02,ZTS,43.459999084472656,43.70000076293945,43.06999969482422,43.310001373291016,39.88909530639648,1784200
2015-01-02,ZTS,43.459999084472656,43.70000076293945,43.06999969482422,43.310001373291016,39.88909530639648,1784200
2015-01-05,ZTS,43.25,43.630001068115234,42.970001220703125,43.04999923706055,39.64963150024414,3112100
2015-01-05,ZTS,43.25,43.630001068115234,42.970001220703125,43.04999923706055,39.64963150024414,3112100
2015-01-06,ZTS,43.150001525878906,43.36000061035156,42.29999923706055,42.630001068115234,39.26279067993164,3977200
2015-01-06,ZTS,43.150001525878906,43.36000061035156,42.29999923706055,42.630001068115234,39.26279067993164,3977200
2015-01-07,ZTS,43.0,43.560001373291016,42.97999954223633,43.5099983215332,40.07328414916992,2481800
2015-01-07,ZTS,43.0,43.560001373291016,42.97999954223633,43.5099983215332,40.07328414916992,2481800
2015-01-08,ZTS,44.75,44.869998931884766,44.0,44.18000030517578,40.690372467041016,3121300
2015-01-08,ZTS,44.75,44.869998931884766,44.0,44.18000030517578,40.690372467041016,3121300
2015-01-09,ZTS,44.060001373291016,44.43999862670898,43.68000030517578,44.25,40.75483322143555,2999100
2015-01-09,ZTS,44.060001373291016,44.43999862670898,43.68000030517578,44.25,40.75483322143555,2999100
2015-01-12,ZTS,44.34000015258789,44.34000015258789,43.290000915527344,43.41999816894531,39.99040603637695,2168300
2015-01-12,ZTS,44.34000015258789,44.34000015258789,43.290000915527344,43.41999816894531,39.99040603637695,2168300
2015-01-13,ZTS,43.88999938964844,44.220001220703125,42.56999969482422,42.810001373291016,39.42857360839844,3668600
2015-01-13,ZTS,43.88999938964844,44.220001220703125,42.56999969482422,42.810001373291016,39.42857360839844,3668600
2015-01-14,ZTS,42.5,43.22999954223633,42.290000915527344,43.02999877929688,39.63121032714844,2481300
2015-01-14,ZTS,42.5,43.22999954223633,42.290000915527344,43.02999877929688,39.63121032714844,2481300
2015-01-15,ZTS,43.27000045776367,43.77000045776367,42.900001525878906,42.93999862670898,39.548301696777344,2719300
2015-01-15,ZTS,43.27000045776367,43.77000045776367,42.900001525878906,42.93999862670898,39.548301696777344,2719300
2015-01-16,ZTS,42.79999923706055,44.290000915527344,42.77000045776367,44.220001220703125,40.72721862792969,2761600
2015-01-16,ZTS,42.79999923706055,44.290000915527344,42.77000045776367,44.220001220703125,40.72721862792969,2761600
2015-01-20,ZTS,44.20000076293945,44.20000076293945,43.220001220703125,43.560001373291016,40.19479370117188,3471000
2015-01-20,ZTS,44.20000076293945,44.20000076293945,43.220001220703125,43.560001373291016,40.19479370117188,3471000
2015-01-21,ZTS,43.56999969482422,44.630001068115234,43.43999862670898,44.25,40.83147048950195,1991900
2015-01-21,ZTS,43.56999969482422,44.630001068115234,43.43999862670898,44.25,40.83147048950195,1991900
2015-01-22,ZTS,44.34999847412109,44.81999969482422,43.650001525878906,44.5099983215332,41.07138442993164,2914700
2015-01-22,ZTS,44.34999847412109,44.81999969482422,43.650001525878906,44.5099983215332,41.07138442993164,2914700
2015-01-23,ZTS,44.52000045776367,44.79999923706055,43.970001220703125,44.119998931884766,40.71153259277344,2885500
2015-01-23,ZTS,44.52000045776367,44.79999923706055,43.970001220703125,44.119998931884766,40.71153259277344,2885500
2015-01-26,ZTS,44.040000915527344,44.310001373291016,43.84999847412109,44.09000015258789,40.683841705322266,1926800
2015-01-26,ZTS,44.040000915527344,44.310001373291016,43.84999847412109,44.09000015258789,40.683841705322266,1926800
2015-01-27,ZTS,43.59999847412109,43.900001525878906,43.209999084472656,43.29999923706055,39.95486831665039,3008300
2015-01-27,ZTS,43.59999847412109,43.900001525878906,43.209999084472656,43.29999923706055,39.95486831665039,3008300
2015-01-28,ZTS,43.72999954223633,44.290000915527344,43.06999969482422,43.11000061035156,39.77956008911133,2425100
2015-01-28,ZTS,43.72999954223633,44.290000915527344,43.06999969482422,43.11000061035156,39.77956008911133,2425100
2015-01-29,ZTS,43.04999923706055,43.68000030517578,42.560001373291016,43.31999969482422,39.97332382202149,4927300
2015-01-29,ZTS,43.04999923706055,43.68000030517578,42.560001373291016,43.31999969482422,39.97332382202149,4927300
2015-01-30,ZTS,43.18000030517578,43.560001373291016,42.63999938964844,42.72999954223633,39.42890548706055,3146000
2015-01-30,ZTS,43.18000030517578,43.560001373291016,42.63999938964844,42.72999954223633,39.42890548706055,3146000
2015-02-02,ZTS,43.02999877929688,43.380001068115234,42.369998931884766,43.380001068115234,40.028690338134766,2136700
2015-02-02,ZTS,43.02999877929688,43.380001068115234,42.369998931884766,43.380001068115234,40.028690338134766,2136700
2015-02-03,ZTS,43.5099983215332,43.810001373291016,43.20000076293945,43.5,40.1394157409668,4910800
2015-02-03,ZTS,43.5099983215332,43.810001373291016,43.20000076293945,43.5,40.1394157409668,4910800
2015-02-04,ZTS,43.86000061035156,44.040000915527344,43.220001220703125,43.459999084472656,40.10250473022461,5102900
2015-02-04,ZTS,43.86000061035156,44.040000915527344,43.220001220703125,43.459999084472656,40.10250473022461,5102900
2015-02-05,ZTS,43.54999923706055,44.08000183105469,43.119998931884766,43.400001525878906,40.04715347290039,3470900
2015-02-05,ZTS,43.54999923706055,44.08000183105469,43.119998931884766,43.400001525878906,40.04715347290039,3470900
2015-02-06,ZTS,43.43999862670898,44.2400016784668,43.27999877929688,43.65999984741211,40.28706741333008,5408000
2015-02-06,ZTS,43.43999862670898,44.2400016784668,43.27999877929688,43.65999984741211,40.28706741333008,5408000
2015-02-09,ZTS,43.5,43.65999984741211,42.65999984741211,42.869998931884766,39.55809020996094,4467100
2015-02-09,ZTS,43.5,43.65999984741211,42.65999984741211,42.869998931884766,39.55809020996094,4467100
2015-02-10,ZTS,43.130001068115234,44.0099983215332,42.810001373291016,43.90999984741211,40.51775360107422,4111200
2015-02-10,ZTS,43.130001068115234,44.0099983215332,42.810001373291016,43.90999984741211,40.51775360107422,4111200
2015-02-11,ZTS,44.880001068115234,46.119998931884766,44.880001068115234,45.77000045776367,42.23406219482422,7071100
2015-02-11,ZTS,44.880001068115234,46.119998931884766,44.880001068115234,45.77000045776367,42.23406219482422,7071100
2015-02-12,ZTS,47.2400016784668,47.400001525878906,45.2599983215332,45.790000915527344,42.25251770019531,6989600
2015-02-12,ZTS,47.2400016784668,47.400001525878906,45.2599983215332,45.790000915527344,42.25251770019531,6989600
2015-02-13,ZTS,44.7400016784668,45.5,44.36000061035156,45.459999084472656,41.94799423217773,6413300
2015-02-13,ZTS,44.7400016784668,45.5,44.36000061035156,45.459999084472656,41.94799423217773,6413300
2015-02-17,ZTS,45.54999923706055,46.2400016784668,45.45000076293945,46.20000076293945,42.63083267211914,4055800
2015-02-17,ZTS,45.54999923706055,46.2400016784668,45.45000076293945,46.20000076293945,42.63083267211914,4055800
2015-02-18,ZTS,46.11000061035156,46.43000030517578,45.81999969482422,45.84999847412109,42.3078727722168,3276900
2015-02-18,ZTS,46.11000061035156,46.43000030517578,45.81999969482422,45.84999847412109,42.3078727722168,3276900
2015-02-19,ZTS,45.83000183105469,46.0,45.4900016784668,45.650001525878906,42.123321533203125,2928800
2015-02-19,ZTS,45.83000183105469,46.0,45.4900016784668,45.650001525878906,42.123321533203125,2928800
2015-02-20,ZTS,45.70000076293945,45.88999938964844,45.11000061035156,45.59999847412109,42.077186584472656,3713000
2015-02-20,ZTS,45.70000076293945,45.88999938964844,45.11000061035156,45.59999847412109,42.077186584472656,3713000
2015-02-23,ZTS,45.709999084472656,45.93000030517578,45.209999084472656,45.58000183105469,42.058719635009766,2664500
2015-02-23,ZTS,45.709999084472656,45.93000030517578,45.209999084472656,45.58000183105469,42.058719635009766,2664500
2015-02-24,ZTS,45.650001525878906,45.790000915527344,45.27999877929688,45.400001525878906,41.89264297485352,1869800
2015-02-24,ZTS,45.650001525878906,45.790000915527344,45.27999877929688,45.400001525878906,41.89264297485352,1869800
2015-02-25,ZTS,45.54999923706055,45.970001220703125,45.38999938964844,45.720001220703125,42.18791580200195,2958800
2015-02-25,ZTS,45.54999923706055,45.970001220703125,45.38999938964844,45.720001220703125,42.18791580200195,2958800
2015-02-26,ZTS,45.83000183105469,46.70000076293945,45.79999923706055,46.619998931884766,43.01838684082031,4903000
2015-02-26,ZTS,45.83000183105469,46.70000076293945,45.79999923706055,46.619998931884766,43.01838684082031,4903000
2015-02-27,ZTS,46.540000915527344,46.880001068115234,46.040000915527344,46.09000015258789,42.529335021972656,5555500
2015-02-27,ZTS,46.540000915527344,46.880001068115234,46.040000915527344,46.09000015258789,42.529335021972656,5555500
2015-03-02,ZTS,46.09000015258789,47.61000061035156,46.09000015258789,47.310001373291016,43.655086517333984,5261700
2015-03-02,ZTS,46.09000015258789,47.61000061035156,46.09000015258789,47.310001373291016,43.655086517333984,5261700
2015-03-03,ZTS,47.27999877929688,47.34000015258789,46.34000015258789,46.540000915527344,42.94456481933594,2256200
2015-03-03,ZTS,47.27999877929688,47.34000015258789,46.34000015258789,46.540000915527344,42.94456481933594,2256200
2015-03-04,ZTS,46.400001525878906,46.4900016784668,45.86000061035156,46.22999954223633,42.65851211547852,3293000
2015-03-04,ZTS,46.400001525878906,46.4900016784668,45.86000061035156,46.22999954223633,42.65851211547852,3293000
2015-03-05,ZTS,46.68999862670898,46.83000183105469,45.9900016784668,46.459999084472656,42.87074279785156,2327600
2015-03-05,ZTS,46.68999862670898,46.83000183105469,45.9900016784668,46.459999084472656,42.87074279785156,2327600
2015-03-06,ZTS,46.29999923706055,46.52999877929688,45.66999816894531,45.77999877929688,42.2432746887207,3486500
2015-03-06,ZTS,46.29999923706055,46.52999877929688,45.66999816894531,45.77999877929688,42.2432746887207,3486500
2015-03-09,ZTS,45.869998931884766,46.959999084472656,45.47999954223633,46.290000915527344,42.7138786315918,3757800
2015-03-09,ZTS,45.869998931884766,46.959999084472656,45.47999954223633,46.290000915527344,42.7138786315918,3757800
2015-03-10,ZTS,46.130001068115234,46.27999877929688,45.68000030517578,45.70000076293945,42.1694564819336,2189500
2015-03-10,ZTS,46.130001068115234,46.27999877929688,45.68000030517578,45.70000076293945,42.1694564819336,2189500
2015-03-11,ZTS,45.880001068115234,46.58000183105469,45.72999954223633,46.0099983215332,42.45551300048828,3245000
2015-03-11,ZTS,45.880001068115234,46.58000183105469,45.72999954223633,46.0099983215332,42.45551300048828,3245000
2015-03-12,ZTS,46.310001373291016,46.869998931884766,46.13999938964844,46.84000015258789,43.22138595581055,2276500
2015-03-12,ZTS,46.310001373291016,46.869998931884766,46.13999938964844,46.84000015258789,43.22138595581055,2276500
2015-03-13,ZTS,46.86000061035156,46.86000061035156,46.02000045776367,46.45000076293945,42.861515045166016,2487100
2015-03-13,ZTS,46.86000061035156,46.86000061035156,46.02000045776367,46.45000076293945,42.861515045166016,2487100
2015-03-16,ZTS,46.709999084472656,47.02999877929688,46.54999923706055,46.97999954223633,43.350582122802734,2519800
2015-03-16,ZTS,46.709999084472656,47.02999877929688,46.54999923706055,46.97999954223633,43.350582122802734,2519800
2015-03-17,ZTS,46.619998931884766,47.34000015258789,46.40999984741211,47.150001525878906,43.50743865966797,2906900
2015-03-17,ZTS,46.619998931884766,47.34000015258789,46.40999984741211,47.150001525878906,43.50743865966797,2906900
2015-03-18,ZTS,46.97999954223633,47.7599983215332,46.66999816894531,47.5099983215332,43.839630126953125,3056000
2015-03-18,ZTS,46.97999954223633,47.7599983215332,46.66999816894531,47.5099983215332,43.839630126953125,3056000
2015-03-19,ZTS,47.459999084472656,47.7400016784668,47.09999847412109,47.40999984741211,43.747344970703125,2000700
2015-03-19,ZTS,47.459999084472656,47.7400016784668,47.09999847412109,47.40999984741211,43.747344970703125,2000700
2015-03-20,ZTS,47.4900016784668,47.91999816894531,47.09999847412109,47.34000015258789,43.68276977539063,4542700
2015-03-20,ZTS,47.4900016784668,47.91999816894531,47.09999847412109,47.34000015258789,43.68276977539063,4542700
2015-03-23,ZTS,47.54999923706055,47.70000076293945,47.040000915527344,47.150001525878906,43.50743865966797,4820100
2015-03-23,ZTS,47.54999923706055,47.70000076293945,47.040000915527344,47.150001525878906,43.50743865966797,4820100
2015-03-24,ZTS,47.2400016784668,47.61000061035156,46.7599983215332,47.02000045776367,43.387481689453125,1938100
2015-03-24,ZTS,47.2400016784668,47.61000061035156,46.7599983215332,47.02000045776367,43.387481689453125,1938100
2015-03-25,ZTS,47.16999816894531,47.380001068115234,46.220001220703125,46.27000045776367,42.6954231262207,4148400
2015-03-25,ZTS,47.16999816894531,47.380001068115234,46.220001220703125,46.27000045776367,42.6954231262207,4148400
2015-03-26,ZTS,46.02000045776367,46.38999938964844,45.68999862670898,46.11000061035156,42.54778671264648,3550800
2015-03-26,ZTS,46.02000045776367,46.38999938964844,45.68999862670898,46.11000061035156,42.54778671264648,3550800
2015-03-27,ZTS,46.13999938964844,46.52999877929688,46.0,46.220001220703125,42.64929962158203,2801700
2015-03-27,ZTS,46.13999938964844,46.52999877929688,46.0,46.220001220703125,42.64929962158203,2801700
2015-03-30,ZTS,46.470001220703125,46.959999084472656,46.41999816894531,46.91999816894531,43.29521179199219,2206900
2015-03-30,ZTS,46.470001220703125,46.959999084472656,46.41999816894531,46.91999816894531,43.29521179199219,2206900
2015-03-31,ZTS,46.7599983215332,46.93000030517578,46.290000915527344,46.290000915527344,42.7138786315918,2768400
2015-03-31,ZTS,46.7599983215332,46.93000030517578,46.290000915527344,46.290000915527344,42.7138786315918,2768400
2015-04-01,ZTS,46.29999923706055,46.560001373291016,45.959999084472656,46.27000045776367,42.6954231262207,4751300
2015-04-01,ZTS,46.29999923706055,46.560001373291016,45.959999084472656,46.27000045776367,42.6954231262207,4751300
2015-04-02,ZTS,46.45000076293945,46.65999984741211,46.20000076293945,46.5,42.90764999389648,3084000
2015-04-02,ZTS,46.45000076293945,46.65999984741211,46.20000076293945,46.5,42.90764999389648,3084000
2015-04-06,ZTS,46.150001525878906,46.66999816894531,46.0099983215332,46.33000183105469,42.75079345703125,2385300
2015-04-06,ZTS,46.150001525878906,46.66999816894531,46.0099983215332,46.33000183105469,42.75079345703125,2385300
2015-04-07,ZTS,46.400001525878906,46.86000061035156,46.33000183105469,46.36000061035156,42.855247497558594,2367100
2015-04-07,ZTS,46.400001525878906,46.86000061035156,46.33000183105469,46.36000061035156,42.855247497558594,2367100
2015-04-08,ZTS,46.369998931884766,46.61000061035156,46.119998931884766,46.209999084472656,42.716575622558594,2565400
2015-04-08,ZTS,46.369998931884766,46.61000061035156,46.119998931884766,46.209999084472656,42.716575622558594,2565400
2015-04-09,ZTS,46.29999923706055,46.7400016784668,46.15999984741211,46.54999923706055,43.030879974365234,2720800
2015-04-09,ZTS,46.29999923706055,46.7400016784668,46.15999984741211,46.54999923706055,43.030879974365234,2720800
2015-04-10,ZTS,46.59999847412109,47.290000915527344,46.29999923706055,47.16999816894531,43.604000091552734,2278300
2015-04-10,ZTS,46.59999847412109,47.290000915527344,46.29999923706055,47.16999816894531,43.604000091552734,2278300
2015-04-13,ZTS,47.25,47.43999862670898,46.63999938964844,46.65999984741211,43.13256072998047,2009300
2015-04-13,ZTS,47.25,47.43999862670898,46.63999938964844,46.65999984741211,43.13256072998047,2009300
2015-04-14,ZTS,46.65999984741211,46.9900016784668,46.02000045776367,46.900001525878906,43.35443115234375,2672500
2015-04-14,ZTS,46.65999984741211,46.9900016784668,46.02000045776367,46.900001525878906,43.35443115234375,2672500
2015-04-15,ZTS,47.04999923706055,47.220001220703125,46.90999984741211,47.0,43.446876525878906,1578500
2015-04-15,ZTS,47.04999923706055,47.220001220703125,46.90999984741211,47.0,43.446876525878906,1578500
2015-04-16,ZTS,46.79999923706055,47.16999816894531,46.63999938964844,47.13999938964844,43.5762825012207,1585500
2015-04-16,ZTS,46.79999923706055,47.16999816894531,46.63999938964844,47.13999938964844,43.5762825012207,1585500
2015-04-17,ZTS,46.900001525878906,47.02999877929688,46.459999084472656,46.77000045776367,43.234256744384766,2885100
2015-04-17,ZTS,46.900001525878906,47.02999877929688,46.459999084472656,46.77000045776367,43.234256744384766,2885100
2015-04-20,ZTS,46.88999938964844,47.130001068115234,46.709999084472656,47.040000915527344,43.48384475708008,2890200
2015-04-20,ZTS,46.88999938964844,47.130001068115234,46.709999084472656,47.040000915527344,43.48384475708008,2890200
2015-04-21,ZTS,47.27999877929688,47.58000183105469,47.09999847412109,47.540000915527344,43.9460334777832,3139000
2015-04-21,ZTS,47.27999877929688,47.58000183105469,47.09999847412109,47.540000915527344,43.9460334777832,3139000
2015-04-22,ZTS,47.45000076293945,47.52000045776367,46.93000030517578,47.02999877929688,43.474605560302734,2075700
2015-04-22,ZTS,47.45000076293945,47.52000045776367,46.93000030517578,47.02999877929688,43.474605560302734,2075700
2015-04-23,ZTS,46.93999862670898,47.09999847412109,46.56999969482422,47.04999923706055,43.49308776855469,2113300
2015-04-23,ZTS,46.93999862670898,47.09999847412109,46.56999969482422,47.04999923706055,43.49308776855469,2113300
2015-04-24,ZTS,46.88999938964844,47.9900016784668,46.72999954223633,47.90999984741211,44.2880744934082,3449500
2015-04-24,ZTS,46.88999938964844,47.9900016784668,46.72999954223633,47.90999984741211,44.2880744934082,3449500
2015-04-27,ZTS,47.97999954223633,47.9900016784668,46.7400016784668,46.83000183105469,43.28972244262695,2684100
2015-04-27,ZTS,47.97999954223633,47.9900016784668,46.7400016784668,46.83000183105469,43.28972244262695,2684100
2015-04-28,ZTS,46.720001220703125,46.81999969482422,45.63999938964844,45.72999954223633,42.27286911010742,4492400
2015-04-28,ZTS,46.720001220703125,46.81999969482422,45.63999938964844,45.72999954223633,42.27286911010742,4492400
2015-04-29,ZTS,45.5,45.93999862670898,45.09999847412109,45.220001220703125,41.80142593383789,3997600
2015-04-29,ZTS,45.5,45.93999862670898,45.09999847412109,45.220001220703125,41.80142593383789,3997600
2015-04-30,ZTS,45.08000183105469,45.45000076293945,44.310001373291016,44.41999816894531,41.06191635131836,4330200
2015-04-30,ZTS,45.08000183105469,45.45000076293945,44.310001373291016,44.41999816894531,41.06191635131836,4330200
2015-05-01,ZTS,44.72999954223633,44.90999984741211,44.38999938964844,44.61000061035156,41.23754119873047,5835100
2015-05-01,ZTS,44.72999954223633,44.90999984741211,44.38999938964844,44.61000061035156,41.23754119873047,5835100
2015-05-04,ZTS,44.75,45.560001373291016,44.709999084472656,45.400001525878906,41.96783828735352,4782900
2015-05-04,ZTS,44.75,45.560001373291016,44.709999084472656,45.400001525878906,41.96783828735352,4782900
2015-05-05,ZTS,47.130001068115234,47.43999862670898,45.130001068115234,45.68000030517578,42.22664260864258,7681200
2015-05-05,ZTS,47.130001068115234,47.43999862670898,45.130001068115234,45.68000030517578,42.22664260864258,7681200
2015-05-06,ZTS,45.93000030517578,45.93999862670898,45.18999862670898,45.290000915527344,41.86613845825195,4441400
2015-05-06,ZTS,45.93000030517578,45.93999862670898,45.18999862670898,45.290000915527344,41.86613845825195,4441400
2015-05-07,ZTS,45.33000183105469,45.75,45.02999877929688,45.560001373291016,42.11572265625,2427000
2015-05-07,ZTS,45.33000183105469,45.75,45.02999877929688,45.560001373291016,42.11572265625,2427000
2015-05-08,ZTS,45.9900016784668,46.09000015258789,45.56999969482422,45.900001525878906,42.430023193359375,2548200
2015-05-08,ZTS,45.9900016784668,46.09000015258789,45.56999969482422,45.900001525878906,42.430023193359375,2548200
2015-05-11,ZTS,45.90999984741211,46.34999847412109,45.66999816894531,46.09000015258789,42.605655670166016,3405100
2015-05-11,ZTS,45.90999984741211,46.34999847412109,45.66999816894531,46.09000015258789,42.605655670166016,3405100
2015-05-12,ZTS,45.720001220703125,45.86000061035156,45.34000015258789,45.58000183105469,42.13420867919922,2230400
2015-05-12,ZTS,45.720001220703125,45.86000061035156,45.34000015258789,45.58000183105469,42.13420867919922,2230400
2015-05-13,ZTS,45.619998931884766,46.0,45.41999816894531,45.619998931884766,42.17119598388672,2159800
2015-05-13,ZTS,45.619998931884766,46.0,45.41999816894531,45.619998931884766,42.17119598388672,2159800
2015-05-14,ZTS,45.869998931884766,46.31999969482422,45.47999954223633,46.27999877929688,42.78129196166992,1959600
2015-05-14,ZTS,45.869998931884766,46.31999969482422,45.47999954223633,46.27999877929688,42.78129196166992,1959600
2015-05-15,ZTS,46.52000045776367,46.90999984741211,46.43000030517578,46.4900016784668,42.97541809082031,2831500
2015-05-15,ZTS,46.52000045776367,46.90999984741211,46.43000030517578,46.4900016784668,42.97541809082031,2831500
2015-05-18,ZTS,46.45000076293945,46.77000045776367,46.31999969482422,46.72999954223633,43.19726943969727,2890600
2015-05-18,ZTS,46.45000076293945,46.77000045776367,46.31999969482422,46.72999954223633,43.19726943969727,2890600
2015-05-19,ZTS,46.880001068115234,47.68999862670898,46.7400016784668,47.45000076293945,43.86284255981445,3845700
2015-05-19,ZTS,46.880001068115234,47.68999862670898,46.7400016784668,47.45000076293945,43.86284255981445,3845700
2015-05-20,ZTS,47.470001220703125,47.810001373291016,46.9900016784668,47.27999877929688,43.70569610595703,2206600
2015-05-20,ZTS,47.470001220703125,47.810001373291016,46.9900016784668,47.27999877929688,43.70569610595703,2206600
2015-05-21,ZTS,47.33000183105469,47.88999938964844,47.04999923706055,47.79999923706055,44.1863899230957,3599300
2015-05-21,ZTS,47.33000183105469,47.88999938964844,47.04999923706055,47.79999923706055,44.1863899230957,3599300
2015-05-22,ZTS,47.709999084472656,47.84000015258789,47.5,47.630001068115234,44.02925109863281,1832300
2015-05-22,ZTS,47.709999084472656,47.84000015258789,47.5,47.630001068115234,44.02925109863281,1832300
2015-05-26,ZTS,47.52000045776367,48.04999923706055,47.5099983215332,47.95000076293945,44.32503890991211,3999500
2015-05-26,ZTS,47.52000045776367,48.04999923706055,47.5099983215332,47.95000076293945,44.32503890991211,3999500
2015-05-27,ZTS,47.97999954223633,49.47999954223633,47.66999816894531,49.45000076293945,45.71163940429688,5447800
2015-05-27,ZTS,47.97999954223633,49.47999954223633,47.66999816894531,49.45000076293945,45.71163940429688,5447800
2015-05-28,ZTS,49.290000915527344,49.54999923706055,48.400001525878906,49.11000061035156,45.39734649658203,4934000
2015-05-28,ZTS,49.290000915527344,49.54999923706055,48.400001525878906,49.11000061035156,45.39734649658203,4934000
2015-05-29,ZTS,49.43999862670898,49.959999084472656,49.130001068115234,49.77000045776367,46.007450103759766,5617100
2015-05-29,ZTS,49.43999862670898,49.959999084472656,49.130001068115234,49.77000045776367,46.007450103759766,5617100
2015-06-01,ZTS,49.91999816894531,50.369998931884766,49.369998931884766,49.77999877929688,46.016693115234375,4496100
2015-06-01,ZTS,49.91999816894531,50.369998931884766,49.369998931884766,49.77999877929688,46.016693115234375,4496100
2015-06-02,ZTS,49.720001220703125,49.970001220703125,48.900001525878906,49.58000183105469,45.83182907104492,2680500
2015-06-02,ZTS,49.720001220703125,49.970001220703125,48.900001525878906,49.58000183105469,45.83182907104492,2680500
2015-06-03,ZTS,49.880001068115234,49.900001525878906,49.34000015258789,49.54999923706055,45.80410003662109,1976000
2015-06-03,ZTS,49.880001068115234,49.900001525878906,49.34000015258789,49.54999923706055,45.80410003662109,1976000
2015-06-04,ZTS,49.04999923706055,49.59000015258789,48.84999847412109,48.900001525878906,45.203224182128906,2080700
2015-06-04,ZTS,49.04999923706055,49.59000015258789,48.84999847412109,48.900001525878906,45.203224182128906,2080700
2015-06-05,ZTS,48.70000076293945,49.16999816894531,48.40999984741211,49.0099983215332,45.30490493774414,2412000
2015-06-05,ZTS,48.70000076293945,49.16999816894531,48.40999984741211,49.0099983215332,45.30490493774414,2412000
2015-06-08,ZTS,48.75,49.220001220703125,48.7400016784668,48.79999923706055,45.11079025268555,1906400
2015-06-08,ZTS,48.75,49.220001220703125,48.7400016784668,48.79999923706055,45.11079025268555,1906400
2015-06-09,ZTS,48.66999816894531,49.369998931884766,48.52000045776367,49.2400016784668,45.517520904541016,2675500
2015-06-09,ZTS,48.66999816894531,49.369998931884766,48.52000045776367,49.2400016784668,45.517520904541016,2675500
2015-06-10,ZTS,49.40999984741211,49.900001525878906,49.0,49.68999862670898,45.93351364135742,2012100
2015-06-10,ZTS,49.40999984741211,49.900001525878906,49.0,49.68999862670898,45.93351364135742,2012100
2015-06-11,ZTS,49.79999923706055,50.040000915527344,49.59999847412109,49.869998931884766,46.099891662597656,2055700
2015-06-11,ZTS,49.79999923706055,50.040000915527344,49.59999847412109,49.869998931884766,46.099891662597656,2055700
2015-06-12,ZTS,49.630001068115234,49.86000061035156,49.0099983215332,49.08000183105469,45.369625091552734,2033300
2015-06-12,ZTS,49.630001068115234,49.86000061035156,49.0099983215332,49.08000183105469,45.369625091552734,2033300
2015-06-15,ZTS,48.84000015258789,49.34999847412109,48.709999084472656,49.27000045776367,45.54524612426758,3015000
2015-06-15,ZTS,48.84000015258789,49.34999847412109,48.709999084472656,49.27000045776367,45.54524612426758,3015000
2015-06-16,ZTS,49.29999923706055,49.72999954223633,48.900001525878906,49.709999084472656,45.95198440551758,1817900
2015-06-16,ZTS,49.29999923706055,49.72999954223633,48.900001525878906,49.709999084472656,45.95198440551758,1817900
2015-06-17,ZTS,49.75,50.369998931884766,49.709999084472656,50.16999816894531,46.377220153808594,2804400
2015-06-17,ZTS,49.75,50.369998931884766,49.709999084472656,50.16999816894531,46.377220153808594,2804400
2015-06-18,ZTS,50.290000915527344,50.59999847412109,50.15999984741211,50.5,46.68227005004883,3696100
2015-06-18,ZTS,50.290000915527344,50.59999847412109,50.15999984741211,50.5,46.68227005004883,3696100
2015-06-19,ZTS,50.36000061035156,50.619998931884766,50.20000076293945,50.2400016784668,46.441925048828125,2906800
2015-06-19,ZTS,50.36000061035156,50.619998931884766,50.20000076293945,50.2400016784668,46.441925048828125,2906800
2015-06-22,ZTS,50.59999847412109,50.70000076293945,50.06999969482422,50.220001220703125,46.423431396484375,2040400
2015-06-22,ZTS,50.59999847412109,50.70000076293945,50.06999969482422,50.220001220703125,46.423431396484375,2040400
2015-06-23,ZTS,50.40999984741211,50.84999847412109,50.2400016784668,50.470001220703125,46.654541015625,2104100
2015-06-23,ZTS,50.40999984741211,50.84999847412109,50.2400016784668,50.470001220703125,46.654541015625,2104100
2015-06-24,ZTS,50.25,50.29999923706055,49.709999084472656,49.709999084472656,45.95198440551758,2561900
2015-06-24,ZTS,50.25,50.29999923706055,49.709999084472656,49.709999084472656,45.95198440551758,2561900
2015-06-25,ZTS,49.84000015258789,55.380001068115234,49.56999969482422,55.380001068115234,51.1933479309082,3228100
2015-06-25,ZTS,49.84000015258789,55.380001068115234,49.56999969482422,55.380001068115234,51.1933479309082,3228100
2015-06-26,ZTS,53.93000030517578,54.0,48.2599983215332,48.619998931884766,44.94438934326172,20823300
2015-06-26,ZTS,53.93000030517578,54.0,48.2599983215332,48.619998931884766,44.94438934326172,20823300
2015-06-29,ZTS,48.5099983215332,48.68999862670898,47.040000915527344,47.06999969482422,43.511566162109375,5149400
2015-06-29,ZTS,48.5099983215332,48.68999862670898,47.040000915527344,47.06999969482422,43.511566162109375,5149400
2015-06-30,ZTS,47.66999816894531,48.61000061035156,47.209999084472656,48.220001220703125,44.57462692260742,4268800
2015-06-30,ZTS,47.66999816894531,48.61000061035156,47.209999084472656,48.220001220703125,44.57462692260742,4268800
2015-07-01,ZTS,48.75,49.040000915527344,47.83000183105469,48.43000030517578,44.76875305175781,5532100
2015-07-01,ZTS,48.75,49.040000915527344,47.83000183105469,48.43000030517578,44.76875305175781,5532100
2015-07-02,ZTS,48.59999847412109,48.65999984741211,47.88999938964844,48.310001373291016,44.65782928466797,2070900
2015-07-02,ZTS,48.59999847412109,48.65999984741211,47.88999938964844,48.310001373291016,44.65782928466797,2070900
2015-07-06,ZTS,48.040000915527344,48.400001525878906,47.77000045776367,48.400001525878906,44.74102783203125,3088100
2015-07-06,ZTS,48.040000915527344,48.400001525878906,47.77000045776367,48.400001525878906,44.74102783203125,3088100
2015-07-07,ZTS,48.540000915527344,48.77999877929688,47.09999847412109,47.880001068115234,44.260345458984375,5656200
2015-07-07,ZTS,48.540000915527344,48.77999877929688,47.09999847412109,47.880001068115234,44.260345458984375,5656200
2015-07-08,ZTS,47.34999847412109,47.43000030517578,46.459999084472656,46.47999954223633,42.9661750793457,3452800
2015-07-08,ZTS,47.34999847412109,47.43000030517578,46.459999084472656,46.47999954223633,42.9661750793457,3452800
2015-07-09,ZTS,47.11000061035156,47.369998931884766,46.560001373291016,46.56999969482422,43.04938125610352,3417400
2015-07-09,ZTS,47.11000061035156,47.369998931884766,46.560001373291016,46.56999969482422,43.04938125610352,3417400
2015-07-10,ZTS,47.0,47.18999862670898,46.81999969482422,46.959999084472656,43.409889221191406,2917500
2015-07-10,ZTS,47.0,47.18999862670898,46.81999969482422,46.959999084472656,43.409889221191406,2917500
2015-07-13,ZTS,47.09999847412109,47.43999862670898,46.84000015258789,47.040000915527344,43.48384475708008,3050000
2015-07-13,ZTS,47.09999847412109,47.43999862670898,46.84000015258789,47.040000915527344,43.48384475708008,3050000
2015-07-14,ZTS,47.040000915527344,47.560001373291016,46.27999877929688,47.459999084472656,43.8720817565918,5636300
2015-07-14,ZTS,47.040000915527344,47.560001373291016,46.27999877929688,47.459999084472656,43.8720817565918,5636300
2015-07-15,ZTS,47.5,47.630001068115234,47.0099983215332,47.11000061035156,43.54854202270508,2099400
2015-07-15,ZTS,47.5,47.630001068115234,47.0099983215332,47.11000061035156,43.54854202270508,2099400
2015-07-16,ZTS,47.38999938964844,48.220001220703125,47.38999938964844,48.0,44.37126922607422,3423500
2015-07-16,ZTS,47.38999938964844,48.220001220703125,47.38999938964844,48.0,44.37126922607422,3423500
2015-07-17,ZTS,48.0,48.29999923706055,47.720001220703125,47.79999923706055,44.1863899230957,2324000
2015-07-17,ZTS,48.0,48.29999923706055,47.720001220703125,47.79999923706055,44.1863899230957,2324000
2015-07-20,ZTS,48.09999847412109,49.02999877929688,48.02000045776367,48.97999954223633,45.27717208862305,3364200
2015-07-20,ZTS,48.09999847412109,49.02999877929688,48.02000045776367,48.97999954223633,45.27717208862305,3364200
2015-07-21,ZTS,49.70000076293945,49.75,48.93000030517578,49.119998931884766,45.40660095214844,4412700
2015-07-21,ZTS,49.70000076293945,49.75,48.93000030517578,49.119998931884766,45.40660095214844,4412700
2015-07-22,ZTS,49.04999923706055,50.060001373291016,49.02000045776367,50.02000045776367,46.23855972290039,2937300
2015-07-22,ZTS,49.04999923706055,50.060001373291016,49.02000045776367,50.02000045776367,46.23855972290039,2937300
2015-07-23,ZTS,49.959999084472656,50.38999938964844,49.5099983215332,49.84999847412109,46.08140563964844,2457900
2015-07-23,ZTS,49.959999084472656,50.38999938964844,49.5099983215332,49.84999847412109,46.08140563964844,2457900
2015-07-24,ZTS,49.900001525878906,50.29999923706055,49.33000183105469,49.4900016784668,45.74863052368164,2081000
2015-07-24,ZTS,49.900001525878906,50.29999923706055,49.33000183105469,49.4900016784668,45.74863052368164,2081000
2015-07-27,ZTS,49.38999938964844,49.56999969482422,48.77000045776367,49.47999954223633,45.73938751220703,1683500
2015-07-27,ZTS,49.38999938964844,49.56999969482422,48.77000045776367,49.47999954223633,45.73938751220703,1683500
2015-07-28,ZTS,49.52000045776367,49.56999969482422,48.16999816894531,48.84999847412109,45.15700149536133,4846300
2015-07-28,ZTS,49.52000045776367,49.56999969482422,48.16999816894531,48.84999847412109,45.15700149536133,4846300
2015-07-29,ZTS,49.09999847412109,49.15999984741211,47.869998931884766,48.400001525878906,44.74102783203125,3629900
2015-07-29,ZTS,49.09999847412109,49.15999984741211,47.869998931884766,48.400001525878906,44.74102783203125,3629900
2015-07-30,ZTS,47.959999084472656,48.720001220703125,47.959999084472656,48.54999923706055,44.879695892333984,1576800
2015-07-30,ZTS,47.959999084472656,48.720001220703125,47.959999084472656,48.54999923706055,44.879695892333984,1576800
2015-07-31,ZTS,48.81999969482422,49.45000076293945,48.7400016784668,48.97999954223633,45.27717208862305,2539800
2015-07-31,ZTS,48.81999969482422,49.45000076293945,48.7400016784668,48.97999954223633,45.27717208862305,2539800
2015-08-03,ZTS,49.15999984741211,49.4900016784668,47.9900016784668,48.47999954223633,44.81499099731445,3559500
2015-08-03,ZTS,49.15999984741211,49.4900016784668,47.9900016784668,48.47999954223633,44.81499099731445,3559500
2015-08-04,ZTS,49.11000061035156,50.0,48.27999877929688,48.84999847412109,45.15700149536133,4867300
2015-08-04,ZTS,49.11000061035156,50.0,48.27999877929688,48.84999847412109,45.15700149536133,4867300
2015-08-05,ZTS,48.95000076293945,49.119998931884766,48.52000045776367,48.61000061035156,44.93515396118164,4118200
2015-08-05,ZTS,48.95000076293945,49.119998931884766,48.52000045776367,48.61000061035156,44.93515396118164,4118200
2015-08-06,ZTS,49.560001373291016,50.25,47.970001220703125,48.27999877929688,44.63009643554688,3223400
2015-08-06,ZTS,49.560001373291016,50.25,47.970001220703125,48.27999877929688,44.63009643554688,3223400
2015-08-07,ZTS,48.119998931884766,48.470001220703125,47.43999862670898,48.310001373291016,44.65782928466797,3466000
2015-08-07,ZTS,48.119998931884766,48.470001220703125,47.43999862670898,48.310001373291016,44.65782928466797,3466000
2015-08-10,ZTS,48.5,49.09000015258789,48.27999877929688,48.38999938964844,44.73178482055664,3064500
2015-08-10,ZTS,48.5,49.09000015258789,48.27999877929688,48.38999938964844,44.73178482055664,3064500
2015-08-11,ZTS,48.06999969482422,48.540000915527344,47.84000015258789,48.209999084472656,44.6419563293457,1946700
2015-08-11,ZTS,48.06999969482422,48.540000915527344,47.84000015258789,48.209999084472656,44.6419563293457,1946700
2015-08-12,ZTS,47.900001525878906,48.08000183105469,46.880001068115234,47.86000061035156,44.317867279052734,3520300
2015-08-12,ZTS,47.900001525878906,48.08000183105469,46.880001068115234,47.86000061035156,44.317867279052734,3520300
2015-08-13,ZTS,47.81999969482422,48.380001068115234,47.59999847412109,47.65999984741211,44.13266754150391,2574800
2015-08-13,ZTS,47.81999969482422,48.380001068115234,47.59999847412109,47.65999984741211,44.13266754150391,2574800
2015-08-14,ZTS,47.650001525878906,47.650001525878906,46.93999862670898,47.470001220703125,43.95673370361328,2594500
2015-08-14,ZTS,47.650001525878906,47.650001525878906,46.93999862670898,47.470001220703125,43.95673370361328,2594500
2015-08-17,ZTS,47.29999923706055,48.709999084472656,47.2599983215332,48.68999862670898,45.08643341064453,1849600
2015-08-17,ZTS,47.29999923706055,48.709999084472656,47.2599983215332,48.68999862670898,45.08643341064453,1849600
2015-08-18,ZTS,48.59000015258789,48.77999877929688,47.68999862670898,47.72999954223633,44.1974983215332,2847800
2015-08-18,ZTS,48.59000015258789,48.77999877929688,47.68999862670898,47.72999954223633,44.1974983215332,2847800
2015-08-19,ZTS,47.45000076293945,48.18000030517578,47.220001220703125,47.90999984741211,44.364166259765625,2153500
2015-08-19,ZTS,47.45000076293945,48.18000030517578,47.220001220703125,47.90999984741211,44.364166259765625,2153500
2015-08-20,ZTS,47.36000061035156,47.68000030517578,46.27999877929688,46.380001068115234,42.94739532470703,2515600
2015-08-20,ZTS,47.36000061035156,47.68000030517578,46.27999877929688,46.380001068115234,42.94739532470703,2515600
2015-08-21,ZTS,45.84999847412109,46.31999969482422,45.0099983215332,45.02000045776367,41.68806076049805,3775200
2015-08-21,ZTS,45.84999847412109,46.31999969482422,45.0099983215332,45.02000045776367,41.68806076049805,3775200
2015-08-24,ZTS,42.5099983215332,44.970001220703125,37.72999954223633,43.52999877929688,40.30832290649414,5725500
2015-08-24,ZTS,42.5099983215332,44.970001220703125,37.72999954223633,43.52999877929688,40.30832290649414,5725500
2015-08-25,ZTS,44.59000015258789,44.84000015258789,42.560001373291016,42.560001373291016,39.41012191772461,3814300
2015-08-25,ZTS,44.59000015258789,44.84000015258789,42.560001373291016,42.560001373291016,39.41012191772461,3814300
2015-08-26,ZTS,43.54999923706055,44.33000183105469,41.9900016784668,44.25,40.975040435791016,5873300
2015-08-26,ZTS,43.54999923706055,44.33000183105469,41.9900016784668,44.25,40.975040435791016,5873300
2015-08-27,ZTS,44.709999084472656,46.150001525878906,44.11000061035156,45.86000061035156,42.46589279174805,4602100
2015-08-27,ZTS,44.709999084472656,46.150001525878906,44.11000061035156,45.86000061035156,42.46589279174805,4602100
2015-08-28,ZTS,46.0099983215332,46.130001068115234,45.060001373291016,45.77999877929688,42.39179992675781,2711400
2015-08-28,ZTS,46.0099983215332,46.130001068115234,45.060001373291016,45.77999877929688,42.39179992675781,2711400
2015-08-31,ZTS,45.7400016784668,45.90999984741211,44.77000045776367,44.869998931884766,41.54915618896485,2580000
2015-08-31,ZTS,45.7400016784668,45.90999984741211,44.77000045776367,44.869998931884766,41.54915618896485,2580000
2015-09-01,ZTS,43.95000076293945,44.88999938964844,43.77999877929688,43.97999954223633,40.72502136230469,4346100
2015-09-01,ZTS,43.95000076293945,44.88999938964844,43.77999877929688,43.97999954223633,40.72502136230469,4346100
2015-09-02,ZTS,44.52000045776367,45.15999984741211,43.900001525878906,45.119998931884766,41.78066253662109,2699700
2015-09-02,ZTS,44.52000045776367,45.15999984741211,43.900001525878906,45.119998931884766,41.78066253662109,2699700
2015-09-03,ZTS,45.31999969482422,45.619998931884766,44.31999969482422,44.52999877929688,41.23432159423828,2932500
2015-09-03,ZTS,45.31999969482422,45.619998931884766,44.31999969482422,44.52999877929688,41.23432159423828,2932500
2015-09-04,ZTS,43.970001220703125,44.72999954223633,43.52999877929688,44.0099983215332,40.7528076171875,4195500
2015-09-04,ZTS,43.970001220703125,44.72999954223633,43.52999877929688,44.0099983215332,40.7528076171875,4195500
2015-09-08,ZTS,44.720001220703125,44.93999862670898,43.81999969482422,44.88999938964844,41.56769180297852,4134900
2015-09-08,ZTS,44.720001220703125,44.93999862670898,43.81999969482422,44.88999938964844,41.56769180297852,4134900
2015-09-09,ZTS,45.18000030517578,45.2599983215332,43.84999847412109,43.95000076293945,40.6972541809082,2964700
2015-09-09,ZTS,45.18000030517578,45.2599983215332,43.84999847412109,43.95000076293945,40.6972541809082,2964700
2015-09-10,ZTS,43.93000030517578,44.93000030517578,43.79999923706055,44.34000015258789,41.058380126953125,2871200
2015-09-10,ZTS,43.93000030517578,44.93000030517578,43.79999923706055,44.34000015258789,41.058380126953125,2871200
2015-09-11,ZTS,44.59999847412109,45.130001068115234,44.119998931884766,45.0,41.66954040527344,2476200
2015-09-11,ZTS,44.59999847412109,45.130001068115234,44.119998931884766,45.0,41.66954040527344,2476200
2015-09-14,ZTS,44.869998931884766,45.0,44.18999862670898,44.470001220703125,41.17876815795898,2182200
2015-09-14,ZTS,44.869998931884766,45.0,44.18999862670898,44.470001220703125,41.17876815795898,2182200
2015-09-15,ZTS,44.70000076293945,45.130001068115234,44.47999954223633,45.060001373291016,41.72509002685547,1999900
2015-09-15,ZTS,44.70000076293945,45.130001068115234,44.47999954223633,45.060001373291016,41.72509002685547,1999900
2015-09-16,ZTS,44.790000915527344,44.84999847412109,43.70000076293945,44.5099983215332,41.21580123901367,4242600
2015-09-16,ZTS,44.790000915527344,44.84999847412109,43.70000076293945,44.5099983215332,41.21580123901367,4242600
2015-09-17,ZTS,44.75,46.630001068115234,44.75,46.0099983215332,42.60478973388672,5470500
2015-09-17,ZTS,44.75,46.630001068115234,44.75,46.0099983215332,42.60478973388672,5470500
2015-09-18,ZTS,45.310001373291016,45.70000076293945,44.900001525878906,45.119998931884766,41.78066253662109,8078600
2015-09-18,ZTS,45.310001373291016,45.70000076293945,44.900001525878906,45.119998931884766,41.78066253662109,8078600
2015-09-21,ZTS,45.27999877929688,45.56999969482422,44.11000061035156,44.5,41.206539154052734,2502700
2015-09-21,ZTS,45.27999877929688,45.56999969482422,44.11000061035156,44.5,41.206539154052734,2502700
2015-09-22,ZTS,44.0099983215332,44.52000045776367,43.7400016784668,44.22999954223633,40.95651245117188,2368400
2015-09-22,ZTS,44.0099983215332,44.52000045776367,43.7400016784668,44.22999954223633,40.95651245117188,2368400
2015-09-23,ZTS,44.20000076293945,44.65999984741211,43.9900016784668,44.31999969482422,41.03986358642578,1802500
2015-09-23,ZTS,44.20000076293945,44.65999984741211,43.9900016784668,44.31999969482422,41.03986358642578,1802500
2015-09-24,ZTS,44.130001068115234,44.20000076293945,43.0099983215332,43.59000015258789,40.363895416259766,3202000
2015-09-24,ZTS,44.130001068115234,44.20000076293945,43.0099983215332,43.59000015258789,40.363895416259766,3202000
2015-09-25,ZTS,44.11000061035156,44.13999938964844,41.880001068115234,42.5099983215332,39.36381912231445,3498000
2015-09-25,ZTS,44.11000061035156,44.13999938964844,41.880001068115234,42.5099983215332,39.36381912231445,3498000
2015-09-28,ZTS,42.27000045776367,42.29999923706055,39.380001068115234,39.959999084472656,37.00255584716797,8954900
2015-09-28,ZTS,42.27000045776367,42.29999923706055,39.380001068115234,39.959999084472656,37.00255584716797,8954900
2015-09-29,ZTS,40.29999923706055,40.77000045776367,38.97999954223633,39.650001525878906,36.71550369262695,7328400
2015-09-29,ZTS,40.29999923706055,40.77000045776367,38.97999954223633,39.650001525878906,36.71550369262695,7328400
2015-09-30,ZTS,40.630001068115234,41.220001220703125,40.34999847412109,41.18000030517578,38.13225555419922,4954100
2015-09-30,ZTS,40.630001068115234,41.220001220703125,40.34999847412109,41.18000030517578,38.13225555419922,4954100
2015-10-01,ZTS,41.06999969482422,41.34000015258789,40.369998931884766,41.290000915527344,38.23410415649414,4131800
2015-10-01,ZTS,41.06999969482422,41.34000015258789,40.369998931884766,41.290000915527344,38.23410415649414,4131800
2015-10-02,ZTS,40.630001068115234,43.040000915527344,40.4900016784668,43.02000045776367,39.8360710144043,4036800
2015-10-02,ZTS,40.630001068115234,43.040000915527344,40.4900016784668,43.02000045776367,39.8360710144043,4036800
2015-10-05,ZTS,43.150001525878906,43.38999938964844,42.34999847412109,42.84999847412109,39.67866134643555,5467700
2015-10-05,ZTS,43.150001525878906,43.38999938964844,42.34999847412109,42.84999847412109,39.67866134643555,5467700
2015-10-06,ZTS,42.77999877929688,43.09999847412109,41.18999862670898,41.38999938964844,38.32670593261719,4622200
2015-10-06,ZTS,42.77999877929688,43.09999847412109,41.18999862670898,41.38999938964844,38.32670593261719,4622200
2015-10-07,ZTS,41.59000015258789,42.709999084472656,41.22999954223633,42.66999816894531,39.51198959350586,4157200
2015-10-07,ZTS,41.59000015258789,42.709999084472656,41.22999954223633,42.66999816894531,39.51198959350586,4157200
2015-10-08,ZTS,42.560001373291016,43.400001525878906,41.97999954223633,43.220001220703125,40.02127456665039,4434600
2015-10-08,ZTS,42.560001373291016,43.400001525878906,41.97999954223633,43.220001220703125,40.02127456665039,4434600
2015-10-09,ZTS,43.11000061035156,43.310001373291016,42.77000045776367,42.79999923706055,39.63236618041992,2863000
2015-10-09,ZTS,43.11000061035156,43.310001373291016,42.77000045776367,42.79999923706055,39.63236618041992,2863000
2015-10-12,ZTS,42.880001068115234,43.06999969482422,42.43000030517578,42.709999084472656,39.54902267456055,2848100
2015-10-12,ZTS,42.880001068115234,43.06999969482422,42.43000030517578,42.709999084472656,39.54902267456055,2848100
2015-10-13,ZTS,42.540000915527344,43.119998931884766,42.18999862670898,42.31999969482422,39.18788146972656,3285500
2015-10-13,ZTS,42.540000915527344,43.119998931884766,42.18999862670898,42.31999969482422,39.18788146972656,3285500
2015-10-14,ZTS,42.34000015258789,42.959999084472656,42.130001068115234,42.380001068115234,39.24345779418945,2940800
2015-10-14,ZTS,42.34000015258789,42.959999084472656,42.130001068115234,42.380001068115234,39.24345779418945,2940800
2015-10-15,ZTS,41.68999862670898,43.119998931884766,41.58000183105469,43.0,39.81755065917969,2481500
2015-10-15,ZTS,41.68999862670898,43.119998931884766,41.58000183105469,43.0,39.81755065917969,2481500
2015-10-16,ZTS,43.209999084472656,44.13999938964844,43.18999862670898,43.93000030517578,40.6787223815918,4120400
2015-10-16,ZTS,43.209999084472656,44.13999938964844,43.18999862670898,43.93000030517578,40.6787223815918,4120400
2015-10-19,ZTS,43.810001373291016,44.0099983215332,43.22999954223633,43.77999877929688,40.53982925415039,1924800
2015-10-19,ZTS,43.810001373291016,44.0099983215332,43.22999954223633,43.77999877929688,40.53982925415039,1924800
2015-10-20,ZTS,43.65999984741211,43.77999877929688,42.83000183105469,43.09000015258789,39.90089416503906,2890400
2015-10-20,ZTS,43.65999984741211,43.77999877929688,42.83000183105469,43.09000015258789,39.90089416503906,2890400
2015-10-21,ZTS,43.380001068115234,43.560001373291016,39.52999877929688,41.65999984741211,38.57672882080078,9647400
2015-10-21,ZTS,43.380001068115234,43.560001373291016,39.52999877929688,41.65999984741211,38.57672882080078,9647400
2015-10-22,ZTS,41.68999862670898,41.900001525878906,39.97999954223633,40.79999923706055,37.78037643432617,8908000
2015-10-22,ZTS,41.68999862670898,41.900001525878906,39.97999954223633,40.79999923706055,37.78037643432617,8908000
2015-10-23,ZTS,41.15999984741211,43.18000030517578,41.04999923706055,42.540000915527344,39.39160919189453,7391500
2015-10-23,ZTS,41.15999984741211,43.18000030517578,41.04999923706055,42.540000915527344,39.39160919189453,7391500
2015-10-26,ZTS,42.43999862670898,42.959999084472656,41.9900016784668,42.34999847412109,39.21567153930664,2929300
2015-10-26,ZTS,42.43999862670898,42.959999084472656,41.9900016784668,42.34999847412109,39.21567153930664,2929300
2015-10-27,ZTS,42.5099983215332,43.36000061035156,42.290000915527344,42.7400016784668,39.576786041259766,4570300
2015-10-27,ZTS,42.5099983215332,43.36000061035156,42.290000915527344,42.7400016784668,39.576786041259766,4570300
2015-10-28,ZTS,42.68999862670898,43.790000915527344,42.310001373291016,43.34000015258789,40.13239669799805,3219100
2015-10-28,ZTS,42.68999862670898,43.790000915527344,42.310001373291016,43.34000015258789,40.13239669799805,3219100
2015-10-29,ZTS,43.310001373291016,43.90999984741211,43.2400016784668,43.54999923706055,40.326847076416016,3019000
2015-10-29,ZTS,43.310001373291016,43.90999984741211,43.2400016784668,43.54999923706055,40.326847076416016,3019000
2015-10-30,ZTS,43.380001068115234,43.68999862670898,42.88999938964844,43.0099983215332,39.82680130004883,3774400
2015-10-30,ZTS,43.380001068115234,43.68999862670898,42.88999938964844,43.0099983215332,39.82680130004883,3774400
2015-11-02,ZTS,43.540000915527344,44.52000045776367,43.16999816894531,44.2400016784668,40.96579360961914,4298800
2015-11-02,ZTS,43.540000915527344,44.52000045776367,43.16999816894531,44.2400016784668,40.96579360961914,4298800
2015-11-03,ZTS,46.470001220703125,46.900001525878906,45.400001525878906,46.630001068115234,43.26005935668945,8007200
2015-11-03,ZTS,46.470001220703125,46.900001525878906,45.400001525878906,46.630001068115234,43.26005935668945,8007200
2015-11-04,ZTS,46.650001525878906,47.13999938964844,46.22999954223633,46.54999923706055,43.18583679199219,7718100
2015-11-04,ZTS,46.650001525878906,47.13999938964844,46.22999954223633,46.54999923706055,43.18583679199219,7718100
2015-11-05,ZTS,46.560001373291016,46.77999877929688,44.91999816894531,45.459999084472656,42.17461395263672,5177500
2015-11-05,ZTS,46.560001373291016,46.77999877929688,44.91999816894531,45.459999084472656,42.17461395263672,5177500
2015-11-06,ZTS,45.400001525878906,46.27999877929688,44.83000183105469,45.970001220703125,42.64775466918945,3496200
2015-11-06,ZTS,45.400001525878906,46.27999877929688,44.83000183105469,45.970001220703125,42.64775466918945,3496200
2015-11-09,ZTS,45.77999877929688,46.040000915527344,44.959999084472656,45.79999923706055,42.49005126953125,3707900
2015-11-09,ZTS,45.77999877929688,46.040000915527344,44.959999084472656,45.79999923706055,42.49005126953125,3707900
2015-11-10,ZTS,45.84999847412109,46.040000915527344,45.2599983215332,45.880001068115234,42.56426239013672,2963200
2015-11-10,ZTS,45.84999847412109,46.040000915527344,45.2599983215332,45.880001068115234,42.56426239013672,2963200
2015-11-11,ZTS,45.91999816894531,45.91999816894531,45.060001373291016,45.08000183105469,41.822078704833984,2118900
2015-11-11,ZTS,45.91999816894531,45.91999816894531,45.060001373291016,45.08000183105469,41.822078704833984,2118900
2015-11-12,ZTS,45.0099983215332,45.18999862670898,44.459999084472656,44.52999877929688,41.31182861328125,2858600
2015-11-12,ZTS,45.0099983215332,45.18999862670898,44.459999084472656,44.52999877929688,41.31182861328125,2858600
2015-11-13,ZTS,44.369998931884766,45.08000183105469,44.20000076293945,44.84999847412109,41.608699798583984,3283700
2015-11-13,ZTS,44.369998931884766,45.08000183105469,44.20000076293945,44.84999847412109,41.608699798583984,3283700
2015-11-16,ZTS,45.0,45.41999816894531,44.72999954223633,45.29999923706055,42.02616882324219,3532300
2015-11-16,ZTS,45.0,45.41999816894531,44.72999954223633,45.29999923706055,42.02616882324219,3532300
2015-11-17,ZTS,45.02999877929688,46.11000061035156,44.72999954223633,45.77000045776367,42.462215423583984,3638700
2015-11-17,ZTS,45.02999877929688,46.11000061035156,44.72999954223633,45.77000045776367,42.462215423583984,3638700
2015-11-18,ZTS,45.810001373291016,47.20000076293945,45.36000061035156,47.18000030517578,43.77031326293945,3378000
2015-11-18,ZTS,45.810001373291016,47.20000076293945,45.36000061035156,47.18000030517578,43.77031326293945,3378000
2015-11-19,ZTS,47.04999923706055,47.209999084472656,46.56999969482422,46.900001525878906,43.51055145263672,2928500
2015-11-19,ZTS,47.04999923706055,47.209999084472656,46.56999969482422,46.900001525878906,43.51055145263672,2928500
2015-11-20,ZTS,47.0,47.56999969482422,46.86000061035156,47.31999969482422,43.90019607543945,3679400
2015-11-20,ZTS,47.0,47.56999969482422,46.86000061035156,47.31999969482422,43.90019607543945,3679400
2015-11-23,ZTS,47.22999954223633,47.43000030517578,46.61000061035156,46.959999084472656,43.56621170043945,3265300
2015-11-23,ZTS,47.22999954223633,47.43000030517578,46.61000061035156,46.959999084472656,43.56621170043945,3265300
2015-11-24,ZTS,46.560001373291016,46.9900016784668,46.29999923706055,46.93000030517578,43.53838348388672,1713500
2015-11-24,ZTS,46.560001373291016,46.9900016784668,46.29999923706055,46.93000030517578,43.53838348388672,1713500
2015-11-25,ZTS,46.79999923706055,47.22999954223633,46.65999984741211,46.970001220703125,43.57548141479492,2196800
2015-11-25,ZTS,46.79999923706055,47.22999954223633,46.65999984741211,46.970001220703125,43.57548141479492,2196800
2015-11-27,ZTS,47.13999938964844,47.22999954223633,46.90999984741211,47.08000183105469,43.677528381347656,1155100
2015-11-27,ZTS,47.13999938964844,47.22999954223633,46.90999984741211,47.08000183105469,43.677528381347656,1155100
2015-11-30,ZTS,47.08000183105469,47.25,46.459999084472656,46.70000076293945,43.32500457763672,3481900
2015-11-30,ZTS,47.08000183105469,47.25,46.459999084472656,46.70000076293945,43.32500457763672,3481900
2015-12-01,ZTS,46.810001373291016,47.130001068115234,46.209999084472656,47.0099983215332,43.61259460449219,2956900
2015-12-01,ZTS,46.810001373291016,47.130001068115234,46.209999084472656,47.0099983215332,43.61259460449219,2956900
2015-12-02,ZTS,47.06999969482422,47.18000030517578,46.06999969482422,46.369998931884766,43.01884460449219,2335100
2015-12-02,ZTS,47.06999969482422,47.18000030517578,46.06999969482422,46.369998931884766,43.01884460449219,2335100
2015-12-03,ZTS,46.47999954223633,46.540000915527344,44.93999862670898,45.20000076293945,41.933406829833984,2465300
2015-12-03,ZTS,46.47999954223633,46.540000915527344,44.93999862670898,45.20000076293945,41.933406829833984,2465300
2015-12-04,ZTS,45.36000061035156,46.5,45.16999816894531,46.459999084472656,43.10234451293945,2237600
2015-12-04,ZTS,45.36000061035156,46.5,45.16999816894531,46.459999084472656,43.10234451293945,2237600
2015-12-07,ZTS,46.470001220703125,46.83000183105469,45.34999847412109,45.90999984741211,42.59210205078125,2108700
2015-12-07,ZTS,46.470001220703125,46.83000183105469,45.34999847412109,45.90999984741211,42.59210205078125,2108700
2015-12-08,ZTS,45.45000076293945,46.20000076293945,45.400001525878906,45.93999862670898,42.61992263793945,1335200
2015-12-08,ZTS,45.45000076293945,46.20000076293945,45.400001525878906,45.93999862670898,42.61992263793945,1335200
2015-12-09,ZTS,45.61000061035156,46.18000030517578,44.970001220703125,45.209999084472656,41.94269180297852,1768000
2015-12-09,ZTS,45.61000061035156,46.18000030517578,44.970001220703125,45.209999084472656,41.94269180297852,1768000
2015-12-10,ZTS,45.15999984741211,46.4900016784668,45.150001525878906,46.09999847412109,42.76836013793945,2472300
2015-12-10,ZTS,45.15999984741211,46.4900016784668,45.150001525878906,46.09999847412109,42.76836013793945,2472300
2015-12-11,ZTS,45.38999938964844,46.0,45.33000183105469,45.83000183105469,42.517879486083984,4233700
2015-12-11,ZTS,45.38999938964844,46.0,45.33000183105469,45.83000183105469,42.517879486083984,4233700
2015-12-14,ZTS,45.84999847412109,46.63999938964844,45.54999923706055,46.59000015258789,43.222957611083984,3895900
2015-12-14,ZTS,45.84999847412109,46.63999938964844,45.54999923706055,46.59000015258789,43.222957611083984,3895900
2015-12-15,ZTS,47.04999923706055,47.650001525878906,46.869998931884766,46.970001220703125,43.57548141479492,4154100
2015-12-15,ZTS,47.04999923706055,47.650001525878906,46.869998931884766,46.970001220703125,43.57548141479492,4154100
2015-12-16,ZTS,47.41999816894531,47.54999923706055,46.15999984741211,47.09000015258789,43.68682098388672,3441900
2015-12-16,ZTS,47.41999816894531,47.54999923706055,46.15999984741211,47.09000015258789,43.68682098388672,3441900
2015-12-17,ZTS,47.27000045776367,47.56999969482422,46.4900016784668,46.72999954223633,43.35282516479492,2642300
2015-12-17,ZTS,47.27000045776367,47.56999969482422,46.4900016784668,46.72999954223633,43.35282516479492,2642300
2015-12-18,ZTS,46.59999847412109,47.619998931884766,46.4900016784668,46.59999847412109,43.23221969604492,5439700
2015-12-18,ZTS,46.59999847412109,47.619998931884766,46.4900016784668,46.59999847412109,43.23221969604492,5439700
2015-12-21,ZTS,46.83000183105469,47.369998931884766,46.560001373291016,47.34000015258789,43.91873550415039,2467100
2015-12-21,ZTS,46.83000183105469,47.369998931884766,46.560001373291016,47.34000015258789,43.91873550415039,2467100
2015-12-22,ZTS,47.5,48.459999084472656,47.38999938964844,47.720001220703125,44.27127456665039,2404600
2015-12-22,ZTS,47.5,48.459999084472656,47.38999938964844,47.720001220703125,44.27127456665039,2404600
2015-12-23,ZTS,47.84000015258789,48.09999847412109,47.61000061035156,47.97999954223633,44.51249313354492,2368400
2015-12-23,ZTS,47.84000015258789,48.09999847412109,47.61000061035156,47.97999954223633,44.51249313354492,2368400
2015-12-24,ZTS,47.86000061035156,48.45000076293945,47.630001068115234,48.130001068115234,44.65166091918945,965300
2015-12-24,ZTS,47.86000061035156,48.45000076293945,47.630001068115234,48.130001068115234,44.65166091918945,965300
2015-12-28,ZTS,47.959999084472656,48.20000076293945,47.59000015258789,47.900001525878906,44.438270568847656,928300
2015-12-28,ZTS,47.959999084472656,48.20000076293945,47.59000015258789,47.900001525878906,44.438270568847656,928300
2015-12-29,ZTS,48.369998931884766,48.619998931884766,47.959999084472656,48.33000183105469,44.83719253540039,1483800
2015-12-29,ZTS,48.369998931884766,48.619998931884766,47.959999084472656,48.33000183105469,44.83719253540039,1483800
2015-12-30,ZTS,48.33000183105469,48.650001525878906,48.0099983215332,48.2599983215332,44.77225875854492,1453700
2015-12-30,ZTS,48.33000183105469,48.650001525878906,48.0099983215332,48.2599983215332,44.77225875854492,1453700
2015-12-31,ZTS,47.93000030517578,48.400001525878906,47.810001373291016,47.91999816894531,44.456825256347656,1768500
2015-12-31,ZTS,47.93000030517578,48.400001525878906,47.810001373291016,47.91999816894531,44.456825256347656,1768500
2016-01-04,ZTS,46.93999862670898,47.720001220703125,46.75,47.27000045776367,43.85381317138672,2871700
2016-01-04,ZTS,46.93999862670898,47.720001220703125,46.75,47.27000045776367,43.85381317138672,2871700
2016-01-05,ZTS,47.5099983215332,48.09999847412109,47.27999877929688,48.0099983215332,44.54033279418945,3116700
2016-01-05,ZTS,47.5099983215332,48.09999847412109,47.27999877929688,48.0099983215332,44.54033279418945,3116700
2016-01-06,ZTS,47.27000045776367,48.34999847412109,47.2599983215332,48.02000045776367,44.54961013793945,4670500
2016-01-06,ZTS,47.27000045776367,48.34999847412109,47.2599983215332,48.02000045776367,44.54961013793945,4670500
2016-01-07,ZTS,46.9900016784668,48.0,46.290000915527344,46.560001373291016,43.19512176513672,4324400
2016-01-07,ZTS,46.9900016784668,48.0,46.290000915527344,46.560001373291016,43.19512176513672,4324400
2016-01-08,ZTS,46.93999862670898,47.56999969482422,45.650001525878906,45.880001068115234,42.56426239013672,4946100
2016-01-08,ZTS,46.93999862670898,47.56999969482422,45.650001525878906,45.880001068115234,42.56426239013672,4946100
2016-01-11,ZTS,46.09999847412109,46.34000015258789,43.83000183105469,44.58000183105469,41.35821914672852,4306900
2016-01-11,ZTS,46.09999847412109,46.34000015258789,43.83000183105469,44.58000183105469,41.35821914672852,4306900
2016-01-12,ZTS,43.869998931884766,45.04999923706055,43.25,44.970001220703125,41.72003555297852,7774900
2016-01-12,ZTS,43.869998931884766,45.04999923706055,43.25,44.970001220703125,41.72003555297852,7774900
2016-01-13,ZTS,45.25,45.33000183105469,43.02999877929688,43.25,40.124324798583984,4197600
2016-01-13,ZTS,45.25,45.33000183105469,43.02999877929688,43.25,40.124324798583984,4197600
2016-01-14,ZTS,43.34000015258789,44.400001525878906,42.65999984741211,44.130001068115234,40.94072723388672,4794900
2016-01-14,ZTS,43.34000015258789,44.400001525878906,42.65999984741211,44.130001068115234,40.94072723388672,4794900
2016-01-15,ZTS,43.0,43.84999847412109,42.77000045776367,43.380001068115234,40.244930267333984,4529100
2016-01-15,ZTS,43.0,43.84999847412109,42.77000045776367,43.380001068115234,40.244930267333984,4529100
2016-01-19,ZTS,44.11000061035156,44.720001220703125,42.72999954223633,43.18999862670898,40.1566047668457,4595000
2016-01-19,ZTS,44.11000061035156,44.720001220703125,42.72999954223633,43.18999862670898,40.1566047668457,4595000
2016-01-20,ZTS,42.56999969482422,44.27999877929688,42.40999984741211,43.790000915527344,40.7144660949707,5212900
2016-01-20,ZTS,42.56999969482422,44.27999877929688,42.40999984741211,43.790000915527344,40.7144660949707,5212900
2016-01-21,ZTS,43.790000915527344,43.91999816894531,42.97999954223633,43.08000183105469,40.05434036254883,3777400
2016-01-21,ZTS,43.790000915527344,43.91999816894531,42.97999954223633,43.08000183105469,40.05434036254883,3777400
2016-01-22,ZTS,43.59000015258789,43.81999969482422,43.09999847412109,43.400001525878906,40.351863861083984,3397500
2016-01-22,ZTS,43.59000015258789,43.81999969482422,43.09999847412109,43.400001525878906,40.351863861083984,3397500
2016-01-25,ZTS,43.25,43.77000045776367,43.060001373291016,43.20000076293945,40.1659049987793,2364200
2016-01-25,ZTS,43.25,43.77000045776367,43.060001373291016,43.20000076293945,40.1659049987793,2364200
2016-01-26,ZTS,43.29999923706055,44.060001373291016,43.150001525878906,43.869998931884766,40.78884506225586,3797500
2016-01-26,ZTS,43.29999923706055,44.060001373291016,43.150001525878906,43.869998931884766,40.78884506225586,3797500
2016-01-27,ZTS,43.66999816894531,44.36000061035156,42.79999923706055,43.150001525878906,40.11942672729492,3242500
2016-01-27,ZTS,43.66999816894531,44.36000061035156,42.79999923706055,43.150001525878906,40.11942672729492,3242500
2016-01-28,ZTS,43.400001525878906,43.58000183105469,42.709999084472656,42.84000015258789,39.83119201660156,5660400
2016-01-28,ZTS,43.400001525878906,43.58000183105469,42.709999084472656,42.84000015258789,39.83119201660156,5660400
2016-01-29,ZTS,43.20000076293945,43.36000061035156,42.61000061035156,43.04999923706055,40.02644348144531,7032600
2016-01-29,ZTS,43.20000076293945,43.36000061035156,42.61000061035156,43.04999923706055,40.02644348144531,7032600
2016-02-01,ZTS,43.0,43.38999938964844,42.5099983215332,42.959999084472656,39.94275665283203,4702400
2016-02-01,ZTS,43.0,43.38999938964844,42.5099983215332,42.959999084472656,39.94275665283203,4702400
2016-02-02,ZTS,42.43000030517578,42.52999877929688,41.369998931884766,41.720001220703125,38.78985595703125,3441500
2016-02-02,ZTS,42.43000030517578,42.52999877929688,41.369998931884766,41.720001220703125,38.78985595703125,3441500
2016-02-03,ZTS,41.84000015258789,42.0,40.45000076293945,41.310001373291016,38.408634185791016,5145100
2016-02-03,ZTS,41.84000015258789,42.0,40.45000076293945,41.310001373291016,38.408634185791016,5145100
2016-02-04,ZTS,41.150001525878906,41.95000076293945,40.93000030517578,41.540000915527344,38.62248611450195,3949800
2016-02-04,ZTS,41.150001525878906,41.95000076293945,40.93000030517578,41.540000915527344,38.62248611450195,3949800
2016-02-05,ZTS,41.31999969482422,41.5099983215332,40.61000061035156,40.90999984741211,38.036739349365234,4058100
2016-02-05,ZTS,41.31999969482422,41.5099983215332,40.61000061035156,40.90999984741211,38.036739349365234,4058100
2016-02-08,ZTS,40.400001525878906,40.709999084472656,39.59000015258789,40.18999862670898,37.36729049682617,4314300
2016-02-08,ZTS,40.400001525878906,40.709999084472656,39.59000015258789,40.18999862670898,37.36729049682617,4314300
2016-02-09,ZTS,39.58000183105469,40.959999084472656,39.38999938964844,39.86000061035156,37.060489654541016,6277600
2016-02-09,ZTS,39.58000183105469,40.959999084472656,39.38999938964844,39.86000061035156,37.060489654541016,6277600
2016-02-10,ZTS,40.16999816894531,40.47999954223633,39.25,39.33000183105469,36.56771469116211,6629200
2016-02-10,ZTS,40.16999816894531,40.47999954223633,39.25,39.33000183105469,36.56771469116211,6629200
2016-02-11,ZTS,38.97999954223633,39.52999877929688,38.2599983215332,39.36000061035156,36.59559631347656,8058200
2016-02-11,ZTS,38.97999954223633,39.52999877929688,38.2599983215332,39.36000061035156,36.59559631347656,8058200
2016-02-12,ZTS,39.810001373291016,40.47999954223633,39.209999084472656,40.43000030517578,37.5904655456543,6734700
2016-02-12,ZTS,39.810001373291016,40.47999954223633,39.209999084472656,40.43000030517578,37.5904655456543,6734700
2016-02-16,ZTS,41.65999984741211,41.869998931884766,39.72999954223633,40.43000030517578,37.5904655456543,5614300
2016-02-16,ZTS,41.65999984741211,41.869998931884766,39.72999954223633,40.43000030517578,37.5904655456543,5614300
2016-02-17,ZTS,40.77999877929688,42.0,40.470001220703125,41.79999923706055,38.86422729492188,7226900
2016-02-17,ZTS,40.77999877929688,42.0,40.470001220703125,41.79999923706055,38.86422729492188,7226900
2016-02-18,ZTS,41.560001373291016,42.369998931884766,41.52999877929688,42.02000045776367,39.06877899169922,5350400
2016-02-18,ZTS,41.560001373291016,42.369998931884766,41.52999877929688,42.02000045776367,39.06877899169922,5350400
2016-02-19,ZTS,42.06999969482422,42.22999954223633,41.400001525878906,41.83000183105469,38.892127990722656,3844500
2016-02-19,ZTS,42.06999969482422,42.22999954223633,41.400001525878906,41.83000183105469,38.892127990722656,3844500
2016-02-22,ZTS,42.119998931884766,42.83000183105469,41.790000915527344,42.77000045776367,39.7661018371582,3476600
2016-02-22,ZTS,42.119998931884766,42.83000183105469,41.790000915527344,42.77000045776367,39.7661018371582,3476600
2016-02-23,ZTS,42.58000183105469,43.20000076293945,42.290000915527344,42.369998931884766,39.39420318603516,2499000
2016-02-23,ZTS,42.58000183105469,43.20000076293945,42.290000915527344,42.369998931884766,39.39420318603516,2499000
2016-02-24,ZTS,41.93999862670898,42.41999816894531,41.25,42.369998931884766,39.39420318603516,3086800
2016-02-24,ZTS,41.93999862670898,42.41999816894531,41.25,42.369998931884766,39.39420318603516,3086800
2016-02-25,ZTS,42.369998931884766,42.91999816894531,41.790000915527344,42.900001525878906,39.88697814941406,4135900
2016-02-25,ZTS,42.369998931884766,42.91999816894531,41.790000915527344,42.900001525878906,39.88697814941406,4135900
2016-02-26,ZTS,42.9900016784668,43.34000015258789,42.220001220703125,42.36000061035156,39.38489532470703,2654300
2016-02-26,ZTS,42.9900016784668,43.34000015258789,42.220001220703125,42.36000061035156,39.38489532470703,2654300
2016-02-29,ZTS,42.09999847412109,42.16999816894531,41.04999923706055,41.060001373291016,38.17620468139648,3550500
2016-02-29,ZTS,42.09999847412109,42.16999816894531,41.04999923706055,41.060001373291016,38.17620468139648,3550500
2016-03-01,ZTS,41.4900016784668,42.13999938964844,40.880001068115234,42.09999847412109,39.143157958984375,5280700
2016-03-01,ZTS,41.4900016784668,42.13999938964844,40.880001068115234,42.09999847412109,39.143157958984375,5280700
2016-03-02,ZTS,41.90999984741211,42.18000030517578,41.5099983215332,41.720001220703125,38.78985595703125,2507700
2016-03-02,ZTS,41.90999984741211,42.18000030517578,41.5099983215332,41.720001220703125,38.78985595703125,2507700
2016-03-03,ZTS,41.720001220703125,41.84999847412109,40.70000076293945,41.08000183105469,38.19480514526367,4473700
2016-03-03,ZTS,41.720001220703125,41.84999847412109,40.70000076293945,41.08000183105469,38.19480514526367,4473700
2016-03-04,ZTS,41.08000183105469,41.31999969482422,40.619998931884766,40.79999923706055,37.93446731567383,3557900
2016-03-04,ZTS,41.08000183105469,41.31999969482422,40.619998931884766,40.79999923706055,37.93446731567383,3557900
2016-03-07,ZTS,40.59999847412109,41.43000030517578,40.459999084472656,41.20000076293945,38.306373596191406,3540500
2016-03-07,ZTS,40.59999847412109,41.43000030517578,40.459999084472656,41.20000076293945,38.306373596191406,3540500
2016-03-08,ZTS,40.84000015258789,41.13999938964844,40.15999984741211,40.22999954223633,37.40450668334961,3266300
2016-03-08,ZTS,40.84000015258789,41.13999938964844,40.15999984741211,40.22999954223633,37.40450668334961,3266300
2016-03-09,ZTS,40.54999923706055,40.59999847412109,39.84000015258789,40.459999084472656,37.61833953857422,4083700
2016-03-09,ZTS,40.54999923706055,40.59999847412109,39.84000015258789,40.459999084472656,37.61833953857422,4083700
2016-03-10,ZTS,39.91999816894531,40.61000061035156,39.34999847412109,39.90999984741211,37.10696792602539,7999500
2016-03-10,ZTS,39.91999816894531,40.61000061035156,39.34999847412109,39.90999984741211,37.10696792602539,7999500
2016-03-11,ZTS,40.20000076293945,41.90999984741211,40.02000045776367,41.869998931884766,38.9293212890625,5890900
2016-03-11,ZTS,40.20000076293945,41.90999984741211,40.02000045776367,41.869998931884766,38.9293212890625,5890900
2016-03-14,ZTS,41.630001068115234,41.709999084472656,41.06999969482422,41.310001373291016,38.408634185791016,3338500
2016-03-14,ZTS,41.630001068115234,41.709999084472656,41.06999969482422,41.310001373291016,38.408634185791016,3338500
2016-03-15,ZTS,41.060001373291016,41.09000015258789,39.970001220703125,40.720001220703125,37.86007690429688,7034600
2016-03-15,ZTS,41.060001373291016,41.09000015258789,39.970001220703125,40.720001220703125,37.86007690429688,7034600
2016-03-16,ZTS,40.86000061035156,40.86000061035156,40.09999847412109,40.459999084472656,37.61833953857422,5147400
2016-03-16,ZTS,40.86000061035156,40.86000061035156,40.09999847412109,40.459999084472656,37.61833953857422,5147400
2016-03-17,ZTS,40.4900016784668,40.66999816894531,39.52000045776367,39.720001220703125,36.93032455444336,7288100
2016-03-17,ZTS,40.4900016784668,40.66999816894531,39.52000045776367,39.720001220703125,36.93032455444336,7288100
2016-03-18,ZTS,39.91999816894531,41.040000915527344,39.79999923706055,40.86000061035156,37.99025344848633,5812800
2016-03-18,ZTS,39.91999816894531,41.040000915527344,39.79999923706055,40.86000061035156,37.99025344848633,5812800
2016-03-21,ZTS,40.90999984741211,42.02999877929688,40.880001068115234,41.619998931884766,38.696868896484375,5461700
2016-03-21,ZTS,40.90999984741211,42.02999877929688,40.880001068115234,41.619998931884766,38.696868896484375,5461700
2016-03-22,ZTS,41.59000015258789,42.88999938964844,41.59000015258789,42.75,39.74750518798828,7592600
2016-03-22,ZTS,41.59000015258789,42.88999938964844,41.59000015258789,42.75,39.74750518798828,7592600
2016-03-23,ZTS,42.79999923706055,42.84000015258789,42.150001525878906,42.63999938964844,39.64523696899414,5261500
2016-03-23,ZTS,42.79999923706055,42.84000015258789,42.150001525878906,42.63999938964844,39.64523696899414,5261500
2016-03-24,ZTS,42.27000045776367,43.060001373291016,42.130001068115234,42.47999954223633,39.4964714050293,4796600
2016-03-24,ZTS,42.27000045776367,43.060001373291016,42.130001068115234,42.47999954223633,39.4964714050293,4796600
2016-03-28,ZTS,42.4900016784668,42.63999938964844,41.970001220703125,42.18000030517578,39.217552185058594,2038300
2016-03-28,ZTS,42.4900016784668,42.63999938964844,41.970001220703125,42.18000030517578,39.217552185058594,2038300
2016-03-29,ZTS,42.0,43.13999938964844,41.86000061035156,43.119998931884766,40.09152221679688,2763500
2016-03-29,ZTS,42.0,43.13999938964844,41.86000061035156,43.119998931884766,40.09152221679688,2763500
2016-03-30,ZTS,43.2400016784668,44.380001068115234,43.22999954223633,44.02000045776367,40.928314208984375,5311700
2016-03-30,ZTS,43.2400016784668,44.380001068115234,43.22999954223633,44.02000045776367,40.928314208984375,5311700
2016-03-31,ZTS,43.400001525878906,44.54999923706055,43.25,44.33000183105469,41.2165412902832,6326700
2016-03-31,ZTS,43.400001525878906,44.54999923706055,43.25,44.33000183105469,41.2165412902832,6326700
2016-04-01,ZTS,44.02000045776367,45.060001373291016,43.970001220703125,44.9900016784668,41.830177307128906,4549300
2016-04-01,ZTS,44.02000045776367,45.060001373291016,43.970001220703125,44.9900016784668,41.830177307128906,4549300
2016-04-04,ZTS,45.09999847412109,46.040000915527344,45.02999877929688,45.7599983215332,42.54609680175781,5400600
2016-04-04,ZTS,45.09999847412109,46.040000915527344,45.02999877929688,45.7599983215332,42.54609680175781,5400600
2016-04-05,ZTS,45.2599983215332,45.97999954223633,45.0099983215332,45.84999847412109,42.71846389770508,6004300
2016-04-05,ZTS,45.2599983215332,45.97999954223633,45.0099983215332,45.84999847412109,42.71846389770508,6004300
2016-04-06,ZTS,45.79999923706055,47.59999847412109,45.70000076293945,47.27000045776367,44.04148864746094,6180800
2016-04-06,ZTS,45.79999923706055,47.59999847412109,45.70000076293945,47.27000045776367,44.04148864746094,6180800
2016-04-07,ZTS,46.959999084472656,47.2400016784668,46.83000183105469,47.18999862670898,43.96694946289063,5865600
2016-04-07,ZTS,46.959999084472656,47.2400016784668,46.83000183105469,47.18999862670898,43.96694946289063,5865600
2016-04-08,ZTS,47.36000061035156,47.459999084472656,46.540000915527344,46.93999862670898,43.734031677246094,4872700
2016-04-08,ZTS,47.36000061035156,47.459999084472656,46.540000915527344,46.93999862670898,43.734031677246094,4872700
2016-04-11,ZTS,47.0,47.040000915527344,46.47999954223633,46.66999816894531,43.48247146606445,3962100
2016-04-11,ZTS,47.0,47.040000915527344,46.47999954223633,46.66999816894531,43.48247146606445,3962100
2016-04-12,ZTS,46.84000015258789,47.119998931884766,46.59999847412109,47.0099983215332,43.79923629760742,3634800
2016-04-12,ZTS,46.84000015258789,47.119998931884766,46.59999847412109,47.0099983215332,43.79923629760742,3634800
2016-04-13,ZTS,47.150001525878906,47.5,46.95000076293945,47.5,44.255767822265625,3295700
2016-04-13,ZTS,47.150001525878906,47.5,46.95000076293945,47.5,44.255767822265625,3295700
2016-04-14,ZTS,47.27000045776367,47.959999084472656,47.119998931884766,47.66999816894531,44.41416931152344,3065300
2016-04-14,ZTS,47.27000045776367,47.959999084472656,47.119998931884766,47.66999816894531,44.41416931152344,3065300
2016-04-15,ZTS,47.75,48.13999938964844,47.56999969482422,48.11000061035156,44.82411956787109,3189400
2016-04-15,ZTS,47.75,48.13999938964844,47.56999969482422,48.11000061035156,44.82411956787109,3189400
2016-04-18,ZTS,47.97999954223633,48.77999877929688,47.77000045776367,48.56999969482422,45.25269317626953,3033300
2016-04-18,ZTS,47.97999954223633,48.77999877929688,47.77000045776367,48.56999969482422,45.25269317626953,3033300
2016-04-19,ZTS,48.68999862670898,49.09999847412109,48.36000061035156,48.560001373291016,45.24337768554688,2426200
2016-04-19,ZTS,48.68999862670898,49.09999847412109,48.36000061035156,48.560001373291016,45.24337768554688,2426200
2016-04-20,ZTS,48.560001373291016,48.720001220703125,47.88999938964844,48.470001220703125,45.15952682495117,2702100
2016-04-20,ZTS,48.560001373291016,48.720001220703125,47.88999938964844,48.470001220703125,45.15952682495117,2702100
2016-04-21,ZTS,48.41999816894531,48.83000183105469,48.040000915527344,48.43999862670898,45.13157653808594,2998900
2016-04-21,ZTS,48.41999816894531,48.83000183105469,48.040000915527344,48.43999862670898,45.13157653808594,2998900
2016-04-22,ZTS,48.540000915527344,48.95000076293945,48.18000030517578,48.63999938964844,45.31791305541992,2117600
2016-04-22,ZTS,48.540000915527344,48.95000076293945,48.18000030517578,48.63999938964844,45.31791305541992,2117600
2016-04-25,ZTS,48.34000015258789,48.36000061035156,47.209999084472656,47.31999969482422,44.08806991577149,5239600
2016-04-25,ZTS,48.34000015258789,48.36000061035156,47.209999084472656,47.31999969482422,44.08806991577149,5239600
2016-04-26,ZTS,47.400001525878906,47.7599983215332,46.95000076293945,47.61000061035156,44.35826110839844,3360100
2016-04-26,ZTS,47.400001525878906,47.7599983215332,46.95000076293945,47.61000061035156,44.35826110839844,3360100
2016-04-27,ZTS,47.61000061035156,47.810001373291016,47.34000015258789,47.459999084472656,44.21852111816406,2490100
2016-04-27,ZTS,47.61000061035156,47.810001373291016,47.34000015258789,47.459999084472656,44.21852111816406,2490100
2016-04-28,ZTS,47.22999954223633,47.63999938964844,46.970001220703125,47.18999862670898,43.96694946289063,1888600
2016-04-28,ZTS,47.22999954223633,47.63999938964844,46.970001220703125,47.18999862670898,43.96694946289063,1888600
2016-04-29,ZTS,47.15999984741211,47.310001373291016,46.619998931884766,47.02999877929688,43.81787109375,3342300
2016-04-29,ZTS,47.15999984741211,47.310001373291016,46.619998931884766,47.02999877929688,43.81787109375,3342300
2016-05-02,ZTS,47.20000076293945,48.09999847412109,46.869998931884766,48.02999877929688,44.74957656860352,3705400
2016-05-02,ZTS,47.20000076293945,48.09999847412109,46.869998931884766,48.02999877929688,44.74957656860352,3705400
2016-05-03,ZTS,47.88999938964844,48.369998931884766,47.619998931884766,48.150001525878906,44.86138916015625,4474600
2016-05-03,ZTS,47.88999938964844,48.369998931884766,47.619998931884766,48.150001525878906,44.86138916015625,4474600
2016-05-04,ZTS,47.90999984741211,48.040000915527344,46.04999923706055,47.04999923706055,43.83651351928711,5430400
2016-05-04,ZTS,47.90999984741211,48.040000915527344,46.04999923706055,47.04999923706055,43.83651351928711,5430400
2016-05-05,ZTS,47.31999969482422,48.27999877929688,47.02999877929688,48.2400016784668,44.94524383544922,3536200
2016-05-05,ZTS,47.31999969482422,48.27999877929688,47.02999877929688,48.2400016784668,44.94524383544922,3536200
2016-05-06,ZTS,47.310001373291016,47.72999954223633,46.86000061035156,47.34000015258789,44.1067008972168,3499600
2016-05-06,ZTS,47.310001373291016,47.72999954223633,46.86000061035156,47.34000015258789,44.1067008972168,3499600
2016-05-09,ZTS,47.380001068115234,48.02999877929688,47.119998931884766,47.5,44.255767822265625,6012400
2016-05-09,ZTS,47.380001068115234,48.02999877929688,47.119998931884766,47.5,44.255767822265625,6012400
2016-05-10,ZTS,46.290000915527344,46.63999938964844,46.13999938964844,46.560001373291016,43.37997817993164,12371400
2016-05-10,ZTS,46.290000915527344,46.63999938964844,46.13999938964844,46.560001373291016,43.37997817993164,12371400
2016-05-11,ZTS,46.5,46.84999847412109,45.9900016784668,46.0,42.85823059082031,5596500
2016-05-11,ZTS,46.5,46.84999847412109,45.9900016784668,46.0,42.85823059082031,5596500
2016-05-12,ZTS,45.84999847412109,46.41999816894531,45.560001373291016,46.25,43.09114837646485,6171400
2016-05-12,ZTS,45.84999847412109,46.41999816894531,45.560001373291016,46.25,43.09114837646485,6171400
2016-05-13,ZTS,46.34999847412109,46.59999847412109,46.02999877929688,46.38999938964844,43.22159576416016,3167500
2016-05-13,ZTS,46.34999847412109,46.59999847412109,46.02999877929688,46.38999938964844,43.22159576416016,3167500
2016-05-16,ZTS,46.13999938964844,46.93999862670898,46.08000183105469,46.77000045776367,43.57561874389648,3694300
2016-05-16,ZTS,46.13999938964844,46.93999862670898,46.08000183105469,46.77000045776367,43.57561874389648,3694300
2016-05-17,ZTS,46.709999084472656,46.91999816894531,46.22999954223633,46.5,43.32406997680664,2562600
2016-05-17,ZTS,46.709999084472656,46.91999816894531,46.22999954223633,46.5,43.32406997680664,2562600
2016-05-18,ZTS,46.34999847412109,47.220001220703125,46.310001373291016,46.959999084472656,43.75265121459961,3498500
2016-05-18,ZTS,46.34999847412109,47.220001220703125,46.310001373291016,46.959999084472656,43.75265121459961,3498500
2016-05-19,ZTS,46.790000915527344,46.93000030517578,45.91999816894531,46.43000030517578,43.25885009765625,2189200
2016-05-19,ZTS,46.790000915527344,46.93000030517578,45.91999816894531,46.43000030517578,43.25885009765625,2189200
2016-05-20,ZTS,46.70000076293945,47.09999847412109,46.52000045776367,47.060001373291016,43.8458251953125,5065200
2016-05-20,ZTS,46.70000076293945,47.09999847412109,46.52000045776367,47.060001373291016,43.8458251953125,5065200
2016-05-23,ZTS,47.0,47.040000915527344,46.400001525878906,46.400001525878906,43.23091506958008,2356000
2016-05-23,ZTS,47.0,47.040000915527344,46.400001525878906,46.400001525878906,43.23091506958008,2356000
2016-05-24,ZTS,46.810001373291016,47.36000061035156,46.7400016784668,47.290000915527344,44.06011962890625,3450200
2016-05-24,ZTS,46.810001373291016,47.36000061035156,46.7400016784668,47.290000915527344,44.06011962890625,3450200
2016-05-25,ZTS,47.38999938964844,47.560001373291016,46.880001068115234,47.0,43.789920806884766,4637700
2016-05-25,ZTS,47.38999938964844,47.560001373291016,46.880001068115234,47.0,43.789920806884766,4637700
2016-05-26,ZTS,46.88999938964844,47.470001220703125,46.77000045776367,47.33000183105469,44.09738159179688,3116900
2016-05-26,ZTS,46.88999938964844,47.470001220703125,46.77000045776367,47.33000183105469,44.09738159179688,3116900
2016-05-27,ZTS,47.540000915527344,47.68000030517578,47.09999847412109,47.18000030517578,43.957637786865234,2023200
2016-05-27,ZTS,47.540000915527344,47.68000030517578,47.09999847412109,47.18000030517578,43.957637786865234,2023200
2016-05-31,ZTS,47.41999816894531,47.709999084472656,47.11000061035156,47.41999816894531,44.18123245239258,2804200
2016-05-31,ZTS,47.41999816894531,47.709999084472656,47.11000061035156,47.41999816894531,44.18123245239258,2804200
2016-06-01,ZTS,47.4900016784668,48.0,47.22999954223633,47.84999847412109,44.58187103271485,2140700
2016-06-01,ZTS,47.4900016784668,48.0,47.22999954223633,47.84999847412109,44.58187103271485,2140700
2016-06-02,ZTS,47.88999938964844,48.18000030517578,47.65999984741211,48.130001068115234,44.84275436401367,1750900
2016-06-02,ZTS,47.88999938964844,48.18000030517578,47.65999984741211,48.130001068115234,44.84275436401367,1750900
2016-06-03,ZTS,48.09000015258789,48.11000061035156,47.43000030517578,47.93000030517578,44.65641784667969,2287000
2016-06-03,ZTS,48.09000015258789,48.11000061035156,47.43000030517578,47.93000030517578,44.65641784667969,2287000
2016-06-06,ZTS,47.93000030517578,48.41999816894531,47.83000183105469,48.40999984741211,45.1036262512207,2006600
2016-06-06,ZTS,47.93000030517578,48.41999816894531,47.83000183105469,48.40999984741211,45.1036262512207,2006600
2016-06-07,ZTS,48.08000183105469,48.52999877929688,47.88999938964844,48.34999847412109,45.0477294921875,2432500
2016-06-07,ZTS,48.08000183105469,48.52999877929688,47.88999938964844,48.34999847412109,45.0477294921875,2432500
2016-06-08,ZTS,48.369998931884766,48.58000183105469,48.209999084472656,48.45000076293945,45.14088439941406,1827200
2016-06-08,ZTS,48.369998931884766,48.58000183105469,48.209999084472656,48.45000076293945,45.14088439941406,1827200
2016-06-09,ZTS,48.36000061035156,48.68000030517578,47.91999816894531,48.13999938964844,44.8520736694336,2121200
2016-06-09,ZTS,48.36000061035156,48.68000030517578,47.91999816894531,48.13999938964844,44.8520736694336,2121200
2016-06-10,ZTS,47.34000015258789,47.59999847412109,46.95000076293945,47.38999938964844,44.15328979492188,4378900
2016-06-10,ZTS,47.34000015258789,47.59999847412109,46.95000076293945,47.38999938964844,44.15328979492188,4378900
2016-06-13,ZTS,47.16999816894531,47.31999969482422,46.150001525878906,46.18999862670898,43.03524398803711,2829900
2016-06-13,ZTS,47.16999816894531,47.31999969482422,46.150001525878906,46.18999862670898,43.03524398803711,2829900
2016-06-14,ZTS,46.02999877929688,47.22999954223633,45.970001220703125,47.18999862670898,43.96694946289063,4244700
2016-06-14,ZTS,46.02999877929688,47.22999954223633,45.970001220703125,47.18999862670898,43.96694946289063,4244700
2016-06-15,ZTS,47.18999862670898,47.709999084472656,47.130001068115234,47.220001220703125,43.99489974975586,3517900
2016-06-15,ZTS,47.18999862670898,47.709999084472656,47.130001068115234,47.220001220703125,43.99489974975586,3517900
2016-06-16,ZTS,47.0,47.36000061035156,46.560001373291016,47.2599983215332,44.03216171264648,2366900
2016-06-16,ZTS,47.0,47.36000061035156,46.560001373291016,47.2599983215332,44.03216171264648,2366900
2016-06-17,ZTS,47.209999084472656,47.2599983215332,46.43999862670898,46.43999862670898,43.26818084716797,4010000
2016-06-17,ZTS,47.209999084472656,47.2599983215332,46.43999862670898,46.43999862670898,43.26818084716797,4010000
2016-06-20,ZTS,47.0099983215332,47.310001373291016,46.83000183105469,46.90999984741211,43.70608139038086,2543500
2016-06-20,ZTS,47.0099983215332,47.310001373291016,46.83000183105469,46.90999984741211,43.70608139038086,2543500
2016-06-21,ZTS,47.130001068115234,47.369998931884766,46.68000030517578,47.290000915527344,44.06011962890625,2698500
2016-06-21,ZTS,47.130001068115234,47.369998931884766,46.68000030517578,47.290000915527344,44.06011962890625,2698500
2016-06-22,ZTS,47.15999984741211,47.790000915527344,46.84000015258789,47.33000183105469,44.09738159179688,2640200
2016-06-22,ZTS,47.15999984741211,47.790000915527344,46.84000015258789,47.33000183105469,44.09738159179688,2640200
2016-06-23,ZTS,47.59999847412109,47.900001525878906,47.43999862670898,47.900001525878906,44.628448486328125,2291500
2016-06-23,ZTS,47.59999847412109,47.900001525878906,47.43999862670898,47.900001525878906,44.628448486328125,2291500
2016-06-24,ZTS,46.22999954223633,47.36000061035156,46.18000030517578,46.5099983215332,43.33339691162109,6423700
2016-06-24,ZTS,46.22999954223633,47.36000061035156,46.18000030517578,46.5099983215332,43.33339691162109,6423700
2016-06-27,ZTS,46.29999923706055,46.59000015258789,45.27999877929688,45.41999816894531,42.317848205566406,5046800
2016-06-27,ZTS,46.29999923706055,46.59000015258789,45.27999877929688,45.41999816894531,42.317848205566406,5046800
2016-06-28,ZTS,45.900001525878906,46.41999816894531,45.68000030517578,46.41999816894531,43.34018707275391,3628500
2016-06-28,ZTS,45.900001525878906,46.41999816894531,45.68000030517578,46.41999816894531,43.34018707275391,3628500
2016-06-29,ZTS,46.880001068115234,47.380001068115234,46.68000030517578,47.2400016784668,44.10578918457031,3603900
2016-06-29,ZTS,46.880001068115234,47.380001068115234,46.68000030517578,47.2400016784668,44.10578918457031,3603900
2016-06-30,ZTS,47.18999862670898,47.52999877929688,46.970001220703125,47.459999084472656,44.31119537353516,3769000
2016-06-30,ZTS,47.18999862670898,47.52999877929688,46.970001220703125,47.459999084472656,44.31119537353516,3769000
2016-07-01,ZTS,47.5,47.97999954223633,47.34999847412109,47.45000076293945,44.301849365234375,2008300
2016-07-01,ZTS,47.5,47.97999954223633,47.34999847412109,47.45000076293945,44.301849365234375,2008300
2016-07-05,ZTS,47.18000030517578,47.630001068115234,46.84000015258789,47.5,44.34853363037109,2655400
2016-07-05,ZTS,47.18000030517578,47.630001068115234,46.84000015258789,47.5,44.34853363037109,2655400
2016-07-06,ZTS,47.209999084472656,48.13999938964844,47.0099983215332,48.09000015258789,44.8994026184082,3451600
2016-07-06,ZTS,47.209999084472656,48.13999938964844,47.0099983215332,48.09000015258789,44.8994026184082,3451600
2016-07-07,ZTS,48.09999847412109,48.16999816894531,47.459999084472656,47.68999862670898,44.52592086791992,2338000
2016-07-07,ZTS,48.09999847412109,48.16999816894531,47.459999084472656,47.68999862670898,44.52592086791992,2338000
2016-07-08,ZTS,47.84000015258789,48.61000061035156,47.790000915527344,48.5,45.28218460083008,2852000
2016-07-08,ZTS,47.84000015258789,48.61000061035156,47.790000915527344,48.5,45.28218460083008,2852000
2016-07-11,ZTS,48.58000183105469,48.68000030517578,48.27999877929688,48.290000915527344,45.08612060546875,2011600
2016-07-11,ZTS,48.58000183105469,48.68000030517578,48.27999877929688,48.290000915527344,45.08612060546875,2011600
2016-07-12,ZTS,48.52999877929688,48.91999816894531,48.220001220703125,48.869998931884766,45.62763595581055,1824100
2016-07-12,ZTS,48.52999877929688,48.91999816894531,48.220001220703125,48.869998931884766,45.62763595581055,1824100
2016-07-13,ZTS,49.06999969482422,49.27999877929688,48.93999862670898,49.18999862670898,45.92641830444336,2574300
2016-07-13,ZTS,49.06999969482422,49.27999877929688,48.93999862670898,49.18999862670898,45.92641830444336,2574300
2016-07-14,ZTS,49.619998931884766,50.060001373291016,49.369998931884766,49.97999954223633,46.66400146484375,2617900
2016-07-14,ZTS,49.619998931884766,50.060001373291016,49.369998931884766,49.97999954223633,46.66400146484375,2617900
2016-07-15,ZTS,50.08000183105469,50.27000045776367,49.52000045776367,49.68000030517578,46.38389587402344,2089100
2016-07-15,ZTS,50.08000183105469,50.27000045776367,49.52000045776367,49.68000030517578,46.38389587402344,2089100
2016-07-18,ZTS,49.68999862670898,50.209999084472656,49.58000183105469,49.720001220703125,46.42125701904297,2756800
2016-07-18,ZTS,49.68999862670898,50.209999084472656,49.58000183105469,49.720001220703125,46.42125701904297,2756800
2016-07-19,ZTS,49.5,49.7400016784668,49.0,49.369998931884766,46.0944709777832,2305700
2016-07-19,ZTS,49.5,49.7400016784668,49.0,49.369998931884766,46.0944709777832,2305700
2016-07-20,ZTS,49.52000045776367,50.34000015258789,49.459999084472656,50.25,46.91608810424805,2530800
2016-07-20,ZTS,49.52000045776367,50.34000015258789,49.459999084472656,50.25,46.91608810424805,2530800
2016-07-21,ZTS,50.209999084472656,50.38999938964844,50.0099983215332,50.13999938964844,46.81338119506836,1710800
2016-07-21,ZTS,50.209999084472656,50.38999938964844,50.0099983215332,50.13999938964844,46.81338119506836,1710800
2016-07-22,ZTS,50.16999816894531,50.36000061035156,49.869998931884766,50.2599983215332,46.92543029785156,1308000
2016-07-22,ZTS,50.16999816894531,50.36000061035156,49.869998931884766,50.2599983215332,46.92543029785156,1308000
2016-07-25,ZTS,50.18999862670898,50.2400016784668,49.72999954223633,49.9900016784668,46.67333221435547,2053700
2016-07-25,ZTS,50.18999862670898,50.2400016784668,49.72999954223633,49.9900016784668,46.67333221435547,2053700
2016-07-26,ZTS,50.0,50.04999923706055,49.68999862670898,49.91999816894531,46.60797500610352,2582500
2016-07-26,ZTS,50.0,50.04999923706055,49.68999862670898,49.91999816894531,46.60797500610352,2582500
2016-07-27,ZTS,49.91999816894531,50.060001373291016,49.630001068115234,49.84999847412109,46.54262161254883,3930000
2016-07-27,ZTS,49.91999816894531,50.060001373291016,49.630001068115234,49.84999847412109,46.54262161254883,3930000
2016-07-28,ZTS,49.84999847412109,50.16999816894531,49.56999969482422,50.060001373291016,46.73868942260742,2852900
2016-07-28,ZTS,49.84999847412109,50.16999816894531,49.56999969482422,50.060001373291016,46.73868942260742,2852900
2016-07-29,ZTS,49.9900016784668,50.58000183105469,49.970001220703125,50.470001220703125,47.121490478515625,3501500
2016-07-29,ZTS,49.9900016784668,50.58000183105469,49.970001220703125,50.470001220703125,47.121490478515625,3501500
2016-08-01,ZTS,50.470001220703125,50.7400016784668,50.369998931884766,50.400001525878906,47.05611801147461,3715300
2016-08-01,ZTS,50.470001220703125,50.7400016784668,50.369998931884766,50.400001525878906,47.05611801147461,3715300
2016-08-02,ZTS,50.220001220703125,50.25,49.290000915527344,49.720001220703125,46.42125701904297,5500500
2016-08-02,ZTS,50.220001220703125,50.25,49.290000915527344,49.720001220703125,46.42125701904297,5500500
2016-08-03,ZTS,52.150001525878906,52.18000030517578,50.720001220703125,51.209999084472656,47.8123893737793,5425500
2016-08-03,ZTS,52.150001525878906,52.18000030517578,50.720001220703125,51.209999084472656,47.8123893737793,5425500
2016-08-04,ZTS,51.52999877929688,51.9900016784668,51.18999862670898,51.40999984741211,47.999122619628906,4520300
2016-08-04,ZTS,51.52999877929688,51.9900016784668,51.18999862670898,51.40999984741211,47.999122619628906,4520300
2016-08-05,ZTS,51.7400016784668,51.7400016784668,51.02000045776367,51.09000015258789,47.70034408569336,4222000
2016-08-05,ZTS,51.7400016784668,51.7400016784668,51.02000045776367,51.09000015258789,47.70034408569336,4222000
2016-08-08,ZTS,51.02000045776367,51.060001373291016,50.47999954223633,50.79999923706055,47.42958450317383,5174600
2016-08-08,ZTS,51.02000045776367,51.060001373291016,50.47999954223633,50.79999923706055,47.42958450317383,5174600
2016-08-09,ZTS,50.83000183105469,50.97999954223633,50.63999938964844,50.93000030517578,47.55096435546875,3666700
2016-08-09,ZTS,50.83000183105469,50.97999954223633,50.63999938964844,50.93000030517578,47.55096435546875,3666700
2016-08-10,ZTS,50.77000045776367,52.0,50.61000061035156,51.810001373291016,48.3725814819336,5086400
2016-08-10,ZTS,50.77000045776367,52.0,50.61000061035156,51.810001373291016,48.3725814819336,5086400
2016-08-11,ZTS,51.88999938964844,52.15999984741211,51.63999938964844,52.06999969482422,48.615333557128906,3056900
2016-08-11,ZTS,51.88999938964844,52.15999984741211,51.63999938964844,52.06999969482422,48.615333557128906,3056900
2016-08-12,ZTS,51.93000030517578,52.09999847412109,51.70000076293945,51.97999954223633,48.53130340576172,1980700
2016-08-12,ZTS,51.93000030517578,52.09999847412109,51.70000076293945,51.97999954223633,48.53130340576172,1980700
2016-08-15,ZTS,52.15999984741211,52.47999954223633,52.08000183105469,52.380001068115234,48.904762268066406,2280700
2016-08-15,ZTS,52.15999984741211,52.47999954223633,52.08000183105469,52.380001068115234,48.904762268066406,2280700
2016-08-16,ZTS,52.15999984741211,52.459999084472656,51.93999862670898,52.09000015258789,48.634010314941406,2696900
2016-08-16,ZTS,52.15999984741211,52.459999084472656,51.93999862670898,52.09000015258789,48.634010314941406,2696900
2016-08-17,ZTS,52.29999923706055,52.369998931884766,51.68999862670898,52.29999923706055,48.8300666809082,3027600
2016-08-17,ZTS,52.29999923706055,52.369998931884766,51.68999862670898,52.29999923706055,48.8300666809082,3027600
2016-08-18,ZTS,52.400001525878906,52.63999938964844,52.09000015258789,52.290000915527344,48.82073211669922,1842500
2016-08-18,ZTS,52.400001525878906,52.63999938964844,52.09000015258789,52.290000915527344,48.82073211669922,1842500
2016-08-19,ZTS,52.060001373291016,52.61000061035156,52.060001373291016,52.540000915527344,49.054141998291016,2713900
2016-08-19,ZTS,52.060001373291016,52.61000061035156,52.060001373291016,52.540000915527344,49.054141998291016,2713900
2016-08-22,ZTS,52.0,52.27000045776367,51.11000061035156,51.22999954223633,47.83105850219727,5297800
2016-08-22,ZTS,52.0,52.27000045776367,51.11000061035156,51.22999954223633,47.83105850219727,5297800
2016-08-23,ZTS,51.38999938964844,51.63999938964844,51.22999954223633,51.25,47.8497314453125,3518500
2016-08-23,ZTS,51.38999938964844,51.63999938964844,51.22999954223633,51.25,47.8497314453125,3518500
2016-08-24,ZTS,51.2599983215332,51.41999816894531,50.560001373291016,50.630001068115234,47.270877838134766,3262800
2016-08-24,ZTS,51.2599983215332,51.41999816894531,50.560001373291016,50.630001068115234,47.270877838134766,3262800
2016-08-25,ZTS,50.619998931884766,51.02999877929688,50.36000061035156,50.470001220703125,47.121490478515625,2919300
2016-08-25,ZTS,50.619998931884766,51.02999877929688,50.36000061035156,50.470001220703125,47.121490478515625,2919300
2016-08-26,ZTS,50.65999984741211,51.15999984741211,50.470001220703125,50.7599983215332,47.39224624633789,2707100
2016-08-26,ZTS,50.65999984741211,51.15999984741211,50.470001220703125,50.7599983215332,47.39224624633789,2707100
2016-08-29,ZTS,50.7599983215332,50.959999084472656,50.41999816894531,50.7599983215332,47.39224624633789,2370700
2016-08-29,ZTS,50.7599983215332,50.959999084472656,50.41999816894531,50.7599983215332,47.39224624633789,2370700
2016-08-30,ZTS,50.68000030517578,50.900001525878906,50.369998931884766,50.75,47.3829231262207,2878600
2016-08-30,ZTS,50.68000030517578,50.900001525878906,50.369998931884766,50.75,47.3829231262207,2878600
2016-08-31,ZTS,50.7400016784668,51.18000030517578,50.47999954223633,51.09999847412109,47.70968246459961,3446700
2016-08-31,ZTS,50.7400016784668,51.18000030517578,50.47999954223633,51.09999847412109,47.70968246459961,3446700
2016-09-01,ZTS,51.150001525878906,51.150001525878906,50.619998931884766,51.11000061035156,47.71902084350586,2695000
2016-09-01,ZTS,51.150001525878906,51.150001525878906,50.619998931884766,51.11000061035156,47.71902084350586,2695000
2016-09-02,ZTS,51.34000015258789,51.400001525878906,51.08000183105469,51.2599983215332,47.85906219482422,2226500
2016-09-02,ZTS,51.34000015258789,51.400001525878906,51.08000183105469,51.2599983215332,47.85906219482422,2226500
2016-09-06,ZTS,51.40999984741211,51.709999084472656,51.15999984741211,51.290000915527344,47.8870849609375,3957400
2016-09-06,ZTS,51.40999984741211,51.709999084472656,51.15999984741211,51.290000915527344,47.8870849609375,3957400
2016-09-07,ZTS,51.43999862670898,52.04999923706055,51.38999938964844,52.040000915527344,48.58732986450195,3766400
2016-09-07,ZTS,51.43999862670898,52.04999923706055,51.38999938964844,52.040000915527344,48.58732986450195,3766400
2016-09-08,ZTS,52.02999877929688,52.09999847412109,51.29999923706055,51.40999984741211,47.999122619628906,5517300
2016-09-08,ZTS,52.02999877929688,52.09999847412109,51.29999923706055,51.40999984741211,47.999122619628906,5517300
2016-09-09,ZTS,51.22999954223633,51.22999954223633,50.380001068115234,50.38999938964844,47.04680252075195,3173300
2016-09-09,ZTS,51.22999954223633,51.22999954223633,50.380001068115234,50.38999938964844,47.04680252075195,3173300
2016-09-12,ZTS,50.18999862670898,51.34000015258789,50.06999969482422,51.150001525878906,47.75637435913086,5678000
2016-09-12,ZTS,50.18999862670898,51.34000015258789,50.06999969482422,51.150001525878906,47.75637435913086,5678000
2016-09-13,ZTS,50.72999954223633,50.91999816894531,50.18999862670898,50.31999969482422,46.9814338684082,3880000
2016-09-13,ZTS,50.72999954223633,50.91999816894531,50.18999862670898,50.31999969482422,46.9814338684082,3880000
2016-09-14,ZTS,50.41999816894531,50.83000183105469,50.34999847412109,50.54999923706055,47.1961784362793,3544600
2016-09-14,ZTS,50.41999816894531,50.83000183105469,50.34999847412109,50.54999923706055,47.1961784362793,3544600
2016-09-15,ZTS,50.709999084472656,50.93000030517578,50.20000076293945,50.720001220703125,47.35490036010742,3331000
2016-09-15,ZTS,50.709999084472656,50.93000030517578,50.20000076293945,50.720001220703125,47.35490036010742,3331000
2016-09-16,ZTS,50.869998931884766,50.869998931884766,50.29999923706055,50.5099983215332,47.15883255004883,8679600
2016-09-16,ZTS,50.869998931884766,50.869998931884766,50.29999923706055,50.5099983215332,47.15883255004883,8679600
2016-09-19,ZTS,50.650001525878906,50.84000015258789,50.27000045776367,50.31999969482422,46.9814338684082,2429000
2016-09-19,ZTS,50.650001525878906,50.84000015258789,50.27000045776367,50.31999969482422,46.9814338684082,2429000
2016-09-20,ZTS,50.650001525878906,50.75,50.5099983215332,50.59999847412109,47.24287033081055,1722800
2016-09-20,ZTS,50.650001525878906,50.75,50.5099983215332,50.59999847412109,47.24287033081055,1722800
2016-09-21,ZTS,50.59999847412109,51.119998931884766,50.41999816894531,51.060001373291016,47.67233276367188,2487000
2016-09-21,ZTS,50.59999847412109,51.119998931884766,50.41999816894531,51.060001373291016,47.67233276367188,2487000
2016-09-22,ZTS,51.20000076293945,51.81999969482422,51.150001525878906,51.630001068115234,48.20454025268555,3172900
2016-09-22,ZTS,51.20000076293945,51.81999969482422,51.150001525878906,51.630001068115234,48.20454025268555,3172900
2016-09-23,ZTS,51.630001068115234,51.77000045776367,51.33000183105469,51.5099983215332,48.09249114990234,2560500
2016-09-23,ZTS,51.630001068115234,51.77000045776367,51.33000183105469,51.5099983215332,48.09249114990234,2560500
2016-09-26,ZTS,51.400001525878906,51.400001525878906,51.060001373291016,51.209999084472656,47.8123893737793,3267000
2016-09-26,ZTS,51.400001525878906,51.400001525878906,51.060001373291016,51.209999084472656,47.8123893737793,3267000
2016-09-27,ZTS,51.20000076293945,51.880001068115234,50.88999938964844,51.869998931884766,48.42861175537109,3203400
2016-09-27,ZTS,51.20000076293945,51.880001068115234,50.88999938964844,51.869998931884766,48.42861175537109,3203400
2016-09-28,ZTS,51.97999954223633,52.16999816894531,51.220001220703125,51.75,48.31655502319336,2842300
2016-09-28,ZTS,51.97999954223633,52.16999816894531,51.220001220703125,51.75,48.31655502319336,2842300
2016-09-29,ZTS,51.7400016784668,51.90999984741211,50.93000030517578,51.02000045776367,47.6349983215332,2877900
2016-09-29,ZTS,51.7400016784668,51.90999984741211,50.93000030517578,51.02000045776367,47.6349983215332,2877900
2016-09-30,ZTS,51.13999938964844,52.119998931884766,50.95000076293945,52.0099983215332,48.55931091308594,3971600
2016-09-30,ZTS,51.13999938964844,52.119998931884766,50.95000076293945,52.0099983215332,48.55931091308594,3971600
2016-10-03,ZTS,51.7599983215332,52.43000030517578,51.630001068115234,52.36000061035156,48.88609313964844,2412700
2016-10-03,ZTS,51.7599983215332,52.43000030517578,51.630001068115234,52.36000061035156,48.88609313964844,2412700
2016-10-04,ZTS,52.43000030517578,52.61000061035156,51.77999877929688,52.310001373291016,48.83942031860352,3189800
2016-10-04,ZTS,52.43000030517578,52.61000061035156,51.77999877929688,52.310001373291016,48.83942031860352,3189800
2016-10-05,ZTS,52.310001373291016,52.41999816894531,51.95000076293945,52.18000030517578,48.718021392822266,2607500
2016-10-05,ZTS,52.310001373291016,52.41999816894531,51.95000076293945,52.18000030517578,48.718021392822266,2607500
2016-10-06,ZTS,51.93999862670898,52.02000045776367,51.400001525878906,51.650001525878906,48.22320175170898,2702500
2016-10-06,ZTS,51.93999862670898,52.02000045776367,51.400001525878906,51.650001525878906,48.22320175170898,2702500
2016-10-07,ZTS,52.08000183105469,52.209999084472656,51.54999923706055,51.84999847412109,48.40993118286133,3323600
2016-10-07,ZTS,52.08000183105469,52.209999084472656,51.54999923706055,51.84999847412109,48.40993118286133,3323600
2016-10-10,ZTS,52.0,53.13999938964844,52.0,52.68999862670898,49.19419479370117,3118800
2016-10-10,ZTS,52.0,53.13999938964844,52.0,52.68999862670898,49.19419479370117,3118800
2016-10-11,ZTS,52.310001373291016,52.34999847412109,50.22999954223633,50.959999084472656,47.57897186279297,7512200
2016-10-11,ZTS,52.310001373291016,52.34999847412109,50.22999954223633,50.959999084472656,47.57897186279297,7512200
2016-10-12,ZTS,51.02999877929688,51.56999969482422,50.790000915527344,51.41999816894531,48.00846099853516,4602000
2016-10-12,ZTS,51.02999877929688,51.56999969482422,50.790000915527344,51.41999816894531,48.00846099853516,4602000
2016-10-13,ZTS,51.130001068115234,51.20000076293945,50.650001525878906,51.02000045776367,47.6349983215332,2812200
2016-10-13,ZTS,51.130001068115234,51.20000076293945,50.650001525878906,51.02000045776367,47.6349983215332,2812200
2016-10-14,ZTS,51.15999984741211,51.16999816894531,50.18000030517578,50.18000030517578,46.850711822509766,2485400
2016-10-14,ZTS,51.15999984741211,51.16999816894531,50.18000030517578,50.18000030517578,46.850711822509766,2485400
2016-10-17,ZTS,50.150001525878906,50.290000915527344,49.869998931884766,50.02999877929688,46.710670471191406,2644600
2016-10-17,ZTS,50.150001525878906,50.290000915527344,49.869998931884766,50.02999877929688,46.710670471191406,2644600
2016-10-18,ZTS,50.56999969482422,51.130001068115234,50.5099983215332,51.060001373291016,47.67233276367188,2032600
2016-10-18,ZTS,50.56999969482422,51.130001068115234,50.5099983215332,51.060001373291016,47.67233276367188,2032600
2016-10-19,ZTS,51.38999938964844,51.38999938964844,50.81999969482422,51.11000061035156,47.71902084350586,1605200
2016-10-19,ZTS,51.38999938964844,51.38999938964844,50.81999969482422,51.11000061035156,47.71902084350586,1605200
2016-10-20,ZTS,51.08000183105469,51.40999984741211,50.970001220703125,51.29999923706055,47.89641952514648,1497800
2016-10-20,ZTS,51.08000183105469,51.40999984741211,50.970001220703125,51.29999923706055,47.89641952514648,1497800
2016-10-21,ZTS,50.97999954223633,51.16999816894531,50.70000076293945,50.93999862670898,47.56029510498047,2032200
2016-10-21,ZTS,50.97999954223633,51.16999816894531,50.70000076293945,50.93999862670898,47.56029510498047,2032200
2016-10-24,ZTS,51.060001373291016,51.18999862670898,50.810001373291016,51.02999877929688,47.64432907104492,1674000
2016-10-24,ZTS,51.060001373291016,51.18999862670898,50.810001373291016,51.02999877929688,47.64432907104492,1674000
2016-10-25,ZTS,50.459999084472656,50.459999084472656,49.63999938964844,49.9900016784668,46.67333221435547,3556800
2016-10-25,ZTS,50.459999084472656,50.459999084472656,49.63999938964844,49.9900016784668,46.67333221435547,3556800
2016-10-26,ZTS,49.560001373291016,49.63999938964844,48.72999954223633,48.77000045776367,45.53428649902344,3930100
2016-10-26,ZTS,49.560001373291016,49.63999938964844,48.72999954223633,48.77000045776367,45.53428649902344,3930100
2016-10-27,ZTS,49.119998931884766,49.25,48.65999984741211,48.77000045776367,45.53428649902344,2564500
2016-10-27,ZTS,49.119998931884766,49.25,48.65999984741211,48.77000045776367,45.53428649902344,2564500
2016-10-28,ZTS,48.4900016784668,48.720001220703125,47.900001525878906,48.560001373291016,45.33820343017578,3621800
2016-10-28,ZTS,48.4900016784668,48.720001220703125,47.900001525878906,48.560001373291016,45.33820343017578,3621800
2016-10-31,ZTS,48.68999862670898,48.77999877929688,47.7599983215332,47.79999923706055,44.62863159179688,4635800
2016-10-31,ZTS,48.68999862670898,48.77999877929688,47.7599983215332,47.79999923706055,44.62863159179688,4635800
2016-11-01,ZTS,47.61000061035156,47.900001525878906,46.86000061035156,47.25,44.20297622680664,8722800
2016-11-01,ZTS,47.61000061035156,47.900001525878906,46.86000061035156,47.25,44.20297622680664,8722800
2016-11-02,ZTS,50.90999984741211,50.97999954223633,48.83000183105469,50.11000061035156,46.8785285949707,8106200
2016-11-02,ZTS,50.90999984741211,50.97999954223633,48.83000183105469,50.11000061035156,46.8785285949707,8106200
2016-11-03,ZTS,50.16999816894531,50.220001220703125,48.709999084472656,48.95000076293945,45.79335021972656,4550200
2016-11-03,ZTS,50.16999816894531,50.220001220703125,48.709999084472656,48.95000076293945,45.79335021972656,4550200
2016-11-04,ZTS,49.060001373291016,50.220001220703125,48.970001220703125,49.93999862670898,46.71950912475586,4234200
2016-11-04,ZTS,49.060001373291016,50.220001220703125,48.970001220703125,49.93999862670898,46.71950912475586,4234200
2016-11-07,ZTS,50.619998931884766,50.84000015258789,49.81999969482422,49.97999954223633,46.75692367553711,9364500
2016-11-07,ZTS,50.619998931884766,50.84000015258789,49.81999969482422,49.97999954223633,46.75692367553711,9364500
2016-11-08,ZTS,49.720001220703125,50.959999084472656,49.34999847412109,50.33000183105469,47.084354400634766,3852200
2016-11-08,ZTS,49.720001220703125,50.959999084472656,49.34999847412109,50.33000183105469,47.084354400634766,3852200
2016-11-09,ZTS,51.88999938964844,52.18999862670898,50.31999969482422,51.0,47.71114349365234,5102900
2016-11-09,ZTS,51.88999938964844,52.18999862670898,50.31999969482422,51.0,47.71114349365234,5102900
2016-11-10,ZTS,51.650001525878906,51.84000015258789,50.47999954223633,51.09000015258789,47.79534530639648,5661800
2016-11-10,ZTS,51.650001525878906,51.84000015258789,50.47999954223633,51.09000015258789,47.79534530639648,5661800
2016-11-11,ZTS,50.84000015258789,50.959999084472656,50.130001068115234,50.61000061035156,47.346309661865234,3526600
2016-11-11,ZTS,50.84000015258789,50.959999084472656,50.130001068115234,50.61000061035156,47.346309661865234,3526600
2016-11-14,ZTS,50.84999847412109,51.0,48.900001525878906,48.959999084472656,45.802696228027344,3681300
2016-11-14,ZTS,50.84999847412109,51.0,48.900001525878906,48.959999084472656,45.802696228027344,3681300
2016-11-15,ZTS,48.709999084472656,49.18999862670898,48.2400016784668,49.150001525878906,45.98044967651367,5996800
2016-11-15,ZTS,48.709999084472656,49.18999862670898,48.2400016784668,49.150001525878906,45.98044967651367,5996800
2016-11-16,ZTS,49.2599983215332,49.63999938964844,48.77000045776367,48.84000015258789,45.6904296875,2941500
2016-11-16,ZTS,49.2599983215332,49.63999938964844,48.77000045776367,48.84000015258789,45.6904296875,2941500
2016-11-17,ZTS,49.08000183105469,49.560001373291016,48.79999923706055,49.209999084472656,46.03657913208008,3645100
2016-11-17,ZTS,49.08000183105469,49.560001373291016,48.79999923706055,49.209999084472656,46.03657913208008,3645100
2016-11-18,ZTS,49.25,50.11000061035156,49.22999954223633,49.88999938964844,46.67273712158203,4747900
2016-11-18,ZTS,49.25,50.11000061035156,49.22999954223633,49.88999938964844,46.67273712158203,4747900
2016-11-21,ZTS,49.95000076293945,50.150001525878906,49.75,50.0,46.775634765625,2730200
2016-11-21,ZTS,49.95000076293945,50.150001525878906,49.75,50.0,46.775634765625,2730200
2016-11-22,ZTS,49.84999847412109,50.0,49.06999969482422,49.630001068115234,46.429500579833984,3018500
2016-11-22,ZTS,49.84999847412109,50.0,49.06999969482422,49.630001068115234,46.429500579833984,3018500
2016-11-23,ZTS,49.380001068115234,50.18000030517578,48.869998931884766,50.18000030517578,46.94401550292969,2056200
2016-11-23,ZTS,49.380001068115234,50.18000030517578,48.869998931884766,50.18000030517578,46.94401550292969,2056200
2016-11-25,ZTS,50.34999847412109,50.4900016784668,50.060001373291016,50.18000030517578,46.94401550292969,804700
2016-11-25,ZTS,50.34999847412109,50.4900016784668,50.060001373291016,50.18000030517578,46.94401550292969,804700
2016-11-28,ZTS,50.0,50.38999938964844,49.790000915527344,50.150001525878906,46.91596984863281,2695200
2016-11-28,ZTS,50.0,50.38999938964844,49.790000915527344,50.150001525878906,46.91596984863281,2695200
2016-11-29,ZTS,50.02999877929688,50.58000183105469,50.02999877929688,50.45000076293945,47.19661712646485,2313600
2016-11-29,ZTS,50.02999877929688,50.58000183105469,50.02999877929688,50.45000076293945,47.19661712646485,2313600
2016-11-30,ZTS,50.61000061035156,50.81999969482422,50.27000045776367,50.380001068115234,47.13113784790039,3782100
2016-11-30,ZTS,50.61000061035156,50.81999969482422,50.27000045776367,50.380001068115234,47.13113784790039,3782100
2016-12-01,ZTS,50.40999984741211,50.54999923706055,48.619998931884766,49.15999984741211,45.98980331420898,4252000
2016-12-01,ZTS,50.40999984741211,50.54999923706055,48.619998931884766,49.15999984741211,45.98980331420898,4252000
2016-12-02,ZTS,49.31999969482422,49.36000061035156,48.54999923706055,49.09999847412109,45.933685302734375,3182800
2016-12-02,ZTS,49.31999969482422,49.36000061035156,48.54999923706055,49.09999847412109,45.933685302734375,3182800
2016-12-05,ZTS,48.95000076293945,49.84000015258789,48.95000076293945,49.81999969482422,46.60724258422852,2578200
2016-12-05,ZTS,48.95000076293945,49.84000015258789,48.95000076293945,49.81999969482422,46.60724258422852,2578200
2016-12-06,ZTS,49.68000030517578,50.22999954223633,49.54999923706055,50.220001220703125,46.9814567565918,2573000
2016-12-06,ZTS,49.68000030517578,50.22999954223633,49.54999923706055,50.220001220703125,46.9814567565918,2573000
2016-12-07,ZTS,51.20000076293945,51.380001068115234,49.790000915527344,51.2599983215332,47.954376220703125,4037800
2016-12-07,ZTS,51.20000076293945,51.380001068115234,49.790000915527344,51.2599983215332,47.954376220703125,4037800
2016-12-08,ZTS,50.900001525878906,51.70000076293945,50.65999984741211,51.68000030517578,48.34728240966797,3217000
2016-12-08,ZTS,50.900001525878906,51.70000076293945,50.65999984741211,51.68000030517578,48.34728240966797,3217000
2016-12-09,ZTS,51.86000061035156,52.47999954223633,51.59999847412109,51.88999938964844,48.54375457763672,2664300
2016-12-09,ZTS,51.86000061035156,52.47999954223633,51.59999847412109,51.88999938964844,48.54375457763672,2664300
2016-12-12,ZTS,51.81999969482422,51.93000030517578,50.77000045776367,50.91999816894531,47.63629913330078,5021800
2016-12-12,ZTS,51.81999969482422,51.93000030517578,50.77000045776367,50.91999816894531,47.63629913330078,5021800
2016-12-13,ZTS,51.2599983215332,51.43000030517578,50.810001373291016,51.04999923706055,47.75791931152344,5177700
2016-12-13,ZTS,51.2599983215332,51.43000030517578,50.810001373291016,51.04999923706055,47.75791931152344,5177700
2016-12-14,ZTS,51.02999877929688,51.470001220703125,50.56999969482422,50.84000015258789,47.561466217041016,2890500
2016-12-14,ZTS,51.02999877929688,51.470001220703125,50.56999969482422,50.84000015258789,47.561466217041016,2890500
2016-12-15,ZTS,52.16999816894531,52.77000045776367,51.65999984741211,52.31999969482422,48.94602584838867,3995200
2016-12-15,ZTS,52.16999816894531,52.77000045776367,51.65999984741211,52.31999969482422,48.94602584838867,3995200
2016-12-16,ZTS,52.459999084472656,52.75,52.22999954223633,52.459999084472656,49.07699203491211,3959800
2016-12-16,ZTS,52.459999084472656,52.75,52.22999954223633,52.459999084472656,49.07699203491211,3959800
2016-12-19,ZTS,52.459999084472656,53.060001373291016,52.2599983215332,52.38999938964844,49.01150131225586,2137800
2016-12-19,ZTS,52.459999084472656,53.060001373291016,52.2599983215332,52.38999938964844,49.01150131225586,2137800
2016-12-20,ZTS,53.220001220703125,53.47999954223633,52.83000183105469,53.09999847412109,49.67571640014648,2580800
2016-12-20,ZTS,53.220001220703125,53.47999954223633,52.83000183105469,53.09999847412109,49.67571640014648,2580800
2016-12-21,ZTS,53.33000183105469,53.40999984741211,52.72999954223633,53.119998931884766,49.694435119628906,2754600
2016-12-21,ZTS,53.33000183105469,53.40999984741211,52.72999954223633,53.119998931884766,49.694435119628906,2754600
2016-12-22,ZTS,52.66999816894531,53.369998931884766,52.66999816894531,53.2599983215332,49.82540893554688,1515800
2016-12-22,ZTS,52.66999816894531,53.369998931884766,52.66999816894531,53.2599983215332,49.82540893554688,1515800
2016-12-23,ZTS,53.20000076293945,53.77999877929688,53.18000030517578,53.77999877929688,50.31187438964844,1942400
2016-12-23,ZTS,53.20000076293945,53.77999877929688,53.18000030517578,53.77999877929688,50.31187438964844,1942400
2016-12-27,ZTS,53.77999877929688,54.150001525878906,53.650001525878906,53.720001220703125,50.2557373046875,1345000
2016-12-27,ZTS,53.77999877929688,54.150001525878906,53.650001525878906,53.720001220703125,50.2557373046875,1345000
2016-12-28,ZTS,53.7599983215332,53.84999847412109,53.34999847412109,53.43999862670898,49.99379348754883,1241900
2016-12-28,ZTS,53.7599983215332,53.84999847412109,53.34999847412109,53.43999862670898,49.99379348754883,1241900
2016-12-29,ZTS,53.470001220703125,53.77999877929688,53.400001525878906,53.619998931884766,50.16219711303711,1046700
2016-12-29,ZTS,53.470001220703125,53.77999877929688,53.400001525878906,53.619998931884766,50.16219711303711,1046700
2016-12-30,ZTS,53.63999938964844,53.7400016784668,53.27000045776367,53.52999877929688,50.0779914855957,1701200
2016-12-30,ZTS,53.63999938964844,53.7400016784668,53.27000045776367,53.52999877929688,50.0779914855957,1701200
2017-01-03,ZTS,53.880001068115234,54.380001068115234,53.34000015258789,53.59000015258789,50.13412094116211,3579700
2017-01-03,ZTS,53.880001068115234,54.380001068115234,53.34000015258789,53.59000015258789,50.13412094116211,3579700
2017-01-04,ZTS,53.720001220703125,54.18000030517578,53.09999847412109,54.11000061035156,50.62059783935547,3316300
2017-01-04,ZTS,53.720001220703125,54.18000030517578,53.09999847412109,54.11000061035156,50.62059783935547,3316300
2017-01-05,ZTS,54.13999938964844,54.16999816894531,53.59999847412109,53.93000030517578,50.45219802856445,2469100
2017-01-05,ZTS,54.13999938964844,54.16999816894531,53.59999847412109,53.93000030517578,50.45219802856445,2469100
2017-01-06,ZTS,53.84999847412109,54.720001220703125,53.72999954223633,54.09999847412109,50.61124420166016,2845800
2017-01-06,ZTS,53.84999847412109,54.720001220703125,53.72999954223633,54.09999847412109,50.61124420166016,2845800
2017-01-09,ZTS,54.09000015258789,54.34999847412109,53.38999938964844,53.95000076293945,50.47091293334961,2123300
2017-01-09,ZTS,54.09000015258789,54.34999847412109,53.38999938964844,53.95000076293945,50.47091293334961,2123300
2017-01-10,ZTS,54.02999877929688,54.290000915527344,53.68999862670898,53.93000030517578,50.45219802856445,2087100
2017-01-10,ZTS,54.02999877929688,54.290000915527344,53.68999862670898,53.93000030517578,50.45219802856445,2087100
2017-01-11,ZTS,53.84000015258789,54.11000061035156,52.709999084472656,53.310001373291016,49.87217712402344,3400500
2017-01-11,ZTS,53.84000015258789,54.11000061035156,52.709999084472656,53.310001373291016,49.87217712402344,3400500
2017-01-12,ZTS,53.09000015258789,53.58000183105469,53.02999877929688,53.38999938964844,49.947025299072266,1513600
2017-01-12,ZTS,53.09000015258789,53.58000183105469,53.02999877929688,53.38999938964844,49.947025299072266,1513600
2017-01-13,ZTS,53.54999923706055,53.880001068115234,53.34999847412109,53.7400016784668,50.27445602416992,2458700
2017-01-13,ZTS,53.54999923706055,53.880001068115234,53.34999847412109,53.7400016784668,50.27445602416992,2458700
2017-01-17,ZTS,53.5,53.68000030517578,52.93000030517578,53.220001220703125,49.787994384765625,2213400
2017-01-17,ZTS,53.5,53.68000030517578,52.93000030517578,53.220001220703125,49.787994384765625,2213400
2017-01-18,ZTS,53.38999938964844,54.0099983215332,53.040000915527344,53.29999923706055,49.96137619018555,3199900
2017-01-18,ZTS,53.38999938964844,54.0099983215332,53.040000915527344,53.29999923706055,49.96137619018555,3199900
2017-01-19,ZTS,53.29999923706055,53.619998931884766,53.119998931884766,53.5,50.14886474609375,2902500
2017-01-19,ZTS,53.29999923706055,53.619998931884766,53.119998931884766,53.5,50.14886474609375,2902500
2017-01-20,ZTS,53.630001068115234,54.38999938964844,53.59999847412109,53.970001220703125,50.58942794799805,3573500
2017-01-20,ZTS,53.630001068115234,54.38999938964844,53.59999847412109,53.970001220703125,50.58942794799805,3573500
2017-01-23,ZTS,53.650001525878906,54.0,53.59000015258789,53.75,50.38320159912109,2978600
2017-01-23,ZTS,53.650001525878906,54.0,53.59000015258789,53.75,50.38320159912109,2978600
2017-01-24,ZTS,53.75,53.9900016784668,53.459999084472656,53.77999877929688,50.41132736206055,2490900
2017-01-24,ZTS,53.75,53.9900016784668,53.459999084472656,53.77999877929688,50.41132736206055,2490900
2017-01-25,ZTS,54.09999847412109,54.290000915527344,53.72999954223633,54.0,50.61754989624024,5709100
2017-01-25,ZTS,54.09999847412109,54.290000915527344,53.72999954223633,54.0,50.61754989624024,5709100
2017-01-26,ZTS,53.630001068115234,54.43999862670898,53.59000015258789,53.84000015258789,50.46757125854492,2272000
2017-01-26,ZTS,53.630001068115234,54.43999862670898,53.59000015258789,53.84000015258789,50.46757125854492,2272000
2017-01-27,ZTS,54.09000015258789,54.720001220703125,53.970001220703125,54.650001525878906,51.226829528808594,2326800
2017-01-27,ZTS,54.09000015258789,54.720001220703125,53.970001220703125,54.650001525878906,51.226829528808594,2326800
2017-01-30,ZTS,54.38999938964844,54.5099983215332,53.869998931884766,54.27000045776367,50.87063217163086,2317100
2017-01-30,ZTS,54.38999938964844,54.5099983215332,53.869998931884766,54.27000045776367,50.87063217163086,2317100
2017-01-31,ZTS,54.0099983215332,54.970001220703125,53.79999923706055,54.93999862670898,51.49866485595703,3616500
2017-01-31,ZTS,54.0099983215332,54.970001220703125,53.79999923706055,54.93999862670898,51.49866485595703,3616500
2017-02-01,ZTS,54.93000030517578,55.34999847412109,54.619998931884766,55.31999969482422,51.8548698425293,2492100
2017-02-01,ZTS,54.93000030517578,55.34999847412109,54.619998931884766,55.31999969482422,51.8548698425293,2492100
2017-02-02,ZTS,55.0099983215332,55.720001220703125,54.720001220703125,55.70000076293945,52.211063385009766,2723000
2017-02-02,ZTS,55.0099983215332,55.720001220703125,54.720001220703125,55.70000076293945,52.211063385009766,2723000
2017-02-03,ZTS,55.84999847412109,56.06999969482422,55.52999877929688,55.91999816894531,52.417274475097656,2309400
2017-02-03,ZTS,55.84999847412109,56.06999969482422,55.52999877929688,55.91999816894531,52.417274475097656,2309400
2017-02-06,ZTS,55.65999984741211,55.84999847412109,55.41999816894531,55.77000045776367,52.27667617797852,2894300
2017-02-06,ZTS,55.65999984741211,55.84999847412109,55.41999816894531,55.77000045776367,52.27667617797852,2894300
2017-02-07,ZTS,56.11000061035156,56.31999969482422,55.68999862670898,55.97999954223633,52.47352600097656,2402700
2017-02-07,ZTS,56.11000061035156,56.31999969482422,55.68999862670898,55.97999954223633,52.47352600097656,2402700
2017-02-08,ZTS,55.970001220703125,56.31999969482422,55.72999954223633,55.959999084472656,52.45476913452149,2888900
2017-02-08,ZTS,55.970001220703125,56.31999969482422,55.72999954223633,55.959999084472656,52.45476913452149,2888900
2017-02-09,ZTS,55.959999084472656,56.5,55.90999984741211,55.959999084472656,52.45476913452149,2655800
2017-02-09,ZTS,55.959999084472656,56.5,55.90999984741211,55.959999084472656,52.45476913452149,2655800
2017-02-10,ZTS,56.0,56.09000015258789,55.54999923706055,55.72999954223633,52.23919296264648,6160900
2017-02-10,ZTS,56.0,56.09000015258789,55.54999923706055,55.72999954223633,52.23919296264648,6160900
2017-02-13,ZTS,54.5,55.4900016784668,54.45000076293945,55.13999938964844,51.68614196777344,5636000
2017-02-13,ZTS,54.5,55.4900016784668,54.45000076293945,55.13999938964844,51.68614196777344,5636000
2017-02-14,ZTS,55.13999938964844,55.2599983215332,54.790000915527344,55.02000045776367,51.57365798950195,5216300
2017-02-14,ZTS,55.13999938964844,55.2599983215332,54.790000915527344,55.02000045776367,51.57365798950195,5216300
2017-02-15,ZTS,54.790000915527344,55.310001373291016,54.20000076293945,55.150001525878906,51.69551849365234,5639900
2017-02-15,ZTS,54.790000915527344,55.310001373291016,54.20000076293945,55.150001525878906,51.69551849365234,5639900
2017-02-16,ZTS,54.68999862670898,54.880001068115234,52.0,52.77999877929688,49.47397232055664,12881800
2017-02-16,ZTS,54.68999862670898,54.880001068115234,52.0,52.77999877929688,49.47397232055664,12881800
2017-02-17,ZTS,53.0099983215332,53.52000045776367,52.31999969482422,52.5099983215332,49.22087860107422,8167500
2017-02-17,ZTS,53.0099983215332,53.52000045776367,52.31999969482422,52.5099983215332,49.22087860107422,8167500
2017-02-21,ZTS,52.4900016784668,53.65999984741211,52.34000015258789,53.470001220703125,50.12074661254883,5931400
2017-02-21,ZTS,52.4900016784668,53.65999984741211,52.34000015258789,53.470001220703125,50.12074661254883,5931400
2017-02-22,ZTS,52.86000061035156,53.540000915527344,52.72999954223633,53.380001068115234,50.03639221191406,3595600
2017-02-22,ZTS,52.86000061035156,53.540000915527344,52.72999954223633,53.380001068115234,50.03639221191406,3595600
2017-02-23,ZTS,53.5,53.790000915527344,53.2599983215332,53.58000183105469,50.2238655090332,4673400
2017-02-23,ZTS,53.5,53.790000915527344,53.2599983215332,53.58000183105469,50.2238655090332,4673400
2017-02-24,ZTS,53.52999877929688,53.90999984741211,53.20000076293945,53.880001068115234,50.50506210327149,4819700
2017-02-24,ZTS,53.52999877929688,53.90999984741211,53.20000076293945,53.880001068115234,50.50506210327149,4819700
2017-02-27,ZTS,53.84999847412109,54.18000030517578,53.54999923706055,53.83000183105469,50.45819091796875,4220600
2017-02-27,ZTS,53.84999847412109,54.18000030517578,53.54999923706055,53.83000183105469,50.45819091796875,4220600
2017-02-28,ZTS,53.459999084472656,53.970001220703125,53.2400016784668,53.310001373291016,49.97076034545898,4106300
2017-02-28,ZTS,53.459999084472656,53.970001220703125,53.2400016784668,53.310001373291016,49.97076034545898,4106300
2017-03-01,ZTS,53.72999954223633,54.08000183105469,53.54999923706055,53.88999938964844,50.51443099975586,3581100
2017-03-01,ZTS,53.72999954223633,54.08000183105469,53.54999923706055,53.88999938964844,50.51443099975586,3581100
2017-03-02,ZTS,54.0,54.08000183105469,53.310001373291016,53.369998931884766,50.02700805664063,3299900
2017-03-02,ZTS,54.0,54.08000183105469,53.310001373291016,53.369998931884766,50.02700805664063,3299900
2017-03-03,ZTS,53.34000015258789,53.720001220703125,53.25,53.41999816894531,50.073875427246094,2483600
2017-03-03,ZTS,53.34000015258789,53.720001220703125,53.25,53.41999816894531,50.073875427246094,2483600
2017-03-06,ZTS,53.0099983215332,53.33000183105469,52.880001068115234,53.08000183105469,49.755184173583984,1832300
2017-03-06,ZTS,53.0099983215332,53.33000183105469,52.880001068115234,53.08000183105469,49.755184173583984,1832300
2017-03-07,ZTS,52.86000061035156,53.380001068115234,52.63999938964844,53.06999969482422,49.745792388916016,2763200
2017-03-07,ZTS,52.86000061035156,53.380001068115234,52.63999938964844,53.06999969482422,49.745792388916016,2763200
2017-03-08,ZTS,53.02000045776367,53.40999984741211,52.790000915527344,53.0,49.6801872253418,2095300
2017-03-08,ZTS,53.02000045776367,53.40999984741211,52.790000915527344,53.0,49.6801872253418,2095300
2017-03-09,ZTS,53.04999923706055,53.720001220703125,52.90999984741211,53.68999862670898,50.32695770263672,3188000
2017-03-09,ZTS,53.04999923706055,53.720001220703125,52.90999984741211,53.68999862670898,50.32695770263672,3188000
2017-03-10,ZTS,53.70000076293945,53.7599983215332,53.20000076293945,53.34000015258789,49.9988899230957,2833500
2017-03-10,ZTS,53.70000076293945,53.7599983215332,53.20000076293945,53.34000015258789,49.9988899230957,2833500
2017-03-13,ZTS,53.33000183105469,53.630001068115234,53.2400016784668,53.560001373291016,50.20511245727539,2297800
2017-03-13,ZTS,53.33000183105469,53.630001068115234,53.2400016784668,53.560001373291016,50.20511245727539,2297800
2017-03-14,ZTS,53.33000183105469,53.54999923706055,53.060001373291016,53.41999816894531,50.073875427246094,2277500
2017-03-14,ZTS,53.33000183105469,53.54999923706055,53.060001373291016,53.41999816894531,50.073875427246094,2277500
2017-03-15,ZTS,53.38999938964844,54.38999938964844,53.38999938964844,54.27999877929688,50.880008697509766,2926100
2017-03-15,ZTS,53.38999938964844,54.38999938964844,53.38999938964844,54.27999877929688,50.880008697509766,2926100
2017-03-16,ZTS,54.47999954223633,54.47999954223633,54.09999847412109,54.43000030517578,51.02061462402344,3245900
2017-03-16,ZTS,54.47999954223633,54.47999954223633,54.09999847412109,54.43000030517578,51.02061462402344,3245900
2017-03-17,ZTS,54.619998931884766,54.81999969482422,53.84999847412109,54.0,50.61754989624024,4510200
2017-03-17,ZTS,54.619998931884766,54.81999969482422,53.84999847412109,54.0,50.61754989624024,4510200
2017-03-20,ZTS,54.040000915527344,54.45000076293945,53.83000183105469,54.27999877929688,50.880008697509766,2180600
2017-03-20,ZTS,54.040000915527344,54.45000076293945,53.83000183105469,54.27999877929688,50.880008697509766,2180600
2017-03-21,ZTS,54.470001220703125,54.790000915527344,53.2400016784668,53.38999938964844,50.04574966430664,3008300
2017-03-21,ZTS,54.470001220703125,54.790000915527344,53.2400016784668,53.38999938964844,50.04574966430664,3008300
2017-03-22,ZTS,53.400001525878906,53.95000076293945,53.2400016784668,53.869998931884766,50.49568176269531,3276800
2017-03-22,ZTS,53.400001525878906,53.95000076293945,53.2400016784668,53.869998931884766,50.49568176269531,3276800
2017-03-23,ZTS,53.88999938964844,54.18999862670898,53.59999847412109,53.79999923706055,50.43007659912109,3015600
2017-03-23,ZTS,53.88999938964844,54.18999862670898,53.59999847412109,53.79999923706055,50.43007659912109,3015600
2017-03-24,ZTS,53.84999847412109,54.209999084472656,53.59000015258789,53.84999847412109,50.47694778442383,2384000
2017-03-24,ZTS,53.84999847412109,54.209999084472656,53.59000015258789,53.84999847412109,50.47694778442383,2384000
2017-03-27,ZTS,53.4900016784668,54.16999816894531,53.400001525878906,53.970001220703125,50.58942794799805,3168400
2017-03-27,ZTS,53.4900016784668,54.16999816894531,53.400001525878906,53.970001220703125,50.58942794799805,3168400
2017-03-28,ZTS,53.810001373291016,54.310001373291016,53.68999862670898,54.15999984741211,50.76752471923828,2328200
2017-03-28,ZTS,53.810001373291016,54.310001373291016,53.68999862670898,54.15999984741211,50.76752471923828,2328200
2017-03-29,ZTS,54.040000915527344,54.27000045776367,53.720001220703125,53.81999969482422,50.448822021484375,2269900
2017-03-29,ZTS,54.040000915527344,54.27000045776367,53.720001220703125,53.81999969482422,50.448822021484375,2269900
2017-03-30,ZTS,53.81999969482422,53.81999969482422,53.25,53.470001220703125,50.12074661254883,2697500
2017-03-30,ZTS,53.81999969482422,53.81999969482422,53.25,53.470001220703125,50.12074661254883,2697500
2017-03-31,ZTS,52.97999954223633,53.650001525878906,52.97999954223633,53.369998931884766,50.02700805664063,3163800
2017-03-31,ZTS,52.97999954223633,53.650001525878906,52.97999954223633,53.369998931884766,50.02700805664063,3163800
2017-04-03,ZTS,53.34999847412109,53.45000076293945,52.81999969482422,53.16999816894531,49.83953475952149,2806500
2017-04-03,ZTS,53.34999847412109,53.45000076293945,52.81999969482422,53.16999816894531,49.83953475952149,2806500
2017-04-04,ZTS,53.06999969482422,53.16999816894531,52.369998931884766,52.650001525878906,49.44976425170898,3001600
2017-04-04,ZTS,53.06999969482422,53.16999816894531,52.369998931884766,52.650001525878906,49.44976425170898,3001600
2017-04-05,ZTS,52.7400016784668,53.33000183105469,52.619998931884766,52.66999816894531,49.46854019165039,3762900
2017-04-05,ZTS,52.7400016784668,53.33000183105469,52.619998931884766,52.66999816894531,49.46854019165039,3762900
2017-04-06,ZTS,52.68000030517578,52.7599983215332,52.25,52.66999816894531,49.46854019165039,4210500
2017-04-06,ZTS,52.68000030517578,52.7599983215332,52.25,52.66999816894531,49.46854019165039,4210500
2017-04-07,ZTS,52.58000183105469,52.7599983215332,52.369998931884766,52.540000915527344,49.34645462036133,2218700
2017-04-07,ZTS,52.58000183105469,52.7599983215332,52.369998931884766,52.540000915527344,49.34645462036133,2218700
2017-04-10,ZTS,52.59999847412109,53.060001373291016,52.470001220703125,52.7400016784668,49.5343017578125,1772300
2017-04-10,ZTS,52.59999847412109,53.060001373291016,52.470001220703125,52.7400016784668,49.5343017578125,1772300
2017-04-11,ZTS,52.56999969482422,52.86000061035156,52.36000061035156,52.84999847412109,49.63759994506836,1976400
2017-04-11,ZTS,52.56999969482422,52.86000061035156,52.36000061035156,52.84999847412109,49.63759994506836,1976400
2017-04-12,ZTS,52.56999969482422,53.22999954223633,52.52999877929688,53.220001220703125,49.98511505126953,2764500
2017-04-12,ZTS,52.56999969482422,53.22999954223633,52.52999877929688,53.220001220703125,49.98511505126953,2764500
2017-04-13,ZTS,53.11000061035156,53.36000061035156,52.959999084472656,53.09999847412109,49.87240982055664,2104900
2017-04-13,ZTS,53.11000061035156,53.36000061035156,52.959999084472656,53.09999847412109,49.87240982055664,2104900
2017-04-17,ZTS,53.09000015258789,53.56999969482422,53.0,53.5,50.24809265136719,1975300
2017-04-17,ZTS,53.09000015258789,53.56999969482422,53.0,53.5,50.24809265136719,1975300
2017-04-18,ZTS,53.20000076293945,53.63999938964844,53.04999923706055,53.54999923706055,50.2950553894043,2194400
2017-04-18,ZTS,53.20000076293945,53.63999938964844,53.04999923706055,53.54999923706055,50.2950553894043,2194400
2017-04-19,ZTS,53.720001220703125,54.18999862670898,53.63999938964844,53.84999847412109,50.57682800292969,4102700
2017-04-19,ZTS,53.720001220703125,54.18999862670898,53.63999938964844,53.84999847412109,50.57682800292969,4102700
2017-04-20,ZTS,53.9900016784668,54.459999084472656,53.650001525878906,54.290000915527344,50.99007415771485,2232800
2017-04-20,ZTS,53.9900016784668,54.459999084472656,53.650001525878906,54.290000915527344,50.99007415771485,2232800
2017-04-21,ZTS,54.22999954223633,54.380001068115234,54.0,54.18999862670898,50.89614868164063,2124700
2017-04-21,ZTS,54.22999954223633,54.380001068115234,54.0,54.18999862670898,50.89614868164063,2124700
2017-04-24,ZTS,54.68000030517578,55.150001525878906,54.59000015258789,54.9900016784668,51.64753341674805,2770600
2017-04-24,ZTS,54.68000030517578,55.150001525878906,54.59000015258789,54.9900016784668,51.64753341674805,2770600
2017-04-25,ZTS,55.119998931884766,55.15999984741211,54.70000076293945,55.119998931884766,51.7696418762207,4346100
2017-04-25,ZTS,55.119998931884766,55.15999984741211,54.70000076293945,55.119998931884766,51.7696418762207,4346100
2017-04-26,ZTS,55.150001525878906,55.68000030517578,55.08000183105469,55.56999969482422,52.19227981567383,2665800
2017-04-26,ZTS,55.150001525878906,55.68000030517578,55.08000183105469,55.56999969482422,52.19227981567383,2665800
2017-04-27,ZTS,55.65999984741211,56.650001525878906,55.52000045776367,56.459999084472656,53.02819061279297,2986400
2017-04-27,ZTS,55.65999984741211,56.650001525878906,55.52000045776367,56.459999084472656,53.02819061279297,2986400
2017-04-28,ZTS,56.459999084472656,56.619998931884766,56.08000183105469,56.11000061035156,52.69945907592773,3341800
2017-04-28,ZTS,56.459999084472656,56.619998931884766,56.08000183105469,56.11000061035156,52.69945907592773,3341800
2017-05-01,ZTS,56.13999938964844,56.560001373291016,56.02999877929688,56.27999877929688,52.8591194152832,3607800
2017-05-01,ZTS,56.13999938964844,56.560001373291016,56.02999877929688,56.27999877929688,52.8591194152832,3607800
2017-05-02,ZTS,56.290000915527344,56.52999877929688,55.88999938964844,56.470001220703125,53.037574768066406,3728600
2017-05-02,ZTS,56.290000915527344,56.52999877929688,55.88999938964844,56.470001220703125,53.037574768066406,3728600
2017-05-03,ZTS,56.09000015258789,56.400001525878906,55.5,55.59000015258789,52.211063385009766,5795900
2017-05-03,ZTS,56.09000015258789,56.400001525878906,55.5,55.59000015258789,52.211063385009766,5795900
2017-05-04,ZTS,55.47999954223633,59.59999847412109,55.47999954223633,58.869998931884766,55.29168319702149,6923200
2017-05-04,ZTS,55.47999954223633,59.59999847412109,55.47999954223633,58.869998931884766,55.29168319702149,6923200
2017-05-05,ZTS,58.7599983215332,59.61000061035156,58.47999954223633,59.470001220703125,55.85522079467773,6896000
2017-05-05,ZTS,58.7599983215332,59.61000061035156,58.47999954223633,59.470001220703125,55.85522079467773,6896000
2017-05-08,ZTS,59.38999938964844,59.7400016784668,58.29999923706055,58.810001373291016,55.235328674316406,3160700
2017-05-08,ZTS,59.38999938964844,59.7400016784668,58.29999923706055,58.810001373291016,55.235328674316406,3160700
2017-05-09,ZTS,58.79999923706055,59.68999862670898,58.54999923706055,59.43000030517578,55.81766128540039,3130500
2017-05-09,ZTS,58.79999923706055,59.68999862670898,58.54999923706055,59.43000030517578,55.81766128540039,3130500
2017-05-10,ZTS,58.9900016784668,60.130001068115234,58.9900016784668,59.900001525878906,56.25909805297852,4052800
2017-05-10,ZTS,58.9900016784668,60.130001068115234,58.9900016784668,59.900001525878906,56.25909805297852,4052800
2017-05-11,ZTS,59.68000030517578,59.88999938964844,59.25,59.720001220703125,56.09003448486328,3175500
2017-05-11,ZTS,59.68000030517578,59.88999938964844,59.25,59.720001220703125,56.09003448486328,3175500
2017-05-12,ZTS,60.02999877929688,60.18999862670898,59.56999969482422,59.880001068115234,56.24031448364258,3425100
2017-05-12,ZTS,60.02999877929688,60.18999862670898,59.56999969482422,59.880001068115234,56.24031448364258,3425100
2017-05-15,ZTS,59.77000045776367,60.06999969482422,59.560001373291016,60.0,56.353004455566406,2319400
2017-05-15,ZTS,59.77000045776367,60.06999969482422,59.560001373291016,60.0,56.353004455566406,2319400
2017-05-16,ZTS,60.2400016784668,60.380001068115234,59.900001525878906,60.33000183105469,56.6629524230957,1816300
2017-05-16,ZTS,60.2400016784668,60.380001068115234,59.900001525878906,60.33000183105469,56.6629524230957,1816300
2017-05-17,ZTS,60.33000183105469,60.33000183105469,59.68999862670898,59.72999954223633,56.09941482543945,2397600
2017-05-17,ZTS,60.33000183105469,60.33000183105469,59.68999862670898,59.72999954223633,56.09941482543945,2397600
2017-05-18,ZTS,59.72999954223633,60.290000915527344,59.61000061035156,59.90999984741211,56.26848602294922,1583700
2017-05-18,ZTS,59.72999954223633,60.290000915527344,59.61000061035156,59.90999984741211,56.26848602294922,1583700
2017-05-19,ZTS,59.97999954223633,60.61000061035156,59.93999862670898,60.310001373291016,56.644161224365234,2567700
2017-05-19,ZTS,59.97999954223633,60.61000061035156,59.93999862670898,60.310001373291016,56.644161224365234,2567700
2017-05-22,ZTS,60.38999938964844,60.880001068115234,60.27999877929688,60.310001373291016,56.644161224365234,3117300
2017-05-22,ZTS,60.38999938964844,60.880001068115234,60.27999877929688,60.310001373291016,56.644161224365234,3117300
2017-05-23,ZTS,60.5,61.459999084472656,60.5,61.43000030517578,57.69608688354492,3330500
2017-05-23,ZTS,60.5,61.459999084472656,60.5,61.43000030517578,57.69608688354492,3330500
2017-05-24,ZTS,61.43000030517578,62.4900016784668,61.38999938964844,62.29999923706055,58.51321029663086,3689100
2017-05-24,ZTS,61.43000030517578,62.4900016784668,61.38999938964844,62.29999923706055,58.51321029663086,3689100
2017-05-25,ZTS,62.560001373291016,62.63999938964844,62.16999816894531,62.58000183105469,58.77619171142578,2864900
2017-05-25,ZTS,62.560001373291016,62.63999938964844,62.16999816894531,62.58000183105469,58.77619171142578,2864900
2017-05-26,ZTS,62.77999877929688,63.11000061035156,62.38999938964844,62.61000061035156,58.80437088012695,1985500
2017-05-26,ZTS,62.77999877929688,63.11000061035156,62.38999938964844,62.61000061035156,58.80437088012695,1985500
2017-05-30,ZTS,62.45000076293945,62.70000076293945,61.86000061035156,62.2599983215332,58.47563171386719,2884400
2017-05-30,ZTS,62.45000076293945,62.70000076293945,61.86000061035156,62.2599983215332,58.47563171386719,2884400
2017-05-31,ZTS,62.58000183105469,62.70000076293945,62.09999847412109,62.27999877929688,58.494407653808594,3789800
2017-05-31,ZTS,62.58000183105469,62.70000076293945,62.09999847412109,62.27999877929688,58.494407653808594,3789800
2017-06-01,ZTS,62.45000076293945,62.63999938964844,61.9900016784668,62.63999938964844,58.83253860473633,3112500
2017-06-01,ZTS,62.45000076293945,62.63999938964844,61.9900016784668,62.63999938964844,58.83253860473633,3112500
2017-06-02,ZTS,62.77999877929688,63.29999923706055,62.38999938964844,62.5,58.70105743408203,4110100
2017-06-02,ZTS,62.77999877929688,63.29999923706055,62.38999938964844,62.5,58.70105743408203,4110100
2017-06-05,ZTS,62.41999816894531,62.77999877929688,62.150001525878906,62.66999816894531,58.86071014404297,3364600
2017-06-05,ZTS,62.41999816894531,62.77999877929688,62.150001525878906,62.66999816894531,58.86071014404297,3364600
2017-06-06,ZTS,62.5,63.08000183105469,62.4900016784668,62.97999954223633,59.15187072753906,2420400
2017-06-06,ZTS,62.5,63.08000183105469,62.4900016784668,62.97999954223633,59.15187072753906,2420400
2017-06-07,ZTS,62.93000030517578,63.41999816894531,62.84999847412109,63.2599983215332,59.41484832763672,1904700
2017-06-07,ZTS,62.93000030517578,63.41999816894531,62.84999847412109,63.2599983215332,59.41484832763672,1904700
2017-06-08,ZTS,63.2599983215332,63.4900016784668,62.459999084472656,62.58000183105469,58.77619171142578,3202000
2017-06-08,ZTS,63.2599983215332,63.4900016784668,62.459999084472656,62.58000183105469,58.77619171142578,3202000
2017-06-09,ZTS,62.4900016784668,63.09999847412109,62.369998931884766,62.59000015258789,58.78557586669922,2021700
2017-06-09,ZTS,62.4900016784668,63.09999847412109,62.369998931884766,62.59000015258789,58.78557586669922,2021700
2017-06-12,ZTS,62.61000061035156,62.709999084472656,61.2599983215332,61.84999847412109,58.09054946899414,4522600
2017-06-12,ZTS,62.61000061035156,62.709999084472656,61.2599983215332,61.84999847412109,58.09054946899414,4522600
2017-06-13,ZTS,61.720001220703125,62.29999923706055,60.91999816894531,61.959999084472656,58.29283142089844,2007100
2017-06-13,ZTS,61.720001220703125,62.29999923706055,60.91999816894531,61.959999084472656,58.29283142089844,2007100
2017-06-14,ZTS,62.0099983215332,62.59999847412109,61.709999084472656,62.22999954223633,58.54685974121094,1822100
2017-06-14,ZTS,62.0099983215332,62.59999847412109,61.709999084472656,62.22999954223633,58.54685974121094,1822100
2017-06-15,ZTS,61.83000183105469,62.540000915527344,61.72999954223633,62.38999938964844,58.69738006591797,1605500
2017-06-15,ZTS,61.83000183105469,62.540000915527344,61.72999954223633,62.38999938964844,58.69738006591797,1605500
2017-06-16,ZTS,62.72999954223633,63.0,62.27000045776367,62.54999923706055,58.84790802001953,2821300
2017-06-16,ZTS,62.72999954223633,63.0,62.27000045776367,62.54999923706055,58.84790802001953,2821300
2017-06-19,ZTS,62.880001068115234,63.290000915527344,62.790000915527344,63.02999877929688,59.29950714111328,1839500
2017-06-19,ZTS,62.880001068115234,63.290000915527344,62.790000915527344,63.02999877929688,59.29950714111328,1839500
2017-06-20,ZTS,63.380001068115234,63.84999847412109,62.84999847412109,63.0,59.27127456665039,2077500
2017-06-20,ZTS,63.380001068115234,63.84999847412109,62.84999847412109,63.0,59.27127456665039,2077500
2017-06-21,ZTS,63.130001068115234,63.47999954223633,62.84000015258789,63.0,59.27127456665039,2363000
2017-06-21,ZTS,63.130001068115234,63.47999954223633,62.84000015258789,63.0,59.27127456665039,2363000
2017-06-22,ZTS,63.0,63.84000015258789,62.810001373291016,63.5099983215332,59.751075744628906,2379300
2017-06-22,ZTS,63.0,63.84000015258789,62.810001373291016,63.5099983215332,59.751075744628906,2379300
2017-06-23,ZTS,63.5,63.52000045776367,62.47999954223633,62.77999877929688,59.06429290771485,5215500
2017-06-23,ZTS,63.5,63.52000045776367,62.47999954223633,62.77999877929688,59.06429290771485,5215500
2017-06-26,ZTS,62.869998931884766,62.91999816894531,62.2400016784668,62.720001220703125,59.007850646972656,1911700
2017-06-26,ZTS,62.869998931884766,62.91999816894531,62.2400016784668,62.720001220703125,59.007850646972656,1911700
2017-06-27,ZTS,62.720001220703125,63.20000076293945,62.619998931884766,62.7599983215332,59.04548645019531,2329900
2017-06-27,ZTS,62.720001220703125,63.20000076293945,62.619998931884766,62.7599983215332,59.04548645019531,2329900
2017-06-28,ZTS,63.0,63.459999084472656,62.61000061035156,62.95000076293945,59.2242431640625,1635200
2017-06-28,ZTS,63.0,63.459999084472656,62.61000061035156,62.95000076293945,59.2242431640625,1635200
2017-06-29,ZTS,63.06999969482422,63.27999877929688,62.04999923706055,62.5,58.80086517333984,1782100
2017-06-29,ZTS,63.06999969482422,63.27999877929688,62.04999923706055,62.5,58.80086517333984,1782100
2017-06-30,ZTS,62.459999084472656,62.93000030517578,62.369998931884766,62.380001068115234,58.68796920776367,1890200
2017-06-30,ZTS,62.459999084472656,62.93000030517578,62.369998931884766,62.380001068115234,58.68796920776367,1890200
2017-07-03,ZTS,62.400001525878906,62.84000015258789,62.27000045776367,62.66999816894531,58.96080780029297,744300
2017-07-03,ZTS,62.400001525878906,62.84000015258789,62.27000045776367,62.66999816894531,58.96080780029297,744300
2017-07-05,ZTS,62.709999084472656,62.880001068115234,62.34000015258789,62.54999923706055,58.84790802001953,3000300
2017-07-05,ZTS,62.709999084472656,62.880001068115234,62.34000015258789,62.54999923706055,58.84790802001953,3000300
2017-07-06,ZTS,62.34999847412109,62.5,61.65999984741211,61.790000915527344,58.13288497924805,2319600
2017-07-06,ZTS,62.34999847412109,62.5,61.65999984741211,61.790000915527344,58.13288497924805,2319600
2017-07-07,ZTS,62.29999923706055,62.810001373291016,62.119998931884766,62.59000015258789,58.88554763793945,2289500
2017-07-07,ZTS,62.29999923706055,62.810001373291016,62.119998931884766,62.59000015258789,58.88554763793945,2289500
2017-07-10,ZTS,62.5,62.709999084472656,62.27999877929688,62.470001220703125,58.77264404296875,1596800
2017-07-10,ZTS,62.5,62.709999084472656,62.27999877929688,62.470001220703125,58.77264404296875,1596800
2017-07-11,ZTS,62.40999984741211,62.5,61.959999084472656,62.209999084472656,58.52803421020508,1220200
2017-07-11,ZTS,62.40999984741211,62.5,61.959999084472656,62.209999084472656,58.52803421020508,1220200
2017-07-12,ZTS,62.45000076293945,62.93999862670898,62.40999984741211,62.560001373291016,58.857330322265625,2016200
2017-07-12,ZTS,62.45000076293945,62.93999862670898,62.40999984741211,62.560001373291016,58.857330322265625,2016200
2017-07-13,ZTS,62.560001373291016,63.09000015258789,62.4900016784668,63.04999923706055,59.31832504272461,2976100
2017-07-13,ZTS,62.560001373291016,63.09000015258789,62.4900016784668,63.04999923706055,59.31832504272461,2976100
2017-07-14,ZTS,63.150001525878906,63.52999877929688,62.900001525878906,63.34999847412109,59.60057067871094,2131400
2017-07-14,ZTS,63.150001525878906,63.52999877929688,62.900001525878906,63.34999847412109,59.60057067871094,2131400
2017-07-17,ZTS,63.45000076293945,63.5099983215332,63.02999877929688,63.06999969482422,59.33713912963867,1695800
2017-07-17,ZTS,63.45000076293945,63.5099983215332,63.02999877929688,63.06999969482422,59.33713912963867,1695800
2017-07-18,ZTS,63.0,63.0,62.2599983215332,62.459999084472656,58.76323699951172,1808400
2017-07-18,ZTS,63.0,63.0,62.2599983215332,62.459999084472656,58.76323699951172,1808400
2017-07-19,ZTS,62.709999084472656,62.790000915527344,62.290000915527344,62.41999816894531,58.72559356689453,1850600
2017-07-19,ZTS,62.709999084472656,62.790000915527344,62.290000915527344,62.41999816894531,58.72559356689453,1850600
2017-07-20,ZTS,62.560001373291016,62.93999862670898,62.52000045776367,62.75,59.03607940673828,1394600
2017-07-20,ZTS,62.560001373291016,62.93999862670898,62.52000045776367,62.75,59.03607940673828,1394600
2017-07-21,ZTS,62.75,63.41999816894531,62.38999938964844,63.15999984741211,59.42181015014648,2097200
2017-07-21,ZTS,62.75,63.41999816894531,62.38999938964844,63.15999984741211,59.42181015014648,2097200
2017-07-24,ZTS,63.20000076293945,63.459999084472656,63.04999923706055,63.290000915527344,59.54411315917969,1811900
2017-07-24,ZTS,63.20000076293945,63.459999084472656,63.04999923706055,63.290000915527344,59.54411315917969,1811900
2017-07-25,ZTS,62.97999954223633,63.02999877929688,61.119998931884766,61.27999877929688,57.65307235717773,6067900
2017-07-25,ZTS,62.97999954223633,63.02999877929688,61.119998931884766,61.27999877929688,57.65307235717773,6067900
2017-07-26,ZTS,60.880001068115234,62.20000076293945,60.79999923706055,62.060001373291016,58.38691711425781,3153600
2017-07-26,ZTS,60.880001068115234,62.20000076293945,60.79999923706055,62.060001373291016,58.38691711425781,3153600
2017-07-27,ZTS,62.060001373291016,62.20000076293945,61.70000076293945,62.0099983215332,58.33986282348633,2090500
2017-07-27,ZTS,62.060001373291016,62.20000076293945,61.70000076293945,62.0099983215332,58.33986282348633,2090500
2017-07-28,ZTS,62.150001525878906,62.650001525878906,62.060001373291016,62.209999084472656,58.52803421020508,1540600
2017-07-28,ZTS,62.150001525878906,62.650001525878906,62.060001373291016,62.209999084472656,58.52803421020508,1540600
2017-07-31,ZTS,62.45000076293945,62.83000183105469,62.31999969482422,62.52000045776367,58.8196907043457,2130400
2017-07-31,ZTS,62.45000076293945,62.83000183105469,62.31999969482422,62.52000045776367,58.8196907043457,2130400
2017-08-01,ZTS,62.59999847412109,62.68999862670898,61.91999816894531,62.27000045776367,58.58449172973633,1751000
2017-08-01,ZTS,62.59999847412109,62.68999862670898,61.91999816894531,62.27000045776367,58.58449172973633,1751000
2017-08-02,ZTS,62.040000915527344,62.209999084472656,61.380001068115234,61.540000915527344,57.897682189941406,1831100
2017-08-02,ZTS,62.040000915527344,62.209999084472656,61.380001068115234,61.540000915527344,57.897682189941406,1831100
2017-08-03,ZTS,61.22999954223633,62.470001220703125,61.20000076293945,62.27999877929688,58.59390640258789,1768800
2017-08-03,ZTS,61.22999954223633,62.470001220703125,61.20000076293945,62.27999877929688,58.59390640258789,1768800
2017-08-04,ZTS,62.369998931884766,62.84999847412109,61.86000061035156,62.119998931884766,58.44336318969727,1277500
2017-08-04,ZTS,62.369998931884766,62.84999847412109,61.86000061035156,62.119998931884766,58.44336318969727,1277500
2017-08-07,ZTS,62.119998931884766,62.34000015258789,61.25,61.83000183105469,58.1705322265625,4208300
2017-08-07,ZTS,62.119998931884766,62.34000015258789,61.25,61.83000183105469,58.1705322265625,4208300
2017-08-08,ZTS,60.4900016784668,61.0,59.5,60.0,56.4488410949707,4663700
2017-08-08,ZTS,60.4900016784668,61.0,59.5,60.0,56.4488410949707,4663700
2017-08-09,ZTS,59.95000076293945,60.869998931884766,59.7599983215332,60.810001373291016,57.21090316772461,4017300
2017-08-09,ZTS,59.95000076293945,60.869998931884766,59.7599983215332,60.810001373291016,57.21090316772461,4017300
2017-08-10,ZTS,60.869998931884766,61.369998931884766,59.709999084472656,59.7400016784668,56.204227447509766,2690700
2017-08-10,ZTS,60.869998931884766,61.369998931884766,59.709999084472656,59.7400016784668,56.204227447509766,2690700
2017-08-11,ZTS,60.04999923706055,60.220001220703125,59.63999938964844,59.72999954223633,56.1948127746582,2285200
2017-08-11,ZTS,60.04999923706055,60.220001220703125,59.63999938964844,59.72999954223633,56.1948127746582,2285200
2017-08-14,ZTS,60.18999862670898,60.83000183105469,60.040000915527344,60.7400016784668,57.1450424194336,2475400
2017-08-14,ZTS,60.18999862670898,60.83000183105469,60.040000915527344,60.7400016784668,57.1450424194336,2475400
2017-08-15,ZTS,60.86000061035156,61.68000030517578,60.560001373291016,61.02999877929688,57.41786956787109,2220800
2017-08-15,ZTS,60.86000061035156,61.68000030517578,60.560001373291016,61.02999877929688,57.41786956787109,2220800
2017-08-16,ZTS,61.27000045776367,61.540000915527344,61.08000183105469,61.5,57.860050201416016,1388900
2017-08-16,ZTS,61.27000045776367,61.540000915527344,61.08000183105469,61.5,57.860050201416016,1388900
2017-08-17,ZTS,61.41999816894531,61.970001220703125,60.880001068115234,60.900001525878906,57.29557418823242,1765700
2017-08-17,ZTS,61.41999816894531,61.970001220703125,60.880001068115234,60.900001525878906,57.29557418823242,1765700
2017-08-18,ZTS,60.709999084472656,61.08000183105469,60.43999862670898,60.75,57.15445327758789,1513100
2017-08-18,ZTS,60.709999084472656,61.08000183105469,60.43999862670898,60.75,57.15445327758789,1513100
2017-08-21,ZTS,60.81999969482422,61.470001220703125,60.650001525878906,61.34999847412109,57.718936920166016,1806300
2017-08-21,ZTS,60.81999969482422,61.470001220703125,60.650001525878906,61.34999847412109,57.718936920166016,1806300
2017-08-22,ZTS,61.2599983215332,61.810001373291016,61.09999847412109,61.59999847412109,57.95414733886719,3459300
2017-08-22,ZTS,61.2599983215332,61.810001373291016,61.09999847412109,61.59999847412109,57.95414733886719,3459300
2017-08-23,ZTS,61.43999862670898,61.59999847412109,61.22999954223633,61.36000061035156,57.72834777832031,1597900
2017-08-23,ZTS,61.43999862670898,61.59999847412109,61.22999954223633,61.36000061035156,57.72834777832031,1597900
2017-08-24,ZTS,61.61000061035156,61.61000061035156,61.150001525878906,61.38999938964844,57.756568908691406,2099000
2017-08-24,ZTS,61.61000061035156,61.61000061035156,61.150001525878906,61.38999938964844,57.756568908691406,2099000
2017-08-25,ZTS,61.72999954223633,61.970001220703125,61.2400016784668,61.33000183105469,57.70012664794922,1965900
2017-08-25,ZTS,61.72999954223633,61.970001220703125,61.2400016784668,61.33000183105469,57.70012664794922,1965900
2017-08-28,ZTS,61.52999877929688,61.84000015258789,61.380001068115234,61.540000915527344,57.897682189941406,2102100
2017-08-28,ZTS,61.52999877929688,61.84000015258789,61.380001068115234,61.540000915527344,57.897682189941406,2102100
2017-08-29,ZTS,61.36000061035156,61.66999816894531,61.08000183105469,61.5,57.860050201416016,1331300
2017-08-29,ZTS,61.36000061035156,61.66999816894531,61.08000183105469,61.5,57.860050201416016,1331300
2017-08-30,ZTS,61.52000045776367,62.18999862670898,61.5,61.93999862670898,58.27401351928711,2101800
2017-08-30,ZTS,61.52000045776367,62.18999862670898,61.5,61.93999862670898,58.27401351928711,2101800
2017-08-31,ZTS,62.15999984741211,62.81999969482422,61.880001068115234,62.70000076293945,58.989036560058594,2934200
2017-08-31,ZTS,62.15999984741211,62.81999969482422,61.880001068115234,62.70000076293945,58.989036560058594,2934200
2017-09-01,ZTS,62.75,62.970001220703125,62.43000030517578,62.869998931884766,59.14897155761719,1407500
2017-09-01,ZTS,62.75,62.970001220703125,62.43000030517578,62.869998931884766,59.14897155761719,1407500
2017-09-05,ZTS,62.70000076293945,63.25,62.63999938964844,63.16999816894531,59.43122100830078,2859900
2017-09-05,ZTS,62.70000076293945,63.25,62.63999938964844,63.16999816894531,59.43122100830078,2859900
2017-09-06,ZTS,63.54999923706055,63.59999847412109,63.060001373291016,63.38999938964844,59.63820266723633,3216100
2017-09-06,ZTS,63.54999923706055,63.59999847412109,63.060001373291016,63.38999938964844,59.63820266723633,3216100
2017-09-07,ZTS,63.58000183105469,65.12000274658203,63.22999954223633,64.8499984741211,61.01177978515625,2558500
2017-09-07,ZTS,63.58000183105469,65.12000274658203,63.22999954223633,64.8499984741211,61.01177978515625,2558500
2017-09-08,ZTS,64.8499984741211,65.08000183105469,64.62000274658203,64.69999694824219,60.87065124511719,2608200
2017-09-08,ZTS,64.8499984741211,65.08000183105469,64.62000274658203,64.69999694824219,60.87065124511719,2608200
2017-09-11,ZTS,65.33000183105469,65.38999938964844,64.5199966430664,65.27999877929688,61.41634750366211,1842400
2017-09-11,ZTS,65.33000183105469,65.38999938964844,64.5199966430664,65.27999877929688,61.41634750366211,1842400
2017-09-12,ZTS,65.25,65.5,65.18000030517578,65.4000015258789,61.52923202514648,1832000
2017-09-12,ZTS,65.25,65.5,65.18000030517578,65.4000015258789,61.52923202514648,1832000
2017-09-13,ZTS,65.31999969482422,65.83000183105469,65.22000122070312,65.27999877929688,61.41634750366211,1517200
2017-09-13,ZTS,65.31999969482422,65.83000183105469,65.22000122070312,65.27999877929688,61.41634750366211,1517200
2017-09-14,ZTS,65.0999984741211,65.2699966430664,64.7699966430664,65.25,61.38811492919922,2584700
2017-09-14,ZTS,65.0999984741211,65.2699966430664,64.7699966430664,65.25,61.38811492919922,2584700
2017-09-15,ZTS,65.41000366210938,65.63999938964844,64.87000274658203,65.19999694824219,61.34108352661133,2115400
2017-09-15,ZTS,65.41000366210938,65.63999938964844,64.87000274658203,65.19999694824219,61.34108352661133,2115400
2017-09-18,ZTS,65.30999755859375,65.41999816894531,64.63999938964844,65.19999694824219,61.34108352661133,1584900
2017-09-18,ZTS,65.30999755859375,65.41999816894531,64.63999938964844,65.19999694824219,61.34108352661133,1584900
2017-09-19,ZTS,65.37999725341797,65.41000366210938,64.52999877929688,64.77999877929688,60.945926666259766,2005800
2017-09-19,ZTS,65.37999725341797,65.41000366210938,64.52999877929688,64.77999877929688,60.945926666259766,2005800
2017-09-20,ZTS,64.72000122070312,65.08000183105469,64.01000213623047,64.4800033569336,60.6636848449707,2634700
2017-09-20,ZTS,64.72000122070312,65.08000183105469,64.01000213623047,64.4800033569336,60.6636848449707,2634700
2017-09-21,ZTS,64.5,64.86000061035156,64.19999694824219,64.23999786376953,60.43788909912109,1232200
2017-09-21,ZTS,64.5,64.86000061035156,64.19999694824219,64.23999786376953,60.43788909912109,1232200
2017-09-22,ZTS,64.30000305175781,64.55000305175781,63.93999862670898,64.16000366210938,60.36263656616211,1538400
2017-09-22,ZTS,64.30000305175781,64.55000305175781,63.93999862670898,64.16000366210938,60.36263656616211,1538400
2017-09-25,ZTS,64.18000030517578,64.27999877929688,63.5099983215332,63.66999816894531,59.90162658691406,2214300
2017-09-25,ZTS,64.18000030517578,64.27999877929688,63.5099983215332,63.66999816894531,59.90162658691406,2214300
2017-09-26,ZTS,63.709999084472656,64.13999938964844,63.290000915527344,63.33000183105469,59.58173751831055,1580000
2017-09-26,ZTS,63.709999084472656,64.13999938964844,63.290000915527344,63.33000183105469,59.58173751831055,1580000
2017-09-27,ZTS,63.38999938964844,63.68000030517578,63.02000045776367,63.209999084472656,59.46884536743164,1959700
2017-09-27,ZTS,63.38999938964844,63.68000030517578,63.02000045776367,63.209999084472656,59.46884536743164,1959700
2017-09-28,ZTS,63.369998931884766,63.72999954223633,62.790000915527344,63.31999969482422,59.57233428955078,1689700
2017-09-28,ZTS,63.369998931884766,63.72999954223633,62.790000915527344,63.31999969482422,59.57233428955078,1689700
2017-09-29,ZTS,63.36000061035156,63.77999877929688,62.88999938964844,63.7599983215332,59.98629760742188,1981400
2017-09-29,ZTS,63.36000061035156,63.77999877929688,62.88999938964844,63.7599983215332,59.98629760742188,1981400
2017-10-02,ZTS,63.84000015258789,64.38999938964844,63.68999862670898,63.75,59.97690200805664,1838500
2017-10-02,ZTS,63.84000015258789,64.38999938964844,63.68999862670898,63.75,59.97690200805664,1838500
2017-10-03,ZTS,63.75,64.0999984741211,63.400001525878906,63.59000015258789,59.82636642456055,1809500
2017-10-03,ZTS,63.75,64.0999984741211,63.400001525878906,63.59000015258789,59.82636642456055,1809500
2017-10-04,ZTS,63.68000030517578,64.01000213623047,63.47999954223633,63.56999969482422,59.80754089355469,1954400
2017-10-04,ZTS,63.68000030517578,64.01000213623047,63.47999954223633,63.56999969482422,59.80754089355469,1954400
2017-10-05,ZTS,63.41999816894531,63.9900016784668,63.27999877929688,63.75,59.97690200805664,2345500
2017-10-05,ZTS,63.41999816894531,63.9900016784668,63.27999877929688,63.75,59.97690200805664,2345500
2017-10-06,ZTS,63.75,63.959999084472656,63.58000183105469,63.75,59.97690200805664,2543600
2017-10-06,ZTS,63.75,63.959999084472656,63.58000183105469,63.75,59.97690200805664,2543600
2017-10-09,ZTS,63.810001373291016,63.869998931884766,63.5099983215332,63.72999954223633,59.95807647705078,1257600
2017-10-09,ZTS,63.810001373291016,63.869998931884766,63.5099983215332,63.72999954223633,59.95807647705078,1257600
2017-10-10,ZTS,63.75,64.02999877929688,63.43999862670898,63.9900016784668,60.20269393920898,2014600
2017-10-10,ZTS,63.75,64.02999877929688,63.43999862670898,63.9900016784668,60.20269393920898,2014600
2017-10-11,ZTS,63.900001525878906,64.27999877929688,63.790000915527344,64.27999877929688,60.47553253173828,1612000
2017-10-11,ZTS,63.900001525878906,64.27999877929688,63.790000915527344,64.27999877929688,60.47553253173828,1612000
2017-10-12,ZTS,64.23999786376953,64.94000244140625,64.19000244140625,64.91000366210938,61.068241119384766,1837900
2017-10-12,ZTS,64.23999786376953,64.94000244140625,64.19000244140625,64.91000366210938,61.068241119384766,1837900
2017-10-13,ZTS,64.93000030517578,65.52999877929688,64.72000122070312,65.44000244140625,61.566856384277344,2401600
2017-10-13,ZTS,64.93000030517578,65.52999877929688,64.72000122070312,65.44000244140625,61.566856384277344,2401600
2017-10-16,ZTS,65.58999633789062,65.80000305175781,65.36000061035156,65.70999908447266,61.82087707519531,2453400
2017-10-16,ZTS,65.58999633789062,65.80000305175781,65.36000061035156,65.70999908447266,61.82087707519531,2453400
2017-10-17,ZTS,65.6500015258789,66.11000061035156,65.43000030517578,65.80999755859375,61.91493988037109,2251600
2017-10-17,ZTS,65.6500015258789,66.11000061035156,65.43000030517578,65.80999755859375,61.91493988037109,2251600
2017-10-18,ZTS,65.91000366210938,65.91000366210938,65.25,65.55999755859375,61.67977523803711,1723200
2017-10-18,ZTS,65.91000366210938,65.91000366210938,65.25,65.55999755859375,61.67977523803711,1723200
2017-10-19,ZTS,65.5,65.69000244140625,65.16000366210938,65.58000183105469,61.69857025146485,1572000
2017-10-19,ZTS,65.5,65.69000244140625,65.16000366210938,65.58000183105469,61.69857025146485,1572000
2017-10-20,ZTS,65.62999725341797,65.98999786376953,65.23999786376953,65.94000244140625,62.03728485107422,1690100
2017-10-20,ZTS,65.62999725341797,65.98999786376953,65.23999786376953,65.94000244140625,62.03728485107422,1690100
2017-10-23,ZTS,66.19999694824219,66.3499984741211,65.2699966430664,65.27999877929688,61.41634750366211,1782100
2017-10-23,ZTS,66.19999694824219,66.3499984741211,65.2699966430664,65.27999877929688,61.41634750366211,1782100
2017-10-24,ZTS,65.33000183105469,65.7300033569336,64.83999633789062,64.9800033569336,61.13410186767578,1780700
2017-10-24,ZTS,65.33000183105469,65.7300033569336,64.83999633789062,64.9800033569336,61.13410186767578,1780700
2017-10-25,ZTS,64.80999755859375,64.98999786376953,64.27999877929688,64.37999725341797,60.569602966308594,1964400
2017-10-25,ZTS,64.80999755859375,64.98999786376953,64.27999877929688,64.37999725341797,60.569602966308594,1964400
2017-10-26,ZTS,64.58999633789062,64.58999633789062,63.59000015258789,63.7400016784668,59.96749114990234,3112800
2017-10-26,ZTS,64.58999633789062,64.58999633789062,63.59000015258789,63.7400016784668,59.96749114990234,3112800
2017-10-27,ZTS,63.7599983215332,64.37000274658203,63.52000045776367,64.05000305175781,60.25913619995117,2911700
2017-10-27,ZTS,63.7599983215332,64.37000274658203,63.52000045776367,64.05000305175781,60.25913619995117,2911700
2017-10-30,ZTS,64.05000305175781,64.05000305175781,63.02999877929688,63.2400016784668,59.49708938598633,3912200
2017-10-30,ZTS,64.05000305175781,64.05000305175781,63.02999877929688,63.2400016784668,59.49708938598633,3912200
2017-10-31,ZTS,63.40999984741211,64.13999938964844,63.25,63.81999969482422,60.04275131225586,3798400
2017-10-31,ZTS,63.40999984741211,64.13999938964844,63.25,63.81999969482422,60.04275131225586,3798400
2017-11-01,ZTS,64.19999694824219,65.08000183105469,64.0199966430664,64.51000213623047,60.69191360473633,3066000
2017-11-01,ZTS,64.19999694824219,65.08000183105469,64.0199966430664,64.51000213623047,60.69191360473633,3066000
2017-11-02,ZTS,64.30000305175781,67.8499984741211,64.30000305175781,67.30999755859375,63.32619094848633,5185600
2017-11-02,ZTS,64.30000305175781,67.8499984741211,64.30000305175781,67.30999755859375,63.32619094848633,5185600
2017-11-03,ZTS,67.7699966430664,68.80000305175781,67.44000244140625,68.69000244140625,64.62451171875,4320700
2017-11-03,ZTS,67.7699966430664,68.80000305175781,67.44000244140625,68.69000244140625,64.62451171875,4320700
2017-11-06,ZTS,68.91999816894531,70.4800033569336,68.8499984741211,69.70999908447266,65.5841293334961,3884100
2017-11-06,ZTS,68.91999816894531,70.4800033569336,68.8499984741211,69.70999908447266,65.5841293334961,3884100
2017-11-07,ZTS,69.7300033569336,70.26000213623047,68.1500015258789,68.44999694824219,64.39869689941406,5010100
2017-11-07,ZTS,69.7300033569336,70.26000213623047,68.1500015258789,68.44999694824219,64.39869689941406,5010100
2017-11-08,ZTS,68.0,69.62000274658203,67.76000213623047,69.51000213623047,65.49645233154297,3933500
2017-11-08,ZTS,68.0,69.62000274658203,67.76000213623047,69.51000213623047,65.49645233154297,3933500
2017-11-09,ZTS,69.16000366210938,69.5,68.95999908447266,69.30000305175781,65.29859161376953,2406600
2017-11-09,ZTS,69.16000366210938,69.5,68.95999908447266,69.30000305175781,65.29859161376953,2406600
2017-11-10,ZTS,68.94999694824219,69.23999786376953,68.58000183105469,69.12999725341797,65.13837432861328,1905700
2017-11-10,ZTS,68.94999694824219,69.23999786376953,68.58000183105469,69.12999725341797,65.13837432861328,1905700
2017-11-13,ZTS,69.01000213623047,69.30000305175781,68.55999755859375,68.87999725341797,64.90282440185547,2747300
2017-11-13,ZTS,69.01000213623047,69.30000305175781,68.55999755859375,68.87999725341797,64.90282440185547,2747300
2017-11-14,ZTS,68.77999877929688,69.94999694824219,68.56999969482422,69.9000015258789,65.8639144897461,2372000
2017-11-14,ZTS,68.77999877929688,69.94999694824219,68.56999969482422,69.9000015258789,65.8639144897461,2372000
2017-11-15,ZTS,69.69000244140625,70.33000183105469,69.3499984741211,69.62000274658203,65.60009002685547,2075500
2017-11-15,ZTS,69.69000244140625,70.33000183105469,69.3499984741211,69.62000274658203,65.60009002685547,2075500
2017-11-16,ZTS,69.97000122070312,70.48999786376953,69.70999908447266,70.41000366210938,66.344482421875,2055500
2017-11-16,ZTS,69.97000122070312,70.48999786376953,69.70999908447266,70.41000366210938,66.344482421875,2055500
2017-11-17,ZTS,70.23999786376953,71.12000274658203,70.23999786376953,70.79000091552734,66.70256805419922,2355100
2017-11-17,ZTS,70.23999786376953,71.12000274658203,70.23999786376953,70.79000091552734,66.70256805419922,2355100
2017-11-20,ZTS,70.80000305175781,71.13999938964844,70.48999786376953,70.94999694824219,66.85330963134766,2268300
2017-11-20,ZTS,70.80000305175781,71.13999938964844,70.48999786376953,70.94999694824219,66.85330963134766,2268300
2017-11-21,ZTS,71.02999877929688,72.13999938964844,70.97000122070312,71.36000061035156,67.23963165283203,2725400
2017-11-21,ZTS,71.02999877929688,72.13999938964844,70.97000122070312,71.36000061035156,67.23963165283203,2725400
2017-11-22,ZTS,71.33000183105469,71.83000183105469,70.94999694824219,71.06999969482422,66.96639251708984,1437200
2017-11-22,ZTS,71.33000183105469,71.83000183105469,70.94999694824219,71.06999969482422,66.96639251708984,1437200
2017-11-24,ZTS,71.16999816894531,71.41999816894531,70.93000030517578,71.29000091552734,67.17366027832031,1200300
2017-11-24,ZTS,71.16999816894531,71.41999816894531,70.93000030517578,71.29000091552734,67.17366027832031,1200300
2017-11-27,ZTS,71.48999786376953,71.80000305175781,71.22000122070312,71.54000091552734,67.40922546386719,1997500
2017-11-27,ZTS,71.48999786376953,71.80000305175781,71.22000122070312,71.54000091552734,67.40922546386719,1997500
2017-11-28,ZTS,71.58999633789062,71.62999725341797,71.26000213623047,71.38999938964844,67.26788330078125,2610400
2017-11-28,ZTS,71.58999633789062,71.62999725341797,71.26000213623047,71.38999938964844,67.26788330078125,2610400
2017-11-29,ZTS,71.98999786376953,72.0999984741211,71.27999877929688,71.61000061035156,67.47518920898438,1618400
2017-11-29,ZTS,71.98999786376953,72.0999984741211,71.27999877929688,71.61000061035156,67.47518920898438,1618400
2017-11-30,ZTS,71.83999633789062,72.70999908447266,71.83999633789062,72.29000091552734,68.11592102050781,2602100
2017-11-30,ZTS,71.83999633789062,72.70999908447266,71.83999633789062,72.29000091552734,68.11592102050781,2602100
2017-12-01,ZTS,72.22000122070312,72.3499984741211,71.27999877929688,72.30000305175781,68.12535095214844,1932200
2017-12-01,ZTS,72.22000122070312,72.3499984741211,71.27999877929688,72.30000305175781,68.12535095214844,1932200
2017-12-04,ZTS,72.44000244140625,72.79000091552734,71.0,71.0199966430664,66.91927337646484,3581400
2017-12-04,ZTS,72.44000244140625,72.79000091552734,71.0,71.0199966430664,66.91927337646484,3581400
2017-12-05,ZTS,70.81999969482422,71.7699966430664,70.5999984741211,70.8499984741211,66.75908660888672,2261500
2017-12-05,ZTS,70.81999969482422,71.7699966430664,70.5999984741211,70.8499984741211,66.75908660888672,2261500
2017-12-06,ZTS,70.5999984741211,71.11000061035156,70.4800033569336,70.97000122070312,66.87213897705078,1507400
2017-12-06,ZTS,70.5999984741211,71.11000061035156,70.4800033569336,70.97000122070312,66.87213897705078,1507400
2017-12-07,ZTS,70.97000122070312,71.83999633789062,70.76000213623047,71.63999938964844,67.50348663330078,2694400
2017-12-07,ZTS,70.97000122070312,71.83999633789062,70.76000213623047,71.63999938964844,67.50348663330078,2694400
2017-12-08,ZTS,71.88999938964844,71.9800033569336,71.30000305175781,71.87999725341797,67.72962188720703,1640000
2017-12-08,ZTS,71.88999938964844,71.9800033569336,71.30000305175781,71.87999725341797,67.72962188720703,1640000
2017-12-11,ZTS,71.83999633789062,71.97000122070312,71.5199966430664,71.7699966430664,67.62596130371094,1172500
2017-12-11,ZTS,71.83999633789062,71.97000122070312,71.5199966430664,71.7699966430664,67.62596130371094,1172500
2017-12-12,ZTS,71.7699966430664,72.66000366210938,71.63999938964844,72.2300033569336,68.05941009521484,1939900
2017-12-12,ZTS,71.7699966430664,72.66000366210938,71.63999938964844,72.2300033569336,68.05941009521484,1939900
2017-12-13,ZTS,72.13999938964844,72.98999786376953,72.05999755859375,72.37999725341797,68.20074462890625,1595100
2017-12-13,ZTS,72.13999938964844,72.98999786376953,72.05999755859375,72.37999725341797,68.20074462890625,1595100
2017-12-14,ZTS,72.25,72.45999908447266,71.56999969482422,71.76000213623047,67.61653137207031,1364500
2017-12-14,ZTS,72.25,72.45999908447266,71.56999969482422,71.76000213623047,67.61653137207031,1364500
2017-12-15,ZTS,72.20999908447266,72.2699966430664,71.5199966430664,71.95999908447266,67.80498504638672,2843200
2017-12-15,ZTS,72.20999908447266,72.2699966430664,71.5199966430664,71.95999908447266,67.80498504638672,2843200
2017-12-18,ZTS,71.95999908447266,72.91999816894531,71.91000366210938,72.62999725341797,68.43629455566406,1657800
2017-12-18,ZTS,71.95999908447266,72.91999816894531,71.91000366210938,72.62999725341797,68.43629455566406,1657800
2017-12-19,ZTS,72.81999969482422,73.58000183105469,72.7300033569336,72.80000305175781,68.59648895263672,1946300
2017-12-19,ZTS,72.81999969482422,73.58000183105469,72.7300033569336,72.80000305175781,68.59648895263672,1946300
2017-12-20,ZTS,72.68000030517578,73.16000366210938,72.16999816894531,72.70999908447266,68.51167297363281,1806300
2017-12-20,ZTS,72.68000030517578,73.16000366210938,72.16999816894531,72.70999908447266,68.51167297363281,1806300
2017-12-21,ZTS,73.0,73.30999755859375,72.2699966430664,72.27999877929688,68.10650634765625,1163500
2017-12-21,ZTS,73.0,73.30999755859375,72.2699966430664,72.27999877929688,68.10650634765625,1163500
2017-12-22,ZTS,72.2699966430664,72.37000274658203,71.79000091552734,71.98999786376953,67.833251953125,1345700
2017-12-22,ZTS,72.2699966430664,72.37000274658203,71.79000091552734,71.98999786376953,67.833251953125,1345700
2017-12-26,ZTS,72.4000015258789,72.55000305175781,71.9000015258789,72.33999633789062,68.16301727294922,791900
2017-12-26,ZTS,72.4000015258789,72.55000305175781,71.9000015258789,72.33999633789062,68.16301727294922,791900
2017-12-27,ZTS,72.58999633789062,72.69000244140625,72.25,72.44999694824219,68.26668548583984,1159800
2017-12-27,ZTS,72.58999633789062,72.69000244140625,72.25,72.44999694824219,68.26668548583984,1159800
2017-12-28,ZTS,72.48999786376953,72.5999984741211,72.13999938964844,72.38999938964844,68.21015930175781,710500
2017-12-28,ZTS,72.48999786376953,72.5999984741211,72.13999938964844,72.38999938964844,68.21015930175781,710500
2017-12-29,ZTS,72.55000305175781,72.76000213623047,72.04000091552734,72.04000091552734,67.88037109375,1704100
2017-12-29,ZTS,72.55000305175781,72.76000213623047,72.04000091552734,72.04000091552734,67.88037109375,1704100
2018-01-02,ZTS,72.54000091552734,72.58999633789062,71.47000122070312,71.7699966430664,67.62596130371094,2135600
2018-01-02,ZTS,72.54000091552734,72.58999633789062,71.47000122070312,71.7699966430664,67.62596130371094,2135600
2018-01-03,ZTS,71.7699966430664,72.18000030517578,71.33999633789062,72.0999984741211,67.93688201904297,2328200
2018-01-03,ZTS,71.7699966430664,72.18000030517578,71.33999633789062,72.0999984741211,67.93688201904297,2328200
2018-01-04,ZTS,72.75,72.91000366210938,72.26000213623047,72.52999877929688,68.3420639038086,2534000
2018-01-04,ZTS,72.75,72.91000366210938,72.26000213623047,72.52999877929688,68.3420639038086,2534000
2018-01-05,ZTS,72.83000183105469,73.91999816894531,72.56999969482422,73.36000061035156,69.1241683959961,2166100
2018-01-05,ZTS,72.83000183105469,73.91999816894531,72.56999969482422,73.36000061035156,69.1241683959961,2166100
2018-01-08,ZTS,73.43000030517578,74.41999816894531,73.16000366210938,74.23999786376953,69.95333862304688,3631400
2018-01-08,ZTS,73.43000030517578,74.41999816894531,73.16000366210938,74.23999786376953,69.95333862304688,3631400
2018-01-09,ZTS,74.69999694824219,75.47000122070312,74.47000122070312,75.11000061035156,70.7730941772461,2721800
2018-01-09,ZTS,74.69999694824219,75.47000122070312,74.47000122070312,75.11000061035156,70.7730941772461,2721800
2018-01-10,ZTS,74.58000183105469,74.80000305175781,73.27999877929688,73.91000366210938,69.64238739013672,2257200
2018-01-10,ZTS,74.58000183105469,74.80000305175781,73.27999877929688,73.91000366210938,69.64238739013672,2257200
2018-01-11,ZTS,74.05000305175781,74.68000030517578,73.72000122070312,74.58999633789062,70.28311920166016,1629300
2018-01-11,ZTS,74.05000305175781,74.68000030517578,73.72000122070312,74.58999633789062,70.28311920166016,1629300
2018-01-12,ZTS,74.91000366210938,75.69000244140625,74.7699966430664,75.38999938964844,71.03691864013672,1915700
2018-01-12,ZTS,74.91000366210938,75.69000244140625,74.7699966430664,75.38999938964844,71.03691864013672,1915700
2018-01-16,ZTS,76.05999755859375,76.4000015258789,75.20999908447266,75.54000091552734,71.17826843261719,2599100
2018-01-16,ZTS,76.05999755859375,76.4000015258789,75.20999908447266,75.54000091552734,71.17826843261719,2599100
2018-01-17,ZTS,75.80999755859375,77.02999877929688,75.38999938964844,76.7699966430664,72.33724975585938,2769600
2018-01-17,ZTS,75.80999755859375,77.02999877929688,75.38999938964844,76.7699966430664,72.33724975585938,2769600
2018-01-18,ZTS,76.6500015258789,76.6500015258789,75.8499984741211,76.33000183105469,72.04085540771484,2589000
2018-01-18,ZTS,76.6500015258789,76.6500015258789,75.8499984741211,76.33000183105469,72.04085540771484,2589000
2018-01-19,ZTS,76.69000244140625,76.91000366210938,76.22000122070312,76.62000274658203,72.31461334228516,4829600
2018-01-19,ZTS,76.69000244140625,76.91000366210938,76.22000122070312,76.62000274658203,72.31461334228516,4829600
2018-01-22,ZTS,76.66999816894531,77.58000183105469,76.62000274658203,77.4800033569336,73.12628173828125,4195100
2018-01-22,ZTS,76.66999816894531,77.58000183105469,76.62000274658203,77.4800033569336,73.12628173828125,4195100
2018-01-23,ZTS,77.30000305175781,78.31999969482422,76.97000122070312,77.58999633789062,73.23011779785156,2264100
2018-01-23,ZTS,77.30000305175781,78.31999969482422,76.97000122070312,77.58999633789062,73.23011779785156,2264100
2018-01-24,ZTS,78.16000366210938,78.51000213623047,77.5999984741211,78.33000183105469,73.92852783203125,2585300
2018-01-24,ZTS,78.16000366210938,78.51000213623047,77.5999984741211,78.33000183105469,73.92852783203125,2585300
2018-01-25,ZTS,78.47000122070312,79.37999725341797,78.3499984741211,79.25,74.79681396484375,2327300
2018-01-25,ZTS,78.47000122070312,79.37999725341797,78.3499984741211,79.25,74.79681396484375,2327300
2018-01-26,ZTS,79.48999786376953,80.12999725341797,79.37999725341797,80.08999633789062,75.589599609375,2532800
2018-01-26,ZTS,79.48999786376953,80.12999725341797,79.37999725341797,80.08999633789062,75.589599609375,2532800
2018-01-29,ZTS,79.80999755859375,79.94999694824219,79.11000061035156,79.18000030517578,74.73076629638672,2662400
2018-01-29,ZTS,79.80999755859375,79.94999694824219,79.11000061035156,79.18000030517578,74.73076629638672,2662400
2018-01-30,ZTS,78.44000244140625,78.69000244140625,77.91000366210938,78.3499984741211,73.9473876953125,3808700
2018-01-30,ZTS,78.44000244140625,78.69000244140625,77.91000366210938,78.3499984741211,73.9473876953125,3808700
2018-01-31,ZTS,78.48999786376953,78.7699966430664,76.54000091552734,76.7300033569336,72.41842651367188,4136400
2018-01-31,ZTS,78.48999786376953,78.7699966430664,76.54000091552734,76.7300033569336,72.41842651367188,4136400
2018-02-01,ZTS,76.83999633789062,78.2699966430664,76.69000244140625,77.81999969482422,73.44719696044922,2981800
2018-02-01,ZTS,76.83999633789062,78.2699966430664,76.69000244140625,77.81999969482422,73.44719696044922,2981800
2018-02-02,ZTS,77.52999877929688,78.12000274658203,76.7300033569336,76.77999877929688,72.46559143066406,2595200
2018-02-02,ZTS,77.52999877929688,78.12000274658203,76.7300033569336,76.77999877929688,72.46559143066406,2595200
2018-02-05,ZTS,76.63999938964844,76.91999816894531,73.18000030517578,73.83000183105469,69.68138122558594,2962000
2018-02-05,ZTS,76.63999938964844,76.91999816894531,73.18000030517578,73.83000183105469,69.68138122558594,2962000
2018-02-06,ZTS,72.73999786376953,74.55999755859375,72.12999725341797,73.2699966430664,69.15284729003906,4924300
2018-02-06,ZTS,72.73999786376953,74.55999755859375,72.12999725341797,73.2699966430664,69.15284729003906,4924300
2018-02-07,ZTS,72.69999694824219,75.0,72.69000244140625,73.86000061035156,69.7096939086914,4534900
2018-02-07,ZTS,72.69999694824219,75.0,72.69000244140625,73.86000061035156,69.7096939086914,4534900
2018-02-08,ZTS,73.95999908447266,74.55999755859375,71.5,71.51000213623047,67.4917221069336,2730000
2018-02-08,ZTS,73.95999908447266,74.55999755859375,71.5,71.51000213623047,67.4917221069336,2730000
2018-02-09,ZTS,72.2300033569336,72.87999725341797,70.19999694824219,72.3499984741211,68.2845230102539,3296500
2018-02-09,ZTS,72.2300033569336,72.87999725341797,70.19999694824219,72.3499984741211,68.2845230102539,3296500
2018-02-12,ZTS,72.94000244140625,74.04000091552734,72.5999984741211,73.19000244140625,69.07733917236328,3828000
2018-02-12,ZTS,72.94000244140625,74.04000091552734,72.5999984741211,73.19000244140625,69.07733917236328,3828000
2018-02-13,ZTS,73.11000061035156,73.79000091552734,72.95999908447266,73.23999786376953,69.1245346069336,2416200
2018-02-13,ZTS,73.11000061035156,73.79000091552734,72.95999908447266,73.23999786376953,69.1245346069336,2416200
2018-02-14,ZTS,72.79000091552734,74.56999969482422,72.77999877929688,74.45999908447266,70.2759780883789,2947800
2018-02-14,ZTS,72.79000091552734,74.56999969482422,72.77999877929688,74.45999908447266,70.2759780883789,2947800
2018-02-15,ZTS,79.26000213623047,81.4000015258789,75.75,78.5,74.08897399902344,6022200
2018-02-15,ZTS,79.26000213623047,81.4000015258789,75.75,78.5,74.08897399902344,6022200
2018-02-16,ZTS,78.1500015258789,80.08000183105469,78.1500015258789,79.7300033569336,75.2498550415039,3921100
2018-02-16,ZTS,78.1500015258789,80.08000183105469,78.1500015258789,79.7300033569336,75.2498550415039,3921100
2018-02-20,ZTS,79.20999908447266,81.47000122070312,79.06999969482422,80.3499984741211,75.83501434326172,3646700
2018-02-20,ZTS,79.20999908447266,81.47000122070312,79.06999969482422,80.3499984741211,75.83501434326172,3646700
2018-02-21,ZTS,80.37000274658203,81.77999877929688,80.30999755859375,80.5,75.97659301757812,3403100
2018-02-21,ZTS,80.37000274658203,81.77999877929688,80.30999755859375,80.5,75.97659301757812,3403100
2018-02-22,ZTS,81.02999877929688,81.68000030517578,80.51000213623047,80.76000213623047,76.22196960449219,2417700
2018-02-22,ZTS,81.02999877929688,81.68000030517578,80.51000213623047,80.76000213623047,76.22196960449219,2417700
2018-02-23,ZTS,81.16999816894531,82.93000030517578,81.0,82.79000091552734,78.13790893554688,2697200
2018-02-23,ZTS,81.16999816894531,82.93000030517578,81.0,82.79000091552734,78.13790893554688,2697200
2018-02-26,ZTS,83.45999908447266,83.45999908447266,82.79000091552734,83.30000305175781,78.61924743652344,2211700
2018-02-26,ZTS,83.45999908447266,83.45999908447266,82.79000091552734,83.30000305175781,78.61924743652344,2211700
2018-02-27,ZTS,83.01000213623047,83.37000274658203,81.61000061035156,81.66999816894531,77.08084106445312,2240900
2018-02-27,ZTS,83.01000213623047,83.37000274658203,81.61000061035156,81.66999816894531,77.08084106445312,2240900
2018-02-28,ZTS,81.87999725341797,82.4800033569336,80.83999633789062,80.86000061035156,76.31635284423828,1968200
2018-02-28,ZTS,81.87999725341797,82.4800033569336,80.83999633789062,80.86000061035156,76.31635284423828,1968200
2018-03-01,ZTS,80.86000061035156,81.56999969482422,79.83000183105469,80.44000244140625,75.91996002197266,3010300
2018-03-01,ZTS,80.86000061035156,81.56999969482422,79.83000183105469,80.44000244140625,75.91996002197266,3010300
2018-03-02,ZTS,79.93000030517578,81.5,79.86000061035156,81.27999877929688,76.7127456665039,2027200
2018-03-02,ZTS,79.93000030517578,81.5,79.86000061035156,81.27999877929688,76.7127456665039,2027200
2018-03-05,ZTS,81.01000213623047,82.56999969482422,80.69999694824219,81.88999938964844,77.28848266601562,2148500
2018-03-05,ZTS,81.01000213623047,82.56999969482422,80.69999694824219,81.88999938964844,77.28848266601562,2148500
2018-03-06,ZTS,82.0,82.13999938964844,80.93000030517578,81.51000213623047,76.92982482910156,2102700
2018-03-06,ZTS,82.0,82.13999938964844,80.93000030517578,81.51000213623047,76.92982482910156,2102700
2018-03-07,ZTS,80.9800033569336,81.95999908447266,80.97000122070312,81.76000213623047,77.165771484375,2878600
2018-03-07,ZTS,80.9800033569336,81.95999908447266,80.97000122070312,81.76000213623047,77.165771484375,2878600
2018-03-08,ZTS,82.0,82.8499984741211,81.93000030517578,82.54000091552734,77.9019546508789,2458100
2018-03-08,ZTS,82.0,82.8499984741211,81.93000030517578,82.54000091552734,77.9019546508789,2458100
2018-03-09,ZTS,83.05999755859375,85.05000305175781,82.9800033569336,84.5199966430664,79.77068328857422,3028700
2018-03-09,ZTS,83.05999755859375,85.05000305175781,82.9800033569336,84.5199966430664,79.77068328857422,3028700
2018-03-12,ZTS,84.88999938964844,84.94999694824219,84.08999633789062,84.41000366210938,79.6668701171875,2316300
2018-03-12,ZTS,84.88999938964844,84.94999694824219,84.08999633789062,84.41000366210938,79.6668701171875,2316300
2018-03-13,ZTS,84.9000015258789,85.54000091552734,84.33000183105469,84.58999633789062,79.83674621582031,1911500
2018-03-13,ZTS,84.9000015258789,85.54000091552734,84.33000183105469,84.58999633789062,79.83674621582031,1911500
2018-03-14,ZTS,85.12999725341797,85.4800033569336,84.08999633789062,84.3499984741211,79.61024475097656,1794700
2018-03-14,ZTS,85.12999725341797,85.4800033569336,84.08999633789062,84.3499984741211,79.61024475097656,1794700
2018-03-15,ZTS,84.31999969482422,85.3499984741211,83.95999908447266,84.69000244140625,79.93113708496094,1659200
2018-03-15,ZTS,84.31999969482422,85.3499984741211,83.95999908447266,84.69000244140625,79.93113708496094,1659200
2018-03-16,ZTS,85.0199966430664,85.41999816894531,84.58000183105469,84.5999984741211,79.84619140625,3151600
2018-03-16,ZTS,85.0199966430664,85.41999816894531,84.58000183105469,84.5999984741211,79.84619140625,3151600
2018-03-19,ZTS,83.81999969482422,84.31999969482422,82.36000061035156,83.1500015258789,78.47767639160156,2417800
2018-03-19,ZTS,83.81999969482422,84.31999969482422,82.36000061035156,83.1500015258789,78.47767639160156,2417800
2018-03-20,ZTS,83.31999969482422,84.79000091552734,83.27999877929688,84.66000366210938,79.90282440185547,2653400
2018-03-20,ZTS,83.31999969482422,84.79000091552734,83.27999877929688,84.66000366210938,79.90282440185547,2653400
2018-03-21,ZTS,84.87000274658203,85.7300033569336,84.06999969482422,84.0999984741211,79.37430572509766,3305400
2018-03-21,ZTS,84.87000274658203,85.7300033569336,84.06999969482422,84.0999984741211,79.37430572509766,3305400
2018-03-22,ZTS,83.3499984741211,84.12999725341797,81.80000305175781,82.05999755859375,77.44892883300781,3224400
2018-03-22,ZTS,83.3499984741211,84.12999725341797,81.80000305175781,82.05999755859375,77.44892883300781,3224400
2018-03-23,ZTS,82.16000366210938,82.80000305175781,80.31999969482422,80.5999984741211,76.07093811035156,2608000
2018-03-23,ZTS,82.16000366210938,82.80000305175781,80.31999969482422,80.5999984741211,76.07093811035156,2608000
2018-03-26,ZTS,81.87999725341797,83.87000274658203,81.52999877929688,83.7300033569336,79.02507019042969,3089900
2018-03-26,ZTS,81.87999725341797,83.87000274658203,81.52999877929688,83.7300033569336,79.02507019042969,3089900
2018-03-27,ZTS,84.08000183105469,84.44999694824219,81.20999908447266,81.86000061035156,77.26016235351562,2689900
2018-03-27,ZTS,84.08000183105469,84.44999694824219,81.20999908447266,81.86000061035156,77.26016235351562,2689900
2018-03-28,ZTS,82.08999633789062,82.55000305175781,80.27999877929688,81.0,76.44847869873047,2634500
2018-03-28,ZTS,82.08999633789062,82.55000305175781,80.27999877929688,81.0,76.44847869873047,2634500
2018-03-29,ZTS,81.48999786376953,83.51000213623047,81.08999633789062,83.51000213623047,78.81742095947266,4122900
2018-03-29,ZTS,81.48999786376953,83.51000213623047,81.08999633789062,83.51000213623047,78.81742095947266,4122900
2018-04-02,ZTS,83.16999816894531,83.29000091552734,80.68000030517578,81.20999908447266,76.64669799804688,2566000
2018-04-02,ZTS,83.16999816894531,83.29000091552734,80.68000030517578,81.20999908447266,76.64669799804688,2566000
2018-04-03,ZTS,81.77999877929688,83.18000030517578,81.38999938964844,82.87000274658203,78.21340942382812,2216500
2018-04-03,ZTS,81.77999877929688,83.18000030517578,81.38999938964844,82.87000274658203,78.21340942382812,2216500
2018-04-04,ZTS,81.58000183105469,83.05999755859375,80.7300033569336,82.8499984741211,78.19454956054688,3093300
2018-04-04,ZTS,81.58000183105469,83.05999755859375,80.7300033569336,82.8499984741211,78.19454956054688,3093300
2018-04-05,ZTS,83.29000091552734,84.33000183105469,82.8499984741211,83.5199966430664,78.8268814086914,2522000
2018-04-05,ZTS,83.29000091552734,84.33000183105469,82.8499984741211,83.5199966430664,78.8268814086914,2522000
2018-04-06,ZTS,82.75,83.12000274658203,80.05999755859375,80.97000122070312,76.420166015625,2752300
2018-04-06,ZTS,82.75,83.12000274658203,80.05999755859375,80.97000122070312,76.420166015625,2752300
2018-04-09,ZTS,81.80999755859375,82.98999786376953,81.55999755859375,81.87000274658203,77.26960754394531,2456700
2018-04-09,ZTS,81.80999755859375,82.98999786376953,81.55999755859375,81.87000274658203,77.26960754394531,2456700
2018-04-10,ZTS,82.94999694824219,83.47000122070312,82.27999877929688,83.08999633789062,78.4210205078125,2335000
2018-04-10,ZTS,82.94999694824219,83.47000122070312,82.27999877929688,83.08999633789062,78.4210205078125,2335000
2018-04-11,ZTS,82.56999969482422,83.51000213623047,82.55999755859375,83.06999969482422,78.40217590332031,2239700
2018-04-11,ZTS,82.56999969482422,83.51000213623047,82.55999755859375,83.06999969482422,78.40217590332031,2239700
2018-04-12,ZTS,83.56999969482422,84.37999725341797,83.4000015258789,83.95999908447266,79.24217224121094,1369500
2018-04-12,ZTS,83.56999969482422,84.37999725341797,83.4000015258789,83.95999908447266,79.24217224121094,1369500
2018-04-13,ZTS,84.25,84.43000030517578,83.22000122070312,83.56999969482422,78.87407684326172,1162600
2018-04-13,ZTS,84.25,84.43000030517578,83.22000122070312,83.56999969482422,78.87407684326172,1162600
2018-04-16,ZTS,84.48999786376953,84.8499984741211,83.86000061035156,84.4000015258789,79.65743255615234,1663000
2018-04-16,ZTS,84.48999786376953,84.8499984741211,83.86000061035156,84.4000015258789,79.65743255615234,1663000
2018-04-17,ZTS,84.9800033569336,85.94000244140625,84.81999969482422,85.66999816894531,80.85606384277344,1901000
2018-04-17,ZTS,84.9800033569336,85.94000244140625,84.81999969482422,85.66999816894531,80.85606384277344,1901000
2018-04-18,ZTS,85.69999694824219,86.37999725341797,85.19999694824219,85.97000122070312,81.13920593261719,2151300
2018-04-18,ZTS,85.69999694824219,86.37999725341797,85.19999694824219,85.97000122070312,81.13920593261719,2151300
2018-04-19,ZTS,85.41999816894531,85.88999938964844,84.81999969482422,85.41000366210938,80.72901916503906,2176100
2018-04-19,ZTS,85.41999816894531,85.88999938964844,84.81999969482422,85.41000366210938,80.72901916503906,2176100
2018-04-20,ZTS,85.38999938964844,85.93000030517578,85.13999938964844,85.44999694824219,80.76678466796875,1815200
2018-04-20,ZTS,85.38999938964844,85.93000030517578,85.13999938964844,85.44999694824219,80.76678466796875,1815200
2018-04-23,ZTS,85.58999633789062,85.76000213623047,85.01000213623047,85.30000305175781,80.62503814697266,1396200
2018-04-23,ZTS,85.58999633789062,85.76000213623047,85.01000213623047,85.30000305175781,80.62503814697266,1396200
2018-04-24,ZTS,85.83000183105469,85.9000015258789,83.4800033569336,84.3499984741211,79.72710418701172,2108700
2018-04-24,ZTS,85.83000183105469,85.9000015258789,83.4800033569336,84.3499984741211,79.72710418701172,2108700
2018-04-25,ZTS,84.12000274658203,84.56999969482422,83.44000244140625,84.56999969482422,79.9350357055664,2105600
2018-04-25,ZTS,84.12000274658203,84.56999969482422,83.44000244140625,84.56999969482422,79.9350357055664,2105600
2018-04-26,ZTS,85.08000183105469,85.26000213623047,84.36000061035156,84.7300033569336,80.08627319335938,2154600
2018-04-26,ZTS,85.08000183105469,85.26000213623047,84.36000061035156,84.7300033569336,80.08627319335938,2154600
2018-04-27,ZTS,84.77999877929688,85.20999908447266,84.38999938964844,84.83999633789062,80.19023895263672,1119200
2018-04-27,ZTS,84.77999877929688,85.20999908447266,84.38999938964844,84.83999633789062,80.19023895263672,1119200
2018-04-30,ZTS,84.88999938964844,85.0,83.37000274658203,83.4800033569336,78.9047622680664,3364500
2018-04-30,ZTS,84.88999938964844,85.0,83.37000274658203,83.4800033569336,78.9047622680664,3364500
2018-05-01,ZTS,83.45999908447266,84.04000091552734,82.88999938964844,83.4000015258789,78.82914733886719,3215600
2018-05-01,ZTS,83.45999908447266,84.04000091552734,82.88999938964844,83.4000015258789,78.82914733886719,3215600
2018-05-02,ZTS,77.66999816894531,80.44999694824219,77.0,79.9000015258789,75.52098083496094,7496500
2018-05-02,ZTS,77.66999816894531,80.44999694824219,77.0,79.9000015258789,75.52098083496094,7496500
2018-05-03,ZTS,79.77999877929688,80.88999938964844,78.44000244140625,80.37999725341797,75.97468566894531,4833600
2018-05-03,ZTS,79.77999877929688,80.88999938964844,78.44000244140625,80.37999725341797,75.97468566894531,4833600
2018-05-04,ZTS,80.0199966430664,81.83000183105469,79.62000274658203,81.55999755859375,77.09001159667969,2882000
2018-05-04,ZTS,80.0199966430664,81.83000183105469,79.62000274658203,81.55999755859375,77.09001159667969,2882000
2018-05-07,ZTS,81.73999786376953,82.45999908447266,81.22000122070312,82.1500015258789,77.64765930175781,2021800
2018-05-07,ZTS,81.73999786376953,82.45999908447266,81.22000122070312,82.1500015258789,77.64765930175781,2021800
2018-05-08,ZTS,81.83999633789062,82.48999786376953,81.11000061035156,82.0,77.50587463378906,2534400
2018-05-08,ZTS,81.83999633789062,82.48999786376953,81.11000061035156,82.0,77.50587463378906,2534400
2018-05-09,ZTS,82.0999984741211,82.55999755859375,81.18000030517578,82.33000183105469,77.81779479980469,3009300
2018-05-09,ZTS,82.0999984741211,82.55999755859375,81.18000030517578,82.33000183105469,77.81779479980469,3009300
2018-05-10,ZTS,83.31999969482422,84.37000274658203,82.83000183105469,83.45999908447266,78.88587188720703,1977600
2018-05-10,ZTS,83.31999969482422,84.37000274658203,82.83000183105469,83.45999908447266,78.88587188720703,1977600
2018-05-11,ZTS,83.62000274658203,84.47000122070312,83.58000183105469,84.44999694824219,79.82160186767578,2210400
2018-05-11,ZTS,83.62000274658203,84.47000122070312,83.58000183105469,84.44999694824219,79.82160186767578,2210400
2018-05-14,ZTS,84.54000091552734,85.16999816894531,83.37000274658203,84.05999755859375,79.45298767089844,2484500
2018-05-14,ZTS,84.54000091552734,85.16999816894531,83.37000274658203,84.05999755859375,79.45298767089844,2484500
2018-05-15,ZTS,83.52999877929688,83.72000122070312,82.77999877929688,83.0199966430664,78.46998596191406,2203100
2018-05-15,ZTS,83.52999877929688,83.72000122070312,82.77999877929688,83.0199966430664,78.46998596191406,2203100
2018-05-16,ZTS,82.55000305175781,83.16999816894531,82.0,82.8499984741211,78.30931854248047,3221300
2018-05-16,ZTS,82.55000305175781,83.16999816894531,82.0,82.8499984741211,78.30931854248047,3221300
2018-05-17,ZTS,83.0,83.0999984741211,82.08000183105469,82.94999694824219,78.40381622314453,1844900
2018-05-17,ZTS,83.0,83.0999984741211,82.08000183105469,82.94999694824219,78.40381622314453,1844900
2018-05-18,ZTS,82.70999908447266,84.66000366210938,82.70999908447266,84.4000015258789,79.77434539794922,2149500
2018-05-18,ZTS,82.70999908447266,84.66000366210938,82.70999908447266,84.4000015258789,79.77434539794922,2149500
2018-05-21,ZTS,84.87999725341797,85.44000244140625,84.4000015258789,85.37999725341797,80.70063781738281,1641300
2018-05-21,ZTS,84.87999725341797,85.44000244140625,84.4000015258789,85.37999725341797,80.70063781738281,1641300
2018-05-22,ZTS,85.38999938964844,85.63999938964844,84.20999908447266,84.37999725341797,79.75546264648438,1658900
2018-05-22,ZTS,85.38999938964844,85.63999938964844,84.20999908447266,84.37999725341797,79.75546264648438,1658900
2018-05-23,ZTS,84.30000305175781,85.0,83.73999786376953,84.87999725341797,80.22805786132812,1739300
2018-05-23,ZTS,84.30000305175781,85.0,83.73999786376953,84.87999725341797,80.22805786132812,1739300
2018-05-24,ZTS,85.0999984741211,85.55999755859375,84.16999816894531,84.75,80.10514831542969,1244900
2018-05-24,ZTS,85.0999984741211,85.55999755859375,84.16999816894531,84.75,80.10514831542969,1244900
2018-05-25,ZTS,84.87000274658203,85.05000305175781,83.55000305175781,83.66999816894531,79.0843505859375,1964000
2018-05-25,ZTS,84.87000274658203,85.05000305175781,83.55000305175781,83.66999816894531,79.0843505859375,1964000
2018-05-29,ZTS,82.9800033569336,83.41999816894531,82.4000015258789,83.1500015258789,78.59286499023438,1822100
2018-05-29,ZTS,82.9800033569336,83.41999816894531,82.4000015258789,83.1500015258789,78.59286499023438,1822100
2018-05-30,ZTS,83.79000091552734,85.29000091552734,83.79000091552734,84.44999694824219,79.82160186767578,1893200
2018-05-30,ZTS,83.79000091552734,85.29000091552734,83.79000091552734,84.44999694824219,79.82160186767578,1893200
2018-05-31,ZTS,84.2699966430664,84.6500015258789,83.61000061035156,83.69999694824219,79.11273193359375,2693700
2018-05-31,ZTS,84.2699966430664,84.6500015258789,83.61000061035156,83.69999694824219,79.11273193359375,2693700
2018-06-01,ZTS,84.31999969482422,85.43000030517578,84.31999969482422,85.41999816894531,80.73846435546875,1422300
2018-06-01,ZTS,84.31999969482422,85.43000030517578,84.31999969482422,85.41999816894531,80.73846435546875,1422300
2018-06-04,ZTS,85.6500015258789,85.7699966430664,84.97000122070312,85.38999938964844,80.7100830078125,1546400
2018-06-04,ZTS,85.6500015258789,85.7699966430664,84.97000122070312,85.38999938964844,80.7100830078125,1546400
2018-06-05,ZTS,85.52999877929688,85.76000213623047,84.45999908447266,84.76000213623047,80.1146240234375,2152100
2018-06-05,ZTS,85.52999877929688,85.76000213623047,84.45999908447266,84.76000213623047,80.1146240234375,2152100
2018-06-06,ZTS,84.86000061035156,85.5999984741211,84.55000305175781,85.47000122070312,80.78570556640625,1917800
2018-06-06,ZTS,84.86000061035156,85.5999984741211,84.55000305175781,85.47000122070312,80.78570556640625,1917800
2018-06-07,ZTS,85.79000091552734,85.9800033569336,85.04000091552734,85.66000366210938,80.96528625488281,1758500
2018-06-07,ZTS,85.79000091552734,85.9800033569336,85.04000091552734,85.66000366210938,80.96528625488281,1758500
2018-06-08,ZTS,85.69000244140625,87.38999938964844,85.44999694824219,86.77999877929688,82.02391815185547,2285100
2018-06-08,ZTS,85.69000244140625,87.38999938964844,85.44999694824219,86.77999877929688,82.02391815185547,2285100
2018-06-11,ZTS,86.95999908447266,88.16000366210938,86.7300033569336,87.05999755859375,82.28852844238281,2091900
2018-06-11,ZTS,86.95999908447266,88.16000366210938,86.7300033569336,87.05999755859375,82.28852844238281,2091900
2018-06-12,ZTS,87.02999877929688,87.54000091552734,86.61000061035156,87.1500015258789,82.37366485595703,2236000
2018-06-12,ZTS,87.02999877929688,87.54000091552734,86.61000061035156,87.1500015258789,82.37366485595703,2236000
2018-06-13,ZTS,87.44999694824219,87.94999694824219,87.18000030517578,87.36000061035156,82.57210540771484,2386200
2018-06-13,ZTS,87.44999694824219,87.94999694824219,87.18000030517578,87.36000061035156,82.57210540771484,2386200
2018-06-14,ZTS,87.44000244140625,88.25,87.26000213623047,88.1500015258789,83.3188247680664,2627800
2018-06-14,ZTS,87.44000244140625,88.25,87.26000213623047,88.1500015258789,83.3188247680664,2627800
2018-06-15,ZTS,87.5,89.25,87.5,89.19999694824219,84.311279296875,4208500
2018-06-15,ZTS,87.5,89.25,87.5,89.19999694824219,84.311279296875,4208500
2018-06-18,ZTS,88.5,89.18000030517578,88.33999633789062,88.93000030517578,84.05608367919922,3538900
2018-06-18,ZTS,88.5,89.18000030517578,88.33999633789062,88.93000030517578,84.05608367919922,3538900
2018-06-19,ZTS,88.05000305175781,88.43000030517578,86.62999725341797,87.25,82.4681625366211,2742800
2018-06-19,ZTS,88.05000305175781,88.43000030517578,86.62999725341797,87.25,82.4681625366211,2742800
2018-06-20,ZTS,87.27999877929688,87.56999969482422,86.5999984741211,87.0,82.23186492919922,3331800
2018-06-20,ZTS,87.27999877929688,87.56999969482422,86.5999984741211,87.0,82.23186492919922,3331800
2018-06-21,ZTS,86.79000091552734,87.80000305175781,86.69999694824219,87.0199966430664,82.25076293945312,2462300
2018-06-21,ZTS,86.79000091552734,87.80000305175781,86.69999694824219,87.0199966430664,82.25076293945312,2462300
2018-06-22,ZTS,87.38999938964844,87.55999755859375,85.81999969482422,85.81999969482422,81.11654663085938,9403200
2018-06-22,ZTS,87.38999938964844,87.55999755859375,85.81999969482422,85.81999969482422,81.11654663085938,9403200
2018-06-25,ZTS,86.0,86.3499984741211,83.91999816894531,84.69999694824219,80.05792236328125,3069500
2018-06-25,ZTS,86.0,86.3499984741211,83.91999816894531,84.69999694824219,80.05792236328125,3069500
2018-06-26,ZTS,84.80999755859375,85.19000244140625,83.97000122070312,84.01000213623047,79.40571594238281,3358900
2018-06-26,ZTS,84.80999755859375,85.19000244140625,83.97000122070312,84.01000213623047,79.40571594238281,3358900
2018-06-27,ZTS,84.33000183105469,85.25,83.36000061035156,83.36000061035156,78.7913589477539,2288100
2018-06-27,ZTS,84.33000183105469,85.25,83.36000061035156,83.36000061035156,78.7913589477539,2288100
2018-06-28,ZTS,83.36000061035156,85.27999877929688,83.33999633789062,84.83000183105469,80.18077850341797,2199500
2018-06-28,ZTS,83.36000061035156,85.27999877929688,83.33999633789062,84.83000183105469,80.18077850341797,2199500
2018-06-29,ZTS,85.4800033569336,86.41000366210938,85.13999938964844,85.19000244140625,80.52107238769531,3618500
2018-06-29,ZTS,85.4800033569336,86.41000366210938,85.13999938964844,85.19000244140625,80.52107238769531,3618500
2018-07-02,ZTS,84.77999877929688,85.66999816894531,84.19999694824219,85.6500015258789,80.95584106445312,1759000
2018-07-02,ZTS,84.77999877929688,85.66999816894531,84.19999694824219,85.6500015258789,80.95584106445312,1759000
2018-07-03,ZTS,85.83000183105469,86.95999908447266,85.5199966430664,86.06999969482422,81.35282135009766,1283500
2018-07-03,ZTS,85.83000183105469,86.95999908447266,85.5199966430664,86.06999969482422,81.35282135009766,1283500
2018-07-05,ZTS,86.72000122070312,86.79000091552734,85.63999938964844,86.1500015258789,81.42843627929688,2474600
2018-07-05,ZTS,86.72000122070312,86.79000091552734,85.63999938964844,86.1500015258789,81.42843627929688,2474600
2018-07-06,ZTS,86.56999969482422,87.0999984741211,86.0999984741211,86.86000061035156,82.09952545166016,2073600
2018-07-06,ZTS,86.56999969482422,87.0999984741211,86.0999984741211,86.86000061035156,82.09952545166016,2073600
2018-07-09,ZTS,86.9000015258789,87.70999908447266,86.62000274658203,87.48999786376953,82.69498443603516,1836800
2018-07-09,ZTS,86.9000015258789,87.70999908447266,86.62000274658203,87.48999786376953,82.69498443603516,1836800
2018-07-10,ZTS,87.0199966430664,87.33999633789062,86.08999633789062,86.22000122070312,81.49459075927734,2894800
2018-07-10,ZTS,87.0199966430664,87.33999633789062,86.08999633789062,86.22000122070312,81.49459075927734,2894800
2018-07-11,ZTS,86.05999755859375,86.16000366210938,84.48999786376953,84.5,79.86886596679688,2960500
2018-07-11,ZTS,86.05999755859375,86.16000366210938,84.48999786376953,84.5,79.86886596679688,2960500
2018-07-12,ZTS,84.88999938964844,85.70999908447266,84.58000183105469,85.47000122070312,80.78570556640625,3629000
2018-07-12,ZTS,84.88999938964844,85.70999908447266,84.58000183105469,85.47000122070312,80.78570556640625,3629000
2018-07-13,ZTS,85.48999786376953,86.29000091552734,85.31999969482422,86.13999938964844,81.41898345947266,1948300
2018-07-13,ZTS,85.48999786376953,86.29000091552734,85.31999969482422,86.13999938964844,81.41898345947266,1948300
2018-07-16,ZTS,86.30999755859375,86.30999755859375,84.5,84.58000183105469,79.94448852539062,2473300
2018-07-16,ZTS,86.30999755859375,86.30999755859375,84.5,84.58000183105469,79.94448852539062,2473300
2018-07-17,ZTS,84.33000183105469,86.06999969482422,84.33000183105469,85.7699966430664,81.06925964355469,2269600
2018-07-17,ZTS,84.33000183105469,86.06999969482422,84.33000183105469,85.7699966430664,81.06925964355469,2269600
2018-07-18,ZTS,85.63999938964844,86.08000183105469,85.30999755859375,85.94999694824219,81.2394027709961,1699800
2018-07-18,ZTS,85.63999938964844,86.08000183105469,85.30999755859375,85.94999694824219,81.2394027709961,1699800
2018-07-19,ZTS,85.37999725341797,85.62000274658203,84.77999877929688,85.41999816894531,80.85699462890625,1405800
2018-07-19,ZTS,85.37999725341797,85.62000274658203,84.77999877929688,85.41999816894531,80.85699462890625,1405800
2018-07-20,ZTS,85.19999694824219,85.91000366210938,85.0199966430664,85.29000091552734,80.73393249511719,1977600
2018-07-20,ZTS,85.19999694824219,85.91000366210938,85.0199966430664,85.29000091552734,80.73393249511719,1977600
2018-07-23,ZTS,85.13999938964844,85.16000366210938,83.80000305175781,83.95999908447266,79.47496795654297,3026900
2018-07-23,ZTS,85.13999938964844,85.16000366210938,83.80000305175781,83.95999908447266,79.47496795654297,3026900
2018-07-24,ZTS,84.5199966430664,84.98999786376953,83.30999755859375,83.5,79.03954315185547,2952500
2018-07-24,ZTS,84.5199966430664,84.98999786376953,83.30999755859375,83.5,79.03954315185547,2952500
2018-07-25,ZTS,83.25,85.77999877929688,83.25,85.63999938964844,81.06523895263672,2496200
2018-07-25,ZTS,83.25,85.77999877929688,83.25,85.63999938964844,81.06523895263672,2496200
2018-07-26,ZTS,85.79000091552734,86.1500015258789,85.1500015258789,85.54000091552734,80.97056579589844,2717400
2018-07-26,ZTS,85.79000091552734,86.1500015258789,85.1500015258789,85.54000091552734,80.97056579589844,2717400
2018-07-27,ZTS,85.62999725341797,85.6500015258789,84.4000015258789,85.19999694824219,80.64872741699219,2998200
2018-07-27,ZTS,85.62999725341797,85.6500015258789,84.4000015258789,85.19999694824219,80.64872741699219,2998200
2018-07-30,ZTS,85.2300033569336,85.4000015258789,84.20999908447266,84.48999786376953,79.97664642333984,2174900
2018-07-30,ZTS,85.2300033569336,85.4000015258789,84.20999908447266,84.48999786376953,79.97664642333984,2174900
2018-07-31,ZTS,84.81999969482422,86.75,84.81999969482422,86.4800033569336,81.86035919189453,3692500
2018-07-31,ZTS,84.81999969482422,86.75,84.81999969482422,86.4800033569336,81.86035919189453,3692500
2018-08-01,ZTS,86.05000305175781,87.16999816894531,85.97000122070312,86.0199966430664,81.4249038696289,2775900
2018-08-01,ZTS,86.05000305175781,87.16999816894531,85.97000122070312,86.0199966430664,81.4249038696289,2775900
2018-08-02,ZTS,85.77999877929688,91.8000030517578,85.0,91.43000030517578,86.54594421386719,4942800
2018-08-02,ZTS,85.77999877929688,91.8000030517578,85.0,91.43000030517578,86.54594421386719,4942800
2018-08-03,ZTS,91.43000030517578,91.98999786376952,89.26000213623047,91.62999725341795,86.73526000976562,4377700
2018-08-03,ZTS,91.43000030517578,91.98999786376952,89.26000213623047,91.62999725341795,86.73526000976562,4377700
2018-08-06,ZTS,91.93000030517578,92.8499984741211,91.20999908447266,92.58000183105467,87.63451385498047,2644900
2018-08-06,ZTS,91.93000030517578,92.8499984741211,91.20999908447266,92.58000183105467,87.63451385498047,2644900
2018-08-07,ZTS,92.94000244140624,93.02999877929688,91.97000122070312,92.48999786376952,87.5492935180664,2051900
2018-08-07,ZTS,92.94000244140624,93.02999877929688,91.97000122070312,92.48999786376952,87.5492935180664,2051900
2018-08-08,ZTS,92.5,93.56999969482422,92.25,93.2300033569336,88.2497787475586,1918000
2018-08-08,ZTS,92.5,93.56999969482422,92.25,93.2300033569336,88.2497787475586,1918000
2018-08-09,ZTS,93.37000274658205,93.66999816894533,92.02999877929688,92.4000015258789,87.46414184570312,2347000
2018-08-09,ZTS,93.37000274658205,93.66999816894533,92.02999877929688,92.4000015258789,87.46414184570312,2347000
2018-08-10,ZTS,92.18000030517578,92.70999908447266,91.4800033569336,91.6999969482422,86.80152130126953,1684600
2018-08-10,ZTS,92.18000030517578,92.70999908447266,91.4800033569336,91.6999969482422,86.80152130126953,1684600
2018-08-13,ZTS,91.70999908447266,92.4499969482422,91.16000366210938,91.26000213623048,86.38504028320312,1439300
2018-08-13,ZTS,91.70999908447266,92.4499969482422,91.16000366210938,91.26000213623048,86.38504028320312,1439300
2018-08-14,ZTS,91.63999938964844,91.9000015258789,91.11000061035156,91.37000274658205,86.4891586303711,2385100
2018-08-14,ZTS,91.63999938964844,91.9000015258789,91.11000061035156,91.37000274658205,86.4891586303711,2385100
2018-08-15,ZTS,91.06999969482422,91.27999877929688,90.41000366210938,90.8499984741211,85.9969253540039,2017300
2018-08-15,ZTS,91.06999969482422,91.27999877929688,90.41000366210938,90.8499984741211,85.9969253540039,2017300
2018-08-16,ZTS,91.30999755859376,92.08999633789062,90.87999725341795,91.54000091552734,86.65007019042969,2462400
2018-08-16,ZTS,91.30999755859376,92.08999633789062,90.87999725341795,91.54000091552734,86.65007019042969,2462400
2018-08-17,ZTS,91.44000244140624,91.79000091552734,90.66999816894533,91.47000122070312,86.58379364013672,2712500
2018-08-17,ZTS,91.44000244140624,91.79000091552734,90.66999816894533,91.47000122070312,86.58379364013672,2712500
2018-08-20,ZTS,91.5999984741211,92.58999633789062,91.5999984741211,92.16000366210938,87.23693084716797,1175900
2018-08-20,ZTS,91.5999984741211,92.58999633789062,91.5999984741211,92.16000366210938,87.23693084716797,1175900
2018-08-21,ZTS,92.54000091552734,92.97000122070312,91.87000274658205,92.08999633789062,87.17066955566406,1220400
2018-08-21,ZTS,92.54000091552734,92.97000122070312,91.87000274658205,92.08999633789062,87.17066955566406,1220400
2018-08-22,ZTS,89.55999755859375,90.41000366210938,89.1500015258789,89.66999816894531,84.87996673583984,2831000
2018-08-22,ZTS,89.55999755859375,90.41000366210938,89.1500015258789,89.66999816894531,84.87996673583984,2831000
2018-08-23,ZTS,89.80000305175781,90.1999969482422,89.25,89.66999816894531,84.87996673583984,1899800
2018-08-23,ZTS,89.80000305175781,90.1999969482422,89.25,89.66999816894531,84.87996673583984,1899800
2018-08-24,ZTS,89.81999969482422,90.1999969482422,89.30999755859375,89.5999984741211,84.81368255615234,1655600
2018-08-24,ZTS,89.81999969482422,90.1999969482422,89.30999755859375,89.5999984741211,84.81368255615234,1655600
2018-08-27,ZTS,89.91999816894531,90.02999877929688,89.29000091552734,89.37999725341797,84.60545349121094,1536900
2018-08-27,ZTS,89.91999816894531,90.02999877929688,89.29000091552734,89.37999725341797,84.60545349121094,1536900
2018-08-28,ZTS,89.51000213623047,89.58000183105469,88.66000366210938,89.55000305175781,84.76637268066406,2129900
2018-08-28,ZTS,89.51000213623047,89.58000183105469,88.66000366210938,89.55000305175781,84.76637268066406,2129900
2018-08-29,ZTS,89.51000213623047,90.0999984741211,89.02999877929688,89.83000183105469,85.03140258789062,1667100
2018-08-29,ZTS,89.51000213623047,90.0999984741211,89.02999877929688,89.83000183105469,85.03140258789062,1667100
2018-08-30,ZTS,89.7699966430664,90.51000213623048,89.30999755859375,89.80999755859375,85.01248931884766,1443000
2018-08-30,ZTS,89.7699966430664,90.51000213623048,89.30999755859375,89.80999755859375,85.01248931884766,1443000
2018-08-31,ZTS,89.76000213623047,90.7699966430664,89.68000030517578,90.5999984741211,85.76026153564453,2018400
2018-08-31,ZTS,89.76000213623047,90.7699966430664,89.68000030517578,90.5999984741211,85.76026153564453,2018400
2018-09-04,ZTS,90.80999755859376,91.20999908447266,89.69000244140625,89.97000122070312,85.16394805908203,1939000
2018-09-04,ZTS,90.80999755859376,91.20999908447266,89.69000244140625,89.97000122070312,85.16394805908203,1939000
2018-09-05,ZTS,89.7699966430664,89.7699966430664,88.8499984741211,89.05999755859375,84.30252838134766,2167200
2018-09-05,ZTS,89.7699966430664,89.7699966430664,88.8499984741211,89.05999755859375,84.30252838134766,2167200
2018-09-06,ZTS,89.30999755859375,89.97000122070312,88.95999908447266,89.73999786376953,84.94620513916016,1883500
2018-09-06,ZTS,89.30999755859375,89.97000122070312,88.95999908447266,89.73999786376953,84.94620513916016,1883500
2018-09-07,ZTS,89.3499984741211,89.66000366210938,88.91999816894531,89.43000030517578,84.65277862548828,1987000
2018-09-07,ZTS,89.3499984741211,89.66000366210938,88.91999816894531,89.43000030517578,84.65277862548828,1987000
2018-09-10,ZTS,89.83000183105469,90.05999755859375,88.58999633789062,88.87000274658203,84.1226806640625,1289600
2018-09-10,ZTS,89.83000183105469,90.05999755859375,88.58999633789062,88.87000274658203,84.1226806640625,1289600
2018-09-11,ZTS,88.55999755859375,88.87999725341797,87.93000030517578,88.23999786376953,83.52632904052734,2094600
2018-09-11,ZTS,88.55999755859375,88.87999725341797,87.93000030517578,88.23999786376953,83.52632904052734,2094600
2018-09-12,ZTS,88.44999694824219,89.0199966430664,88.0,88.79000091552734,84.04695892333984,1631100
2018-09-12,ZTS,88.44999694824219,89.0199966430664,88.0,88.79000091552734,84.04695892333984,1631100
2018-09-13,ZTS,89.22000122070312,89.88999938964844,88.83999633789062,89.69999694824219,84.9083480834961,2277900
2018-09-13,ZTS,89.22000122070312,89.88999938964844,88.83999633789062,89.69999694824219,84.9083480834961,2277900
2018-09-14,ZTS,89.70999908447266,89.72000122070312,88.8499984741211,89.01000213623047,84.2552261352539,2607900
2018-09-14,ZTS,89.70999908447266,89.72000122070312,88.8499984741211,89.01000213623047,84.2552261352539,2607900
2018-09-17,ZTS,89.05999755859375,89.27999877929688,88.02999877929688,88.30000305175781,83.58312225341797,1667200
2018-09-17,ZTS,89.05999755859375,89.27999877929688,88.02999877929688,88.30000305175781,83.58312225341797,1667200
2018-09-18,ZTS,88.16999816894531,89.48999786376953,88.1500015258789,89.18000030517578,84.41613006591797,1722300
2018-09-18,ZTS,88.16999816894531,89.48999786376953,88.1500015258789,89.18000030517578,84.41613006591797,1722300
2018-09-19,ZTS,89.13999938964844,89.69000244140625,88.79000091552734,89.08000183105469,84.32145690917969,2273400
2018-09-19,ZTS,89.13999938964844,89.69000244140625,88.79000091552734,89.08000183105469,84.32145690917969,2273400
2018-09-20,ZTS,89.72000122070312,90.5,89.31999969482422,90.05999755859375,85.2491226196289,3428300
2018-09-20,ZTS,89.72000122070312,90.5,89.31999969482422,90.05999755859375,85.2491226196289,3428300
2018-09-21,ZTS,90.02999877929688,90.93000030517578,89.79000091552734,89.83000183105469,85.03140258789062,3448400
2018-09-21,ZTS,90.02999877929688,90.93000030517578,89.79000091552734,89.83000183105469,85.03140258789062,3448400
2018-09-24,ZTS,89.55999755859375,89.97000122070312,88.98999786376953,89.6500015258789,84.86101531982422,1526200
2018-09-24,ZTS,89.55999755859375,89.97000122070312,88.98999786376953,89.6500015258789,84.86101531982422,1526200
2018-09-25,ZTS,90.2699966430664,90.87000274658205,90.12999725341795,90.26000213623048,85.43843078613281,1800500
2018-09-25,ZTS,90.2699966430664,90.87000274658205,90.12999725341795,90.26000213623048,85.43843078613281,1800500
2018-09-26,ZTS,90.4499969482422,91.33000183105467,90.26000213623048,90.36000061035156,85.53309631347656,2336200
2018-09-26,ZTS,90.4499969482422,91.33000183105467,90.26000213623048,90.36000061035156,85.53309631347656,2336200
2018-09-27,ZTS,90.58999633789062,91.5,90.58999633789062,91.1999969482422,86.32819366455078,1411300
2018-09-27,ZTS,90.58999633789062,91.5,90.58999633789062,91.1999969482422,86.32819366455078,1411300
2018-09-28,ZTS,91.08000183105467,91.79000091552734,90.7699966430664,91.55999755859376,86.66899871826172,1710900
2018-09-28,ZTS,91.08000183105467,91.79000091552734,90.7699966430664,91.55999755859376,86.66899871826172,1710900
2018-10-01,ZTS,92.02999877929688,92.06999969482422,91.20999908447266,91.66000366210938,86.76366424560547,1891200
2018-10-01,ZTS,92.02999877929688,92.06999969482422,91.20999908447266,91.66000366210938,86.76366424560547,1891200
2018-10-02,ZTS,91.55999755859376,92.08999633789062,91.1999969482422,91.83000183105467,86.92457580566406,2170100
2018-10-02,ZTS,91.55999755859376,92.08999633789062,91.1999969482422,91.83000183105467,86.92457580566406,2170100
2018-10-03,ZTS,92.31999969482422,94.30999755859376,92.1999969482422,93.52999877929688,88.53376007080078,3142100
2018-10-03,ZTS,92.31999969482422,94.30999755859376,92.1999969482422,93.52999877929688,88.53376007080078,3142100
2018-10-04,ZTS,93.27999877929688,93.5,90.56999969482422,91.06999969482422,86.20515441894531,2433800
2018-10-04,ZTS,93.27999877929688,93.5,90.56999969482422,91.06999969482422,86.20515441894531,2433800
2018-10-05,ZTS,91.20999908447266,92.94000244140624,91.20999908447266,91.9499969482422,87.03814697265625,1723500
2018-10-05,ZTS,91.20999908447266,92.94000244140624,91.20999908447266,91.9499969482422,87.03814697265625,1723500
2018-10-08,ZTS,91.63999938964844,92.5,90.7300033569336,91.47000122070312,86.58379364013672,1589200
2018-10-08,ZTS,91.63999938964844,92.5,90.7300033569336,91.47000122070312,86.58379364013672,1589200
2018-10-09,ZTS,91.2300033569336,93.02999877929688,91.02999877929688,92.5500030517578,87.60610961914062,1987900
2018-10-09,ZTS,91.2300033569336,93.02999877929688,91.02999877929688,92.5500030517578,87.60610961914062,1987900
2018-10-10,ZTS,92.7699966430664,92.81999969482422,89.52999877929688,89.62999725341797,84.84208679199219,2140900
2018-10-10,ZTS,92.7699966430664,92.81999969482422,89.52999877929688,89.62999725341797,84.84208679199219,2140900
2018-10-11,ZTS,89.83999633789062,90.16000366210938,86.4000015258789,87.0,82.35259246826172,3134500
2018-10-11,ZTS,89.83999633789062,90.16000366210938,86.4000015258789,87.0,82.35259246826172,3134500
2018-10-12,ZTS,88.1500015258789,89.2699966430664,87.58999633789062,88.9000015258789,84.15107727050781,2436700
2018-10-12,ZTS,88.1500015258789,89.2699966430664,87.58999633789062,88.9000015258789,84.15107727050781,2436700
2018-10-15,ZTS,90.29000091552734,90.9800033569336,89.37000274658203,90.08000183105467,85.26805877685547,2550900
2018-10-15,ZTS,90.29000091552734,90.9800033569336,89.37000274658203,90.08000183105467,85.26805877685547,2550900
2018-10-16,ZTS,90.8499984741211,91.95999908447266,90.29000091552734,91.80999755859376,86.90564727783203,2337600
2018-10-16,ZTS,90.8499984741211,91.95999908447266,90.29000091552734,91.80999755859376,86.90564727783203,2337600
2018-10-17,ZTS,91.79000091552734,92.9800033569336,91.5199966430664,92.79000091552734,87.83325958251953,2127100
2018-10-17,ZTS,91.79000091552734,92.9800033569336,91.5199966430664,92.79000091552734,87.83325958251953,2127100
2018-10-18,ZTS,92.4800033569336,92.94000244140624,91.20999908447266,91.83000183105467,86.92457580566406,1663700
2018-10-18,ZTS,92.4800033569336,92.94000244140624,91.20999908447266,91.83000183105467,86.92457580566406,1663700
2018-10-19,ZTS,91.72000122070312,92.68000030517578,91.23999786376952,91.47000122070312,86.58379364013672,1735400
2018-10-19,ZTS,91.72000122070312,92.68000030517578,91.23999786376952,91.47000122070312,86.58379364013672,1735400
2018-10-22,ZTS,91.7300033569336,92.93000030517578,91.16000366210938,92.8000030517578,87.84275817871094,2750200
2018-10-22,ZTS,91.7300033569336,92.93000030517578,91.16000366210938,92.8000030517578,87.84275817871094,2750200
2018-10-23,ZTS,91.3000030517578,92.37999725341795,89.91000366210938,91.47000122070312,86.58379364013672,2941800
2018-10-23,ZTS,91.3000030517578,92.37999725341795,89.91000366210938,91.47000122070312,86.58379364013672,2941800
2018-10-24,ZTS,91.37999725341795,92.41000366210938,88.61000061035156,88.7699966430664,84.02803802490234,2909600
2018-10-24,ZTS,91.37999725341795,92.41000366210938,88.61000061035156,88.7699966430664,84.02803802490234,2909600
2018-10-25,ZTS,88.95999908447266,91.12000274658205,88.0,90.47000122070312,85.63723754882812,1745300
2018-10-25,ZTS,88.95999908447266,91.12000274658205,88.0,90.47000122070312,85.63723754882812,1745300
2018-10-26,ZTS,89.51000213623047,90.05999755859375,87.75,88.8499984741211,84.103759765625,2284700
2018-10-26,ZTS,89.51000213623047,90.05999755859375,87.75,88.8499984741211,84.103759765625,2284700
2018-10-29,ZTS,89.80000305175781,91.2699966430664,88.44000244140625,89.6500015258789,84.86101531982422,1965600
2018-10-29,ZTS,89.80000305175781,91.2699966430664,88.44000244140625,89.6500015258789,84.86101531982422,1965600
2018-10-30,ZTS,89.25,91.0500030517578,89.04000091552734,90.18000030517578,85.3626937866211,2446800
2018-10-30,ZTS,89.25,91.0500030517578,89.04000091552734,90.18000030517578,85.3626937866211,2446800
2018-10-31,ZTS,91.19000244140624,91.48999786376952,90.06999969482422,90.1500015258789,85.33431243896484,4295600
2018-10-31,ZTS,91.19000244140624,91.48999786376952,90.06999969482422,90.1500015258789,85.33431243896484,4295600
2018-11-01,ZTS,93.7699966430664,96.56999969482422,91.95999908447266,94.25,89.21527862548828,4277000
2018-11-01,ZTS,93.7699966430664,96.56999969482422,91.95999908447266,94.25,89.21527862548828,4277000
2018-11-02,ZTS,94.36000061035156,95.3000030517578,91.63999938964844,92.7699966430664,87.81436157226562,2685300
2018-11-02,ZTS,94.36000061035156,95.3000030517578,91.63999938964844,92.7699966430664,87.81436157226562,2685300
2018-11-05,ZTS,93.0,93.2699966430664,90.5,92.72000122070312,87.76703643798828,3133100
2018-11-05,ZTS,93.0,93.2699966430664,90.5,92.72000122070312,87.76703643798828,3133100
2018-11-06,ZTS,92.79000091552734,93.0,91.77999877929688,92.76000213623048,87.80489349365234,2478900
2018-11-06,ZTS,92.79000091552734,93.0,91.77999877929688,92.76000213623048,87.80489349365234,2478900
2018-11-07,ZTS,93.48999786376952,95.45999908447266,93.48999786376952,95.19000244140624,90.10506439208984,2613700
2018-11-07,ZTS,93.48999786376952,95.45999908447266,93.48999786376952,95.19000244140624,90.10506439208984,2613700
2018-11-08,ZTS,94.86000061035156,95.9000015258789,94.5199966430664,94.9000015258789,89.8305892944336,1760900
2018-11-08,ZTS,94.86000061035156,95.9000015258789,94.5199966430664,94.9000015258789,89.8305892944336,1760900
2018-11-09,ZTS,94.66999816894533,95.51000213623048,94.25,95.2699966430664,90.18081665039062,2137700
2018-11-09,ZTS,94.66999816894533,95.51000213623048,94.25,95.2699966430664,90.18081665039062,2137700
2018-11-12,ZTS,95.18000030517578,95.56999969482422,94.13999938964844,94.43000030517578,89.38569641113281,2375400
2018-11-12,ZTS,95.18000030517578,95.56999969482422,94.13999938964844,94.43000030517578,89.38569641113281,2375400
2018-11-13,ZTS,94.95999908447266,95.58999633789062,93.61000061035156,94.16999816894533,89.13955688476562,1804700
2018-11-13,ZTS,94.95999908447266,95.58999633789062,93.61000061035156,94.16999816894533,89.13955688476562,1804700
2018-11-14,ZTS,94.70999908447266,94.98999786376952,91.66000366210938,92.4800033569336,87.53984069824219,2244100
2018-11-14,ZTS,94.70999908447266,94.98999786376952,91.66000366210938,92.4800033569336,87.53984069824219,2244100
2018-11-15,ZTS,92.19000244140624,92.19000244140624,90.31999969482422,91.62000274658205,86.72577667236328,3887900
2018-11-15,ZTS,92.19000244140624,92.19000244140624,90.31999969482422,91.62000274658205,86.72577667236328,3887900
2018-11-16,ZTS,91.1999969482422,92.66000366210938,91.13999938964844,92.2699966430664,87.34107208251953,1883000
2018-11-16,ZTS,91.1999969482422,92.66000366210938,91.13999938964844,92.2699966430664,87.34107208251953,1883000
2018-11-19,ZTS,92.27999877929688,92.6999969482422,89.30999755859375,90.0999984741211,85.4035873413086,2195800
2018-11-19,ZTS,92.27999877929688,92.6999969482422,89.30999755859375,90.0999984741211,85.4035873413086,2195800
2018-11-20,ZTS,89.3499984741211,90.08999633789062,88.08000183105469,88.41000366210938,83.80167388916016,2606200
2018-11-20,ZTS,89.3499984741211,90.08999633789062,88.08000183105469,88.41000366210938,83.80167388916016,2606200
2018-11-21,ZTS,88.76000213623047,89.33999633789062,88.33000183105469,88.68000030517578,84.05762481689453,2271100
2018-11-21,ZTS,88.76000213623047,89.33999633789062,88.33000183105469,88.68000030517578,84.05762481689453,2271100
2018-11-23,ZTS,88.2300033569336,90.23999786376952,87.9000015258789,89.23999786376953,84.58842468261719,836300
2018-11-23,ZTS,88.2300033569336,90.23999786376952,87.9000015258789,89.23999786376953,84.58842468261719,836300
2018-11-26,ZTS,89.80000305175781,90.2699966430664,88.83000183105469,89.5199966430664,84.85384368896484,1908100
2018-11-26,ZTS,89.80000305175781,90.2699966430664,88.83000183105469,89.5199966430664,84.85384368896484,1908100
2018-11-27,ZTS,88.98999786376953,90.29000091552734,88.83999633789062,90.1999969482422,85.4983901977539,1879300
2018-11-27,ZTS,88.98999786376953,90.29000091552734,88.83999633789062,90.1999969482422,85.4983901977539,1879300
2018-11-28,ZTS,90.6999969482422,92.97000122070312,90.33000183105467,92.8000030517578,87.96287536621094,3411200
2018-11-28,ZTS,90.6999969482422,92.97000122070312,90.33000183105467,92.8000030517578,87.96287536621094,3411200
2018-11-29,ZTS,92.4499969482422,93.3499984741211,91.95999908447266,92.7699966430664,87.93444061279297,1457300
2018-11-29,ZTS,92.4499969482422,93.3499984741211,91.95999908447266,92.7699966430664,87.93444061279297,1457300
2018-11-30,ZTS,92.7699966430664,94.16999816894533,92.45999908447266,93.87000274658205,88.97709655761719,3143500
2018-11-30,ZTS,92.7699966430664,94.16999816894533,92.45999908447266,93.87000274658205,88.97709655761719,3143500
2018-12-03,ZTS,94.63999938964844,94.66999816894533,93.04000091552734,93.56999969482422,88.6927490234375,1969000
2018-12-03,ZTS,94.63999938964844,94.66999816894533,93.04000091552734,93.56999969482422,88.6927490234375,1969000
2018-12-04,ZTS,93.3499984741211,94.48999786376952,90.51000213623048,90.56999969482422,85.84910583496094,2557700
2018-12-04,ZTS,93.3499984741211,94.48999786376952,90.51000213623048,90.56999969482422,85.84910583496094,2557700
2018-12-06,ZTS,89.55999755859375,90.5,87.5,90.41000366210938,85.69745635986328,3006400
2018-12-06,ZTS,89.55999755859375,90.5,87.5,90.41000366210938,85.69745635986328,3006400
2018-12-07,ZTS,90.44000244140624,90.58000183105467,87.51000213623047,88.08999633789062,83.49835968017578,1768900
2018-12-07,ZTS,90.44000244140624,90.58000183105467,87.51000213623047,88.08999633789062,83.49835968017578,1768900
2018-12-10,ZTS,88.19000244140625,89.37000274658203,87.30000305175781,88.91999816894531,84.28511810302734,1930100
2018-12-10,ZTS,88.19000244140625,89.37000274658203,87.30000305175781,88.91999816894531,84.28511810302734,1930100
2018-12-11,ZTS,89.91000366210938,90.5500030517578,88.9800033569336,89.80000305175781,85.1192626953125,1684400
2018-12-11,ZTS,89.91000366210938,90.5500030517578,88.9800033569336,89.80000305175781,85.1192626953125,1684400
2018-12-12,ZTS,90.68000030517578,92.0500030517578,90.66000366210938,90.7300033569336,86.00074768066406,1630100
2018-12-12,ZTS,90.68000030517578,92.0500030517578,90.66000366210938,90.7300033569336,86.00074768066406,1630100
2018-12-13,ZTS,91.2699966430664,92.0,90.5500030517578,90.94000244140624,86.19981384277344,1908500
2018-12-13,ZTS,91.2699966430664,92.0,90.5500030517578,90.94000244140624,86.19981384277344,1908500
2018-12-14,ZTS,90.08000183105467,90.08999633789062,87.91999816894531,88.44999694824219,83.83963012695312,2350900
2018-12-14,ZTS,90.08000183105467,90.08999633789062,87.91999816894531,88.44999694824219,83.83963012695312,2350900
2018-12-17,ZTS,87.58999633789062,87.61000061035156,84.20999908447266,84.94000244140625,80.51258850097656,3374200
2018-12-17,ZTS,87.58999633789062,87.61000061035156,84.20999908447266,84.94000244140625,80.51258850097656,3374200
2018-12-18,ZTS,85.88999938964844,86.0,83.66000366210938,84.98999786376953,80.55995178222656,2972100
2018-12-18,ZTS,85.88999938964844,86.0,83.66000366210938,84.98999786376953,80.55995178222656,2972100
2018-12-19,ZTS,85.54000091552734,86.37000274658203,82.69000244140625,83.44000244140625,79.09076690673828,2922800
2018-12-19,ZTS,85.54000091552734,86.37000274658203,82.69000244140625,83.44000244140625,79.09076690673828,2922800
2018-12-20,ZTS,83.13999938964844,83.70999908447266,81.45999908447266,82.41999816894531,78.12390899658203,2850600
2018-12-20,ZTS,83.13999938964844,83.70999908447266,81.45999908447266,82.41999816894531,78.12390899658203,2850600
2018-12-21,ZTS,82.23999786376953,83.80999755859375,81.55000305175781,81.68000030517578,77.42249298095703,4091700
2018-12-21,ZTS,82.23999786376953,83.80999755859375,81.55000305175781,81.68000030517578,77.42249298095703,4091700
2018-12-24,ZTS,80.91000366210938,80.91000366210938,78.9000015258789,79.27999877929688,75.14759826660156,1551400
2018-12-24,ZTS,80.91000366210938,80.91000366210938,78.9000015258789,79.27999877929688,75.14759826660156,1551400
2018-12-26,ZTS,79.61000061035156,82.94000244140625,79.13999938964844,82.91999816894531,78.59786224365234,1869700
2018-12-26,ZTS,79.61000061035156,82.94000244140625,79.13999938964844,82.91999816894531,78.59786224365234,1869700
2018-12-27,ZTS,81.83000183105469,84.33000183105469,81.18000030517578,84.33000183105469,79.93437194824219,2244700
2018-12-27,ZTS,81.83000183105469,84.33000183105469,81.18000030517578,84.33000183105469,79.93437194824219,2244700
2018-12-28,ZTS,84.83000183105469,85.58999633789062,83.55000305175781,84.48999786376953,80.08601379394531,1797300
2018-12-28,ZTS,84.83000183105469,85.58999633789062,83.55000305175781,84.48999786376953,80.08601379394531,1797300
2018-12-31,ZTS,85.2699966430664,85.58999633789062,84.5999984741211,85.54000091552734,81.08128356933594,1485200
2018-12-31,ZTS,85.2699966430664,85.58999633789062,84.5999984741211,85.54000091552734,81.08128356933594,1485200
2019-01-02,ZTS,84.51000213623047,85.08000183105469,83.75,84.4800033569336,80.07655334472656,2665600
2019-01-02,ZTS,84.51000213623047,85.08000183105469,83.75,84.4800033569336,80.07655334472656,2665600
2019-01-03,ZTS,84.06999969482422,84.23999786376953,81.37000274658203,81.55999755859375,77.30875396728516,2390900
2019-01-03,ZTS,84.06999969482422,84.23999786376953,81.37000274658203,81.55999755859375,77.30875396728516,2390900
2019-01-04,ZTS,82.94000244140625,84.87000274658203,82.51000213623047,84.76000213623047,80.34193420410156,3383500
2019-01-04,ZTS,82.94000244140625,84.87000274658203,82.51000213623047,84.76000213623047,80.34193420410156,3383500
2019-01-07,ZTS,84.83000183105469,86.56999969482422,84.83000183105469,85.2699966430664,80.82537078857422,2360800
2019-01-07,ZTS,84.83000183105469,86.56999969482422,84.83000183105469,85.2699966430664,80.82537078857422,2360800
2019-01-08,ZTS,85.97000122070312,86.55000305175781,85.06999969482422,86.54000091552734,82.0291748046875,2250300
2019-01-08,ZTS,85.97000122070312,86.55000305175781,85.06999969482422,86.54000091552734,82.0291748046875,2250300
2019-01-09,ZTS,86.54000091552734,87.25,86.02999877929688,86.2300033569336,81.73533630371094,3158400
2019-01-09,ZTS,86.54000091552734,87.25,86.02999877929688,86.2300033569336,81.73533630371094,3158400
2019-01-10,ZTS,85.94999694824219,86.22000122070312,85.13999938964844,85.9000015258789,81.42251586914062,1837500
2019-01-10,ZTS,85.94999694824219,86.22000122070312,85.13999938964844,85.9000015258789,81.42251586914062,1837500
2019-01-11,ZTS,85.48999786376953,86.08999633789062,85.25,86.05999755859375,81.57420349121094,1393900
2019-01-11,ZTS,85.48999786376953,86.08999633789062,85.25,86.05999755859375,81.57420349121094,1393900
2019-01-14,ZTS,85.33999633789062,85.69999694824219,84.41000366210938,84.5,80.09549713134766,1592700
2019-01-14,ZTS,85.33999633789062,85.69999694824219,84.41000366210938,84.5,80.09549713134766,1592700
2019-01-15,ZTS,84.5199966430664,85.62999725341797,84.11000061035156,84.80999755859375,80.38932800292969,2277900
2019-01-15,ZTS,84.5199966430664,85.62999725341797,84.11000061035156,84.80999755859375,80.38932800292969,2277900
2019-01-16,ZTS,84.76000213623047,84.9800033569336,83.13999938964844,83.20999908447266,78.87274932861328,3880600
2019-01-16,ZTS,84.76000213623047,84.9800033569336,83.13999938964844,83.20999908447266,78.87274932861328,3880600
2019-01-17,ZTS,82.66999816894531,84.56999969482422,82.26000213623047,84.25,80.01622772216797,2711400
2019-01-17,ZTS,82.66999816894531,84.56999969482422,82.26000213623047,84.25,80.01622772216797,2711400
2019-01-18,ZTS,84.62000274658203,85.1500015258789,83.58000183105469,84.58999633789062,80.33914184570312,3059000
2019-01-18,ZTS,84.62000274658203,85.1500015258789,83.58000183105469,84.58999633789062,80.33914184570312,3059000
2019-01-22,ZTS,84.04000091552734,84.62999725341797,83.44999694824219,84.08999633789062,79.86428833007812,2782900
2019-01-22,ZTS,84.04000091552734,84.62999725341797,83.44999694824219,84.08999633789062,79.86428833007812,2782900
2019-01-23,ZTS,84.08000183105469,84.7699966430664,83.2300033569336,83.69000244140625,79.48438262939453,2073800
2019-01-23,ZTS,84.08000183105469,84.7699966430664,83.2300033569336,83.69000244140625,79.48438262939453,2073800
2019-01-24,ZTS,83.69000244140625,83.93000030517578,82.80000305175781,83.66000366210938,79.45588684082031,2883600
2019-01-24,ZTS,83.69000244140625,83.93000030517578,82.80000305175781,83.66000366210938,79.45588684082031,2883600
2019-01-25,ZTS,84.30999755859375,85.16999816894531,84.16999816894531,84.69000244140625,80.43413543701172,4021400
2019-01-25,ZTS,84.30999755859375,85.16999816894531,84.16999816894531,84.69000244140625,80.43413543701172,4021400
2019-01-28,ZTS,83.91999816894531,83.95999908447266,82.95999908447266,83.6500015258789,79.4463882446289,2471800
2019-01-28,ZTS,83.91999816894531,83.95999908447266,82.95999908447266,83.6500015258789,79.4463882446289,2471800
2019-01-29,ZTS,83.6500015258789,84.5999984741211,83.05999755859375,84.41000366210938,80.1681900024414,1842100
2019-01-29,ZTS,83.6500015258789,84.5999984741211,83.05999755859375,84.41000366210938,80.1681900024414,1842100
2019-01-30,ZTS,84.3499984741211,85.83000183105469,84.3499984741211,85.08999633789062,80.81400299072266,2097300
2019-01-30,ZTS,84.3499984741211,85.83000183105469,84.3499984741211,85.08999633789062,80.81400299072266,2097300
2019-01-31,ZTS,85.05999755859375,86.30000305175781,84.63999938964844,86.16000366210938,81.83025360107422,2620000
2019-01-31,ZTS,85.05999755859375,86.30000305175781,84.63999938964844,86.16000366210938,81.83025360107422,2620000
2019-02-01,ZTS,86.55000305175781,87.37999725341797,85.87999725341797,87.13999938964844,82.76100158691406,2111900
2019-02-01,ZTS,86.55000305175781,87.37999725341797,85.87999725341797,87.13999938964844,82.76100158691406,2111900
2019-02-04,ZTS,87.25,87.37999725341797,86.61000061035156,86.97000122070312,82.59956359863281,1977000
2019-02-04,ZTS,87.25,87.37999725341797,86.61000061035156,86.97000122070312,82.59956359863281,1977000
2019-02-05,ZTS,87.33000183105469,88.05000305175781,86.81999969482422,87.37000274658203,82.97946166992188,3263200
2019-02-05,ZTS,87.33000183105469,88.05000305175781,86.81999969482422,87.37000274658203,82.97946166992188,3263200
2019-02-06,ZTS,87.06999969482422,87.63999938964844,86.61000061035156,87.58000183105469,83.17888641357422,1968900
2019-02-06,ZTS,87.06999969482422,87.63999938964844,86.61000061035156,87.58000183105469,83.17888641357422,1968900
2019-02-07,ZTS,87.25,87.26000213623047,85.69000244140625,86.20999908447266,81.87774658203125,1594400
2019-02-07,ZTS,87.25,87.26000213623047,85.69000244140625,86.20999908447266,81.87774658203125,1594400
2019-02-08,ZTS,85.73999786376953,86.83000183105469,85.38999938964844,86.83000183105469,82.46659851074219,2082700
2019-02-08,ZTS,85.73999786376953,86.83000183105469,85.38999938964844,86.83000183105469,82.46659851074219,2082700
2019-02-11,ZTS,86.91000366210938,87.19999694824219,85.86000061035156,86.2699966430664,81.93470764160156,3361100
2019-02-11,ZTS,86.91000366210938,87.19999694824219,85.86000061035156,86.2699966430664,81.93470764160156,3361100
2019-02-12,ZTS,86.91999816894531,87.58999633789062,86.63999938964844,87.51000213623047,83.11241912841797,2626400
2019-02-12,ZTS,86.91999816894531,87.58999633789062,86.63999938964844,87.51000213623047,83.11241912841797,2626400
2019-02-13,ZTS,87.55999755859375,88.87000274658203,87.55999755859375,88.25,83.81523132324219,3698700
2019-02-13,ZTS,87.55999755859375,88.87000274658203,87.55999755859375,88.25,83.81523132324219,3698700
2019-02-14,ZTS,89.01000213623047,93.56999969482422,88.6500015258789,93.26000213623048,88.57345581054688,5438200
2019-02-14,ZTS,89.01000213623047,93.56999969482422,88.6500015258789,93.26000213623048,88.57345581054688,5438200
2019-02-15,ZTS,93.91999816894533,95.5500030517578,92.91999816894533,95.37000274658205,90.5774383544922,3308200
2019-02-15,ZTS,93.91999816894533,95.5500030517578,92.91999816894533,95.37000274658205,90.5774383544922,3308200
2019-02-19,ZTS,94.75,95.29000091552734,94.55999755859376,94.91000366210938,90.14053344726562,2251400
2019-02-19,ZTS,94.75,95.29000091552734,94.55999755859376,94.91000366210938,90.14053344726562,2251400
2019-02-20,ZTS,94.91000366210938,95.06999969482422,93.66999816894533,94.38999938964844,89.64669036865234,2165700
2019-02-20,ZTS,94.91000366210938,95.06999969482422,93.66999816894533,94.38999938964844,89.64669036865234,2165700
2019-02-21,ZTS,94.2699966430664,94.2699966430664,93.12999725341795,93.47000122070312,88.77290344238281,1903700
2019-02-21,ZTS,94.2699966430664,94.2699966430664,93.12999725341795,93.47000122070312,88.77290344238281,1903700
2019-02-22,ZTS,93.76000213623048,94.66000366210938,93.76000213623048,94.61000061035156,89.8556137084961,1851900
2019-02-22,ZTS,93.76000213623048,94.66000366210938,93.76000213623048,94.61000061035156,89.8556137084961,1851900
2019-02-25,ZTS,95.0,95.18000030517578,94.23999786376952,94.38999938964844,89.64669036865234,1295500
2019-02-25,ZTS,95.0,95.18000030517578,94.23999786376952,94.38999938964844,89.64669036865234,1295500
2019-02-26,ZTS,94.0199966430664,94.5,93.33999633789062,93.48999786376952,88.7918930053711,1829400
2019-02-26,ZTS,94.0199966430664,94.5,93.33999633789062,93.48999786376952,88.7918930053711,1829400
2019-02-27,ZTS,93.33999633789062,94.16000366210938,93.1500015258789,93.8000030517578,89.08633422851562,1535100
2019-02-27,ZTS,93.33999633789062,94.16000366210938,93.1500015258789,93.8000030517578,89.08633422851562,1535100
2019-02-28,ZTS,93.95999908447266,94.66999816894533,93.83999633789062,94.2300033569336,89.49469757080078,2253400
2019-02-28,ZTS,93.95999908447266,94.66999816894533,93.83999633789062,94.2300033569336,89.49469757080078,2253400
2019-03-01,ZTS,94.98999786376952,96.1500015258789,94.51000213623048,95.75,90.9383316040039,2069300
2019-03-01,ZTS,94.98999786376952,96.1500015258789,94.51000213623048,95.75,90.9383316040039,2069300
2019-03-04,ZTS,97.6500015258789,97.9499969482422,95.2699966430664,95.87000274658205,91.05233001708984,2749600
2019-03-04,ZTS,97.6500015258789,97.9499969482422,95.2699966430664,95.87000274658205,91.05233001708984,2749600
2019-03-05,ZTS,96.11000061035156,96.18000030517578,95.33999633789062,95.77999877929688,90.96682739257812,2541000
2019-03-05,ZTS,96.11000061035156,96.18000030517578,95.33999633789062,95.77999877929688,90.96682739257812,2541000
2019-03-06,ZTS,95.9000015258789,95.9000015258789,93.62000274658205,94.16999816894533,89.43772888183594,2113000
2019-03-06,ZTS,95.9000015258789,95.9000015258789,93.62000274658205,94.16999816894533,89.43772888183594,2113000
2019-03-07,ZTS,93.88999938964844,94.29000091552734,92.25,92.5500030517578,87.8991470336914,4092500
2019-03-07,ZTS,93.88999938964844,94.29000091552734,92.25,92.5500030517578,87.8991470336914,4092500
2019-03-08,ZTS,92.26000213623048,92.4499969482422,91.20999908447266,92.41000366210938,87.76618957519531,2412800
2019-03-08,ZTS,92.26000213623048,92.4499969482422,91.20999908447266,92.41000366210938,87.76618957519531,2412800
2019-03-11,ZTS,92.6500015258789,94.7699966430664,92.5500030517578,94.7300033569336,89.96959686279297,2902100
2019-03-11,ZTS,92.6500015258789,94.7699966430664,92.5500030517578,94.7300033569336,89.96959686279297,2902100
2019-03-12,ZTS,95.0,95.95999908447266,94.76000213623048,95.75,90.9383316040039,2433700
2019-03-12,ZTS,95.0,95.95999908447266,94.76000213623048,95.75,90.9383316040039,2433700
2019-03-13,ZTS,96.12000274658205,97.43000030517578,95.86000061035156,96.93000030517578,92.0590362548828,2665100
2019-03-13,ZTS,96.12000274658205,97.43000030517578,95.86000061035156,96.93000030517578,92.0590362548828,2665100
2019-03-14,ZTS,96.6500015258789,96.8499984741211,96.12999725341795,96.1999969482422,91.3656997680664,1751500
2019-03-14,ZTS,96.6500015258789,96.8499984741211,96.12999725341795,96.1999969482422,91.3656997680664,1751500
2019-03-15,ZTS,96.2300033569336,97.2300033569336,95.75,96.91000366210938,92.0400390625,2904400
2019-03-15,ZTS,96.2300033569336,97.2300033569336,95.75,96.91000366210938,92.0400390625,2904400
2019-03-18,ZTS,97.0,97.88999938964844,96.98999786376952,97.7699966430664,92.8568115234375,2144100
2019-03-18,ZTS,97.0,97.88999938964844,96.98999786376952,97.7699966430664,92.8568115234375,2144100
2019-03-19,ZTS,98.08999633789062,99.1500015258789,98.08999633789062,98.72000122070312,93.75908660888672,1903400
2019-03-19,ZTS,98.08999633789062,99.1500015258789,98.08999633789062,98.72000122070312,93.75908660888672,1903400
2019-03-20,ZTS,98.75,99.26000213623048,97.80999755859376,98.5,93.55011749267578,1592000
2019-03-20,ZTS,98.75,99.26000213623048,97.80999755859376,98.5,93.55011749267578,1592000
2019-03-21,ZTS,98.4499969482422,99.91000366210938,98.2300033569336,99.63999938964844,94.63284301757812,1658900
2019-03-21,ZTS,98.4499969482422,99.91000366210938,98.2300033569336,99.63999938964844,94.63284301757812,1658900
2019-03-22,ZTS,99.01000213623048,99.33000183105467,97.87999725341795,97.93000030517578,93.0087890625,1489200
2019-03-22,ZTS,99.01000213623048,99.33000183105467,97.87999725341795,97.93000030517578,93.0087890625,1489200
2019-03-25,ZTS,97.41999816894533,98.55999755859376,97.23999786376952,97.93000030517578,93.0087890625,1402400
2019-03-25,ZTS,97.41999816894533,98.55999755859376,97.23999786376952,97.93000030517578,93.0087890625,1402400
2019-03-26,ZTS,98.54000091552734,99.36000061035156,98.33999633789062,98.81999969482422,93.8540496826172,1795400
2019-03-26,ZTS,98.54000091552734,99.36000061035156,98.33999633789062,98.81999969482422,93.8540496826172,1795400
2019-03-27,ZTS,98.44000244140624,99.30999755859376,98.11000061035156,98.5199966430664,93.5691375732422,1487300
2019-03-27,ZTS,98.44000244140624,99.30999755859376,98.11000061035156,98.5199966430664,93.5691375732422,1487300
2019-03-28,ZTS,98.62999725341795,99.58000183105467,98.58999633789062,99.38999938964844,94.3954086303711,2278700
2019-03-28,ZTS,98.62999725341795,99.58000183105467,98.58999633789062,99.38999938964844,94.3954086303711,2278700
2019-03-29,ZTS,99.87999725341795,100.94000244140624,99.70999908447266,100.66999816894533,95.6111068725586,2323000
2019-03-29,ZTS,99.87999725341795,100.94000244140624,99.70999908447266,100.66999816894533,95.6111068725586,2323000
2019-04-01,ZTS,102.41000366210938,102.47000122070312,101.29000091552734,101.54000091552734,96.43736267089844,2659700
2019-04-01,ZTS,102.41000366210938,102.47000122070312,101.29000091552734,101.54000091552734,96.43736267089844,2659700
2019-04-02,ZTS,101.73999786376952,102.37999725341795,101.56999969482422,102.04000091552734,96.9122314453125,1737900
2019-04-02,ZTS,101.73999786376952,102.37999725341795,101.56999969482422,102.04000091552734,96.9122314453125,1737900
2019-04-03,ZTS,102.33000183105467,102.66999816894533,101.58000183105467,102.12000274658205,96.98822021484376,1737000
2019-04-03,ZTS,102.33000183105467,102.66999816894533,101.58000183105467,102.12000274658205,96.98822021484376,1737000
2019-04-04,ZTS,102.19000244140624,102.4000015258789,100.63999938964844,101.9800033569336,96.85526275634766,2475500
2019-04-04,ZTS,102.19000244140624,102.4000015258789,100.63999938964844,101.9800033569336,96.85526275634766,2475500
2019-04-05,ZTS,102.51000213623048,103.33000183105467,101.68000030517578,102.12000274658205,96.98822021484376,1865700
2019-04-05,ZTS,102.51000213623048,103.33000183105467,101.68000030517578,102.12000274658205,96.98822021484376,1865700
2019-04-08,ZTS,102.2300033569336,102.5,101.6999969482422,102.2300033569336,97.0927276611328,1909500
2019-04-08,ZTS,102.2300033569336,102.5,101.6999969482422,102.2300033569336,97.0927276611328,1909500
2019-04-09,ZTS,101.58999633789062,101.9499969482422,101.19000244140624,101.45999908447266,96.36138916015624,1657100
2019-04-09,ZTS,101.58999633789062,101.9499969482422,101.19000244140624,101.45999908447266,96.36138916015624,1657100
2019-04-10,ZTS,101.75,101.9800033569336,101.22000122070312,101.33000183105467,96.2379150390625,1566700
2019-04-10,ZTS,101.75,101.9800033569336,101.22000122070312,101.33000183105467,96.2379150390625,1566700
2019-04-11,ZTS,101.6500015258789,101.73999786376952,100.75,101.05999755859376,95.9814910888672,1062700
2019-04-11,ZTS,101.6500015258789,101.73999786376952,100.75,101.05999755859376,95.9814910888672,1062700
2019-04-12,ZTS,101.55999755859376,101.93000030517578,100.91999816894533,101.66999816894533,96.5608139038086,1829000
2019-04-12,ZTS,101.55999755859376,101.93000030517578,100.91999816894533,101.66999816894533,96.5608139038086,1829000
2019-04-15,ZTS,101.86000061035156,102.0,101.16999816894533,101.26000213623048,96.17145538330078,1680400
2019-04-15,ZTS,101.86000061035156,102.0,101.16999816894533,101.26000213623048,96.17145538330078,1680400
2019-04-16,ZTS,101.95999908447266,102.33000183105467,99.0500030517578,99.16999816894533,94.18647003173828,2014200
2019-04-16,ZTS,101.95999908447266,102.33000183105467,99.0500030517578,99.16999816894533,94.18647003173828,2014200
2019-04-17,ZTS,99.41000366210938,99.93000030517578,96.88999938964844,97.9800033569336,93.21041107177734,2142500
2019-04-17,ZTS,99.41000366210938,99.93000030517578,96.88999938964844,97.9800033569336,93.21041107177734,2142500
2019-04-18,ZTS,98.52999877929688,99.25,97.0999984741211,99.02999877929688,94.20931243896484,3420400
2019-04-18,ZTS,98.52999877929688,99.25,97.0999984741211,99.02999877929688,94.20931243896484,3420400
2019-04-22,ZTS,98.72000122070312,100.1500015258789,98.63999938964844,100.12000274658205,95.24624633789062,2058500
2019-04-22,ZTS,98.72000122070312,100.1500015258789,98.63999938964844,100.12000274658205,95.24624633789062,2058500
2019-04-23,ZTS,100.26000213623048,102.1500015258789,99.5999984741211,101.97000122070312,97.00617980957033,2716900
2019-04-23,ZTS,100.26000213623048,102.1500015258789,99.5999984741211,101.97000122070312,97.00617980957033,2716900
2019-04-24,ZTS,101.88999938964844,102.23999786376952,101.02999877929688,101.0999984741211,96.17854309082033,2196400
2019-04-24,ZTS,101.88999938964844,102.23999786376952,101.02999877929688,101.0999984741211,96.17854309082033,2196400
2019-04-25,ZTS,100.7699966430664,102.01000213623048,100.01000213623048,101.83000183105467,96.87299346923828,1494200
2019-04-25,ZTS,100.7699966430664,102.01000213623048,100.01000213623048,101.83000183105467,96.87299346923828,1494200
2019-04-26,ZTS,102.23999786376952,103.38999938964844,101.16000366210938,103.3499984741211,98.3189926147461,2035400
2019-04-26,ZTS,102.23999786376952,103.38999938964844,101.16000366210938,103.3499984741211,98.3189926147461,2035400
2019-04-29,ZTS,102.6999969482422,103.16999816894533,100.87999725341795,101.26000213623048,96.33074188232422,3445100
2019-04-29,ZTS,102.6999969482422,103.16999816894533,100.87999725341795,101.26000213623048,96.33074188232422,3445100
2019-04-30,ZTS,101.23999786376952,102.26000213623048,100.62999725341795,101.83999633789062,96.8825225830078,2356400
2019-04-30,ZTS,101.23999786376952,102.26000213623048,100.62999725341795,101.83999633789062,96.8825225830078,2356400
2019-05-01,ZTS,102.12000274658205,102.8000030517578,101.0,101.79000091552734,96.83496856689452,2095100
2019-05-01,ZTS,102.12000274658205,102.8000030517578,101.0,101.79000091552734,96.83496856689452,2095100
2019-05-02,ZTS,100.2699966430664,103.16999816894533,100.2699966430664,103.1500015258789,98.1287612915039,2003600
2019-05-02,ZTS,100.2699966430664,103.16999816894533,100.2699966430664,103.1500015258789,98.1287612915039,2003600
2019-05-03,ZTS,102.54000091552734,103.97000122070312,102.0,103.75,98.69954681396484,1965200
2019-05-03,ZTS,102.54000091552734,103.97000122070312,102.0,103.75,98.69954681396484,1965200
2019-05-06,ZTS,102.26000213623048,103.58000183105467,102.19000244140624,103.33000183105467,98.29999542236328,1301000
2019-05-06,ZTS,102.26000213623048,103.58000183105467,102.19000244140624,103.33000183105467,98.29999542236328,1301000
2019-05-07,ZTS,102.63999938964844,102.91999816894533,100.58000183105467,101.37000274658205,96.43539428710938,1673400
2019-05-07,ZTS,102.63999938964844,102.91999816894533,100.58000183105467,101.37000274658205,96.43539428710938,1673400
2019-05-08,ZTS,101.13999938964844,102.2699966430664,101.13999938964844,101.86000061035156,96.90152740478516,1367600
2019-05-08,ZTS,101.13999938964844,102.2699966430664,101.13999938964844,101.86000061035156,96.90152740478516,1367600
2019-05-09,ZTS,101.19000244140624,102.56999969482422,100.9800033569336,101.66999816894533,96.72077178955078,1517100
2019-05-09,ZTS,101.19000244140624,102.56999969482422,100.9800033569336,101.66999816894533,96.72077178955078,1517100
2019-05-10,ZTS,101.58000183105467,102.5,100.04000091552734,102.29000091552734,97.31061553955078,1885800
2019-05-10,ZTS,101.58000183105467,102.5,100.04000091552734,102.29000091552734,97.31061553955078,1885800
2019-05-13,ZTS,100.5199966430664,101.83999633789062,100.30999755859376,101.3499984741211,96.41636657714844,1754400
2019-05-13,ZTS,100.5199966430664,101.83999633789062,100.30999755859376,101.3499984741211,96.41636657714844,1754400
2019-05-14,ZTS,101.88999938964844,102.30999755859376,101.20999908447266,101.25,96.32123565673828,1711700
2019-05-14,ZTS,101.88999938964844,102.30999755859376,101.20999908447266,101.25,96.32123565673828,1711700
2019-05-15,ZTS,100.73999786376952,102.43000030517578,100.6500015258789,101.83999633789062,96.8825225830078,1459500
2019-05-15,ZTS,100.73999786376952,102.43000030517578,100.6500015258789,101.83999633789062,96.8825225830078,1459500
2019-05-16,ZTS,102.4000015258789,103.83999633789062,102.3000030517578,102.93000030517578,97.9194564819336,1929800
2019-05-16,ZTS,102.4000015258789,103.83999633789062,102.3000030517578,102.93000030517578,97.9194564819336,1929800
2019-05-17,ZTS,101.6999969482422,102.54000091552734,101.36000061035156,101.97000122070312,97.00617980957033,2042100
2019-05-17,ZTS,101.6999969482422,102.54000091552734,101.36000061035156,101.97000122070312,97.00617980957033,2042100
2019-05-20,ZTS,101.63999938964844,102.47000122070312,101.23999786376952,102.22000122070312,97.2440414428711,1665000
2019-05-20,ZTS,101.63999938964844,102.47000122070312,101.23999786376952,102.22000122070312,97.2440414428711,1665000
2019-05-21,ZTS,102.75,103.3000030517578,102.29000091552734,102.37999725341795,97.39623260498048,1166700
2019-05-21,ZTS,102.75,103.3000030517578,102.29000091552734,102.37999725341795,97.39623260498048,1166700
2019-05-22,ZTS,102.37000274658205,103.44000244140624,101.83999633789062,102.94000244140624,97.92896270751952,1059200
2019-05-22,ZTS,102.37000274658205,103.44000244140624,101.83999633789062,102.94000244140624,97.92896270751952,1059200
2019-05-23,ZTS,102.77999877929688,103.05999755859376,101.95999908447266,102.88999938964844,97.88138580322266,1726200
2019-05-23,ZTS,102.77999877929688,103.05999755859376,101.95999908447266,102.88999938964844,97.88138580322266,1726200
2019-05-24,ZTS,103.5,104.41000366210938,102.3000030517578,102.4000015258789,97.4152374267578,1266700
2019-05-24,ZTS,103.5,104.41000366210938,102.3000030517578,102.4000015258789,97.4152374267578,1266700
2019-05-28,ZTS,102.5999984741211,103.56999969482422,101.4000015258789,102.0199966430664,97.05374908447266,4303700
2019-05-28,ZTS,102.5999984741211,103.56999969482422,101.4000015258789,102.0199966430664,97.05374908447266,4303700
2019-05-29,ZTS,101.75,102.02999877929688,100.66999816894533,101.1500015258789,96.22610473632812,1883100
2019-05-29,ZTS,101.75,102.02999877929688,100.66999816894533,101.1500015258789,96.22610473632812,1883100
2019-05-30,ZTS,101.3000030517578,102.3499984741211,101.23999786376952,102.33000183105467,97.34867095947266,1281800
2019-05-30,ZTS,101.3000030517578,102.3499984741211,101.23999786376952,102.33000183105467,97.34867095947266,1281800
2019-05-31,ZTS,101.48999786376952,102.29000091552734,100.55999755859376,101.0500030517578,96.13096618652344,1642100
2019-05-31,ZTS,101.48999786376952,102.29000091552734,100.55999755859376,101.0500030517578,96.13096618652344,1642100
2019-06-03,ZTS,101.54000091552734,104.87000274658205,101.54000091552734,103.9499969482422,98.88980102539062,3397100
2019-06-03,ZTS,101.54000091552734,104.87000274658205,101.54000091552734,103.9499969482422,98.88980102539062,3397100
2019-06-04,ZTS,105.08000183105467,108.2300033569336,104.86000061035156,108.12000274658205,102.8568115234375,3712100
2019-06-04,ZTS,105.08000183105467,108.2300033569336,104.86000061035156,108.12000274658205,102.8568115234375,3712100
2019-06-05,ZTS,108.31999969482422,109.36000061035156,108.3000030517578,108.5,103.21831512451172,3224100
2019-06-05,ZTS,108.31999969482422,109.36000061035156,108.3000030517578,108.5,103.21831512451172,3224100
2019-06-06,ZTS,108.68000030517578,110.36000061035156,108.38999938964844,108.88999938964844,103.5893325805664,3123400
2019-06-06,ZTS,108.68000030517578,110.36000061035156,108.38999938964844,108.88999938964844,103.5893325805664,3123400
2019-06-07,ZTS,109.0500030517578,110.9000015258789,109.0500030517578,110.05999755859376,104.70237731933594,1964800
2019-06-07,ZTS,109.0500030517578,110.9000015258789,109.0500030517578,110.05999755859376,104.70237731933594,1964800
2019-06-10,ZTS,110.27999877929688,110.7300033569336,109.0999984741211,110.22000122070312,104.85457611083984,2730000
2019-06-10,ZTS,110.27999877929688,110.7300033569336,109.0999984741211,110.22000122070312,104.85457611083984,2730000
2019-06-11,ZTS,110.5,111.66000366210938,109.52999877929688,110.16000366210938,104.79751586914062,1706300
2019-06-11,ZTS,110.5,111.66000366210938,109.52999877929688,110.16000366210938,104.79751586914062,1706300
2019-06-12,ZTS,110.08999633789062,111.6999969482422,110.08999633789062,111.44000244140624,106.01519012451172,1907300
2019-06-12,ZTS,110.08999633789062,111.6999969482422,110.08999633789062,111.44000244140624,106.01519012451172,1907300
2019-06-13,ZTS,111.98999786376952,112.25,109.5999984741211,110.02999877929688,104.673828125,1790000
2019-06-13,ZTS,111.98999786376952,112.25,109.5999984741211,110.02999877929688,104.673828125,1790000
2019-06-14,ZTS,109.72000122070312,111.4499969482422,109.51000213623048,110.79000091552734,105.39683532714844,1790100
2019-06-14,ZTS,109.72000122070312,111.4499969482422,109.51000213623048,110.79000091552734,105.39683532714844,1790100
2019-06-17,ZTS,110.95999908447266,111.25,110.04000091552734,110.80999755859376,105.4158706665039,1726700
2019-06-17,ZTS,110.95999908447266,111.25,110.04000091552734,110.80999755859376,105.4158706665039,1726700
2019-06-18,ZTS,111.16999816894533,113.48999786376952,110.72000122070312,113.37999725341795,107.86075592041016,2572900
2019-06-18,ZTS,111.16999816894533,113.48999786376952,110.72000122070312,113.37999725341795,107.86075592041016,2572900
2019-06-19,ZTS,113.33000183105467,114.4499969482422,113.02999877929688,114.27999877929688,108.71695709228516,2026700
2019-06-19,ZTS,113.33000183105467,114.4499969482422,113.02999877929688,114.27999877929688,108.71695709228516,2026700
2019-06-20,ZTS,115.33000183105467,116.47000122070312,112.80999755859376,112.97000122070312,107.4707260131836,3083300
2019-06-20,ZTS,115.33000183105467,116.47000122070312,112.80999755859376,112.97000122070312,107.4707260131836,3083300
2019-06-21,ZTS,112.76000213623048,113.91000366210938,111.9000015258789,112.87999725341795,107.38509368896484,3468800
2019-06-21,ZTS,112.76000213623048,113.91000366210938,111.9000015258789,112.87999725341795,107.38509368896484,3468800
2019-06-24,ZTS,113.36000061035156,114.02999877929688,112.47000122070312,113.47000122070312,107.94636535644533,1875700
2019-06-24,ZTS,113.36000061035156,114.02999877929688,112.47000122070312,113.47000122070312,107.94636535644533,1875700
2019-06-25,ZTS,113.93000030517578,115.41999816894533,113.72000122070312,113.86000061035156,108.31739044189452,1669200
2019-06-25,ZTS,113.93000030517578,115.41999816894533,113.72000122070312,113.86000061035156,108.31739044189452,1669200
2019-06-26,ZTS,113.97000122070312,114.41000366210938,111.66999816894533,113.0500030517578,107.54682159423828,1743100
2019-06-26,ZTS,113.97000122070312,114.41000366210938,111.66999816894533,113.0500030517578,107.54682159423828,1743100
2019-06-27,ZTS,113.1999969482422,113.77999877929688,112.58000183105467,112.76000213623048,107.27093505859376,1348800
2019-06-27,ZTS,113.1999969482422,113.77999877929688,112.58000183105467,112.76000213623048,107.27093505859376,1348800
2019-06-28,ZTS,113.08999633789062,113.61000061035156,112.27999877929688,113.48999786376952,107.96540069580078,2414100
2019-06-28,ZTS,113.08999633789062,113.61000061035156,112.27999877929688,113.48999786376952,107.96540069580078,2414100
2019-07-01,ZTS,114.33000183105467,114.41000366210938,113.08999633789062,113.56999969482422,108.04151153564452,1470700
2019-07-01,ZTS,114.33000183105467,114.41000366210938,113.08999633789062,113.56999969482422,108.04151153564452,1470700
2019-07-02,ZTS,113.94000244140624,114.7699966430664,113.20999908447266,114.58999633789062,109.01185607910156,1568100
2019-07-02,ZTS,113.94000244140624,114.7699966430664,113.20999908447266,114.58999633789062,109.01185607910156,1568100
2019-07-03,ZTS,115.19000244140624,115.41999816894533,114.2699966430664,115.33999633789062,109.7253189086914,1052000
2019-07-03,ZTS,115.19000244140624,115.41999816894533,114.2699966430664,115.33999633789062,109.7253189086914,1052000
2019-07-05,ZTS,115.33999633789062,115.62999725341795,113.91000366210938,114.18000030517578,108.62181091308594,1762400
2019-07-05,ZTS,115.33999633789062,115.62999725341795,113.91000366210938,114.18000030517578,108.62181091308594,1762400
2019-07-08,ZTS,113.79000091552734,114.36000061035156,113.3000030517578,114.0999984741211,108.54571533203124,1267300
2019-07-08,ZTS,113.79000091552734,114.36000061035156,113.3000030517578,114.0999984741211,108.54571533203124,1267300
2019-07-09,ZTS,113.16000366210938,114.76000213623048,112.75,113.26000213623048,107.7466049194336,2722000
2019-07-09,ZTS,113.16000366210938,114.76000213623048,112.75,113.26000213623048,107.7466049194336,2722000
2019-07-10,ZTS,113.66999816894533,115.62000274658205,113.18000030517578,114.56999969482422,108.99282836914062,1763700
2019-07-10,ZTS,113.66999816894533,115.62000274658205,113.18000030517578,114.56999969482422,108.99282836914062,1763700
2019-07-11,ZTS,114.31999969482422,114.55999755859376,113.33000183105467,114.3499984741211,108.78353118896484,1588000
2019-07-11,ZTS,114.31999969482422,114.55999755859376,113.33000183105467,114.3499984741211,108.78353118896484,1588000
2019-07-12,ZTS,114.61000061035156,114.95999908447266,112.43000030517578,113.30999755859376,107.7941665649414,1473400
2019-07-12,ZTS,114.61000061035156,114.95999908447266,112.43000030517578,113.30999755859376,107.7941665649414,1473400
2019-07-15,ZTS,113.16000366210938,113.7699966430664,112.51000213623048,113.56999969482422,108.04151153564452,1255200
2019-07-15,ZTS,113.16000366210938,113.7699966430664,112.51000213623048,113.56999969482422,108.04151153564452,1255200
2019-07-16,ZTS,114.2699966430664,115.04000091552734,113.47000122070312,113.4800033569336,107.95590209960938,1214600
2019-07-16,ZTS,114.2699966430664,115.04000091552734,113.47000122070312,113.4800033569336,107.95590209960938,1214600
2019-07-17,ZTS,114.0,114.95999908447266,113.56999969482422,113.68000030517578,108.14615631103516,1930300
2019-07-17,ZTS,114.0,114.95999908447266,113.56999969482422,113.68000030517578,108.14615631103516,1930300
2019-07-18,ZTS,114.3499984741211,115.1999969482422,114.0199966430664,114.94000244140624,109.50281524658205,1177700
2019-07-18,ZTS,114.3499984741211,115.1999969482422,114.0199966430664,114.94000244140624,109.50281524658205,1177700
2019-07-19,ZTS,115.63999938964844,115.88999938964844,114.01000213623048,114.08999633789062,108.69300842285156,1839000
2019-07-19,ZTS,115.63999938964844,115.88999938964844,114.01000213623048,114.08999633789062,108.69300842285156,1839000
2019-07-22,ZTS,115.08999633789062,116.69000244140624,114.22000122070312,115.94000244140624,110.45549011230467,3063400
2019-07-22,ZTS,115.08999633789062,116.69000244140624,114.22000122070312,115.94000244140624,110.45549011230467,3063400
2019-07-23,ZTS,115.62000274658205,116.13999938964844,114.44000244140624,115.94000244140624,110.45549011230467,1209600
2019-07-23,ZTS,115.62000274658205,116.13999938964844,114.44000244140624,115.94000244140624,110.45549011230467,1209600
2019-07-24,ZTS,115.80999755859376,115.94000244140624,114.04000091552734,115.44000244140624,109.97914123535156,1581200
2019-07-24,ZTS,115.80999755859376,115.94000244140624,114.04000091552734,115.44000244140624,109.97914123535156,1581200
2019-07-25,ZTS,115.41999816894533,115.9800033569336,114.47000122070312,114.6500015258789,109.22650146484376,1174500
2019-07-25,ZTS,115.41999816894533,115.9800033569336,114.47000122070312,114.6500015258789,109.22650146484376,1174500
2019-07-26,ZTS,115.1500015258789,115.1500015258789,114.45999908447266,115.11000061035156,109.66475677490234,1574100
2019-07-26,ZTS,115.1500015258789,115.1500015258789,114.45999908447266,115.11000061035156,109.66475677490234,1574100
2019-07-29,ZTS,115.06999969482422,115.9800033569336,114.4000015258789,115.5500030517578,110.0839385986328,1541500
2019-07-29,ZTS,115.06999969482422,115.9800033569336,114.4000015258789,115.5500030517578,110.0839385986328,1541500
2019-07-30,ZTS,115.0,115.83999633789062,114.30999755859376,115.79000091552734,110.31259155273438,1380800
2019-07-30,ZTS,115.0,115.83999633789062,114.30999755859376,115.79000091552734,110.31259155273438,1380800
2019-07-31,ZTS,115.47000122070312,116.36000061035156,114.36000061035156,114.88999938964844,109.45516204833984,2099800
2019-07-31,ZTS,115.47000122070312,116.36000061035156,114.36000061035156,114.88999938964844,109.45516204833984,2099800
2019-08-01,ZTS,114.9000015258789,117.02999877929688,114.0199966430664,115.6999969482422,110.2268295288086,2101200
2019-08-01,ZTS,114.9000015258789,117.02999877929688,114.0199966430664,115.6999969482422,110.2268295288086,2101200
2019-08-02,ZTS,115.6999969482422,116.9800033569336,115.41999816894533,116.36000061035156,110.85562896728516,2227000
2019-08-02,ZTS,115.6999969482422,116.9800033569336,115.41999816894533,116.36000061035156,110.85562896728516,2227000
2019-08-05,ZTS,115.06999969482422,115.5199966430664,111.87000274658205,112.56999969482422,107.2448959350586,3488100
2019-08-05,ZTS,115.06999969482422,115.5199966430664,111.87000274658205,112.56999969482422,107.2448959350586,3488100
2019-08-06,ZTS,117.58999633789062,121.80999755859376,117.4800033569336,121.16999816894533,115.43809509277344,4042200
2019-08-06,ZTS,117.58999633789062,121.80999755859376,117.4800033569336,121.16999816894533,115.43809509277344,4042200
2019-08-07,ZTS,120.5500030517578,121.4000015258789,118.55999755859376,120.88999938964844,115.17131805419922,2659000
2019-08-07,ZTS,120.5500030517578,121.4000015258789,118.55999755859376,120.88999938964844,115.17131805419922,2659000
2019-08-08,ZTS,122.05999755859376,124.33999633789062,121.5,124.11000061035156,118.2389907836914,2295000
2019-08-08,ZTS,122.05999755859376,124.33999633789062,121.5,124.11000061035156,118.2389907836914,2295000
2019-08-09,ZTS,124.12000274658205,125.87999725341795,123.91999816894533,125.06999969482422,119.15357208251952,1658000
2019-08-09,ZTS,124.12000274658205,125.87999725341795,123.91999816894533,125.06999969482422,119.15357208251952,1658000
2019-08-12,ZTS,123.97000122070312,124.47000122070312,122.2699966430664,123.95999908447266,118.09611511230467,1291500
2019-08-12,ZTS,123.97000122070312,124.47000122070312,122.2699966430664,123.95999908447266,118.09611511230467,1291500
2019-08-13,ZTS,122.54000091552734,125.4800033569336,122.54000091552734,124.6999969482422,118.80109405517578,1784700
2019-08-13,ZTS,122.54000091552734,125.4800033569336,122.54000091552734,124.6999969482422,118.80109405517578,1784700
2019-08-14,ZTS,123.4000015258789,124.41999816894533,121.58000183105467,121.79000091552734,116.02875518798828,1875200
2019-08-14,ZTS,123.4000015258789,124.41999816894533,121.58000183105467,121.79000091552734,116.02875518798828,1875200
2019-08-15,ZTS,121.87999725341795,124.11000061035156,121.52999877929688,123.68000030517578,117.82935333251952,1650300
2019-08-15,ZTS,121.87999725341795,124.11000061035156,121.52999877929688,123.68000030517578,117.82935333251952,1650300
2019-08-16,ZTS,124.31999969482422,125.5999984741211,123.97000122070312,125.37000274658205,119.43941497802734,1209700
2019-08-16,ZTS,124.31999969482422,125.5999984741211,123.97000122070312,125.37000274658205,119.43941497802734,1209700
2019-08-19,ZTS,126.0199966430664,127.37000274658205,125.6500015258789,126.75,120.75414276123048,1137000
2019-08-19,ZTS,126.0199966430664,127.37000274658205,125.6500015258789,126.75,120.75414276123048,1137000
2019-08-20,ZTS,127.54000091552734,128.41000366210938,125.94000244140624,126.0500030517578,120.08723449707033,1657100
2019-08-20,ZTS,127.54000091552734,128.41000366210938,125.94000244140624,126.0500030517578,120.08723449707033,1657100
2019-08-21,ZTS,126.83999633789062,128.1300048828125,126.1999969482422,127.63999938964844,121.60201263427734,1875000
2019-08-21,ZTS,126.83999633789062,128.1300048828125,126.1999969482422,127.63999938964844,121.60201263427734,1875000
2019-08-22,ZTS,127.87999725341795,128.11000061035156,125.5199966430664,126.63999938964844,120.64934539794922,2397900
2019-08-22,ZTS,127.87999725341795,128.11000061035156,125.5199966430664,126.63999938964844,120.64934539794922,2397900
2019-08-23,ZTS,126.58000183105467,127.48999786376952,122.41999816894533,123.06999969482422,117.24819946289062,2321400
2019-08-23,ZTS,126.58000183105467,127.48999786376952,122.41999816894533,123.06999969482422,117.24819946289062,2321400
2019-08-26,ZTS,124.30999755859376,126.23999786376952,124.25,126.1999969482422,120.2301254272461,1267400
2019-08-26,ZTS,124.30999755859376,126.23999786376952,124.25,126.1999969482422,120.2301254272461,1267400
2019-08-27,ZTS,127.01000213623048,127.47000122070312,124.75,125.23999786376952,119.3155517578125,2394900
2019-08-27,ZTS,127.01000213623048,127.47000122070312,124.75,125.23999786376952,119.3155517578125,2394900
2019-08-28,ZTS,124.75,126.2699966430664,124.45999908447266,125.7699966430664,119.82047271728516,1110400
2019-08-28,ZTS,124.75,126.2699966430664,124.45999908447266,125.7699966430664,119.82047271728516,1110400
2019-08-29,ZTS,126.47000122070312,126.95999908447266,125.1999969482422,126.68000030517578,120.68743896484376,1498800
2019-08-29,ZTS,126.47000122070312,126.95999908447266,125.1999969482422,126.68000030517578,120.68743896484376,1498800
2019-08-30,ZTS,127.12999725341795,127.44000244140624,125.66000366210938,126.41999816894533,120.4397430419922,1601200
2019-08-30,ZTS,127.12999725341795,127.44000244140624,125.66000366210938,126.41999816894533,120.4397430419922,1601200
2019-09-03,ZTS,126.12999725341795,127.4499969482422,125.9800033569336,127.04000091552734,121.03041076660156,1887400
2019-09-03,ZTS,126.12999725341795,127.4499969482422,125.9800033569336,127.04000091552734,121.03041076660156,1887400
2019-09-04,ZTS,127.6500015258789,127.79000091552734,126.58000183105467,127.58999633789062,121.55438232421876,1953900
2019-09-04,ZTS,127.6500015258789,127.79000091552734,126.58000183105467,127.58999633789062,121.55438232421876,1953900
2019-09-05,ZTS,128.6999969482422,129.02999877929688,127.70999908447266,128.07000732421875,122.01168060302734,1721400
2019-09-05,ZTS,128.6999969482422,129.02999877929688,127.70999908447266,128.07000732421875,122.01168060302734,1721400
2019-09-06,ZTS,128.27999877929688,129.47999572753906,127.86000061035156,128.42999267578125,122.35464477539062,1698200
2019-09-06,ZTS,128.27999877929688,129.47999572753906,127.86000061035156,128.42999267578125,122.35464477539062,1698200
2019-09-09,ZTS,130.0800018310547,130.0800018310547,125.79000091552734,126.66000366210938,120.66836547851562,2601600
2019-09-09,ZTS,130.0800018310547,130.0800018310547,125.79000091552734,126.66000366210938,120.66836547851562,2601600
2019-09-10,ZTS,125.81999969482422,125.81999969482422,121.61000061035156,123.02999877929688,117.2101058959961,3089400
2019-09-10,ZTS,125.81999969482422,125.81999969482422,121.61000061035156,123.02999877929688,117.2101058959961,3089400
2019-09-11,ZTS,123.0199966430664,124.27999877929688,120.01000213623048,120.6999969482422,114.99030303955078,3365700
2019-09-11,ZTS,123.0199966430664,124.27999877929688,120.01000213623048,120.6999969482422,114.99030303955078,3365700
2019-09-12,ZTS,121.29000091552734,122.86000061035156,121.05999755859376,121.69000244140624,115.9334945678711,2444800
2019-09-12,ZTS,121.29000091552734,122.86000061035156,121.05999755859376,121.69000244140624,115.9334945678711,2444800
2019-09-13,ZTS,121.70999908447266,122.1999969482422,120.23999786376952,121.0199966430664,115.2951889038086,3116200
2019-09-13,ZTS,121.70999908447266,122.1999969482422,120.23999786376952,121.0199966430664,115.2951889038086,3116200
2019-09-16,ZTS,120.0,120.73999786376952,119.5199966430664,119.63999938964844,113.98043823242188,2651000
2019-09-16,ZTS,120.0,120.73999786376952,119.5199966430664,119.63999938964844,113.98043823242188,2651000
2019-09-17,ZTS,120.06999969482422,122.8499984741211,120.06999969482422,122.41999816894533,116.62894439697266,2182300
2019-09-17,ZTS,120.06999969482422,122.8499984741211,120.06999969482422,122.41999816894533,116.62894439697266,2182300
2019-09-18,ZTS,122.77999877929688,123.56999969482422,121.98999786376952,123.23999786376952,117.4101791381836,1673800
2019-09-18,ZTS,122.77999877929688,123.56999969482422,121.98999786376952,123.23999786376952,117.4101791381836,1673800
2019-09-19,ZTS,123.4000015258789,124.8499984741211,123.31999969482422,124.2699966430664,118.39142608642578,1424200
2019-09-19,ZTS,123.4000015258789,124.8499984741211,123.31999969482422,124.2699966430664,118.39142608642578,1424200
2019-09-20,ZTS,124.91999816894533,126.13999938964844,124.63999938964844,125.62000274658205,119.67757415771484,2572300
2019-09-20,ZTS,124.91999816894533,126.13999938964844,124.63999938964844,125.62000274658205,119.67757415771484,2572300
2019-09-23,ZTS,125.3499984741211,126.4499969482422,124.2699966430664,125.08000183105467,119.16312408447266,1574800
2019-09-23,ZTS,125.3499984741211,126.4499969482422,124.2699966430664,125.08000183105467,119.16312408447266,1574800
2019-09-24,ZTS,125.4800033569336,126.37000274658205,124.55999755859376,125.0500030517578,119.1345443725586,1843800
2019-09-24,ZTS,125.4800033569336,126.37000274658205,124.55999755859376,125.0500030517578,119.1345443725586,1843800
2019-09-25,ZTS,124.6500015258789,125.33000183105467,123.9000015258789,124.77999877929688,118.8772964477539,1196000
2019-09-25,ZTS,124.6500015258789,125.33000183105467,123.9000015258789,124.77999877929688,118.8772964477539,1196000
2019-09-26,ZTS,124.9000015258789,126.52999877929688,124.9000015258789,126.05999755859376,120.09675598144533,1870800
2019-09-26,ZTS,124.9000015258789,126.52999877929688,124.9000015258789,126.05999755859376,120.09675598144533,1870800
2019-09-27,ZTS,126.7699966430664,126.91999816894533,123.43000030517578,123.9000015258789,118.03894805908205,1664000
2019-09-27,ZTS,126.7699966430664,126.91999816894533,123.43000030517578,123.9000015258789,118.03894805908205,1664000
2019-09-30,ZTS,125.01000213623048,125.3000030517578,123.87999725341795,124.58999633789062,118.69630432128906,1859200
2019-09-30,ZTS,125.01000213623048,125.3000030517578,123.87999725341795,124.58999633789062,118.69630432128906,1859200
2019-10-01,ZTS,124.98999786376952,126.12000274658205,124.52999877929688,125.12000274658205,119.20124053955078,1542300
2019-10-01,ZTS,124.98999786376952,126.12000274658205,124.52999877929688,125.12000274658205,119.20124053955078,1542300
2019-10-02,ZTS,124.12000274658205,125.1999969482422,121.56999969482422,122.29000091552734,116.5051040649414,1743300
2019-10-02,ZTS,124.12000274658205,125.1999969482422,121.56999969482422,122.29000091552734,116.5051040649414,1743300
2019-10-03,ZTS,121.9499969482422,124.73999786376952,121.9000015258789,124.27999877929688,118.40096282958984,1590400
2019-10-03,ZTS,121.9499969482422,124.73999786376952,121.9000015258789,124.27999877929688,118.40096282958984,1590400
2019-10-04,ZTS,124.95999908447266,127.23999786376952,124.95999908447266,127.0500030517578,121.03992462158205,1468400
2019-10-04,ZTS,124.95999908447266,127.23999786376952,124.95999908447266,127.0500030517578,121.03992462158205,1468400
2019-10-07,ZTS,126.33000183105467,127.0,125.79000091552734,126.06999969482422,120.10628509521484,1007300
2019-10-07,ZTS,126.33000183105467,127.0,125.79000091552734,126.06999969482422,120.10628509521484,1007300
2019-10-08,ZTS,125.01000213623048,126.83000183105467,124.31999969482422,125.37999725341795,119.44893646240234,1621200
2019-10-08,ZTS,125.01000213623048,126.83000183105467,124.31999969482422,125.37999725341795,119.44893646240234,1621200
2019-10-09,ZTS,125.97000122070312,126.88999938964844,125.22000122070312,126.43000030517578,120.44927215576172,1464200
2019-10-09,ZTS,125.97000122070312,126.88999938964844,125.22000122070312,126.43000030517578,120.44927215576172,1464200
2019-10-10,ZTS,125.70999908447266,128.42999267578125,125.62000274658205,127.41000366210938,121.38290405273438,1890600
2019-10-10,ZTS,125.70999908447266,128.42999267578125,125.62000274658205,127.41000366210938,121.38290405273438,1890600
2019-10-11,ZTS,128.1999969482422,130.08999633789062,128.0500030517578,128.47000122070312,122.39276123046876,2310900
2019-10-11,ZTS,128.1999969482422,130.08999633789062,128.0500030517578,128.47000122070312,122.39276123046876,2310900
2019-10-14,ZTS,128.60000610351562,129.0,126.26000213623048,126.58999633789062,120.6016845703125,1810100
2019-10-14,ZTS,128.60000610351562,129.0,126.26000213623048,126.58999633789062,120.6016845703125,1810100
2019-10-15,ZTS,127.30999755859376,130.1999969482422,127.2300033569336,128.7100067138672,122.6213836669922,2006500
2019-10-15,ZTS,127.30999755859376,130.1999969482422,127.2300033569336,128.7100067138672,122.6213836669922,2006500
2019-10-16,ZTS,128.4199981689453,129.13999938964844,127.51000213623048,127.93000030517578,121.87828826904295,1633200
2019-10-16,ZTS,128.4199981689453,129.13999938964844,127.51000213623048,127.93000030517578,121.87828826904295,1633200
2019-10-17,ZTS,128.8300018310547,129.02000427246094,127.93000030517578,128.47000122070312,122.39276123046876,1494700
2019-10-17,ZTS,128.8300018310547,129.02000427246094,127.93000030517578,128.47000122070312,122.39276123046876,1494700
2019-10-18,ZTS,128.41000366210938,129.3699951171875,127.66000366210938,128.1199951171875,122.05931091308594,2451400
2019-10-18,ZTS,128.41000366210938,129.3699951171875,127.66000366210938,128.1199951171875,122.05931091308594,2451400
2019-10-21,ZTS,128.22999572753906,128.5,125.8499984741211,126.4499969482422,120.62271881103516,1639300
2019-10-21,ZTS,128.22999572753906,128.5,125.8499984741211,126.4499969482422,120.62271881103516,1639300
2019-10-22,ZTS,127.0,127.1999969482422,122.4499969482422,122.80999755859376,117.15044403076172,2273800
2019-10-22,ZTS,127.0,127.1999969482422,122.4499969482422,122.80999755859376,117.15044403076172,2273800
2019-10-23,ZTS,122.5500030517578,123.0,121.04000091552734,121.8000030517578,116.18701934814452,2831700
2019-10-23,ZTS,122.5500030517578,123.0,121.04000091552734,121.8000030517578,116.18701934814452,2831700
2019-10-24,ZTS,122.61000061035156,124.0199966430664,122.5199966430664,122.9499969482422,117.28399658203124,2195800
2019-10-24,ZTS,122.61000061035156,124.0199966430664,122.5199966430664,122.9499969482422,117.28399658203124,2195800
2019-10-25,ZTS,123.16999816894533,124.72000122070312,123.11000061035156,124.36000061035156,118.6290283203125,1561000
2019-10-25,ZTS,123.16999816894533,124.72000122070312,123.11000061035156,124.36000061035156,118.6290283203125,1561000
2019-10-28,ZTS,124.45999908447266,125.83000183105467,124.23999786376952,125.12999725341795,119.36356353759766,1441800
2019-10-28,ZTS,124.45999908447266,125.83000183105467,124.23999786376952,125.12999725341795,119.36356353759766,1441800
2019-10-29,ZTS,125.69000244140624,127.63999938964844,125.69000244140624,126.16000366210938,120.34608459472656,1683700
2019-10-29,ZTS,125.69000244140624,127.63999938964844,125.69000244140624,126.16000366210938,120.34608459472656,1683700
2019-10-30,ZTS,126.66000366210938,127.91000366210938,126.0500030517578,127.5999984741211,121.71971893310548,2042500
2019-10-30,ZTS,126.66000366210938,127.91000366210938,126.0500030517578,127.5999984741211,121.71971893310548,2042500
2019-10-31,ZTS,127.44000244140624,128.30999755859375,127.12999725341795,127.91999816894533,122.02498626708984,1905300
2019-10-31,ZTS,127.44000244140624,128.30999755859375,127.12999725341795,127.91999816894533,122.02498626708984,1905300
2019-11-01,ZTS,128.77999877929688,129.17999267578125,125.26000213623048,125.33999633789062,119.56387329101562,2466200
2019-11-01,ZTS,128.77999877929688,129.17999267578125,125.26000213623048,125.33999633789062,119.56387329101562,2466200
2019-11-04,ZTS,126.06999969482422,126.2699966430664,124.30999755859376,124.76000213623048,119.01058959960938,1918800
2019-11-04,ZTS,126.06999969482422,126.2699966430664,124.30999755859376,124.76000213623048,119.01058959960938,1918800
2019-11-05,ZTS,124.76000213623048,124.88999938964844,119.80999755859376,120.25,114.70842742919922,4492000
2019-11-05,ZTS,124.76000213623048,124.88999938964844,119.80999755859376,120.25,114.70842742919922,4492000
2019-11-06,ZTS,120.48999786376952,121.77999877929688,120.04000091552734,121.47000122070312,115.87220764160156,3509800
2019-11-06,ZTS,120.48999786376952,121.77999877929688,120.04000091552734,121.47000122070312,115.87220764160156,3509800
2019-11-07,ZTS,125.4000015258789,126.0,120.13999938964844,121.02999877929688,115.45248413085938,3945400
2019-11-07,ZTS,125.4000015258789,126.0,120.13999938964844,121.02999877929688,115.45248413085938,3945400
2019-11-08,ZTS,120.81999969482422,121.75,116.30999755859376,117.86000061035156,112.42858123779295,3818900
2019-11-08,ZTS,120.81999969482422,121.75,116.30999755859376,117.86000061035156,112.42858123779295,3818900
2019-11-11,ZTS,117.29000091552734,118.1500015258789,116.29000091552734,117.02999877929688,111.63682556152344,2035200
2019-11-11,ZTS,117.29000091552734,118.1500015258789,116.29000091552734,117.02999877929688,111.63682556152344,2035200
2019-11-12,ZTS,116.62999725341795,118.0500030517578,116.0999984741211,117.1999969482422,111.79898071289062,2131400
2019-11-12,ZTS,116.62999725341795,118.0500030517578,116.0999984741211,117.1999969482422,111.79898071289062,2131400
2019-11-13,ZTS,116.98999786376952,117.73999786376952,115.88999938964844,116.4499969482422,111.08354949951172,2452600
2019-11-13,ZTS,116.98999786376952,117.73999786376952,115.88999938964844,116.4499969482422,111.08354949951172,2452600
2019-11-14,ZTS,116.1500015258789,117.1500015258789,114.95999908447266,116.25,110.8927764892578,1958500
2019-11-14,ZTS,116.1500015258789,117.1500015258789,114.95999908447266,116.25,110.8927764892578,1958500
2019-11-15,ZTS,116.72000122070312,117.91999816894533,116.20999908447266,117.91999816894533,112.48580169677734,3429200
2019-11-15,ZTS,116.72000122070312,117.91999816894533,116.20999908447266,117.91999816894533,112.48580169677734,3429200
2019-11-18,ZTS,117.58000183105467,120.48999786376952,117.58000183105467,118.8000030517578,113.32526397705078,3023100
2019-11-18,ZTS,117.58000183105467,120.48999786376952,117.58000183105467,118.8000030517578,113.32526397705078,3023100
2019-11-19,ZTS,119.01000213623048,120.52999877929688,118.56999969482422,120.33000183105467,114.78475952148438,2349500
2019-11-19,ZTS,119.01000213623048,120.52999877929688,118.56999969482422,120.33000183105467,114.78475952148438,2349500
2019-11-20,ZTS,120.33000183105467,121.23999786376952,118.79000091552734,119.55999755859376,114.05023193359376,2142900
2019-11-20,ZTS,120.33000183105467,121.23999786376952,118.79000091552734,119.55999755859376,114.05023193359376,2142900
2019-11-21,ZTS,119.86000061035156,121.06999969482422,119.38999938964844,120.22000122070312,114.6798095703125,1654500
2019-11-21,ZTS,119.86000061035156,121.06999969482422,119.38999938964844,120.22000122070312,114.6798095703125,1654500
2019-11-22,ZTS,120.41000366210938,121.05999755859376,119.18000030517578,119.80999755859376,114.28872680664062,1627700
2019-11-22,ZTS,120.41000366210938,121.05999755859376,119.18000030517578,119.80999755859376,114.28872680664062,1627700
2019-11-25,ZTS,120.73999786376952,121.97000122070312,120.0,120.61000061035156,115.0518569946289,1774400
2019-11-25,ZTS,120.73999786376952,121.97000122070312,120.0,120.61000061035156,115.0518569946289,1774400
2019-11-26,ZTS,120.91000366210938,122.0,120.25,121.88999938964844,116.2728500366211,3688700
2019-11-26,ZTS,120.91000366210938,122.0,120.25,121.88999938964844,116.2728500366211,3688700
2019-11-27,ZTS,122.13999938964844,122.91999816894533,120.94000244140624,121.62999725341795,116.02484130859376,1443300
2019-11-27,ZTS,122.13999938964844,122.91999816894533,120.94000244140624,121.62999725341795,116.02484130859376,1443300
2019-11-29,ZTS,121.29000091552734,121.81999969482422,120.0999984741211,120.5199966430664,114.96600341796876,1064400
2019-11-29,ZTS,121.29000091552734,121.81999969482422,120.0999984741211,120.5199966430664,114.96600341796876,1064400
2019-12-02,ZTS,120.87000274658205,121.5,118.80999755859376,119.91000366210938,114.38410949707033,2050400
2019-12-02,ZTS,120.87000274658205,121.5,118.80999755859376,119.91000366210938,114.38410949707033,2050400
2019-12-03,ZTS,119.63999938964844,120.79000091552734,119.26000213623048,120.52999877929688,114.9755401611328,2115200
2019-12-03,ZTS,119.63999938964844,120.79000091552734,119.26000213623048,120.52999877929688,114.9755401611328,2115200
2019-12-04,ZTS,121.01000213623048,121.91999816894533,119.62999725341795,119.73999786376952,114.22193908691406,2566500
2019-12-04,ZTS,121.01000213623048,121.91999816894533,119.62999725341795,119.73999786376952,114.22193908691406,2566500
2019-12-05,ZTS,119.1999969482422,120.26000213623048,118.0,120.11000061035156,114.57488250732422,2771100
2019-12-05,ZTS,119.1999969482422,120.26000213623048,118.0,120.11000061035156,114.57488250732422,2771100
2019-12-06,ZTS,121.0,121.91999816894533,120.91000366210938,121.72000122070312,116.11071014404295,2387200
2019-12-06,ZTS,121.0,121.91999816894533,120.91000366210938,121.72000122070312,116.11071014404295,2387200
2019-12-09,ZTS,121.48999786376952,122.0,120.62999725341795,121.2300033569336,115.64328002929688,1570800
2019-12-09,ZTS,121.48999786376952,122.0,120.62999725341795,121.2300033569336,115.64328002929688,1570800
2019-12-10,ZTS,122.0,123.0,121.58999633789062,122.77999877929688,117.12185668945312,2047000
2019-12-10,ZTS,122.0,123.0,121.58999633789062,122.77999877929688,117.12185668945312,2047000
2019-12-11,ZTS,123.1999969482422,123.70999908447266,122.80999755859376,123.55999755859376,117.86590576171876,1803000
2019-12-11,ZTS,123.1999969482422,123.70999908447266,122.80999755859376,123.55999755859376,117.86590576171876,1803000
2019-12-12,ZTS,123.69000244140624,125.0,123.38999938964844,124.33000183105467,118.60040283203124,2041800
2019-12-12,ZTS,123.69000244140624,125.0,123.38999938964844,124.33000183105467,118.60040283203124,2041800
2019-12-13,ZTS,123.9499969482422,124.62000274658205,123.1500015258789,124.4499969482422,118.7148895263672,1130100
2019-12-13,ZTS,123.9499969482422,124.62000274658205,123.1500015258789,124.4499969482422,118.7148895263672,1130100
2019-12-16,ZTS,125.0,126.5,124.37000274658205,126.45999908447266,120.63225555419922,1391100
2019-12-16,ZTS,125.0,126.5,124.37000274658205,126.45999908447266,120.63225555419922,1391100
2019-12-17,ZTS,126.72000122070312,127.36000061035156,125.23999786376952,127.0999984741211,121.2427749633789,1994800
2019-12-17,ZTS,126.72000122070312,127.36000061035156,125.23999786376952,127.0999984741211,121.2427749633789,1994800
2019-12-18,ZTS,127.1500015258789,127.62999725341795,126.55999755859376,126.98999786376952,121.1378402709961,2754200
2019-12-18,ZTS,127.1500015258789,127.62999725341795,126.55999755859376,126.98999786376952,121.1378402709961,2754200
2019-12-19,ZTS,127.62999725341795,128.88999938964844,127.4499969482422,128.74000549316406,122.80720520019533,2055700
2019-12-19,ZTS,127.62999725341795,128.88999938964844,127.4499969482422,128.74000549316406,122.80720520019533,2055700
2019-12-20,ZTS,129.3800048828125,133.52000427246094,128.97999572753906,132.67999267578125,126.56561279296876,5320300
2019-12-20,ZTS,129.3800048828125,133.52000427246094,128.97999572753906,132.67999267578125,126.56561279296876,5320300
2019-12-23,ZTS,132.7100067138672,133.05999755859375,131.38999938964844,132.3699951171875,126.2698745727539,1632300
2019-12-23,ZTS,132.7100067138672,133.05999755859375,131.38999938964844,132.3699951171875,126.2698745727539,1632300
2019-12-24,ZTS,132.2100067138672,133.0800018310547,131.2899932861328,132.9199981689453,126.7945327758789,442500
2019-12-24,ZTS,132.2100067138672,133.0800018310547,131.2899932861328,132.9199981689453,126.7945327758789,442500
2019-12-26,ZTS,133.19000244140625,133.19000244140625,132.32000732421875,133.02999877929688,126.89945220947266,929400
2019-12-26,ZTS,133.19000244140625,133.19000244140625,132.32000732421875,133.02999877929688,126.89945220947266,929400
2019-12-27,ZTS,133.39999389648438,133.47999572753906,132.3800048828125,133.25,127.10935974121094,1296100
2019-12-27,ZTS,133.39999389648438,133.47999572753906,132.3800048828125,133.25,127.10935974121094,1296100
2019-12-30,ZTS,133.57000732421875,133.66000366210938,131.80999755859375,132.2100067138672,126.11730194091795,942000
2019-12-30,ZTS,133.57000732421875,133.66000366210938,131.80999755859375,132.2100067138672,126.11730194091795,942000
2019-12-31,ZTS,132.00999450683594,132.5800018310547,131.4499969482422,132.35000610351562,126.2508316040039,1128600
2019-12-31,ZTS,132.00999450683594,132.5800018310547,131.4499969482422,132.35000610351562,126.2508316040039,1128600
2020-01-02,ZTS,132.0500030517578,134.27999877929688,131.47999572753906,134.13999938964844,127.95832061767578,1576700
2020-01-02,ZTS,132.0500030517578,134.27999877929688,131.47999572753906,134.13999938964844,127.95832061767578,1576700
2020-01-03,ZTS,132.47999572753906,134.91000366210938,132.27000427246094,134.16000366210938,127.97743225097656,1274000
2020-01-03,ZTS,132.47999572753906,134.91000366210938,132.27000427246094,134.16000366210938,127.97743225097656,1274000
2020-01-06,ZTS,133.77999877929688,134.07000732421875,132.7100067138672,133.1300048828125,126.99484252929688,2334100
2020-01-06,ZTS,133.77999877929688,134.07000732421875,132.7100067138672,133.1300048828125,126.99484252929688,2334100
2020-01-07,ZTS,133.0,134.80999755859375,132.6699981689453,133.5800018310547,127.42415618896484,1224500
2020-01-07,ZTS,133.0,134.80999755859375,132.6699981689453,133.5800018310547,127.42415618896484,1224500
2020-01-08,ZTS,133.75999450683594,135.27000427246094,133.24000549316406,133.2899932861328,127.14752960205078,1766700
2020-01-08,ZTS,133.75999450683594,135.27000427246094,133.24000549316406,133.2899932861328,127.14752960205078,1766700
2020-01-09,ZTS,134.00999450683594,136.3699951171875,134.00999450683594,135.05999755859375,128.83592224121094,2075400
2020-01-09,ZTS,134.00999450683594,136.3699951171875,134.00999450683594,135.05999755859375,128.83592224121094,2075400
2020-01-10,ZTS,135.3000030517578,136.0,134.77000427246094,135.57000732421875,129.32244873046875,1249000
2020-01-10,ZTS,135.3000030517578,136.0,134.77000427246094,135.57000732421875,129.32244873046875,1249000
2020-01-13,ZTS,136.07000732421875,136.75,135.4600067138672,136.50999450683594,130.2191162109375,1797600
2020-01-13,ZTS,136.07000732421875,136.75,135.4600067138672,136.50999450683594,130.2191162109375,1797600
2020-01-14,ZTS,136.4199981689453,137.27999877929688,135.52000427246094,137.27000427246094,130.94412231445312,1848800
2020-01-14,ZTS,136.4199981689453,137.27999877929688,135.52000427246094,137.27000427246094,130.94412231445312,1848800
2020-01-15,ZTS,137.41000366210938,139.0,137.33999633789062,138.5399932861328,132.15557861328125,1859600
2020-01-15,ZTS,137.41000366210938,139.0,137.33999633789062,138.5399932861328,132.15557861328125,1859600
2020-01-16,ZTS,138.77999877929688,139.39999389648438,138.02000427246094,139.24000549316406,133.0153350830078,1822800
2020-01-16,ZTS,138.77999877929688,139.39999389648438,138.02000427246094,139.24000549316406,133.0153350830078,1822800
2020-01-17,ZTS,139.6199951171875,140.39999389648438,138.86000061035156,140.16000366210938,133.8942108154297,1993200
2020-01-17,ZTS,139.6199951171875,140.39999389648438,138.86000061035156,140.16000366210938,133.8942108154297,1993200
2020-01-21,ZTS,139.1199951171875,142.52000427246094,138.97000122070312,141.92999267578125,135.58502197265625,4693300
2020-01-21,ZTS,139.1199951171875,142.52000427246094,138.97000122070312,141.92999267578125,135.58502197265625,4693300
2020-01-22,ZTS,142.72999572753906,143.3300018310547,141.2100067138672,141.5,135.17431640625,1888900
2020-01-22,ZTS,142.72999572753906,143.3300018310547,141.2100067138672,141.5,135.17431640625,1888900
2020-01-23,ZTS,141.2899932861328,141.77000427246094,137.52000427246094,138.33999633789062,132.15557861328125,2148500
2020-01-23,ZTS,141.2899932861328,141.77000427246094,137.52000427246094,138.33999633789062,132.15557861328125,2148500
2020-01-24,ZTS,139.6199951171875,139.6199951171875,136.14999389648438,136.30999755859375,130.21632385253906,2047000
2020-01-24,ZTS,139.6199951171875,139.6199951171875,136.14999389648438,136.30999755859375,130.21632385253906,2047000
2020-01-27,ZTS,134.4199981689453,136.44000244140625,134.02999877929688,135.9600067138672,129.88197326660156,1656400
2020-01-27,ZTS,134.4199981689453,136.44000244140625,134.02999877929688,135.9600067138672,129.88197326660156,1656400
2020-01-28,ZTS,136.13999938964844,138.9199981689453,135.49000549316406,138.25999450683594,132.0791473388672,2176500
2020-01-28,ZTS,136.13999938964844,138.9199981689453,135.49000549316406,138.25999450683594,132.0791473388672,2176500
2020-01-29,ZTS,138.97000122070312,139.97000122070312,138.44000244140625,138.50999450683594,132.3179931640625,1366500
2020-01-29,ZTS,138.97000122070312,139.97000122070312,138.44000244140625,138.50999450683594,132.3179931640625,1366500
2020-01-30,ZTS,137.63999938964844,138.3300018310547,136.05999755859375,138.02999877929688,131.8594207763672,1735400
2020-01-30,ZTS,137.63999938964844,138.3300018310547,136.05999755859375,138.02999877929688,131.8594207763672,1735400
2020-01-31,ZTS,137.60000610351562,137.97000122070312,134.0,134.2100067138672,128.21017456054688,2582300
2020-01-31,ZTS,137.60000610351562,137.97000122070312,134.0,134.2100067138672,128.21017456054688,2582300
2020-02-03,ZTS,134.72999572753906,137.47000122070312,134.1999969482422,135.52000427246094,129.46160888671875,2377000
2020-02-03,ZTS,134.72999572753906,137.47000122070312,134.1999969482422,135.52000427246094,129.46160888671875,2377000
2020-02-04,ZTS,137.0800018310547,139.44000244140625,136.69000244140625,138.97000122070312,132.75738525390625,1839800
2020-02-04,ZTS,137.0800018310547,139.44000244140625,136.69000244140625,138.97000122070312,132.75738525390625,1839800
2020-02-05,ZTS,139.9600067138672,140.3000030517578,137.5399932861328,137.88999938964844,131.7256622314453,1507600
2020-02-05,ZTS,139.9600067138672,140.3000030517578,137.5399932861328,137.88999938964844,131.7256622314453,1507600
2020-02-06,ZTS,137.9600067138672,139.10000610351562,136.8699951171875,138.97000122070312,132.75738525390625,2206800
2020-02-06,ZTS,137.9600067138672,139.10000610351562,136.8699951171875,138.97000122070312,132.75738525390625,2206800
2020-02-07,ZTS,139.0500030517578,139.16000366210938,138.02999877929688,138.89999389648438,132.69053649902344,1780800
2020-02-07,ZTS,139.0500030517578,139.16000366210938,138.02999877929688,138.89999389648438,132.69053649902344,1780800
2020-02-10,ZTS,138.6199951171875,142.74000549316406,138.35000610351562,142.5500030517578,136.17738342285156,2456000
2020-02-10,ZTS,138.6199951171875,142.74000549316406,138.35000610351562,142.5500030517578,136.17738342285156,2456000
2020-02-11,ZTS,143.39999389648438,144.35000610351562,142.64999389648438,144.02999877929688,137.59121704101562,2274200
2020-02-11,ZTS,143.39999389648438,144.35000610351562,142.64999389648438,144.02999877929688,137.59121704101562,2274200
2020-02-12,ZTS,143.4499969482422,144.4600067138672,142.42999267578125,142.97999572753906,136.58816528320312,1830700
2020-02-12,ZTS,143.4499969482422,144.4600067138672,142.42999267578125,142.97999572753906,136.58816528320312,1830700
2020-02-13,ZTS,141.92999267578125,146.25999450683594,141.25,144.94000244140625,138.46054077148438,3384500
2020-02-13,ZTS,141.92999267578125,146.25999450683594,141.25,144.94000244140625,138.46054077148438,3384500
2020-02-14,ZTS,144.94000244140625,145.39999389648438,143.1199951171875,144.1699981689453,137.72494506835938,1810500
2020-02-14,ZTS,144.94000244140625,145.39999389648438,143.1199951171875,144.1699981689453,137.72494506835938,1810500
2020-02-18,ZTS,144.02999877929688,144.1300048828125,142.61000061035156,143.64999389648438,137.2282257080078,2461700
2020-02-18,ZTS,144.02999877929688,144.1300048828125,142.61000061035156,143.64999389648438,137.2282257080078,2461700
2020-02-19,ZTS,143.5,145.61000061035156,142.80999755859375,144.05999755859375,137.61985778808594,1676600
2020-02-19,ZTS,143.5,145.61000061035156,142.80999755859375,144.05999755859375,137.61985778808594,1676600
2020-02-20,ZTS,143.75,144.08999633789062,141.24000549316406,143.5500030517578,137.13267517089844,1182500
2020-02-20,ZTS,143.75,144.08999633789062,141.24000549316406,143.5500030517578,137.13267517089844,1182500
2020-02-21,ZTS,142.92999267578125,143.0,141.5,142.22999572753906,135.87167358398438,1754800
2020-02-21,ZTS,142.92999267578125,143.0,141.5,142.22999572753906,135.87167358398438,1754800
2020-02-24,ZTS,139.27999877929688,140.82000732421875,137.5399932861328,138.38999938964844,132.20330810546875,1642000
2020-02-24,ZTS,139.27999877929688,140.82000732421875,137.5399932861328,138.38999938964844,132.20330810546875,1642000
2020-02-25,ZTS,138.7899932861328,138.85000610351562,134.32000732421875,134.82000732421875,128.79296875,2236200
2020-02-25,ZTS,138.7899932861328,138.85000610351562,134.32000732421875,134.82000732421875,128.79296875,2236200
2020-02-26,ZTS,135.94000244140625,139.25,135.5,136.14999389648438,130.0634765625,2562100
2020-02-26,ZTS,135.94000244140625,139.25,135.5,136.14999389648438,130.0634765625,2562100
2020-02-27,ZTS,134.4600067138672,137.42999267578125,133.89999389648438,133.9499969482422,127.96180725097656,3075200
2020-02-27,ZTS,134.4600067138672,137.42999267578125,133.89999389648438,133.9499969482422,127.96180725097656,3075200
2020-02-28,ZTS,130.39999389648438,133.24000549316406,127.0,133.22999572753906,127.2740249633789,4776300
2020-02-28,ZTS,130.39999389648438,133.24000549316406,127.0,133.22999572753906,127.2740249633789,4776300
2020-03-02,ZTS,133.83999633789062,139.1699981689453,133.05999755859375,138.91000366210938,132.7000732421875,2881600
2020-03-02,ZTS,133.83999633789062,139.1699981689453,133.05999755859375,138.91000366210938,132.7000732421875,2881600
2020-03-03,ZTS,139.4600067138672,141.75999450683594,135.6199951171875,137.24000549316406,131.10476684570312,2768200
2020-03-03,ZTS,139.4600067138672,141.75999450683594,135.6199951171875,137.24000549316406,131.10476684570312,2768200
2020-03-04,ZTS,139.9499969482422,143.6999969482422,138.52000427246094,143.6199951171875,137.19952392578125,3283700
2020-03-04,ZTS,139.9499969482422,143.6999969482422,138.52000427246094,143.6199951171875,137.19952392578125,3283700
2020-03-05,ZTS,140.72999572753906,142.63999938964844,138.05999755859375,139.55999755859375,133.3209991455078,2472600
2020-03-05,ZTS,140.72999572753906,142.63999938964844,138.05999755859375,139.55999755859375,133.3209991455078,2472600
2020-03-06,ZTS,134.9199981689453,137.60000610351562,131.8300018310547,137.0500030517578,130.9232635498047,3204200
2020-03-06,ZTS,134.9199981689453,137.60000610351562,131.8300018310547,137.0500030517578,130.9232635498047,3204200
2020-03-09,ZTS,128.8000030517578,133.2899932861328,127.58999633789062,129.72000122070312,123.92089080810548,2827400
2020-03-09,ZTS,128.8000030517578,133.2899932861328,127.58999633789062,129.72000122070312,123.92089080810548,2827400
2020-03-10,ZTS,133.6199951171875,133.6199951171875,127.2699966430664,132.72000122070312,126.7868423461914,3265500
2020-03-10,ZTS,133.6199951171875,133.6199951171875,127.2699966430664,132.72000122070312,126.7868423461914,3265500
2020-03-11,ZTS,130.38999938964844,131.64999389648438,127.36000061035156,130.27000427246094,124.4463348388672,3591500
2020-03-11,ZTS,130.38999938964844,131.64999389648438,127.36000061035156,130.27000427246094,124.4463348388672,3591500
2020-03-12,ZTS,122.26000213623048,127.33999633789062,119.91999816894533,120.27999877929688,114.90292358398438,5344300
2020-03-12,ZTS,122.26000213623048,127.33999633789062,119.91999816894533,120.27999877929688,114.90292358398438,5344300
2020-03-13,ZTS,124.3499984741211,125.77999877929688,117.29000091552734,125.4800033569336,119.8704833984375,4073300
2020-03-13,ZTS,124.3499984741211,125.77999877929688,117.29000091552734,125.4800033569336,119.8704833984375,4073300
2020-03-16,ZTS,114.37000274658205,119.91999816894533,106.4000015258789,107.04000091552734,102.25481414794922,4364700
2020-03-16,ZTS,114.37000274658205,119.91999816894533,106.4000015258789,107.04000091552734,102.25481414794922,4364700
2020-03-17,ZTS,109.2699966430664,118.08000183105467,107.1500015258789,111.0500030517578,106.08555603027344,5299600
2020-03-17,ZTS,109.2699966430664,118.08000183105467,107.1500015258789,111.0500030517578,106.08555603027344,5299600
2020-03-18,ZTS,104.5,110.02999877929688,96.0199966430664,105.81999969482422,101.08937072753906,5218300
2020-03-18,ZTS,104.5,110.02999877929688,96.0199966430664,105.81999969482422,101.08937072753906,5218300
2020-03-19,ZTS,104.9499969482422,112.88999938964844,100.73999786376952,102.33000183105467,97.75540161132812,4492600
2020-03-19,ZTS,104.9499969482422,112.88999938964844,100.73999786376952,102.33000183105467,97.75540161132812,4492600
2020-03-20,ZTS,101.5500030517578,106.47000122070312,98.52999877929688,100.94000244140624,96.4275131225586,6662600
2020-03-20,ZTS,101.5500030517578,106.47000122070312,98.52999877929688,100.94000244140624,96.4275131225586,6662600
2020-03-23,ZTS,99.05999755859376,101.04000091552734,90.13999938964844,92.66000366210938,88.51766204833984,5405800
2020-03-23,ZTS,99.05999755859376,101.04000091552734,90.13999938964844,92.66000366210938,88.51766204833984,5405800
2020-03-24,ZTS,98.70999908447266,105.22000122070312,97.5,103.76000213623048,99.12144470214844,4732500
2020-03-24,ZTS,98.70999908447266,105.22000122070312,97.5,103.76000213623048,99.12144470214844,4732500
2020-03-25,ZTS,102.6500015258789,112.98999786376952,100.5199966430664,108.20999908447266,103.37252044677734,4424800
2020-03-25,ZTS,102.6500015258789,112.98999786376952,100.5199966430664,108.20999908447266,103.37252044677734,4424800
2020-03-26,ZTS,109.51000213623048,118.69000244140624,109.51000213623048,117.91000366210938,112.63888549804688,4159000
2020-03-26,ZTS,109.51000213623048,118.69000244140624,109.51000213623048,117.91000366210938,112.63888549804688,4159000
2020-03-27,ZTS,114.5199966430664,117.77999877929688,111.04000091552734,111.7699966430664,106.77336883544922,2870100
2020-03-27,ZTS,114.5199966430664,117.77999877929688,111.04000091552734,111.7699966430664,106.77336883544922,2870100
2020-03-30,ZTS,113.62999725341795,117.75,112.43000030517578,116.68000030517578,111.46387481689452,2031900
2020-03-30,ZTS,113.62999725341795,117.75,112.43000030517578,116.68000030517578,111.46387481689452,2031900
2020-03-31,ZTS,115.68000030517578,120.25,113.9000015258789,117.69000244140624,112.42872619628906,3956000
2020-03-31,ZTS,115.68000030517578,120.25,113.9000015258789,117.69000244140624,112.42872619628906,3956000
2020-04-01,ZTS,113.93000030517578,115.36000061035156,110.75,111.91999816894533,106.91665649414062,2521000
2020-04-01,ZTS,113.93000030517578,115.36000061035156,110.75,111.91999816894533,106.91665649414062,2521000
2020-04-02,ZTS,111.25,116.3000030517578,110.87000274658205,116.02999877929688,110.84292602539062,2403700
2020-04-02,ZTS,111.25,116.3000030517578,110.87000274658205,116.02999877929688,110.84292602539062,2403700
2020-04-03,ZTS,115.08000183105467,117.2300033569336,113.72000122070312,114.61000061035156,109.48639678955078,1701900
2020-04-03,ZTS,115.08000183105467,117.2300033569336,113.72000122070312,114.61000061035156,109.48639678955078,1701900
2020-04-06,ZTS,119.58000183105467,127.45999908447266,117.9000015258789,126.79000091552734,121.12189483642578,3419900
2020-04-06,ZTS,119.58000183105467,127.45999908447266,117.9000015258789,126.79000091552734,121.12189483642578,3419900
2020-04-07,ZTS,129.02000427246094,130.8800048828125,126.0199966430664,126.11000061035156,120.4723129272461,3075000
2020-04-07,ZTS,129.02000427246094,130.8800048828125,126.0199966430664,126.11000061035156,120.4723129272461,3075000
2020-04-08,ZTS,126.36000061035156,127.98999786376952,122.25,127.25,121.56134796142578,2478400
2020-04-08,ZTS,126.36000061035156,127.98999786376952,122.25,127.25,121.56134796142578,2478400
2020-04-09,ZTS,126.5500030517578,131.14999389648438,126.44000244140624,128.75,122.99429321289062,1962300
2020-04-09,ZTS,126.5500030517578,131.14999389648438,126.44000244140624,128.75,122.99429321289062,1962300
2020-04-13,ZTS,128.00999450683594,128.82000732421875,122.11000061035156,122.9499969482422,117.4535675048828,3188900
2020-04-13,ZTS,128.00999450683594,128.82000732421875,122.11000061035156,122.9499969482422,117.4535675048828,3188900
2020-04-14,ZTS,126.41999816894533,128.94000244140625,124.18000030517578,127.81999969482422,122.10586547851562,2508200
2020-04-14,ZTS,126.41999816894533,128.94000244140625,124.18000030517578,127.81999969482422,122.10586547851562,2508200
2020-04-15,ZTS,125.41999816894533,126.12000274658205,123.08000183105467,123.80999755859376,118.2751235961914,2262900
2020-04-15,ZTS,125.41999816894533,126.12000274658205,123.08000183105467,123.80999755859376,118.2751235961914,2262900
2020-04-16,ZTS,125.22000122070312,128.0500030517578,123.9800033569336,127.4499969482422,121.94938659667967,2064000
2020-04-16,ZTS,125.22000122070312,128.0500030517578,123.9800033569336,127.4499969482422,121.94938659667967,2064000
2020-04-17,ZTS,129.74000549316406,131.5399932861328,128.61000061035156,130.72000122070312,125.07828521728516,1977600
2020-04-17,ZTS,129.74000549316406,131.5399932861328,128.61000061035156,130.72000122070312,125.07828521728516,1977600
2020-04-20,ZTS,128.72000122070312,129.13999938964844,127.2300033569336,127.38999938964844,121.8919906616211,2418600
2020-04-20,ZTS,128.72000122070312,129.13999938964844,127.2300033569336,127.38999938964844,121.8919906616211,2418600
2020-04-21,ZTS,125.79000091552734,126.0500030517578,123.58000183105467,124.6999969482422,119.3180923461914,2607800
2020-04-21,ZTS,125.79000091552734,126.0500030517578,123.58000183105467,124.6999969482422,119.3180923461914,2607800
2020-04-22,ZTS,126.52999877929688,127.4800033569336,125.5500030517578,125.80999755859376,120.38016510009766,1943700
2020-04-22,ZTS,126.52999877929688,127.4800033569336,125.5500030517578,125.80999755859376,120.38016510009766,1943700
2020-04-23,ZTS,126.25,126.62000274658205,123.41000366210938,123.63999938964844,118.30384063720705,3259300
2020-04-23,ZTS,126.25,126.62000274658205,123.41000366210938,123.63999938964844,118.30384063720705,3259300
2020-04-24,ZTS,124.5999984741211,126.8499984741211,122.66000366210938,125.91000366210938,120.4758758544922,1945400
2020-04-24,ZTS,124.5999984741211,126.8499984741211,122.66000366210938,125.91000366210938,120.4758758544922,1945400
2020-04-27,ZTS,126.95999908447266,128.60000610351562,126.0999984741211,127.41999816894533,121.9207000732422,2202200
2020-04-27,ZTS,126.95999908447266,128.60000610351562,126.0999984741211,127.41999816894533,121.9207000732422,2202200
2020-04-28,ZTS,128.4600067138672,128.6999969482422,122.8499984741211,123.0,117.69144439697266,3098400
2020-04-28,ZTS,128.4600067138672,128.6999969482422,122.8499984741211,123.0,117.69144439697266,3098400
2020-04-29,ZTS,124.2699966430664,126.9800033569336,123.01000213623048,125.5500030517578,120.1313934326172,2905300
2020-04-29,ZTS,124.2699966430664,126.9800033569336,123.01000213623048,125.5500030517578,120.1313934326172,2905300
2020-04-30,ZTS,125.5,130.4199981689453,124.83999633789062,129.30999755859375,123.72911071777344,3075300
2020-04-30,ZTS,125.5,130.4199981689453,124.83999633789062,129.30999755859375,123.72911071777344,3075300
2020-05-01,ZTS,127.44000244140624,127.88999938964844,124.91999816894533,127.52999877929688,122.02594757080078,1738300
2020-05-01,ZTS,127.44000244140624,127.88999938964844,124.91999816894533,127.52999877929688,122.02594757080078,1738300
2020-05-04,ZTS,127.76000213623048,128.05999755859375,125.55999755859376,127.44000244140624,121.93982696533205,1833800
2020-05-04,ZTS,127.76000213623048,128.05999755859375,125.55999755859376,127.44000244140624,121.93982696533205,1833800
2020-05-05,ZTS,128.64999389648438,132.24000549316406,128.2899932861328,131.3000030517578,125.63323974609376,2445800
2020-05-05,ZTS,128.64999389648438,132.24000549316406,128.2899932861328,131.3000030517578,125.63323974609376,2445800
2020-05-06,ZTS,125.97000122070312,128.91000366210938,125.62999725341795,125.69000244140624,120.26536560058594,3393900
2020-05-06,ZTS,125.97000122070312,128.91000366210938,125.62999725341795,125.69000244140624,120.26536560058594,3393900
2020-05-07,ZTS,127.29000091552734,127.5,123.37000274658205,124.23999786376952,118.87793731689452,3098000
2020-05-07,ZTS,127.29000091552734,127.5,123.37000274658205,124.23999786376952,118.87793731689452,3098000
2020-05-08,ZTS,125.20999908447266,126.36000061035156,124.81999969482422,125.47000122070312,120.05484771728516,1617500
2020-05-08,ZTS,125.20999908447266,126.36000061035156,124.81999969482422,125.47000122070312,120.05484771728516,1617500
2020-05-11,ZTS,125.33999633789062,126.8499984741211,124.5500030517578,126.38999938964844,120.93514251708984,1888300
2020-05-11,ZTS,125.33999633789062,126.8499984741211,124.5500030517578,126.38999938964844,120.93514251708984,1888300
2020-05-12,ZTS,127.05999755859376,127.6999969482422,123.87000274658205,124.01000213623048,118.65787506103516,1889500
2020-05-12,ZTS,127.05999755859376,127.6999969482422,123.87000274658205,124.01000213623048,118.65787506103516,1889500
2020-05-13,ZTS,123.52999877929688,125.06999969482422,121.75,123.02999877929688,117.72015380859376,1879000
2020-05-13,ZTS,123.52999877929688,125.06999969482422,121.75,123.02999877929688,117.72015380859376,1879000
2020-05-14,ZTS,122.06999969482422,126.52999877929688,121.5,126.02999877929688,120.59069061279295,2246800
2020-05-14,ZTS,122.06999969482422,126.52999877929688,121.5,126.02999877929688,120.59069061279295,2246800
2020-05-15,ZTS,126.44000244140624,127.95999908447266,125.30999755859376,127.48999786376952,121.9876708984375,2921700
2020-05-15,ZTS,126.44000244140624,127.95999908447266,125.30999755859376,127.48999786376952,121.9876708984375,2921700
2020-05-18,ZTS,130.17999267578125,132.5399932861328,129.8000030517578,131.4199981689453,125.74806213378906,2762800
2020-05-18,ZTS,130.17999267578125,132.5399932861328,129.8000030517578,131.4199981689453,125.74806213378906,2762800
2020-05-19,ZTS,131.0500030517578,135.75999450683594,130.0800018310547,134.33999633789062,128.54202270507812,3335300
2020-05-19,ZTS,131.0500030517578,135.75999450683594,130.0800018310547,134.33999633789062,128.54202270507812,3335300
2020-05-20,ZTS,136.1999969482422,137.07000732421875,133.0399932861328,133.33999633789062,127.58521270751952,2303400
2020-05-20,ZTS,136.1999969482422,137.07000732421875,133.0399932861328,133.33999633789062,127.58521270751952,2303400
2020-05-21,ZTS,133.7899932861328,133.88999938964844,129.89999389648438,130.3300018310547,124.70508575439452,1413100
2020-05-21,ZTS,133.7899932861328,133.88999938964844,129.89999389648438,130.3300018310547,124.70508575439452,1413100
2020-05-22,ZTS,129.60000610351562,130.77999877929688,128.8800048828125,130.11000061035156,124.49459075927734,1602400
2020-05-22,ZTS,129.60000610351562,130.77999877929688,128.8800048828125,130.11000061035156,124.49459075927734,1602400
2020-05-26,ZTS,131.4199981689453,132.91000366210938,130.13999938964844,130.4499969482422,124.81993865966795,2322300
2020-05-26,ZTS,131.4199981689453,132.91000366210938,130.13999938964844,130.4499969482422,124.81993865966795,2322300
2020-05-27,ZTS,133.6999969482422,135.7100067138672,130.85000610351562,135.63999938964844,129.78594970703125,2287000
2020-05-27,ZTS,133.6999969482422,135.7100067138672,130.85000610351562,135.63999938964844,129.78594970703125,2287000
2020-05-28,ZTS,137.80999755859375,140.24000549316406,137.4600067138672,138.11000061035156,132.1492919921875,2367800
2020-05-28,ZTS,137.80999755859375,140.24000549316406,137.4600067138672,138.11000061035156,132.1492919921875,2367800
2020-05-29,ZTS,138.44000244140625,139.64999389648438,134.9499969482422,139.38999938964844,133.3740997314453,2814500
2020-05-29,ZTS,138.44000244140625,139.64999389648438,134.9499969482422,139.38999938964844,133.3740997314453,2814500
2020-06-01,ZTS,138.64999389648438,139.10000610351562,137.07000732421875,138.33999633789062,132.369384765625,1413000
2020-06-01,ZTS,138.64999389648438,139.10000610351562,137.07000732421875,138.33999633789062,132.369384765625,1413000
2020-06-02,ZTS,138.6699981689453,141.50999450683594,138.22000122070312,141.47999572753906,135.3739013671875,1649100
2020-06-02,ZTS,138.6699981689453,141.50999450683594,138.22000122070312,141.47999572753906,135.3739013671875,1649100
2020-06-03,ZTS,141.64999389648438,143.2100067138672,140.6699981689453,142.52999877929688,136.37857055664062,1459500
2020-06-03,ZTS,141.64999389648438,143.2100067138672,140.6699981689453,142.52999877929688,136.37857055664062,1459500
2020-06-04,ZTS,141.02000427246094,142.25999450683594,139.39999389648438,140.52000427246094,134.455322265625,1524800
2020-06-04,ZTS,141.02000427246094,142.25999450683594,139.39999389648438,140.52000427246094,134.455322265625,1524800
2020-06-05,ZTS,141.52999877929688,142.42999267578125,139.35000610351562,141.00999450683594,134.92417907714844,1947800
2020-06-05,ZTS,141.52999877929688,142.42999267578125,139.35000610351562,141.00999450683594,134.92417907714844,1947800
2020-06-08,ZTS,139.0,141.35000610351562,137.6699981689453,141.3000030517578,135.20164489746094,1747300
2020-06-08,ZTS,139.0,141.35000610351562,137.6699981689453,141.3000030517578,135.20164489746094,1747300
2020-06-09,ZTS,140.8800048828125,141.7899932861328,138.47000122070312,138.8000030517578,132.8095703125,1622500
2020-06-09,ZTS,140.8800048828125,141.7899932861328,138.47000122070312,138.8000030517578,132.8095703125,1622500
2020-06-10,ZTS,139.25,141.22000122070312,138.75,139.91000366210938,133.87167358398438,1731100
2020-06-10,ZTS,139.25,141.22000122070312,138.75,139.91000366210938,133.87167358398438,1731100
2020-06-11,ZTS,137.6699981689453,138.08999633789062,130.7100067138672,131.05999755859375,125.40359497070312,2524000
2020-06-11,ZTS,137.6699981689453,138.08999633789062,130.7100067138672,131.05999755859375,125.40359497070312,2524000
2020-06-12,ZTS,134.3699951171875,136.2100067138672,131.30999755859375,134.07000732421875,128.28369140625,1638500
2020-06-12,ZTS,134.3699951171875,136.2100067138672,131.30999755859375,134.07000732421875,128.28369140625,1638500
2020-06-15,ZTS,131.80999755859375,133.66000366210938,130.41000366210938,133.3000030517578,127.54691314697266,2457900
2020-06-15,ZTS,131.80999755859375,133.66000366210938,130.41000366210938,133.3000030517578,127.54691314697266,2457900
2020-06-16,ZTS,136.88999938964844,137.6999969482422,134.7100067138672,136.24000549316406,130.36007690429688,1919800
2020-06-16,ZTS,136.88999938964844,137.6999969482422,134.7100067138672,136.24000549316406,130.36007690429688,1919800
2020-06-17,ZTS,136.77000427246094,137.5500030517578,136.11000061035156,136.7899932861328,130.88629150390625,1455000
2020-06-17,ZTS,136.77000427246094,137.5500030517578,136.11000061035156,136.7899932861328,130.88629150390625,1455000
2020-06-18,ZTS,135.8000030517578,137.69000244140625,135.5399932861328,137.39999389648438,131.469970703125,1031500
2020-06-18,ZTS,135.8000030517578,137.69000244140625,135.5399932861328,137.39999389648438,131.469970703125,1031500
2020-06-19,ZTS,140.0500030517578,140.10000610351562,136.42999267578125,137.39999389648438,131.469970703125,2316300
2020-06-19,ZTS,140.0500030517578,140.10000610351562,136.42999267578125,137.39999389648438,131.469970703125,2316300
2020-06-22,ZTS,136.80999755859375,137.4499969482422,136.00999450683594,136.94000244140625,131.0298309326172,1107800
2020-06-22,ZTS,136.80999755859375,137.4499969482422,136.00999450683594,136.94000244140625,131.0298309326172,1107800
2020-06-23,ZTS,138.10000610351562,139.0500030517578,137.5399932861328,138.11000061035156,132.1492919921875,994900
2020-06-23,ZTS,138.10000610351562,139.0500030517578,137.5399932861328,138.11000061035156,132.1492919921875,994900
2020-06-24,ZTS,137.02999877929688,137.77000427246094,133.55999755859375,134.3000030517578,128.5037384033203,1701600
2020-06-24,ZTS,137.02999877929688,137.77000427246094,133.55999755859375,134.3000030517578,128.5037384033203,1701600
2020-06-25,ZTS,134.1699981689453,135.47999572753906,131.88999938964844,135.30999755859375,129.47010803222656,1141700
2020-06-25,ZTS,134.1699981689453,135.47999572753906,131.88999938964844,135.30999755859375,129.47010803222656,1141700
2020-06-26,ZTS,135.0,135.75,132.60000610351562,132.66000366210938,126.93450927734376,2612800
2020-06-26,ZTS,135.0,135.75,132.60000610351562,132.66000366210938,126.93450927734376,2612800
2020-06-29,ZTS,133.25999450683594,133.5500030517578,131.27999877929688,131.97999572753906,126.28385925292967,2126400
2020-06-29,ZTS,133.25999450683594,133.5500030517578,131.27999877929688,131.97999572753906,126.28385925292967,2126400
2020-06-30,ZTS,132.10000610351562,137.82000732421875,132.05999755859375,137.0399932861328,131.12548828125,1878800
2020-06-30,ZTS,132.10000610351562,137.82000732421875,132.05999755859375,137.0399932861328,131.12548828125,1878800
2020-07-01,ZTS,137.2899932861328,138.97000122070312,136.6999969482422,137.19000244140625,131.26902770996094,1226800
2020-07-01,ZTS,137.2899932861328,138.97000122070312,136.6999969482422,137.19000244140625,131.26902770996094,1226800
2020-07-02,ZTS,138.5800018310547,139.0500030517578,137.3699951171875,137.66000366210938,131.71871948242188,1307300
2020-07-02,ZTS,138.5800018310547,139.0500030517578,137.3699951171875,137.66000366210938,131.71871948242188,1307300
2020-07-06,ZTS,138.57000732421875,139.60000610351562,137.9600067138672,138.60000610351562,132.61819458007812,1297800
2020-07-06,ZTS,138.57000732421875,139.60000610351562,137.9600067138672,138.60000610351562,132.61819458007812,1297800
2020-07-07,ZTS,138.3300018310547,140.55999755859375,138.11000061035156,138.44000244140625,132.46510314941406,1140300
2020-07-07,ZTS,138.3300018310547,140.55999755859375,138.11000061035156,138.44000244140625,132.46510314941406,1140300
2020-07-08,ZTS,138.72000122070312,139.69000244140625,137.42999267578125,138.80999755859375,132.819091796875,932600
2020-07-08,ZTS,138.72000122070312,139.69000244140625,137.42999267578125,138.80999755859375,132.819091796875,932600
2020-07-09,ZTS,138.80999755859375,139.55999755859375,135.33999633789062,137.67999267578125,131.7378387451172,962500
2020-07-09,ZTS,138.80999755859375,139.55999755859375,135.33999633789062,137.67999267578125,131.7378387451172,962500
2020-07-10,ZTS,137.4199981689453,137.8300018310547,135.6199951171875,137.10000610351562,131.18289184570312,1821100
2020-07-10,ZTS,137.4199981689453,137.8300018310547,135.6199951171875,137.10000610351562,131.18289184570312,1821100
2020-07-13,ZTS,138.4600067138672,141.7100067138672,138.1199951171875,138.30999755859375,132.34072875976562,1569200
2020-07-13,ZTS,138.4600067138672,141.7100067138672,138.1199951171875,138.30999755859375,132.34072875976562,1569200
2020-07-14,ZTS,138.22999572753906,140.61000061035156,138.16000366210938,140.39999389648438,134.34048461914062,1163300
2020-07-14,ZTS,138.22999572753906,140.61000061035156,138.16000366210938,140.39999389648438,134.34048461914062,1163300
2020-07-15,ZTS,141.55999755859375,143.7899932861328,141.0399932861328,142.9199981689453,136.75173950195312,2223200
2020-07-15,ZTS,141.55999755859375,143.7899932861328,141.0399932861328,142.9199981689453,136.75173950195312,2223200
2020-07-16,ZTS,142.60000610351562,142.9600067138672,141.47000122070312,142.94000244140625,136.9625701904297,942000
2020-07-16,ZTS,142.60000610351562,142.9600067138672,141.47000122070312,142.94000244140625,136.9625701904297,942000
2020-07-17,ZTS,143.8000030517578,145.27999877929688,142.22999572753906,144.66000366210938,138.61058044433594,1518100
2020-07-17,ZTS,143.8000030517578,145.27999877929688,142.22999572753906,144.66000366210938,138.61058044433594,1518100
2020-07-20,ZTS,145.08999633789062,146.69000244140625,144.32000732421875,145.97000122070312,139.86585998535156,1173700
2020-07-20,ZTS,145.08999633789062,146.69000244140625,144.32000732421875,145.97000122070312,139.86585998535156,1173700
2020-07-21,ZTS,146.5,147.0,144.1699981689453,145.00999450683594,138.9459991455078,1659600
2020-07-21,ZTS,146.5,147.0,144.1699981689453,145.00999450683594,138.9459991455078,1659600
2020-07-22,ZTS,145.41000366210938,146.10000610351562,144.0500030517578,145.11000061035156,139.0417938232422,1020900
2020-07-22,ZTS,145.41000366210938,146.10000610351562,144.0500030517578,145.11000061035156,139.0417938232422,1020900
2020-07-23,ZTS,145.50999450683594,147.08999633789062,143.6300048828125,144.07000732421875,138.0452880859375,1051500
2020-07-23,ZTS,145.50999450683594,147.08999633789062,143.6300048828125,144.07000732421875,138.0452880859375,1051500
2020-07-24,ZTS,143.7100067138672,144.33999633789062,141.8800048828125,144.22000122070312,138.18898010253906,1214800
2020-07-24,ZTS,143.7100067138672,144.33999633789062,141.8800048828125,144.22000122070312,138.18898010253906,1214800
2020-07-27,ZTS,144.1999969482422,147.07000732421875,143.74000549316406,146.9199981689453,140.7760772705078,1256700
2020-07-27,ZTS,144.1999969482422,147.07000732421875,143.74000549316406,146.9199981689453,140.7760772705078,1256700
2020-07-28,ZTS,147.10000610351562,147.8000030517578,145.72000122070312,145.97999572753906,139.8754119873047,2257500
2020-07-28,ZTS,147.10000610351562,147.8000030517578,145.72000122070312,145.97999572753906,139.8754119873047,2257500
2020-07-29,ZTS,146.3800048828125,148.17999267578125,146.0399932861328,147.58999633789062,141.41807556152344,1059600
2020-07-29,ZTS,146.3800048828125,148.17999267578125,146.0399932861328,147.58999633789062,141.41807556152344,1059600
2020-07-30,ZTS,146.02999877929688,149.49000549316406,146.00999450683594,149.11000061035156,142.87448120117188,1129300
2020-07-30,ZTS,146.02999877929688,149.49000549316406,146.00999450683594,149.11000061035156,142.87448120117188,1129300
2020-07-31,ZTS,148.80999755859375,151.91000366210938,148.47000122070312,151.67999267578125,145.33702087402344,2250100
2020-07-31,ZTS,148.80999755859375,151.91000366210938,148.47000122070312,151.67999267578125,145.33702087402344,2250100
2020-08-03,ZTS,152.19000244140625,155.4199981689453,151.72999572753906,154.50999450683594,148.04873657226562,1902300
2020-08-03,ZTS,152.19000244140625,155.4199981689453,151.72999572753906,154.50999450683594,148.04873657226562,1902300
2020-08-04,ZTS,154.0,155.91000366210938,153.19000244140625,155.63999938964844,149.13140869140625,1682300
2020-08-04,ZTS,154.0,155.91000366210938,153.19000244140625,155.63999938964844,149.13140869140625,1682300
2020-08-05,ZTS,156.0,158.3699951171875,155.77999877929688,157.72000122070312,151.1244659423828,1587200
2020-08-05,ZTS,156.0,158.3699951171875,155.77999877929688,157.72000122070312,151.1244659423828,1587200
2020-08-06,ZTS,158.4600067138672,163.97999572753906,157.72000122070312,161.3300018310547,154.58351135253906,2068700
2020-08-06,ZTS,158.4600067138672,163.97999572753906,157.72000122070312,161.3300018310547,154.58351135253906,2068700
2020-08-07,ZTS,161.9499969482422,162.0,157.41000366210938,158.8800048828125,152.23599243164062,1515700
2020-08-07,ZTS,161.9499969482422,162.0,157.41000366210938,158.8800048828125,152.23599243164062,1515700
2020-08-10,ZTS,159.3300018310547,159.92999267578125,157.19000244140625,158.08999633789062,151.47897338867188,1393200
2020-08-10,ZTS,159.3300018310547,159.92999267578125,157.19000244140625,158.08999633789062,151.47897338867188,1393200
2020-08-11,ZTS,158.8699951171875,159.47999572753906,156.66000366210938,156.92999267578125,150.3674774169922,1136700
2020-08-11,ZTS,158.8699951171875,159.47999572753906,156.66000366210938,156.92999267578125,150.3674774169922,1136700
2020-08-12,ZTS,157.30999755859375,160.86000061035156,156.88999938964844,159.36000061035156,152.69589233398438,1386500
2020-08-12,ZTS,157.30999755859375,160.86000061035156,156.88999938964844,159.36000061035156,152.69589233398438,1386500
2020-08-13,ZTS,158.6699981689453,159.8699951171875,158.0500030517578,158.8699951171875,152.22634887695312,1192600
2020-08-13,ZTS,158.6699981689453,159.8699951171875,158.0500030517578,158.8699951171875,152.22634887695312,1192600
2020-08-14,ZTS,158.6699981689453,158.77000427246094,155.74000549316406,157.0500030517578,150.4824676513672,1780200
2020-08-14,ZTS,158.6699981689453,158.77000427246094,155.74000549316406,157.0500030517578,150.4824676513672,1780200
2020-08-17,ZTS,157.9199981689453,158.5800018310547,156.80999755859375,157.4199981689453,150.83706665039062,2368000
2020-08-17,ZTS,157.9199981689453,158.5800018310547,156.80999755859375,157.4199981689453,150.83706665039062,2368000
2020-08-18,ZTS,157.50999450683594,160.52999877929688,157.08999633789062,160.1699981689453,153.47198486328125,1476700
2020-08-18,ZTS,157.50999450683594,160.52999877929688,157.08999633789062,160.1699981689453,153.47198486328125,1476700
2020-08-19,ZTS,160.0399932861328,160.97999572753906,158.3699951171875,158.5800018310547,151.9485321044922,1076500
2020-08-19,ZTS,160.0399932861328,160.97999572753906,158.3699951171875,158.5800018310547,151.9485321044922,1076500
2020-08-20,ZTS,158.02999877929688,158.88999938964844,157.08999633789062,158.5399932861328,151.91015625,1828500
2020-08-20,ZTS,158.02999877929688,158.88999938964844,157.08999633789062,158.5399932861328,151.91015625,1828500
2020-08-21,ZTS,158.75999450683594,159.22000122070312,157.19000244140625,158.3699951171875,151.74729919433594,1259500
2020-08-21,ZTS,158.75999450683594,159.22000122070312,157.19000244140625,158.3699951171875,151.74729919433594,1259500
2020-08-24,ZTS,159.75,159.75,156.2100067138672,156.75999450683594,150.20458984375,1721500
2020-08-24,ZTS,159.75,159.75,156.2100067138672,156.75999450683594,150.20458984375,1721500
2020-08-25,ZTS,157.99000549316406,158.8699951171875,156.63999938964844,158.5800018310547,151.9485321044922,1076100
2020-08-25,ZTS,157.99000549316406,158.8699951171875,156.63999938964844,158.5800018310547,151.9485321044922,1076100
2020-08-26,ZTS,157.5800018310547,160.41000366210938,157.22000122070312,159.75999450683594,153.0791778564453,1917800
2020-08-26,ZTS,157.5800018310547,160.41000366210938,157.22000122070312,159.75999450683594,153.0791778564453,1917800
2020-08-27,ZTS,160.0,161.02999877929688,158.57000732421875,159.61000061035156,152.93540954589844,1121700
2020-08-27,ZTS,160.0,161.02999877929688,158.57000732421875,159.61000061035156,152.93540954589844,1121700
2020-08-28,ZTS,159.41000366210938,160.17999267578125,158.58999633789062,160.0,153.30911254882812,926000
2020-08-28,ZTS,159.41000366210938,160.17999267578125,158.58999633789062,160.0,153.30911254882812,926000
2020-08-31,ZTS,159.85000610351562,161.57000732421875,159.25999450683594,160.10000610351562,153.40492248535156,1392800
2020-08-31,ZTS,159.85000610351562,161.57000732421875,159.25999450683594,160.10000610351562,153.40492248535156,1392800
2020-09-01,ZTS,160.7100067138672,162.13999938964844,159.97999572753906,162.0500030517578,155.27337646484375,1273100
2020-09-01,ZTS,160.7100067138672,162.13999938964844,159.97999572753906,162.0500030517578,155.27337646484375,1273100
2020-09-02,ZTS,162.10000610351562,165.82000732421875,161.82000732421875,165.3300018310547,158.41624450683594,1790200
2020-09-02,ZTS,162.10000610351562,165.82000732421875,161.82000732421875,165.3300018310547,158.41624450683594,1790200
2020-09-03,ZTS,165.27999877929688,165.52000427246094,157.3699951171875,158.8000030517578,152.15931701660156,1794100
2020-09-03,ZTS,165.27999877929688,165.52000427246094,157.3699951171875,158.8000030517578,152.15931701660156,1794100
2020-09-04,ZTS,159.16000366210938,160.2100067138672,155.2899932861328,157.24000549316406,150.66458129882812,1552500
2020-09-04,ZTS,159.16000366210938,160.2100067138672,155.2899932861328,157.24000549316406,150.66458129882812,1552500
2020-09-08,ZTS,156.22999572753906,156.27000427246094,152.5,153.50999450683594,147.09048461914062,1829100
2020-09-08,ZTS,156.22999572753906,156.27000427246094,152.5,153.50999450683594,147.09048461914062,1829100
2020-09-09,ZTS,155.1999969482422,160.6999969482422,155.1999969482422,158.91000366210938,152.26470947265625,1408600
2020-09-09,ZTS,155.1999969482422,160.6999969482422,155.1999969482422,158.91000366210938,152.26470947265625,1408600
2020-09-10,ZTS,158.89999389648438,161.52000427246094,157.2100067138672,158.10000610351562,151.48855590820312,1356800
2020-09-10,ZTS,158.89999389648438,161.52000427246094,157.2100067138672,158.10000610351562,151.48855590820312,1356800
2020-09-11,ZTS,159.0,159.6199951171875,157.85000610351562,158.58999633789062,151.9580841064453,854100
2020-09-11,ZTS,159.0,159.6199951171875,157.85000610351562,158.58999633789062,151.9580841064453,854100
2020-09-14,ZTS,159.94000244140625,161.97000122070312,159.61000061035156,160.86000061035156,154.1331787109375,2092000
2020-09-14,ZTS,159.94000244140625,161.97000122070312,159.61000061035156,160.86000061035156,154.1331787109375,2092000
2020-09-15,ZTS,162.25,163.91000366210938,161.6999969482422,162.27999877929688,155.49375915527344,1039900
2020-09-15,ZTS,162.25,163.91000366210938,161.6999969482422,162.27999877929688,155.49375915527344,1039900
2020-09-16,ZTS,163.52000427246094,163.99000549316406,161.1300048828125,161.25,154.50686645507812,1721200
2020-09-16,ZTS,163.52000427246094,163.99000549316406,161.1300048828125,161.25,154.50686645507812,1721200
2020-09-17,ZTS,160.4199981689453,160.50999450683594,158.0,160.47000122070312,153.7594757080078,1258100
2020-09-17,ZTS,160.4199981689453,160.50999450683594,158.0,160.47000122070312,153.7594757080078,1258100
2020-09-18,ZTS,160.11000061035156,161.97000122070312,159.1199951171875,160.8699951171875,154.14273071289062,2518700
2020-09-18,ZTS,160.11000061035156,161.97000122070312,159.1199951171875,160.8699951171875,154.14273071289062,2518700
2020-09-21,ZTS,159.33999633789062,161.07000732421875,157.4199981689453,160.97000122070312,154.23858642578125,1170000
2020-09-21,ZTS,159.33999633789062,161.07000732421875,157.4199981689453,160.97000122070312,154.23858642578125,1170000
2020-09-22,ZTS,160.35000610351562,162.47999572753906,160.10000610351562,161.50999450683594,154.75595092773438,1545000
2020-09-22,ZTS,160.35000610351562,162.47999572753906,160.10000610351562,161.50999450683594,154.75595092773438,1545000
2020-09-23,ZTS,161.97000122070312,162.6699981689453,159.1199951171875,159.3300018310547,152.66712951660156,1301200
2020-09-23,ZTS,161.97000122070312,162.6699981689453,159.1199951171875,159.3300018310547,152.66712951660156,1301200
2020-09-24,ZTS,158.83999633789062,159.50999450683594,156.52999877929688,157.97999572753906,151.37364196777344,1415600
2020-09-24,ZTS,158.83999633789062,159.50999450683594,156.52999877929688,157.97999572753906,151.37364196777344,1415600
2020-09-25,ZTS,157.42999267578125,161.4600067138672,157.25,160.83999633789062,154.11399841308594,1195900
2020-09-25,ZTS,157.42999267578125,161.4600067138672,157.25,160.83999633789062,154.11399841308594,1195900
2020-09-28,ZTS,162.16000366210938,164.33999633789062,161.16000366210938,161.32000732421875,154.5739288330078,2293800
2020-09-28,ZTS,162.16000366210938,164.33999633789062,161.16000366210938,161.32000732421875,154.5739288330078,2293800
2020-09-29,ZTS,161.6199951171875,163.41000366210938,161.44000244140625,162.47999572753906,155.6853790283203,1046300
2020-09-29,ZTS,161.6199951171875,163.41000366210938,161.44000244140625,162.47999572753906,155.6853790283203,1046300
2020-09-30,ZTS,162.9199981689453,166.7899932861328,162.75,165.3699951171875,158.45455932617188,1906700
2020-09-30,ZTS,162.9199981689453,166.7899932861328,162.75,165.3699951171875,158.45455932617188,1906700
2020-10-01,ZTS,166.22999572753906,166.77999877929688,163.10000610351562,164.02999877929688,157.17062377929688,1061900
2020-10-01,ZTS,166.22999572753906,166.77999877929688,163.10000610351562,164.02999877929688,157.17062377929688,1061900
2020-10-02,ZTS,162.3800048828125,164.7100067138672,162.0,163.5500030517578,156.71067810058594,1042600
2020-10-02,ZTS,162.3800048828125,164.7100067138672,162.0,163.5500030517578,156.71067810058594,1042600
2020-10-05,ZTS,164.11000061035156,165.07000732421875,162.52999877929688,163.4499969482422,156.6148681640625,1274600
2020-10-05,ZTS,164.11000061035156,165.07000732421875,162.52999877929688,163.4499969482422,156.6148681640625,1274600
2020-10-06,ZTS,164.5,164.5,160.83999633789062,161.52000427246094,154.7655487060547,1194900
2020-10-06,ZTS,164.5,164.5,160.83999633789062,161.52000427246094,154.7655487060547,1194900
2020-10-07,ZTS,161.6999969482422,163.49000549316406,158.9499969482422,159.91000366210938,153.22286987304688,3591700
2020-10-07,ZTS,161.6999969482422,163.49000549316406,158.9499969482422,159.91000366210938,153.22286987304688,3591700
2020-10-08,ZTS,161.92999267578125,163.55999755859375,159.88999938964844,163.1699981689453,156.3465576171875,3642400
2020-10-08,ZTS,161.92999267578125,163.55999755859375,159.88999938964844,163.1699981689453,156.3465576171875,3642400
2020-10-09,ZTS,163.97999572753906,165.63999938964844,162.86000061035156,165.42999267578125,158.5120391845703,1620900
2020-10-09,ZTS,163.97999572753906,165.63999938964844,162.86000061035156,165.42999267578125,158.5120391845703,1620900
2020-10-12,ZTS,167.0800018310547,168.9600067138672,166.19000244140625,168.5500030517578,161.50155639648438,1582300
2020-10-12,ZTS,167.0800018310547,168.9600067138672,166.19000244140625,168.5500030517578,161.50155639648438,1582300
2020-10-13,ZTS,167.83999633789062,168.05999755859375,165.30999755859375,165.32000732421875,158.40664672851562,1515800
2020-10-13,ZTS,167.83999633789062,168.05999755859375,165.30999755859375,165.32000732421875,158.40664672851562,1515800
2020-10-14,ZTS,166.5399932861328,166.6999969482422,162.7899932861328,163.66000366210938,156.81605529785156,1319500
2020-10-14,ZTS,166.5399932861328,166.6999969482422,162.7899932861328,163.66000366210938,156.81605529785156,1319500
2020-10-15,ZTS,162.0500030517578,163.22999572753906,161.2100067138672,162.99000549316406,156.174072265625,1363800
2020-10-15,ZTS,162.0500030517578,163.22999572753906,161.2100067138672,162.99000549316406,156.174072265625,1363800
2020-10-16,ZTS,163.97999572753906,165.85000610351562,163.32000732421875,163.5500030517578,156.71067810058594,1631000
2020-10-16,ZTS,163.97999572753906,165.85000610351562,163.32000732421875,163.5500030517578,156.71067810058594,1631000
2020-10-19,ZTS,164.6199951171875,165.0,159.4199981689453,159.99000549316406,153.29953002929688,1271100
2020-10-19,ZTS,164.6199951171875,165.0,159.4199981689453,159.99000549316406,153.29953002929688,1271100
2020-10-20,ZTS,160.27999877929688,161.5399932861328,159.1199951171875,159.69000244140625,153.20362854003906,2145700
2020-10-20,ZTS,160.27999877929688,161.5399932861328,159.1199951171875,159.69000244140625,153.20362854003906,2145700
2020-10-21,ZTS,159.5,162.1300048828125,159.5,161.17999267578125,154.6331024169922,1456700
2020-10-21,ZTS,159.5,162.1300048828125,159.5,161.17999267578125,154.6331024169922,1456700
2020-10-22,ZTS,161.3699951171875,163.22999572753906,161.25,162.3800048828125,155.7843780517578,878800
2020-10-22,ZTS,161.3699951171875,163.22999572753906,161.25,162.3800048828125,155.7843780517578,878800
2020-10-23,ZTS,163.10000610351562,164.61000061035156,162.25,163.49000549316406,156.84925842285156,1111200
2020-10-23,ZTS,163.10000610351562,164.61000061035156,162.25,163.49000549316406,156.84925842285156,1111200
2020-10-26,ZTS,162.0,162.9499969482422,158.9600067138672,160.47999572753906,153.9615020751953,1151600
2020-10-26,ZTS,162.0,162.9499969482422,158.9600067138672,160.47999572753906,153.9615020751953,1151600
2020-10-27,ZTS,160.83999633789062,164.47999572753906,160.6300048828125,162.47000122070312,155.8706817626953,1851000
2020-10-27,ZTS,160.83999633789062,164.47999572753906,160.6300048828125,162.47000122070312,155.8706817626953,1851000
2020-10-28,ZTS,159.75999450683594,161.50999450683594,158.16000366210938,158.69000244140625,152.2442169189453,2160700
2020-10-28,ZTS,159.75999450683594,161.50999450683594,158.16000366210938,158.69000244140625,152.2442169189453,2160700
2020-10-29,ZTS,159.4600067138672,162.4499969482422,158.1300048828125,161.19000244140625,154.64266967773438,1539000
2020-10-29,ZTS,159.4600067138672,162.4499969482422,158.1300048828125,161.19000244140625,154.64266967773438,1539000
2020-10-30,ZTS,160.02000427246094,161.32000732421875,156.25,158.5500030517578,152.10989379882812,2078300
2020-10-30,ZTS,160.02000427246094,161.32000732421875,156.25,158.5500030517578,152.10989379882812,2078300
2020-11-02,ZTS,161.30999755859375,163.25999450683594,160.7100067138672,162.88999938964844,156.27362060546875,1516600
2020-11-02,ZTS,161.30999755859375,163.25999450683594,160.7100067138672,162.88999938964844,156.27362060546875,1516600
2020-11-03,ZTS,164.63999938964844,165.49000549316406,162.89999389648438,163.13999938964844,156.51345825195312,1519500
2020-11-03,ZTS,164.63999938964844,165.49000549316406,162.89999389648438,163.13999938964844,156.51345825195312,1519500
2020-11-04,ZTS,165.99000549316406,176.1699981689453,165.97000122070312,174.35000610351562,167.2681427001953,3403700
2020-11-04,ZTS,165.99000549316406,176.1699981689453,165.97000122070312,174.35000610351562,167.2681427001953,3403700
2020-11-05,ZTS,174.67999267578125,176.63999938964844,170.3800048828125,170.89999389648438,163.958251953125,2539300
2020-11-05,ZTS,174.67999267578125,176.63999938964844,170.3800048828125,170.89999389648438,163.958251953125,2539300
2020-11-06,ZTS,172.0,172.6199951171875,166.25999450683594,169.25,162.37525939941406,2008200
2020-11-06,ZTS,172.0,172.6199951171875,166.25999450683594,169.25,162.37525939941406,2008200
2020-11-09,ZTS,175.4600067138672,176.41000366210938,165.00999450683594,165.1999969482422,158.48976135253906,2325300
2020-11-09,ZTS,175.4600067138672,176.41000366210938,165.00999450683594,165.1999969482422,158.48976135253906,2325300
2020-11-10,ZTS,166.0399932861328,166.9600067138672,160.49000549316406,162.55999755859375,155.95706176757812,2926600
2020-11-10,ZTS,166.0399932861328,166.9600067138672,160.49000549316406,162.55999755859375,155.95706176757812,2926600
2020-11-11,ZTS,164.99000549316406,165.9199981689453,163.3300018310547,164.9499969482422,158.24996948242188,1570200
2020-11-11,ZTS,164.99000549316406,165.9199981689453,163.3300018310547,164.9499969482422,158.24996948242188,1570200
2020-11-12,ZTS,164.16000366210938,166.60000610351562,163.7899932861328,165.19000244140625,158.48019409179688,1182800
2020-11-12,ZTS,164.16000366210938,166.60000610351562,163.7899932861328,165.19000244140625,158.48019409179688,1182800
2020-11-13,ZTS,165.4600067138672,167.02999877929688,164.50999450683594,165.77999877929688,159.04624938964844,1666600
2020-11-13,ZTS,165.4600067138672,167.02999877929688,164.50999450683594,165.77999877929688,159.04624938964844,1666600
2020-11-16,ZTS,166.3699951171875,168.52000427246094,164.60000610351562,165.2899932861328,158.5761260986328,1548000
2020-11-16,ZTS,166.3699951171875,168.52000427246094,164.60000610351562,165.2899932861328,158.5761260986328,1548000
2020-11-17,ZTS,164.49000549316406,166.11000061035156,164.07000732421875,165.42999267578125,158.7104034423828,1214300
2020-11-17,ZTS,164.49000549316406,166.11000061035156,164.07000732421875,165.42999267578125,158.7104034423828,1214300
2020-11-18,ZTS,165.10000610351562,166.3300018310547,163.4199981689453,163.5,156.85882568359375,1457800
2020-11-18,ZTS,165.10000610351562,166.3300018310547,163.4199981689453,163.5,156.85882568359375,1457800
2020-11-19,ZTS,164.07000732421875,166.94000244140625,163.5399932861328,166.30999755859375,159.5547637939453,1329000
2020-11-19,ZTS,164.07000732421875,166.94000244140625,163.5399932861328,166.30999755859375,159.5547637939453,1329000
2020-11-20,ZTS,166.86000061035156,168.16000366210938,166.13999938964844,166.1999969482422,159.4491729736328,1217600
2020-11-20,ZTS,166.86000061035156,168.16000366210938,166.13999938964844,166.1999969482422,159.4491729736328,1217600
2020-11-23,ZTS,166.14999389648438,167.2100067138672,162.13999938964844,164.33999633789062,157.6647186279297,1493100
2020-11-23,ZTS,166.14999389648438,167.2100067138672,162.13999938964844,164.33999633789062,157.6647186279297,1493100
2020-11-24,ZTS,164.38999938964844,166.25,160.47000122070312,161.05999755859375,154.51792907714844,2425500
2020-11-24,ZTS,164.38999938964844,166.25,160.47000122070312,161.05999755859375,154.51792907714844,2425500
2020-11-25,ZTS,161.99000549316406,162.67999267578125,159.25,160.19000244140625,153.68328857421875,1981800
2020-11-25,ZTS,161.99000549316406,162.67999267578125,159.25,160.19000244140625,153.68328857421875,1981800
2020-11-27,ZTS,161.6199951171875,162.19000244140625,160.2899932861328,161.47000122070312,154.91131591796875,853300
2020-11-27,ZTS,161.6199951171875,162.19000244140625,160.2899932861328,161.47000122070312,154.91131591796875,853300
2020-11-30,ZTS,162.47999572753906,162.47999572753906,159.64999389648438,160.3800048828125,153.86558532714844,4533900
2020-11-30,ZTS,162.47999572753906,162.47999572753906,159.64999389648438,160.3800048828125,153.86558532714844,4533900
2020-12-01,ZTS,161.63999938964844,162.47999572753906,159.99000549316406,161.36000061035156,154.80575561523438,1964400
2020-12-01,ZTS,161.63999938964844,162.47999572753906,159.99000549316406,161.36000061035156,154.80575561523438,1964400
2020-12-02,ZTS,161.0,161.83999633789062,158.47999572753906,158.9499969482422,152.49363708496094,1529400
2020-12-02,ZTS,161.0,161.83999633789062,158.47999572753906,158.9499969482422,152.49363708496094,1529400
2020-12-03,ZTS,158.5800018310547,159.08999633789062,156.44000244140625,157.07000732421875,150.69003295898438,2308200
2020-12-03,ZTS,158.5800018310547,159.08999633789062,156.44000244140625,157.07000732421875,150.69003295898438,2308200
2020-12-04,ZTS,157.16000366210938,158.22000122070312,156.66000366210938,157.9499969482422,151.53427124023438,1497100
2020-12-04,ZTS,157.16000366210938,158.22000122070312,156.66000366210938,157.9499969482422,151.53427124023438,1497100
2020-12-07,ZTS,157.55999755859375,159.1999969482422,157.55999755859375,158.4499969482422,152.01393127441406,1407100
2020-12-07,ZTS,157.55999755859375,159.1999969482422,157.55999755859375,158.4499969482422,152.01393127441406,1407100
2020-12-08,ZTS,156.8699951171875,159.5,156.47000122070312,158.99000549316406,152.53204345703125,1593900
2020-12-08,ZTS,156.8699951171875,159.5,156.47000122070312,158.99000549316406,152.53204345703125,1593900
2020-12-09,ZTS,159.69000244140625,160.1699981689453,157.66000366210938,158.6999969482422,152.2538299560547,1510400
2020-12-09,ZTS,159.69000244140625,160.1699981689453,157.66000366210938,158.6999969482422,152.2538299560547,1510400
2020-12-10,ZTS,159.4499969482422,160.47000122070312,157.88999938964844,158.1199951171875,151.6973876953125,1847000
2020-12-10,ZTS,159.4499969482422,160.47000122070312,157.88999938964844,158.1199951171875,151.6973876953125,1847000
2020-12-11,ZTS,157.5500030517578,159.6199951171875,157.16000366210938,159.52999877929688,153.05006408691406,1264000
2020-12-11,ZTS,157.5500030517578,159.6199951171875,157.16000366210938,159.52999877929688,153.05006408691406,1264000
2020-12-14,ZTS,160.10000610351562,162.8699951171875,159.08999633789062,159.5,153.02133178710938,1612900
2020-12-14,ZTS,160.10000610351562,162.8699951171875,159.08999633789062,159.5,153.02133178710938,1612900
2020-12-15,ZTS,160.2899932861328,162.11000061035156,158.36000061035156,161.9600067138672,155.3814239501953,1813100
2020-12-15,ZTS,160.2899932861328,162.11000061035156,158.36000061035156,161.9600067138672,155.3814239501953,1813100
2020-12-16,ZTS,162.36000061035156,163.3300018310547,160.5399932861328,160.6199951171875,154.09580993652344,1440900
2020-12-16,ZTS,162.36000061035156,163.3300018310547,160.5399932861328,160.6199951171875,154.09580993652344,1440900
2020-12-17,ZTS,161.88999938964844,163.97000122070312,161.24000549316406,162.6999969482422,156.09133911132812,1486800
2020-12-17,ZTS,161.88999938964844,163.97000122070312,161.24000549316406,162.6999969482422,156.09133911132812,1486800
2020-12-18,ZTS,162.64999389648438,164.5399932861328,161.0500030517578,163.6300048828125,156.98355102539062,3566400
2020-12-18,ZTS,162.64999389648438,164.5399932861328,161.0500030517578,163.6300048828125,156.98355102539062,3566400
2020-12-21,ZTS,160.74000549316406,161.55999755859375,158.3000030517578,160.83999633789062,154.30691528320312,1463800
2020-12-21,ZTS,160.74000549316406,161.55999755859375,158.3000030517578,160.83999633789062,154.30691528320312,1463800
2020-12-22,ZTS,160.52999877929688,162.3800048828125,159.63999938964844,161.8300018310547,155.2566680908203,1209200
2020-12-22,ZTS,160.52999877929688,162.3800048828125,159.63999938964844,161.8300018310547,155.2566680908203,1209200
2020-12-23,ZTS,162.0,162.97999572753906,159.83999633789062,159.85000610351562,153.35708618164062,1164600
2020-12-23,ZTS,162.0,162.97999572753906,159.83999633789062,159.85000610351562,153.35708618164062,1164600
2020-12-24,ZTS,159.9199981689453,161.8699951171875,159.85000610351562,160.72000122070312,154.19175720214844,417400
2020-12-24,ZTS,159.9199981689453,161.8699951171875,159.85000610351562,160.72000122070312,154.19175720214844,417400
2020-12-28,ZTS,161.44000244140625,162.8300018310547,160.30999755859375,162.38999938964844,155.79391479492188,1522400
2020-12-28,ZTS,161.44000244140625,162.8300018310547,160.30999755859375,162.38999938964844,155.79391479492188,1522400
2020-12-29,ZTS,163.2100067138672,165.10000610351562,162.39999389648438,163.1199951171875,156.49427795410156,1188400
2020-12-29,ZTS,163.2100067138672,165.10000610351562,162.39999389648438,163.1199951171875,156.49427795410156,1188400
2020-12-30,ZTS,163.50999450683594,164.8000030517578,163.16000366210938,164.27000427246094,157.59754943847656,1009000
2020-12-30,ZTS,163.50999450683594,164.8000030517578,163.16000366210938,164.27000427246094,157.59754943847656,1009000
2020-12-31,ZTS,164.5,165.67999267578125,163.22999572753906,165.5,158.77757263183594,1292600
2020-12-31,ZTS,164.5,165.67999267578125,163.22999572753906,165.5,158.77757263183594,1292600
2021-01-04,ZTS,166.0,166.24000549316406,160.72000122070312,163.58999633789062,156.9451904296875,1805900
2021-01-04,ZTS,166.0,166.24000549316406,160.72000122070312,163.58999633789062,156.9451904296875,1805900
2021-01-05,ZTS,163.14999389648438,165.2899932861328,162.5,164.72999572753906,158.03887939453125,1358600
2021-01-05,ZTS,163.14999389648438,165.2899932861328,162.5,164.72999572753906,158.03887939453125,1358600
2021-01-06,ZTS,162.9199981689453,167.91000366210938,162.6699981689453,167.14999389648438,160.36058044433594,2139800
2021-01-06,ZTS,162.9199981689453,167.91000366210938,162.6699981689453,167.14999389648438,160.36058044433594,2139800
2021-01-07,ZTS,167.4499969482422,168.8000030517578,166.6999969482422,167.0,160.2166748046875,1710700
2021-01-07,ZTS,167.4499969482422,168.8000030517578,166.6999969482422,167.0,160.2166748046875,1710700
2021-01-08,ZTS,167.39999389648438,169.8800048828125,166.69000244140625,168.11000061035156,161.2816162109375,1475900
2021-01-08,ZTS,167.39999389648438,169.8800048828125,166.69000244140625,168.11000061035156,161.2816162109375,1475900
2021-01-11,ZTS,167.89999389648438,170.49000549316406,167.5800018310547,169.38999938964844,162.50961303710938,1117000
2021-01-11,ZTS,167.89999389648438,170.49000549316406,167.5800018310547,169.38999938964844,162.50961303710938,1117000
2021-01-12,ZTS,169.02000427246094,169.75,164.25999450683594,166.1199951171875,159.37240600585938,1304200
2021-01-12,ZTS,169.02000427246094,169.75,164.25999450683594,166.1199951171875,159.37240600585938,1304200
2021-01-13,ZTS,165.10000610351562,166.0500030517578,161.63999938964844,161.9499969482422,155.37181091308594,2603100
2021-01-13,ZTS,165.10000610351562,166.0500030517578,161.63999938964844,161.9499969482422,155.37181091308594,2603100
2021-01-14,ZTS,162.55999755859375,163.3800048828125,160.89999389648438,160.9600067138672,154.42201232910156,2213900
2021-01-14,ZTS,162.55999755859375,163.3800048828125,160.89999389648438,160.9600067138672,154.42201232910156,2213900
2021-01-15,ZTS,161.42999267578125,162.10000610351562,159.6199951171875,161.55999755859375,154.9976348876953,2516500
2021-01-15,ZTS,161.42999267578125,162.10000610351562,159.6199951171875,161.55999755859375,154.9976348876953,2516500
2021-01-19,ZTS,162.3699951171875,163.9499969482422,161.25,162.57000732421875,156.2083282470703,1464200
2021-01-19,ZTS,162.3699951171875,163.9499969482422,161.25,162.57000732421875,156.2083282470703,1464200
2021-01-20,ZTS,162.55999755859375,164.1999969482422,161.8300018310547,163.36000061035156,156.9674530029297,1618000
2021-01-20,ZTS,162.55999755859375,164.1999969482422,161.8300018310547,163.36000061035156,156.9674530029297,1618000
2021-01-21,ZTS,162.47000122070312,165.75,162.47000122070312,164.4600067138672,158.02438354492188,2440200
2021-01-21,ZTS,162.47000122070312,165.75,162.47000122070312,164.4600067138672,158.02438354492188,2440200
2021-01-22,ZTS,164.64999389648438,165.1999969482422,162.63999938964844,163.3300018310547,156.9385986328125,1079100
2021-01-22,ZTS,164.64999389648438,165.1999969482422,162.63999938964844,163.3300018310547,156.9385986328125,1079100
2021-01-25,ZTS,162.55999755859375,163.19000244140625,160.42999267578125,161.33999633789062,155.02645874023438,1443800
2021-01-25,ZTS,162.55999755859375,163.19000244140625,160.42999267578125,161.33999633789062,155.02645874023438,1443800
2021-01-26,ZTS,161.35000610351562,161.63999938964844,158.55999755859375,159.7100067138672,153.46026611328125,1982000
2021-01-26,ZTS,161.35000610351562,161.63999938964844,158.55999755859375,159.7100067138672,153.46026611328125,1982000
2021-01-27,ZTS,157.99000549316406,158.27999877929688,152.5500030517578,153.14999389648438,147.1569366455078,2235600
2021-01-27,ZTS,157.99000549316406,158.27999877929688,152.5500030517578,153.14999389648438,147.1569366455078,2235600
2021-01-28,ZTS,154.3000030517578,160.64999389648438,154.25,156.52999877929688,150.40472412109375,1859300
2021-01-28,ZTS,154.3000030517578,160.64999389648438,154.25,156.52999877929688,150.40472412109375,1859300
2021-01-29,ZTS,155.64999389648438,156.57000732421875,152.3000030517578,154.25,148.2139129638672,1977200
2021-01-29,ZTS,155.64999389648438,156.57000732421875,152.3000030517578,154.25,148.2139129638672,1977200
2021-02-01,ZTS,156.1999969482422,157.0399932861328,154.25,155.5800018310547,149.4918670654297,1885700
2021-02-01,ZTS,156.1999969482422,157.0399932861328,154.25,155.5800018310547,149.4918670654297,1885700
2021-02-02,ZTS,157.5500030517578,159.69000244140625,157.27000427246094,157.38999938964844,151.23106384277344,1583000
2021-02-02,ZTS,157.5500030517578,159.69000244140625,157.27000427246094,157.38999938964844,151.23106384277344,1583000
2021-02-03,ZTS,157.32000732421875,158.2899932861328,155.08999633789062,155.22999572753906,149.1555633544922,1726000
2021-02-03,ZTS,157.32000732421875,158.2899932861328,155.08999633789062,155.22999572753906,149.1555633544922,1726000
2021-02-04,ZTS,155.35000610351562,157.25999450683594,154.5800018310547,157.1300048828125,150.98126220703125,1888000
2021-02-04,ZTS,155.35000610351562,157.25999450683594,154.5800018310547,157.1300048828125,150.98126220703125,1888000
2021-02-05,ZTS,157.88999938964844,160.25999450683594,157.60000610351562,159.27999877929688,153.04705810546875,1377800
2021-02-05,ZTS,157.88999938964844,160.25999450683594,157.60000610351562,159.27999877929688,153.04705810546875,1377800
2021-02-08,ZTS,160.39999389648438,161.88999938964844,158.5,160.02000427246094,153.75811767578125,1625100
2021-02-08,ZTS,160.39999389648438,161.88999938964844,158.5,160.02000427246094,153.75811767578125,1625100
2021-02-09,ZTS,159.80999755859375,161.7899932861328,159.00999450683594,159.8300018310547,153.5755157470703,1852700
2021-02-09,ZTS,159.80999755859375,161.7899932861328,159.00999450683594,159.8300018310547,153.5755157470703,1852700
2021-02-10,ZTS,161.25,162.72999572753906,160.1699981689453,160.6199951171875,154.33462524414062,1746000
2021-02-10,ZTS,161.25,162.72999572753906,160.1699981689453,160.6199951171875,154.33462524414062,1746000
2021-02-11,ZTS,161.14999389648438,164.72999572753906,160.39999389648438,164.44000244140625,158.00514221191406,1860300
2021-02-11,ZTS,161.14999389648438,164.72999572753906,160.39999389648438,164.44000244140625,158.00514221191406,1860300
2021-02-12,ZTS,163.61000061035156,167.75,163.61000061035156,166.7100067138672,160.18634033203125,2188700
2021-02-12,ZTS,163.61000061035156,167.75,163.61000061035156,166.7100067138672,160.18634033203125,2188700
2021-02-16,ZTS,167.97999572753906,169.88999938964844,163.6300048828125,166.32000732421875,159.8115997314453,2609700
2021-02-16,ZTS,167.97999572753906,169.88999938964844,163.6300048828125,166.32000732421875,159.8115997314453,2609700
2021-02-17,ZTS,165.82000732421875,169.85000610351562,165.0,168.89999389648438,162.29061889648438,1561800
2021-02-17,ZTS,165.82000732421875,169.85000610351562,165.0,168.89999389648438,162.29061889648438,1561800
2021-02-18,ZTS,167.7100067138672,170.07000732421875,165.72000122070312,167.9499969482422,161.3778076171875,1954100
2021-02-18,ZTS,167.7100067138672,170.07000732421875,165.72000122070312,167.9499969482422,161.3778076171875,1954100
2021-02-19,ZTS,167.8800048828125,168.02999877929688,159.41000366210938,160.0,153.73892211914062,3793100
2021-02-19,ZTS,167.8800048828125,168.02999877929688,159.41000366210938,160.0,153.73892211914062,3793100
2021-02-22,ZTS,159.0,161.00999450683594,158.25999450683594,160.16000366210938,153.89260864257812,2908200
2021-02-22,ZTS,159.0,161.00999450683594,158.25999450683594,160.16000366210938,153.89260864257812,2908200
2021-02-23,ZTS,160.3699951171875,161.8000030517578,159.24000549316406,159.52000427246094,153.27769470214844,1811000
2021-02-23,ZTS,160.3699951171875,161.8000030517578,159.24000549316406,159.52000427246094,153.27769470214844,1811000
2021-02-24,ZTS,161.19000244140625,161.61000061035156,158.83999633789062,159.0500030517578,152.82608032226562,2495900
2021-02-24,ZTS,161.19000244140625,161.61000061035156,158.83999633789062,159.0500030517578,152.82608032226562,2495900
2021-02-25,ZTS,158.5,159.4499969482422,155.75,156.47999572753906,150.3566436767578,2059900
2021-02-25,ZTS,158.5,159.4499969482422,155.75,156.47999572753906,150.3566436767578,2059900
2021-02-26,ZTS,157.13999938964844,157.4600067138672,154.9499969482422,155.24000549316406,149.16514587402344,2561500
2021-02-26,ZTS,157.13999938964844,157.4600067138672,154.9499969482422,155.24000549316406,149.16514587402344,2561500
2021-03-01,ZTS,156.11000061035156,159.9499969482422,155.92999267578125,157.69000244140625,151.51930236816406,1680100
2021-03-01,ZTS,156.11000061035156,159.9499969482422,155.92999267578125,157.69000244140625,151.51930236816406,1680100
2021-03-02,ZTS,158.38999938964844,159.5500030517578,155.52999877929688,157.0500030517578,150.9043426513672,2039500
2021-03-02,ZTS,158.38999938964844,159.5500030517578,155.52999877929688,157.0500030517578,150.9043426513672,2039500
2021-03-03,ZTS,155.35000610351562,155.80999755859375,149.19000244140625,149.32000732421875,143.47682189941406,3392700
2021-03-03,ZTS,155.35000610351562,155.80999755859375,149.19000244140625,149.32000732421875,143.47682189941406,3392700
2021-03-04,ZTS,148.61000061035156,149.0,142.22000122070312,144.0,138.36497497558594,6115200
2021-03-04,ZTS,148.61000061035156,149.0,142.22000122070312,144.0,138.36497497558594,6115200
2021-03-05,ZTS,145.25,146.0399932861328,141.41000366210938,145.67999267578125,139.97927856445312,3520700
2021-03-05,ZTS,145.25,146.0399932861328,141.41000366210938,145.67999267578125,139.97927856445312,3520700
2021-03-08,ZTS,148.00999450683594,149.60000610351562,145.02000427246094,145.14999389648438,139.4700164794922,2303100
2021-03-08,ZTS,148.00999450683594,149.60000610351562,145.02000427246094,145.14999389648438,139.4700164794922,2303100
2021-03-09,ZTS,147.5,153.49000549316406,147.35000610351562,150.13999938964844,144.26473999023438,3121500
2021-03-09,ZTS,147.5,153.49000549316406,147.35000610351562,150.13999938964844,144.26473999023438,3121500
2021-03-10,ZTS,150.4499969482422,152.6999969482422,148.57000732421875,151.08999633789062,145.17759704589844,2119200
2021-03-10,ZTS,150.4499969482422,152.6999969482422,148.57000732421875,151.08999633789062,145.17759704589844,2119200
2021-03-11,ZTS,152.66000366210938,153.5500030517578,152.19000244140625,152.36000061035156,146.3978729248047,1456800
2021-03-11,ZTS,152.66000366210938,153.5500030517578,152.19000244140625,152.36000061035156,146.3978729248047,1456800
2021-03-12,ZTS,152.1999969482422,152.85000610351562,150.67999267578125,152.57000732421875,146.59967041015625,1727200
2021-03-12,ZTS,152.1999969482422,152.85000610351562,150.67999267578125,152.57000732421875,146.59967041015625,1727200
2021-03-15,ZTS,152.77000427246094,155.5,152.5,154.83999633789062,148.78082275390625,1917700
2021-03-15,ZTS,152.77000427246094,155.5,152.5,154.83999633789062,148.78082275390625,1917700
2021-03-16,ZTS,155.14999389648438,156.36000061035156,154.39999389648438,155.02999877929688,148.96340942382812,1627600
2021-03-16,ZTS,155.14999389648438,156.36000061035156,154.39999389648438,155.02999877929688,148.96340942382812,1627600
2021-03-17,ZTS,154.17999267578125,160.3800048828125,153.60000610351562,156.1699981689453,150.0587615966797,2482500
2021-03-17,ZTS,154.17999267578125,160.3800048828125,153.60000610351562,156.1699981689453,150.0587615966797,2482500
2021-03-18,ZTS,155.3000030517578,155.9600067138672,151.75999450683594,152.4199981689453,146.45550537109375,2462200
2021-03-18,ZTS,155.3000030517578,155.9600067138672,151.75999450683594,152.4199981689453,146.45550537109375,2462200
2021-03-19,ZTS,152.60000610351562,154.89999389648438,151.97999572753906,153.1199951171875,147.12814331054688,4034400
2021-03-19,ZTS,152.60000610351562,154.89999389648438,151.97999572753906,153.1199951171875,147.12814331054688,4034400
2021-03-22,ZTS,153.0399932861328,155.91000366210938,152.60000610351562,155.6300048828125,149.5398712158203,1604100
2021-03-22,ZTS,153.0399932861328,155.91000366210938,152.60000610351562,155.6300048828125,149.5398712158203,1604100
2021-03-23,ZTS,155.67999267578125,157.25,153.99000549316406,156.0399932861328,149.93385314941406,1962800
2021-03-23,ZTS,155.67999267578125,157.25,153.99000549316406,156.0399932861328,149.93385314941406,1962800
2021-03-24,ZTS,155.3300018310547,157.25,155.27999877929688,155.42999267578125,149.34776306152344,1739700
2021-03-24,ZTS,155.3300018310547,157.25,155.27999877929688,155.42999267578125,149.34776306152344,1739700
2021-03-25,ZTS,156.08999633789062,156.08999633789062,151.72999572753906,152.8800048828125,146.89752197265625,1656600
2021-03-25,ZTS,156.08999633789062,156.08999633789062,151.72999572753906,152.8800048828125,146.89752197265625,1656600
2021-03-26,ZTS,153.1300048828125,156.19000244140625,152.6300048828125,156.14999389648438,150.03956604003906,1877200
2021-03-26,ZTS,153.1300048828125,156.19000244140625,152.6300048828125,156.14999389648438,150.03956604003906,1877200
2021-03-29,ZTS,155.75999450683594,159.1199951171875,155.50999450683594,158.38999938964844,152.19189453125,2044800
2021-03-29,ZTS,155.75999450683594,159.1199951171875,155.50999450683594,158.38999938964844,152.19189453125,2044800
2021-03-30,ZTS,157.30999755859375,158.27000427246094,156.5,157.0399932861328,150.8947296142578,1298000
2021-03-30,ZTS,157.30999755859375,158.27000427246094,156.5,157.0399932861328,150.8947296142578,1298000
2021-03-31,ZTS,157.52999877929688,158.6300048828125,156.92999267578125,157.47999572753906,151.31748962402344,1564100
2021-03-31,ZTS,157.52999877929688,158.6300048828125,156.92999267578125,157.47999572753906,151.31748962402344,1564100
2021-04-01,ZTS,157.7100067138672,158.80999755859375,156.25999450683594,157.88999938964844,151.7114715576172,1386400
2021-04-01,ZTS,157.7100067138672,158.80999755859375,156.25999450683594,157.88999938964844,151.7114715576172,1386400
2021-04-05,ZTS,158.55999755859375,159.3000030517578,157.69000244140625,158.41000366210938,152.21112060546875,1212600
2021-04-05,ZTS,158.55999755859375,159.3000030517578,157.69000244140625,158.41000366210938,152.21112060546875,1212600
2021-04-06,ZTS,158.8300018310547,159.1999969482422,155.41000366210938,155.89999389648438,149.79934692382812,1802500
2021-04-06,ZTS,158.8300018310547,159.1999969482422,155.41000366210938,155.89999389648438,149.79934692382812,1802500
2021-04-07,ZTS,155.6999969482422,158.17999267578125,155.6999969482422,157.8800048828125,151.70187377929688,1660500
2021-04-07,ZTS,155.6999969482422,158.17999267578125,155.6999969482422,157.8800048828125,151.70187377929688,1660500
2021-04-08,ZTS,158.89999389648438,160.77000427246094,158.6300048828125,160.0,153.73892211914062,3440800
2021-04-08,ZTS,158.89999389648438,160.77000427246094,158.6300048828125,160.0,153.73892211914062,3440800
2021-04-09,ZTS,160.11000061035156,160.9499969482422,158.4600067138672,159.85000610351562,153.59475708007812,1821900
2021-04-09,ZTS,160.11000061035156,160.9499969482422,158.4600067138672,159.85000610351562,153.59475708007812,1821900
2021-04-12,ZTS,160.07000732421875,163.14999389648438,158.52000427246094,162.50999450683594,156.15069580078125,2916400
2021-04-12,ZTS,160.07000732421875,163.14999389648438,158.52000427246094,162.50999450683594,156.15069580078125,2916400
2021-04-13,ZTS,162.1999969482422,164.0,161.49000549316406,163.47000122070312,157.0731201171875,2452700
2021-04-13,ZTS,162.1999969482422,164.0,161.49000549316406,163.47000122070312,157.0731201171875,2452700
2021-04-14,ZTS,164.00999450683594,164.83999633789062,162.6300048828125,163.0800018310547,156.69837951660156,1183100
2021-04-14,ZTS,164.00999450683594,164.83999633789062,162.6300048828125,163.0800018310547,156.69837951660156,1183100
2021-04-15,ZTS,163.92999267578125,166.39999389648438,163.92999267578125,165.4499969482422,158.97560119628906,2041500
2021-04-15,ZTS,163.92999267578125,166.39999389648438,163.92999267578125,165.4499969482422,158.97560119628906,2041500
2021-04-16,ZTS,166.27000427246094,168.27000427246094,166.0,167.6300048828125,161.07034301757812,2290800
2021-04-16,ZTS,166.27000427246094,168.27000427246094,166.0,167.6300048828125,161.07034301757812,2290800
2021-04-19,ZTS,167.5,168.27000427246094,166.58999633789062,168.10000610351562,161.52191162109375,1842700
2021-04-19,ZTS,167.5,168.27000427246094,166.58999633789062,168.10000610351562,161.52191162109375,1842700
2021-04-20,ZTS,167.9499969482422,169.6999969482422,167.5500030517578,168.74000549316406,162.3783721923828,1984700
2021-04-20,ZTS,167.9499969482422,169.6999969482422,167.5500030517578,168.74000549316406,162.3783721923828,1984700
2021-04-21,ZTS,169.5800018310547,171.16000366210938,168.8800048828125,170.14999389648438,163.73519897460938,1206900
2021-04-21,ZTS,169.5800018310547,171.16000366210938,168.8800048828125,170.14999389648438,163.73519897460938,1206900
2021-04-22,ZTS,169.7100067138672,170.11000061035156,167.83999633789062,169.07000732421875,162.69595336914062,1467700
2021-04-22,ZTS,169.7100067138672,170.11000061035156,167.83999633789062,169.07000732421875,162.69595336914062,1467700
2021-04-23,ZTS,169.0,171.3000030517578,168.52999877929688,170.5399932861328,164.11050415039062,1057500
2021-04-23,ZTS,169.0,171.3000030517578,168.52999877929688,170.5399932861328,164.11050415039062,1057500
2021-04-26,ZTS,170.8800048828125,171.17999267578125,169.00999450683594,169.8000030517578,163.3983917236328,980500
2021-04-26,ZTS,170.8800048828125,171.17999267578125,169.00999450683594,169.8000030517578,163.3983917236328,980500
2021-04-27,ZTS,169.58999633789062,170.7899932861328,169.1199951171875,169.75,163.35028076171875,1323100
2021-04-27,ZTS,169.58999633789062,170.7899932861328,169.1199951171875,169.75,163.35028076171875,1323100
2021-04-28,ZTS,169.6300048828125,172.1699981689453,169.42999267578125,171.72000122070312,165.24603271484375,1394600
2021-04-28,ZTS,169.6300048828125,172.1699981689453,169.42999267578125,171.72000122070312,165.24603271484375,1394600
2021-04-29,ZTS,172.08999633789062,174.83999633789062,171.75999450683594,174.52000427246094,167.9404754638672,1686200
2021-04-29,ZTS,172.08999633789062,174.83999633789062,171.75999450683594,174.52000427246094,167.9404754638672,1686200
2021-04-30,ZTS,173.6999969482422,174.85000610351562,172.52000427246094,173.02999877929688,166.50665283203125,2151000
2021-04-30,ZTS,173.6999969482422,174.85000610351562,172.52000427246094,173.02999877929688,166.50665283203125,2151000
2021-05-03,ZTS,174.6999969482422,176.22999572753906,173.35000610351562,175.24000549316406,168.63330078125,1886800
2021-05-03,ZTS,174.6999969482422,176.22999572753906,173.35000610351562,175.24000549316406,168.63330078125,1886800
2021-05-04,ZTS,174.42999267578125,174.82000732421875,172.4199981689453,173.77000427246094,167.21873474121094,1849700
2021-05-04,ZTS,174.42999267578125,174.82000732421875,172.4199981689453,173.77000427246094,167.21873474121094,1849700
2021-05-05,ZTS,174.1999969482422,174.67999267578125,172.33999633789062,173.86000061035156,167.30532836914062,1929400
2021-05-05,ZTS,174.1999969482422,174.67999267578125,172.33999633789062,173.86000061035156,167.30532836914062,1929400
2021-05-06,ZTS,167.25,168.6300048828125,165.22000122070312,167.52000427246094,161.20437622070312,3200100
2021-05-06,ZTS,167.25,168.6300048828125,165.22000122070312,167.52000427246094,161.20437622070312,3200100
2021-05-07,ZTS,169.19000244140625,173.25999450683594,169.0,171.5500030517578,165.08242797851562,1492500
2021-05-07,ZTS,169.19000244140625,173.25999450683594,169.0,171.5500030517578,165.08242797851562,1492500
2021-05-10,ZTS,172.0,173.24000549316406,170.77000427246094,171.1699981689453,164.7167510986328,1472300
2021-05-10,ZTS,172.0,173.24000549316406,170.77000427246094,171.1699981689453,164.7167510986328,1472300
2021-05-11,ZTS,169.89999389648438,171.14999389648438,169.2899932861328,170.22999572753906,163.8122100830078,1596500
2021-05-11,ZTS,169.89999389648438,171.14999389648438,169.2899932861328,170.22999572753906,163.8122100830078,1596500
2021-05-12,ZTS,169.52999877929688,170.36000061035156,167.4600067138672,168.0399932861328,161.7047576904297,1612100
2021-05-12,ZTS,169.52999877929688,170.36000061035156,167.4600067138672,168.0399932861328,161.7047576904297,1612100
2021-05-13,ZTS,168.3699951171875,171.27000427246094,167.8300018310547,170.85000610351562,164.40884399414062,1317900
2021-05-13,ZTS,168.3699951171875,171.27000427246094,167.8300018310547,170.85000610351562,164.40884399414062,1317900
2021-05-14,ZTS,171.7100067138672,172.97999572753906,170.85000610351562,172.2899932861328,165.7945556640625,1232600
2021-05-14,ZTS,171.7100067138672,172.97999572753906,170.85000610351562,172.2899932861328,165.7945556640625,1232600
2021-05-17,ZTS,172.25,172.97999572753906,170.0399932861328,170.27000427246094,163.85069274902344,1003600
2021-05-17,ZTS,172.25,172.97999572753906,170.0399932861328,170.27000427246094,163.85069274902344,1003600
2021-05-18,ZTS,169.27000427246094,170.97999572753906,168.6300048828125,170.11000061035156,163.69671630859375,1149500
2021-05-18,ZTS,169.27000427246094,170.97999572753906,168.6300048828125,170.11000061035156,163.69671630859375,1149500
2021-05-19,ZTS,169.0500030517578,171.35000610351562,167.80999755859375,171.27999877929688,164.8226318359375,1537900
2021-05-19,ZTS,169.0500030517578,171.35000610351562,167.80999755859375,171.27999877929688,164.8226318359375,1537900
2021-05-20,ZTS,171.52000427246094,175.97999572753906,170.77999877929688,175.8000030517578,169.1721954345703,2223000
2021-05-20,ZTS,171.52000427246094,175.97999572753906,170.77999877929688,175.8000030517578,169.1721954345703,2223000
2021-05-21,ZTS,176.5500030517578,177.7100067138672,175.11000061035156,176.02000427246094,169.38392639160156,3329900
2021-05-21,ZTS,176.5500030517578,177.7100067138672,175.11000061035156,176.02000427246094,169.38392639160156,3329900
2021-05-24,ZTS,177.0500030517578,178.7100067138672,175.97999572753906,176.39999389648438,169.74957275390625,2273000
2021-05-24,ZTS,177.0500030517578,178.7100067138672,175.97999572753906,176.39999389648438,169.74957275390625,2273000
2021-05-25,ZTS,176.0,176.72999572753906,174.4600067138672,176.6199951171875,169.96131896972656,2096400
2021-05-25,ZTS,176.0,176.72999572753906,174.4600067138672,176.6199951171875,169.96131896972656,2096400
2021-05-26,ZTS,178.00999450683594,178.49000549316406,174.77999877929688,175.32000732421875,168.71029663085938,1590300
2021-05-26,ZTS,178.00999450683594,178.49000549316406,174.77999877929688,175.32000732421875,168.71029663085938,1590300
2021-05-27,ZTS,175.0,176.50999450683594,174.33999633789062,174.6699981689453,168.08482360839844,3201800
2021-05-27,ZTS,175.0,176.50999450683594,174.33999633789062,174.6699981689453,168.08482360839844,3201800
2021-05-28,ZTS,176.1999969482422,178.14999389648438,175.57000732421875,176.67999267578125,170.01898193359375,1439900
2021-05-28,ZTS,176.1999969482422,178.14999389648438,175.57000732421875,176.67999267578125,170.01898193359375,1439900
2021-06-01,ZTS,177.36000061035156,177.47999572753906,173.8300018310547,174.19000244140625,167.6229248046875,1367300
2021-06-01,ZTS,177.36000061035156,177.47999572753906,173.8300018310547,174.19000244140625,167.6229248046875,1367300
2021-06-02,ZTS,174.0,174.94000244140625,172.22999572753906,172.9499969482422,166.42962646484375,1402900
2021-06-02,ZTS,174.0,174.94000244140625,172.22999572753906,172.9499969482422,166.42962646484375,1402900
2021-06-03,ZTS,172.3699951171875,174.52000427246094,171.8800048828125,173.82000732421875,167.2668914794922,1030300
2021-06-03,ZTS,172.3699951171875,174.52000427246094,171.8800048828125,173.82000732421875,167.2668914794922,1030300
2021-06-04,ZTS,174.8300018310547,176.0800018310547,174.07000732421875,175.1999969482422,168.59483337402344,1225200
2021-06-04,ZTS,174.8300018310547,176.0800018310547,174.07000732421875,175.1999969482422,168.59483337402344,1225200
2021-06-07,ZTS,175.41000366210938,176.74000549316406,174.49000549316406,175.10000610351562,168.4986114501953,1355100
2021-06-07,ZTS,175.41000366210938,176.74000549316406,174.49000549316406,175.10000610351562,168.4986114501953,1355100
2021-06-08,ZTS,175.88999938964844,176.22000122070312,173.1300048828125,174.10000610351562,167.53631591796875,946500
2021-06-08,ZTS,175.88999938964844,176.22000122070312,173.1300048828125,174.10000610351562,167.53631591796875,946500
2021-06-09,ZTS,175.39999389648438,176.91000366210938,174.64999389648438,176.69000244140625,170.02865600585938,1349100
2021-06-09,ZTS,175.39999389648438,176.91000366210938,174.64999389648438,176.69000244140625,170.02865600585938,1349100
2021-06-10,ZTS,176.97999572753906,182.8500061035156,176.97999572753906,182.1000061035156,175.2346954345703,1890600
2021-06-10,ZTS,176.97999572753906,182.8500061035156,176.97999572753906,182.1000061035156,175.2346954345703,1890600
2021-06-11,ZTS,182.0,182.63999938964844,179.61000061035156,182.1999969482422,175.3309326171875,1622600
2021-06-11,ZTS,182.0,182.63999938964844,179.61000061035156,182.1999969482422,175.3309326171875,1622600
2021-06-14,ZTS,182.07000732421875,184.7700042724609,181.19000244140625,184.5800018310547,177.6212158203125,3695600
2021-06-14,ZTS,182.07000732421875,184.7700042724609,181.19000244140625,184.5800018310547,177.6212158203125,3695600
2021-06-15,ZTS,184.66000366210935,186.1000061035156,183.88999938964844,185.6699981689453,178.6700897216797,1629700
2021-06-15,ZTS,184.66000366210935,186.1000061035156,183.88999938964844,185.6699981689453,178.6700897216797,1629700
2021-06-16,ZTS,186.0,186.83999633789065,183.3600006103516,184.1100006103516,177.1689453125,1933800
2021-06-16,ZTS,186.0,186.83999633789065,183.3600006103516,184.1100006103516,177.1689453125,1933800
2021-06-17,ZTS,184.08999633789065,186.92999267578125,183.77999877929688,186.44000244140625,179.41107177734375,1245500
2021-06-17,ZTS,184.08999633789065,186.92999267578125,183.77999877929688,186.44000244140625,179.41107177734375,1245500
2021-06-18,ZTS,184.75,186.94000244140625,184.4900054931641,185.38999938964844,178.4006805419922,3361800
2021-06-18,ZTS,184.75,186.94000244140625,184.4900054931641,185.38999938964844,178.4006805419922,3361800
2021-06-21,ZTS,185.5500030517578,187.32000732421875,183.66000366210935,186.6000061035156,179.56504821777344,1980700
2021-06-21,ZTS,185.5500030517578,187.32000732421875,183.66000366210935,186.6000061035156,179.56504821777344,1980700
2021-06-22,ZTS,186.52999877929688,187.0,185.8800048828125,186.6199951171875,179.5842742919922,1416600
2021-06-22,ZTS,186.52999877929688,187.0,185.8800048828125,186.6199951171875,179.5842742919922,1416600
2021-06-23,ZTS,186.0,186.5500030517578,185.27999877929688,186.1199951171875,179.10313415527344,1279700
2021-06-23,ZTS,186.0,186.5500030517578,185.27999877929688,186.1199951171875,179.10313415527344,1279700
2021-06-24,ZTS,186.9199981689453,187.3699951171875,184.97999572753903,185.3800048828125,178.3910675048828,1686000
2021-06-24,ZTS,186.9199981689453,187.3699951171875,184.97999572753903,185.3800048828125,178.3910675048828,1686000
2021-06-25,ZTS,185.5,187.2899932861328,184.5,187.22999572753903,180.1713104248047,1994900
2021-06-25,ZTS,185.5,187.2899932861328,184.5,187.22999572753903,180.1713104248047,1994900
2021-06-28,ZTS,187.33999633789065,187.92999267578125,185.63999938964844,187.0800018310547,180.02694702148438,1386100
2021-06-28,ZTS,187.33999633789065,187.92999267578125,185.63999938964844,187.0800018310547,180.02694702148438,1386100
2021-06-29,ZTS,187.08999633789065,188.19000244140625,186.08999633789065,187.9900054931641,180.9026641845703,853900
2021-06-29,ZTS,187.08999633789065,188.19000244140625,186.08999633789065,187.9900054931641,180.9026641845703,853900
2021-06-30,ZTS,188.1100006103516,188.52999877929688,185.5800018310547,186.3600006103516,179.33407592773438,1203600
2021-06-30,ZTS,188.1100006103516,188.52999877929688,185.5800018310547,186.3600006103516,179.33407592773438,1203600
2021-07-01,ZTS,187.0,189.4600067138672,186.6100006103516,189.2899932861328,182.1536102294922,1997200
2021-07-01,ZTS,187.0,189.4600067138672,186.6100006103516,189.2899932861328,182.1536102294922,1997200
2021-07-02,ZTS,189.8699951171875,193.0399932861328,189.75999450683597,192.6999969482422,185.43507385253903,1767000
2021-07-02,ZTS,189.8699951171875,193.0399932861328,189.75999450683597,192.6999969482422,185.43507385253903,1767000
2021-07-06,ZTS,191.6100006103516,194.3300018310547,191.6100006103516,194.0200042724609,186.7052764892578,1535200
2021-07-06,ZTS,191.6100006103516,194.3300018310547,191.6100006103516,194.0200042724609,186.7052764892578,1535200
2021-07-07,ZTS,195.2100067138672,197.6300048828125,193.3000030517578,197.3999938964844,189.95787048339844,2651100
2021-07-07,ZTS,195.2100067138672,197.6300048828125,193.3000030517578,197.3999938964844,189.95787048339844,2651100
2021-07-08,ZTS,195.8000030517578,197.25,193.3800048828125,196.9600067138672,189.5344696044922,2818200
2021-07-08,ZTS,195.8000030517578,197.25,193.3800048828125,196.9600067138672,189.5344696044922,2818200
2021-07-09,ZTS,197.1199951171875,198.3999938964844,196.16000366210935,197.5,190.05409240722656,1521100
2021-07-09,ZTS,197.1199951171875,198.3999938964844,196.16000366210935,197.5,190.05409240722656,1521100
2021-07-12,ZTS,197.91000366210935,199.3000030517578,197.47000122070312,198.3300018310547,190.852783203125,2665800
2021-07-12,ZTS,197.91000366210935,199.3000030517578,197.47000122070312,198.3300018310547,190.852783203125,2665800
2021-07-13,ZTS,198.6100006103516,200.57000732421875,198.1999969482422,199.30999755859372,191.7958831787109,2999000
2021-07-13,ZTS,198.6100006103516,200.57000732421875,198.1999969482422,199.30999755859372,191.7958831787109,2999000
2021-07-14,ZTS,200.05999755859372,202.0399932861328,199.5500030517578,201.27999877929688,193.69158935546875,1798900
2021-07-14,ZTS,200.05999755859372,202.0399932861328,199.5500030517578,201.27999877929688,193.69158935546875,1798900
2021-07-15,ZTS,201.27999877929688,201.27999877929688,199.0200042724609,200.2400054931641,192.6907958984375,1438000
2021-07-15,ZTS,201.27999877929688,201.27999877929688,199.0200042724609,200.2400054931641,192.6907958984375,1438000
2021-07-16,ZTS,199.88999938964844,200.2400054931641,197.5500030517578,199.67999267578125,192.15188598632807,1785400
2021-07-16,ZTS,199.88999938964844,200.2400054931641,197.5500030517578,199.67999267578125,192.15188598632807,1785400
2021-07-19,ZTS,198.47000122070312,199.5,195.55999755859372,197.8300018310547,190.3716735839844,2073300
2021-07-19,ZTS,198.47000122070312,199.5,195.55999755859372,197.8300018310547,190.3716735839844,2073300
2021-07-20,ZTS,197.2400054931641,201.4499969482422,197.2400054931641,200.1100006103516,192.80935668945312,1884900
2021-07-20,ZTS,197.2400054931641,201.4499969482422,197.2400054931641,200.1100006103516,192.80935668945312,1884900
2021-07-21,ZTS,200.8699951171875,200.8699951171875,197.1100006103516,198.0399932861328,190.81491088867188,1877600
2021-07-21,ZTS,200.8699951171875,200.8699951171875,197.1100006103516,198.0399932861328,190.81491088867188,1877600
2021-07-22,ZTS,198.52999877929688,200.91000366210935,198.3500061035156,200.5399932861328,193.22366333007807,1488800
2021-07-22,ZTS,198.52999877929688,200.91000366210935,198.3500061035156,200.5399932861328,193.22366333007807,1488800
2021-07-23,ZTS,201.7400054931641,203.94000244140625,200.6499938964844,203.58999633789065,196.1624298095703,957800
2021-07-23,ZTS,201.7400054931641,203.94000244140625,200.6499938964844,203.58999633789065,196.1624298095703,957800
2021-07-26,ZTS,202.6100006103516,202.83999633789065,200.1699981689453,200.82000732421875,193.49349975585935,1120000
2021-07-26,ZTS,202.6100006103516,202.83999633789065,200.1699981689453,200.82000732421875,193.49349975585935,1120000
2021-07-27,ZTS,201.32000732421875,202.6999969482422,201.0200042724609,201.8699951171875,194.50518798828125,1618200
2021-07-27,ZTS,201.32000732421875,202.6999969482422,201.0200042724609,201.8699951171875,194.50518798828125,1618200
2021-07-28,ZTS,202.2899932861328,203.91000366210935,201.58999633789065,203.2700042724609,195.8540802001953,1363800
2021-07-28,ZTS,202.2899932861328,203.91000366210935,201.58999633789065,203.2700042724609,195.8540802001953,1363800
2021-07-29,ZTS,203.97999572753903,205.6699981689453,203.6199951171875,204.1199951171875,196.67306518554688,1114800
2021-07-29,ZTS,203.97999572753903,205.6699981689453,203.6199951171875,204.1199951171875,196.67306518554688,1114800
2021-07-30,ZTS,202.4600067138672,204.1999969482422,202.22999572753903,202.6999969482422,195.30487060546875,2427500
2021-07-30,ZTS,202.4600067138672,204.1999969482422,202.22999572753903,202.6999969482422,195.30487060546875,2427500
2021-08-02,ZTS,203.47999572753903,204.41000366210935,201.33999633789065,202.1100006103516,194.73638916015625,1580700
2021-08-02,ZTS,203.47999572753903,204.41000366210935,201.33999633789065,202.1100006103516,194.73638916015625,1580700
2021-08-03,ZTS,203.0,204.3300018310547,202.2700042724609,204.1000061035156,196.6537933349609,2915500
2021-08-03,ZTS,203.0,204.3300018310547,202.2700042724609,204.1000061035156,196.6537933349609,2915500
2021-08-04,ZTS,204.1699981689453,207.0,203.25,204.7899932861328,197.318603515625,1824800
2021-08-04,ZTS,204.1699981689453,207.0,203.25,204.7899932861328,197.318603515625,1824800
2021-08-05,ZTS,198.0,203.97000122070312,195.6100006103516,203.83999633789065,196.4032745361328,2149200
2021-08-05,ZTS,198.0,203.97000122070312,195.6100006103516,203.83999633789065,196.4032745361328,2149200
2021-08-06,ZTS,204.1999969482422,204.1999969482422,200.1300048828125,201.8800048828125,194.51480102539065,1282600
2021-08-06,ZTS,204.1999969482422,204.1999969482422,200.1300048828125,201.8800048828125,194.51480102539065,1282600
2021-08-09,ZTS,202.3699951171875,202.9600067138672,198.6699981689453,199.72000122070312,192.43359375,1238000
2021-08-09,ZTS,202.3699951171875,202.9600067138672,198.6699981689453,199.72000122070312,192.43359375,1238000
2021-08-10,ZTS,200.17999267578125,200.8800048828125,198.19000244140625,198.75999450683597,191.5086212158203,1476900
2021-08-10,ZTS,200.17999267578125,200.8800048828125,198.19000244140625,198.75999450683597,191.5086212158203,1476900
2021-08-11,ZTS,198.47999572753903,199.88999938964844,196.9600067138672,197.41000366210935,190.20787048339844,1083900
2021-08-11,ZTS,198.47999572753903,199.88999938964844,196.9600067138672,197.41000366210935,190.20787048339844,1083900
2021-08-12,ZTS,197.5,200.4199981689453,197.17999267578125,199.83999633789065,192.54917907714844,831200
2021-08-12,ZTS,197.5,200.4199981689453,197.17999267578125,199.83999633789065,192.54917907714844,831200
2021-08-13,ZTS,200.50999450683597,201.6100006103516,199.58999633789065,201.47999572753903,194.12936401367188,934500
2021-08-13,ZTS,200.50999450683597,201.6100006103516,199.58999633789065,201.47999572753903,194.12936401367188,934500
2021-08-16,ZTS,201.6100006103516,204.8500061035156,201.02999877929688,204.77999877929688,197.30902099609372,1040200
2021-08-16,ZTS,201.6100006103516,204.8500061035156,201.02999877929688,204.77999877929688,197.30902099609372,1040200
2021-08-17,ZTS,204.5500030517578,206.72000122070312,204.5500030517578,206.6000061035156,199.0625915527344,1080500
2021-08-17,ZTS,204.5500030517578,206.72000122070312,204.5500030517578,206.6000061035156,199.0625915527344,1080500
2021-08-18,ZTS,206.22999572753903,206.82000732421875,203.16000366210935,203.3300018310547,195.9119415283203,1089300
2021-08-18,ZTS,206.22999572753903,206.82000732421875,203.16000366210935,203.3300018310547,195.9119415283203,1089300
2021-08-19,ZTS,203.00999450683597,208.0500030517578,202.67999267578125,206.44000244140625,198.908447265625,1126200
2021-08-19,ZTS,203.00999450683597,208.0500030517578,202.67999267578125,206.44000244140625,198.908447265625,1126200
2021-08-20,ZTS,206.6199951171875,208.25999450683597,206.6100006103516,207.0500030517578,199.49620056152344,1194000
2021-08-20,ZTS,206.6199951171875,208.25999450683597,206.6100006103516,207.0500030517578,199.49620056152344,1194000
2021-08-23,ZTS,207.7100067138672,208.55999755859372,205.9900054931641,206.47000122070312,198.9373321533203,1081600
2021-08-23,ZTS,207.7100067138672,208.55999755859372,205.9900054931641,206.47000122070312,198.9373321533203,1081600
2021-08-24,ZTS,206.08999633789065,206.9600067138672,204.4900054931641,204.9900054931641,197.5113067626953,978700
2021-08-24,ZTS,206.08999633789065,206.9600067138672,204.4900054931641,204.9900054931641,197.5113067626953,978700
2021-08-25,ZTS,204.38999938964844,205.0800018310547,202.97999572753903,204.42999267578125,196.9717559814453,780700
2021-08-25,ZTS,204.38999938964844,205.0800018310547,202.97999572753903,204.42999267578125,196.9717559814453,780700
2021-08-26,ZTS,204.8000030517578,205.4900054931641,203.3600006103516,204.0200042724609,196.5767364501953,957600
2021-08-26,ZTS,204.8000030517578,205.4900054931641,203.3600006103516,204.0200042724609,196.5767364501953,957600
2021-08-27,ZTS,204.67999267578125,206.19000244140625,203.22999572753903,203.82000732421875,196.38401794433597,855300
2021-08-27,ZTS,204.67999267578125,206.19000244140625,203.22999572753903,203.82000732421875,196.38401794433597,855300
2021-08-30,ZTS,203.82000732421875,206.9900054931641,203.8000030517578,205.88999938964844,198.3784637451172,667800
2021-08-30,ZTS,203.82000732421875,206.9900054931641,203.8000030517578,205.88999938964844,198.3784637451172,667800
2021-08-31,ZTS,205.80999755859372,206.0800018310547,203.0800018310547,204.55999755859372,197.09701538085935,1480600
2021-08-31,ZTS,205.80999755859372,206.0800018310547,203.0800018310547,204.55999755859372,197.09701538085935,1480600
2021-09-01,ZTS,204.55999755859372,206.47000122070312,203.47999572753903,206.44000244140625,198.908447265625,1030700
2021-09-01,ZTS,204.55999755859372,206.47000122070312,203.47999572753903,206.44000244140625,198.908447265625,1030700
2021-09-02,ZTS,207.42999267578125,209.25999450683597,206.72000122070312,209.22000122070312,201.5870361328125,1116500
2021-09-02,ZTS,207.42999267578125,209.25999450683597,206.72000122070312,209.22000122070312,201.5870361328125,1116500
2021-09-03,ZTS,208.22000122070312,210.1000061035156,207.1499938964844,209.69000244140625,202.0398406982422,1003500
2021-09-03,ZTS,208.22000122070312,210.1000061035156,207.1499938964844,209.69000244140625,202.0398406982422,1003500
2021-09-07,ZTS,209.47999572753903,209.8699951171875,205.4600067138672,207.80999755859372,200.22845458984372,977200
2021-09-07,ZTS,209.47999572753903,209.8699951171875,205.4600067138672,207.80999755859372,200.22845458984372,977200
2021-09-08,ZTS,207.0,209.41000366210935,206.5,209.3300018310547,201.6929931640625,832600
2021-09-08,ZTS,207.0,209.41000366210935,206.5,209.3300018310547,201.6929931640625,832600
2021-09-09,ZTS,209.5,210.0,205.8600006103516,206.0200042724609,198.50376892089844,1109600
2021-09-09,ZTS,209.5,210.0,205.8600006103516,206.0200042724609,198.50376892089844,1109600
2021-09-10,ZTS,206.7100067138672,207.8500061035156,206.33999633789065,207.0,199.44798278808597,1151400
2021-09-10,ZTS,206.7100067138672,207.8500061035156,206.33999633789065,207.0,199.44798278808597,1151400
2021-09-13,ZTS,208.5500030517578,208.9900054931641,202.2100067138672,205.0,197.52093505859372,1407900
2021-09-13,ZTS,208.5500030517578,208.9900054931641,202.2100067138672,205.0,197.52093505859372,1407900
2021-09-14,ZTS,205.0,206.5,203.3699951171875,203.5500030517578,196.1238555908203,1790600
2021-09-14,ZTS,205.0,206.5,203.3699951171875,203.5500030517578,196.1238555908203,1790600
2021-09-15,ZTS,203.6999969482422,205.17999267578125,202.3699951171875,203.9600067138672,196.5189208984375,1354100
2021-09-15,ZTS,203.6999969482422,205.17999267578125,202.3699951171875,203.9600067138672,196.5189208984375,1354100
2021-09-16,ZTS,204.02999877929688,204.19000244140625,201.3999938964844,202.7700042724609,195.372314453125,1644700
2021-09-16,ZTS,204.02999877929688,204.19000244140625,201.3999938964844,202.7700042724609,195.372314453125,1644700
2021-09-17,ZTS,200.52999877929688,202.52999877929688,197.8800048828125,198.4900054931641,191.24847412109372,4160100
2021-09-17,ZTS,200.52999877929688,202.52999877929688,197.8800048828125,198.4900054931641,191.24847412109372,4160100
2021-09-20,ZTS,196.6699981689453,199.8800048828125,195.7899932861328,198.6199951171875,191.3737335205078,1523300
2021-09-20,ZTS,196.6699981689453,199.8800048828125,195.7899932861328,198.6199951171875,191.3737335205078,1523300
2021-09-21,ZTS,199.5800018310547,201.8000030517578,199.13999938964844,201.00999450683597,193.67649841308597,1614900
2021-09-21,ZTS,199.5800018310547,201.8000030517578,199.13999938964844,201.00999450683597,193.67649841308597,1614900
2021-09-22,ZTS,202.47999572753903,203.5800018310547,200.33999633789065,201.3500061035156,194.004150390625,1673200
2021-09-22,ZTS,202.47999572753903,203.5800018310547,200.33999633789065,201.3500061035156,194.004150390625,1673200
2021-09-23,ZTS,202.1699981689453,205.97999572753903,202.1699981689453,204.7100067138672,197.24154663085935,1197600
2021-09-23,ZTS,202.1699981689453,205.97999572753903,202.1699981689453,204.7100067138672,197.24154663085935,1197600
2021-09-24,ZTS,204.44000244140625,205.5800018310547,203.75999450683597,204.72999572753903,197.26080322265625,1112000
2021-09-24,ZTS,204.44000244140625,205.5800018310547,203.75999450683597,204.72999572753903,197.26080322265625,1112000
2021-09-27,ZTS,204.00999450683597,204.00999450683597,196.5200042724609,197.8000030517578,190.58364868164065,1964000
2021-09-27,ZTS,204.00999450683597,204.00999450683597,196.5200042724609,197.8000030517578,190.58364868164065,1964000
2021-09-28,ZTS,196.00999450683597,196.25,191.3300018310547,192.7700042724609,185.7371826171875,1957300
2021-09-28,ZTS,196.00999450683597,196.25,191.3300018310547,192.7700042724609,185.7371826171875,1957300
2021-09-29,ZTS,194.7100067138672,196.63999938964844,192.58999633789065,194.9900054931641,187.87615966796875,1430400
2021-09-29,ZTS,194.7100067138672,196.63999938964844,192.58999633789065,194.9900054931641,187.87615966796875,1430400
2021-09-30,ZTS,195.94000244140625,198.1199951171875,194.0500030517578,194.13999938964844,187.05715942382807,1785600
2021-09-30,ZTS,195.94000244140625,198.1199951171875,194.0500030517578,194.13999938964844,187.05715942382807,1785600
2021-10-01,ZTS,194.13999938964844,197.6999969482422,192.42999267578125,196.19000244140625,189.0323944091797,2095500
2021-10-01,ZTS,194.13999938964844,197.6999969482422,192.42999267578125,196.19000244140625,189.0323944091797,2095500
2021-10-04,ZTS,195.17999267578125,195.9900054931641,190.92999267578125,193.69000244140625,186.62359619140625,1942300
2021-10-04,ZTS,195.17999267578125,195.9900054931641,190.92999267578125,193.69000244140625,186.62359619140625,1942300
2021-10-05,ZTS,195.22000122070312,197.5,193.66000366210935,196.4600067138672,189.2925567626953,2490200
2021-10-05,ZTS,195.22000122070312,197.5,193.66000366210935,196.4600067138672,189.2925567626953,2490200
2021-10-06,ZTS,195.6699981689453,196.07000732421875,193.4499969482422,195.77999877929688,188.63731384277344,1564600
2021-10-06,ZTS,195.6699981689453,196.07000732421875,193.4499969482422,195.77999877929688,188.63731384277344,1564600
2021-10-07,ZTS,196.9499969482422,201.44000244140625,196.9499969482422,199.00999450683597,191.74951171875,1093400
2021-10-07,ZTS,196.9499969482422,201.44000244140625,196.9499969482422,199.00999450683597,191.74951171875,1093400
2021-10-08,ZTS,200.0,200.66000366210935,196.47000122070312,197.8800048828125,190.6607360839844,1085600
2021-10-08,ZTS,200.0,200.66000366210935,196.47000122070312,197.8800048828125,190.6607360839844,1085600
2021-10-11,ZTS,197.55999755859372,199.1000061035156,196.02999877929688,197.6499938964844,190.4391021728516,901900
2021-10-11,ZTS,197.55999755859372,199.1000061035156,196.02999877929688,197.6499938964844,190.4391021728516,901900
2021-10-12,ZTS,198.88999938964844,199.3699951171875,195.7700042724609,197.1499938964844,189.95736694335935,1398000
2021-10-12,ZTS,198.88999938964844,199.3699951171875,195.7700042724609,197.1499938964844,189.95736694335935,1398000
2021-10-13,ZTS,196.97000122070312,198.9499969482422,195.7899932861328,197.4600067138672,190.2560577392578,1223800
2021-10-13,ZTS,196.97000122070312,198.9499969482422,195.7899932861328,197.4600067138672,190.2560577392578,1223800
2021-10-14,ZTS,198.82000732421875,201.7700042724609,198.82000732421875,200.38999938964844,193.0791473388672,1314700
2021-10-14,ZTS,198.82000732421875,201.7700042724609,198.82000732421875,200.38999938964844,193.0791473388672,1314700
2021-10-15,ZTS,201.1300048828125,202.8000030517578,200.1199951171875,202.22000122070312,194.84239196777344,1235800
2021-10-15,ZTS,201.1300048828125,202.8000030517578,200.1199951171875,202.22000122070312,194.84239196777344,1235800
2021-10-18,ZTS,201.97999572753903,202.92999267578125,200.75999450683597,202.72999572753903,195.3337860107422,848800
2021-10-18,ZTS,201.97999572753903,202.92999267578125,200.75999450683597,202.72999572753903,195.3337860107422,848800
2021-10-19,ZTS,203.8000030517578,206.1699981689453,203.72000122070312,204.44000244140625,196.9813995361328,813700
2021-10-19,ZTS,203.8000030517578,206.1699981689453,203.72000122070312,204.44000244140625,196.9813995361328,813700
2021-10-20,ZTS,205.8500061035156,206.6100006103516,204.83999633789065,206.30999755859372,198.78317260742188,794700
2021-10-20,ZTS,205.8500061035156,206.6100006103516,204.83999633789065,206.30999755859372,198.78317260742188,794700
2021-10-21,ZTS,207.0800018310547,208.77999877929688,205.30999755859372,208.6199951171875,201.0088653564453,957000
2021-10-21,ZTS,207.0800018310547,208.77999877929688,205.30999755859372,208.6199951171875,201.0088653564453,957000
2021-10-22,ZTS,208.02999877929688,209.0800018310547,206.83999633789065,208.50999450683597,200.90289306640625,1104400
2021-10-22,ZTS,208.02999877929688,209.0800018310547,206.83999633789065,208.50999450683597,200.90289306640625,1104400
2021-10-25,ZTS,208.80999755859372,211.7700042724609,207.1000061035156,211.5200042724609,203.80311584472656,1224700
2021-10-25,ZTS,208.80999755859372,211.7700042724609,207.1000061035156,211.5200042724609,203.80311584472656,1224700
2021-10-26,ZTS,211.0,211.7400054931641,208.0,210.5200042724609,202.83956909179688,1219300
2021-10-26,ZTS,211.0,211.7400054931641,208.0,210.5200042724609,202.83956909179688,1219300
2021-10-27,ZTS,210.25999450683597,211.07000732421875,209.0,209.5800018310547,201.93386840820312,1625200
2021-10-27,ZTS,210.25999450683597,211.07000732421875,209.0,209.5800018310547,201.93386840820312,1625200
2021-10-28,ZTS,209.83999633789065,213.4199981689453,209.5800018310547,212.6699981689453,205.1558532714844,1073700
2021-10-28,ZTS,209.83999633789065,213.4199981689453,209.5800018310547,212.6699981689453,205.1558532714844,1073700
2021-10-29,ZTS,213.16000366210935,216.9199981689453,212.7400054931641,216.1999969482422,208.56114196777344,2127500
2021-10-29,ZTS,213.16000366210935,216.9199981689453,212.7400054931641,216.1999969482422,208.56114196777344,2127500
2021-11-01,ZTS,215.82000732421875,217.63999938964844,212.9600067138672,213.6000061035156,206.0530242919922,1323900
2021-11-01,ZTS,215.82000732421875,217.63999938964844,212.9600067138672,213.6000061035156,206.0530242919922,1323900
2021-11-02,ZTS,214.75999450683597,215.38999938964844,211.30999755859372,212.1999969482422,204.70248413085935,2760900
2021-11-02,ZTS,214.75999450683597,215.38999938964844,211.30999755859372,212.1999969482422,204.70248413085935,2760900
2021-11-03,ZTS,211.91000366210935,213.0,208.77999877929688,211.1300048828125,203.67030334472656,2225300
2021-11-03,ZTS,211.91000366210935,213.0,208.77999877929688,211.1300048828125,203.67030334472656,2225300
2021-11-04,ZTS,214.0,217.8999938964844,213.0,217.7700042724609,210.0756683349609,1947300
2021-11-04,ZTS,214.0,217.8999938964844,213.0,217.7700042724609,210.0756683349609,1947300
2021-11-05,ZTS,218.0,218.4900054931641,214.72000122070312,216.72999572753903,209.0724334716797,1728000
2021-11-05,ZTS,218.0,218.4900054931641,214.72000122070312,216.72999572753903,209.0724334716797,1728000
2021-11-08,ZTS,218.1199951171875,218.38999938964844,215.75999450683597,217.8000030517578,210.1046142578125,1011300
2021-11-08,ZTS,218.1199951171875,218.38999938964844,215.75999450683597,217.8000030517578,210.1046142578125,1011300
2021-11-09,ZTS,217.69000244140625,220.3600006103516,217.3600006103516,220.22000122070312,212.4391021728516,1622700
2021-11-09,ZTS,217.69000244140625,220.3600006103516,217.3600006103516,220.22000122070312,212.4391021728516,1622700
2021-11-10,ZTS,219.4600067138672,220.80999755859372,216.02999877929688,216.5800018310547,208.92774963378903,1332000
2021-11-10,ZTS,219.4600067138672,220.80999755859372,216.02999877929688,216.5800018310547,208.92774963378903,1332000
2021-11-11,ZTS,216.97999572753903,217.32000732421875,215.3800048828125,215.69000244140625,208.06915283203125,1340200
2021-11-11,ZTS,216.97999572753903,217.32000732421875,215.3800048828125,215.69000244140625,208.06915283203125,1340200
2021-11-12,ZTS,216.7100067138672,217.6100006103516,215.4199981689453,216.8500061035156,209.1881561279297,1187100
2021-11-12,ZTS,216.7100067138672,217.6100006103516,215.4199981689453,216.8500061035156,209.1881561279297,1187100
2021-11-15,ZTS,217.1499938964844,217.30999755859372,215.6499938964844,216.05999755859372,208.42608642578125,918900
2021-11-15,ZTS,217.1499938964844,217.30999755859372,215.6499938964844,216.05999755859372,208.42608642578125,918900
2021-11-16,ZTS,216.0500030517578,221.5500030517578,216.0500030517578,220.17999267578125,212.4005126953125,1256800
2021-11-16,ZTS,216.0500030517578,221.5500030517578,216.0500030517578,220.17999267578125,212.4005126953125,1256800
2021-11-17,ZTS,221.0,222.6100006103516,217.42999267578125,221.8699951171875,214.0308074951172,1347400
2021-11-17,ZTS,221.0,222.6100006103516,217.42999267578125,221.8699951171875,214.0308074951172,1347400
2021-11-18,ZTS,224.32000732421875,226.3300018310547,223.5200042724609,225.5399932861328,217.5711212158203,1706300
2021-11-18,ZTS,224.32000732421875,226.3300018310547,223.5200042724609,225.5399932861328,217.5711212158203,1706300
2021-11-19,ZTS,226.5,228.3300018310547,224.1999969482422,226.42999267578125,218.42971801757807,1734800
2021-11-19,ZTS,226.5,228.3300018310547,224.1999969482422,226.42999267578125,218.42971801757807,1734800
2021-11-22,ZTS,226.6999969482422,228.88999938964844,224.33999633789065,224.33999633789065,216.4135284423828,1655500
2021-11-22,ZTS,226.6999969482422,228.88999938964844,224.33999633789065,224.33999633789065,216.4135284423828,1655500
2021-11-23,ZTS,223.08999633789065,225.30999755859372,220.8999938964844,223.66000366210935,215.75755310058597,1098700
2021-11-23,ZTS,223.08999633789065,225.30999755859372,220.8999938964844,223.66000366210935,215.75755310058597,1098700
2021-11-24,ZTS,223.63999938964844,224.9600067138672,221.07000732421875,223.1699981689453,215.28488159179688,1177900
2021-11-24,ZTS,223.63999938964844,224.9600067138672,221.07000732421875,223.1699981689453,215.28488159179688,1177900
2021-11-26,ZTS,220.67999267578125,225.9600067138672,218.5,219.32000732421875,211.5709228515625,976500
2021-11-26,ZTS,220.67999267578125,225.9600067138672,218.5,219.32000732421875,211.5709228515625,976500
2021-11-29,ZTS,221.4499969482422,225.55999755859372,220.69000244140625,223.5500030517578,215.6514434814453,1391600
2021-11-29,ZTS,221.4499969482422,225.55999755859372,220.69000244140625,223.5500030517578,215.6514434814453,1391600
2021-11-30,ZTS,222.8000030517578,226.3500061035156,220.5200042724609,222.0399932861328,214.1948089599609,3828400
2021-11-30,ZTS,222.8000030517578,226.3500061035156,220.5200042724609,222.0399932861328,214.1948089599609,3828400
2021-12-01,ZTS,222.3500061035156,224.77999877929688,219.25,219.66000366210935,211.8988800048828,2042700
2021-12-01,ZTS,222.3500061035156,224.77999877929688,219.25,219.66000366210935,211.8988800048828,2042700
2021-12-02,ZTS,220.0,223.9499969482422,219.5,223.19000244140625,215.30416870117188,1705600
2021-12-02,ZTS,220.0,223.9499969482422,219.5,223.19000244140625,215.30416870117188,1705600
2021-12-03,ZTS,224.8600006103516,226.1100006103516,220.47999572753903,223.3300018310547,215.4392547607422,1479400
2021-12-03,ZTS,224.8600006103516,226.1100006103516,220.47999572753903,223.3300018310547,215.4392547607422,1479400
2021-12-06,ZTS,222.88999938964844,225.0,220.9900054931641,222.97000122070312,215.0919189453125,1212000
2021-12-06,ZTS,222.88999938964844,225.0,220.9900054931641,222.97000122070312,215.0919189453125,1212000
2021-12-07,ZTS,225.4600067138672,227.47999572753903,224.02999877929688,225.6999969482422,217.72547912597656,1296800
2021-12-07,ZTS,225.4600067138672,227.47999572753903,224.02999877929688,225.6999969482422,217.72547912597656,1296800
2021-12-08,ZTS,227.5399932861328,229.8500061035156,226.7400054931641,229.6199951171875,221.5070037841797,1441800
2021-12-08,ZTS,227.5399932861328,229.8500061035156,226.7400054931641,229.6199951171875,221.5070037841797,1441800
2021-12-09,ZTS,229.5,230.9900054931641,227.30999755859372,230.16000366210935,222.02793884277344,1107400
2021-12-09,ZTS,229.5,230.9900054931641,227.30999755859372,230.16000366210935,222.02793884277344,1107400
2021-12-10,ZTS,229.8999938964844,231.91000366210935,229.2400054931641,231.4499969482422,223.27230834960935,1188100
2021-12-10,ZTS,229.8999938964844,231.91000366210935,229.2400054931641,231.4499969482422,223.27230834960935,1188100
2021-12-13,ZTS,231.5500030517578,233.02999877929688,229.0,232.3600006103516,224.1501617431641,1161000
2021-12-13,ZTS,231.5500030517578,233.02999877929688,229.0,232.3600006103516,224.1501617431641,1161000
2021-12-14,ZTS,230.0,230.9900054931641,226.44000244140625,228.07000732421875,220.0117645263672,1762100
2021-12-14,ZTS,230.0,230.9900054931641,226.44000244140625,228.07000732421875,220.0117645263672,1762100
2021-12-15,ZTS,230.2700042724609,232.25999450683597,227.17999267578125,232.0800018310547,223.88006591796875,1842700
2021-12-15,ZTS,230.2700042724609,232.25999450683597,227.17999267578125,232.0800018310547,223.88006591796875,1842700
2021-12-16,ZTS,232.1199951171875,234.07000732421875,230.8000030517578,232.80999755859372,224.58428955078125,1537700
2021-12-16,ZTS,232.1199951171875,234.07000732421875,230.8000030517578,232.80999755859372,224.58428955078125,1537700
2021-12-17,ZTS,232.5800018310547,236.3999938964844,232.22999572753903,234.30999755859372,226.03125,3042700
2021-12-17,ZTS,232.5800018310547,236.3999938964844,232.22999572753903,234.30999755859372,226.03125,3042700
2021-12-20,ZTS,233.9900054931641,234.5500030517578,230.1499938964844,234.25999450683597,225.9830474853516,1122500
2021-12-20,ZTS,233.9900054931641,234.5500030517578,230.1499938964844,234.25999450683597,225.9830474853516,1122500
2021-12-21,ZTS,236.0,237.97999572753903,232.5800018310547,237.63999938964844,229.24359130859372,1509500
2021-12-21,ZTS,236.0,237.97999572753903,232.5800018310547,237.63999938964844,229.24359130859372,1509500
2021-12-22,ZTS,238.13999938964844,241.6999969482422,237.63999938964844,241.57000732421875,233.0347595214844,1136700
2021-12-22,ZTS,238.13999938964844,241.6999969482422,237.63999938964844,241.57000732421875,233.0347595214844,1136700
2021-12-23,ZTS,241.6999969482422,244.38999938964844,240.69000244140625,242.50999450683597,233.94155883789065,1172400
2021-12-23,ZTS,241.6999969482422,244.38999938964844,240.69000244140625,242.50999450683597,233.94155883789065,1172400
2021-12-27,ZTS,244.38999938964844,246.72000122070312,243.0800018310547,246.50999450683597,237.8002014160156,807000
2021-12-27,ZTS,244.38999938964844,246.72000122070312,243.0800018310547,246.50999450683597,237.8002014160156,807000
2021-12-28,ZTS,247.0,247.83999633789065,243.63999938964844,244.25,235.6200714111328,1004400
2021-12-28,ZTS,247.0,247.83999633789065,243.63999938964844,244.25,235.6200714111328,1004400
2021-12-29,ZTS,244.0200042724609,247.8500061035156,243.63999938964844,247.02999877929688,238.3018341064453,939900
2021-12-29,ZTS,244.0200042724609,247.8500061035156,243.63999938964844,247.02999877929688,238.3018341064453,939900
2021-12-30,ZTS,247.0500030517578,249.2700042724609,244.9600067138672,245.16000366210935,236.49790954589844,859100
2021-12-30,ZTS,247.0500030517578,249.2700042724609,244.9600067138672,245.16000366210935,236.49790954589844,859100
2021-12-31,ZTS,245.16000366210935,246.9900054931641,243.7400054931641,244.02999877929688,235.4078521728516,1073400
2021-12-31,ZTS,245.16000366210935,246.9900054931641,243.7400054931641,244.02999877929688,235.4078521728516,1073400
2022-01-03,ZTS,242.2899932861328,243.2400054931641,233.32000732421875,234.02999877929688,225.76116943359372,2772700
2022-01-03,ZTS,242.2899932861328,243.2400054931641,233.32000732421875,234.02999877929688,225.76116943359372,2772700
2022-01-04,ZTS,234.0200042724609,234.0200042724609,222.13999938964844,225.1199951171875,217.16595458984372,4664000
2022-01-04,ZTS,234.0200042724609,234.0200042724609,222.13999938964844,225.1199951171875,217.16595458984372,4664000
2022-01-05,ZTS,227.0,227.0,215.6000061035156,216.55999755859372,208.90841674804688,4749400
2022-01-05,ZTS,227.0,227.0,215.6000061035156,216.55999755859372,208.90841674804688,4749400
2022-01-06,ZTS,215.47999572753903,220.55999755859372,213.6300048828125,217.4199981689453,209.738037109375,3103400
2022-01-06,ZTS,215.47999572753903,220.55999755859372,213.6300048828125,217.4199981689453,209.738037109375,3103400
2022-01-07,ZTS,217.1300048828125,217.4199981689453,210.77999877929688,211.08999633789065,203.63169860839844,2206500
2022-01-07,ZTS,217.1300048828125,217.4199981689453,210.77999877929688,211.08999633789065,203.63169860839844,2206500
2022-01-10,ZTS,208.1199951171875,212.6000061035156,206.16000366210935,212.6000061035156,205.08834838867188,2232200
2022-01-10,ZTS,208.1199951171875,212.6000061035156,206.16000366210935,212.6000061035156,205.08834838867188,2232200
2022-01-11,ZTS,212.0,213.1499938964844,208.2400054931641,212.8000030517578,205.28126525878903,2287800
2022-01-11,ZTS,212.0,213.1499938964844,208.2400054931641,212.8000030517578,205.28126525878903,2287800
2022-01-12,ZTS,216.0399932861328,216.30999755859372,211.16000366210935,212.80999755859372,205.29090881347656,2451400
2022-01-12,ZTS,216.0399932861328,216.30999755859372,211.16000366210935,212.80999755859372,205.29090881347656,2451400
2022-01-13,ZTS,212.47000122070312,213.6000061035156,206.3999938964844,207.0,199.68618774414065,2347400
2022-01-13,ZTS,212.47000122070312,213.6000061035156,206.3999938964844,207.0,199.68618774414065,2347400
2022-01-14,ZTS,206.94000244140625,207.3999938964844,203.41000366210935,206.17999267578125,198.8951873779297,2209100
2022-01-14,ZTS,206.94000244140625,207.3999938964844,203.41000366210935,206.17999267578125,198.8951873779297,2209100
2022-01-18,ZTS,201.8000030517578,204.2899932861328,200.3300018310547,202.6999969482422,195.53811645507807,2433800
2022-01-18,ZTS,201.8000030517578,204.2899932861328,200.3300018310547,202.6999969482422,195.53811645507807,2433800
2022-01-19,ZTS,202.83999633789065,205.8999938964844,200.05999755859372,200.5800018310547,193.80377197265625,2159600
2022-01-19,ZTS,202.83999633789065,205.8999938964844,200.05999755859372,200.5800018310547,193.80377197265625,2159600
2022-01-20,ZTS,201.0,206.25,200.97000122070312,201.9600067138672,195.13714599609372,2844200
2022-01-20,ZTS,201.0,206.25,200.97000122070312,201.9600067138672,195.13714599609372,2844200
2022-01-21,ZTS,203.1100006103516,203.7100067138672,200.27999877929688,200.3300018310547,193.56222534179688,2633000
2022-01-21,ZTS,203.1100006103516,203.7100067138672,200.27999877929688,200.3300018310547,193.56222534179688,2633000
2022-01-24,ZTS,198.0500030517578,200.13999938964844,191.5200042724609,200.07000732421875,193.31100463867188,4093400
2022-01-24,ZTS,198.0500030517578,200.13999938964844,191.5200042724609,200.07000732421875,193.31100463867188,4093400
2022-01-25,ZTS,198.66000366210935,198.66000366210935,194.00999450683597,195.25,188.65386962890625,2673200
2022-01-25,ZTS,198.66000366210935,198.66000366210935,194.00999450683597,195.25,188.65386962890625,2673200
2022-01-26,ZTS,195.2100067138672,196.1199951171875,188.6999969482422,189.83999633789065,183.42657470703125,4532700
2022-01-26,ZTS,195.2100067138672,196.1199951171875,188.6999969482422,189.83999633789065,183.42657470703125,4532700
2022-01-27,ZTS,190.33999633789065,192.77999877929688,187.57000732421875,187.66000366210935,181.3202667236328,4606200
2022-01-27,ZTS,190.33999633789065,192.77999877929688,187.57000732421875,187.66000366210935,181.3202667236328,4606200
2022-01-28,ZTS,188.8500061035156,195.5800018310547,185.72000122070312,195.3000030517578,188.70216369628903,2963800
2022-01-28,ZTS,188.8500061035156,195.5800018310547,185.72000122070312,195.3000030517578,188.70216369628903,2963800
2022-01-31,ZTS,196.0,200.4600067138672,196.0,199.7899932861328,193.04046630859372,2591500
2022-01-31,ZTS,196.0,200.4600067138672,196.0,199.7899932861328,193.04046630859372,2591500
2022-02-01,ZTS,200.9900054931641,202.4600067138672,196.1000061035156,198.8699951171875,192.1515350341797,2143200
2022-02-01,ZTS,200.9900054931641,202.4600067138672,196.1000061035156,198.8699951171875,192.1515350341797,2143200
2022-02-02,ZTS,198.4900054931641,203.41000366210935,198.4900054931641,202.1699981689453,195.3400421142578,2494300
2022-02-02,ZTS,198.4900054931641,203.41000366210935,198.4900054931641,202.1699981689453,195.3400421142578,2494300
2022-02-03,ZTS,198.92999267578125,201.9900054931641,198.92999267578125,200.9199981689453,194.13229370117188,1734500
2022-02-03,ZTS,198.92999267578125,201.9900054931641,198.92999267578125,200.9199981689453,194.13229370117188,1734500
2022-02-04,ZTS,200.00999450683597,201.1100006103516,197.6000061035156,199.5399932861328,192.7988739013672,1919800
2022-02-04,ZTS,200.00999450683597,201.1100006103516,197.6000061035156,199.5399932861328,192.7988739013672,1919800
2022-02-07,ZTS,199.91000366210935,201.9900054931641,199.5200042724609,200.32000732421875,193.5525360107422,3303900
2022-02-07,ZTS,199.91000366210935,201.9900054931641,199.5200042724609,200.32000732421875,193.5525360107422,3303900
2022-02-08,ZTS,198.8800048828125,201.7700042724609,197.8500061035156,201.3000030517578,194.49945068359372,2880500
2022-02-08,ZTS,198.8800048828125,201.7700042724609,197.8500061035156,201.3000030517578,194.49945068359372,2880500
2022-02-09,ZTS,203.1199951171875,205.30999755859372,201.47000122070312,202.2899932861328,195.45599365234372,2026900
2022-02-09,ZTS,203.1199951171875,205.30999755859372,201.47000122070312,202.2899932861328,195.45599365234372,2026900
2022-02-10,ZTS,198.3800048828125,202.3999938964844,197.6699981689453,199.3699951171875,192.63465881347656,2809000
2022-02-10,ZTS,198.3800048828125,202.3999938964844,197.6699981689453,199.3699951171875,192.63465881347656,2809000
2022-02-11,ZTS,198.5800018310547,201.88999938964844,197.3699951171875,198.8699951171875,192.1515350341797,3714600
2022-02-11,ZTS,198.5800018310547,201.88999938964844,197.3699951171875,198.8699951171875,192.1515350341797,3714600
2022-02-14,ZTS,197.9499969482422,199.32000732421875,194.4199981689453,196.42999267578125,189.79396057128903,3381900
2022-02-14,ZTS,197.9499969482422,199.32000732421875,194.4199981689453,196.42999267578125,189.79396057128903,3381900
2022-02-15,ZTS,197.7899932861328,201.4499969482422,196.5399932861328,197.75999450683597,191.0790252685547,3618400
2022-02-15,ZTS,197.7899932861328,201.4499969482422,196.5399932861328,197.75999450683597,191.0790252685547,3618400
2022-02-16,ZTS,196.47999572753903,197.25999450683597,191.25999450683597,195.08999633789065,188.49923706054688,2916900
2022-02-16,ZTS,196.47999572753903,197.25999450683597,191.25999450683597,195.08999633789065,188.49923706054688,2916900
2022-02-17,ZTS,195.17999267578125,195.55999755859372,192.9900054931641,193.07000732421875,186.5475006103516,2435500
2022-02-17,ZTS,195.17999267578125,195.55999755859372,192.9900054931641,193.07000732421875,186.5475006103516,2435500
2022-02-18,ZTS,193.02999877929688,193.22999572753903,190.4199981689453,191.32000732421875,184.85659790039065,2558900
2022-02-18,ZTS,193.02999877929688,193.22999572753903,190.4199981689453,191.32000732421875,184.85659790039065,2558900
2022-02-22,ZTS,191.0399932861328,192.16000366210935,188.8300018310547,190.1000061035156,183.6778106689453,2347300
2022-02-22,ZTS,191.0399932861328,192.16000366210935,188.8300018310547,190.1000061035156,183.6778106689453,2347300
2022-02-23,ZTS,190.8699951171875,191.25,186.82000732421875,187.05999755859372,180.74050903320312,2070600
2022-02-23,ZTS,190.8699951171875,191.25,186.82000732421875,187.05999755859372,180.74050903320312,2070600
2022-02-24,ZTS,184.00999450683597,191.6999969482422,183.0200042724609,190.9499969482422,184.4991149902344,2903200
2022-02-24,ZTS,184.00999450683597,191.6999969482422,183.0200042724609,190.9499969482422,184.4991149902344,2903200
2022-02-25,ZTS,191.47999572753903,195.7700042724609,191.27999877929688,194.7100067138672,188.13206481933597,1742600
2022-02-25,ZTS,191.47999572753903,195.7700042724609,191.27999877929688,194.7100067138672,188.13206481933597,1742600
2022-02-28,ZTS,192.5399932861328,195.5,191.88999938964844,193.6499938964844,187.10787963867188,2220200
2022-02-28,ZTS,192.5399932861328,195.5,191.88999938964844,193.6499938964844,187.10787963867188,2220200
2022-03-01,ZTS,193.91000366210935,195.0,191.3000030517578,192.5399932861328,186.03538513183597,1669100
2022-03-01,ZTS,193.91000366210935,195.0,191.3000030517578,192.5399932861328,186.03538513183597,1669100
2022-03-02,ZTS,193.27999877929688,197.2700042724609,193.1499938964844,196.07000732421875,189.4461212158203,1355300
2022-03-02,ZTS,193.27999877929688,197.2700042724609,193.1499938964844,196.07000732421875,189.4461212158203,1355300
2022-03-03,ZTS,197.1499938964844,197.2899932861328,194.4499969482422,195.8699951171875,189.2528533935547,1052200
2022-03-03,ZTS,197.1499938964844,197.2899932861328,194.4499969482422,195.8699951171875,189.2528533935547,1052200
2022-03-04,ZTS,194.9600067138672,196.9600067138672,193.4499969482422,196.83999633789065,190.1901092529297,1467800
2022-03-04,ZTS,194.9600067138672,196.9600067138672,193.4499969482422,196.83999633789065,190.1901092529297,1467800
2022-03-07,ZTS,195.22999572753903,195.2400054931641,187.8999938964844,188.08999633789065,181.73573303222656,1825000
2022-03-07,ZTS,195.22999572753903,195.2400054931641,187.8999938964844,188.08999633789065,181.73573303222656,1825000
2022-03-08,ZTS,185.7700042724609,187.3500061035156,181.16000366210935,181.38999938964844,175.2620849609375,2414400
2022-03-08,ZTS,185.7700042724609,187.3500061035156,181.16000366210935,181.38999938964844,175.2620849609375,2414400
2022-03-09,ZTS,185.5500030517578,190.6999969482422,183.8000030517578,189.5800018310547,183.1753845214844,2630400
2022-03-09,ZTS,185.5500030517578,190.6999969482422,183.8000030517578,189.5800018310547,183.1753845214844,2630400
2022-03-10,ZTS,187.38999938964844,189.6000061035156,186.13999938964844,189.22000122070312,182.82752990722656,1995100
2022-03-10,ZTS,187.38999938964844,189.6000061035156,186.13999938964844,189.22000122070312,182.82752990722656,1995100
2022-03-11,ZTS,189.9499969482422,190.27999877929688,185.1699981689453,185.2899932861328,179.03030395507812,1589700
2022-03-11,ZTS,189.9499969482422,190.27999877929688,185.1699981689453,185.2899932861328,179.03030395507812,1589700
2022-03-14,ZTS,186.4199981689453,187.25999450683597,183.88999938964844,184.66000366210935,178.42160034179688,2044800
2022-03-14,ZTS,186.4199981689453,187.25999450683597,183.88999938964844,184.66000366210935,178.42160034179688,2044800
2022-03-15,ZTS,186.3600006103516,189.6699981689453,185.6300048828125,189.1100006103516,182.7212829589844,1261600
2022-03-15,ZTS,186.3600006103516,189.6699981689453,185.6300048828125,189.1100006103516,182.7212829589844,1261600
2022-03-16,ZTS,190.6999969482422,193.7100067138672,187.47000122070312,191.9199981689453,185.4363555908203,2064000
2022-03-16,ZTS,190.6999969482422,193.7100067138672,187.47000122070312,191.9199981689453,185.4363555908203,2064000
2022-03-17,ZTS,192.5399932861328,194.66000366210935,192.1199951171875,193.67999267578125,187.1368560791016,2199700
2022-03-17,ZTS,192.5399932861328,194.66000366210935,192.1199951171875,193.67999267578125,187.1368560791016,2199700
2022-03-18,ZTS,196.6699981689453,197.16000366210935,193.3699951171875,195.8999938964844,189.2819061279297,2613700
2022-03-18,ZTS,196.6699981689453,197.16000366210935,193.3699951171875,195.8999938964844,189.2819061279297,2613700
2022-03-21,ZTS,195.2100067138672,196.66000366210935,192.5,194.7100067138672,188.13206481933597,1891000
2022-03-21,ZTS,195.2100067138672,196.66000366210935,192.5,194.7100067138672,188.13206481933597,1891000
2022-03-22,ZTS,195.17999267578125,197.3800048828125,193.3600006103516,196.8800048828125,190.228759765625,2374700
2022-03-22,ZTS,195.17999267578125,197.3800048828125,193.3600006103516,196.8800048828125,190.228759765625,2374700
2022-03-23,ZTS,196.0500030517578,196.75,190.8500061035156,191.22999572753903,184.7696533203125,2115200
2022-03-23,ZTS,196.0500030517578,196.75,190.8500061035156,191.22999572753903,184.7696533203125,2115200
2022-03-24,ZTS,192.00999450683597,192.33999633789065,189.0,189.57000732421875,183.16571044921875,3445900
2022-03-24,ZTS,192.00999450683597,192.33999633789065,189.0,189.57000732421875,183.16571044921875,3445900
2022-03-25,ZTS,190.8000030517578,191.5800018310547,188.1499938964844,189.42999267578125,183.03045654296875,2363100
2022-03-25,ZTS,190.8000030517578,191.5800018310547,188.1499938964844,189.42999267578125,183.03045654296875,2363100
2022-03-28,ZTS,190.22999572753903,191.4199981689453,187.6000061035156,189.3699951171875,182.9724884033203,2995800
2022-03-28,ZTS,190.22999572753903,191.4199981689453,187.6000061035156,189.3699951171875,182.9724884033203,2995800
2022-03-29,ZTS,191.88999938964844,194.6000061035156,191.7400054931641,192.27999877929688,185.7841644287109,2557400
2022-03-29,ZTS,191.88999938964844,194.6000061035156,191.7400054931641,192.27999877929688,185.7841644287109,2557400
2022-03-30,ZTS,191.82000732421875,192.77999877929688,189.5800018310547,191.32000732421875,184.85659790039065,2612700
2022-03-30,ZTS,191.82000732421875,192.77999877929688,189.5800018310547,191.32000732421875,184.85659790039065,2612700
2022-03-31,ZTS,192.4499969482422,194.8999938964844,188.4900054931641,188.58999633789065,182.2188415527344,2477600
2022-03-31,ZTS,192.4499969482422,194.8999938964844,188.4900054931641,188.58999633789065,182.2188415527344,2477600
2022-04-01,ZTS,188.7700042724609,191.5500030517578,186.6999969482422,191.1100006103516,184.65370178222656,1831400
2022-04-01,ZTS,188.7700042724609,191.5500030517578,186.6999969482422,191.1100006103516,184.65370178222656,1831400
2022-04-04,ZTS,191.13999938964844,191.97999572753903,187.17999267578125,188.7400054931641,182.36376953125,2603600
2022-04-04,ZTS,191.13999938964844,191.97999572753903,187.17999267578125,188.7400054931641,182.36376953125,2603600
2022-04-05,ZTS,188.7400054931641,190.7400054931641,187.69000244140625,188.3999938964844,182.0352325439453,2059300
2022-04-05,ZTS,188.7400054931641,190.7400054931641,187.69000244140625,188.3999938964844,182.0352325439453,2059300
2022-04-06,ZTS,188.16000366210935,192.3300018310547,186.5200042724609,191.3800048828125,184.91456604003903,2843500
2022-04-06,ZTS,188.16000366210935,192.3300018310547,186.5200042724609,191.3800048828125,184.91456604003903,2843500
2022-04-07,ZTS,191.1999969482422,199.33999633789065,190.97000122070312,197.92999267578125,191.2433013916016,2781400
2022-04-07,ZTS,191.1999969482422,199.33999633789065,190.97000122070312,197.92999267578125,191.2433013916016,2781400
2022-04-08,ZTS,197.7899932861328,201.32000732421875,197.58999633789065,200.08999633789065,193.33030700683597,2455500
2022-04-08,ZTS,197.7899932861328,201.32000732421875,197.58999633789065,200.08999633789065,193.33030700683597,2455500
2022-04-11,ZTS,198.97000122070312,199.8800048828125,192.00999450683597,192.5,185.9967498779297,2252200
2022-04-11,ZTS,198.97000122070312,199.8800048828125,192.00999450683597,192.5,185.9967498779297,2252200
2022-04-12,ZTS,192.1100006103516,193.30999755859372,187.1499938964844,187.91000366210935,181.56179809570312,1746500
2022-04-12,ZTS,192.1100006103516,193.30999755859372,187.1499938964844,187.91000366210935,181.56179809570312,1746500
2022-04-13,ZTS,187.9900054931641,190.07000732421875,186.0500030517578,189.5200042724609,183.11740112304688,1517800
2022-04-13,ZTS,187.9900054931641,190.07000732421875,186.0500030517578,189.5200042724609,183.11740112304688,1517800
2022-04-14,ZTS,189.8999938964844,190.50999450683597,186.32000732421875,187.3000030517578,180.972412109375,1819400
2022-04-14,ZTS,189.8999938964844,190.50999450683597,186.32000732421875,187.3000030517578,180.972412109375,1819400
2022-04-18,ZTS,186.5500030517578,187.22000122070312,181.72000122070312,182.80999755859372,176.63412475585938,1857000
2022-04-18,ZTS,186.5500030517578,187.22000122070312,181.72000122070312,182.80999755859372,176.63412475585938,1857000
2022-04-19,ZTS,183.2400054931641,186.41000366210935,182.77999877929688,185.94000244140625,179.65835571289062,1615300
2022-04-19,ZTS,183.2400054931641,186.41000366210935,182.77999877929688,185.94000244140625,179.65835571289062,1615300
2022-04-20,ZTS,186.0,190.8000030517578,185.16000366210935,187.77999877929688,181.75387573242188,2085000
2022-04-20,ZTS,186.0,190.8000030517578,185.16000366210935,187.77999877929688,181.75387573242188,2085000
2022-04-21,ZTS,188.5800018310547,189.0800018310547,183.7100067138672,184.72000122070312,178.79208374023438,2179900
2022-04-21,ZTS,188.5800018310547,189.0800018310547,183.7100067138672,184.72000122070312,178.79208374023438,2179900
2022-04-22,ZTS,183.83999633789065,185.3600006103516,181.5800018310547,181.9499969482422,176.1109619140625,2016700
2022-04-22,ZTS,183.83999633789065,185.3600006103516,181.5800018310547,181.9499969482422,176.1109619140625,2016700
2022-04-25,ZTS,180.69000244140625,181.1100006103516,176.44000244140625,180.3000030517578,174.513916015625,2097000
2022-04-25,ZTS,180.69000244140625,181.1100006103516,176.44000244140625,180.3000030517578,174.513916015625,2097000
2022-04-26,ZTS,178.9600067138672,179.67999267578125,176.80999755859375,176.97000122070312,171.29078674316406,2449100
2022-04-26,ZTS,178.9600067138672,179.67999267578125,176.80999755859375,176.97000122070312,171.29078674316406,2449100
2022-04-27,ZTS,177.92999267578125,180.22999572753903,177.05999755859375,178.47000122070312,172.7426300048828,1621200
2022-04-27,ZTS,177.92999267578125,180.22999572753903,177.05999755859375,178.47000122070312,172.7426300048828,1621200
2022-04-28,ZTS,179.0800018310547,182.22000122070312,178.17999267578125,181.30999755859372,175.49151611328125,2339000
2022-04-28,ZTS,179.0800018310547,182.22000122070312,178.17999267578125,181.30999755859372,175.49151611328125,2339000
2022-04-29,ZTS,180.0,181.8600006103516,176.7899932861328,177.25,171.56179809570312,2251800
2022-04-29,ZTS,180.0,181.8600006103516,176.7899932861328,177.25,171.56179809570312,2251800
2022-05-02,ZTS,176.38999938964844,177.25,171.5500030517578,174.6699981689453,169.06455993652344,3513000
2022-05-02,ZTS,176.38999938964844,177.25,171.5500030517578,174.6699981689453,169.06455993652344,3513000
2022-05-03,ZTS,174.67999267578125,176.8699951171875,173.58999633789062,175.13999938964844,169.51950073242188,2152200
2022-05-03,ZTS,174.67999267578125,176.8699951171875,173.58999633789062,175.13999938964844,169.51950073242188,2152200
2022-05-04,ZTS,172.17999267578125,177.72000122070312,168.0,176.86000061035156,171.18431091308594,3747100
2022-05-04,ZTS,172.17999267578125,177.72000122070312,168.0,176.86000061035156,171.18431091308594,3747100
2022-05-05,ZTS,180.0,180.44000244140625,169.47999572753906,171.4499969482422,165.94790649414062,2855200
2022-05-05,ZTS,180.0,180.44000244140625,169.47999572753906,171.4499969482422,165.94790649414062,2855200
2022-05-06,ZTS,169.6699981689453,171.33999633789062,167.52000427246094,169.2100067138672,163.77976989746094,3339500
2022-05-06,ZTS,169.6699981689453,171.33999633789062,167.52000427246094,169.2100067138672,163.77976989746094,3339500
2022-05-09,ZTS,167.0,168.39999389648438,161.10000610351562,161.80999755859375,156.61729431152344,2984600
2022-05-09,ZTS,167.0,168.39999389648438,161.10000610351562,161.80999755859375,156.61729431152344,2984600
2022-05-10,ZTS,163.99000549316406,164.75,159.0800018310547,162.64999389648438,157.43032836914062,2851900
2022-05-10,ZTS,163.99000549316406,164.75,159.0800018310547,162.64999389648438,157.43032836914062,2851900
2022-05-11,ZTS,161.8699951171875,164.11000061035156,159.25999450683594,159.89999389648438,154.7685546875,3355200
2022-05-11,ZTS,161.8699951171875,164.11000061035156,159.25999450683594,159.89999389648438,154.7685546875,3355200
2022-05-12,ZTS,158.33999633789062,163.67999267578125,158.27000427246094,163.0800018310547,157.84654235839844,2396600
2022-05-12,ZTS,158.33999633789062,163.67999267578125,158.27000427246094,163.0800018310547,157.84654235839844,2396600
2022-05-13,ZTS,165.5,168.00999450683594,164.1999969482422,165.3300018310547,160.02427673339844,2239300
2022-05-13,ZTS,165.5,168.00999450683594,164.1999969482422,165.3300018310547,160.02427673339844,2239300
2022-05-16,ZTS,164.63999938964844,166.2100067138672,162.25999450683594,165.5,160.1888427734375,2457600
2022-05-16,ZTS,164.63999938964844,166.2100067138672,162.25999450683594,165.5,160.1888427734375,2457600
2022-05-17,ZTS,167.83999633789062,168.5500030517578,165.0,166.42999267578125,161.08901977539062,1871900
2022-05-17,ZTS,167.83999633789062,168.5500030517578,165.0,166.42999267578125,161.08901977539062,1871900
2022-05-18,ZTS,164.8000030517578,165.1999969482422,158.10000610351562,158.86000061035156,153.76194763183594,2614000
2022-05-18,ZTS,164.8000030517578,165.1999969482422,158.10000610351562,158.86000061035156,153.76194763183594,2614000
2022-05-19,ZTS,158.13999938964844,160.35000610351562,156.6699981689453,158.6300048828125,153.53933715820312,2956600
2022-05-19,ZTS,158.13999938964844,160.35000610351562,156.6699981689453,158.6300048828125,153.53933715820312,2956600
2022-05-20,ZTS,161.61000061035156,162.80999755859375,159.00999450683594,162.55999755859375,157.34320068359375,2467600
2022-05-20,ZTS,161.61000061035156,162.80999755859375,159.00999450683594,162.55999755859375,157.34320068359375,2467600
2022-05-23,ZTS,163.7100067138672,164.85000610351562,162.35000610351562,163.0,157.7690887451172,1909600
2022-05-23,ZTS,163.7100067138672,164.85000610351562,162.35000610351562,163.0,157.7690887451172,1909600
2022-05-24,ZTS,162.8800048828125,163.8699951171875,161.32000732421875,163.0500030517578,157.81748962402344,1689300
2022-05-24,ZTS,162.8800048828125,163.8699951171875,161.32000732421875,163.0500030517578,157.81748962402344,1689300
2022-05-25,ZTS,162.4499969482422,164.57000732421875,161.57000732421875,163.02999877929688,157.79811096191406,1735500
2022-05-25,ZTS,162.4499969482422,164.57000732421875,161.57000732421875,163.02999877929688,157.79811096191406,1735500
2022-05-26,ZTS,163.8300018310547,166.57000732421875,162.91000366210938,165.89999389648438,160.57601928710938,1596300
2022-05-26,ZTS,163.8300018310547,166.57000732421875,162.91000366210938,165.89999389648438,160.57601928710938,1596300
2022-05-27,ZTS,167.1300048828125,172.1300048828125,167.1300048828125,172.10000610351562,166.5770721435547,2043100
2022-05-27,ZTS,167.1300048828125,172.1300048828125,167.1300048828125,172.10000610351562,166.5770721435547,2043100
2022-05-31,ZTS,170.67999267578125,172.75999450683594,168.75999450683594,170.92999267578125,165.444580078125,4268000
2022-05-31,ZTS,170.67999267578125,172.75999450683594,168.75999450683594,170.92999267578125,165.444580078125,4268000
2022-06-01,ZTS,170.8699951171875,171.8300018310547,165.6699981689453,167.02000427246094,161.6600799560547,1733600
2022-06-01,ZTS,170.8699951171875,171.8300018310547,165.6699981689453,167.02000427246094,161.6600799560547,1733600
2022-06-02,ZTS,167.66000366210938,172.82000732421875,166.4199981689453,172.6999969482422,167.15780639648438,1399900
2022-06-02,ZTS,167.66000366210938,172.82000732421875,166.4199981689453,172.6999969482422,167.15780639648438,1399900
2022-06-03,ZTS,170.77000427246094,171.05999755859375,168.6300048828125,169.00999450683594,163.58621215820312,1208300
2022-06-03,ZTS,170.77000427246094,171.05999755859375,168.6300048828125,169.00999450683594,163.58621215820312,1208300
2022-06-06,ZTS,170.49000549316406,172.14999389648438,170.0,171.00999450683594,165.52206420898438,1414900
2022-06-06,ZTS,170.49000549316406,172.14999389648438,170.0,171.00999450683594,165.52206420898438,1414900
2022-06-07,ZTS,170.6999969482422,174.22000122070312,170.6999969482422,173.77999877929688,168.2031707763672,1473400
2022-06-07,ZTS,170.6999969482422,174.22000122070312,170.6999969482422,173.77999877929688,168.2031707763672,1473400
2022-06-08,ZTS,173.10000610351562,174.58999633789062,171.1699981689453,171.2899932861328,165.79302978515625,1310300
2022-06-08,ZTS,173.10000610351562,174.58999633789062,171.1699981689453,171.2899932861328,165.79302978515625,1310300
2022-06-09,ZTS,170.07000732421875,171.1699981689453,166.3699951171875,166.49000549316406,161.14710998535156,1327300
2022-06-09,ZTS,170.07000732421875,171.1699981689453,166.3699951171875,166.49000549316406,161.14710998535156,1327300
2022-06-10,ZTS,164.1199951171875,165.17999267578125,161.4199981689453,161.49000549316406,156.3075408935547,1606200
2022-06-10,ZTS,164.1199951171875,165.17999267578125,161.4199981689453,161.49000549316406,156.3075408935547,1606200
2022-06-13,ZTS,157.7100067138672,157.99000549316406,154.3300018310547,155.97000122070312,150.96469116210938,2285300
2022-06-13,ZTS,157.7100067138672,157.99000549316406,154.3300018310547,155.97000122070312,150.96469116210938,2285300
2022-06-14,ZTS,154.5,158.2899932861328,154.5,157.8000030517578,152.73599243164062,2197000
2022-06-14,ZTS,154.5,158.2899932861328,154.5,157.8000030517578,152.73599243164062,2197000
2022-06-15,ZTS,159.13999938964844,160.22999572753906,155.5,158.07000732421875,152.997314453125,1758000
2022-06-15,ZTS,159.13999938964844,160.22999572753906,155.5,158.07000732421875,152.997314453125,1758000
2022-06-16,ZTS,156.00999450683594,158.1300048828125,154.17999267578125,157.38999938964844,152.33912658691406,2003400
2022-06-16,ZTS,156.00999450683594,158.1300048828125,154.17999267578125,157.38999938964844,152.33912658691406,2003400
2022-06-17,ZTS,157.30999755859375,161.5500030517578,156.82000732421875,158.8300018310547,153.73292541503906,3865100
2022-06-17,ZTS,157.30999755859375,161.5500030517578,156.82000732421875,158.8300018310547,153.73292541503906,3865100
2022-06-21,ZTS,160.27000427246094,162.77000427246094,160.16000366210938,162.00999450683594,156.8108367919922,2080200
2022-06-21,ZTS,160.27000427246094,162.77000427246094,160.16000366210938,162.00999450683594,156.8108367919922,2080200
2022-06-22,ZTS,161.17999267578125,166.27000427246094,161.08999633789062,164.2100067138672,158.94024658203125,2137700
2022-06-22,ZTS,161.17999267578125,166.27000427246094,161.08999633789062,164.2100067138672,158.94024658203125,2137700
2022-06-23,ZTS,166.02000427246094,169.3800048828125,165.58999633789062,169.1699981689453,163.74110412597656,1535600
2022-06-23,ZTS,166.02000427246094,169.3800048828125,165.58999633789062,169.1699981689453,163.74110412597656,1535600
2022-06-24,ZTS,172.0,174.67999267578125,171.38999938964844,174.61000061035156,169.00650024414062,3255000
2022-06-24,ZTS,172.0,174.67999267578125,171.38999938964844,174.61000061035156,169.00650024414062,3255000
2022-06-27,ZTS,173.83999633789062,175.2100067138672,172.92999267578125,173.60000610351562,168.0289306640625,1378400
2022-06-27,ZTS,173.83999633789062,175.2100067138672,172.92999267578125,173.60000610351562,168.0289306640625,1378400
2022-06-28,ZTS,172.9600067138672,174.6699981689453,170.00999450683594,170.1199951171875,164.6605987548828,1725800
2022-06-28,ZTS,172.9600067138672,174.6699981689453,170.00999450683594,170.1199951171875,164.6605987548828,1725800
2022-06-29,ZTS,172.0,175.14999389648438,170.14999389648438,173.9199981689453,168.33865356445312,1658000
2022-06-29,ZTS,172.0,175.14999389648438,170.14999389648438,173.9199981689453,168.33865356445312,1658000
2022-06-30,ZTS,172.44000244140625,173.5500030517578,169.8300018310547,171.88999938964844,166.37380981445312,2220700
2022-06-30,ZTS,172.44000244140625,173.5500030517578,169.8300018310547,171.88999938964844,166.37380981445312,2220700
2022-07-01,ZTS,172.07000732421875,174.5,170.5,174.2100067138672,168.61936950683594,1498400
2022-07-01,ZTS,172.07000732421875,174.5,170.5,174.2100067138672,168.61936950683594,1498400
2022-07-05,ZTS,172.27999877929688,174.2899932861328,169.5500030517578,174.25,168.6580810546875,1853100
2022-07-05,ZTS,172.27999877929688,174.2899932861328,169.5500030517578,174.25,168.6580810546875,1853100
2022-07-06,ZTS,174.8699951171875,179.8800048828125,174.39999389648438,178.5,172.7716827392578,1883300
2022-07-06,ZTS,174.8699951171875,179.8800048828125,174.39999389648438,178.5,172.7716827392578,1883300
2022-07-07,ZTS,177.72000122070312,180.0,177.50999450683594,179.10000610351562,173.35243225097656,1317300
2022-07-07,ZTS,177.72000122070312,180.0,177.50999450683594,179.10000610351562,173.35243225097656,1317300
2022-07-08,ZTS,177.5,179.47000122070312,177.0800018310547,177.97999572753906,172.26834106445312,1301700
2022-07-08,ZTS,177.5,179.47000122070312,177.0800018310547,177.97999572753906,172.26834106445312,1301700
2022-07-11,ZTS,177.85000610351562,178.4600067138672,176.52999877929688,177.0399932861328,171.35850524902344,1008700
2022-07-11,ZTS,177.85000610351562,178.4600067138672,176.52999877929688,177.0399932861328,171.35850524902344,1008700
2022-07-12,ZTS,176.6999969482422,179.2100067138672,173.14999389648438,173.80999755859375,168.23216247558594,1643000
2022-07-12,ZTS,176.6999969482422,179.2100067138672,173.14999389648438,173.80999755859375,168.23216247558594,1643000
2022-07-13,ZTS,170.39999389648438,170.97000122070312,167.0500030517578,167.80999755859375,162.42474365234375,2271500
2022-07-13,ZTS,170.39999389648438,170.97000122070312,167.0500030517578,167.80999755859375,162.42474365234375,2271500
2022-07-14,ZTS,166.92999267578125,170.94000244140625,165.75,170.7899932861328,165.30908203125,1570500
2022-07-14,ZTS,166.92999267578125,170.94000244140625,165.75,170.7899932861328,165.30908203125,1570500
2022-07-15,ZTS,173.57000732421875,175.2100067138672,173.1699981689453,174.5399932861328,168.93873596191406,2409300
2022-07-15,ZTS,173.57000732421875,175.2100067138672,173.1699981689453,174.5399932861328,168.93873596191406,2409300
2022-07-18,ZTS,174.83999633789062,176.2899932861328,171.27999877929688,171.75999450683594,166.2480010986328,1834500
2022-07-18,ZTS,174.83999633789062,176.2899932861328,171.27999877929688,171.75999450683594,166.2480010986328,1834500
2022-07-19,ZTS,173.97999572753906,177.72000122070312,173.4199981689453,177.4199981689453,171.72633361816406,1838700
2022-07-19,ZTS,173.97999572753906,177.72000122070312,173.4199981689453,177.4199981689453,171.72633361816406,1838700
2022-07-20,ZTS,177.5399932861328,178.17999267578125,175.64999389648438,176.25,170.90696716308594,1944300
2022-07-20,ZTS,177.5399932861328,178.17999267578125,175.64999389648438,176.25,170.90696716308594,1944300
2022-07-21,ZTS,175.77000427246094,180.75,175.77000427246094,180.6000061035156,175.12510681152344,1878400
2022-07-21,ZTS,175.77000427246094,180.75,175.77000427246094,180.6000061035156,175.12510681152344,1878400
2022-07-22,ZTS,180.25999450683597,181.16000366210935,177.25999450683594,178.17999267578125,172.77845764160156,1224500
2022-07-22,ZTS,180.25999450683597,181.16000366210935,177.25999450683594,178.17999267578125,172.77845764160156,1224500
2022-07-25,ZTS,178.00999450683594,178.6999969482422,174.08999633789062,175.17999267578125,169.869384765625,1291300
2022-07-25,ZTS,178.00999450683594,178.6999969482422,174.08999633789062,175.17999267578125,169.869384765625,1291300
2022-07-26,ZTS,174.8800048828125,176.75,173.9600067138672,176.3800048828125,171.0330047607422,1354900
2022-07-26,ZTS,174.8800048828125,176.75,173.9600067138672,176.3800048828125,171.0330047607422,1354900
2022-07-27,ZTS,175.6999969482422,178.13999938964844,175.32000732421875,177.47000122070312,172.08999633789062,1312600
2022-07-27,ZTS,175.6999969482422,178.13999938964844,175.32000732421875,177.47000122070312,172.08999633789062,1312600
2022-07-28,ZTS,177.72999572753906,183.80999755859372,177.35000610351562,182.2700042724609,176.7444305419922,1318400
2022-07-28,ZTS,177.72999572753906,183.80999755859372,177.35000610351562,182.2700042724609,176.7444305419922,1318400
2022-07-29,ZTS,182.1999969482422,182.8800048828125,179.89999389648438,182.5500030517578,177.01600646972656,1752000
2022-07-29,ZTS,182.1999969482422,182.8800048828125,179.89999389648438,182.5500030517578,177.01600646972656,1752000
2022-08-01,ZTS,181.0,182.1199951171875,179.33999633789062,179.74000549316406,174.29115295410156,1243500
2022-08-01,ZTS,181.0,182.1199951171875,179.33999633789062,179.74000549316406,174.29115295410156,1243500
2022-08-02,ZTS,179.82000732421875,181.55999755859372,177.61000061035156,178.8300018310547,173.4087371826172,1180200
2022-08-02,ZTS,179.82000732421875,181.55999755859372,177.61000061035156,178.8300018310547,173.4087371826172,1180200
2022-08-03,ZTS,179.63999938964844,180.8500061035156,178.4199981689453,180.16000366210935,174.69842529296875,1659900
2022-08-03,ZTS,179.63999938964844,180.8500061035156,178.4199981689453,180.16000366210935,174.69842529296875,1659900
2022-08-04,ZTS,181.22000122070312,181.8999938964844,172.82000732421875,174.30999755859375,169.0257568359375,2390900
2022-08-04,ZTS,181.22000122070312,181.8999938964844,172.82000732421875,174.30999755859375,169.0257568359375,2390900
2022-08-05,ZTS,171.74000549316406,175.0800018310547,170.64999389648438,174.61000061035156,169.31666564941406,1523500
2022-08-05,ZTS,171.74000549316406,175.0800018310547,170.64999389648438,174.61000061035156,169.31666564941406,1523500
2022-08-08,ZTS,174.60000610351562,176.52999877929688,173.39999389648438,174.00999450683594,168.73487854003906,1231700
2022-08-08,ZTS,174.60000610351562,176.52999877929688,173.39999389648438,174.00999450683594,168.73487854003906,1231700
2022-08-09,ZTS,173.69000244140625,173.80999755859375,169.2899932861328,169.5500030517578,164.41004943847656,1415200
2022-08-09,ZTS,173.69000244140625,173.80999755859375,169.2899932861328,169.5500030517578,164.41004943847656,1415200
2022-08-10,ZTS,171.9600067138672,174.25,171.83999633789062,174.05999755859375,168.78335571289062,1377100
2022-08-10,ZTS,171.9600067138672,174.25,171.83999633789062,174.05999755859375,168.78335571289062,1377100
2022-08-11,ZTS,173.7899932861328,175.55999755859375,172.7100067138672,173.17999267578125,167.9300079345703,1367100
2022-08-11,ZTS,173.7899932861328,175.55999755859375,172.7100067138672,173.17999267578125,167.9300079345703,1367100
2022-08-12,ZTS,175.17999267578125,175.77999877929688,172.6699981689453,175.6699981689453,170.34454345703125,1185200
2022-08-12,ZTS,175.17999267578125,175.77999877929688,172.6699981689453,175.6699981689453,170.34454345703125,1185200
2022-08-15,ZTS,175.1699981689453,176.1699981689453,173.24000549316406,174.4499969482422,169.16151428222656,1243600
2022-08-15,ZTS,175.1699981689453,176.1699981689453,173.24000549316406,174.4499969482422,169.16151428222656,1243600
2022-08-16,ZTS,173.82000732421875,174.1699981689453,169.19000244140625,171.7899932861328,166.5821533203125,2210700
2022-08-16,ZTS,173.82000732421875,174.1699981689453,169.19000244140625,171.7899932861328,166.5821533203125,2210700
2022-08-17,ZTS,171.6999969482422,174.75999450683594,171.25,172.4600067138672,167.2318572998047,1367200
2022-08-17,ZTS,171.6999969482422,174.75999450683594,171.25,172.4600067138672,167.2318572998047,1367200
2022-08-18,ZTS,172.4600067138672,172.94000244140625,169.75999450683594,170.1699981689453,165.0112762451172,1297900
2022-08-18,ZTS,172.4600067138672,172.94000244140625,169.75999450683594,170.1699981689453,165.0112762451172,1297900
2022-08-19,ZTS,170.72999572753906,171.8699951171875,169.1699981689453,169.52000427246094,164.3809814453125,1223200
2022-08-19,ZTS,170.72999572753906,171.8699951171875,169.1699981689453,169.52000427246094,164.3809814453125,1223200
2022-08-22,ZTS,167.92999267578125,168.5,164.0399932861328,165.0399932861328,160.03677368164062,1606800
2022-08-22,ZTS,167.92999267578125,168.5,164.0399932861328,165.0399932861328,160.03677368164062,1606800
2022-08-23,ZTS,163.42999267578125,164.36000061035156,161.91000366210938,162.4199981689453,157.4962158203125,1320300
2022-08-23,ZTS,163.42999267578125,164.36000061035156,161.91000366210938,162.4199981689453,157.4962158203125,1320300
2022-08-24,ZTS,163.1999969482422,163.8699951171875,162.08999633789062,162.6300048828125,157.69985961914062,1206400
2022-08-24,ZTS,163.1999969482422,163.8699951171875,162.08999633789062,162.6300048828125,157.69985961914062,1206400
2022-08-25,ZTS,163.5500030517578,165.63999938964844,162.36000061035156,165.52999877929688,160.5119171142578,1088800
2022-08-25,ZTS,163.5500030517578,165.63999938964844,162.36000061035156,165.52999877929688,160.5119171142578,1088800
2022-08-26,ZTS,165.7100067138672,166.24000549316406,159.66000366210938,159.88999938964844,155.0429229736328,1468000
2022-08-26,ZTS,165.7100067138672,166.24000549316406,159.66000366210938,159.88999938964844,155.0429229736328,1468000
2022-08-29,ZTS,158.30999755859375,159.13999938964844,157.52999877929688,157.8699951171875,153.0841522216797,1236900
2022-08-29,ZTS,158.30999755859375,159.13999938964844,157.52999877929688,157.8699951171875,153.0841522216797,1236900
2022-08-30,ZTS,158.47999572753906,158.75,156.75999450683594,157.0800018310547,152.31808471679688,1918800
2022-08-30,ZTS,158.47999572753906,158.75,156.75999450683594,157.0800018310547,152.31808471679688,1918800
2022-08-31,ZTS,158.16000366210938,159.41000366210938,156.2100067138672,156.52999877929688,151.78477478027344,2149000
2022-08-31,ZTS,158.16000366210938,159.41000366210938,156.2100067138672,156.52999877929688,151.78477478027344,2149000
2022-09-01,ZTS,155.7899932861328,159.75,154.72000122070312,159.41000366210938,154.57749938964844,1839400
2022-09-01,ZTS,155.7899932861328,159.75,154.72000122070312,159.41000366210938,154.57749938964844,1839400
2022-09-02,ZTS,160.6999969482422,161.72000122070312,156.05999755859375,156.97999572753906,152.2211456298828,1529500
2022-09-02,ZTS,160.6999969482422,161.72000122070312,156.05999755859375,156.97999572753906,152.2211456298828,1529500
2022-09-06,ZTS,157.75999450683594,159.52999877929688,156.22000122070312,156.83999633789062,152.0853729248047,1692000
2022-09-06,ZTS,157.75999450683594,159.52999877929688,156.22000122070312,156.83999633789062,152.0853729248047,1692000
2022-09-07,ZTS,157.1999969482422,160.8300018310547,156.41000366210938,160.39999389648438,155.53746032714844,1506400
2022-09-07,ZTS,157.1999969482422,160.8300018310547,156.41000366210938,160.39999389648438,155.53746032714844,1506400
2022-09-08,ZTS,158.80999755859375,160.63999938964844,154.49000549316406,158.49000549316406,153.68536376953125,3039700
2022-09-08,ZTS,158.80999755859375,160.63999938964844,154.49000549316406,158.49000549316406,153.68536376953125,3039700
2022-09-09,ZTS,161.50999450683594,164.61000061035156,161.05999755859375,164.30999755859375,159.3289337158203,2453100
2022-09-09,ZTS,161.50999450683594,164.61000061035156,161.05999755859375,164.30999755859375,159.3289337158203,2453100
2022-09-12,ZTS,164.35000610351562,167.2100067138672,164.35000610351562,166.35000610351562,161.30709838867188,2129400
2022-09-12,ZTS,164.35000610351562,167.2100067138672,164.35000610351562,166.35000610351562,161.30709838867188,2129400
2022-09-13,ZTS,162.33999633789062,163.49000549316406,160.42999267578125,160.99000549316406,156.1095733642578,2264400
2022-09-13,ZTS,162.33999633789062,163.49000549316406,160.42999267578125,160.99000549316406,156.1095733642578,2264400
2022-09-14,ZTS,161.17999267578125,161.7100067138672,159.2899932861328,160.22999572753906,155.37258911132812,1785400
2022-09-14,ZTS,161.17999267578125,161.7100067138672,159.2899932861328,160.22999572753906,155.37258911132812,1785400
2022-09-15,ZTS,160.47000122070312,161.69000244140625,158.7100067138672,159.17999267578125,154.3544464111328,1641600
2022-09-15,ZTS,160.47000122070312,161.69000244140625,158.7100067138672,159.17999267578125,154.3544464111328,1641600
2022-09-16,ZTS,158.74000549316406,158.9600067138672,155.30999755859375,157.3000030517578,152.5314178466797,2699000
2022-09-16,ZTS,158.74000549316406,158.9600067138672,155.30999755859375,157.3000030517578,152.5314178466797,2699000
2022-09-19,ZTS,155.99000549316406,157.27999877929688,154.9600067138672,157.19000244140625,152.42474365234375,1616100
2022-09-19,ZTS,155.99000549316406,157.27999877929688,154.9600067138672,157.19000244140625,152.42474365234375,1616100
2022-09-20,ZTS,155.44000244140625,155.99000549316406,151.75,152.94000244140625,148.30360412597656,1991000
2022-09-20,ZTS,155.44000244140625,155.99000549316406,151.75,152.94000244140625,148.30360412597656,1991000
2022-09-21,ZTS,153.33999633789062,155.80999755859375,150.8699951171875,151.24000549316406,146.6551513671875,1554900
2022-09-21,ZTS,153.33999633789062,155.80999755859375,150.8699951171875,151.24000549316406,146.6551513671875,1554900
2022-09-22,ZTS,150.10000610351562,151.49000549316406,148.9600067138672,149.4600067138672,144.92909240722656,1937300
2022-09-22,ZTS,150.10000610351562,151.49000549316406,148.9600067138672,149.4600067138672,144.92909240722656,1937300
2022-09-23,ZTS,148.89999389648438,150.4600067138672,147.86000061035156,150.0500030517578,145.50123596191406,1626200
2022-09-23,ZTS,148.89999389648438,150.4600067138672,147.86000061035156,150.0500030517578,145.50123596191406,1626200
2022-09-26,ZTS,149.75,151.38999938964844,148.2899932861328,148.60000610351562,144.0951690673828,1631100
2022-09-26,ZTS,149.75,151.38999938964844,148.2899932861328,148.60000610351562,144.0951690673828,1631100
2022-09-27,ZTS,150.08999633789062,151.13999938964844,147.77000427246094,149.39999389648438,144.8709259033203,1930900
2022-09-27,ZTS,150.08999633789062,151.13999938964844,147.77000427246094,149.39999389648438,144.8709259033203,1930900
2022-09-28,ZTS,151.32000732421875,154.0,150.08999633789062,152.25999450683594,147.64422607421875,2079200
2022-09-28,ZTS,151.32000732421875,154.0,150.08999633789062,152.25999450683594,147.64422607421875,2079200
2022-09-29,ZTS,152.05999755859375,152.55999755859375,150.0,150.9499969482422,146.37391662597656,1642000
2022-09-29,ZTS,152.05999755859375,152.55999755859375,150.0,150.9499969482422,146.37391662597656,1642000
2022-09-30,ZTS,150.4199981689453,152.02999877929688,148.0399932861328,148.2899932861328,143.7945556640625,2437200
2022-09-30,ZTS,150.4199981689453,152.02999877929688,148.0399932861328,148.2899932861328,143.7945556640625,2437200
2022-10-03,ZTS,149.27999877929688,152.85000610351562,148.30999755859375,151.35000610351562,146.7617950439453,1580200
2022-10-03,ZTS,149.27999877929688,152.85000610351562,148.30999755859375,151.35000610351562,146.7617950439453,1580200
2022-10-04,ZTS,153.24000549316406,155.30999755859375,152.60000610351562,154.75,150.05870056152344,1676300
2022-10-04,ZTS,153.24000549316406,155.30999755859375,152.60000610351562,154.75,150.05870056152344,1676300
2022-10-05,ZTS,152.74000549316406,155.6300048828125,152.0,154.58999633789062,149.9036102294922,1260200
2022-10-05,ZTS,152.74000549316406,155.6300048828125,152.0,154.58999633789062,149.9036102294922,1260200
2022-10-06,ZTS,153.7899932861328,154.9499969482422,152.24000549316406,152.58999633789062,147.96421813964844,1324100
2022-10-06,ZTS,153.7899932861328,154.9499969482422,152.24000549316406,152.58999633789062,147.96421813964844,1324100
2022-10-07,ZTS,151.0800018310547,151.41000366210938,146.9499969482422,147.3699951171875,142.90245056152344,2022600
2022-10-07,ZTS,151.0800018310547,151.41000366210938,146.9499969482422,147.3699951171875,142.90245056152344,2022600
2022-10-10,ZTS,148.10000610351562,148.10000610351562,144.44000244140625,145.77999877929688,141.3606414794922,1569000
2022-10-10,ZTS,148.10000610351562,148.10000610351562,144.44000244140625,145.77999877929688,141.3606414794922,1569000
2022-10-11,ZTS,145.77000427246094,148.49000549316406,144.60000610351562,146.25,141.81643676757812,1583400
2022-10-11,ZTS,145.77000427246094,148.49000549316406,144.60000610351562,146.25,141.81643676757812,1583400
2022-10-12,ZTS,146.92999267578125,148.00999450683594,145.58999633789062,145.86000061035156,141.438232421875,1474200
2022-10-12,ZTS,146.92999267578125,148.00999450683594,145.58999633789062,145.86000061035156,141.438232421875,1474200
2022-10-13,ZTS,142.0,149.86000061035156,141.8699951171875,148.63999938964844,144.13397216796875,1478200
2022-10-13,ZTS,142.0,149.86000061035156,141.8699951171875,148.63999938964844,144.13397216796875,1478200
2022-10-14,ZTS,149.7100067138672,150.8699951171875,145.11000061035156,145.39999389648438,140.99220275878906,2625400
2022-10-14,ZTS,149.7100067138672,150.8699951171875,145.11000061035156,145.39999389648438,140.99220275878906,2625400
2022-10-17,ZTS,147.1300048828125,150.41000366210938,147.00999450683594,149.7899932861328,145.24908447265625,2180400
2022-10-17,ZTS,147.1300048828125,150.41000366210938,147.00999450683594,149.7899932861328,145.24908447265625,2180400
2022-10-18,ZTS,153.7100067138672,154.38999938964844,149.77000427246094,150.4199981689453,145.86000061035156,2783100
2022-10-18,ZTS,153.7100067138672,154.38999938964844,149.77000427246094,150.4199981689453,145.86000061035156,2783100
2022-10-19,ZTS,149.39999389648438,150.00999450683594,145.8800048828125,148.1300048828125,143.63943481445312,1983700
2022-10-19,ZTS,149.39999389648438,150.00999450683594,145.8800048828125,148.1300048828125,143.63943481445312,1983700
2022-10-20,ZTS,147.50999450683594,148.22000122070312,144.1699981689453,144.42999267578125,140.0515899658203,2327200
2022-10-20,ZTS,147.50999450683594,148.22000122070312,144.1699981689453,144.42999267578125,140.0515899658203,2327200
2022-10-21,ZTS,143.94000244140625,147.69000244140625,142.1199951171875,147.2100067138672,142.747314453125,2354100
2022-10-21,ZTS,143.94000244140625,147.69000244140625,142.1199951171875,147.2100067138672,142.747314453125,2354100
2022-10-24,ZTS,148.7100067138672,150.64999389648438,148.32000732421875,149.3699951171875,144.84182739257812,1356600
2022-10-24,ZTS,148.7100067138672,150.64999389648438,148.32000732421875,149.3699951171875,144.84182739257812,1356600
2022-10-25,ZTS,149.25999450683594,152.5500030517578,149.25999450683594,152.3000030517578,147.68299865722656,2065600
2022-10-25,ZTS,149.25999450683594,152.5500030517578,149.25999450683594,152.3000030517578,147.68299865722656,2065600
2022-10-26,ZTS,152.19000244140625,154.9199981689453,151.1300048828125,151.6699981689453,147.07212829589844,2162300
2022-10-26,ZTS,152.19000244140625,154.9199981689453,151.1300048828125,151.6699981689453,147.07212829589844,2162300
2022-10-27,ZTS,152.61000061035156,152.9600067138672,149.52000427246094,151.13999938964844,146.55813598632812,2343700
2022-10-27,ZTS,152.61000061035156,152.9600067138672,149.52000427246094,151.13999938964844,146.55813598632812,2343700
2022-10-28,ZTS,152.10000610351562,153.8800048828125,150.52000427246094,153.27999877929688,148.63328552246094,1615500
2022-10-28,ZTS,152.10000610351562,153.8800048828125,150.52000427246094,153.27999877929688,148.63328552246094,1615500
2022-10-31,ZTS,152.11000061035156,153.33999633789062,149.83999633789062,150.77999877929688,146.51974487304688,1899000
2022-10-31,ZTS,152.11000061035156,153.33999633789062,149.83999633789062,150.77999877929688,146.51974487304688,1899000
2022-11-01,ZTS,151.39999389648438,154.91000366210938,150.3800048828125,152.72000122070312,148.40493774414062,2286200
2022-11-01,ZTS,151.39999389648438,154.91000366210938,150.3800048828125,152.72000122070312,148.40493774414062,2286200
2022-11-02,ZTS,152.8699951171875,153.2100067138672,147.19000244140625,147.36000061035156,143.1963653564453,2638300
2022-11-02,ZTS,152.8699951171875,153.2100067138672,147.19000244140625,147.36000061035156,143.1963653564453,2638300
2022-11-03,ZTS,134.14999389648438,134.14999389648438,124.1500015258789,131.13999938964844,127.43470001220705,8065500
2022-11-03,ZTS,134.14999389648438,134.14999389648438,124.1500015258789,131.13999938964844,127.43470001220705,8065500
2022-11-04,ZTS,131.83999633789062,133.8300018310547,127.86000061035156,133.6699981689453,129.89317321777344,4314500
2022-11-04,ZTS,131.83999633789062,133.8300018310547,127.86000061035156,133.6699981689453,129.89317321777344,4314500
2022-11-07,ZTS,134.17999267578125,138.64999389648438,133.52999877929688,137.86000061035156,133.96481323242188,3940800
2022-11-07,ZTS,134.17999267578125,138.64999389648438,133.52999877929688,137.86000061035156,133.96481323242188,3940800
2022-11-08,ZTS,137.5399932861328,140.4499969482422,135.25,136.2100067138672,132.36141967773438,2552400
2022-11-08,ZTS,137.5399932861328,140.4499969482422,135.25,136.2100067138672,132.36141967773438,2552400
2022-11-09,ZTS,135.94000244140625,135.94000244140625,132.88999938964844,133.1699981689453,129.4073028564453,3186200
2022-11-09,ZTS,135.94000244140625,135.94000244140625,132.88999938964844,133.1699981689453,129.4073028564453,3186200
2022-11-10,ZTS,138.32000732421875,143.02000427246094,136.75,142.61000061035156,138.58062744140625,4381500
2022-11-10,ZTS,138.32000732421875,143.02000427246094,136.75,142.61000061035156,138.58062744140625,4381500
2022-11-11,ZTS,143.32000732421875,149.27000427246094,142.5,148.5500030517578,144.35276794433594,4129600
2022-11-11,ZTS,143.32000732421875,149.27000427246094,142.5,148.5500030517578,144.35276794433594,4129600
2022-11-14,ZTS,149.0,149.5500030517578,146.3800048828125,146.4499969482422,142.3120880126953,2492800
2022-11-14,ZTS,149.0,149.5500030517578,146.3800048828125,146.4499969482422,142.3120880126953,2492800
2022-11-15,ZTS,149.6999969482422,151.75,148.10000610351562,149.82000732421875,145.58688354492188,2916100
2022-11-15,ZTS,149.6999969482422,151.75,148.10000610351562,149.82000732421875,145.58688354492188,2916100
2022-11-16,ZTS,149.80999755859375,151.4600067138672,147.8300018310547,148.27999877929688,144.0903778076172,2358500
2022-11-16,ZTS,149.80999755859375,151.4600067138672,147.8300018310547,148.27999877929688,144.0903778076172,2358500
2022-11-17,ZTS,146.60000610351562,146.8800048828125,142.72000122070312,143.60000610351562,139.5426483154297,2816800
2022-11-17,ZTS,146.60000610351562,146.8800048828125,142.72000122070312,143.60000610351562,139.5426483154297,2816800
2022-11-18,ZTS,146.1300048828125,146.9199981689453,144.16000366210938,145.63999938964844,141.5249481201172,2410500
2022-11-18,ZTS,146.1300048828125,146.9199981689453,144.16000366210938,145.63999938964844,141.5249481201172,2410500
2022-11-21,ZTS,145.3300018310547,148.1300048828125,143.8300018310547,147.3300018310547,143.167236328125,1998900
2022-11-21,ZTS,145.3300018310547,148.1300048828125,143.8300018310547,147.3300018310547,143.167236328125,1998900
2022-11-22,ZTS,148.08999633789062,149.1999969482422,146.7899932861328,148.6300048828125,144.4304962158203,1628500
2022-11-22,ZTS,148.08999633789062,149.1999969482422,146.7899932861328,148.6300048828125,144.4304962158203,1628500
2022-11-23,ZTS,148.6999969482422,151.1999969482422,148.3800048828125,150.47000122070312,146.21852111816406,1445900
2022-11-23,ZTS,148.6999969482422,151.1999969482422,148.3800048828125,150.47000122070312,146.21852111816406,1445900
2022-11-25,ZTS,150.47000122070312,150.85000610351562,148.64999389648438,150.10000610351562,145.8589630126953,889500
2022-11-25,ZTS,150.47000122070312,150.85000610351562,148.64999389648438,150.10000610351562,145.8589630126953,889500
2022-11-28,ZTS,149.4600067138672,149.97999572753906,147.82000732421875,148.1300048828125,143.94464111328125,1633300
2022-11-28,ZTS,149.4600067138672,149.97999572753906,147.82000732421875,148.1300048828125,143.94464111328125,1633300
2022-11-29,ZTS,147.57000732421875,149.35000610351562,146.42999267578125,147.85000610351562,143.6725616455078,1767100
2022-11-29,ZTS,147.57000732421875,149.35000610351562,146.42999267578125,147.85000610351562,143.6725616455078,1767100
2022-11-30,ZTS,148.08999633789062,154.17999267578125,146.91000366210938,154.13999938964844,149.78482055664062,4194100
2022-11-30,ZTS,148.08999633789062,154.17999267578125,146.91000366210938,154.13999938964844,149.78482055664062,4194100
2022-12-01,ZTS,156.0,157.52999877929688,155.19000244140625,156.63999938964844,152.2141876220703,2367800
2022-12-01,ZTS,156.0,157.52999877929688,155.19000244140625,156.63999938964844,152.2141876220703,2367800
2022-12-02,ZTS,154.11000061035156,157.91000366210938,152.39999389648438,157.4199981689453,152.97215270996094,1946100
2022-12-02,ZTS,154.11000061035156,157.91000366210938,152.39999389648438,157.4199981689453,152.97215270996094,1946100
2022-12-05,ZTS,155.6300048828125,156.6699981689453,154.5800018310547,155.3300018310547,150.94119262695312,2087400
2022-12-05,ZTS,155.6300048828125,156.6699981689453,154.5800018310547,155.3300018310547,150.94119262695312,2087400
2022-12-06,ZTS,154.22000122070312,155.5,152.08999633789062,153.0500030517578,148.7255859375,1964800
2022-12-06,ZTS,154.22000122070312,155.5,152.08999633789062,153.0500030517578,148.7255859375,1964800
2022-12-07,ZTS,152.9600067138672,153.7899932861328,149.3800048828125,150.25,146.00473022460938,2444100
2022-12-07,ZTS,152.9600067138672,153.7899932861328,149.3800048828125,150.25,146.00473022460938,2444100
2022-12-08,ZTS,150.52999877929688,154.35000610351562,149.1999969482422,153.67999267578125,149.3378143310547,2267500
2022-12-08,ZTS,150.52999877929688,154.35000610351562,149.1999969482422,153.67999267578125,149.3378143310547,2267500
2022-12-09,ZTS,153.94000244140625,156.3300018310547,152.74000549316406,153.38999938964844,149.05601501464844,3274900
2022-12-09,ZTS,153.94000244140625,156.3300018310547,152.74000549316406,153.38999938964844,149.05601501464844,3274900
2022-12-12,ZTS,154.07000732421875,154.47000122070312,152.17999267578125,152.86000061035156,148.54098510742188,1851800
2022-12-12,ZTS,154.07000732421875,154.47000122070312,152.17999267578125,152.86000061035156,148.54098510742188,1851800
2022-12-13,ZTS,158.2100067138672,158.47999572753906,152.0800018310547,154.97000122070312,150.59136962890625,3655900
2022-12-13,ZTS,158.2100067138672,158.47999572753906,152.0800018310547,154.97000122070312,150.59136962890625,3655900
2022-12-14,ZTS,153.77000427246094,156.10000610351562,151.22999572753906,151.77999877929688,147.4915008544922,2182000
2022-12-14,ZTS,153.77000427246094,156.10000610351562,151.22999572753906,151.77999877929688,147.4915008544922,2182000
2022-12-15,ZTS,149.50999450683594,151.35000610351562,148.5399932861328,148.7100067138672,144.5082550048828,1947400
2022-12-15,ZTS,149.50999450683594,151.35000610351562,148.5399932861328,148.7100067138672,144.5082550048828,1947400
2022-12-16,ZTS,147.30999755859375,147.57000732421875,143.9199981689453,144.4600067138672,140.37832641601562,5216000
2022-12-16,ZTS,147.30999755859375,147.57000732421875,143.9199981689453,144.4600067138672,140.37832641601562,5216000
2022-12-19,ZTS,143.83999633789062,144.44000244140625,142.00999450683594,143.19000244140625,139.1442108154297,1833700
2022-12-19,ZTS,143.83999633789062,144.44000244140625,142.00999450683594,143.19000244140625,139.1442108154297,1833700
2022-12-20,ZTS,142.7100067138672,143.10000610351562,140.75999450683594,142.47000122070312,138.44451904296875,2045900
2022-12-20,ZTS,142.7100067138672,143.10000610351562,140.75999450683594,142.47000122070312,138.44451904296875,2045900
2022-12-21,ZTS,143.22000122070312,146.14999389648438,142.77999877929688,144.9199981689453,140.8253173828125,1647500
2022-12-21,ZTS,143.22000122070312,146.14999389648438,142.77999877929688,144.9199981689453,140.8253173828125,1647500
2022-12-22,ZTS,143.7100067138672,145.10000610351562,141.85000610351562,145.02999877929688,140.9322052001953,1541800
2022-12-22,ZTS,143.7100067138672,145.10000610351562,141.85000610351562,145.02999877929688,140.9322052001953,1541800
2022-12-23,ZTS,144.50999450683594,145.88999938964844,143.5399932861328,145.75999450683594,141.6415557861328,1017900
2022-12-23,ZTS,144.50999450683594,145.88999938964844,143.5399932861328,145.75999450683594,141.6415557861328,1017900
2022-12-27,ZTS,145.91000366210938,146.14999389648438,143.57000732421875,145.3000030517578,141.19459533691406,957900
2022-12-27,ZTS,145.91000366210938,146.14999389648438,143.57000732421875,145.3000030517578,141.19459533691406,957900
2022-12-28,ZTS,145.17999267578125,146.63999938964844,143.77000427246094,143.8300018310547,139.76614379882812,1443900
2022-12-28,ZTS,145.17999267578125,146.63999938964844,143.77000427246094,143.8300018310547,139.76614379882812,1443900
2022-12-29,ZTS,145.1999969482422,148.50999450683594,145.13999938964844,148.14999389648438,143.96405029296875,1298900
2022-12-29,ZTS,145.1999969482422,148.50999450683594,145.13999938964844,148.14999389648438,143.96405029296875,1298900
2022-12-30,ZTS,147.1999969482422,147.7899932861328,144.74000549316406,146.5500030517578,142.40928649902344,1249500
2022-12-30,ZTS,147.1999969482422,147.7899932861328,144.74000549316406,146.5500030517578,142.40928649902344,1249500
2023-01-03,ZTS,148.66000366210938,148.7899932861328,145.2100067138672,146.85000610351562,142.70079040527344,1840600
2023-01-03,ZTS,148.66000366210938,148.7899932861328,145.2100067138672,146.85000610351562,142.70079040527344,1840600
2023-01-04,ZTS,149.02000427246094,150.80999755859375,147.9600067138672,148.9600067138672,144.75119018554688,1796100
2023-01-04,ZTS,149.02000427246094,150.80999755859375,147.9600067138672,148.9600067138672,144.75119018554688,1796100
2023-01-05,ZTS,147.35000610351562,148.17999267578125,144.27000427246094,145.4499969482422,141.34034729003906,1560900
2023-01-05,ZTS,147.35000610351562,148.17999267578125,144.27000427246094,145.4499969482422,141.34034729003906,1560900
2023-01-06,ZTS,146.58999633789062,148.6199951171875,141.52000427246094,147.63999938964844,143.46847534179688,1761200
2023-01-06,ZTS,146.58999633789062,148.6199951171875,141.52000427246094,147.63999938964844,143.46847534179688,1761200
2023-01-09,ZTS,149.0,149.52000427246094,147.0,147.05999755859375,142.90484619140625,1700500
2023-01-09,ZTS,149.0,149.52000427246094,147.0,147.05999755859375,142.90484619140625,1700500
2023-01-10,ZTS,147.11000061035156,154.69000244140625,147.11000061035156,154.36000061035156,149.9985809326172,2639100
2023-01-10,ZTS,147.11000061035156,154.69000244140625,147.11000061035156,154.36000061035156,149.9985809326172,2639100
2023-01-11,ZTS,156.0,158.55999755859375,154.92999267578125,157.89999389648438,153.4385528564453,3270800
2023-01-11,ZTS,156.0,158.55999755859375,154.92999267578125,157.89999389648438,153.4385528564453,3270800
2023-01-12,ZTS,157.58999633789062,160.4600067138672,156.80999755859375,159.91000366210938,155.39178466796875,2540900
2023-01-12,ZTS,157.58999633789062,160.4600067138672,156.80999755859375,159.91000366210938,155.39178466796875,2540900
2023-01-13,ZTS,158.5800018310547,161.39999389648438,158.3800048828125,160.9199981689453,156.3732147216797,2466800
2023-01-13,ZTS,158.5800018310547,161.39999389648438,158.3800048828125,160.9199981689453,156.3732147216797,2466800
2023-01-17,ZTS,160.69000244140625,162.3800048828125,159.00999450683594,159.57000732421875,155.0614013671875,3349900
2023-01-17,ZTS,160.69000244140625,162.3800048828125,159.00999450683594,159.57000732421875,155.0614013671875,3349900
2023-01-18,ZTS,160.4199981689453,162.33999633789062,159.52000427246094,159.97000122070312,155.45010375976562,2738100
2023-01-18,ZTS,160.4199981689453,162.33999633789062,159.52000427246094,159.97000122070312,155.45010375976562,2738100
2023-01-19,ZTS,159.19000244140625,163.16000366210938,158.7100067138672,161.9499969482422,157.74395751953125,2907700
2023-01-19,ZTS,159.19000244140625,163.16000366210938,158.7100067138672,161.9499969482422,157.74395751953125,2907700
2023-01-20,ZTS,162.8699951171875,164.94000244140625,162.0800018310547,163.80999755859375,159.55560302734375,4856000
2023-01-20,ZTS,162.8699951171875,164.94000244140625,162.0800018310547,163.80999755859375,159.55560302734375,4856000
2023-01-23,ZTS,162.38999938964844,167.5500030517578,161.36000061035156,166.75,162.4192657470703,2724900
2023-01-23,ZTS,162.38999938964844,167.5500030517578,161.36000061035156,166.75,162.4192657470703,2724900
2023-01-24,ZTS,166.8000030517578,169.57000732421875,164.8300018310547,165.88999938964844,161.58157348632812,2361800
2023-01-24,ZTS,166.8000030517578,169.57000732421875,164.8300018310547,165.88999938964844,161.58157348632812,2361800
2023-01-25,ZTS,165.44000244140625,166.72000122070312,163.77999877929688,165.50999450683594,161.2114715576172,1804400
2023-01-25,ZTS,165.44000244140625,166.72000122070312,163.77999877929688,165.50999450683594,161.2114715576172,1804400
2023-01-26,ZTS,166.8699951171875,168.3000030517578,166.1199951171875,168.24000549316406,163.87059020996094,1530700
2023-01-26,ZTS,166.8699951171875,168.3000030517578,166.1199951171875,168.24000549316406,163.87059020996094,1530700
2023-01-27,ZTS,166.97999572753906,167.69000244140625,164.5,165.17999267578125,160.89002990722656,1831700
2023-01-27,ZTS,166.97999572753906,167.69000244140625,164.5,165.17999267578125,160.89002990722656,1831700
2023-01-30,ZTS,164.0,165.6300048828125,163.82000732421875,164.6999969482422,160.42251586914062,1950600
2023-01-30,ZTS,164.0,165.6300048828125,163.82000732421875,164.6999969482422,160.42251586914062,1950600
2023-01-31,ZTS,164.5,165.7100067138672,162.6199951171875,165.49000549316406,161.19200134277344,2692000
2023-01-31,ZTS,164.5,165.7100067138672,162.6199951171875,165.49000549316406,161.19200134277344,2692000
2023-02-01,ZTS,165.4499969482422,168.75,164.47999572753906,167.80999755859375,163.4517364501953,2878400
2023-02-01,ZTS,165.4499969482422,168.75,164.47999572753906,167.80999755859375,163.4517364501953,2878400
2023-02-02,ZTS,167.27000427246094,171.25999450683594,166.7100067138672,171.0,166.55886840820312,2620200
2023-02-02,ZTS,167.27000427246094,171.25999450683594,166.7100067138672,171.0,166.55886840820312,2620200
2023-02-03,ZTS,168.75999450683594,169.4199981689453,166.44000244140625,167.8000030517578,163.44198608398438,1994400
2023-02-03,ZTS,168.75999450683594,169.4199981689453,166.44000244140625,167.8000030517578,163.44198608398438,1994400
2023-02-06,ZTS,166.36000061035156,166.3699951171875,164.07000732421875,164.92999267578125,160.64654541015625,1929600
2023-02-06,ZTS,166.36000061035156,166.3699951171875,164.07000732421875,164.92999267578125,160.64654541015625,1929600
2023-02-07,ZTS,163.57000732421875,166.30999755859375,162.77000427246094,165.57000732421875,161.26991271972656,1755200
2023-02-07,ZTS,163.57000732421875,166.30999755859375,162.77000427246094,165.57000732421875,161.26991271972656,1755200
2023-02-08,ZTS,164.8000030517578,165.0,161.22000122070312,162.07000732421875,157.86082458496094,2031900
2023-02-08,ZTS,164.8000030517578,165.0,161.22000122070312,162.07000732421875,157.86082458496094,2031900
2023-02-09,ZTS,163.1699981689453,164.72000122070312,160.5399932861328,160.80999755859375,156.633544921875,1868400
2023-02-09,ZTS,163.1699981689453,164.72000122070312,160.5399932861328,160.80999755859375,156.633544921875,1868400
2023-02-10,ZTS,159.80999755859375,160.2899932861328,157.8699951171875,158.3300018310547,154.2179718017578,2338200
2023-02-10,ZTS,159.80999755859375,160.2899932861328,157.8699951171875,158.3300018310547,154.2179718017578,2338200
2023-02-13,ZTS,158.13999938964844,163.30999755859375,158.0800018310547,163.13999938964844,158.9030303955078,2349200
2023-02-13,ZTS,158.13999938964844,163.30999755859375,158.0800018310547,163.13999938964844,158.9030303955078,2349200
2023-02-14,ZTS,173.44000244140625,176.66000366210938,168.94000244140625,171.89999389648438,167.43551635742188,3532400
2023-02-14,ZTS,173.44000244140625,176.66000366210938,168.94000244140625,171.89999389648438,167.43551635742188,3532400
2023-02-15,ZTS,171.89999389648438,175.27000427246094,170.75,175.02000427246094,170.4744873046875,2510800
2023-02-15,ZTS,171.89999389648438,175.27000427246094,170.75,175.02000427246094,170.4744873046875,2510800
2023-02-16,ZTS,173.6300048828125,176.47999572753906,172.5,173.92999267578125,169.41281127929688,1951100
2023-02-16,ZTS,173.6300048828125,176.47999572753906,172.5,173.92999267578125,169.41281127929688,1951100
2023-02-17,ZTS,172.14999389648438,173.2899932861328,170.25999450683594,172.02999877929688,167.5621337890625,1954500
2023-02-17,ZTS,172.14999389648438,173.2899932861328,170.25999450683594,172.02999877929688,167.5621337890625,1954500
2023-02-21,ZTS,171.52999877929688,172.0800018310547,168.66000366210938,169.83999633789062,165.4290008544922,1791300
2023-02-21,ZTS,171.52999877929688,172.0800018310547,168.66000366210938,169.83999633789062,165.4290008544922,1791300
2023-02-22,ZTS,168.39999389648438,169.11000061035156,165.8699951171875,166.42999267578125,162.10757446289062,2103800
2023-02-22,ZTS,168.39999389648438,169.11000061035156,165.8699951171875,166.42999267578125,162.10757446289062,2103800
2023-02-23,ZTS,167.3800048828125,169.72999572753906,166.1699981689453,169.5,165.09783935546875,1769000
2023-02-23,ZTS,167.3800048828125,169.72999572753906,166.1699981689453,169.5,165.09783935546875,1769000
2023-02-24,ZTS,167.0,168.07000732421875,163.91000366210938,166.3300018310547,162.0101776123047,1843200
2023-02-24,ZTS,167.0,168.07000732421875,163.91000366210938,166.3300018310547,162.0101776123047,1843200
2023-02-27,ZTS,168.0,168.41000366210938,164.99000549316406,165.47000122070312,161.17250061035156,1183700
2023-02-27,ZTS,168.0,168.41000366210938,164.99000549316406,165.47000122070312,161.17250061035156,1183700
2023-02-28,ZTS,165.1999969482422,168.5500030517578,165.0399932861328,167.0,162.66278076171875,2935200
2023-02-28,ZTS,165.1999969482422,168.5500030517578,165.0399932861328,167.0,162.66278076171875,2935200
2023-03-01,ZTS,165.9600067138672,167.94000244140625,165.9600067138672,167.57000732421875,163.21798706054688,1594200
2023-03-01,ZTS,165.9600067138672,167.94000244140625,165.9600067138672,167.57000732421875,163.21798706054688,1594200
2023-03-02,ZTS,166.4199981689453,169.32000732421875,166.07000732421875,168.5800018310547,164.2017364501953,1606700
2023-03-02,ZTS,166.4199981689453,169.32000732421875,166.07000732421875,168.5800018310547,164.2017364501953,1606700
2023-03-03,ZTS,170.41000366210938,170.7100067138672,168.1300048828125,170.55999755859375,166.13031005859375,1663200
2023-03-03,ZTS,170.41000366210938,170.7100067138672,168.1300048828125,170.55999755859375,166.13031005859375,1663200
2023-03-06,ZTS,170.8000030517578,171.97999572753906,169.6199951171875,169.6699981689453,165.2634735107422,1489500
2023-03-06,ZTS,170.8000030517578,171.97999572753906,169.6199951171875,169.6699981689453,165.2634735107422,1489500
2023-03-07,ZTS,169.60000610351562,170.91000366210938,166.8300018310547,167.02999877929688,162.69198608398438,1287600
2023-03-07,ZTS,169.60000610351562,170.91000366210938,166.8300018310547,167.02999877929688,162.69198608398438,1287600
2023-03-08,ZTS,166.8000030517578,169.1300048828125,166.6999969482422,168.63999938964844,164.26019287109375,960100
2023-03-08,ZTS,166.8000030517578,169.1300048828125,166.6999969482422,168.63999938964844,164.26019287109375,960100
2023-03-09,ZTS,168.88999938964844,170.44000244140625,167.1300048828125,167.49000549316406,163.1400604248047,1527500
2023-03-09,ZTS,168.88999938964844,170.44000244140625,167.1300048828125,167.49000549316406,163.1400604248047,1527500
2023-03-10,ZTS,163.0,163.36000061035156,160.07000732421875,161.52999877929688,157.33485412597656,3326400
2023-03-10,ZTS,163.0,163.36000061035156,160.07000732421875,161.52999877929688,157.33485412597656,3326400
2023-03-13,ZTS,161.99000549316406,164.88999938964844,159.85000610351562,163.41000366210938,159.16603088378906,2772100
2023-03-13,ZTS,161.99000549316406,164.88999938964844,159.85000610351562,163.41000366210938,159.16603088378906,2772100
2023-03-14,ZTS,165.9600067138672,166.86000061035156,162.47000122070312,164.55999755859375,160.28614807128906,1911300
2023-03-14,ZTS,165.9600067138672,166.86000061035156,162.47000122070312,164.55999755859375,160.28614807128906,1911300
2023-03-15,ZTS,162.0,163.67999267578125,160.1199951171875,163.57000732421875,159.3218536376953,1824100
2023-03-15,ZTS,162.0,163.67999267578125,160.1199951171875,163.57000732421875,159.3218536376953,1824100
2023-03-16,ZTS,162.50999450683594,166.83999633789062,162.25,166.30999755859375,161.9906768798828,2040500
2023-03-16,ZTS,162.50999450683594,166.83999633789062,162.25,166.30999755859375,161.9906768798828,2040500
2023-03-17,ZTS,167.2899932861328,168.38999938964844,163.64999389648438,164.47000122070312,160.198486328125,3605100
2023-03-17,ZTS,167.2899932861328,168.38999938964844,163.64999389648438,164.47000122070312,160.198486328125,3605100
2023-03-20,ZTS,164.0,165.9499969482422,163.6999969482422,165.82000732421875,161.51341247558594,2145800
2023-03-20,ZTS,164.0,165.9499969482422,163.6999969482422,165.82000732421875,161.51341247558594,2145800
2023-03-21,ZTS,166.64999389648438,166.99000549316406,165.13999938964844,166.24000549316406,161.92254638671875,2453500
2023-03-21,ZTS,166.64999389648438,166.99000549316406,165.13999938964844,166.24000549316406,161.92254638671875,2453500
2023-03-22,ZTS,165.38999938964844,165.94000244140625,161.32000732421875,161.3800048828125,157.18873596191406,1475600
2023-03-22,ZTS,165.38999938964844,165.94000244140625,161.32000732421875,161.3800048828125,157.18873596191406,1475600
2023-03-23,ZTS,162.0,165.4499969482422,159.38999938964844,161.24000549316406,157.05238342285156,3560800
2023-03-23,ZTS,162.0,165.4499969482422,159.38999938964844,161.24000549316406,157.05238342285156,3560800
2023-03-24,ZTS,161.0,164.94000244140625,159.97000122070312,164.17999267578125,159.91600036621094,1864900
2023-03-24,ZTS,161.0,164.94000244140625,159.97000122070312,164.17999267578125,159.91600036621094,1864900
2023-03-27,ZTS,166.0500030517578,166.8000030517578,164.30999755859375,165.7100067138672,161.4062957763672,1273500
2023-03-27,ZTS,166.0500030517578,166.8000030517578,164.30999755859375,165.7100067138672,161.4062957763672,1273500
2023-03-28,ZTS,165.57000732421875,166.0,164.0399932861328,165.0399932861328,160.753662109375,1098300
2023-03-28,ZTS,165.57000732421875,166.0,164.0399932861328,165.0399932861328,160.753662109375,1098300
2023-03-29,ZTS,166.57000732421875,166.8000030517578,161.27999877929688,162.66000366210938,158.43548583984375,2512200
2023-03-29,ZTS,166.57000732421875,166.8000030517578,161.27999877929688,162.66000366210938,158.43548583984375,2512200
2023-03-30,ZTS,163.8300018310547,164.64999389648438,163.17999267578125,164.14999389648438,159.8867950439453,1318400
2023-03-30,ZTS,163.8300018310547,164.64999389648438,163.17999267578125,164.14999389648438,159.8867950439453,1318400
2023-03-31,ZTS,165.10000610351562,166.49000549316406,164.02999877929688,166.44000244140625,162.11729431152344,1705000
2023-03-31,ZTS,165.10000610351562,166.49000549316406,164.02999877929688,166.44000244140625,162.11729431152344,1705000
2023-04-03,ZTS,166.7899932861328,167.9199981689453,164.1999969482422,167.66000366210938,163.3056182861328,1926200
2023-04-03,ZTS,166.7899932861328,167.9199981689453,164.1999969482422,167.66000366210938,163.3056182861328,1926200
2023-04-04,ZTS,167.38999938964844,169.42999267578125,166.49000549316406,167.07000732421875,162.73098754882812,1737900
2023-04-04,ZTS,167.38999938964844,169.42999267578125,166.49000549316406,167.07000732421875,162.73098754882812,1737900
2023-04-05,ZTS,167.0,168.61000061035156,166.3000030517578,167.64999389648438,163.2958984375,1216200
2023-04-05,ZTS,167.0,168.61000061035156,166.3000030517578,167.64999389648438,163.2958984375,1216200
2023-04-06,ZTS,168.27000427246094,169.00999450683594,166.3699951171875,168.94000244140625,164.5523681640625,1594900
2023-04-06,ZTS,168.27000427246094,169.00999450683594,166.3699951171875,168.94000244140625,164.5523681640625,1594900
2023-04-10,ZTS,167.89999389648438,171.22000122070312,166.74000549316406,170.8699951171875,166.4322509765625,1686100
2023-04-10,ZTS,167.89999389648438,171.22000122070312,166.74000549316406,170.8699951171875,166.4322509765625,1686100
2023-04-11,ZTS,171.5500030517578,172.42999267578125,170.8300018310547,171.2100067138672,166.76345825195312,1197900
2023-04-11,ZTS,171.5500030517578,172.42999267578125,170.8300018310547,171.2100067138672,166.76345825195312,1197900
2023-04-12,ZTS,172.91000366210938,174.7899932861328,171.16000366210938,171.4499969482422,166.99720764160156,1852200
2023-04-12,ZTS,172.91000366210938,174.7899932861328,171.16000366210938,171.4499969482422,166.99720764160156,1852200
2023-04-13,ZTS,172.5,174.00999450683594,170.92999267578125,173.5399932861328,169.03289794921875,1324900
2023-04-13,ZTS,172.5,174.00999450683594,170.92999267578125,173.5399932861328,169.03289794921875,1324900
2023-04-14,ZTS,172.86000061035156,174.66000366210938,172.61000061035156,174.60000610351562,170.06539916992188,1193700
2023-04-14,ZTS,172.86000061035156,174.66000366210938,172.61000061035156,174.60000610351562,170.06539916992188,1193700
2023-04-17,ZTS,174.00999450683594,174.80999755859375,172.30999755859375,174.6199951171875,170.08485412597656,1285100
2023-04-17,ZTS,174.00999450683594,174.80999755859375,172.30999755859375,174.6199951171875,170.08485412597656,1285100
2023-04-18,ZTS,175.94000244140625,175.94000244140625,172.85000610351562,174.4499969482422,169.9192657470703,1396100
2023-04-18,ZTS,175.94000244140625,175.94000244140625,172.85000610351562,174.4499969482422,169.9192657470703,1396100
2023-04-19,ZTS,174.02999877929688,175.9499969482422,173.92999267578125,174.97999572753906,170.43551635742188,1241800
2023-04-19,ZTS,174.02999877929688,175.9499969482422,173.92999267578125,174.97999572753906,170.43551635742188,1241800
2023-04-20,ZTS,174.00999450683594,175.00999450683594,172.38999938964844,174.39999389648438,170.23538208007812,1297800
2023-04-20,ZTS,174.00999450683594,175.00999450683594,172.38999938964844,174.39999389648438,170.23538208007812,1297800
2023-04-21,ZTS,175.75999450683594,177.25999450683594,174.9199981689453,176.8800048828125,172.65618896484375,1177400
2023-04-21,ZTS,175.75999450683594,177.25999450683594,174.9199981689453,176.8800048828125,172.65618896484375,1177400
2023-04-24,ZTS,176.99000549316406,177.44000244140625,175.72000122070312,176.35000610351562,172.1388702392578,1117700
2023-04-24,ZTS,176.99000549316406,177.44000244140625,175.72000122070312,176.35000610351562,172.1388702392578,1117700
2023-04-25,ZTS,175.85000610351562,176.27000427246094,172.75,173.02000427246094,168.88833618164062,1151200
2023-04-25,ZTS,175.85000610351562,176.27000427246094,172.75,173.02000427246094,168.88833618164062,1151200
2023-04-26,ZTS,172.3699951171875,173.47999572753906,171.5,172.94000244140625,168.810302734375,1205200
2023-04-26,ZTS,172.3699951171875,173.47999572753906,171.5,172.94000244140625,168.810302734375,1205200
2023-04-27,ZTS,173.8699951171875,174.1300048828125,171.16000366210938,173.9499969482422,169.79615783691406,1682900
2023-04-27,ZTS,173.8699951171875,174.1300048828125,171.16000366210938,173.9499969482422,169.79615783691406,1682900
2023-04-28,ZTS,174.22999572753906,177.0399932861328,174.05999755859375,175.77999877929688,171.58245849609375,1606700
2023-04-28,ZTS,174.22999572753906,177.0399932861328,174.05999755859375,175.77999877929688,171.58245849609375,1606700
2023-05-01,ZTS,175.72000122070312,179.94000244140625,175.5399932861328,179.55999755859375,175.27218627929688,1689900
2023-05-01,ZTS,175.72000122070312,179.94000244140625,175.5399932861328,179.55999755859375,175.27218627929688,1689900
2023-05-02,ZTS,179.47999572753906,179.88999938964844,176.10000610351562,176.89999389648438,172.67572021484375,2620300
2023-05-02,ZTS,179.47999572753906,179.88999938964844,176.10000610351562,176.89999389648438,172.67572021484375,2620300
2023-05-03,ZTS,178.99000549316406,180.5800018310547,177.2899932861328,177.72999572753906,173.48590087890625,2513900
2023-05-03,ZTS,178.99000549316406,180.5800018310547,177.2899932861328,177.72999572753906,173.48590087890625,2513900
2023-05-04,ZTS,168.0,182.75999450683597,167.52999877929688,178.47000122070312,174.20823669433594,3592200
2023-05-04,ZTS,168.0,182.75999450683597,167.52999877929688,178.47000122070312,174.20823669433594,3592200
2023-05-05,ZTS,180.0,187.82000732421875,176.91000366210938,186.22999572753903,181.7829132080078,4224400
2023-05-05,ZTS,180.0,187.82000732421875,176.91000366210938,186.22999572753903,181.7829132080078,4224400
2023-05-08,ZTS,186.30999755859372,187.0500030517578,183.5,184.8699951171875,180.45538330078125,1976100
2023-05-08,ZTS,186.30999755859372,187.0500030517578,183.5,184.8699951171875,180.45538330078125,1976100
2023-05-09,ZTS,183.63999938964844,185.3000030517578,183.3699951171875,184.3699951171875,179.9673309326172,1904200
2023-05-09,ZTS,183.63999938964844,185.3000030517578,183.3699951171875,184.3699951171875,179.9673309326172,1904200
2023-05-10,ZTS,186.0,186.4900054931641,183.3500061035156,185.13999938964844,180.7189483642578,1610500
2023-05-10,ZTS,186.0,186.4900054931641,183.3500061035156,185.13999938964844,180.7189483642578,1610500
2023-05-11,ZTS,185.83999633789065,186.27999877929688,183.1999969482422,185.1199951171875,180.69943237304688,1539100
2023-05-11,ZTS,185.83999633789065,186.27999877929688,183.1999969482422,185.1199951171875,180.69943237304688,1539100
2023-05-12,ZTS,184.3800048828125,184.6300048828125,181.7899932861328,183.6199951171875,179.23524475097656,1267700
2023-05-12,ZTS,184.3800048828125,184.6300048828125,181.7899932861328,183.6199951171875,179.23524475097656,1267700
2023-05-15,ZTS,183.6000061035156,184.32000732421875,182.72000122070312,183.8500061035156,179.45977783203125,1060600
2023-05-15,ZTS,183.6000061035156,184.32000732421875,182.72000122070312,183.8500061035156,179.45977783203125,1060600
2023-05-16,ZTS,182.8699951171875,183.6199951171875,180.83999633789065,181.4499969482422,177.11708068847656,1175300
2023-05-16,ZTS,182.8699951171875,183.6199951171875,180.83999633789065,181.4499969482422,177.11708068847656,1175300
2023-05-17,ZTS,182.3500061035156,182.42999267578125,177.72000122070312,178.94000244140625,174.66700744628906,1714500
2023-05-17,ZTS,182.3500061035156,182.42999267578125,177.72000122070312,178.94000244140625,174.66700744628906,1714500
2023-05-18,ZTS,178.9199981689453,180.1699981689453,175.86000061035156,179.72000122070312,175.4283905029297,1836600
2023-05-18,ZTS,178.9199981689453,180.1699981689453,175.86000061035156,179.72000122070312,175.4283905029297,1836600
2023-05-19,ZTS,180.8300018310547,182.13999938964844,179.19000244140625,179.5500030517578,175.26243591308594,1755200
2023-05-19,ZTS,180.8300018310547,182.13999938964844,179.19000244140625,179.5500030517578,175.26243591308594,1755200
2023-05-22,ZTS,178.86000061035156,181.4199981689453,178.25999450683594,179.52000427246094,175.23316955566406,1911400
2023-05-22,ZTS,178.86000061035156,181.4199981689453,178.25999450683594,179.52000427246094,175.23316955566406,1911400
2023-05-23,ZTS,177.8800048828125,177.97999572753906,171.39999389648438,172.6699981689453,168.54672241210938,2301700
2023-05-23,ZTS,177.8800048828125,177.97999572753906,171.39999389648438,172.6699981689453,168.54672241210938,2301700
2023-05-24,ZTS,171.13999938964844,171.38999938964844,168.52000427246094,169.13999938964844,165.1010284423828,2437900
2023-05-24,ZTS,171.13999938964844,171.38999938964844,168.52000427246094,169.13999938964844,165.1010284423828,2437900
2023-05-25,ZTS,169.6300048828125,169.97000122070312,163.57000732421875,165.24000549316406,161.2941436767578,3626300
2023-05-25,ZTS,169.6300048828125,169.97000122070312,163.57000732421875,165.24000549316406,161.2941436767578,3626300
2023-05-26,ZTS,165.66000366210938,166.6300048828125,164.35000610351562,164.74000549316406,160.8060760498047,1909400
2023-05-26,ZTS,165.66000366210938,166.6300048828125,164.35000610351562,164.74000549316406,160.8060760498047,1909400
2023-05-30,ZTS,164.16000366210938,165.4499969482422,160.58999633789062,160.94000244140625,157.09683227539062,2185000
2023-05-30,ZTS,164.16000366210938,165.4499969482422,160.58999633789062,160.94000244140625,157.09683227539062,2185000
2023-05-31,ZTS,161.0,163.32000732421875,158.64999389648438,163.00999450683594,159.11740112304688,5471200
2023-05-31,ZTS,161.0,163.32000732421875,158.64999389648438,163.00999450683594,159.11740112304688,5471200
2023-06-01,ZTS,162.89999389648438,166.19000244140625,161.61000061035156,166.0,162.0360107421875,2136100
2023-06-01,ZTS,162.89999389648438,166.19000244140625,161.61000061035156,166.0,162.0360107421875,2136100
2023-06-02,ZTS,166.9600067138672,172.47000122070312,166.50999450683594,171.8800048828125,167.77561950683594,3056300
2023-06-02,ZTS,166.9600067138672,172.47000122070312,166.50999450683594,171.8800048828125,167.77561950683594,3056300
2023-06-05,ZTS,172.4600067138672,172.66000366210938,170.00999450683594,171.1199951171875,167.0337371826172,1500200
2023-06-05,ZTS,172.4600067138672,172.66000366210938,170.00999450683594,171.1199951171875,167.0337371826172,1500200
2023-06-06,ZTS,171.7899932861328,171.9600067138672,168.3300018310547,170.13999938964844,166.07713317871094,1802900
2023-06-06,ZTS,171.7899932861328,171.9600067138672,168.3300018310547,170.13999938964844,166.07713317871094,1802900
2023-06-07,ZTS,170.13999938964844,170.13999938964844,162.83999633789062,163.5800018310547,159.6737823486328,3195100
2023-06-07,ZTS,170.13999938964844,170.13999938964844,162.83999633789062,163.5800018310547,159.6737823486328,3195100
2023-06-08,ZTS,162.9600067138672,164.8699951171875,162.3800048828125,164.3000030517578,160.37660217285156,1984000
2023-06-08,ZTS,162.9600067138672,164.8699951171875,162.3800048828125,164.3000030517578,160.37660217285156,1984000
2023-06-09,ZTS,163.72999572753906,164.22999572753906,162.9499969482422,163.08999633789062,159.1955108642578,1346600
2023-06-09,ZTS,163.72999572753906,164.22999572753906,162.9499969482422,163.08999633789062,159.1955108642578,1346600
2023-06-12,ZTS,163.83999633789062,165.61000061035156,162.75999450683594,165.5500030517578,161.59674072265625,1423000
2023-06-12,ZTS,163.83999633789062,165.61000061035156,162.75999450683594,165.5500030517578,161.59674072265625,1423000
2023-06-13,ZTS,165.6199951171875,167.27000427246094,165.5500030517578,166.00999450683594,162.04576110839844,1867700
2023-06-13,ZTS,165.6199951171875,167.27000427246094,165.5500030517578,166.00999450683594,162.04576110839844,1867700
2023-06-14,ZTS,167.0800018310547,167.4199981689453,165.1300048828125,165.64999389648438,161.69436645507812,1645400
2023-06-14,ZTS,167.0800018310547,167.4199981689453,165.1300048828125,165.64999389648438,161.69436645507812,1645400
2023-06-15,ZTS,165.6999969482422,172.14999389648438,165.41000366210938,171.42999267578125,167.33631896972656,1836000
2023-06-15,ZTS,165.6999969482422,172.14999389648438,165.41000366210938,171.42999267578125,167.33631896972656,1836000
2023-06-16,ZTS,172.22999572753906,172.97000122070312,170.27000427246094,170.74000549316406,166.66282653808594,3287700
2023-06-16,ZTS,172.22999572753906,172.97000122070312,170.27000427246094,170.74000549316406,166.66282653808594,3287700
2023-06-20,ZTS,168.52000427246094,169.91000366210938,166.88999938964844,168.91000366210938,164.8765411376953,2844000
2023-06-20,ZTS,168.52000427246094,169.91000366210938,166.88999938964844,168.91000366210938,164.8765411376953,2844000
2023-06-21,ZTS,168.08999633789062,170.42999267578125,167.74000549316406,169.8800048828125,165.8233642578125,2318200
2023-06-21,ZTS,168.08999633789062,170.42999267578125,167.74000549316406,169.8800048828125,165.8233642578125,2318200
2023-06-22,ZTS,170.64999389648438,171.14999389648438,169.4499969482422,170.16000366210938,166.09664916992188,1679400
2023-06-22,ZTS,170.64999389648438,171.14999389648438,169.4499969482422,170.16000366210938,166.09664916992188,1679400
2023-06-23,ZTS,169.10000610351562,169.67999267578125,167.19000244140625,168.3699951171875,164.34939575195312,2412100
2023-06-23,ZTS,169.10000610351562,169.67999267578125,167.19000244140625,168.3699951171875,164.34939575195312,2412100
2023-06-26,ZTS,167.91000366210938,168.3699951171875,164.5500030517578,167.5399932861328,163.53919982910156,1729200
2023-06-26,ZTS,167.91000366210938,168.3699951171875,164.5500030517578,167.5399932861328,163.53919982910156,1729200
2023-06-27,ZTS,168.8000030517578,171.08999633789062,167.14999389648438,170.6699981689453,166.594482421875,1452300
2023-06-27,ZTS,168.8000030517578,171.08999633789062,167.14999389648438,170.6699981689453,166.594482421875,1452300
2023-06-28,ZTS,170.38999938964844,170.8000030517578,168.75,169.10000610351562,165.06199645996094,1686800
2023-06-28,ZTS,170.38999938964844,170.8000030517578,168.75,169.10000610351562,165.06199645996094,1686800
2023-06-29,ZTS,168.64999389648438,171.91000366210938,168.1999969482422,171.8699951171875,167.76580810546875,1429000
2023-06-29,ZTS,168.64999389648438,171.91000366210938,168.1999969482422,171.8699951171875,167.76580810546875,1429000
2023-06-30,ZTS,173.2899932861328,174.67999267578125,171.6699981689453,172.2100067138672,168.0977020263672,2061100
2023-06-30,ZTS,173.2899932861328,174.67999267578125,171.6699981689453,172.2100067138672,168.0977020263672,2061100
2023-07-03,ZTS,170.52999877929688,170.6999969482422,168.6999969482422,170.22999572753906,166.16497802734375,742900
2023-07-03,ZTS,170.52999877929688,170.6999969482422,168.6999969482422,170.22999572753906,166.16497802734375,742900
2023-07-05,ZTS,169.1999969482422,169.72000122070312,167.47000122070312,169.35000610351562,165.30601501464844,1702400
2023-07-05,ZTS,169.1999969482422,169.72000122070312,167.47000122070312,169.35000610351562,165.30601501464844,1702400
2023-07-06,ZTS,167.6300048828125,169.72999572753906,167.0800018310547,168.47000122070312,164.44703674316406,1564300
2023-07-06,ZTS,167.6300048828125,169.72999572753906,167.0800018310547,168.47000122070312,164.44703674316406,1564300
2023-07-07,ZTS,168.22999572753906,168.63999938964844,166.0,167.13999938964844,163.14878845214844,1315400
2023-07-07,ZTS,168.22999572753906,168.63999938964844,166.0,167.13999938964844,163.14878845214844,1315400
2023-07-10,ZTS,166.7899932861328,170.52999877929688,166.39999389648438,170.22000122070312,166.15524291992188,1280100
2023-07-10,ZTS,166.7899932861328,170.52999877929688,166.39999389648438,170.22000122070312,166.15524291992188,1280100
2023-07-11,ZTS,170.5399932861328,171.4600067138672,169.4600067138672,170.13999938964844,166.07713317871094,1081300
2023-07-11,ZTS,170.5399932861328,171.4600067138672,169.4600067138672,170.13999938964844,166.07713317871094,1081300
2023-07-12,ZTS,171.9499969482422,173.08999633789062,170.50999450683594,171.86000061035156,167.75608825683594,1471800
2023-07-12,ZTS,171.9499969482422,173.08999633789062,170.50999450683594,171.86000061035156,167.75608825683594,1471800
2023-07-13,ZTS,172.41000366210938,172.97000122070312,170.94000244140625,171.0,166.91659545898438,1001500
2023-07-13,ZTS,172.41000366210938,172.97000122070312,170.94000244140625,171.0,166.91659545898438,1001500
2023-07-14,ZTS,171.66000366210938,173.3699951171875,171.1199951171875,172.19000244140625,168.07818603515625,2455900
2023-07-14,ZTS,171.66000366210938,173.3699951171875,171.1199951171875,172.19000244140625,168.07818603515625,2455900
2023-07-17,ZTS,172.52000427246094,172.52000427246094,169.67999267578125,170.72999572753906,166.65304565429688,1639400
2023-07-17,ZTS,172.52000427246094,172.52000427246094,169.67999267578125,170.72999572753906,166.65304565429688,1639400
2023-07-18,ZTS,170.4600067138672,171.49000549316406,169.13999938964844,171.0800018310547,166.99468994140625,1032000
2023-07-18,ZTS,170.4600067138672,171.49000549316406,169.13999938964844,171.0800018310547,166.99468994140625,1032000
2023-07-19,ZTS,172.0,173.07000732421875,170.66000366210938,170.88999938964844,166.80923461914062,1844100
2023-07-19,ZTS,172.0,173.07000732421875,170.66000366210938,170.88999938964844,166.80923461914062,1844100
2023-07-20,ZTS,170.8800048828125,172.30999755859375,170.00999450683594,171.61000061035156,167.88043212890625,2910800
2023-07-20,ZTS,170.8800048828125,172.30999755859375,170.00999450683594,171.61000061035156,167.88043212890625,2910800
2023-07-21,ZTS,172.52999877929688,184.8500061035156,172.52999877929688,183.50999450683597,179.52178955078125,4346600
2023-07-21,ZTS,172.52999877929688,184.8500061035156,172.52999877929688,183.50999450683597,179.52178955078125,4346600
2023-07-24,ZTS,183.1999969482422,186.17999267578125,182.3000030517578,185.5800018310547,181.5468292236328,2950200
2023-07-24,ZTS,183.1999969482422,186.17999267578125,182.3000030517578,185.5800018310547,181.5468292236328,2950200
2023-07-25,ZTS,184.5,193.27999877929688,184.33999633789065,190.1499938964844,186.01751708984372,3952800
2023-07-25,ZTS,184.5,193.27999877929688,184.33999633789065,190.1499938964844,186.01751708984372,3952800
2023-07-26,ZTS,189.38999938964844,192.88999938964844,188.1699981689453,192.0,187.8273162841797,2922500
2023-07-26,ZTS,189.38999938964844,192.88999938964844,188.1699981689453,192.0,187.8273162841797,2922500
2023-07-27,ZTS,192.8000030517578,194.9900054931641,188.47999572753903,188.69000244140625,184.5892333984375,2173400
2023-07-27,ZTS,192.8000030517578,194.9900054931641,188.47999572753903,188.69000244140625,184.5892333984375,2173400
2023-07-28,ZTS,190.5,191.27999877929688,187.8600006103516,189.8999938964844,185.77294921875,1899800
2023-07-28,ZTS,190.5,191.27999877929688,187.8600006103516,189.8999938964844,185.77294921875,1899800
2023-07-31,ZTS,189.17999267578125,190.08999633789065,186.44000244140625,188.08999633789065,184.00228881835935,1500800
2023-07-31,ZTS,189.17999267578125,190.08999633789065,186.44000244140625,188.08999633789065,184.00228881835935,1500800
2023-08-01,ZTS,187.4600067138672,188.7700042724609,184.7899932861328,185.50999450683597,181.4783477783203,1535300
2023-08-01,ZTS,187.4600067138672,188.7700042724609,184.7899932861328,185.50999450683597,181.4783477783203,1535300
2023-08-02,ZTS,184.22999572753903,185.8699951171875,181.66000366210935,182.0,178.04466247558594,2284800
2023-08-02,ZTS,184.22999572753903,185.8699951171875,181.66000366210935,182.0,178.04466247558594,2284800
2023-08-03,ZTS,180.6100006103516,183.25999450683597,179.75999450683594,180.8800048828125,176.94898986816406,1688000
2023-08-03,ZTS,180.6100006103516,183.25999450683597,179.75999450683594,180.8800048828125,176.94898986816406,1688000
2023-08-04,ZTS,180.13999938964844,182.4600067138672,178.33999633789062,178.6300048828125,174.7478790283203,1827500
2023-08-04,ZTS,180.13999938964844,182.4600067138672,178.33999633789062,178.6300048828125,174.7478790283203,1827500
2023-08-07,ZTS,180.19000244140625,181.8800048828125,180.02999877929688,180.69000244140625,176.76309204101562,1941700
2023-08-07,ZTS,180.19000244140625,181.8800048828125,180.02999877929688,180.69000244140625,176.76309204101562,1941700
2023-08-08,ZTS,182.1499938964844,190.5399932861328,177.25,189.3000030517578,185.1859893798828,4118000
2023-08-08,ZTS,182.1499938964844,190.5399932861328,177.25,189.3000030517578,185.1859893798828,4118000
2023-08-09,ZTS,189.94000244140625,190.9499969482422,186.97000122070312,189.3500061035156,185.23489379882807,2270000
2023-08-09,ZTS,189.94000244140625,190.9499969482422,186.97000122070312,189.3500061035156,185.23489379882807,2270000
2023-08-10,ZTS,190.0,191.8300018310547,187.72999572753903,189.1000061035156,184.99034118652344,2348500
2023-08-10,ZTS,190.0,191.8300018310547,187.72999572753903,189.1000061035156,184.99034118652344,2348500
2023-08-11,ZTS,188.47999572753903,191.6000061035156,188.17999267578125,190.8300018310547,186.6827392578125,1742900
2023-08-11,ZTS,188.47999572753903,191.6000061035156,188.17999267578125,190.8300018310547,186.6827392578125,1742900
2023-08-14,ZTS,190.2100067138672,192.5200042724609,188.82000732421875,189.6499938964844,185.5283966064453,1352400
2023-08-14,ZTS,190.2100067138672,192.5200042724609,188.82000732421875,189.6499938964844,185.5283966064453,1352400
2023-08-15,ZTS,189.1499938964844,190.7700042724609,188.5200042724609,189.1499938964844,185.0392303466797,1001200
2023-08-15,ZTS,189.1499938964844,190.7700042724609,188.5200042724609,189.1499938964844,185.0392303466797,1001200
2023-08-16,ZTS,187.97999572753903,189.1000061035156,185.8600006103516,186.2700042724609,182.2218475341797,1205300
2023-08-16,ZTS,187.97999572753903,189.1000061035156,185.8600006103516,186.2700042724609,182.2218475341797,1205300
2023-08-17,ZTS,186.4199981689453,186.6100006103516,181.8600006103516,182.7700042724609,178.79788208007812,2197100
2023-08-17,ZTS,186.4199981689453,186.6100006103516,181.8600006103516,182.7700042724609,178.79788208007812,2197100
2023-08-18,ZTS,181.0500030517578,182.4199981689453,180.02999877929688,181.57000732421875,177.62399291992188,2027200
2023-08-18,ZTS,181.0500030517578,182.4199981689453,180.02999877929688,181.57000732421875,177.62399291992188,2027200
2023-08-21,ZTS,181.8600006103516,182.6300048828125,179.97000122070312,180.80999755859372,176.8804931640625,860200
2023-08-21,ZTS,181.8600006103516,182.6300048828125,179.97000122070312,180.80999755859372,176.8804931640625,860200
2023-08-22,ZTS,179.64999389648438,182.5,179.16000366210938,181.82000732421875,177.8685760498047,1286400
2023-08-22,ZTS,179.64999389648438,182.5,179.16000366210938,181.82000732421875,177.8685760498047,1286400
2023-08-23,ZTS,182.80999755859372,184.67999267578125,182.30999755859372,184.25,180.2457427978516,1022900
2023-08-23,ZTS,182.80999755859372,184.67999267578125,182.30999755859372,184.25,180.2457427978516,1022900
2023-08-24,ZTS,184.3000030517578,185.22999572753903,181.3500061035156,181.55999755859372,177.6141815185547,1210300
2023-08-24,ZTS,184.3000030517578,185.22999572753903,181.3500061035156,181.55999755859372,177.6141815185547,1210300
2023-08-25,ZTS,183.0800018310547,185.00999450683597,181.44000244140625,182.82000732421875,178.84681701660156,879700
2023-08-25,ZTS,183.0800018310547,185.00999450683597,181.44000244140625,182.82000732421875,178.84681701660156,879700
2023-08-28,ZTS,184.50999450683597,187.92999267578125,184.3000030517578,186.97999572753903,182.9164123535156,1546900
2023-08-28,ZTS,184.50999450683597,187.92999267578125,184.3000030517578,186.97999572753903,182.9164123535156,1546900
2023-08-29,ZTS,187.3000030517578,192.8699951171875,186.8600006103516,192.7700042724609,188.58059692382807,2423800
2023-08-29,ZTS,187.3000030517578,192.8699951171875,186.8600006103516,192.7700042724609,188.58059692382807,2423800
2023-08-30,ZTS,192.6999969482422,194.3699951171875,191.82000732421875,192.6999969482422,188.5121154785156,1673500
2023-08-30,ZTS,192.6999969482422,194.3699951171875,191.82000732421875,192.6999969482422,188.5121154785156,1673500
2023-08-31,ZTS,192.25999450683597,193.27999877929688,190.47000122070312,190.50999450683597,186.3696746826172,1893000
2023-08-31,ZTS,192.25999450683597,193.27999877929688,190.47000122070312,190.50999450683597,186.3696746826172,1893000
2023-09-01,ZTS,192.97000122070312,193.3500061035156,191.17999267578125,192.5200042724609,188.33599853515625,1174300
2023-09-01,ZTS,192.97000122070312,193.3500061035156,191.17999267578125,192.5200042724609,188.33599853515625,1174300
2023-09-05,ZTS,191.66000366210935,192.38999938964844,189.3999938964844,190.42999267578125,186.2914276123047,1673000
2023-09-05,ZTS,191.66000366210935,192.38999938964844,189.3999938964844,190.42999267578125,186.2914276123047,1673000
2023-09-06,ZTS,189.47999572753903,189.83999633789065,186.3600006103516,186.8600006103516,182.79901123046875,1356800
2023-09-06,ZTS,189.47999572753903,189.83999633789065,186.3600006103516,186.8600006103516,182.79901123046875,1356800
2023-09-07,ZTS,186.94000244140625,188.2700042724609,185.4199981689453,187.77999877929688,183.69900512695312,1159600
2023-09-07,ZTS,186.94000244140625,188.2700042724609,185.4199981689453,187.77999877929688,183.69900512695312,1159600
2023-09-08,ZTS,187.22000122070312,187.75,184.72000122070312,185.77999877929688,181.74249267578125,1562200
2023-09-08,ZTS,187.22000122070312,187.75,184.72000122070312,185.77999877929688,181.74249267578125,1562200
2023-09-11,ZTS,186.16000366210935,187.1999969482422,185.4600067138672,186.07000732421875,182.02618408203125,1069100
2023-09-11,ZTS,186.16000366210935,187.1999969482422,185.4600067138672,186.07000732421875,182.02618408203125,1069100
2023-09-12,ZTS,185.22999572753903,189.75999450683597,184.9900054931641,187.6999969482422,183.62075805664065,1675700
2023-09-12,ZTS,185.22999572753903,189.75999450683597,184.9900054931641,187.6999969482422,183.62075805664065,1675700
2023-09-13,ZTS,186.4600067138672,187.2700042724609,181.1699981689453,182.0,178.04466247558594,1935700
2023-09-13,ZTS,186.4600067138672,187.2700042724609,181.1699981689453,182.0,178.04466247558594,1935700
2023-09-14,ZTS,183.3800048828125,183.9199981689453,180.5800018310547,182.7400054931641,178.76856994628906,2000700
2023-09-14,ZTS,183.3800048828125,183.9199981689453,180.5800018310547,182.7400054931641,178.76856994628906,2000700
2023-09-15,ZTS,180.2899932861328,183.4499969482422,179.08999633789062,180.25,176.3326873779297,3262600
2023-09-15,ZTS,180.2899932861328,183.4499969482422,179.08999633789062,180.25,176.3326873779297,3262600
2023-09-18,ZTS,179.5800018310547,181.4600067138672,178.05999755859375,179.64999389648438,175.7456817626953,1228200
2023-09-18,ZTS,179.5800018310547,181.4600067138672,178.05999755859375,179.64999389648438,175.7456817626953,1228200
2023-09-19,ZTS,178.8699951171875,182.6000061035156,178.83999633789062,181.97999572753903,178.02505493164062,1373600
2023-09-19,ZTS,178.8699951171875,182.6000061035156,178.83999633789062,181.97999572753903,178.02505493164062,1373600
2023-09-20,ZTS,183.2100067138672,184.44000244140625,181.4199981689453,181.47999572753903,177.53591918945312,1485500
2023-09-20,ZTS,183.2100067138672,184.44000244140625,181.4199981689453,181.47999572753903,177.53591918945312,1485500
2023-09-21,ZTS,179.25,180.55999755859372,176.47000122070312,176.6300048828125,172.7913360595703,1691800
2023-09-21,ZTS,179.25,180.55999755859372,176.47000122070312,176.6300048828125,172.7913360595703,1691800
2023-09-22,ZTS,177.05999755859375,178.08999633789062,174.97000122070312,176.67999267578125,172.8402099609375,1281800
2023-09-22,ZTS,177.05999755859375,178.08999633789062,174.97000122070312,176.67999267578125,172.8402099609375,1281800
2023-09-25,ZTS,175.8000030517578,177.9199981689453,175.13999938964844,177.72000122070312,173.85765075683594,1551100
2023-09-25,ZTS,175.8000030517578,177.9199981689453,175.13999938964844,177.72000122070312,173.85765075683594,1551100
2023-09-26,ZTS,176.5800018310547,178.4499969482422,176.27000427246094,176.8699951171875,173.026123046875,1463200
2023-09-26,ZTS,176.5800018310547,178.4499969482422,176.27000427246094,176.8699951171875,173.026123046875,1463200
2023-09-27,ZTS,177.72999572753906,178.19000244140625,172.7899932861328,174.67999267578125,170.88369750976562,1450400
2023-09-27,ZTS,177.72999572753906,178.19000244140625,172.7899932861328,174.67999267578125,170.88369750976562,1450400
2023-09-28,ZTS,174.44000244140625,175.72999572753906,173.77999877929688,174.00999450683594,170.22825622558594,1115900
2023-09-28,ZTS,174.44000244140625,175.72999572753906,173.77999877929688,174.00999450683594,170.22825622558594,1115900
2023-09-29,ZTS,175.58999633789062,175.58999633789062,173.7899932861328,173.97999572753906,170.19894409179688,1498500
2023-09-29,ZTS,175.58999633789062,175.58999633789062,173.7899932861328,173.97999572753906,170.19894409179688,1498500
2023-10-02,ZTS,173.1999969482422,173.36000061035156,170.5800018310547,172.72999572753906,168.97610473632812,1270200
2023-10-02,ZTS,173.1999969482422,173.36000061035156,170.5800018310547,172.72999572753906,168.97610473632812,1270200
2023-10-03,ZTS,171.82000732421875,172.9499969482422,169.69000244140625,170.3300018310547,166.62826538085938,1671800
2023-10-03,ZTS,171.82000732421875,172.9499969482422,169.69000244140625,170.3300018310547,166.62826538085938,1671800
2023-10-04,ZTS,171.1199951171875,171.5399932861328,169.19000244140625,170.99000549316406,167.27391052246094,1673400
2023-10-04,ZTS,171.1199951171875,171.5399932861328,169.19000244140625,170.99000549316406,167.27391052246094,1673400
2023-10-05,ZTS,171.19000244140625,172.5800018310547,170.00999450683594,172.0,168.26194763183594,2083200
2023-10-05,ZTS,171.19000244140625,172.5800018310547,170.00999450683594,172.0,168.26194763183594,2083200
2023-10-06,ZTS,171.77999877929688,175.92999267578125,170.27999877929688,175.5800018310547,171.76416015625,1490600
2023-10-06,ZTS,171.77999877929688,175.92999267578125,170.27999877929688,175.5800018310547,171.76416015625,1490600
2023-10-09,ZTS,173.61000061035156,175.39999389648438,172.25,174.60000610351562,170.80545043945312,1215100
2023-10-09,ZTS,173.61000061035156,175.39999389648438,172.25,174.60000610351562,170.80545043945312,1215100
2023-10-10,ZTS,174.2899932861328,176.7899932861328,173.5500030517578,175.6300048828125,171.81307983398438,1665300
2023-10-10,ZTS,174.2899932861328,176.7899932861328,173.5500030517578,175.6300048828125,171.81307983398438,1665300
2023-10-11,ZTS,176.66000366210938,177.3300018310547,175.02000427246094,176.9499969482422,173.1043701171875,1053600
2023-10-11,ZTS,176.66000366210938,177.3300018310547,175.02000427246094,176.9499969482422,173.1043701171875,1053600
2023-10-12,ZTS,176.8300018310547,177.5500030517578,174.2100067138672,174.30999755859375,170.52175903320312,1306300
2023-10-12,ZTS,176.8300018310547,177.5500030517578,174.2100067138672,174.30999755859375,170.52175903320312,1306300
2023-10-13,ZTS,173.4199981689453,175.72999572753906,173.0,174.3800048828125,170.59022521972656,1287400
2023-10-13,ZTS,173.4199981689453,175.72999572753906,173.0,174.3800048828125,170.59022521972656,1287400
2023-10-16,ZTS,175.00999450683594,176.5399932861328,173.6699981689453,175.17999267578125,171.3728485107422,1264400
2023-10-16,ZTS,175.00999450683594,176.5399932861328,173.6699981689453,175.17999267578125,171.3728485107422,1264400
2023-10-17,ZTS,172.8699951171875,174.42999267578125,171.3800048828125,174.25999450683594,170.47283935546875,1716300
2023-10-17,ZTS,172.8699951171875,174.42999267578125,171.3800048828125,174.25999450683594,170.47283935546875,1716300
2023-10-18,ZTS,172.9199981689453,174.05999755859375,169.4499969482422,169.5399932861328,165.8554229736328,1228600
2023-10-18,ZTS,172.9199981689453,174.05999755859375,169.4499969482422,169.5399932861328,165.8554229736328,1228600
2023-10-19,ZTS,169.86000061035156,171.19000244140625,167.5800018310547,168.0399932861328,164.38803100585938,1602300
2023-10-19,ZTS,169.86000061035156,171.19000244140625,167.5800018310547,168.0399932861328,164.38803100585938,1602300
2023-10-20,ZTS,167.6199951171875,168.25999450683594,165.08999633789062,167.08999633789062,163.45867919921875,1932000
2023-10-20,ZTS,167.6199951171875,168.25999450683594,165.08999633789062,167.08999633789062,163.45867919921875,1932000
2023-10-23,ZTS,166.5800018310547,168.5800018310547,166.00999450683594,166.5,162.8815155029297,1075400
2023-10-23,ZTS,166.5800018310547,168.5800018310547,166.00999450683594,166.5,162.8815155029297,1075400
2023-10-24,ZTS,166.6300048828125,168.24000549316406,166.25,167.1199951171875,163.48802185058594,1201400
2023-10-24,ZTS,166.6300048828125,168.24000549316406,166.25,167.1199951171875,163.48802185058594,1201400
2023-10-25,ZTS,165.55999755859375,165.99000549316406,162.35000610351562,163.6699981689453,160.11300659179688,1273600
2023-10-25,ZTS,165.55999755859375,165.99000549316406,162.35000610351562,163.6699981689453,160.11300659179688,1273600
2023-10-26,ZTS,162.27000427246094,162.2899932861328,157.8800048828125,158.07000732421875,154.63470458984375,2891100
2023-10-26,ZTS,162.27000427246094,162.2899932861328,157.8800048828125,158.07000732421875,154.63470458984375,2891100
2023-10-27,ZTS,157.92999267578125,157.92999267578125,155.16000366210938,156.02999877929688,152.6390380859375,2407100
2023-10-27,ZTS,157.92999267578125,157.92999267578125,155.16000366210938,156.02999877929688,152.6390380859375,2407100
2023-10-30,ZTS,157.1300048828125,158.41000366210938,153.52000427246094,157.0,153.5879364013672,2756200
2023-10-30,ZTS,157.1300048828125,158.41000366210938,153.52000427246094,157.0,153.5879364013672,2756200
2023-10-31,ZTS,157.50999450683594,158.52999877929688,156.08999633789062,157.0,153.9556884765625,3208900
2023-10-31,ZTS,157.50999450683594,158.52999877929688,156.08999633789062,157.0,153.9556884765625,3208900
2023-11-01,ZTS,156.4199981689453,157.0,151.02999877929688,151.44000244140625,148.5034942626953,7269900
2023-11-01,ZTS,156.4199981689453,157.0,151.02999877929688,151.44000244140625,148.5034942626953,7269900
2023-11-02,ZTS,155.30999755859375,161.8300018310547,155.22000122070312,160.91000366210938,157.78985595703125,4137800
2023-11-02,ZTS,155.30999755859375,161.8300018310547,155.22000122070312,160.91000366210938,157.78985595703125,4137800
2023-11-03,ZTS,164.25,164.72000122070312,159.3699951171875,162.22999572753906,159.08425903320312,1974700
2023-11-03,ZTS,164.25,164.72000122070312,159.3699951171875,162.22999572753906,159.08425903320312,1974700
2023-11-06,ZTS,170.27999877929688,170.9199981689453,162.22000122070312,163.1699981689453,160.00604248046875,2112500
2023-11-06,ZTS,170.27999877929688,170.9199981689453,162.22000122070312,163.1699981689453,160.00604248046875,2112500
2023-11-07,ZTS,163.08999633789062,167.4499969482422,163.07000732421875,167.16000366210938,163.91867065429688,2938200
2023-11-07,ZTS,163.08999633789062,167.4499969482422,163.07000732421875,167.16000366210938,163.91867065429688,2938200
2023-11-08,ZTS,168.8300018310547,171.72000122070312,167.9600067138672,170.8699951171875,167.5567169189453,3326300
2023-11-08,ZTS,168.8300018310547,171.72000122070312,167.9600067138672,170.8699951171875,167.5567169189453,3326300
2023-11-09,ZTS,170.97000122070312,173.55999755859375,170.5500030517578,170.6300048828125,167.3214111328125,3479300
2023-11-09,ZTS,170.97000122070312,173.55999755859375,170.5500030517578,170.6300048828125,167.3214111328125,3479300
2023-11-10,ZTS,170.50999450683594,170.50999450683594,166.24000549316406,169.32000732421875,166.0367889404297,2108500
2023-11-10,ZTS,170.50999450683594,170.50999450683594,166.24000549316406,169.32000732421875,166.0367889404297,2108500
2023-11-13,ZTS,168.67999267578125,169.61000061035156,167.57000732421875,168.8300018310547,165.55628967285156,1544900
2023-11-13,ZTS,168.67999267578125,169.61000061035156,167.57000732421875,168.8300018310547,165.55628967285156,1544900
2023-11-14,ZTS,171.41000366210938,175.24000549316406,171.35000610351562,172.64999389648438,169.30221557617188,1421500
2023-11-14,ZTS,171.41000366210938,175.24000549316406,171.35000610351562,172.64999389648438,169.30221557617188,1421500
2023-11-15,ZTS,172.49000549316406,175.64999389648438,172.47999572753906,174.6199951171875,171.23402404785156,1714100
2023-11-15,ZTS,172.49000549316406,175.64999389648438,172.47999572753906,174.6199951171875,171.23402404785156,1714100
2023-11-16,ZTS,175.02999877929688,176.80999755859375,173.8000030517578,176.5399932861328,173.11679077148438,1566900
2023-11-16,ZTS,175.02999877929688,176.80999755859375,173.8000030517578,176.5399932861328,173.11679077148438,1566900
2023-11-17,ZTS,177.41000366210938,177.6999969482422,173.6999969482422,174.8000030517578,171.4105224609375,2425100
2023-11-17,ZTS,177.41000366210938,177.6999969482422,173.6999969482422,174.8000030517578,171.4105224609375,2425100
2023-11-20,ZTS,174.32000732421875,177.0,173.89999389648438,176.05999755859375,172.64608764648438,1056700
2023-11-20,ZTS,174.32000732421875,177.0,173.89999389648438,176.05999755859375,172.64608764648438,1056700
2023-11-21,ZTS,176.63999938964844,179.91000366210938,175.77000427246094,178.72999572753906,175.26431274414062,1423800
2023-11-21,ZTS,176.63999938964844,179.91000366210938,175.77000427246094,178.72999572753906,175.26431274414062,1423800
2023-11-22,ZTS,180.0,180.97000122070312,178.77999877929688,179.35000610351562,175.87229919433594,1501500
2023-11-22,ZTS,180.0,180.97000122070312,178.77999877929688,179.35000610351562,175.87229919433594,1501500
2023-11-24,ZTS,180.1699981689453,181.38999938964844,179.3800048828125,180.2100067138672,176.71563720703125,635200
2023-11-24,ZTS,180.1699981689453,181.38999938964844,179.3800048828125,180.2100067138672,176.71563720703125,635200
2023-11-27,ZTS,180.02999877929688,180.7899932861328,178.47000122070312,178.7899932861328,175.32315063476562,1442700
2023-11-27,ZTS,180.02999877929688,180.7899932861328,178.47000122070312,178.7899932861328,175.32315063476562,1442700
2023-11-28,ZTS,178.11000061035156,178.36000061035156,176.16000366210938,176.97000122070312,173.5384521484375,1348900
2023-11-28,ZTS,178.11000061035156,178.36000061035156,176.16000366210938,176.97000122070312,173.5384521484375,1348900
2023-11-29,ZTS,177.8699951171875,178.05999755859375,175.24000549316406,175.7899932861328,172.38133239746094,1524400
2023-11-29,ZTS,177.8699951171875,178.05999755859375,175.24000549316406,175.7899932861328,172.38133239746094,1524400
2023-11-30,ZTS,175.0399932861328,176.86000061035156,173.6300048828125,176.6699981689453,173.24427795410156,2581900
2023-11-30,ZTS,175.0399932861328,176.86000061035156,173.6300048828125,176.6699981689453,173.24427795410156,2581900
2023-12-01,ZTS,176.25,179.4600067138672,175.97999572753906,179.1300048828125,175.65655517578125,1367200
2023-12-01,ZTS,176.25,179.4600067138672,175.97999572753906,179.1300048828125,175.65655517578125,1367200
2023-12-04,ZTS,178.80999755859375,182.66000366210935,178.80999755859375,182.1199951171875,178.58859252929688,1559500
2023-12-04,ZTS,178.80999755859375,182.66000366210935,178.80999755859375,182.1199951171875,178.58859252929688,1559500
2023-12-05,ZTS,181.2899932861328,182.0399932861328,178.86000061035156,179.64999389648438,176.16647338867188,1425900
2023-12-05,ZTS,181.2899932861328,182.0399932861328,178.86000061035156,179.64999389648438,176.16647338867188,1425900
2023-12-06,ZTS,180.75,183.17999267578125,180.63999938964844,182.0,178.47093200683594,1552900
2023-12-06,ZTS,180.75,183.17999267578125,180.63999938964844,182.0,178.47093200683594,1552900
2023-12-07,ZTS,182.4600067138672,182.6000061035156,180.50999450683597,181.8300018310547,178.30421447753906,1088600
2023-12-07,ZTS,182.4600067138672,182.6000061035156,180.50999450683597,181.8300018310547,178.30421447753906,1088600
2023-12-08,ZTS,182.0800018310547,184.8500061035156,181.47000122070312,184.6000061035156,181.0204925537109,1474600
2023-12-08,ZTS,182.0800018310547,184.8500061035156,181.47000122070312,184.6000061035156,181.0204925537109,1474600
2023-12-11,ZTS,185.1699981689453,190.1499938964844,184.67999267578125,189.4600067138672,185.78628540039065,3199200
2023-12-11,ZTS,185.1699981689453,190.1499938964844,184.67999267578125,189.4600067138672,185.78628540039065,3199200
2023-12-12,ZTS,190.0800018310547,192.5,188.9199981689453,191.47000122070312,187.75729370117188,1899700
2023-12-12,ZTS,190.0800018310547,192.5,188.9199981689453,191.47000122070312,187.75729370117188,1899700
2023-12-13,ZTS,191.77999877929688,197.6699981689453,190.94000244140625,197.41000366210935,193.5821228027344,2104700
2023-12-13,ZTS,191.77999877929688,197.6699981689453,190.94000244140625,197.41000366210935,193.5821228027344,2104700
2023-12-14,ZTS,198.0,201.9199981689453,198.0,200.08999633789065,196.21014404296875,3044400
2023-12-14,ZTS,198.0,201.9199981689453,198.0,200.08999633789065,196.21014404296875,3044400
2023-12-15,ZTS,199.41000366210935,199.41000366210935,193.97000122070312,196.2899932861328,192.48382568359372,4058300
2023-12-15,ZTS,199.41000366210935,199.41000366210935,193.97000122070312,196.2899932861328,192.48382568359372,4058300
2023-12-18,ZTS,197.80999755859372,198.13999938964844,195.6000061035156,196.72000122070312,192.90548706054688,1543100
2023-12-18,ZTS,197.80999755859372,198.13999938964844,195.6000061035156,196.72000122070312,192.90548706054688,1543100
2023-12-19,ZTS,197.77999877929688,198.97999572753903,197.2400054931641,198.0800018310547,194.23912048339844,1600300
2023-12-19,ZTS,197.77999877929688,198.97999572753903,197.2400054931641,198.0800018310547,194.23912048339844,1600300
2023-12-20,ZTS,198.0,199.33999633789065,194.57000732421875,194.6300048828125,190.8560333251953,1833200
2023-12-20,ZTS,198.0,199.33999633789065,194.57000732421875,194.6300048828125,190.8560333251953,1833200
2023-12-21,ZTS,196.0,196.97999572753903,193.8999938964844,194.66000366210935,190.88543701171875,2118600
2023-12-21,ZTS,196.0,196.97999572753903,193.8999938964844,194.66000366210935,190.88543701171875,2118600
2023-12-22,ZTS,195.32000732421875,195.91000366210935,192.7400054931641,194.97999572753903,191.19923400878903,1548400
2023-12-22,ZTS,195.32000732421875,195.91000366210935,192.7400054931641,194.97999572753903,191.19923400878903,1548400
2023-12-26,ZTS,194.8800048828125,196.33999633789065,194.08999633789065,195.5,191.7091522216797,814600
2023-12-26,ZTS,194.8800048828125,196.33999633789065,194.08999633789065,195.5,191.7091522216797,814600
2023-12-27,ZTS,195.41000366210935,197.00999450683597,194.7400054931641,196.8999938964844,193.0819854736328,766400
2023-12-27,ZTS,195.41000366210935,197.00999450683597,194.7400054931641,196.8999938964844,193.0819854736328,766400
2023-12-28,ZTS,197.6199951171875,198.6000061035156,196.52999877929688,197.16000366210935,193.3369598388672,880100
2023-12-28,ZTS,197.6199951171875,198.6000061035156,196.52999877929688,197.16000366210935,193.3369598388672,880100
2023-12-29,ZTS,196.67999267578125,198.00999450683597,196.25,197.3699951171875,193.54286193847656,1007200
2023-12-29,ZTS,196.67999267578125,198.00999450683597,196.25,197.3699951171875,193.54286193847656,1007200
2024-01-02,ZTS,195.7899932861328,197.9499969482422,195.0500030517578,196.57000732421875,192.7583923339844,1642300
2024-01-02,ZTS,195.7899932861328,197.9499969482422,195.0500030517578,196.57000732421875,192.7583923339844,1642300
2024-01-03,ZTS,195.9199981689453,195.9499969482422,192.8000030517578,192.92999267578125,189.18898010253903,1493000
2024-01-03,ZTS,195.9199981689453,195.9499969482422,192.8000030517578,192.92999267578125,189.18898010253903,1493000
2024-01-04,ZTS,192.8500061035156,194.92999267578125,192.00999450683597,194.0399932861328,190.2774658203125,1851900
2024-01-04,ZTS,192.8500061035156,194.92999267578125,192.00999450683597,194.0399932861328,190.2774658203125,1851900
2024-01-05,ZTS,193.07000732421875,195.94000244140625,193.07000732421875,194.8500061035156,191.07174682617188,1088200
2024-01-05,ZTS,193.07000732421875,195.94000244140625,193.07000732421875,194.8500061035156,191.07174682617188,1088200
2024-01-08,ZTS,194.52999877929688,196.27999877929688,192.6699981689453,196.1499938964844,192.34652709960935,1610600
2024-01-08,ZTS,194.52999877929688,196.27999877929688,192.6699981689453,196.1499938964844,192.34652709960935,1610600
2024-01-09,ZTS,195.5500030517578,199.8300018310547,194.0500030517578,195.94000244140625,192.1406097412109,1983200
2024-01-09,ZTS,195.5500030517578,199.8300018310547,194.0500030517578,195.94000244140625,192.1406097412109,1983200
2024-01-10,ZTS,196.5800018310547,198.8699951171875,195.91000366210935,198.7700042724609,194.91574096679688,1325200
2024-01-10,ZTS,196.5800018310547,198.8699951171875,195.91000366210935,198.7700042724609,194.91574096679688,1325200
2024-01-11,ZTS,198.22999572753903,198.41000366210935,195.7400054931641,196.7100067138672,192.89569091796875,1589500
2024-01-11,ZTS,198.22999572753903,198.41000366210935,195.7400054931641,196.7100067138672,192.89569091796875,1589500
2024-01-12,ZTS,197.67999267578125,199.55999755859372,196.8699951171875,198.94000244140625,195.0824432373047,1726500
2024-01-12,ZTS,197.67999267578125,199.55999755859372,196.8699951171875,198.94000244140625,195.0824432373047,1726500
2024-01-16,ZTS,198.1100006103516,198.9199981689453,192.6699981689453,192.9900054931641,189.24783325195312,2316200
2024-01-16,ZTS,198.1100006103516,198.9199981689453,192.6699981689453,192.9900054931641,189.24783325195312,2316200
2024-01-17,ZTS,191.9900054931641,193.0200042724609,189.7100067138672,190.8999938964844,187.19834899902344,1678000
2024-01-17,ZTS,191.9900054931641,193.0200042724609,189.7100067138672,190.8999938964844,187.19834899902344,1678000
2024-01-18,ZTS,191.42999267578125,192.82000732421875,189.1699981689453,190.5,187.22979736328125,3832800
2024-01-18,ZTS,191.42999267578125,192.82000732421875,189.1699981689453,190.5,187.22979736328125,3832800
2024-01-19,ZTS,190.57000732421875,190.9199981689453,187.16000366210935,188.3800048828125,185.1461944580078,2285100
2024-01-19,ZTS,190.57000732421875,190.9199981689453,187.16000366210935,188.3800048828125,185.1461944580078,2285100
2024-01-22,ZTS,190.1100006103516,194.25,190.1100006103516,191.1999969482422,187.9177703857422,1890700
2024-01-22,ZTS,190.1100006103516,194.25,190.1100006103516,191.1999969482422,187.9177703857422,1890700
2024-01-23,ZTS,191.5500030517578,191.94000244140625,187.7899932861328,188.1000061035156,184.8710021972656,1488000
2024-01-23,ZTS,191.5500030517578,191.94000244140625,187.7899932861328,188.1000061035156,184.8710021972656,1488000
2024-01-24,ZTS,188.80999755859372,189.6999969482422,185.92999267578125,186.07000732421875,182.87583923339844,1837700
2024-01-24,ZTS,188.80999755859372,189.6999969482422,185.92999267578125,186.07000732421875,182.87583923339844,1837700
2024-01-25,ZTS,185.52999877929688,187.52999877929688,185.30999755859372,187.32000732421875,184.1043701171875,2530600
2024-01-25,ZTS,185.52999877929688,187.52999877929688,185.30999755859372,187.32000732421875,184.1043701171875,2530600
2024-01-26,ZTS,189.2100067138672,192.8800048828125,188.97000122070312,191.5200042724609,188.23228454589844,1840200
2024-01-26,ZTS,189.2100067138672,192.8800048828125,188.97000122070312,191.5200042724609,188.23228454589844,1840200
2024-01-29,ZTS,191.3600006103516,193.0,189.9600067138672,192.75999450683597,189.4510040283203,1669900
2024-01-29,ZTS,191.3600006103516,193.0,189.9600067138672,192.75999450683597,189.4510040283203,1669900
2024-01-30,ZTS,192.8699951171875,193.50999450683597,190.44000244140625,191.42999267578125,188.1438140869141,1607500
2024-01-30,ZTS,192.8699951171875,193.50999450683597,190.44000244140625,191.42999267578125,188.1438140869141,1607500
2024-01-31,ZTS,192.1300048828125,192.77999877929688,187.44000244140625,187.80999755859372,184.58595275878903,2150000
2024-01-31,ZTS,192.1300048828125,192.77999877929688,187.44000244140625,187.80999755859372,184.58595275878903,2150000
2024-02-01,ZTS,188.3000030517578,189.63999938964844,185.3800048828125,189.13999938964844,185.89312744140625,1584200
2024-02-01,ZTS,188.3000030517578,189.63999938964844,185.3800048828125,189.13999938964844,185.89312744140625,1584200
2024-02-02,ZTS,187.38999938964844,190.17999267578125,185.6199951171875,189.0399932861328,185.79486083984372,1177700
2024-02-02,ZTS,187.38999938964844,190.17999267578125,185.6199951171875,189.0399932861328,185.79486083984372,1177700
2024-02-05,ZTS,188.44000244140625,190.8699951171875,187.44000244140625,190.1699981689453,186.90545654296875,2112500
2024-02-05,ZTS,188.44000244140625,190.8699951171875,187.44000244140625,190.1699981689453,186.90545654296875,2112500
2024-02-06,ZTS,192.0,196.50999450683597,190.8699951171875,196.13999938964844,192.77297973632807,2459300
2024-02-06,ZTS,192.0,196.50999450683597,190.8699951171875,196.13999938964844,192.77297973632807,2459300
2024-02-07,ZTS,196.13999938964844,197.94000244140625,195.2100067138672,197.08999633789065,193.7066650390625,2017800
2024-02-07,ZTS,196.13999938964844,197.94000244140625,195.2100067138672,197.08999633789065,193.7066650390625,2017800
2024-02-08,ZTS,196.0800018310547,197.0,195.0,195.75,192.38966369628903,1520900
2024-02-08,ZTS,196.0800018310547,197.0,195.0,195.75,192.38966369628903,1520900
2024-02-09,ZTS,195.58999633789065,198.22000122070312,195.58999633789065,197.32000732421875,193.93272399902344,2234100
2024-02-09,ZTS,195.58999633789065,198.22000122070312,195.58999633789065,197.32000732421875,193.93272399902344,2234100
2024-02-12,ZTS,197.7400054931641,199.6199951171875,196.4499969482422,196.69000244140625,193.31353759765625,2469000
2024-02-12,ZTS,197.7400054931641,199.6199951171875,196.4499969482422,196.69000244140625,193.31353759765625,2469000
2024-02-13,ZTS,186.6000061035156,190.6100006103516,182.07000732421875,183.4900054931641,180.3401336669922,4139800
2024-02-13,ZTS,186.6000061035156,190.6100006103516,182.07000732421875,183.4900054931641,180.3401336669922,4139800
2024-02-14,ZTS,185.19000244140625,186.4900054931641,182.1000061035156,184.0800018310547,180.9200134277344,2726800
2024-02-14,ZTS,185.19000244140625,186.4900054931641,182.1000061035156,184.0800018310547,180.9200134277344,2726800
2024-02-15,ZTS,183.8600006103516,190.33999633789065,183.8600006103516,189.6499938964844,186.3943634033203,2725600
2024-02-15,ZTS,183.8600006103516,190.33999633789065,183.8600006103516,189.6499938964844,186.3943634033203,2725600
2024-02-16,ZTS,189.3999938964844,190.3500061035156,187.92999267578125,188.38999938964844,185.1560211181641,1953700
2024-02-16,ZTS,189.3999938964844,190.3500061035156,187.92999267578125,188.38999938964844,185.1560211181641,1953700
2024-02-20,ZTS,187.3000030517578,189.41000366210935,186.2400054931641,186.5500030517578,183.3476104736328,2502800
2024-02-20,ZTS,187.3000030517578,189.41000366210935,186.2400054931641,186.5500030517578,183.3476104736328,2502800
2024-02-21,ZTS,186.66000366210935,188.8600006103516,186.66000366210935,188.3800048828125,185.1461944580078,3178900
2024-02-21,ZTS,186.66000366210935,188.8600006103516,186.66000366210935,188.3800048828125,185.1461944580078,3178900
2024-02-22,ZTS,189.30999755859372,196.6699981689453,188.5399932861328,196.66000366210935,193.2840576171875,3339700
2024-02-22,ZTS,189.30999755859372,196.6699981689453,188.5399932861328,196.66000366210935,193.2840576171875,3339700
2024-02-23,ZTS,197.3500061035156,198.2100067138672,194.82000732421875,197.2100067138672,193.82460021972656,2391100
2024-02-23,ZTS,197.3500061035156,198.2100067138672,194.82000732421875,197.2100067138672,193.82460021972656,2391100
2024-02-26,ZTS,196.8999938964844,197.9900054931641,195.4600067138672,197.0399932861328,193.6575164794922,2098500
2024-02-26,ZTS,196.8999938964844,197.9900054931641,195.4600067138672,197.0399932861328,193.6575164794922,2098500
2024-02-27,ZTS,197.6499938964844,199.25,194.0399932861328,199.0,195.5838623046875,1982500
2024-02-27,ZTS,197.6499938964844,199.25,194.0399932861328,199.0,195.5838623046875,1982500
2024-02-28,ZTS,199.3000030517578,200.5,197.1000061035156,199.94000244140625,196.5077362060547,2003300
2024-02-28,ZTS,199.3000030517578,200.5,197.1000061035156,199.94000244140625,196.5077362060547,2003300
2024-02-29,ZTS,200.5,200.52999877929688,198.19000244140625,198.3300018310547,194.9253845214844,2849200
2024-02-29,ZTS,200.5,200.52999877929688,198.19000244140625,198.3300018310547,194.9253845214844,2849200
2024-03-01,ZTS,196.0,196.22999572753903,188.4900054931641,190.82000732421875,187.54429626464844,3724300
2024-03-01,ZTS,196.0,196.22999572753903,188.4900054931641,190.82000732421875,187.54429626464844,3724300
2024-03-04,ZTS,189.6100006103516,190.4199981689453,186.50999450683597,187.8600006103516,184.63511657714844,3757200
2024-03-04,ZTS,189.6100006103516,190.4199981689453,186.50999450683597,187.8600006103516,184.63511657714844,3757200
2024-03-05,ZTS,187.44000244140625,187.72999572753903,184.4199981689453,185.22999572753903,182.0502471923828,2508500
2024-03-05,ZTS,187.44000244140625,187.72999572753903,184.4199981689453,185.22999572753903,182.0502471923828,2508500
2024-03-06,ZTS,185.3000030517578,187.2400054931641,183.22999572753903,183.52999877929688,180.3794403076172,5028500
2024-03-06,ZTS,185.3000030517578,187.2400054931641,183.22999572753903,183.52999877929688,180.3794403076172,5028500
2024-03-07,ZTS,184.91000366210935,185.1100006103516,181.38999938964844,181.50999450683597,178.3941192626953,3839300
2024-03-07,ZTS,184.91000366210935,185.1100006103516,181.38999938964844,181.50999450683597,178.3941192626953,3839300
2024-03-08,ZTS,182.0,182.97999572753903,179.83999633789062,182.16000366210935,179.03297424316406,6518000
2024-03-08,ZTS,182.0,182.97999572753903,179.83999633789062,182.16000366210935,179.03297424316406,6518000
2024-03-11,ZTS,182.6199951171875,183.9900054931641,180.4199981689453,183.4900054931641,180.3401336669922,3383500
2024-03-11,ZTS,182.6199951171875,183.9900054931641,180.4199981689453,183.4900054931641,180.3401336669922,3383500
2024-03-12,ZTS,183.6499938964844,183.8300018310547,180.94000244140625,181.3500061035156,178.2368621826172,2598400
2024-03-12,ZTS,183.6499938964844,183.8300018310547,180.94000244140625,181.3500061035156,178.2368621826172,2598400
2024-03-13,ZTS,181.6000061035156,182.97000122070312,175.99000549316406,176.22999572753906,173.2047576904297,5947400
2024-03-13,ZTS,181.6000061035156,182.97000122070312,175.99000549316406,176.22999572753906,173.2047576904297,5947400
2024-03-14,ZTS,177.49000549316406,177.49000549316406,170.72000122070312,173.8800048828125,170.89512634277344,6432600
2024-03-14,ZTS,177.49000549316406,177.49000549316406,170.72000122070312,173.8800048828125,170.89512634277344,6432600
2024-03-15,ZTS,173.77999877929688,175.50999450683594,171.61000061035156,172.57000732421875,169.6075897216797,3399500
2024-03-15,ZTS,173.77999877929688,175.50999450683594,171.61000061035156,172.57000732421875,169.6075897216797,3399500
2024-03-18,ZTS,173.74000549316406,174.27999877929688,170.41000366210938,170.69000244140625,167.75985717773438,4955000
2024-03-18,ZTS,173.74000549316406,174.27999877929688,170.41000366210938,170.69000244140625,167.75985717773438,4955000
2024-03-19,ZTS,171.66000366210938,173.5,170.27000427246094,172.9600067138672,169.9908905029297,3624000
2024-03-19,ZTS,171.66000366210938,173.5,170.27000427246094,172.9600067138672,169.9908905029297,3624000
2024-03-20,ZTS,172.64999389648438,173.11000061035156,169.33999633789062,170.99000549316406,168.0547332763672,3697300
2024-03-20,ZTS,172.64999389648438,173.11000061035156,169.33999633789062,170.99000549316406,168.0547332763672,3697300
2024-03-21,ZTS,172.72999572753906,174.3300018310547,168.02000427246094,168.32000732421875,165.43055725097656,4400900
2024-03-21,ZTS,172.72999572753906,174.3300018310547,168.02000427246094,168.32000732421875,165.43055725097656,4400900
2024-03-22,ZTS,168.77000427246094,171.36000061035156,168.16000366210938,168.89999389648438,166.00057983398438,2840500
2024-03-22,ZTS,168.77000427246094,171.36000061035156,168.16000366210938,168.89999389648438,166.00057983398438,2840500
2024-03-25,ZTS,169.3000030517578,169.83999633789062,167.02999877929688,167.80999755859375,164.92929077148438,2762200
2024-03-25,ZTS,169.3000030517578,169.83999633789062,167.02999877929688,167.80999755859375,164.92929077148438,2762200
2024-03-26,ZTS,169.2100067138672,169.22999572753906,164.11000061035156,165.6699981689453,162.82603454589844,4550000
2024-03-26,ZTS,169.2100067138672,169.22999572753906,164.11000061035156,165.6699981689453,162.82603454589844,4550000
2024-03-27,ZTS,167.33999633789062,168.52999877929688,166.33999633789062,168.50999450683594,165.6172637939453,2857700
2024-03-27,ZTS,167.33999633789062,168.52999877929688,166.33999633789062,168.50999450683594,165.6172637939453,2857700
2024-03-28,ZTS,168.72999572753906,171.13999938964844,167.41000366210938,169.2100067138672,166.3052520751953,3395600
2024-03-28,ZTS,168.72999572753906,171.13999938964844,167.41000366210938,169.2100067138672,166.3052520751953,3395600
2024-04-01,ZTS,168.99000549316406,169.49000549316406,166.1199951171875,167.02000427246094,164.15289306640625,1896500
2024-04-01,ZTS,168.99000549316406,169.49000549316406,166.1199951171875,167.02000427246094,164.15289306640625,1896500
2024-04-02,ZTS,165.6699981689453,166.1699981689453,163.63999938964844,165.00999450683594,162.17733764648438,2391500
2024-04-02,ZTS,165.6699981689453,166.1699981689453,163.63999938964844,165.00999450683594,162.17733764648438,2391500
2024-04-03,ZTS,165.0,166.25999450683594,162.63999938964844,162.97000122070312,160.17237854003906,2481200
2024-04-03,ZTS,165.0,166.25999450683594,162.63999938964844,162.97000122070312,160.17237854003906,2481200
2024-04-04,ZTS,165.2100067138672,168.7899932861328,164.4499969482422,165.52000427246094,162.67860412597656,4306100
2024-04-04,ZTS,165.2100067138672,168.7899932861328,164.4499969482422,165.52000427246094,162.67860412597656,4306100
2024-04-05,ZTS,165.75999450683594,169.38999938964844,165.30999755859375,165.86000061035156,163.0127716064453,3663900
2024-04-05,ZTS,165.75999450683594,169.38999938964844,165.30999755859375,165.86000061035156,163.0127716064453,3663900
2024-04-08,ZTS,165.8800048828125,166.88999938964844,164.0399932861328,165.69000244140625,162.845703125,2301400
2024-04-08,ZTS,165.8800048828125,166.88999938964844,164.0399932861328,165.69000244140625,162.845703125,2301400
2024-04-09,ZTS,165.86000061035156,167.17999267578125,164.74000549316406,167.13999938964844,164.27078247070312,1829500
2024-04-09,ZTS,165.86000061035156,167.17999267578125,164.74000549316406,167.13999938964844,164.27078247070312,1829500
2024-04-10,ZTS,164.25999450683594,164.8699951171875,162.63999938964844,163.1999969482422,160.3984375,2666000
2024-04-10,ZTS,164.25999450683594,164.8699951171875,162.63999938964844,163.1999969482422,160.3984375,2666000
2024-04-11,ZTS,163.32000732421875,164.2899932861328,161.25999450683594,162.72999572753906,159.93649291992188,2290400
2024-04-11,ZTS,163.32000732421875,164.2899932861328,161.25999450683594,162.72999572753906,159.93649291992188,2290400
2024-04-12,ZTS,155.85000610351562,155.97999572753906,148.47999572753906,149.97999572753906,147.40536499023438,11577800
2024-04-12,ZTS,155.85000610351562,155.97999572753906,148.47999572753906,149.97999572753906,147.40536499023438,11577800
2024-04-15,ZTS,151.1199951171875,155.0,149.24000549316406,149.77000427246094,147.198974609375,8667300
2024-04-15,ZTS,151.1199951171875,155.0,149.24000549316406,149.77000427246094,147.198974609375,8667300
2024-04-16,ZTS,150.1999969482422,154.39999389648438,148.66000366210938,153.02000427246094,150.39317321777344,4967400
2024-04-16,ZTS,150.1999969482422,154.39999389648438,148.66000366210938,153.02000427246094,150.39317321777344,4967400
2024-04-17,ZTS,153.00999450683594,153.17999267578125,151.24000549316406,151.94000244140625,149.33172607421875,3270500
2024-04-17,ZTS,153.00999450683594,153.17999267578125,151.24000549316406,151.94000244140625,149.33172607421875,3270500
2024-04-18,ZTS,151.6300048828125,153.6699981689453,151.1699981689453,153.11000061035156,150.9107208251953,4772800
2024-04-18,ZTS,151.6300048828125,153.6699981689453,151.1699981689453,153.11000061035156,150.9107208251953,4772800
2024-04-19,ZTS,151.5,151.5399932861328,145.8000030517578,146.5,144.39566040039062,6228900
2024-04-19,ZTS,151.5,151.5399932861328,145.8000030517578,146.5,144.39566040039062,6228900
2024-04-22,ZTS,150.82000732421875,151.52999877929688,144.8000030517578,145.5399932861328,143.44944763183594,4545000
2024-04-22,ZTS,150.82000732421875,151.52999877929688,144.8000030517578,145.5399932861328,143.44944763183594,4545000
2024-04-23,ZTS,146.25,149.89999389648438,145.17999267578125,149.55999755859375,147.4116973876953,4315300
2024-04-23,ZTS,146.25,149.89999389648438,145.17999267578125,149.55999755859375,147.4116973876953,4315300
2024-04-24,ZTS,149.25,151.74000549316406,148.75,150.8800048828125,148.71275329589844,3640300
2024-04-24,ZTS,149.25,151.74000549316406,148.75,150.8800048828125,148.71275329589844,3640300
2024-04-25,ZTS,150.97000122070312,153.58999633789062,150.0399932861328,153.36000061035156,151.15711975097656,4567200
2024-04-25,ZTS,150.97000122070312,153.58999633789062,150.0399932861328,153.36000061035156,151.15711975097656,4567200
2024-04-26,ZTS,152.6300048828125,158.74000549316406,152.6300048828125,158.4199981689453,156.14443969726562,5236500
2024-04-26,ZTS,152.6300048828125,158.74000549316406,152.6300048828125,158.4199981689453,156.14443969726562,5236500
2024-04-29,ZTS,158.4199981689453,165.0399932861328,158.4199981689453,159.6999969482422,157.4060516357422,4849500
2024-04-29,ZTS,158.4199981689453,165.0399932861328,158.4199981689453,159.6999969482422,157.4060516357422,4849500
2024-04-30,ZTS,159.63999938964844,162.1300048828125,158.9199981689453,159.24000549316406,156.95266723632812,3647900
2024-04-30,ZTS,159.63999938964844,162.1300048828125,158.9199981689453,159.24000549316406,156.95266723632812,3647900
2024-05-01,ZTS,158.1699981689453,160.77999877929688,158.0399932861328,158.5,156.22328186035156,3779100
2024-05-01,ZTS,158.1699981689453,160.77999877929688,158.0399932861328,158.5,156.22328186035156,3779100
2024-05-02,ZTS,163.10000610351562,169.99000549316406,161.3800048828125,167.22999572753906,164.82791137695312,5323100
2024-05-02,ZTS,163.10000610351562,169.99000549316406,161.3800048828125,167.22999572753906,164.82791137695312,5323100
2024-05-03,ZTS,170.4499969482422,171.69000244140625,166.9499969482422,167.07000732421875,164.67019653320312,3007000
2024-05-03,ZTS,170.4499969482422,171.69000244140625,166.9499969482422,167.07000732421875,164.67019653320312,3007000
2024-05-06,ZTS,167.35000610351562,167.6199951171875,164.8800048828125,165.9499969482422,163.5662841796875,3081300
2024-05-06,ZTS,167.35000610351562,167.6199951171875,164.8800048828125,165.9499969482422,163.5662841796875,3081300
2024-05-07,ZTS,166.9600067138672,172.22999572753906,166.47000122070312,168.4499969482422,166.03036499023438,3337500
2024-05-07,ZTS,166.9600067138672,172.22999572753906,166.47000122070312,168.4499969482422,166.03036499023438,3337500
2024-05-08,ZTS,167.0800018310547,167.5,161.0,164.9199981689453,162.55108642578125,4673100
2024-05-08,ZTS,167.0800018310547,167.5,161.0,164.9199981689453,162.55108642578125,4673100
2024-05-09,ZTS,165.8000030517578,168.38999938964844,164.9199981689453,168.1300048828125,165.7149658203125,2145300
2024-05-09,ZTS,165.8000030517578,168.38999938964844,164.9199981689453,168.1300048828125,165.7149658203125,2145300
2024-05-10,ZTS,168.7100067138672,169.99000549316406,168.2899932861328,169.0399932861328,166.6118927001953,2010700
2024-05-10,ZTS,168.7100067138672,169.99000549316406,168.2899932861328,169.0399932861328,166.6118927001953,2010700
2024-05-13,ZTS,169.42999267578125,171.55999755859375,167.8000030517578,167.91000366210938,165.4981231689453,2125800
2024-05-13,ZTS,169.42999267578125,171.55999755859375,167.8000030517578,167.91000366210938,165.4981231689453,2125800
2024-05-14,ZTS,169.80999755859375,170.1999969482422,168.6300048828125,168.8699951171875,166.44435119628906,2050100
2024-05-14,ZTS,169.80999755859375,170.1999969482422,168.6300048828125,168.8699951171875,166.44435119628906,2050100
2024-05-15,ZTS,170.85000610351562,174.99000549316406,170.63999938964844,173.27999877929688,170.7909698486328,2585700
2024-05-15,ZTS,170.85000610351562,174.99000549316406,170.63999938964844,173.27999877929688,170.7909698486328,2585700
2024-05-16,ZTS,172.77999877929688,174.83999633789062,172.55999755859375,173.7100067138672,171.21482849121094,1694900
2024-05-16,ZTS,172.77999877929688,174.83999633789062,172.55999755859375,173.7100067138672,171.21482849121094,1694900
2024-05-17,ZTS,174.0500030517578,174.66000366210938,172.5800018310547,174.05999755859375,171.55978393554688,1999500
2024-05-17,ZTS,174.0500030517578,174.66000366210938,172.5800018310547,174.05999755859375,171.55978393554688,1999500
2024-05-20,ZTS,173.58999633789062,174.7100067138672,172.19000244140625,174.38999938964844,171.88504028320312,2254400
2024-05-20,ZTS,173.58999633789062,174.7100067138672,172.19000244140625,174.38999938964844,171.88504028320312,2254400
2024-05-21,ZTS,173.47000122070312,175.77999877929688,172.52000427246094,172.7899932861328,170.30801391601562,1600400
2024-05-21,ZTS,173.47000122070312,175.77999877929688,172.52000427246094,172.7899932861328,170.30801391601562,1600400
2024-05-22,ZTS,172.02000427246094,173.97999572753906,170.99000549316406,172.0500030517578,169.5786590576172,1575700
2024-05-22,ZTS,172.02000427246094,173.97999572753906,170.99000549316406,172.0500030517578,169.5786590576172,1575700
2024-05-23,ZTS,172.02000427246094,172.50999450683594,169.72999572753906,170.89999389648438,168.44517517089844,1946000
2024-05-23,ZTS,172.02000427246094,172.50999450683594,169.72999572753906,170.89999389648438,168.44517517089844,1946000
2024-05-24,ZTS,171.57000732421875,172.27000427246094,169.72999572753906,170.07000732421875,167.62710571289062,1893800
2024-05-24,ZTS,171.57000732421875,172.27000427246094,169.72999572753906,170.07000732421875,167.62710571289062,1893800
2024-05-28,ZTS,170.0399932861328,171.7100067138672,169.1999969482422,171.3000030517578,168.83944702148438,2304300
2024-05-28,ZTS,170.0399932861328,171.7100067138672,169.1999969482422,171.3000030517578,168.83944702148438,2304300
2024-05-29,ZTS,169.47999572753906,173.42999267578125,169.41000366210938,170.8000030517578,168.3466033935547,3071200
2024-05-29,ZTS,169.47999572753906,173.42999267578125,169.41000366210938,170.8000030517578,168.3466033935547,3071200
2024-05-30,ZTS,170.67999267578125,174.1699981689453,168.30999755859375,169.44000244140625,167.0061492919922,2904700
2024-05-30,ZTS,170.67999267578125,174.1699981689453,168.30999755859375,169.44000244140625,167.0061492919922,2904700
2024-05-31,ZTS,170.0,172.14999389648438,167.9600067138672,169.55999755859375,167.12442016601562,4088400
2024-05-31,ZTS,170.0,172.14999389648438,167.9600067138672,169.55999755859375,167.12442016601562,4088400
2024-06-03,ZTS,170.0399932861328,174.27000427246094,169.97999572753906,172.3699951171875,169.89405822753906,2142700
2024-06-03,ZTS,170.0399932861328,174.27000427246094,169.97999572753906,172.3699951171875,169.89405822753906,2142700
2024-06-04,ZTS,170.92999267578125,172.25999450683594,169.66000366210938,171.8800048828125,169.41111755371094,1304400
2024-06-04,ZTS,170.92999267578125,172.25999450683594,169.66000366210938,171.8800048828125,169.41111755371094,1304400
2024-06-05,ZTS,172.89999389648438,176.72999572753906,172.89999389648438,175.82000732421875,173.29452514648438,1870800
2024-06-05,ZTS,172.89999389648438,176.72999572753906,172.89999389648438,175.82000732421875,173.29452514648438,1870800
2024-06-06,ZTS,174.52000427246094,176.89999389648438,173.99000549316406,176.77999877929688,174.24070739746094,2722200
2024-06-06,ZTS,174.52000427246094,176.89999389648438,173.99000549316406,176.77999877929688,174.24070739746094,2722200
2024-06-07,ZTS,175.89999389648438,177.1199951171875,175.25,176.9199981689453,174.3787078857422,1819400
2024-06-07,ZTS,175.89999389648438,177.1199951171875,175.25,176.9199981689453,174.3787078857422,1819400
2024-06-10,ZTS,176.57000732421875,179.75999450683594,176.02000427246094,178.8300018310547,176.26126098632812,2506900
2024-06-10,ZTS,176.57000732421875,179.75999450683594,176.02000427246094,178.8300018310547,176.26126098632812,2506900
2024-06-11,ZTS,178.5,179.0,177.4600067138672,178.5399932861328,175.97543334960938,1844100
2024-06-11,ZTS,178.5,179.0,177.4600067138672,178.5399932861328,175.97543334960938,1844100
2024-06-12,ZTS,179.0,179.1300048828125,174.8000030517578,175.85000610351562,173.32408142089844,2068300
2024-06-12,ZTS,179.0,179.1300048828125,174.8000030517578,175.85000610351562,173.32408142089844,2068300
2024-06-13,ZTS,175.8699951171875,176.5,170.80999755859375,171.32000732421875,168.85914611816406,2298800
2024-06-13,ZTS,175.8699951171875,176.5,170.80999755859375,171.32000732421875,168.85914611816406,2298800
2024-06-14,ZTS,170.4499969482422,171.58999633789062,168.88999938964844,170.5500030517578,168.10023498535156,2225300
2024-06-14,ZTS,170.4499969482422,171.58999633789062,168.88999938964844,170.5500030517578,168.10023498535156,2225300
2024-06-17,ZTS,168.3000030517578,171.6199951171875,167.32000732421875,170.89999389648438,168.44517517089844,1798700
2024-06-17,ZTS,168.3000030517578,171.6199951171875,167.32000732421875,170.89999389648438,168.44517517089844,1798700
2024-06-18,ZTS,170.39999389648438,171.58999633789062,168.77000427246094,169.66000366210938,167.22300720214844,2273700
2024-06-18,ZTS,170.39999389648438,171.58999633789062,168.77000427246094,169.66000366210938,167.22300720214844,2273700
2024-06-20,ZTS,169.82000732421875,171.10000610351562,167.10000610351562,168.17999267578125,165.76422119140625,3233700
2024-06-20,ZTS,169.82000732421875,171.10000610351562,167.10000610351562,168.17999267578125,165.76422119140625,3233700
2024-06-21,ZTS,169.3800048828125,171.7899932861328,169.35000610351562,171.08999633789062,168.6324462890625,4891600
2024-06-21,ZTS,169.3800048828125,171.7899932861328,169.35000610351562,171.08999633789062,168.6324462890625,4891600
2024-06-24,ZTS,171.7100067138672,174.2899932861328,170.3000030517578,171.83999633789062,169.37167358398438,1885900
2024-06-24,ZTS,171.7100067138672,174.2899932861328,170.3000030517578,171.83999633789062,169.37167358398438,1885900
2024-06-25,ZTS,171.7899932861328,172.4199981689453,167.72000122070312,167.97999572753906,165.56710815429688,2284400
2024-06-25,ZTS,171.7899932861328,172.4199981689453,167.72000122070312,167.97999572753906,165.56710815429688,2284400
2024-06-26,ZTS,167.2100067138672,171.50999450683594,166.4499969482422,170.89999389648438,168.44517517089844,2053800
2024-06-26,ZTS,167.2100067138672,171.50999450683594,166.4499969482422,170.89999389648438,168.44517517089844,2053800
2024-06-27,ZTS,174.49000549316406,181.66000366210935,174.25999450683594,176.4600067138672,173.92530822753906,4164700
2024-06-27,ZTS,174.49000549316406,181.66000366210935,174.25999450683594,176.4600067138672,173.92530822753906,4164700
2024-06-28,ZTS,176.4600067138672,177.07000732421875,173.02999877929688,173.36000061035156,170.86984252929688,4189600
2024-06-28,ZTS,176.4600067138672,177.07000732421875,173.02999877929688,173.36000061035156,170.86984252929688,4189600
2024-07-01,ZTS,173.25999450683594,175.4600067138672,172.0,172.5800018310547,170.10105895996094,1589800
2024-07-01,ZTS,173.25999450683594,175.4600067138672,172.0,172.5800018310547,170.10105895996094,1589800
2024-07-02,ZTS,172.49000549316406,175.99000549316406,172.49000549316406,174.80999755859375,172.29901123046875,2454200
2024-07-02,ZTS,172.49000549316406,175.99000549316406,172.49000549316406,174.80999755859375,172.29901123046875,2454200
2024-07-03,ZTS,175.44000244140625,177.6699981689453,175.25999450683594,175.60000610351562,173.0776824951172,1251800
2024-07-03,ZTS,175.44000244140625,177.6699981689453,175.25999450683594,175.60000610351562,173.0776824951172,1251800
2024-07-05,ZTS,175.1999969482422,175.9600067138672,174.25,174.9600067138672,172.44688415527344,1812100
2024-07-05,ZTS,175.1999969482422,175.9600067138672,174.25,174.9600067138672,172.44688415527344,1812100
2024-07-08,ZTS,175.41000366210938,177.13999938964844,174.72000122070312,175.42999267578125,172.91009521484375,1704700
2024-07-08,ZTS,175.41000366210938,177.13999938964844,174.72000122070312,175.42999267578125,172.91009521484375,1704700
2024-07-09,ZTS,175.69000244140625,175.72999572753906,173.32000732421875,174.24000549316406,171.73721313476562,1777500
2024-07-09,ZTS,175.69000244140625,175.72999572753906,173.32000732421875,174.24000549316406,171.73721313476562,1777500
2024-07-10,ZTS,174.6699981689453,174.6699981689453,171.50999450683594,173.49000549316406,170.99798583984375,1971000
2024-07-10,ZTS,174.6699981689453,174.6699981689453,171.50999450683594,173.49000549316406,170.99798583984375,1971000
2024-07-11,ZTS,174.80999755859375,178.5500030517578,174.00999450683594,177.74000549316406,175.1869354248047,1989900
2024-07-11,ZTS,174.80999755859375,178.5500030517578,174.00999450683594,177.74000549316406,175.1869354248047,1989900
2024-07-12,ZTS,179.0,179.7100067138672,177.80999755859375,179.0399932861328,176.46824645996094,1672800
2024-07-12,ZTS,179.0,179.7100067138672,177.80999755859375,179.0399932861328,176.46824645996094,1672800
2024-07-15,ZTS,178.5800018310547,180.8500061035156,177.82000732421875,177.97999572753906,175.4234619140625,2216500
2024-07-15,ZTS,178.5800018310547,180.8500061035156,177.82000732421875,177.97999572753906,175.4234619140625,2216500
2024-07-16,ZTS,178.10000610351562,183.22000122070312,177.77999877929688,182.91000366210935,180.2826690673828,1939900
2024-07-16,ZTS,178.10000610351562,183.22000122070312,177.77999877929688,182.91000366210935,180.2826690673828,1939900
2024-07-17,ZTS,182.0,184.83999633789065,180.55999755859372,182.0500030517578,179.4350128173828,2190800
2024-07-17,ZTS,182.0,184.83999633789065,180.55999755859372,182.0500030517578,179.4350128173828,2190800
2024-07-18,ZTS,180.55999755859372,184.2400054931641,179.1699981689453,179.22999572753906,177.07571411132812,2171100
2024-07-18,ZTS,180.55999755859372,184.2400054931641,179.1699981689453,179.22999572753906,177.07571411132812,2171100
2024-07-19,ZTS,180.0399932861328,180.50999450683597,176.1699981689453,178.5800018310547,176.43353271484375,2131400
2024-07-19,ZTS,180.0399932861328,180.50999450683597,176.1699981689453,178.5800018310547,176.43353271484375,2131400
2024-07-22,ZTS,180.8000030517578,182.1699981689453,178.77999877929688,180.75999450683597,178.5873260498047,1532900
2024-07-22,ZTS,180.8000030517578,182.1699981689453,178.77999877929688,180.75999450683597,178.5873260498047,1532900
2024-07-23,ZTS,181.1300048828125,182.17999267578125,179.25,179.3800048828125,177.22393798828125,1329400
2024-07-23,ZTS,181.1300048828125,182.17999267578125,179.25,179.3800048828125,177.22393798828125,1329400
2024-07-24,ZTS,179.3300018310547,180.83999633789065,178.38999938964844,179.66000366210938,177.5005645751953,1309300
2024-07-24,ZTS,179.3300018310547,180.83999633789065,178.38999938964844,179.66000366210938,177.5005645751953,1309300
2024-07-25,ZTS,181.0,186.4499969482422,179.75999450683594,180.75999450683597,178.5873260498047,2473700
2024-07-25,ZTS,181.0,186.4499969482422,179.75999450683594,180.75999450683597,178.5873260498047,2473700
2024-07-26,ZTS,182.25999450683597,183.8500061035156,179.25999450683594,179.83999633789062,177.6783905029297,2437300
2024-07-26,ZTS,182.25999450683597,183.8500061035156,179.25999450683594,179.83999633789062,177.6783905029297,2437300
2024-07-29,ZTS,180.6300048828125,183.0800018310547,179.14999389648438,181.8300018310547,179.64447021484375,1302900
2024-07-29,ZTS,180.6300048828125,183.0800018310547,179.14999389648438,181.8300018310547,179.64447021484375,1302900
2024-07-30,ZTS,181.97000122070312,184.7899932861328,180.0399932861328,181.8300018310547,179.64447021484375,2271300
2024-07-30,ZTS,181.97000122070312,184.7899932861328,180.0399932861328,181.8300018310547,179.64447021484375,2271300
2024-07-31,ZTS,182.5,183.25999450683597,179.8300018310547,180.0399932861328,177.8759765625,1740100
2024-07-31,ZTS,182.5,183.25999450683597,179.8300018310547,180.0399932861328,177.8759765625,1740100
2024-08-01,ZTS,181.0500030517578,183.92999267578125,180.6000061035156,182.4199981689453,180.2273712158203,1987800
2024-08-01,ZTS,181.0500030517578,183.92999267578125,180.6000061035156,182.4199981689453,180.2273712158203,1987800
2024-08-02,ZTS,181.6000061035156,183.52999877929688,178.52999877929688,180.58999633789065,178.41937255859375,2699600
2024-08-02,ZTS,181.6000061035156,183.52999877929688,178.52999877929688,180.58999633789065,178.41937255859375,2699600
2024-08-05,ZTS,176.17999267578125,178.2899932861328,172.24000549316406,174.82000732421875,172.71873474121094,3197400
2024-08-05,ZTS,176.17999267578125,178.2899932861328,172.24000549316406,174.82000732421875,172.71873474121094,3197400
2024-08-06,ZTS,185.0,189.82000732421875,184.0,185.2899932861328,183.06288146972656,3832500
2024-08-06,ZTS,185.0,189.82000732421875,184.0,185.2899932861328,183.06288146972656,3832500
2024-08-07,ZTS,186.0,190.22000122070312,184.5,184.7700042724609,182.5491485595703,2097100
2024-08-07,ZTS,186.0,190.22000122070312,184.5,184.7700042724609,182.5491485595703,2097100
2024-08-08,ZTS,185.50999450683597,188.83999633789065,185.5,188.3000030517578,186.0366973876953,1734100
2024-08-08,ZTS,185.50999450683597,188.83999633789065,185.5,188.3000030517578,186.0366973876953,1734100
2024-08-09,ZTS,188.3699951171875,189.6300048828125,185.1699981689453,185.25,183.0233459472656,1881700
2024-08-09,ZTS,188.3699951171875,189.6300048828125,185.1699981689453,185.25,183.0233459472656,1881700
2024-08-12,ZTS,184.8600006103516,185.25,182.33999633789065,183.80999755859372,181.6006622314453,1638100
2024-08-12,ZTS,184.8600006103516,185.25,182.33999633789065,183.80999755859372,181.6006622314453,1638100
2024-08-13,ZTS,184.6199951171875,189.0399932861328,184.6199951171875,188.3800048828125,186.11575317382807,1732700
2024-08-13,ZTS,184.6199951171875,189.0399932861328,184.6199951171875,188.3800048828125,186.11575317382807,1732700
2024-08-14,ZTS,188.0500030517578,188.5,182.4900054931641,183.3800048828125,181.17584228515625,2153100
2024-08-14,ZTS,188.0500030517578,188.5,182.4900054931641,183.3800048828125,181.17584228515625,2153100
2024-08-15,ZTS,184.5200042724609,186.1699981689453,182.7100067138672,184.0800018310547,181.867431640625,1891900
2024-08-15,ZTS,184.5200042724609,186.1699981689453,182.7100067138672,184.0800018310547,181.867431640625,1891900
2024-08-16,ZTS,183.72000122070312,184.6100006103516,182.25,183.7100067138672,181.5018768310547,1588400
2024-08-16,ZTS,183.72000122070312,184.6100006103516,182.25,183.7100067138672,181.5018768310547,1588400
2024-08-19,ZTS,183.8000030517578,184.5200042724609,182.55999755859372,184.47999572753903,182.2626037597656,1637000
2024-08-19,ZTS,183.8000030517578,184.5200042724609,182.55999755859372,184.47999572753903,182.2626037597656,1637000
2024-08-20,ZTS,184.47999572753903,184.75999450683597,182.8999938964844,183.6000061035156,181.3932037353516,1186400
2024-08-20,ZTS,184.47999572753903,184.75999450683597,182.8999938964844,183.6000061035156,181.3932037353516,1186400
2024-08-21,ZTS,184.2700042724609,184.52999877929688,181.82000732421875,182.8999938964844,180.70159912109372,1246800
2024-08-21,ZTS,184.2700042724609,184.52999877929688,181.82000732421875,182.8999938964844,180.70159912109372,1246800
2024-08-22,ZTS,183.41000366210935,184.3500061035156,181.50999450683597,182.1699981689453,179.98037719726562,1135800
2024-08-22,ZTS,183.41000366210935,184.3500061035156,181.50999450683597,182.1699981689453,179.98037719726562,1135800
2024-08-23,ZTS,182.8600006103516,182.94000244140625,180.17999267578125,180.8999938964844,178.7256317138672,1262400
2024-08-23,ZTS,182.8600006103516,182.94000244140625,180.17999267578125,180.8999938964844,178.7256317138672,1262400
2024-08-26,ZTS,181.0399932861328,182.58999633789065,180.5200042724609,181.55999755859372,179.37771606445312,1015900
2024-08-26,ZTS,181.0399932861328,182.58999633789065,180.5200042724609,181.55999755859372,179.37771606445312,1015900
2024-08-27,ZTS,181.97999572753903,183.08999633789065,181.4199981689453,182.1000061035156,179.9112091064453,1423900
2024-08-27,ZTS,181.97999572753903,183.08999633789065,181.4199981689453,182.1000061035156,179.9112091064453,1423900
2024-08-28,ZTS,182.1000061035156,184.6100006103516,182.1000061035156,182.91000366210935,180.71148681640625,1485400
2024-08-28,ZTS,182.1000061035156,184.6100006103516,182.1000061035156,182.91000366210935,180.71148681640625,1485400
2024-08-29,ZTS,183.91000366210935,184.7100067138672,182.47999572753903,182.88999938964844,180.69171142578125,1359900
2024-08-29,ZTS,183.91000366210935,184.7100067138672,182.47999572753903,182.88999938964844,180.69171142578125,1359900
2024-08-30,ZTS,183.08999633789065,184.22000122070312,180.97999572753903,183.4900054931641,181.28453063964844,2328500
2024-08-30,ZTS,183.08999633789065,184.22000122070312,180.97999572753903,183.4900054931641,181.28453063964844,2328500
2024-09-03,ZTS,182.7100067138672,184.75,182.4600067138672,183.57000732421875,181.36355590820312,1680900
2024-09-03,ZTS,182.7100067138672,184.75,182.4600067138672,183.57000732421875,181.36355590820312,1680900
2024-09-04,ZTS,183.19000244140625,187.50999450683597,181.55999755859372,187.3300018310547,185.078369140625,1870800
2024-09-04,ZTS,183.19000244140625,187.50999450683597,181.55999755859372,187.3300018310547,185.078369140625,1870800
2024-09-05,ZTS,187.66000366210935,188.0500030517578,185.83999633789065,186.58999633789065,184.3472442626953,1465700
2024-09-05,ZTS,187.66000366210935,188.0500030517578,185.83999633789065,186.58999633789065,184.3472442626953,1465700
2024-09-06,ZTS,187.4600067138672,190.44000244140625,187.05999755859372,189.22999572753903,186.9555206298828,2710100
2024-09-06,ZTS,187.4600067138672,190.44000244140625,187.05999755859372,189.22999572753903,186.9555206298828,2710100
2024-09-09,ZTS,190.5500030517578,193.6100006103516,190.08999633789065,191.72999572753903,189.4254608154297,2652700
2024-09-09,ZTS,190.5500030517578,193.6100006103516,190.08999633789065,191.72999572753903,189.4254608154297,2652700
2024-09-10,ZTS,191.72999572753903,192.7700042724609,187.82000732421875,191.3600006103516,189.05992126464844,2675600
2024-09-10,ZTS,191.72999572753903,192.7700042724609,187.82000732421875,191.3600006103516,189.05992126464844,2675600
2024-09-11,ZTS,190.7100067138672,191.1499938964844,186.44000244140625,189.9900054931641,187.70639038085935,1387900
2024-09-11,ZTS,190.7100067138672,191.1499938964844,186.44000244140625,189.9900054931641,187.70639038085935,1387900
2024-09-12,ZTS,189.97999572753903,190.8699951171875,187.13999938964844,190.7100067138672,188.41775512695312,1046000
2024-09-12,ZTS,189.97999572753903,190.8699951171875,187.13999938964844,190.7100067138672,188.41775512695312,1046000
2024-09-13,ZTS,190.57000732421875,192.6199951171875,190.13999938964844,191.08999633789065,188.7931671142578,1725200
2024-09-13,ZTS,190.57000732421875,192.6199951171875,190.13999938964844,191.08999633789065,188.7931671142578,1725200
2024-09-16,ZTS,192.25,194.4499969482422,191.2100067138672,194.25,191.9151763916016,1263400
2024-09-16,ZTS,192.25,194.4499969482422,191.2100067138672,194.25,191.9151763916016,1263400
2024-09-17,ZTS,194.47999572753903,196.30999755859372,194.0,195.7100067138672,193.35765075683597,1962900
2024-09-17,ZTS,194.47999572753903,196.30999755859372,194.0,195.7100067138672,193.35765075683597,1962900
2024-09-18,ZTS,196.8000030517578,198.38999938964844,194.3699951171875,196.47999572753903,194.11837768554688,1993800
2024-09-18,ZTS,196.8000030517578,198.38999938964844,194.3699951171875,196.47999572753903,194.11837768554688,1993800
2024-09-19,ZTS,198.22999572753903,200.3300018310547,191.30999755859372,193.2400054931641,190.91734313964844,2463100
2024-09-19,ZTS,198.22999572753903,200.3300018310547,191.30999755859372,193.2400054931641,190.91734313964844,2463100
2024-09-20,ZTS,192.94000244140625,194.5500030517578,191.07000732421875,192.63999938964844,190.32452392578125,3520700
2024-09-20,ZTS,192.94000244140625,194.5500030517578,191.07000732421875,192.63999938964844,190.32452392578125,3520700
2024-09-23,ZTS,192.80999755859372,193.66000366210935,191.0800018310547,193.58999633789065,191.2631072998047,1315700
2024-09-23,ZTS,192.80999755859372,193.66000366210935,191.0800018310547,193.58999633789065,191.2631072998047,1315700
2024-09-24,ZTS,194.9600067138672,195.7100067138672,192.88999938964844,193.69000244140625,191.36192321777344,2045100
2024-09-24,ZTS,194.9600067138672,195.7100067138672,192.88999938964844,193.69000244140625,191.36192321777344,2045100
2024-09-25,ZTS,193.83999633789065,195.77999877929688,190.8000030517578,191.52999877929688,189.22789001464844,1906300
2024-09-25,ZTS,193.83999633789065,195.77999877929688,190.8000030517578,191.52999877929688,189.22789001464844,1906300
2024-09-26,ZTS,192.1199951171875,195.16000366210935,191.8699951171875,194.8699951171875,192.5277404785156,1556100
2024-09-26,ZTS,192.1199951171875,195.16000366210935,191.8699951171875,194.8699951171875,192.5277404785156,1556100
2024-09-27,ZTS,195.6499938964844,197.50999450683597,194.4199981689453,194.80999755859372,192.4684600830078,1343700
2024-09-27,ZTS,195.6499938964844,197.50999450683597,194.4199981689453,194.80999755859372,192.4684600830078,1343700
2024-09-30,ZTS,195.00999450683597,196.0,193.5800018310547,195.3800048828125,193.0316162109375,1838200
2024-09-30,ZTS,195.00999450683597,196.0,193.5800018310547,195.3800048828125,193.0316162109375,1838200
2024-10-01,ZTS,195.4499969482422,196.0,191.0800018310547,194.4199981689453,192.0831451416016,1951200
2024-10-01,ZTS,195.4499969482422,196.0,191.0800018310547,194.4199981689453,192.0831451416016,1951200
2024-10-02,ZTS,193.5200042724609,194.38999938964844,191.25999450683597,192.4600067138672,190.14669799804688,1233300
2024-10-02,ZTS,193.5200042724609,194.38999938964844,191.25999450683597,192.4600067138672,190.14669799804688,1233300
2024-10-03,ZTS,191.88999938964844,192.3300018310547,190.0,190.9900054931641,188.69436645507807,1325000
2024-10-03,ZTS,191.88999938964844,192.3300018310547,190.0,190.9900054931641,188.69436645507807,1325000
2024-10-04,ZTS,190.9900054931641,191.8699951171875,189.0,190.02999877929688,187.7459259033203,1697700
2024-10-04,ZTS,190.9900054931641,191.8699951171875,189.0,190.02999877929688,187.7459259033203,1697700
2024-10-07,ZTS,190.0800018310547,190.1199951171875,186.63999938964844,187.27999877929688,185.02896118164065,1847300
2024-10-07,ZTS,190.0800018310547,190.1199951171875,186.63999938964844,187.27999877929688,185.02896118164065,1847300
2024-10-08,ZTS,187.0,189.25,186.6499938964844,187.3699951171875,185.1178741455078,1990100
2024-10-08,ZTS,187.0,189.25,186.6499938964844,187.3699951171875,185.1178741455078,1990100
2024-10-09,ZTS,187.27999877929688,190.44000244140625,187.00999450683597,190.1699981689453,187.88421630859372,965400
2024-10-09,ZTS,187.27999877929688,190.44000244140625,187.00999450683597,190.1699981689453,187.88421630859372,965400
2024-10-10,ZTS,189.75999450683597,190.7700042724609,188.9199981689453,190.27999877929688,187.99288940429688,1153600
2024-10-10,ZTS,189.75999450683597,190.7700042724609,188.9199981689453,190.27999877929688,187.99288940429688,1153600
2024-10-11,ZTS,190.2100067138672,192.82000732421875,189.6999969482422,190.0800018310547,187.7953186035156,1819900
2024-10-11,ZTS,190.2100067138672,192.82000732421875,189.6999969482422,190.0800018310547,187.7953186035156,1819900
2024-10-14,ZTS,190.16000366210935,193.0399932861328,189.7899932861328,192.6499938964844,190.33441162109372,1616400
2024-10-14,ZTS,190.16000366210935,193.0399932861328,189.7899932861328,192.6499938964844,190.33441162109372,1616400
2024-10-15,ZTS,192.27999877929688,195.82000732421875,191.94000244140625,192.38999938964844,190.0775604248047,1414600
2024-10-15,ZTS,192.27999877929688,195.82000732421875,191.94000244140625,192.38999938964844,190.0775604248047,1414600
2024-10-16,ZTS,192.0,195.8800048828125,191.75999450683597,194.44000244140625,192.1029052734375,1591500
2024-10-16,ZTS,192.0,195.8800048828125,191.75999450683597,194.44000244140625,192.1029052734375,1591500
2024-10-17,ZTS,195.7100067138672,196.5500030517578,190.88999938964844,191.0,188.7042388916016,1701200
2024-10-17,ZTS,195.7100067138672,196.5500030517578,190.88999938964844,191.0,188.7042388916016,1701200
2024-10-18,ZTS,191.16000366210935,193.4900054931641,190.5,193.27999877929688,190.95684814453125,1576400
2024-10-18,ZTS,191.16000366210935,193.4900054931641,190.5,193.27999877929688,190.95684814453125,1576400
2024-10-21,ZTS,192.47999572753903,193.0,189.17999267578125,189.4499969482422,187.17288208007807,959500
2024-10-21,ZTS,192.47999572753903,193.0,189.17999267578125,189.4499969482422,187.17288208007807,959500
2024-10-22,ZTS,188.41000366210935,189.82000732421875,187.22000122070312,189.50999450683597,187.23214721679688,1441900
2024-10-22,ZTS,188.41000366210935,189.82000732421875,187.22000122070312,189.50999450683597,187.23214721679688,1441900
2024-10-23,ZTS,189.3999938964844,189.97999572753903,187.55999755859372,188.9900054931641,186.7183990478516,1339500
2024-10-23,ZTS,189.3999938964844,189.97999572753903,187.55999755859372,188.9900054931641,186.7183990478516,1339500
2024-10-24,ZTS,187.55999755859372,188.25,180.05999755859375,181.5,179.3184356689453,4485900
2024-10-24,ZTS,187.55999755859372,188.25,180.05999755859375,181.5,179.3184356689453,4485900
2024-10-25,ZTS,181.4900054931641,182.02999877929688,179.6699981689453,180.00999450683594,177.84632873535156,2622900
2024-10-25,ZTS,181.4900054931641,182.02999877929688,179.6699981689453,180.00999450683594,177.84632873535156,2622900
2024-10-28,ZTS,181.52999877929688,183.1000061035156,180.6999969482422,182.75999450683597,180.56329345703125,1909700
2024-10-28,ZTS,181.52999877929688,183.1000061035156,180.6999969482422,182.75999450683597,180.56329345703125,1909700
2024-10-29,ZTS,182.00999450683597,184.41000366210935,181.0399932861328,181.2700042724609,179.09120178222656,1696000
2024-10-29,ZTS,182.00999450683597,184.41000366210935,181.0399932861328,181.2700042724609,179.09120178222656,1696000
2024-10-30,ZTS,179.9199981689453,183.80999755859372,179.8000030517578,182.7400054931641,180.5435333251953,1957800
2024-10-30,ZTS,179.9199981689453,183.80999755859372,179.8000030517578,182.7400054931641,180.5435333251953,1957800
2024-10-31,ZTS,180.22000122070312,181.5800018310547,178.74000549316406,178.77999877929688,177.04966735839844,2120000
2024-10-31,ZTS,180.22000122070312,181.5800018310547,178.74000549316406,178.77999877929688,177.04966735839844,2120000
2024-11-01,ZTS,179.97999572753906,183.1100006103516,179.1999969482422,181.9499969482422,180.18899536132807,2838600
2024-11-01,ZTS,179.97999572753906,183.1100006103516,179.1999969482422,181.9499969482422,180.18899536132807,2838600
2024-11-04,ZTS,176.63999938964844,179.1699981689453,173.58999633789062,175.17999267578125,173.48451232910156,4164000
2024-11-04,ZTS,176.63999938964844,179.1699981689453,173.58999633789062,175.17999267578125,173.48451232910156,4164000
2024-11-05,ZTS,174.55999755859375,176.8000030517578,172.25,175.27000427246094,173.5736541748047,2453800
2024-11-05,ZTS,174.55999755859375,176.8000030517578,172.25,175.27000427246094,173.5736541748047,2453800
2024-11-06,ZTS,178.52000427246094,178.9199981689453,169.30999755859375,170.3699951171875,168.7210693359375,5362100
2024-11-06,ZTS,178.52000427246094,178.9199981689453,169.30999755859375,170.3699951171875,168.7210693359375,5362100
2024-11-07,ZTS,172.58999633789062,174.7899932861328,169.63999938964844,174.25,172.56353759765625,3781300
2024-11-07,ZTS,172.58999633789062,174.7899932861328,169.63999938964844,174.25,172.56353759765625,3781300
2024-11-08,ZTS,174.25,177.10000610351562,173.22000122070312,176.82000732421875,175.10865783691406,3243400
2024-11-08,ZTS,174.25,177.10000610351562,173.22000122070312,176.82000732421875,175.10865783691406,3243400
2024-11-11,ZTS,176.92999267578125,178.3800048828125,175.0,176.14999389648438,174.44512939453125,3399500
2024-11-11,ZTS,176.92999267578125,178.3800048828125,175.0,176.14999389648438,174.44512939453125,3399500
2024-11-12,ZTS,175.38999938964844,176.50999450683594,173.75,173.9600067138672,172.27633666992188,2704100
2024-11-12,ZTS,175.38999938964844,176.50999450683594,173.75,173.9600067138672,172.27633666992188,2704100
2024-11-13,ZTS,175.32000732421875,177.5,174.91000366210938,177.0399932861328,175.32652282714844,2375300
2024-11-13,ZTS,175.32000732421875,177.5,174.91000366210938,177.0399932861328,175.32652282714844,2375300
2024-11-14,ZTS,177.47999572753906,178.97000122070312,173.80999755859375,174.6300048828125,172.93984985351562,3009800
2024-11-14,ZTS,177.47999572753906,178.97000122070312,173.80999755859375,174.6300048828125,172.93984985351562,3009800
2024-11-15,ZTS,173.0,177.07000732421875,170.75,175.13999938964844,173.44491577148438,3426500
2024-11-15,ZTS,173.0,177.07000732421875,170.75,175.13999938964844,173.44491577148438,3426500
2024-11-18,ZTS,174.1300048828125,177.1999969482422,173.66000366210938,176.4199981689453,174.71250915527344,3172900
2024-11-18,ZTS,174.1300048828125,177.1999969482422,173.66000366210938,176.4199981689453,174.71250915527344,3172900
2024-11-19,ZTS,174.8800048828125,176.5,173.24000549316406,175.55999755859375,173.86083984375,2208300
2024-11-19,ZTS,174.8800048828125,176.5,173.24000549316406,175.55999755859375,173.86083984375,2208300
2024-11-20,ZTS,176.4199981689453,177.41000366210938,173.8300018310547,175.6699981689453,173.96978759765625,2187300
2024-11-20,ZTS,176.4199981689453,177.41000366210938,173.8300018310547,175.6699981689453,173.96978759765625,2187300
2024-11-21,ZTS,175.6999969482422,177.66000366210938,174.5500030517578,176.7100067138672,174.99972534179688,2019500
2024-11-21,ZTS,175.6999969482422,177.66000366210938,174.5500030517578,176.7100067138672,174.99972534179688,2019500
2024-11-22,ZTS,176.35000610351562,178.07000732421875,176.27999877929688,176.9600067138672,175.247314453125,1854600
2024-11-22,ZTS,176.35000610351562,178.07000732421875,176.27999877929688,176.9600067138672,175.247314453125,1854600
2024-11-25,ZTS,177.0,178.8000030517578,176.14999389648438,178.7100067138672,176.98037719726562,4558300
2024-11-25,ZTS,177.0,178.8000030517578,176.14999389648438,178.7100067138672,176.98037719726562,4558300
2024-11-26,ZTS,178.4499969482422,178.64999389648438,174.83999633789062,175.6999969482422,173.99948120117188,2539600
2024-11-26,ZTS,178.4499969482422,178.64999389648438,174.83999633789062,175.6999969482422,173.99948120117188,2539600
2024-11-27,ZTS,175.27000427246094,179.27000427246094,175.0,176.74000549316406,175.02943420410156,2315800
2024-11-27,ZTS,175.27000427246094,179.27000427246094,175.0,176.74000549316406,175.02943420410156,2315800
2024-11-29,ZTS,176.92999267578125,177.80999755859375,175.24000549316406,175.25,173.55384826660156,1543400
2024-11-29,ZTS,176.92999267578125,177.80999755859375,175.24000549316406,175.25,173.55384826660156,1543400
2024-12-02,ZTS,175.77999877929688,176.91000366210938,173.72999572753906,176.80999755859375,175.09873962402344,2391500
2024-12-02,ZTS,175.77999877929688,176.91000366210938,173.72999572753906,176.80999755859375,175.09873962402344,2391500
2024-12-03,ZTS,176.7100067138672,181.3999938964844,176.55999755859375,176.94000244140625,175.2274932861328,2679000
2024-12-03,ZTS,176.7100067138672,181.3999938964844,176.55999755859375,176.94000244140625,175.2274932861328,2679000
2024-12-04,ZTS,174.60000610351562,178.5,174.5399932861328,175.32000732421875,173.62318420410156,2687000
2024-12-04,ZTS,174.60000610351562,178.5,174.5399932861328,175.32000732421875,173.62318420410156,2687000
2024-12-05,ZTS,175.27000427246094,176.52999877929688,173.72000122070312,174.77000427246094,173.07850646972656,2442000
2024-12-05,ZTS,175.27000427246094,176.52999877929688,173.72000122070312,174.77000427246094,173.07850646972656,2442000
2024-12-06,ZTS,174.77000427246094,177.5500030517578,174.41000366210938,176.4600067138672,174.7521514892578,2551200
2024-12-06,ZTS,174.77000427246094,177.5500030517578,174.41000366210938,176.4600067138672,174.7521514892578,2551200
2024-12-09,ZTS,175.8800048828125,179.77999877929688,175.0800018310547,178.14999389648438,176.42578125,2387300
2024-12-09,ZTS,175.8800048828125,179.77999877929688,175.0800018310547,178.14999389648438,176.42578125,2387300
2024-12-10,ZTS,177.8800048828125,178.50999450683594,176.1999969482422,176.7100067138672,174.99972534179688,1678200
2024-12-10,ZTS,177.8800048828125,178.50999450683594,176.1999969482422,176.7100067138672,174.99972534179688,1678200
2024-12-11,ZTS,176.25999450683594,178.3800048828125,175.80999755859375,177.1699981689453,175.45526123046875,1782400
2024-12-11,ZTS,176.25999450683594,178.3800048828125,175.80999755859375,177.1699981689453,175.45526123046875,1782400
2024-12-12,ZTS,176.9499969482422,179.6999969482422,176.55999755859375,178.83999633789062,177.1090850830078,1936000
2024-12-12,ZTS,176.9499969482422,179.6999969482422,176.55999755859375,178.83999633789062,177.1090850830078,1936000
2024-12-13,ZTS,178.97999572753906,181.8500061035156,176.6300048828125,178.17999267578125,176.4554901123047,1650300
2024-12-13,ZTS,178.97999572753906,181.8500061035156,176.6300048828125,178.17999267578125,176.4554901123047,1650300
2024-12-16,ZTS,177.99000549316406,179.2899932861328,175.7899932861328,175.80999755859375,174.10842895507812,1938800
2024-12-16,ZTS,177.99000549316406,179.2899932861328,175.7899932861328,175.80999755859375,174.10842895507812,1938800
2024-12-17,ZTS,175.0,177.32000732421875,169.52000427246094,170.7899932861328,169.13699340820312,3018300
2024-12-17,ZTS,175.0,177.32000732421875,169.52000427246094,170.7899932861328,169.13699340820312,3018300
2024-12-18,ZTS,170.07000732421875,170.94000244140625,166.89999389648438,167.00999450683594,165.39358520507812,2728300
2024-12-18,ZTS,170.07000732421875,170.94000244140625,166.89999389648438,167.00999450683594,165.39358520507812,2728300
2024-12-19,ZTS,166.58999633789062,167.44000244140625,163.3699951171875,163.52000427246094,161.9373779296875,3713700
2024-12-19,ZTS,166.58999633789062,167.44000244140625,163.3699951171875,163.52000427246094,161.9373779296875,3713700
2024-12-20,ZTS,163.75999450683594,166.38999938964844,163.52999877929688,164.83999633789062,163.24459838867188,6220100
2024-12-20,ZTS,163.75999450683594,166.38999938964844,163.52999877929688,164.83999633789062,163.24459838867188,6220100
2024-12-23,ZTS,164.83999633789062,165.8300018310547,162.72999572753906,164.27999877929688,162.6900177001953,2437800
2024-12-23,ZTS,164.83999633789062,165.8300018310547,162.72999572753906,164.27999877929688,162.6900177001953,2437800
2024-12-24,ZTS,163.6999969482422,165.0399932861328,162.74000549316406,164.6999969482422,163.10594177246094,1023600
2024-12-24,ZTS,163.6999969482422,165.0399932861328,162.74000549316406,164.6999969482422,163.10594177246094,1023600
2024-12-26,ZTS,163.72000122070312,165.7899932861328,163.02000427246094,165.52000427246094,163.91802978515625,2167200
2024-12-26,ZTS,163.72000122070312,165.7899932861328,163.02000427246094,165.52000427246094,163.91802978515625,2167200
2024-12-27,ZTS,164.9499969482422,166.52999877929688,163.52000427246094,164.60000610351562,163.00692749023438,1800100
2024-12-27,ZTS,164.9499969482422,166.52999877929688,163.52000427246094,164.60000610351562,163.00692749023438,1800100
2024-12-30,ZTS,163.88999938964844,164.0500030517578,161.4499969482422,162.24000549316406,160.66976928710938,1531400
2024-12-30,ZTS,163.88999938964844,164.0500030517578,161.4499969482422,162.24000549316406,160.66976928710938,1531400
2024-12-31,ZTS,162.89999389648438,163.75,161.8699951171875,162.92999267578125,161.35308837890625,1327400
2024-12-31,ZTS,162.89999389648438,163.75,161.8699951171875,162.92999267578125,161.35308837890625,1327400
2025-01-02,ZTS,164.8699951171875,165.66000366210938,162.0,162.61000061035156,161.0361785888672,2232800
2025-01-02,ZTS,164.8699951171875,165.66000366210938,162.0,162.61000061035156,161.0361785888672,2232800
2025-01-03,ZTS,162.24000549316406,163.8699951171875,160.58999633789062,163.30999755859375,161.7294158935547,2206400
2025-01-03,ZTS,162.24000549316406,163.8699951171875,160.58999633789062,163.30999755859375,161.7294158935547,2206400
2025-01-06,ZTS,162.77000427246094,167.5800018310547,162.0399932861328,165.89999389648438,164.29432678222656,2733900
2025-01-06,ZTS,162.77000427246094,167.5800018310547,162.0399932861328,165.89999389648438,164.29432678222656,2733900
2025-01-07,ZTS,163.1999969482422,165.5,161.36000061035156,163.49000549316406,161.9076690673828,2488500
2025-01-07,ZTS,163.1999969482422,165.5,161.36000061035156,163.49000549316406,161.9076690673828,2488500
2025-01-08,ZTS,162.97000122070312,165.13999938964844,161.3800048828125,165.02000427246094,163.42286682128906,2353200
2025-01-08,ZTS,162.97000122070312,165.13999938964844,161.3800048828125,165.02000427246094,163.42286682128906,2353200
2025-01-10,ZTS,163.60000610351562,165.0,162.8800048828125,163.32000732421875,161.73931884765625,3179500
2025-01-10,ZTS,163.60000610351562,165.0,162.8800048828125,163.32000732421875,161.73931884765625,3179500
2025-01-13,ZTS,163.5500030517578,166.8699951171875,162.67999267578125,166.32000732421875,164.7102813720703,2306100
2025-01-13,ZTS,163.5500030517578,166.8699951171875,162.67999267578125,166.32000732421875,164.7102813720703,2306100
2025-01-14,ZTS,166.4199981689453,167.13999938964844,161.5800018310547,164.41000366210938,162.8187713623047,3608200
2025-01-14,ZTS,166.4199981689453,167.13999938964844,161.5800018310547,164.41000366210938,162.8187713623047,3608200
2025-01-15,ZTS,166.10000610351562,167.97999572753906,165.38999938964844,167.1699981689453,165.55203247070312,2988300
2025-01-15,ZTS,166.10000610351562,167.97999572753906,165.38999938964844,167.1699981689453,165.55203247070312,2988300
2025-01-16,ZTS,166.4600067138672,169.77999877929688,165.92999267578125,169.3699951171875,167.73074340820312,2804400
2025-01-16,ZTS,166.4600067138672,169.77999877929688,165.92999267578125,169.3699951171875,167.73074340820312,2804400
2025-01-17,ZTS,168.89999389648438,169.6699981689453,165.80999755859375,165.88999938964844,164.284423828125,4657200
2025-01-17,ZTS,168.89999389648438,169.6699981689453,165.80999755859375,165.88999938964844,164.284423828125,4657200
2025-01-21,ZTS,166.63999938964844,167.8300018310547,164.69000244140625,167.52999877929688,166.41012573242188,4702600
2025-01-21,ZTS,166.63999938964844,167.8300018310547,164.69000244140625,167.52999877929688,166.41012573242188,4702600
2025-01-22,ZTS,166.9199981689453,167.94000244140625,164.72999572753906,166.6300048828125,165.51614379882812,1610900
2025-01-22,ZTS,166.9199981689453,167.94000244140625,164.72999572753906,166.6300048828125,165.51614379882812,1610900
2025-01-23,ZTS,166.38999938964844,167.3000030517578,163.5800018310547,166.9600067138672,165.8439483642578,2318600
2025-01-23,ZTS,166.38999938964844,167.3000030517578,163.5800018310547,166.9600067138672,165.8439483642578,2318600
2025-01-24,ZTS,166.05999755859375,169.0800018310547,165.9499969482422,168.61000061035156,167.48291015625,2465600
2025-01-24,ZTS,166.05999755859375,169.0800018310547,165.9499969482422,168.61000061035156,167.48291015625,2465600
2025-01-27,ZTS,168.32000732421875,173.47999572753906,168.32000732421875,173.02999877929688,171.87335205078125,2404500
2025-01-27,ZTS,168.32000732421875,173.47999572753906,168.32000732421875,173.02999877929688,171.87335205078125,2404500
2025-01-28,ZTS,173.25,174.92999267578125,169.4600067138672,170.4199981689453,169.28082275390625,2164600
2025-01-28,ZTS,173.25,174.92999267578125,169.4600067138672,170.4199981689453,169.28082275390625,2164600
2025-01-29,ZTS,169.6999969482422,171.19000244140625,169.0,170.22000122070312,169.08213806152344,2144200
2025-01-29,ZTS,169.6999969482422,171.19000244140625,169.0,170.22000122070312,169.08213806152344,2144200
2025-01-30,ZTS,171.63999938964844,174.0800018310547,171.36000061035156,172.7100067138672,171.5554962158203,1785600
2025-01-30,ZTS,171.63999938964844,174.0800018310547,171.36000061035156,172.7100067138672,171.5554962158203,1785600
2025-01-31,ZTS,171.74000549316406,173.33999633789062,170.67999267578125,170.89999389648438,169.75759887695312,2630700
2025-01-31,ZTS,171.74000549316406,173.33999633789062,170.67999267578125,170.89999389648438,169.75759887695312,2630700
2025-02-03,ZTS,169.05999755859375,173.11000061035156,168.27999877929688,171.94000244140625,170.79066467285156,2602000
2025-02-03,ZTS,169.05999755859375,173.11000061035156,168.27999877929688,171.94000244140625,170.79066467285156,2602000
2025-02-04,ZTS,172.10000610351562,173.14999389648438,170.11000061035156,172.24000549316406,171.08865356445312,2696200
2025-02-04,ZTS,172.10000610351562,173.14999389648438,170.11000061035156,172.24000549316406,171.08865356445312,2696200
2025-02-05,ZTS,172.5500030517578,176.36000061035156,172.08999633789062,175.6699981689453,174.49571228027344,2084900
2025-02-05,ZTS,172.5500030517578,176.36000061035156,172.08999633789062,175.6699981689453,174.49571228027344,2084900
2025-02-06,ZTS,176.02999877929688,177.39999389648438,174.0,174.1199951171875,172.95606994628906,2419500
2025-02-06,ZTS,176.02999877929688,177.39999389648438,174.0,174.1199951171875,172.95606994628906,2419500
2025-02-07,ZTS,174.22000122070312,175.5,170.92999267578125,171.42999267578125,170.2840576171875,1927100
2025-02-07,ZTS,174.22000122070312,175.5,170.92999267578125,171.42999267578125,170.2840576171875,1927100
2025-02-10,ZTS,171.42999267578125,172.5399932861328,170.52000427246094,171.91000366210938,170.76084899902344,2936100
2025-02-10,ZTS,171.42999267578125,172.5399932861328,170.52000427246094,171.91000366210938,170.76084899902344,2936100
2025-02-11,ZTS,171.17999267578125,174.83999633789062,170.7100067138672,174.2899932861328,173.1249237060547,2309400
2025-02-11,ZTS,171.17999267578125,174.83999633789062,170.7100067138672,174.2899932861328,173.1249237060547,2309400
2025-02-12,ZTS,172.4600067138672,174.1199951171875,171.52999877929688,173.8800048828125,172.71768188476562,2886500
2025-02-12,ZTS,172.4600067138672,174.1199951171875,171.52999877929688,173.8800048828125,172.71768188476562,2886500
2025-02-13,ZTS,161.99000549316406,166.11000061035156,154.3800048828125,164.92999267578125,163.8275146484375,12304100
2025-02-13,ZTS,161.99000549316406,166.11000061035156,154.3800048828125,164.92999267578125,163.8275146484375,12304100
2025-02-14,ZTS,163.97999572753906,164.5399932861328,156.33999633789062,157.52000427246094,156.467041015625,7657200
2025-02-14,ZTS,163.97999572753906,164.5399932861328,156.33999633789062,157.52000427246094,156.467041015625,7657200
2025-02-18,ZTS,156.47000122070312,157.0800018310547,154.32000732421875,156.47999572753906,155.43399047851562,6903600
2025-02-18,ZTS,156.47000122070312,157.0800018310547,154.32000732421875,156.47999572753906,155.43399047851562,6903600
2025-02-19,ZTS,156.5399932861328,157.57000732421875,155.14999389648438,156.63999938964844,155.59292602539062,4015300
2025-02-19,ZTS,156.5399932861328,157.57000732421875,155.14999389648438,156.63999938964844,155.59292602539062,4015300
2025-02-20,ZTS,156.63999938964844,158.4499969482422,155.77999877929688,157.4199981689453,156.36770629882812,4348300
2025-02-20,ZTS,156.63999938964844,158.4499969482422,155.77999877929688,157.4199981689453,156.36770629882812,4348300
2025-02-21,ZTS,157.77999877929688,160.91000366210938,157.60000610351562,160.4600067138672,159.38739013671875,3299300
2025-02-21,ZTS,157.77999877929688,160.91000366210938,157.60000610351562,160.4600067138672,159.38739013671875,3299300
2025-02-24,ZTS,162.0800018310547,165.57000732421875,160.82000732421875,165.30999755859375,164.20497131347656,3698000
2025-02-24,ZTS,162.0800018310547,165.57000732421875,160.82000732421875,165.30999755859375,164.20497131347656,3698000
2025-02-25,ZTS,165.89999389648438,168.99000549316406,163.35000610351562,168.52999877929688,167.4034423828125,4003300
2025-02-25,ZTS,165.89999389648438,168.99000549316406,163.35000610351562,168.52999877929688,167.4034423828125,4003300
2025-02-26,ZTS,168.2100067138672,169.0,164.8800048828125,164.99000549316406,163.88711547851562,2609700
2025-02-26,ZTS,168.2100067138672,169.0,164.8800048828125,164.99000549316406,163.88711547851562,2609700
2025-02-27,ZTS,164.60000610351562,167.4499969482422,164.5,164.97999572753906,163.87718200683594,2253500
2025-02-27,ZTS,164.60000610351562,167.4499969482422,164.5,164.97999572753906,163.87718200683594,2253500
2025-02-28,ZTS,165.88999938964844,167.6199951171875,163.88999938964844,167.24000549316406,166.1220703125,3333300
2025-02-28,ZTS,165.88999938964844,167.6199951171875,163.88999938964844,167.24000549316406,166.1220703125,3333300
2025-03-03,ZTS,166.25,170.60000610351562,166.0800018310547,170.52999877929688,169.39007568359375,3020200
2025-03-03,ZTS,166.25,170.60000610351562,166.0800018310547,170.52999877929688,169.39007568359375,3020200
2025-03-04,ZTS,171.38999938964844,174.8000030517578,169.17999267578125,169.89999389648438,168.7642822265625,3013700
2025-03-04,ZTS,171.38999938964844,174.8000030517578,169.17999267578125,169.89999389648438,168.7642822265625,3013700
2025-03-05,ZTS,169.42999267578125,172.05999755859375,165.22000122070312,167.0,165.88368225097656,3667900
2025-03-05,ZTS,169.42999267578125,172.05999755859375,165.22000122070312,167.0,165.88368225097656,3667900
2025-03-06,ZTS,165.92999267578125,167.72999572753906,165.27999877929688,167.25,166.1320037841797,3011500
2025-03-06,ZTS,165.92999267578125,167.72999572753906,165.27999877929688,167.25,166.1320037841797,3011500
2025-03-07,ZTS,166.86000061035156,170.92999267578125,166.75999450683594,170.3699951171875,169.23114013671875,3296800
2025-03-07,ZTS,166.86000061035156,170.92999267578125,166.75999450683594,170.3699951171875,169.23114013671875,3296800
2025-03-10,ZTS,169.64999389648438,177.0,169.63999938964844,171.8000030517578,170.65158081054688,3183800
2025-03-10,ZTS,169.64999389648438,177.0,169.63999938964844,171.8000030517578,170.65158081054688,3183800
2025-03-11,ZTS,170.6199951171875,171.82000732421875,164.13999938964844,164.38999938964844,163.29112243652344,3511400
2025-03-11,ZTS,170.6199951171875,171.82000732421875,164.13999938964844,164.38999938964844,163.29112243652344,3511400
2025-03-12,ZTS,163.24000549316406,163.99000549316406,160.52000427246094,161.67999267578125,160.59921264648438,2384400
2025-03-12,ZTS,163.24000549316406,163.99000549316406,160.52000427246094,161.67999267578125,160.59921264648438,2384400
2025-03-13,ZTS,160.64999389648438,161.58999633789062,159.57000732421875,160.05999755859375,158.99005126953125,2744700
2025-03-13,ZTS,160.64999389648438,161.58999633789062,159.57000732421875,160.05999755859375,158.99005126953125,2744700
2025-03-14,ZTS,159.3300018310547,161.42999267578125,158.3000030517578,161.25999450683594,160.18203735351562,2778700
2025-03-14,ZTS,159.3300018310547,161.42999267578125,158.3000030517578,161.25999450683594,160.18203735351562,2778700
2025-03-17,ZTS,162.2100067138672,165.82000732421875,161.77999877929688,165.1699981689453,164.06590270996094,1982900
2025-03-17,ZTS,162.2100067138672,165.82000732421875,161.77999877929688,165.1699981689453,164.06590270996094,1982900
2025-03-18,ZTS,165.1199951171875,165.4199981689453,163.24000549316406,164.42999267578125,163.33084106445312,1879300
2025-03-18,ZTS,165.1199951171875,165.4199981689453,163.24000549316406,164.42999267578125,163.33084106445312,1879300
2025-03-19,ZTS,164.02999877929688,164.9199981689453,162.83999633789062,163.75,162.6553955078125,1667200
2025-03-19,ZTS,164.02999877929688,164.9199981689453,162.83999633789062,163.75,162.6553955078125,1667200
2025-03-20,ZTS,163.8300018310547,164.13999938964844,162.25,163.16000366210938,162.0693359375,2026600
2025-03-20,ZTS,163.8300018310547,164.13999938964844,162.25,163.16000366210938,162.0693359375,2026600
2025-03-21,ZTS,162.8800048828125,163.0399932861328,160.91000366210938,163.02999877929688,161.94021606445312,2886900
2025-03-21,ZTS,162.8800048828125,163.0399932861328,160.91000366210938,163.02999877929688,161.94021606445312,2886900
2025-03-24,ZTS,162.27000427246094,165.47999572753906,161.6999969482422,163.1699981689453,162.0792694091797,1817400
2025-03-24,ZTS,162.27000427246094,165.47999572753906,161.6999969482422,163.1699981689453,162.0792694091797,1817400
2025-03-25,ZTS,163.30999755859375,164.35000610351562,160.25,161.3000030517578,160.22177124023438,1583800
2025-03-25,ZTS,163.30999755859375,164.35000610351562,160.25,161.3000030517578,160.22177124023438,1583800
2025-03-26,ZTS,161.16000366210938,163.47000122070312,160.67999267578125,162.82000732421875,161.7316131591797,2078200
2025-03-26,ZTS,161.16000366210938,163.47000122070312,160.67999267578125,162.82000732421875,161.7316131591797,2078200
2025-03-27,ZTS,163.25,165.41000366210938,161.66000366210938,165.02000427246094,163.9169158935547,1590500
2025-03-27,ZTS,163.25,165.41000366210938,161.66000366210938,165.02000427246094,163.9169158935547,1590500
2025-03-28,ZTS,164.0,165.39999389648438,162.82000732421875,163.11000061035156,162.01966857910156,1550300
2025-03-28,ZTS,164.0,165.39999389648438,162.82000732421875,163.11000061035156,162.01966857910156,1550300
2025-03-31,ZTS,163.1199951171875,164.89999389648438,161.5800018310547,164.64999389648438,163.54937744140625,3137000
2025-03-31,ZTS,163.1199951171875,164.89999389648438,161.5800018310547,164.64999389648438,163.54937744140625,3137000
2025-04-01,ZTS,163.9199981689453,165.72000122070312,161.38999938964844,161.91000366210938,160.82769775390625,2735000
2025-04-01,ZTS,163.9199981689453,165.72000122070312,161.38999938964844,161.91000366210938,160.82769775390625,2735000
2025-04-02,ZTS,161.52000427246094,163.64999389648438,160.8000030517578,163.5,162.40707397460938,2027200
2025-04-02,ZTS,161.52000427246094,163.64999389648438,160.8000030517578,163.5,162.40707397460938,2027200
2025-04-03,ZTS,163.61000061035156,166.33999633789062,159.25999450683594,159.61000061035156,158.54307556152344,3275500
2025-04-03,ZTS,163.61000061035156,166.33999633789062,159.25999450683594,159.61000061035156,158.54307556152344,3275500
2025-04-04,ZTS,156.0,157.69000244140625,151.17999267578125,151.72999572753906,150.7157440185547,3612000
2025-04-04,ZTS,156.0,157.69000244140625,151.17999267578125,151.72999572753906,150.7157440185547,3612000
2025-04-07,ZTS,147.4199981689453,153.38999938964844,143.85000610351562,149.10000610351562,148.10333251953125,4263200
2025-04-07,ZTS,147.4199981689453,153.38999938964844,143.85000610351562,149.10000610351562,148.10333251953125,4263200
2025-04-08,ZTS,152.4499969482422,153.32000732421875,142.38999938964844,144.41000366210938,143.44467163085938,3267300
2025-04-08,ZTS,152.4499969482422,153.32000732421875,142.38999938964844,144.41000366210938,143.44467163085938,3267300
2025-04-09,ZTS,141.16000366210938,154.2899932861328,139.6999969482422,153.5500030517578,152.52357482910156,5051900
2025-04-09,ZTS,141.16000366210938,154.2899932861328,139.6999969482422,153.5500030517578,152.52357482910156,5051900
2025-04-10,ZTS,152.63999938964844,152.63999938964844,142.0399932861328,147.0,146.01736450195312,3527300
2025-04-10,ZTS,152.63999938964844,152.63999938964844,142.0399932861328,147.0,146.01736450195312,3527300
2025-04-11,ZTS,146.63999938964844,149.74000549316406,144.80999755859375,149.44000244140625,148.44105529785156,2850500
2025-04-11,ZTS,146.63999938964844,149.74000549316406,144.80999755859375,149.44000244140625,148.44105529785156,2850500
2025-04-14,ZTS,151.4600067138672,152.3300018310547,147.94000244140625,150.8300018310547,149.82176208496094,3249900
2025-04-14,ZTS,151.4600067138672,152.3300018310547,147.94000244140625,150.8300018310547,149.82176208496094,3249900
2025-04-15,ZTS,151.42999267578125,151.4600067138672,148.25999450683594,149.22000122070312,148.2225341796875,2785200
2025-04-15,ZTS,151.42999267578125,151.4600067138672,148.25999450683594,149.22000122070312,148.2225341796875,2785200
2025-04-16,ZTS,149.02999877929688,150.1199951171875,145.8000030517578,146.75999450683594,145.77896118164062,2390100
2025-04-16,ZTS,149.02999877929688,150.1199951171875,145.8000030517578,146.75999450683594,145.77896118164062,2390100
2025-04-17,ZTS,147.22999572753906,150.02999877929688,146.75999450683594,148.6699981689453,147.6761932373047,4239800
2025-04-17,ZTS,147.22999572753906,150.02999877929688,146.75999450683594,148.6699981689453,147.6761932373047,4239800
2025-04-21,ZTS,148.6699981689453,148.6699981689453,145.3000030517578,146.85000610351562,146.360595703125,2654900
2025-04-21,ZTS,148.6699981689453,148.6699981689453,145.3000030517578,146.85000610351562,146.360595703125,2654900
2025-04-22,ZTS,148.02000427246094,150.74000549316406,147.80999755859375,149.99000549316406,149.49014282226562,2832800
2025-04-22,ZTS,148.02000427246094,150.74000549316406,147.80999755859375,149.99000549316406,149.49014282226562,2832800
2025-04-23,ZTS,151.94000244140625,153.77000427246094,150.61000061035156,150.91000366210938,150.40707397460938,2093100
2025-04-23,ZTS,151.94000244140625,153.77000427246094,150.61000061035156,150.91000366210938,150.40707397460938,2093100
2025-04-24,ZTS,150.8699951171875,152.5800018310547,148.0,152.3000030517578,151.7924346923828,2147400
2025-04-24,ZTS,150.8699951171875,152.5800018310547,148.0,152.3000030517578,151.7924346923828,2147400
2025-04-25,ZTS,152.0500030517578,153.9199981689453,150.5,153.47000122070312,152.9585418701172,3543600
2025-04-25,ZTS,152.0500030517578,153.9199981689453,150.5,153.47000122070312,152.9585418701172,3543600
2025-04-28,ZTS,153.35000610351562,154.77999877929688,152.4499969482422,153.57000732421875,153.05821228027344,1873400
2025-04-28,ZTS,153.35000610351562,154.77999877929688,152.4499969482422,153.57000732421875,153.05821228027344,1873400
2025-04-29,ZTS,153.2899932861328,156.22000122070312,152.25,155.42999267578125,154.91200256347656,2065100
2025-04-29,ZTS,153.2899932861328,156.22000122070312,152.25,155.42999267578125,154.91200256347656,2065100
2025-04-30,ZTS,155.72000122070312,157.1999969482422,153.77000427246094,156.39999389648438,155.87876892089844,2926200
2025-04-30,ZTS,155.72000122070312,157.1999969482422,153.77000427246094,156.39999389648438,155.87876892089844,2926200
2025-05-01,ZTS,156.5500030517578,157.4199981689453,152.3000030517578,155.64999389648438,155.13125610351562,1930300
2025-05-01,ZTS,156.5500030517578,157.4199981689453,152.3000030517578,155.64999389648438,155.13125610351562,1930300
2025-05-02,ZTS,158.49000549316406,159.97000122070312,156.67999267578125,157.44000244140625,156.91531372070312,2654700
2025-05-02,ZTS,158.49000549316406,159.97000122070312,156.67999267578125,157.44000244140625,156.91531372070312,2654700
2025-05-05,ZTS,157.1999969482422,158.3000030517578,155.5800018310547,158.05999755859375,157.53323364257812,3888600
2025-05-05,ZTS,157.1999969482422,158.3000030517578,155.5800018310547,158.05999755859375,157.53323364257812,3888600
2025-05-06,ZTS,159.67999267578125,159.67999267578125,148.99000549316406,149.8699951171875,149.3705291748047,4124400
2025-05-06,ZTS,159.67999267578125,159.67999267578125,148.99000549316406,149.8699951171875,149.3705291748047,4124400
2025-05-07,ZTS,151.67999267578125,156.6199951171875,151.00999450683594,155.99000549316406,155.4701385498047,4453800
2025-05-07,ZTS,151.67999267578125,156.6199951171875,151.00999450683594,155.99000549316406,155.4701385498047,4453800
2025-05-08,ZTS,155.47999572753906,162.16000366210938,155.02000427246094,161.69000244140625,161.15113830566406,5580100
2025-05-08,ZTS,155.47999572753906,162.16000366210938,155.02000427246094,161.69000244140625,161.15113830566406,5580100
2025-05-09,ZTS,161.41000366210938,162.44000244140625,159.0800018310547,159.27000427246094,158.7392120361328,4243100
2025-05-09,ZTS,161.41000366210938,162.44000244140625,159.0800018310547,159.27000427246094,158.7392120361328,4243100
2025-05-12,ZTS,161.02999877929688,164.58999633789062,160.67999267578125,161.9199981689453,161.38037109375,3453700
2025-05-12,ZTS,161.02999877929688,164.58999633789062,160.67999267578125,161.9199981689453,161.38037109375,3453700
2025-05-13,ZTS,160.72000122070312,162.91000366210938,160.05999755859375,160.41000366210938,159.8754119873047,3336700
2025-05-13,ZTS,160.72000122070312,162.91000366210938,160.05999755859375,160.41000366210938,159.8754119873047,3336700
2025-05-14,ZTS,160.0,160.64999389648438,154.4499969482422,154.9199981689453,154.40370178222656,3473400
2025-05-14,ZTS,160.0,160.64999389648438,154.4499969482422,154.9199981689453,154.40370178222656,3473400
2025-05-15,ZTS,156.24000549316406,160.41000366210938,155.82000732421875,160.35000610351562,159.81561279296875,3536200
2025-05-15,ZTS,156.24000549316406,160.41000366210938,155.82000732421875,160.35000610351562,159.81561279296875,3536200
2025-05-16,ZTS,161.36000061035156,163.24000549316406,160.1999969482422,163.0399932861328,162.4966278076172,2391700
2025-05-16,ZTS,161.36000061035156,163.24000549316406,160.1999969482422,163.0399932861328,162.4966278076172,2391700
2025-05-19,ZTS,161.9199981689453,164.17999267578125,161.5500030517578,163.94000244140625,163.39364624023438,2077400
2025-05-19,ZTS,161.9199981689453,164.17999267578125,161.5500030517578,163.94000244140625,163.39364624023438,2077400
2025-05-20,ZTS,163.33999633789062,164.85000610351562,163.1699981689453,163.64999389648438,163.10459899902344,1780700
2025-05-20,ZTS,163.33999633789062,164.85000610351562,163.1699981689453,163.64999389648438,163.10459899902344,1780700
2025-05-21,ZTS,162.82000732421875,164.57000732421875,161.3000030517578,161.44000244140625,160.9019775390625,2916800
2025-05-21,ZTS,162.82000732421875,164.57000732421875,161.3000030517578,161.44000244140625,160.9019775390625,2916800
2025-05-22,ZTS,160.25999450683594,162.61000061035156,159.63999938964844,161.97000122070312,161.43020629882812,2913700
2025-05-22,ZTS,160.25999450683594,162.61000061035156,159.63999938964844,161.97000122070312,161.43020629882812,2913700
2025-05-23,ZTS,160.5500030517578,163.05999755859375,160.13999938964844,162.5800018310547,162.03817749023438,2732200
2025-05-23,ZTS,160.5500030517578,163.05999755859375,160.13999938964844,162.5800018310547,162.03817749023438,2732200
2025-05-27,ZTS,164.0,166.88999938964844,163.8300018310547,166.25999450683594,165.70590209960938,2323100
2025-05-27,ZTS,164.0,166.88999938964844,163.8300018310547,166.25999450683594,165.70590209960938,2323100
2025-05-28,ZTS,166.16000366210938,166.64999389648438,164.52000427246094,165.39999389648438,164.84877014160156,1723700
2025-05-28,ZTS,166.16000366210938,166.64999389648438,164.52000427246094,165.39999389648438,164.84877014160156,1723700
2025-05-29,ZTS,165.9199981689453,167.7899932861328,165.11000061035156,167.13999938964844,166.58297729492188,2450400
2025-05-29,ZTS,165.9199981689453,167.7899932861328,165.11000061035156,167.13999938964844,166.58297729492188,2450400
2025-05-30,ZTS,166.9199981689453,169.7899932861328,165.33999633789062,168.6300048828125,168.06800842285156,5467800
2025-05-30,ZTS,166.9199981689453,169.7899932861328,165.33999633789062,168.6300048828125,168.06800842285156,5467800
2025-06-02,ZTS,167.82000732421875,169.47999572753906,166.25999450683594,169.4199981689453,168.85537719726562,2550100
2025-06-02,ZTS,167.82000732421875,169.47999572753906,166.25999450683594,169.4199981689453,168.85537719726562,2550100
2025-06-03,ZTS,169.08999633789062,172.22999572753906,168.63999938964844,170.3000030517578,169.73245239257812,3149000
2025-06-03,ZTS,169.08999633789062,172.22999572753906,168.63999938964844,170.3000030517578,169.73245239257812,3149000
2025-06-04,ZTS,170.75,171.25999450683594,168.07000732421875,168.58999633789062,168.02813720703125,3086400
2025-06-04,ZTS,170.75,171.25999450683594,168.07000732421875,168.58999633789062,168.02813720703125,3086400
2025-06-05,ZTS,169.38999938964844,169.86000061035156,168.17999267578125,168.61000061035156,168.04808044433594,2774000
2025-06-05,ZTS,169.38999938964844,169.86000061035156,168.17999267578125,168.61000061035156,168.04808044433594,2774000
2025-06-06,ZTS,169.5800018310547,171.52000427246094,169.3699951171875,170.16000366210938,169.59291076660156,1505400
2025-06-06,ZTS,169.5800018310547,171.52000427246094,169.3699951171875,170.16000366210938,169.59291076660156,1505400
2025-06-09,ZTS,168.82000732421875,169.5,162.22000122070312,164.61000061035156,164.06141662597656,3583000
2025-06-09,ZTS,168.82000732421875,169.5,162.22000122070312,164.61000061035156,164.06141662597656,3583000
2025-06-10,ZTS,164.22999572753906,167.36000061035156,164.22999572753906,167.10000610351562,166.54312133789062,2741100
2025-06-10,ZTS,164.22999572753906,167.36000061035156,164.22999572753906,167.10000610351562,166.54312133789062,2741100
2025-06-11,ZTS,167.25999450683594,168.0500030517578,164.9499969482422,166.3300018310547,165.7756805419922,2473700
2025-06-11,ZTS,167.25999450683594,168.0500030517578,164.9499969482422,166.3300018310547,165.7756805419922,2473700
2025-06-12,ZTS,166.49000549316406,168.8300018310547,165.52000427246094,168.82000732421875,168.25738525390625,2334600
2025-06-12,ZTS,166.49000549316406,168.8300018310547,165.52000427246094,168.82000732421875,168.25738525390625,2334600
2025-06-13,ZTS,164.9600067138672,167.3800048828125,163.50999450683594,164.3300018310547,163.7823486328125,2973500
2025-06-13,ZTS,164.9600067138672,167.3800048828125,163.50999450683594,164.3300018310547,163.7823486328125,2973500
2025-06-16,ZTS,165.8300018310547,166.77000427246094,163.27000427246094,164.3800048828125,163.83218383789062,2472900
2025-06-16,ZTS,165.8300018310547,166.77000427246094,163.27000427246094,164.3800048828125,163.83218383789062,2472900
2025-06-17,ZTS,163.86000061035156,164.3300018310547,160.89999389648438,161.6699981689453,161.13121032714844,2199300
2025-06-17,ZTS,163.86000061035156,164.3300018310547,160.89999389648438,161.6699981689453,161.13121032714844,2199300
2025-06-18,ZTS,157.08999633789062,158.10000610351562,154.5399932861328,155.05999755859375,154.54322814941406,4662400
2025-06-18,ZTS,157.08999633789062,158.10000610351562,154.5399932861328,155.05999755859375,154.54322814941406,4662400
2025-06-20,ZTS,155.57000732421875,157.6999969482422,155.0,157.1699981689453,156.6461944580078,3296100
2025-06-20,ZTS,155.57000732421875,157.6999969482422,155.0,157.1699981689453,156.6461944580078,3296100
2025-06-23,ZTS,156.77000427246094,158.4600067138672,155.99000549316406,157.33999633789062,156.8156280517578,2392700
2025-06-23,ZTS,156.77000427246094,158.4600067138672,155.99000549316406,157.33999633789062,156.8156280517578,2392700
2025-06-24,ZTS,157.47999572753906,158.64999389648438,154.25999450683594,157.77000427246094,157.24420166015625,4554500
2025-06-24,ZTS,157.47999572753906,158.64999389648438,154.25999450683594,157.77000427246094,157.24420166015625,4554500
2025-06-25,ZTS,156.8800048828125,158.6999969482422,155.11000061035156,157.22999572753906,156.70599365234375,2974800
2025-06-25,ZTS,156.8800048828125,158.6999969482422,155.11000061035156,157.22999572753906,156.70599365234375,2974800
2025-06-26,ZTS,157.47999572753906,157.6199951171875,155.25999450683594,155.7899932861328,155.2707977294922,3122700
2025-06-26,ZTS,157.47999572753906,157.6199951171875,155.25999450683594,155.7899932861328,155.2707977294922,3122700
2025-06-27,ZTS,156.3300018310547,157.3300018310547,155.39999389648438,156.1699981689453,155.6495361328125,2987800
2025-06-27,ZTS,156.3300018310547,157.3300018310547,155.39999389648438,156.1699981689453,155.6495361328125,2987800
2025-06-30,ZTS,156.16000366210938,156.9199981689453,155.07000732421875,155.9499969482422,155.43026733398438,2826600
2025-06-30,ZTS,156.16000366210938,156.9199981689453,155.07000732421875,155.9499969482422,155.43026733398438,2826600
2025-07-01,ZTS,154.94000244140625,160.9499969482422,152.75,159.19000244140625,158.6594696044922,3926600
2025-07-01,ZTS,154.94000244140625,160.9499969482422,152.75,159.19000244140625,158.6594696044922,3926600
2025-07-02,ZTS,159.7100067138672,160.5800018310547,158.6300048828125,159.0800018310547,158.54983520507812,2128400
2025-07-02,ZTS,159.7100067138672,160.5800018310547,158.6300048828125,159.0800018310547,158.54983520507812,2128400
2025-07-03,ZTS,158.0500030517578,159.47000122070312,157.61000061035156,159.17999267578125,158.6494903564453,1375200
2025-07-03,ZTS,158.0500030517578,159.47000122070312,157.61000061035156,159.17999267578125,158.6494903564453,1375200
2025-07-07,ZTS,159.25999450683594,160.0,156.77999877929688,157.0500030517578,156.526611328125,2822500
2025-07-07,ZTS,159.25999450683594,160.0,156.77999877929688,157.0500030517578,156.526611328125,2822500
2025-07-08,ZTS,156.75999450683594,160.24000549316406,156.72999572753906,157.8000030517578,157.27410888671875,2885100
2025-07-08,ZTS,156.75999450683594,160.24000549316406,156.72999572753906,157.8000030517578,157.27410888671875,2885100
2025-07-09,ZTS,158.38999938964844,159.55999755859375,156.25999450683594,158.27000427246094,157.74253845214844,3196400
2025-07-09,ZTS,158.38999938964844,159.55999755859375,156.25999450683594,158.27000427246094,157.74253845214844,3196400
2025-07-10,ZTS,158.6999969482422,161.77000427246094,157.05999755859375,158.8000030517578,158.27076721191406,3491100
2025-07-10,ZTS,158.6999969482422,161.77000427246094,157.05999755859375,158.8000030517578,158.27076721191406,3491100
2025-07-11,ZTS,157.32000732421875,157.6300048828125,154.7100067138672,154.9600067138672,154.44357299804688,2267400
2025-07-11,ZTS,157.32000732421875,157.6300048828125,154.7100067138672,154.9600067138672,154.44357299804688,2267400
2025-07-14,ZTS,155.22999572753906,156.6999969482422,154.6999969482422,155.64999389648438,155.13125610351562,1986500
2025-07-14,ZTS,155.22999572753906,156.6999969482422,154.6999969482422,155.64999389648438,155.13125610351562,1986500
2025-07-15,ZTS,156.25999450683594,156.6199951171875,152.5399932861328,152.86000061035156,152.35057067871094,3310500
2025-07-15,ZTS,156.25999450683594,156.6199951171875,152.5399932861328,152.86000061035156,152.35057067871094,3310500
2025-07-16,ZTS,153.44000244140625,154.00999450683594,150.94000244140625,151.5399932861328,151.0349578857422,3961900
2025-07-16,ZTS,153.44000244140625,154.00999450683594,150.94000244140625,151.5399932861328,151.0349578857422,3961900
2025-07-17,ZTS,150.0,152.25999450683594,149.4199981689453,150.02999877929688,149.52999877929688,3575200
2025-07-17,ZTS,150.0,152.25999450683594,149.4199981689453,150.02999877929688,149.52999877929688,3575200
2025-07-18,ZTS,150.0,150.85000610351562,147.58999633789062,148.60000610351562,148.60000610351562,4723200
2025-07-18,ZTS,150.0,150.85000610351562,147.58999633789062,148.60000610351562,148.60000610351562,4723200
2025-07-21,ZTS,149.2899932861328,150.10000610351562,147.27999877929688,147.3699951171875,147.3699951171875,2997900
2025-07-21,ZTS,149.2899932861328,150.10000610351562,147.27999877929688,147.3699951171875,147.3699951171875,2997900
2025-07-22,ZTS,147.7100067138672,151.30999755859375,147.25,151.19000244140625,151.19000244140625,4560600
2025-07-22,ZTS,147.7100067138672,151.30999755859375,147.25,151.19000244140625,151.19000244140625,4560600
2025-07-23,ZTS,152.50999450683594,153.83999633789062,151.47999572753906,153.4499969482422,153.4499969482422,3010700
2025-07-23,ZTS,152.50999450683594,153.83999633789062,151.47999572753906,153.4499969482422,153.4499969482422,3010700
2025-07-24,ZTS,153.55999755859375,154.0399932861328,152.22000122070312,152.82000732421875,152.82000732421875,3320000
2025-07-24,ZTS,153.55999755859375,154.0399932861328,152.22000122070312,152.82000732421875,152.82000732421875,3320000
2025-07-25,ZTS,152.3000030517578,153.3699951171875,151.22999572753906,152.1199951171875,152.1199951171875,3327400
2025-07-25,ZTS,152.3000030517578,153.3699951171875,151.22999572753906,152.1199951171875,152.1199951171875,3327400
2025-07-28,ZTS,152.27000427246094,152.47000122070312,150.33999633789062,150.75,150.75,2261100
2025-07-28,ZTS,152.27000427246094,152.47000122070312,150.33999633789062,150.75,150.75,2261100
2025-07-29,ZTS,150.02000427246094,151.0399932861328,148.5399932861328,151.00999450683594,151.00999450683594,3366900
2025-07-29,ZTS,150.02000427246094,151.0399932861328,148.5399932861328,151.00999450683594,151.00999450683594,3366900
2025-07-30,ZTS,151.35000610351562,152.3000030517578,148.6300048828125,148.80999755859375,148.80999755859375,3036300
2025-07-30,ZTS,151.35000610351562,152.3000030517578,148.6300048828125,148.80999755859375,148.80999755859375,3036300
2025-07-31,ZTS,148.0,148.77999877929688,145.30999755859375,145.7899932861328,145.7899932861328,4855300
2025-07-31,ZTS,148.0,148.77999877929688,145.30999755859375,145.7899932861328,145.7899932861328,4855300
2025-08-01,ZTS,146.17999267578125,147.7899932861328,145.10000610351562,147.3800048828125,147.3800048828125,3153100
2025-08-01,ZTS,146.17999267578125,147.7899932861328,145.10000610351562,147.3800048828125,147.3800048828125,3153100
2025-08-04,ZTS,151.25,152.58999633789062,148.75999450683594,151.80999755859375,151.80999755859375,6270800
2025-08-04,ZTS,151.25,152.58999633789062,148.75999450683594,151.80999755859375,151.80999755859375,6270800
2025-08-05,ZTS,160.0500030517578,160.0500030517578,144.50999450683594,146.1199951171875,146.1199951171875,7335300
2025-08-05,ZTS,160.0500030517578,160.0500030517578,144.50999450683594,146.1199951171875,146.1199951171875,7335300
2025-08-06,ZTS,146.1999969482422,147.3000030517578,144.25,146.5,146.5,4987500
2025-08-06,ZTS,146.1999969482422,147.3000030517578,144.25,146.5,146.5,4987500
2025-08-07,ZTS,147.5,149.0,146.89999389648438,148.24000549316406,148.24000549316406,3786700
2025-08-07,ZTS,147.5,149.0,146.89999389648438,148.24000549316406,148.24000549316406,3786700
2025-08-08,ZTS,148.35000610351562,149.0,146.27000427246094,147.35000610351562,147.35000610351562,2062100
2025-08-08,ZTS,148.35000610351562,149.0,146.27000427246094,147.35000610351562,147.35000610351562,2062100
2025-08-11,ZTS,147.6699981689453,149.80999755859375,147.35000610351562,149.02000427246094,149.02000427246094,3065300
2025-08-11,ZTS,147.6699981689453,149.80999755859375,147.35000610351562,149.02000427246094,149.02000427246094,3065300
2025-08-12,ZTS,148.91000366210938,149.8800048828125,148.30999755859375,149.77000427246094,149.77000427246094,2578500
2025-08-12,ZTS,148.91000366210938,149.8800048828125,148.30999755859375,149.77000427246094,149.77000427246094,2578500
2025-08-13,ZTS,149.6199951171875,152.75999450683594,148.9199981689453,152.44000244140625,152.44000244140625,3331100
2025-08-13,ZTS,149.6199951171875,152.75999450683594,148.9199981689453,152.44000244140625,152.44000244140625,3331100
2025-08-14,ZTS,151.57000732421875,153.36000061035156,151.1699981689453,153.05999755859375,153.05999755859375,2565100
2025-08-14,ZTS,151.57000732421875,153.36000061035156,151.1699981689453,153.05999755859375,153.05999755859375,2565100
2025-08-15,ZTS,153.72000122070312,155.10000610351562,152.97999572753906,154.11000061035156,154.11000061035156,3705700
2025-08-15,ZTS,153.72000122070312,155.10000610351562,152.97999572753906,154.11000061035156,154.11000061035156,3705700
2025-08-18,ZTS,154.0,154.94000244140625,151.60000610351562,152.32000732421875,152.32000732421875,2158500
2025-08-18,ZTS,154.0,154.94000244140625,151.60000610351562,152.32000732421875,152.32000732421875,2158500
2025-08-19,ZTS,152.9199981689453,155.6999969482422,152.50999450683594,155.6699981689453,155.6699981689453,2594100
2025-08-19,ZTS,152.9199981689453,155.6999969482422,152.50999450683594,155.6699981689453,155.6699981689453,2594100
2025-08-20,ZTS,156.33999633789062,160.47999572753906,156.33999633789062,156.75999450683594,156.75999450683594,3050400
2025-08-20,ZTS,156.33999633789062,160.47999572753906,156.33999633789062,156.75999450683594,156.75999450683594,3050400
2025-08-21,ZTS,156.75,159.0,155.41000366210938,155.61000061035156,155.61000061035156,2411600
2025-08-21,ZTS,156.75,159.0,155.41000366210938,155.61000061035156,155.61000061035156,2411600
2025-08-22,ZTS,157.05999755859375,158.3000030517578,156.13999938964844,156.6199951171875,156.6199951171875,2426300
2025-08-22,ZTS,157.05999755859375,158.3000030517578,156.13999938964844,156.6199951171875,156.6199951171875,2426300
2025-08-25,ZTS,156.75999450683594,157.2100067138672,154.88999938964844,155.19000244140625,155.19000244140625,1797700
2025-08-25,ZTS,156.75999450683594,157.2100067138672,154.88999938964844,155.19000244140625,155.19000244140625,1797700
2025-08-26,ZTS,155.3800048828125,156.32000732421875,154.50999450683594,154.7899932861328,154.7899932861328,3614300
2025-08-26,ZTS,155.3800048828125,156.32000732421875,154.50999450683594,154.7899932861328,154.7899932861328,3614300
2025-08-27,ZTS,155.16000366210938,156.11000061035156,154.50999450683594,155.3699951171875,155.3699951171875,1931100
2025-08-27,ZTS,155.16000366210938,156.11000061035156,154.50999450683594,155.3699951171875,155.3699951171875,1931100
2025-08-28,ZTS,155.13999938964844,155.35000610351562,153.2899932861328,154.7899932861328,154.7899932861328,1831500
2025-08-28,ZTS,155.13999938964844,155.35000610351562,153.2899932861328,154.7899932861328,154.7899932861328,1831500
2025-08-29,ZTS,154.63999938964844,156.49000549316406,154.07000732421875,156.39999389648438,156.39999389648438,1534600
2025-08-29,ZTS,154.63999938964844,156.49000549316406,154.07000732421875,156.39999389648438,156.39999389648438,1534600
2025-09-02,ZTS,154.97999572753906,155.3800048828125,151.61000061035156,152.8800048828125,152.8800048828125,2228300
2025-09-02,ZTS,154.97999572753906,155.3800048828125,151.61000061035156,152.8800048828125,152.8800048828125,2228300
2025-09-03,ZTS,152.33999633789062,153.08999633789062,151.4600067138672,152.42999267578125,152.42999267578125,1664700
2025-09-03,ZTS,152.33999633789062,153.08999633789062,151.4600067138672,152.42999267578125,152.42999267578125,1664700
2025-09-04,ZTS,152.52999877929688,153.49000549316406,151.35000610351562,153.1999969482422,153.1999969482422,1538500
2025-09-04,ZTS,152.52999877929688,153.49000549316406,151.35000610351562,153.1999969482422,153.1999969482422,1538500
2025-09-05,ZTS,152.89999389648438,155.14999389648438,152.39999389648438,153.32000732421875,153.32000732421875,1895900
2025-09-05,ZTS,152.89999389648438,155.14999389648438,152.39999389648438,153.32000732421875,153.32000732421875,1895900
2025-09-08,ZTS,152.5,152.97000122070312,146.49000549316406,151.75,151.75,3313000
2025-09-08,ZTS,152.5,152.97000122070312,146.49000549316406,151.75,151.75,3313000
2025-09-09,ZTS,151.41000366210938,152.1199951171875,149.63999938964844,149.7899932861328,149.7899932861328,1952600
2025-09-09,ZTS,151.41000366210938,152.1199951171875,149.63999938964844,149.7899932861328,149.7899932861328,1952600
2025-09-10,ZTS,149.0,150.5800018310547,148.3800048828125,149.4199981689453,149.4199981689453,2734300
2025-09-10,ZTS,149.0,150.5800018310547,148.3800048828125,149.4199981689453,149.4199981689453,2734300
2025-09-11,ZTS,149.77999877929688,152.0,149.4199981689453,150.61000061035156,150.61000061035156,3194000
2025-09-11,ZTS,149.77999877929688,152.0,149.4199981689453,150.61000061035156,150.61000061035156,3194000
2025-09-12,ZTS,149.64999389648438,150.0500030517578,146.5399932861328,148.1999969482422,148.1999969482422,3111200
2025-09-12,ZTS,149.64999389648438,150.0500030517578,146.5399932861328,148.1999969482422,148.1999969482422,3111200
2025-09-15,ZTS,148.0800018310547,149.75,145.88999938964844,146.25,146.25,3340600
2025-09-15,ZTS,148.0800018310547,149.75,145.88999938964844,146.25,146.25,3340600
2025-09-16,ZTS,146.2899932861328,148.57000732421875,146.2899932861328,147.4600067138672,147.4600067138672,2664900
2025-09-16,ZTS,146.2899932861328,148.57000732421875,146.2899932861328,147.4600067138672,147.4600067138672,2664900
2025-09-17,ZTS,147.5,149.5399932861328,146.55999755859375,146.92999267578125,146.92999267578125,1958300
2025-09-17,ZTS,147.5,149.5399932861328,146.55999755859375,146.92999267578125,146.92999267578125,1958300
2025-09-18,ZTS,146.3000030517578,148.0399932861328,145.14999389648438,147.10000610351562,147.10000610351562,2739400
2025-09-18,ZTS,146.3000030517578,148.0399932861328,145.14999389648438,147.10000610351562,147.10000610351562,2739400
2025-09-19,ZTS,147.75,147.75,145.3000030517578,145.8800048828125,145.8800048828125,4455800
2025-09-19,ZTS,147.75,147.75,145.3000030517578,145.8800048828125,145.8800048828125,4455800
2025-09-22,ZTS,146.5500030517578,146.7100067138672,144.35000610351562,144.64999389648438,144.64999389648438,2044700
2025-09-22,ZTS,146.5500030517578,146.7100067138672,144.35000610351562,144.64999389648438,144.64999389648438,2044700
2025-09-23,ZTS,143.25,146.17999267578125,141.52999877929688,142.61000061035156,142.61000061035156,3679500
2025-09-23,ZTS,143.25,146.17999267578125,141.52999877929688,142.61000061035156,142.61000061035156,3679500
2025-09-24,ZTS,141.6199951171875,144.00999450683594,140.5399932861328,141.6699981689453,141.6699981689453,4224500
2025-09-24,ZTS,141.6199951171875,144.00999450683594,140.5399932861328,141.6699981689453,141.6699981689453,4224500
2025-09-25,ZTS,141.3300018310547,142.0,139.33999633789062,141.1300048828125,141.1300048828125,3058500
2025-09-25,ZTS,141.3300018310547,142.0,139.33999633789062,141.1300048828125,141.1300048828125,3058500
2025-09-26,ZTS,141.86000061035156,143.7899932861328,141.27000427246094,143.5,143.5,2575200
2025-09-26,ZTS,141.86000061035156,143.7899932861328,141.27000427246094,143.5,143.5,2575200
2025-09-29,ZTS,143.86000061035156,144.14999389648438,142.5,143.05999755859375,143.05999755859375,2870100
2025-09-29,ZTS,143.86000061035156,144.14999389648438,142.5,143.05999755859375,143.05999755859375,2870100
2025-09-30,ZTS,142.88999938964844,147.0,142.39999389648438,146.32000732421875,146.32000732421875,3736800
2025-09-30,ZTS,142.88999938964844,147.0,142.39999389648438,146.32000732421875,146.32000732421875,3736800
2025-10-01,ZTS,146.32000732421875,147.3800048828125,145.0,146.9499969482422,146.9499969482422,3677000
2025-10-01,ZTS,146.32000732421875,147.3800048828125,145.0,146.9499969482422,146.9499969482422,3677000
2025-10-02,ZTS,145.8000030517578,147.77000427246094,145.08999633789062,146.49000549316406,146.49000549316406,3262300
2025-10-02,ZTS,145.8000030517578,147.77000427246094,145.08999633789062,146.49000549316406,146.49000549316406,3262300
2025-10-03,ZTS,146.72000122070312,148.7899932861328,146.25,146.4199981689453,146.4199981689453,2569700
2025-10-03,ZTS,146.72000122070312,148.7899932861328,146.25,146.4199981689453,146.4199981689453,2569700
2025-10-06,ZTS,146.42999267578125,147.0399932861328,144.85000610351562,145.36000061035156,145.36000061035156,3119700
2025-10-06,ZTS,146.42999267578125,147.0399932861328,144.85000610351562,145.36000061035156,145.36000061035156,3119700
2025-10-07,ZTS,146.1999969482422,146.1999969482422,142.14999389648438,142.77000427246094,142.77000427246094,2753700
2025-10-07,ZTS,146.1999969482422,146.1999969482422,142.14999389648438,142.77000427246094,142.77000427246094,2753700
2025-10-08,ZTS,142.4600067138672,143.25999450683594,142.27499389648438,143.08999633789062,143.08999633789062,262198
2025-10-08,ZTS,142.4600067138672,143.25999450683594,142.27499389648438,143.08999633789062,143.08999633789062,262198
2025-10-01,ZTS,146.32000732421875,147.3800048828125,145.0,146.9499969482422,146.9499969482422,3677000
2025-10-02,ZTS,145.8000030517578,147.77000427246094,145.08999633789062,146.49000549316406,146.49000549316406,3262300
2025-10-03,ZTS,146.72000122070312,148.7899932861328,146.25,146.4199981689453,146.4199981689453,2569700
2025-10-06,ZTS,146.42999267578125,147.0399932861328,144.85000610351562,145.36000061035156,145.36000061035156,3119700
2025-10-07,ZTS,146.1999969482422,146.1999969482422,142.14999389648438,142.77000427246094,142.77000427246094,2753700
2025-10-08,ZTS,142.4600067138672,143.3300018310547,142.27499389648438,143.1999969482422,143.1999969482422,312144
2025-10-01,ZTS,146.32000732421875,147.3800048828125,145.0,146.9499969482422,146.9499969482422,3677000
2025-10-02,ZTS,145.8000030517578,147.77000427246094,145.08999633789062,146.49000549316406,146.49000549316406,3262300
2025-10-03,ZTS,146.72000122070312,148.7899932861328,146.25,146.4199981689453,146.4199981689453,2569700
2025-10-06,ZTS,146.42999267578125,147.0399932861328,144.85000610351562,145.36000061035156,145.36000061035156,3119700
2025-10-07,ZTS,146.1999969482422,146.1999969482422,142.14999389648438,142.77000427246094,142.77000427246094,2753700
2025-10-08,ZTS,142.4600067138672,143.3300018310547,142.27499389648438,143.1999969482422,143.1999969482422,312144
